ISO-10303-21;
HEADER;
/* Generated by software containing ST-Developer
 * from STEP Tools, Inc. (www.steptools.com) 
 */
/* OPTION: strings as raw bytes, not using required /X/ escapes */

FILE_DESCRIPTION(
/* description */ ('Unknown'),
/* implementation_level */ '2;1');

FILE_NAME(
/* name */ 'CZ82_standardGripLeft_Slim_bebop',
/* time_stamp */ '2026-03-04T18:10:49-05:00',
/* author */ ('Unknown'),
/* organization */ ('Unknown'),
/* preprocessor_version */ 'ST-DEVELOPER v18.1',
/* originating_system */ 'Solid Edge',
/* authorisation */ 'Unknown');

FILE_SCHEMA (('AUTOMOTIVE_DESIGN {1 0 10303 214 3 1 1}'));
ENDSEC;

DATA;
#10=PROPERTY_DEFINITION_REPRESENTATION(#14,#12);
#11=PROPERTY_DEFINITION_REPRESENTATION(#15,#13);
#12=REPRESENTATION('',(#16),#8378);
#13=REPRESENTATION('',(#17),#8378);
#14=PROPERTY_DEFINITION('pmi validation property','',#8385);
#15=PROPERTY_DEFINITION('pmi validation property','',#8385);
#16=VALUE_REPRESENTATION_ITEM('number of annotations',COUNT_MEASURE(0.));
#17=VALUE_REPRESENTATION_ITEM('number of views',COUNT_MEASURE(0.));
#18=CONTEXT_DEPENDENT_SHAPE_REPRESENTATION(#20,#8387);
#19=NEXT_ASSEMBLY_USAGE_OCCURRENCE('CZ82_standardGripLeft_Slim_bebop',
'CZ82_standardGripLeft_Slim_bebop','CZ82_standardGripLeft_Slim_bebop',#8388,
#8389,'');
#20=(
REPRESENTATION_RELATIONSHIP(' ',' ',#3088,#3089)
REPRESENTATION_RELATIONSHIP_WITH_TRANSFORMATION(#21)
SHAPE_REPRESENTATION_RELATIONSHIP()
);
#21=ITEM_DEFINED_TRANSFORMATION(' ',' ',#3090,#3261);
#22=SHAPE_REPRESENTATION_RELATIONSHIP('','',#3088,#23);
#23=ADVANCED_BREP_SHAPE_REPRESENTATION('',(#3085),#8379);
#24=CONICAL_SURFACE('',#3154,1.5,0.785398163397448);
#25=CONICAL_SURFACE('',#3156,1.5,0.785398163397448);
#26=CONICAL_SURFACE('',#3169,5.,0.785398163397455);
#27=CONICAL_SURFACE('',#3248,24.8335394781464,0.785398163397454);
#28=CONICAL_SURFACE('',#3250,24.8335394781464,0.785398162822616);
#29=CONICAL_SURFACE('',#3258,0.999999999999999,0.785398163397449);
#30=CONICAL_SURFACE('',#3260,0.999999999999999,0.785398163397447);
#31=(
BOUNDED_SURFACE()
B_SPLINE_SURFACE(3,3,((#3996,#3997,#3998,#3999,#4000,#4001,#4002,#4003,
#4004,#4005,#4006,#4007,#4008,#4009,#4010,#4011,#4012,#4013,#4014,#4015,
#4016,#4017,#4018,#4019,#4020,#4021,#4022,#4023,#4024,#4025,#4026,#4027),
(#4028,#4029,#4030,#4031,#4032,#4033,#4034,#4035,#4036,#4037,#4038,#4039,
#4040,#4041,#4042,#4043,#4044,#4045,#4046,#4047,#4048,#4049,#4050,#4051,
#4052,#4053,#4054,#4055,#4056,#4057,#4058,#4059),(#4060,#4061,#4062,#4063,
#4064,#4065,#4066,#4067,#4068,#4069,#4070,#4071,#4072,#4073,#4074,#4075,
#4076,#4077,#4078,#4079,#4080,#4081,#4082,#4083,#4084,#4085,#4086,#4087,
#4088,#4089,#4090,#4091),(#4092,#4093,#4094,#4095,#4096,#4097,#4098,#4099,
#4100,#4101,#4102,#4103,#4104,#4105,#4106,#4107,#4108,#4109,#4110,#4111,
#4112,#4113,#4114,#4115,#4116,#4117,#4118,#4119,#4120,#4121,#4122,#4123),
(#4124,#4125,#4126,#4127,#4128,#4129,#4130,#4131,#4132,#4133,#4134,#4135,
#4136,#4137,#4138,#4139,#4140,#4141,#4142,#4143,#4144,#4145,#4146,#4147,
#4148,#4149,#4150,#4151,#4152,#4153,#4154,#4155),(#4156,#4157,#4158,#4159,
#4160,#4161,#4162,#4163,#4164,#4165,#4166,#4167,#4168,#4169,#4170,#4171,
#4172,#4173,#4174,#4175,#4176,#4177,#4178,#4179,#4180,#4181,#4182,#4183,
#4184,#4185,#4186,#4187),(#4188,#4189,#4190,#4191,#4192,#4193,#4194,#4195,
#4196,#4197,#4198,#4199,#4200,#4201,#4202,#4203,#4204,#4205,#4206,#4207,
#4208,#4209,#4210,#4211,#4212,#4213,#4214,#4215,#4216,#4217,#4218,#4219),
(#4220,#4221,#4222,#4223,#4224,#4225,#4226,#4227,#4228,#4229,#4230,#4231,
#4232,#4233,#4234,#4235,#4236,#4237,#4238,#4239,#4240,#4241,#4242,#4243,
#4244,#4245,#4246,#4247,#4248,#4249,#4250,#4251),(#4252,#4253,#4254,#4255,
#4256,#4257,#4258,#4259,#4260,#4261,#4262,#4263,#4264,#4265,#4266,#4267,
#4268,#4269,#4270,#4271,#4272,#4273,#4274,#4275,#4276,#4277,#4278,#4279,
#4280,#4281,#4282,#4283),(#4284,#4285,#4286,#4287,#4288,#4289,#4290,#4291,
#4292,#4293,#4294,#4295,#4296,#4297,#4298,#4299,#4300,#4301,#4302,#4303,
#4304,#4305,#4306,#4307,#4308,#4309,#4310,#4311,#4312,#4313,#4314,#4315)),
 .UNSPECIFIED.,.F.,.F.,.F.)
B_SPLINE_SURFACE_WITH_KNOTS((4,3,3,4),(4,3,3,3,3,3,2,2,2,2,2,3,4),(-1.,
0.,1.,2.),(-1.2636860098764,-0.1318430049382,-0.107781726634834,-0.088569328269438,
-0.0707187878446159,0.,0.199872815548657,0.48034649206314,0.760820168577397,
0.901057006834513,0.971175425963095,1.,2.1318430049382),.UNSPECIFIED.)
GEOMETRIC_REPRESENTATION_ITEM()
RATIONAL_B_SPLINE_SURFACE(((1.,1.,1.,1.,1.,1.,1.,1.,1.,1.,1.,1.,1.,1.,1.,
1.,1.,1.,1.,1.,1.,1.,1.,1.,1.,1.,1.,1.,1.,1.,1.,1.),(1.,1.,1.,1.,1.,1.,
1.,1.,1.,1.,1.,1.,1.,1.,1.,1.,1.,1.,1.,1.,1.,1.,1.,1.,1.,1.,1.,1.,1.,1.,
1.,1.),(1.,1.,1.,1.,1.,1.,1.,1.,1.,1.,1.,1.,1.,1.,1.,1.,1.,1.,1.,1.,1.,
1.,1.,1.,1.,1.,1.,1.,1.,1.,1.,1.),(1.,1.,1.,1.,1.,1.,1.,1.,1.,1.,1.,1.,
1.,1.,1.,1.,1.,1.,1.,1.,1.,1.,1.,1.,1.,1.,1.,1.,1.,1.,1.,1.),(0.990572718394811,
0.990572718394811,0.990572718394811,0.990572718394811,0.990572718394811,
0.990572718394811,0.990572718394811,0.990572718394811,0.990572718394811,
0.990572718394811,0.990572718394811,0.990572718394811,0.990572718394811,
0.990572718394811,0.990572718394811,0.990572718394811,0.990572718394811,
0.990572718394811,0.990572718394811,0.990572718394811,0.990572718394811,
0.990572718394811,0.990572718394811,0.990572718394811,0.990572718394811,
0.990572718394811,0.990572718394811,0.990572718394811,0.990572718394811,
0.990572718394811,0.990572718394811,0.990572718394811),(0.990572718394811,
0.990572718394811,0.990572718394811,0.990572718394811,0.990572718394811,
0.990572718394811,0.990572718394811,0.990572718394811,0.990572718394811,
0.990572718394811,0.990572718394811,0.990572718394811,0.990572718394811,
0.990572718394811,0.990572718394811,0.990572718394811,0.990572718394811,
0.990572718394811,0.990572718394811,0.990572718394811,0.990572718394811,
0.990572718394811,0.990572718394811,0.990572718394811,0.990572718394811,
0.990572718394811,0.990572718394811,0.990572718394811,0.990572718394811,
0.990572718394811,0.990572718394811,0.990572718394811),(1.,1.,1.,1.,1.,
1.,1.,1.,1.,1.,1.,1.,1.,1.,1.,1.,1.,1.,1.,1.,1.,1.,1.,1.,1.,1.,1.,1.,1.,
1.,1.,1.),(1.,1.,1.,1.,1.,1.,1.,1.,1.,1.,1.,1.,1.,1.,1.,1.,1.,1.,1.,1.,
1.,1.,1.,1.,1.,1.,1.,1.,1.,1.,1.,1.),(1.,1.,1.,1.,1.,1.,1.,1.,1.,1.,1.,
1.,1.,1.,1.,1.,1.,1.,1.,1.,1.,1.,1.,1.,1.,1.,1.,1.,1.,1.,1.,1.),(1.,1.,
1.,1.,1.,1.,1.,1.,1.,1.,1.,1.,1.,1.,1.,1.,1.,1.,1.,1.,1.,1.,1.,1.,1.,1.,
1.,1.,1.,1.,1.,1.)))
REPRESENTATION_ITEM('')
SURFACE()
);
#32=(
BOUNDED_SURFACE()
B_SPLINE_SURFACE(3,3,((#4597,#4598,#4599,#4600,#4601,#4602,#4603,#4604,
#4605,#4606,#4607,#4608,#4609,#4610,#4611,#4612,#4613,#4614,#4615),(#4616,
#4617,#4618,#4619,#4620,#4621,#4622,#4623,#4624,#4625,#4626,#4627,#4628,
#4629,#4630,#4631,#4632,#4633,#4634),(#4635,#4636,#4637,#4638,#4639,#4640,
#4641,#4642,#4643,#4644,#4645,#4646,#4647,#4648,#4649,#4650,#4651,#4652,
#4653),(#4654,#4655,#4656,#4657,#4658,#4659,#4660,#4661,#4662,#4663,#4664,
#4665,#4666,#4667,#4668,#4669,#4670,#4671,#4672),(#4673,#4674,#4675,#4676,
#4677,#4678,#4679,#4680,#4681,#4682,#4683,#4684,#4685,#4686,#4687,#4688,
#4689,#4690,#4691),(#4692,#4693,#4694,#4695,#4696,#4697,#4698,#4699,#4700,
#4701,#4702,#4703,#4704,#4705,#4706,#4707,#4708,#4709,#4710),(#4711,#4712,
#4713,#4714,#4715,#4716,#4717,#4718,#4719,#4720,#4721,#4722,#4723,#4724,
#4725,#4726,#4727,#4728,#4729),(#4730,#4731,#4732,#4733,#4734,#4735,#4736,
#4737,#4738,#4739,#4740,#4741,#4742,#4743,#4744,#4745,#4746,#4747,#4748),
(#4749,#4750,#4751,#4752,#4753,#4754,#4755,#4756,#4757,#4758,#4759,#4760,
#4761,#4762,#4763,#4764,#4765,#4766,#4767),(#4768,#4769,#4770,#4771,#4772,
#4773,#4774,#4775,#4776,#4777,#4778,#4779,#4780,#4781,#4782,#4783,#4784,
#4785,#4786),(#4787,#4788,#4789,#4790,#4791,#4792,#4793,#4794,#4795,#4796,
#4797,#4798,#4799,#4800,#4801,#4802,#4803,#4804,#4805),(#4806,#4807,#4808,
#4809,#4810,#4811,#4812,#4813,#4814,#4815,#4816,#4817,#4818,#4819,#4820,
#4821,#4822,#4823,#4824),(#4825,#4826,#4827,#4828,#4829,#4830,#4831,#4832,
#4833,#4834,#4835,#4836,#4837,#4838,#4839,#4840,#4841,#4842,#4843)),
 .UNSPECIFIED.,.F.,.F.,.F.)
B_SPLINE_SURFACE_WITH_KNOTS((4,3,3,3,4),(4,3,3,3,3,3,4),(-0.0505,0.,1.,
1.01,1.0504),(-0.707,0.,1.,1.01,2.02,2.30054920803685,2.323),
 .PIECEWISE_BEZIER_KNOTS.)
GEOMETRIC_REPRESENTATION_ITEM()
RATIONAL_B_SPLINE_SURFACE(((1.,1.,1.,1.,0.914030576987875,0.914030576987875,
1.,1.,1.,1.,1.,1.,1.,1.,1.,1.,1.,1.,1.),(1.,1.,1.,1.,0.914030576987875,
0.914030576987875,1.,1.,1.,1.,1.,1.,1.,1.,1.,1.,1.,1.,1.),(1.,1.,1.,1.,
0.914030576987875,0.914030576987875,1.,1.,1.,1.,1.,1.,1.,1.,1.,1.,1.,1.,
1.),(1.,1.,1.,1.,0.914030576987875,0.914030576987875,1.,1.,1.,1.,1.,1.,
1.,1.,1.,1.,1.,1.,1.),(0.987862095001546,0.987862095001546,0.987862095001546,
0.987862095001546,0.902936160678714,0.902936160678714,0.987862095001546,
0.987862095001546,0.987862095001546,0.987862095001546,0.987862095001546,
0.987862095001546,0.987862095001546,0.987862095001546,0.987862095001546,
0.987862095001546,0.987862095001546,0.987862095001546,0.987862095001546),
(0.987862095001546,0.987862095001546,0.987862095001546,0.987862095001546,
0.902936160678714,0.902936160678714,0.987862095001546,0.987862095001546,
0.987862095001546,0.987862095001546,0.987862095001546,0.987862095001546,
0.987862095001546,0.987862095001546,0.987862095001546,0.987862095001546,
0.987862095001546,0.987862095001546,0.987862095001546),(1.,1.,1.,1.,0.914030576987875,
0.914030576987875,1.,1.,1.,1.,1.,1.,1.,1.,1.,1.,1.,1.,1.),(1.,1.,1.,1.,
0.914030576987875,0.914030576987875,1.,1.,1.,1.,1.,1.,1.,1.,1.,1.,1.,1.,
1.),(1.,1.,1.,1.,0.914030576987875,0.914030576987875,1.,1.,1.,1.,1.,1.,
1.,1.,1.,1.,1.,1.,1.),(1.,1.,1.,1.,0.914030576987875,0.914030576987875,
1.,1.,1.,1.,1.,1.,1.,1.,1.,1.,1.,1.,1.),(1.,1.,1.,1.,0.914030576987875,
0.914030576987875,1.,1.,1.,1.,1.,1.,1.,1.,1.,1.,1.,1.,1.),(1.,1.,1.,1.,
0.914030576987875,0.914030576987875,1.,1.,1.,1.,1.,1.,1.,1.,1.,1.,1.,1.,
1.),(1.,1.,1.,1.,0.914030576987875,0.914030576987875,1.,1.,1.,1.,1.,1.,
1.,1.,1.,1.,1.,1.,1.)))
REPRESENTATION_ITEM('')
SURFACE()
);
#33=(
BOUNDED_SURFACE()
B_SPLINE_SURFACE(3,1,((#4853,#4854),(#4855,#4856),(#4857,#4858),(#4859,
#4860),(#4861,#4862),(#4863,#4864),(#4865,#4866)),
 .SURF_OF_LINEAR_EXTRUSION.,.F.,.F.,.F.)
B_SPLINE_SURFACE_WITH_KNOTS((4,3,4),(2,2),(0.,1.,1.0060329809457),(0.9071168644818,
1.),.PIECEWISE_BEZIER_KNOTS.)
GEOMETRIC_REPRESENTATION_ITEM()
RATIONAL_B_SPLINE_SURFACE(((1.,1.),(0.987862095001546,0.987862095001546),
(0.987862095001546,0.987862095001546),(1.,1.),(1.,1.),(1.,1.),(1.,1.)))
REPRESENTATION_ITEM('')
SURFACE()
);
#34=(
BOUNDED_SURFACE()
B_SPLINE_SURFACE(3,3,((#4879,#4880,#4881,#4882,#4883,#4884,#4885,#4886),
(#4887,#4888,#4889,#4890,#4891,#4892,#4893,#4894),(#4895,#4896,#4897,#4898,
#4899,#4900,#4901,#4902),(#4903,#4904,#4905,#4906,#4907,#4908,#4909,#4910)),
 .UNSPECIFIED.,.F.,.F.,.F.)
B_SPLINE_SURFACE_WITH_KNOTS((4,4),(4,2,2,4),(0.672830112348409,0.785375964870171),
(0.171371744232555,0.265638530752376,0.398457796128564,0.408907227047432),
 .UNSPECIFIED.)
GEOMETRIC_REPRESENTATION_ITEM()
RATIONAL_B_SPLINE_SURFACE(((0.812111853648314,0.812111853648314,0.812111853648314,
0.812111853648314,0.812111853648314,0.812111853648314,0.812111853648314,
0.812111853648314),(0.82318008645569,0.82318008645569,0.82318008645569,
0.82318008645569,0.82318008645569,0.82318008645569,0.82318008645569,0.82318008645569),
(0.837852100109729,0.837852100109729,0.837852100109729,0.837852100109729,
0.837852100109729,0.837852100109729,0.837852100109729,0.837852100109729),
(0.856127894610431,0.856127894610431,0.856127894610431,0.856127894610431,
0.856127894610431,0.856127894610431,0.856127894610431,0.856127894610431)))
REPRESENTATION_ITEM('')
SURFACE()
);
#35=(
BOUNDED_SURFACE()
B_SPLINE_SURFACE(2,3,((#5006,#5007,#5008,#5009),(#5010,#5011,#5012,#5013),
(#5014,#5015,#5016,#5017)),.UNSPECIFIED.,.F.,.F.,.F.)
B_SPLINE_SURFACE_WITH_KNOTS((3,3),(4,4),(0.660383546053597,1.),(0.,0.949016127244247),
 .PIECEWISE_BEZIER_KNOTS.)
GEOMETRIC_REPRESENTATION_ITEM()
RATIONAL_B_SPLINE_SURFACE(((1.,0.91841363111161,0.914254042061601,0.987521232849971),
(1.,0.91841363111161,0.914254042061601,0.987521232849971),(1.,0.91841363111161,
0.914254042061601,0.987521232849971)))
REPRESENTATION_ITEM('')
SURFACE()
);
#36=(
BOUNDED_SURFACE()
B_SPLINE_SURFACE(3,1,((#5082,#5083),(#5084,#5085),(#5086,#5087),(#5088,
#5089),(#5090,#5091),(#5092,#5093),(#5094,#5095)),
 .SURF_OF_LINEAR_EXTRUSION.,.F.,.F.,.F.)
B_SPLINE_SURFACE_WITH_KNOTS((4,1,1,1,4),(2,2),(0.,1.,1.03758726713454,1.07517453426908,
3.74612044081835),(-0.772866057112212,1.45155169382912),.UNSPECIFIED.)
GEOMETRIC_REPRESENTATION_ITEM()
RATIONAL_B_SPLINE_SURFACE(((1.,1.),(0.820267109315542,0.820267109315542),
(0.820267109315539,0.820267109315539),(1.02077485873379,1.02077485873379),
(1.02077485873379,1.02077485873379),(1.02077485873379,1.02077485873379),
(1.02077485873379,1.02077485873379)))
REPRESENTATION_ITEM('')
SURFACE()
);
#37=(
BOUNDED_SURFACE()
B_SPLINE_SURFACE(3,1,((#5102,#5103),(#5104,#5105),(#5106,#5107),(#5108,
#5109)),.SURF_OF_LINEAR_EXTRUSION.,.F.,.F.,.F.)
B_SPLINE_SURFACE_WITH_KNOTS((4,4),(2,2),(0.509851177889864,1.),(-0.0634981639951022,
0.910343502205813),.PIECEWISE_BEZIER_KNOTS.)
GEOMETRIC_REPRESENTATION_ITEM()
RATIONAL_B_SPLINE_SURFACE(((0.630724343042365,0.630724343042365),(0.635481025442828,
0.635481025442828),(0.758572911095373,0.758572911095373),(1.,1.)))
REPRESENTATION_ITEM('')
SURFACE()
);
#38=(
BOUNDED_SURFACE()
B_SPLINE_SURFACE(3,3,((#5161,#5162,#5163,#5164,#5165,#5166,#5167,#5168,
#5169,#5170,#5171),(#5172,#5173,#5174,#5175,#5176,#5177,#5178,#5179,#5180,
#5181,#5182),(#5183,#5184,#5185,#5186,#5187,#5188,#5189,#5190,#5191,#5192,
#5193),(#5194,#5195,#5196,#5197,#5198,#5199,#5200,#5201,#5202,#5203,#5204),
(#5205,#5206,#5207,#5208,#5209,#5210,#5211,#5212,#5213,#5214,#5215),(#5216,
#5217,#5218,#5219,#5220,#5221,#5222,#5223,#5224,#5225,#5226),(#5227,#5228,
#5229,#5230,#5231,#5232,#5233,#5234,#5235,#5236,#5237),(#5238,#5239,#5240,
#5241,#5242,#5243,#5244,#5245,#5246,#5247,#5248),(#5249,#5250,#5251,#5252,
#5253,#5254,#5255,#5256,#5257,#5258,#5259),(#5260,#5261,#5262,#5263,#5264,
#5265,#5266,#5267,#5268,#5269,#5270)),.UNSPECIFIED.,.F.,.F.,.F.)
B_SPLINE_SURFACE_WITH_KNOTS((4,3,3,4),(4,2,2,3,4),(0.50176137451042,1.,
1.01,1.02906781444177),(0.53911703521543,0.625,0.75,1.,1.01463830527613),
 .UNSPECIFIED.)
GEOMETRIC_REPRESENTATION_ITEM()
RATIONAL_B_SPLINE_SURFACE(((0.961538938836949,0.961538938836949,0.961538938836948,
0.961538938836949,0.961538938836949,0.961538938836949,0.961538938836949,
0.961538938836949,0.961538938836948,0.961538938836948,0.961538938836948),
(0.961628947535927,0.961628947535927,0.961628947535927,0.961628947535927,
0.961628947535927,0.961628947535927,0.961628947535927,0.961628947535927,
0.961628947535927,0.961628947535927,0.961628947535927),(0.974449301256945,
0.974449301256945,0.974449301256945,0.974449301256945,0.974449301256945,
0.974449301256945,0.974449301256945,0.974449301256945,0.974449301256945,
0.974449301256945,0.974449301256945),(1.,1.,1.,1.,1.,1.,1.,1.,1.,1.,1.),
(1.,1.,1.,1.,1.,1.,1.,1.,1.,1.,1.),(1.,1.,1.,1.,1.,1.,1.,1.,1.,1.,1.),(1.,
1.,1.,1.,1.,1.,1.,1.,1.,1.,1.),(1.,1.,1.,1.,1.,1.,1.,1.,1.,1.,1.),(1.,1.,
1.,1.,1.,1.,1.,1.,1.,1.,1.),(1.,1.,1.,1.,1.,1.,1.,1.,1.,1.,1.)))
REPRESENTATION_ITEM('')
SURFACE()
);
#39=(
BOUNDED_SURFACE()
B_SPLINE_SURFACE(3,3,((#5359,#5360,#5361,#5362,#5363,#5364,#5365,#5366,
#5367,#5368),(#5369,#5370,#5371,#5372,#5373,#5374,#5375,#5376,#5377,#5378),
(#5379,#5380,#5381,#5382,#5383,#5384,#5385,#5386,#5387,#5388),(#5389,#5390,
#5391,#5392,#5393,#5394,#5395,#5396,#5397,#5398),(#5399,#5400,#5401,#5402,
#5403,#5404,#5405,#5406,#5407,#5408),(#5409,#5410,#5411,#5412,#5413,#5414,
#5415,#5416,#5417,#5418),(#5419,#5420,#5421,#5422,#5423,#5424,#5425,#5426,
#5427,#5428),(#5429,#5430,#5431,#5432,#5433,#5434,#5435,#5436,#5437,#5438),
(#5439,#5440,#5441,#5442,#5443,#5444,#5445,#5446,#5447,#5448),(#5449,#5450,
#5451,#5452,#5453,#5454,#5455,#5456,#5457,#5458)),.UNSPECIFIED.,.F.,.F.,
 .F.)
B_SPLINE_SURFACE_WITH_KNOTS((4,3,3,4),(4,2,2,2,4),(-0.0169504552267147,
-0.01,0.,0.0987768266273974),(0.00154381960019635,0.0128026791415849,0.0256053582831699,
0.0512107165663398,0.0730520208042903),.UNSPECIFIED.)
GEOMETRIC_REPRESENTATION_ITEM()
RATIONAL_B_SPLINE_SURFACE(((1.,1.,1.,1.,1.,1.,1.,1.,1.,1.),(1.,1.,1.,1.,
1.,1.,1.,1.,1.,1.),(1.,1.,1.,1.,1.,1.,1.,1.,1.,1.),(1.,1.,1.,1.,1.,1.,1.,
1.,1.,1.),(1.,1.,1.,1.,1.,1.,1.,1.,1.,1.),(1.,1.,1.,1.,1.,1.,1.,1.,1.,1.),
(1.,1.,1.,1.,1.,1.,1.,1.,1.,1.),(0.98682975644968,0.98682975644968,0.986829756449681,
0.98682975644968,0.98682975644968,0.98682975644968,0.98682975644968,0.98682975644968,
0.98682975644968,0.98682975644968),(0.974960427763171,0.974960427763171,
0.974960427763171,0.974960427763171,0.974960427763171,0.974960427763171,
0.974960427763171,0.974960427763171,0.974960427763171,0.974960427763171),
(0.964392013940473,0.964392013940473,0.964392013940473,0.964392013940473,
0.964392013940473,0.964392013940473,0.964392013940473,0.964392013940473,
0.964392013940473,0.964392013940473)))
REPRESENTATION_ITEM('')
SURFACE()
);
#40=(
BOUNDED_SURFACE()
B_SPLINE_SURFACE(3,2,((#5484,#5485,#5486),(#5487,#5488,#5489),(#5490,#5491,
#5492),(#5493,#5494,#5495),(#5496,#5497,#5498),(#5499,#5500,#5501),(#5502,
#5503,#5504)),.UNSPECIFIED.,.F.,.F.,.F.)
B_SPLINE_SURFACE_WITH_KNOTS((4,1,1,1,4),(3,3),(-0.000199650714212306,0.000863639521195728,
0.00192692975660376,0.00299021999201179,0.00405351022741983),(0.,0.23610175757783),
 .UNSPECIFIED.)
GEOMETRIC_REPRESENTATION_ITEM()
RATIONAL_B_SPLINE_SURFACE(((1.,0.991526825235304,0.987054713379026),(1.,
0.991526825235304,0.987054713379026),(1.,0.991526532559763,0.987054266230362),
(1.,0.991527849599597,0.987056278399191),(1.,0.991529504069295,0.987058806092181),
(1.,0.991527950110267,0.98705643195904),(1.,0.991527347593421,0.98705551143592)))
REPRESENTATION_ITEM('')
SURFACE()
);
#41=(
BOUNDED_SURFACE()
B_SPLINE_SURFACE(3,1,((#5998,#5999),(#6000,#6001),(#6002,#6003),(#6004,
#6005)),.SURF_OF_LINEAR_EXTRUSION.,.F.,.F.,.F.)
B_SPLINE_SURFACE_WITH_KNOTS((4,4),(2,2),(0.196935132255833,0.728855974035169),
(0.000186144715524414,0.706579157012402),.PIECEWISE_BEZIER_KNOTS.)
GEOMETRIC_REPRESENTATION_ITEM()
RATIONAL_B_SPLINE_SURFACE(((0.966052844353964,0.966052844353964),(0.942984261900762,
0.942984261900762),(0.940159958978372,0.940159958978372),(0.957579935586795,
0.957579935586795)))
REPRESENTATION_ITEM('')
SURFACE()
);
#42=(
BOUNDED_SURFACE()
B_SPLINE_SURFACE(3,3,((#6021,#6022,#6023,#6024,#6025,#6026,#6027,#6028,
#6029,#6030,#6031,#6032,#6033,#6034,#6035,#6036,#6037,#6038,#6039,#6040,
#6041,#6042,#6043,#6044,#6045,#6046,#6047,#6048,#6049,#6050,#6051,#6052,
#6053,#6054),(#6055,#6056,#6057,#6058,#6059,#6060,#6061,#6062,#6063,#6064,
#6065,#6066,#6067,#6068,#6069,#6070,#6071,#6072,#6073,#6074,#6075,#6076,
#6077,#6078,#6079,#6080,#6081,#6082,#6083,#6084,#6085,#6086,#6087,#6088),
(#6089,#6090,#6091,#6092,#6093,#6094,#6095,#6096,#6097,#6098,#6099,#6100,
#6101,#6102,#6103,#6104,#6105,#6106,#6107,#6108,#6109,#6110,#6111,#6112,
#6113,#6114,#6115,#6116,#6117,#6118,#6119,#6120,#6121,#6122),(#6123,#6124,
#6125,#6126,#6127,#6128,#6129,#6130,#6131,#6132,#6133,#6134,#6135,#6136,
#6137,#6138,#6139,#6140,#6141,#6142,#6143,#6144,#6145,#6146,#6147,#6148,
#6149,#6150,#6151,#6152,#6153,#6154,#6155,#6156)),.UNSPECIFIED.,.F.,.F.,
 .F.)
B_SPLINE_SURFACE_WITH_KNOTS((4,4),(4,2,2,2,2,2,2,2,2,2,2,2,2,2,2,2,4),(0.506894963179276,
1.),(-0.00549068053407028,-0.00522720224326295,-0.00261360112163148,-0.00130680056081574,
0.,0.0009765625,0.001953125,0.00390625,0.0078125,0.015625,0.03125,0.0625,
0.125,0.25,0.5,0.75,0.957506070410435),.UNSPECIFIED.)
GEOMETRIC_REPRESENTATION_ITEM()
RATIONAL_B_SPLINE_SURFACE(((0.630651190401632,0.630651190401632,0.630651190401632,
0.630651190401632,0.630651190401632,0.630651190401632,0.630651190401632,
0.630651190401632,0.630651190401632,0.630651190401632,0.630651190401632,
0.630651190401632,0.630651190401632,0.630651190401632,0.630651190401632,
0.630651190401632,0.630651190401632,0.630651190401632,0.630651190401632,
0.630651190401632,0.630651190401632,0.630651190401632,0.630651190401632,
0.630651190401632,0.630651190401632,0.630651190401632,0.630651190401632,
0.630651190401632,0.630651190401632,0.630651190401632,0.630651190401632,
0.630651190401632,0.630651190401632,0.630651190401632),(0.634000531820109,
0.634000531820109,0.634000531820109,0.634000531820109,0.634000531820109,
0.634000531820109,0.634000531820109,0.634000531820109,0.634000531820109,
0.634000531820109,0.634000531820109,0.634000531820109,0.634000531820109,
0.634000531820109,0.634000531820109,0.634000531820109,0.634000531820109,
0.634000531820109,0.634000531820109,0.634000531820109,0.634000531820109,
0.634000531820109,0.634000531820109,0.634000531820109,0.634000531820109,
0.634000531820109,0.634000531820109,0.634000531820109,0.634000531820109,
0.634000531820109,0.634000531820109,0.634000531820109,0.634000531820109,
0.634000531820109),(0.757116801686232,0.757116801686232,0.757116801686232,
0.757116801686232,0.757116801686232,0.757116801686232,0.757116801686232,
0.757116801686232,0.757116801686232,0.757116801686232,0.757116801686232,
0.757116801686232,0.757116801686232,0.757116801686232,0.757116801686232,
0.757116801686232,0.757116801686232,0.757116801686232,0.757116801686232,
0.757116801686232,0.757116801686232,0.757116801686232,0.757116801686232,
0.757116801686232,0.757116801686232,0.757116801686232,0.757116801686232,
0.757116801686232,0.757116801686232,0.757116801686232,0.757116801686232,
0.757116801686232,0.757116801686232,0.757116801686232),(1.,1.,1.,1.,1.,
1.,1.,1.,1.,1.,1.,1.,1.,1.,1.,1.,1.,1.,1.,1.,1.,1.,1.,1.,1.,1.,1.,1.,1.,
1.,1.,1.,1.,1.)))
REPRESENTATION_ITEM('')
SURFACE()
);
#43=(
BOUNDED_SURFACE()
B_SPLINE_SURFACE(1,3,((#6398,#6399,#6400,#6401),(#6402,#6403,#6404,#6405),
(#6406,#6407,#6408,#6409),(#6410,#6411,#6412,#6413)),
 .SURF_OF_REVOLUTION.,.F.,.F.,.F.)
B_SPLINE_SURFACE_WITH_KNOTS((2,1,1,2),(4,4),(-0.0436218428588628,-0.0332889533256067,
0.,1.),(0.,1.),.PIECEWISE_BEZIER_KNOTS.)
GEOMETRIC_REPRESENTATION_ITEM()
RATIONAL_B_SPLINE_SURFACE(((1.,0.993915808621031,0.993915808621031,1.),
(1.,0.993915808621031,0.993915808621031,1.),(1.,0.993915808621031,0.993915808621031,
1.),(1.,0.993915808621031,0.993915808621031,1.)))
REPRESENTATION_ITEM('')
SURFACE()
);
#44=(
BOUNDED_SURFACE()
B_SPLINE_SURFACE(1,3,((#6425,#6426,#6427,#6428,#6429,#6430,#6431,#6432,
#6433,#6434,#6435,#6436,#6437),(#6438,#6439,#6440,#6441,#6442,#6443,#6444,
#6445,#6446,#6447,#6448,#6449,#6450),(#6451,#6452,#6453,#6454,#6455,#6456,
#6457,#6458,#6459,#6460,#6461,#6462,#6463),(#6464,#6465,#6466,#6467,#6468,
#6469,#6470,#6471,#6472,#6473,#6474,#6475,#6476)),.RULED_SURF.,.F.,.F.,
 .F.)
B_SPLINE_SURFACE_WITH_KNOTS((2,1,1,2),(4,3,3,3,4),(-0.0333333333341015,
-0.01,0.,1.),(-0.601694202614665,-0.585835844172936,-0.50185811047099,0.,
1.),.PIECEWISE_BEZIER_KNOTS.)
GEOMETRIC_REPRESENTATION_ITEM()
RATIONAL_B_SPLINE_SURFACE(((1.,1.,1.,1.,1.,1.,1.,1.,1.,1.,0.995297931147671,
0.995297931147671,1.),(1.,1.,1.,1.,1.,1.,1.,1.,1.,1.,0.995297931147671,
0.995297931147671,1.),(1.,1.,1.,1.,1.,1.,1.,1.,1.,1.,0.995297931147671,
0.995297931147671,1.),(1.,1.,1.,1.,1.,1.,1.,1.,1.,1.,0.995297931147671,
0.995297931147671,1.)))
REPRESENTATION_ITEM('')
SURFACE()
);
#45=(
BOUNDED_SURFACE()
B_SPLINE_SURFACE(3,3,((#6595,#6596,#6597,#6598,#6599,#6600,#6601,#6602,
#6603,#6604),(#6605,#6606,#6607,#6608,#6609,#6610,#6611,#6612,#6613,#6614),
(#6615,#6616,#6617,#6618,#6619,#6620,#6621,#6622,#6623,#6624),(#6625,#6626,
#6627,#6628,#6629,#6630,#6631,#6632,#6633,#6634)),.UNSPECIFIED.,.F.,.F.,
 .F.)
B_SPLINE_SURFACE_WITH_KNOTS((4,4),(4,2,2,2,4),(0.0980762113533102,0.211935242730663),
(-0.00580773415927863,0.,0.0128026791415849,0.0256053582831699,0.0320301257947415),
 .UNSPECIFIED.)
GEOMETRIC_REPRESENTATION_ITEM()
RATIONAL_B_SPLINE_SURFACE(((0.964617092752044,0.964617092752044,0.964617092752044,
0.964617092752044,0.964617092752044,0.964617092752044,0.964617092752044,
0.964617092752044,0.964617092752044,0.964617092752044),(0.952413718548623,
0.952413718548623,0.952413718548623,0.952413718548623,0.952413718548623,
0.952413718548623,0.952413718548623,0.952413718548623,0.952413718548623,
0.952413718548623),(0.941938861548694,0.941938861548694,0.941938861548694,
0.941938861548694,0.941938861548694,0.941938861548694,0.941938861548694,
0.941938861548694,0.941938861548694,0.941938861548694),(0.933192521752257,
0.933192521752257,0.933192521752257,0.933192521752257,0.933192521752257,
0.933192521752257,0.933192521752257,0.933192521752257,0.933192521752257,
0.933192521752257)))
REPRESENTATION_ITEM('')
SURFACE()
);
#46=(
BOUNDED_SURFACE()
B_SPLINE_SURFACE(3,1,((#6654,#6655,#6656),(#6657,#6658,#6659),(#6660,#6661,
#6662),(#6663,#6664,#6665),(#6666,#6667,#6668),(#6669,#6670,#6671),(#6672,
#6673,#6674)),.SURF_OF_LINEAR_EXTRUSION.,.F.,.F.,.F.)
B_SPLINE_SURFACE_WITH_KNOTS((4,3,4),(2,1,2),(-0.00265774686291004,0.,0.507548025008518),
(-0.00938953585391916,0.,0.984395488610249),.PIECEWISE_BEZIER_KNOTS.)
GEOMETRIC_REPRESENTATION_ITEM()
RATIONAL_B_SPLINE_SURFACE(((1.,1.,1.),(1.,1.,1.),(1.,1.,1.),(1.,1.,1.),
(0.932326929998864,0.932326929998864,0.932326929998864),(0.899001193023068,
0.899001193023068,0.899001193023068),(0.900022789072612,0.900022789072612,
0.900022789072612)))
REPRESENTATION_ITEM('')
SURFACE()
);
#47=(
BOUNDED_SURFACE()
B_SPLINE_SURFACE(3,3,((#7300,#7301,#7302,#7303,#7304,#7305,#7306,#7307,
#7308,#7309,#7310,#7311,#7312,#7313,#7314,#7315,#7316,#7317,#7318,#7319,
#7320,#7321,#7322,#7323,#7324,#7325,#7326),(#7327,#7328,#7329,#7330,#7331,
#7332,#7333,#7334,#7335,#7336,#7337,#7338,#7339,#7340,#7341,#7342,#7343,
#7344,#7345,#7346,#7347,#7348,#7349,#7350,#7351,#7352,#7353),(#7354,#7355,
#7356,#7357,#7358,#7359,#7360,#7361,#7362,#7363,#7364,#7365,#7366,#7367,
#7368,#7369,#7370,#7371,#7372,#7373,#7374,#7375,#7376,#7377,#7378,#7379,
#7380),(#7381,#7382,#7383,#7384,#7385,#7386,#7387,#7388,#7389,#7390,#7391,
#7392,#7393,#7394,#7395,#7396,#7397,#7398,#7399,#7400,#7401,#7402,#7403,
#7404,#7405,#7406,#7407)),.UNSPECIFIED.,.F.,.F.,.F.)
B_SPLINE_SURFACE_WITH_KNOTS((4,4),(4,3,2,2,2,2,2,2,2,2,2,2,4),(0.00903015852004464,
0.506539925191363),(-0.00386072121307511,0.,0.5,0.75,0.875,0.9375,0.96875,
0.984375,0.9921875,1.,1.00810444115278,1.01620888230556,1.02321347783633),
 .UNSPECIFIED.)
GEOMETRIC_REPRESENTATION_ITEM()
RATIONAL_B_SPLINE_SURFACE(((0.996420554097141,0.996420554097141,0.996420554097141,
0.996420554097141,0.996420554097141,0.996420554097141,0.996420554097141,
0.996420554097141,0.996420554097141,0.996420554097141,0.996420554097141,
0.996420554097141,0.996420554097141,0.996420554097141,0.996420554097141,
0.996420554097141,0.996420554097141,0.996420554097141,0.996420554097141,
0.996420554097141,0.996420554097141,0.996420554097141,0.996420554097141,
0.996420554097141,0.996420554097141,0.996420554097141,0.996420554097141),
(0.931283943089849,0.931283943089849,0.931283943089849,0.931283943089849,
0.931283943089849,0.931283943089849,0.931283943089849,0.931283943089849,
0.931283943089849,0.931283943089849,0.931283943089849,0.931283943089849,
0.931283943089849,0.931283943089849,0.931283943089849,0.931283943089849,
0.931283943089849,0.931283943089849,0.931283943089849,0.931283943089849,
0.931283943089849,0.931283943089849,0.931283943089849,0.931283943089849,
0.931283943089849,0.931283943089849,0.931283943089849),(0.899149461140336,
0.899149461140336,0.899149461140336,0.899149461140336,0.899149461140336,
0.899149461140336,0.899149461140336,0.899149461140336,0.899149461140336,
0.899149461140336,0.899149461140336,0.899149461140336,0.899149461140336,
0.899149461140336,0.899149461140336,0.899149461140336,0.899149461140336,
0.899149461140336,0.899149461140336,0.899149461140336,0.899149461140336,
0.899149461140336,0.899149461140336,0.899149461140336,0.899149461140336,
0.899149461140336,0.899149461140336),(0.900017108248603,0.900017108248603,
0.900017108248603,0.900017108248603,0.900017108248603,0.900017108248603,
0.900017108248603,0.900017108248603,0.900017108248603,0.900017108248603,
0.900017108248603,0.900017108248603,0.900017108248603,0.900017108248603,
0.900017108248603,0.900017108248603,0.900017108248603,0.900017108248603,
0.900017108248603,0.900017108248603,0.900017108248603,0.900017108248603,
0.900017108248603,0.900017108248603,0.900017108248603,0.900017108248603,
0.900017108248603)))
REPRESENTATION_ITEM('')
SURFACE()
);
#48=(
BOUNDED_SURFACE()
B_SPLINE_SURFACE(3,3,((#7593,#7594,#7595,#7596,#7597,#7598,#7599,#7600,
#7601,#7602,#7603,#7604,#7605,#7606,#7607,#7608,#7609,#7610,#7611,#7612,
#7613,#7614,#7615,#7616,#7617,#7618,#7619,#7620,#7621,#7622,#7623,#7624),
(#7625,#7626,#7627,#7628,#7629,#7630,#7631,#7632,#7633,#7634,#7635,#7636,
#7637,#7638,#7639,#7640,#7641,#7642,#7643,#7644,#7645,#7646,#7647,#7648,
#7649,#7650,#7651,#7652,#7653,#7654,#7655,#7656),(#7657,#7658,#7659,#7660,
#7661,#7662,#7663,#7664,#7665,#7666,#7667,#7668,#7669,#7670,#7671,#7672,
#7673,#7674,#7675,#7676,#7677,#7678,#7679,#7680,#7681,#7682,#7683,#7684,
#7685,#7686,#7687,#7688),(#7689,#7690,#7691,#7692,#7693,#7694,#7695,#7696,
#7697,#7698,#7699,#7700,#7701,#7702,#7703,#7704,#7705,#7706,#7707,#7708,
#7709,#7710,#7711,#7712,#7713,#7714,#7715,#7716,#7717,#7718,#7719,#7720),
(#7721,#7722,#7723,#7724,#7725,#7726,#7727,#7728,#7729,#7730,#7731,#7732,
#7733,#7734,#7735,#7736,#7737,#7738,#7739,#7740,#7741,#7742,#7743,#7744,
#7745,#7746,#7747,#7748,#7749,#7750,#7751,#7752),(#7753,#7754,#7755,#7756,
#7757,#7758,#7759,#7760,#7761,#7762,#7763,#7764,#7765,#7766,#7767,#7768,
#7769,#7770,#7771,#7772,#7773,#7774,#7775,#7776,#7777,#7778,#7779,#7780,
#7781,#7782,#7783,#7784),(#7785,#7786,#7787,#7788,#7789,#7790,#7791,#7792,
#7793,#7794,#7795,#7796,#7797,#7798,#7799,#7800,#7801,#7802,#7803,#7804,
#7805,#7806,#7807,#7808,#7809,#7810,#7811,#7812,#7813,#7814,#7815,#7816),
(#7817,#7818,#7819,#7820,#7821,#7822,#7823,#7824,#7825,#7826,#7827,#7828,
#7829,#7830,#7831,#7832,#7833,#7834,#7835,#7836,#7837,#7838,#7839,#7840,
#7841,#7842,#7843,#7844,#7845,#7846,#7847,#7848),(#7849,#7850,#7851,#7852,
#7853,#7854,#7855,#7856,#7857,#7858,#7859,#7860,#7861,#7862,#7863,#7864,
#7865,#7866,#7867,#7868,#7869,#7870,#7871,#7872,#7873,#7874,#7875,#7876,
#7877,#7878,#7879,#7880),(#7881,#7882,#7883,#7884,#7885,#7886,#7887,#7888,
#7889,#7890,#7891,#7892,#7893,#7894,#7895,#7896,#7897,#7898,#7899,#7900,
#7901,#7902,#7903,#7904,#7905,#7906,#7907,#7908,#7909,#7910,#7911,#7912),
(#7913,#7914,#7915,#7916,#7917,#7918,#7919,#7920,#7921,#7922,#7923,#7924,
#7925,#7926,#7927,#7928,#7929,#7930,#7931,#7932,#7933,#7934,#7935,#7936,
#7937,#7938,#7939,#7940,#7941,#7942,#7943,#7944),(#7945,#7946,#7947,#7948,
#7949,#7950,#7951,#7952,#7953,#7954,#7955,#7956,#7957,#7958,#7959,#7960,
#7961,#7962,#7963,#7964,#7965,#7966,#7967,#7968,#7969,#7970,#7971,#7972,
#7973,#7974,#7975,#7976),(#7977,#7978,#7979,#7980,#7981,#7982,#7983,#7984,
#7985,#7986,#7987,#7988,#7989,#7990,#7991,#7992,#7993,#7994,#7995,#7996,
#7997,#7998,#7999,#8000,#8001,#8002,#8003,#8004,#8005,#8006,#8007,#8008)),
 .UNSPECIFIED.,.F.,.F.,.F.)
B_SPLINE_SURFACE_WITH_KNOTS((4,3,3,3,4),(4,3,3,3,3,3,2,2,2,2,2,3,4),(-1.02,
-0.01,0.,1.,2.01),(-1.29627130937333,-0.148135654686666,-0.125092450236226,
-0.1,-0.0927011973564145,0.,0.199872815548657,0.48034649206314,0.760820168577397,
0.901057006834513,0.971175425963095,1.,2.14813565468667),.UNSPECIFIED.)
GEOMETRIC_REPRESENTATION_ITEM()
RATIONAL_B_SPLINE_SURFACE(((1.,1.,1.,1.,1.,1.,1.,1.,1.,1.,1.,1.,1.,1.,1.,
1.,1.,1.,1.,1.,1.,1.,1.,1.,1.,1.,1.,1.,1.,1.,1.,1.),(1.,1.,1.,1.,1.,1.,
1.,1.,1.,1.,1.,1.,1.,1.,1.,1.,1.,1.,1.,1.,1.,1.,1.,1.,1.,1.,1.,1.,1.,1.,
1.,1.),(1.,1.,1.,1.,1.,1.,1.,1.,1.,1.,1.,1.,1.,1.,1.,1.,1.,1.,1.,1.,1.,
1.,1.,1.,1.,1.,1.,1.,1.,1.,1.,1.),(1.,1.,1.,1.,1.,1.,1.,1.,1.,1.,1.,1.,
1.,1.,1.,1.,1.,1.,1.,1.,1.,1.,1.,1.,1.,1.,1.,1.,1.,1.,1.,1.),(1.,1.,1.,
1.,1.,1.,1.,1.,1.,1.,1.,1.,1.,1.,1.,1.,1.,1.,1.,1.,1.,1.,1.,1.,1.,1.,1.,
1.,1.,1.,1.,1.),(1.,1.,1.,1.,1.,1.,1.,1.,1.,1.,1.,1.,1.,1.,1.,1.,1.,1.,
1.,1.,1.,1.,1.,1.,1.,1.,1.,1.,1.,1.,1.,1.),(1.,1.,1.,1.,1.,1.,1.,1.,1.,
1.,1.,1.,1.,1.,1.,1.,1.,1.,1.,1.,1.,1.,1.,1.,1.,1.,1.,1.,1.,1.,1.,1.),(0.972262495437916,
0.972262495437916,0.972262495437916,0.972262495437916,0.972262495437916,
0.972262495437916,0.972262495437916,0.972262495437916,0.972262495437916,
0.972262495437916,0.972262495437916,0.972262495437916,0.972262495437916,
0.972262495437916,0.972262495437916,0.972262495437916,0.972262495437916,
0.972262495437916,0.972262495437916,0.972262495437916,0.972262495437916,
0.972262495437916,0.972262495437916,0.972262495437916,0.972262495437916,
0.972262495437916,0.972262495437916,0.972262495437916,0.972262495437916,
0.972262495437916,0.972262495437916,0.972262495437916),(0.972262495437916,
0.972262495437916,0.972262495437916,0.972262495437916,0.972262495437916,
0.972262495437916,0.972262495437916,0.972262495437916,0.972262495437916,
0.972262495437916,0.972262495437916,0.972262495437916,0.972262495437916,
0.972262495437916,0.972262495437916,0.972262495437916,0.972262495437916,
0.972262495437916,0.972262495437916,0.972262495437916,0.972262495437916,
0.972262495437916,0.972262495437916,0.972262495437916,0.972262495437916,
0.972262495437916,0.972262495437916,0.972262495437916,0.972262495437916,
0.972262495437916,0.972262495437916,0.972262495437916),(1.,1.,1.,1.,1.,
1.,1.,1.,1.,1.,1.,1.,1.,1.,1.,1.,1.,1.,1.,1.,1.,1.,1.,1.,1.,1.,1.,1.,1.,
1.,1.,1.),(1.,1.,1.,1.,1.,1.,1.,1.,1.,1.,1.,1.,1.,1.,1.,1.,1.,1.,1.,1.,
1.,1.,1.,1.,1.,1.,1.,1.,1.,1.,1.,1.),(1.,1.,1.,1.,1.,1.,1.,1.,1.,1.,1.,
1.,1.,1.,1.,1.,1.,1.,1.,1.,1.,1.,1.,1.,1.,1.,1.,1.,1.,1.,1.,1.),(1.,1.,
1.,1.,1.,1.,1.,1.,1.,1.,1.,1.,1.,1.,1.,1.,1.,1.,1.,1.,1.,1.,1.,1.,1.,1.,
1.,1.,1.,1.,1.,1.)))
REPRESENTATION_ITEM('')
SURFACE()
);
#49=(
BOUNDED_SURFACE()
B_SPLINE_SURFACE(3,1,((#8364,#8365,#8366),(#8367,#8368,#8369),(#8370,#8371,
#8372),(#8373,#8374,#8375)),.SURF_OF_LINEAR_EXTRUSION.,.F.,.F.,.F.)
B_SPLINE_SURFACE_WITH_KNOTS((4,4),(2,1,2),(0.,1.),(0.,1.,1.15904606347174),
 .PIECEWISE_BEZIER_KNOTS.)
GEOMETRIC_REPRESENTATION_ITEM()
RATIONAL_B_SPLINE_SURFACE(((1.,1.,1.),(0.880013719041314,0.880013719041314,
0.880013719041314),(0.880013719041314,0.880013719041314,0.880013719041314),
(1.,1.,1.)))
REPRESENTATION_ITEM('')
SURFACE()
);
#50=CYLINDRICAL_SURFACE('',#3096,2.25);
#51=CYLINDRICAL_SURFACE('',#3099,24.8335394781464);
#52=CYLINDRICAL_SURFACE('',#3109,8.);
#53=CYLINDRICAL_SURFACE('',#3113,8.);
#54=CYLINDRICAL_SURFACE('',#3114,8.);
#55=CYLINDRICAL_SURFACE('',#3119,8.);
#56=CYLINDRICAL_SURFACE('',#3141,3.);
#57=CYLINDRICAL_SURFACE('',#3145,3.);
#58=CYLINDRICAL_SURFACE('',#3158,14.645);
#59=CYLINDRICAL_SURFACE('',#3159,5.25);
#60=CYLINDRICAL_SURFACE('',#3181,0.999999999999999);
#61=CYLINDRICAL_SURFACE('',#3187,0.999999999999999);
#62=CYLINDRICAL_SURFACE('',#3192,7.75);
#63=CYLINDRICAL_SURFACE('',#3197,5.);
#64=CYLINDRICAL_SURFACE('',#3218,20.8707254144945);
#65=CYLINDRICAL_SURFACE('',#3224,0.999999999999999);
#66=CYLINDRICAL_SURFACE('',#3230,2.5);
#67=CYLINDRICAL_SURFACE('',#3234,26.9012383162301);
#68=CYLINDRICAL_SURFACE('',#3251,1.75);
#69=CYLINDRICAL_SURFACE('',#3253,4.24999999453067);
#70=ELLIPSE('',#3095,4.76465770866685,4.24999999453067);
#71=ELLIPSE('',#3102,35.1199283317224,24.8335394781464);
#72=ELLIPSE('',#3212,1.53907322309014,0.999999999999999);
#73=ELLIPSE('',#3219,29.5156629377431,20.8707254144945);
#74=ELLIPSE('',#3231,2.58710724266335,2.5);
#75=CIRCLE('',#3093,4.24999999453067);
#76=CIRCLE('',#3100,24.8335394781464);
#77=CIRCLE('',#3101,24.8335394781464);
#78=CIRCLE('',#3103,24.8335394781464);
#79=CIRCLE('',#3107,8.);
#80=CIRCLE('',#3108,8.);
#81=CIRCLE('',#3110,8.);
#82=CIRCLE('',#3112,8.);
#83=CIRCLE('',#3115,8.);
#84=CIRCLE('',#3116,8.);
#85=CIRCLE('',#3118,8.);
#86=CIRCLE('',#3120,8.);
#87=CIRCLE('',#3124,1.75);
#88=CIRCLE('',#3125,3.);
#89=CIRCLE('',#3126,3.);
#90=CIRCLE('',#3132,10.8730579980772);
#91=CIRCLE('',#3133,14.651630350832);
#92=CIRCLE('',#3135,1.5);
#93=CIRCLE('',#3137,1.5);
#94=CIRCLE('',#3142,3.);
#95=CIRCLE('',#3143,3.);
#96=CIRCLE('',#3146,3.);
#97=CIRCLE('',#3147,3.);
#98=CIRCLE('',#3149,4.);
#99=CIRCLE('',#3153,0.999999999999999);
#100=CIRCLE('',#3155,2.5);
#101=CIRCLE('',#3157,2.5);
#102=CIRCLE('',#3167,4.);
#103=CIRCLE('',#3168,4.);
#104=CIRCLE('',#3170,5.);
#105=CIRCLE('',#3172,1.20000000000008);
#106=CIRCLE('',#3174,0.999999999999999);
#107=CIRCLE('',#3182,0.999999999999999);
#108=CIRCLE('',#3183,0.999999999999999);
#109=CIRCLE('',#3188,0.999999999999999);
#110=CIRCLE('',#3190,14.9749314205973);
#111=CIRCLE('',#3191,7.75);
#112=CIRCLE('',#3198,5.);
#113=CIRCLE('',#3200,30.2132194099955);
#114=CIRCLE('',#3214,47.5465159549911);
#115=CIRCLE('',#3215,47.4228004892566);
#116=CIRCLE('',#3217,20.8707254144945);
#117=CIRCLE('',#3220,20.8707254144945);
#118=CIRCLE('',#3225,0.999999999999999);
#119=CIRCLE('',#3226,0.999999999999999);
#120=CIRCLE('',#3233,26.9012383162301);
#121=CIRCLE('',#3240,24.3335394781464);
#122=CIRCLE('',#3242,0.499999999999996);
#123=CIRCLE('',#3243,4.24999999453067);
#124=CIRCLE('',#3244,23.8335394781464);
#125=CIRCLE('',#3252,1.75);
#126=CIRCLE('',#3254,4.24999999453067);
#127=(
BOUNDED_CURVE()
B_SPLINE_CURVE(3,(#3905,#3906,#3907,#3908),.UNSPECIFIED.,.F.,.F.)
B_SPLINE_CURVE_WITH_KNOTS((4,4),(0.,1.),.PIECEWISE_BEZIER_KNOTS.)
CURVE()
GEOMETRIC_REPRESENTATION_ITEM()
RATIONAL_B_SPLINE_CURVE((1.,1.,1.,1.))
REPRESENTATION_ITEM('')
);
#128=(
BOUNDED_CURVE()
B_SPLINE_CURVE(3,(#3950,#3951,#3952,#3953,#3954,#3955,#3956,#3957,#3958,
#3959,#3960,#3961),.UNSPECIFIED.,.F.,.F.)
B_SPLINE_CURVE_WITH_KNOTS((4,2,2,2,2,4),(0.36539584770895,0.523214294254418,
0.681032740799887,0.838851187345356,0.996669633890825,1.),.UNSPECIFIED.)
CURVE()
GEOMETRIC_REPRESENTATION_ITEM()
RATIONAL_B_SPLINE_CURVE((1.,1.,1.,1.,1.,1.,1.,1.,1.,1.,1.,1.))
REPRESENTATION_ITEM('')
);
#129=(
BOUNDED_CURVE()
B_SPLINE_CURVE(3,(#4333,#4334,#4335,#4336,#4337,#4338,#4339,#4340,#4341,
#4342,#4343,#4344,#4345,#4346,#4347,#4348,#4349,#4350,#4351,#4352,#4353,
#4354,#4355,#4356,#4357,#4358,#4359,#4360,#4361,#4362,#4363,#4364,#4365,
#4366,#4367,#4368,#4369,#4370,#4371,#4372,#4373,#4374,#4375,#4376,#4377,
#4378,#4379,#4380,#4381,#4382,#4383,#4384,#4385,#4386,#4387,#4388,#4389,
#4390,#4391,#4392,#4393,#4394,#4395,#4396,#4397,#4398,#4399,#4400,#4401,
#4402,#4403,#4404,#4405,#4406,#4407,#4408,#4409,#4410,#4411,#4412),
 .UNSPECIFIED.,.F.,.F.)
B_SPLINE_CURVE_WITH_KNOTS((4,3,3,3,3,3,3,3,3,3,3,3,2,2,2,2,2,3,3,3,3,3,
3,3,3,3,3,3,4),(-8.460801970185,-6.39292459245,-4.8022496865,-3.578653605,
-2.63742585,-1.9134045,-1.356465,-0.92805,-0.5985,-0.345,-0.15,0.,0.199872815548657,
0.48034649206314,0.760820168577397,0.901057006834513,0.971175425963095,
1.,1.15,1.345,1.5985,1.92805,2.356465,2.9134045,3.63742585,4.578653605,
5.8022496865,7.39292459245,9.460801970185),.UNSPECIFIED.)
CURVE()
GEOMETRIC_REPRESENTATION_ITEM()
RATIONAL_B_SPLINE_CURVE((1.,1.,1.,1.,1.,1.,1.,1.,1.,1.,1.,1.,1.,1.,1.,1.,
1.,1.,1.,1.,1.,1.,1.,1.,1.,1.,1.,1.,1.,1.,1.,1.,1.,1.,1.,1.,1.,1.,1.,1.,
1.,1.,1.,1.,1.,1.,1.,1.,1.,1.,1.,1.,1.,1.,1.,1.,1.,1.,1.,1.,1.,1.,1.,1.,
1.,1.,1.,1.,1.,1.,1.,1.,1.,1.,1.,1.,1.,1.,1.,1.))
REPRESENTATION_ITEM('')
);
#130=(
BOUNDED_CURVE()
B_SPLINE_CURVE(3,(#6971,#6972,#6973,#6974,#6975,#6976,#6977,#6978,#6979,
#6980,#6981,#6982),.UNSPECIFIED.,.F.,.F.)
B_SPLINE_CURVE_WITH_KNOTS((4,2,2,2,2,4),(0.36539584770895,0.523214294254418,
0.681032740799887,0.838851187345356,0.996669633890825,1.),.UNSPECIFIED.)
CURVE()
GEOMETRIC_REPRESENTATION_ITEM()
RATIONAL_B_SPLINE_CURVE((1.,1.,1.,1.,1.,1.,1.,1.,1.,1.,1.,1.))
REPRESENTATION_ITEM('')
);
#131=B_SPLINE_SURFACE_WITH_KNOTS('',1,3,((#3883,#3884,#3885,#3886),(#3887,
#3888,#3889,#3890)),.SURF_OF_LINEAR_EXTRUSION.,.F.,.F.,.F.,(2,2),(4,4),
(0.,1.),(0.,0.838773138080084),.PIECEWISE_BEZIER_KNOTS.);
#132=B_SPLINE_SURFACE_WITH_KNOTS('',2,1,((#4980,#4981),(#4982,#4983),(#4984,
#4985)),.SURF_OF_LINEAR_EXTRUSION.,.F.,.F.,.F.,(3,3),(2,2),(0.660383546053594,
0.714825482596212),(0.97680575750839,0.983017298090197),
 .PIECEWISE_BEZIER_KNOTS.);
#133=B_SPLINE_SURFACE_WITH_KNOTS('',2,1,((#4992,#4993),(#4994,#4995),(#4996,
#4997)),.SURF_OF_LINEAR_EXTRUSION.,.F.,.F.,.F.,(3,3),(2,2),(0.707486822793544,
1.),(0.956653267628496,1.),.PIECEWISE_BEZIER_KNOTS.);
#134=B_SPLINE_SURFACE_WITH_KNOTS('',2,1,((#5063,#5064),(#5065,#5066),(#5067,
#5068)),.SURF_OF_LINEAR_EXTRUSION.,.F.,.F.,.F.,(3,3),(2,2),(0.660383546053592,
1.),(0.0795797976856338,0.944907557951582),.PIECEWISE_BEZIER_KNOTS.);
#135=B_SPLINE_SURFACE_WITH_KNOTS('',1,3,((#5282,#5283,#5284,#5285),(#5286,
#5287,#5288,#5289)),.SURF_OF_LINEAR_EXTRUSION.,.F.,.F.,.F.,(2,2),(4,4),
(0.,1.),(0.0742153846824594,0.916723517750364),.PIECEWISE_BEZIER_KNOTS.);
#136=B_SPLINE_SURFACE_WITH_KNOTS('',3,3,((#5552,#5553,#5554,#5555,#5556,
#5557,#5558,#5559,#5560,#5561,#5562,#5563,#5564,#5565,#5566,#5567),(#5568,
#5569,#5570,#5571,#5572,#5573,#5574,#5575,#5576,#5577,#5578,#5579,#5580,
#5581,#5582,#5583),(#5584,#5585,#5586,#5587,#5588,#5589,#5590,#5591,#5592,
#5593,#5594,#5595,#5596,#5597,#5598,#5599),(#5600,#5601,#5602,#5603,#5604,
#5605,#5606,#5607,#5608,#5609,#5610,#5611,#5612,#5613,#5614,#5615),(#5616,
#5617,#5618,#5619,#5620,#5621,#5622,#5623,#5624,#5625,#5626,#5627,#5628,
#5629,#5630,#5631),(#5632,#5633,#5634,#5635,#5636,#5637,#5638,#5639,#5640,
#5641,#5642,#5643,#5644,#5645,#5646,#5647),(#5648,#5649,#5650,#5651,#5652,
#5653,#5654,#5655,#5656,#5657,#5658,#5659,#5660,#5661,#5662,#5663),(#5664,
#5665,#5666,#5667,#5668,#5669,#5670,#5671,#5672,#5673,#5674,#5675,#5676,
#5677,#5678,#5679),(#5680,#5681,#5682,#5683,#5684,#5685,#5686,#5687,#5688,
#5689,#5690,#5691,#5692,#5693,#5694,#5695),(#5696,#5697,#5698,#5699,#5700,
#5701,#5702,#5703,#5704,#5705,#5706,#5707,#5708,#5709,#5710,#5711)),
 .UNSPECIFIED.,.F.,.F.,.F.,(4,2,2,2,4),(4,3,2,2,2,3,4),(0.,0.249999999999997,
0.374999999999997,0.499999999999997,1.),(-0.704826151007034,0.,0.25,0.5,
0.75,1.,1.01704826151007),.UNSPECIFIED.);
#137=B_SPLINE_SURFACE_WITH_KNOTS('',1,3,((#5784,#5785,#5786,#5787,#5788,
#5789,#5790,#5791,#5792,#5793,#5794,#5795,#5796,#5797,#5798,#5799),(#5800,
#5801,#5802,#5803,#5804,#5805,#5806,#5807,#5808,#5809,#5810,#5811,#5812,
#5813,#5814,#5815)),.SURF_OF_LINEAR_EXTRUSION.,.F.,.F.,.F.,(2,2),(4,3,2,
2,2,3,4),(0.,1.),(-0.704826151006768,0.,0.25,0.5,0.75,1.,1.01704826151007),
 .UNSPECIFIED.);
#138=B_SPLINE_SURFACE_WITH_KNOTS('',1,3,((#5844,#5845,#5846,#5847),(#5848,
#5849,#5850,#5851)),.SURF_OF_LINEAR_EXTRUSION.,.F.,.F.,.F.,(2,2),(4,4),
(0.,0.737231545274277),(0.,1.),.PIECEWISE_BEZIER_KNOTS.);
#139=B_SPLINE_SURFACE_WITH_KNOTS('',1,3,((#5935,#5936,#5937,#5938,#5939,
#5940,#5941),(#5942,#5943,#5944,#5945,#5946,#5947,#5948)),
 .SURF_OF_LINEAR_EXTRUSION.,.F.,.F.,.F.,(2,2),(4,1,1,1,4),(0.,1.),(0.,0.25,
0.5,0.75,0.857024009161272),.UNSPECIFIED.);
#140=B_SPLINE_SURFACE_WITH_KNOTS('',1,3,((#6223,#6224,#6225,#6226),(#6227,
#6228,#6229,#6230)),.RULED_SURF.,.F.,.F.,.F.,(2,2),(4,4),(0.,1.),(0.00672582344633185,
0.997699829834668),.PIECEWISE_BEZIER_KNOTS.);
#141=B_SPLINE_SURFACE_WITH_KNOTS('',1,3,((#6280,#6281,#6282,#6283,#6284,
#6285,#6286,#6287,#6288,#6289,#6290,#6291,#6292,#6293,#6294,#6295,#6296,
#6297,#6298,#6299,#6300,#6301,#6302,#6303,#6304,#6305,#6306,#6307,#6308),
(#6309,#6310,#6311,#6312,#6313,#6314,#6315,#6316,#6317,#6318,#6319,#6320,
#6321,#6322,#6323,#6324,#6325,#6326,#6327,#6328,#6329,#6330,#6331,#6332,
#6333,#6334,#6335,#6336,#6337),(#6338,#6339,#6340,#6341,#6342,#6343,#6344,
#6345,#6346,#6347,#6348,#6349,#6350,#6351,#6352,#6353,#6354,#6355,#6356,
#6357,#6358,#6359,#6360,#6361,#6362,#6363,#6364,#6365,#6366)),
 .RULED_SURF.,.F.,.F.,.F.,(2,1,2),(4,3,2,2,2,2,2,2,2,2,2,2,2,4),(0.0296455624858342,
1.,1.02964556248584),(-0.341785475122563,-0.113151584715849,-0.0565757923579243,
-0.0282878961789622,-0.0141439480894811,-0.00707197404474054,0.,0.0080925768056285,
0.016185153611257,0.032370307222514,0.064740614445028,0.129481228890056,
0.258962457780112,0.406492715623789),.UNSPECIFIED.);
#142=B_SPLINE_SURFACE_WITH_KNOTS('',3,3,((#6490,#6491,#6492,#6493,#6494,
#6495,#6496),(#6497,#6498,#6499,#6500,#6501,#6502,#6503),(#6504,#6505,#6506,
#6507,#6508,#6509,#6510),(#6511,#6512,#6513,#6514,#6515,#6516,#6517),(#6518,
#6519,#6520,#6521,#6522,#6523,#6524),(#6525,#6526,#6527,#6528,#6529,#6530,
#6531),(#6532,#6533,#6534,#6535,#6536,#6537,#6538),(#6539,#6540,#6541,#6542,
#6543,#6544,#6545),(#6546,#6547,#6548,#6549,#6550,#6551,#6552),(#6553,#6554,
#6555,#6556,#6557,#6558,#6559)),.UNSPECIFIED.,.F.,.F.,.F.,(4,2,2,2,4),(4,
3,4),(0.0550282029673785,0.249999999999997,0.374999999999997,0.499999999999997,
1.),(-0.019864898982936,0.,1.),.UNSPECIFIED.);
#143=B_SPLINE_SURFACE_WITH_KNOTS('',1,3,((#6754,#6755,#6756,#6757,#6758,
#6759,#6760,#6761,#6762,#6763,#6764,#6765,#6766,#6767,#6768,#6769,#6770,
#6771,#6772,#6773,#6774,#6775,#6776),(#6777,#6778,#6779,#6780,#6781,#6782,
#6783,#6784,#6785,#6786,#6787,#6788,#6789,#6790,#6791,#6792,#6793,#6794,
#6795,#6796,#6797,#6798,#6799)),.SURF_OF_LINEAR_EXTRUSION.,.F.,.F.,.F.,
(2,2),(4,3,2,2,2,2,2,2,2,2,4),(0.,1.),(-0.00607691594836584,0.,0.25,0.375,
0.40625,0.4375,0.5,0.625,0.75,0.875,1.),.UNSPECIFIED.);
#144=B_SPLINE_SURFACE_WITH_KNOTS('',2,1,((#6877,#6878),(#6879,#6880),(#6881,
#6882)),.SURF_OF_LINEAR_EXTRUSION.,.F.,.F.,.F.,(3,3),(2,2),(0.660383546053591,
0.959902764313699),(0.,0.00365097752934568),.PIECEWISE_BEZIER_KNOTS.);
#145=B_SPLINE_SURFACE_WITH_KNOTS('',3,1,((#6898,#6899),(#6900,#6901),(#6902,
#6903),(#6904,#6905),(#6906,#6907),(#6908,#6909),(#6910,#6911),(#6912,#6913),
(#6914,#6915),(#6916,#6917)),.SURF_OF_LINEAR_EXTRUSION.,.F.,.F.,.F.,(4,
2,2,2,4),(2,2),(0.0606641491880232,0.249999999999997,0.374999999999997,
0.499999999999997,1.),(0.,1.),.UNSPECIFIED.);
#146=B_SPLINE_SURFACE_WITH_KNOTS('',1,3,((#7055,#7056,#7057,#7058,#7059,
#7060,#7061,#7062,#7063,#7064),(#7065,#7066,#7067,#7068,#7069,#7070,#7071,
#7072,#7073,#7074),(#7075,#7076,#7077,#7078,#7079,#7080,#7081,#7082,#7083,
#7084)),.SURF_OF_LINEAR_EXTRUSION.,.F.,.F.,.F.,(2,1,2),(4,2,2,2,4),(0.,
1.,1.01205163204629),(0.366617045324294,0.524962783993221,0.683308522662147,
0.841654261331074,0.980190301486184),.UNSPECIFIED.);
#147=B_SPLINE_SURFACE_WITH_KNOTS('',1,3,((#7104,#7105,#7106,#7107,#7108,
#7109,#7110,#7111,#7112,#7113),(#7114,#7115,#7116,#7117,#7118,#7119,#7120,
#7121,#7122,#7123)),.SURF_OF_LINEAR_EXTRUSION.,.F.,.F.,.F.,(2,2),(4,2,2,
2,4),(0.,0.746647809464797),(0.36539584770895,0.523214294254418,0.681032740799887,
0.838851187345356,0.911434692049489),.UNSPECIFIED.);
#148=B_SPLINE_SURFACE_WITH_KNOTS('',3,3,((#7152,#7153,#7154,#7155,#7156,
#7157,#7158,#7159,#7160,#7161),(#7162,#7163,#7164,#7165,#7166,#7167,#7168,
#7169,#7170,#7171),(#7172,#7173,#7174,#7175,#7176,#7177,#7178,#7179,#7180,
#7181),(#7182,#7183,#7184,#7185,#7186,#7187,#7188,#7189,#7190,#7191),(#7192,
#7193,#7194,#7195,#7196,#7197,#7198,#7199,#7200,#7201),(#7202,#7203,#7204,
#7205,#7206,#7207,#7208,#7209,#7210,#7211),(#7212,#7213,#7214,#7215,#7216,
#7217,#7218,#7219,#7220,#7221),(#7222,#7223,#7224,#7225,#7226,#7227,#7228,
#7229,#7230,#7231),(#7232,#7233,#7234,#7235,#7236,#7237,#7238,#7239,#7240,
#7241),(#7242,#7243,#7244,#7245,#7246,#7247,#7248,#7249,#7250,#7251),(#7252,
#7253,#7254,#7255,#7256,#7257,#7258,#7259,#7260,#7261),(#7262,#7263,#7264,
#7265,#7266,#7267,#7268,#7269,#7270,#7271),(#7272,#7273,#7274,#7275,#7276,
#7277,#7278,#7279,#7280,#7281)),.UNSPECIFIED.,.F.,.F.,.F.,(4,2,2,2,3,4),
(4,2,2,2,4),(0.055021624324809,0.249999999999997,0.374999999999997,0.499999999999997,
1.,1.00563845403351),(0.36539584770895,0.523214294254418,0.681032740799887,
0.838851187345356,0.85603799150337),.UNSPECIFIED.);
#149=B_SPLINE_SURFACE_WITH_KNOTS('',1,3,((#7412,#7413,#7414,#7415,#7416,
#7417,#7418,#7419,#7420,#7421,#7422,#7423,#7424,#7425,#7426,#7427,#7428,
#7429,#7430,#7431,#7432,#7433,#7434,#7435,#7436,#7437),(#7438,#7439,#7440,
#7441,#7442,#7443,#7444,#7445,#7446,#7447,#7448,#7449,#7450,#7451,#7452,
#7453,#7454,#7455,#7456,#7457,#7458,#7459,#7460,#7461,#7462,#7463),(#7464,
#7465,#7466,#7467,#7468,#7469,#7470,#7471,#7472,#7473,#7474,#7475,#7476,
#7477,#7478,#7479,#7480,#7481,#7482,#7483,#7484,#7485,#7486,#7487,#7488,
#7489)),.RULED_SURF.,.F.,.F.,.F.,(2,1,2),(4,2,2,2,2,2,2,2,2,2,2,2,4),(-0.008172372246212,
0.,1.),(0.0998112075749097,0.287673173726271,0.411924838470045,0.427456296563017,
0.442987754655989,0.474050670841932,0.536176503213819,0.784679832701368,
0.908931497445142,0.939994413631085,0.971057329817029,0.986588787910001,
0.993374774045559),.UNSPECIFIED.);
#150=B_SPLINE_SURFACE_WITH_KNOTS('',1,3,((#7498,#7499,#7500,#7501,#7502,
#7503,#7504,#7505,#7506,#7507,#7508,#7509),(#7510,#7511,#7512,#7513,#7514,
#7515,#7516,#7517,#7518,#7519,#7520,#7521),(#7522,#7523,#7524,#7525,#7526,
#7527,#7528,#7529,#7530,#7531,#7532,#7533)),.RULED_SURF.,.F.,.F.,.F.,(2,
1,2),(4,2,2,2,2,4),(0.,1.,1.00625890458652),(0.075976271373758,0.272508062912433,
0.505993570018107,0.739479077123781,0.856221830676618,0.936197128290175),
 .UNSPECIFIED.);
#151=B_SPLINE_SURFACE_WITH_KNOTS('',1,3,((#7543,#7544,#7545,#7546,#7547,
#7548,#7549,#7550),(#7551,#7552,#7553,#7554,#7555,#7556,#7557,#7558)),
 .RULED_SURF.,.F.,.F.,.F.,(2,2),(4,2,2,4),(0.,1.),(0.126161985179048,0.553332071040187,
0.766917113970757,0.980502156901326),.UNSPECIFIED.);
#152=B_SPLINE_SURFACE_WITH_KNOTS('',3,3,((#7568,#7569,#7570,#7571),(#7572,
#7573,#7574,#7575),(#7576,#7577,#7578,#7579),(#7580,#7581,#7582,#7583)),
 .UNSPECIFIED.,.F.,.F.,.F.,(4,4),(4,4),(0.273255818763919,1.00435672517473),
(0.00836028239055825,0.578168367676591),.UNSPECIFIED.);
#153=B_SPLINE_SURFACE_WITH_KNOTS('',1,3,((#8014,#8015,#8016,#8017,#8018,
#8019,#8020,#8021,#8022,#8023,#8024,#8025),(#8026,#8027,#8028,#8029,#8030,
#8031,#8032,#8033,#8034,#8035,#8036,#8037)),.RULED_SURF.,.F.,.F.,.F.,(2,
2),(4,2,2,2,2,4),(0.,1.),(0.0759867340724639,0.154794938619573,0.269893925936545,
0.500091900570488,0.730289875204432,0.923675389146021),.UNSPECIFIED.);
#154=B_SPLINE_SURFACE_WITH_KNOTS('',1,3,((#8038,#8039,#8040,#8041,#8042,
#8043,#8044,#8045,#8046,#8047),(#8048,#8049,#8050,#8051,#8052,#8053,#8054,
#8055,#8056,#8057),(#8058,#8059,#8060,#8061,#8062,#8063,#8064,#8065,#8066,
#8067)),.RULED_SURF.,.F.,.F.,.F.,(2,1,2),(4,2,2,2,4),(0.,1.,1.0060816501353),
(0.105444999783162,0.157135157196261,0.271599551356422,0.500528339676745,
0.527223308659754),.UNSPECIFIED.);
#155=B_SPLINE_SURFACE_WITH_KNOTS('',1,3,((#8076,#8077,#8078,#8079),(#8080,
#8081,#8082,#8083)),.RULED_SURF.,.F.,.F.,.F.,(2,2),(4,4),(0.,1.),(0.527223046605073,
0.905020129653894),.PIECEWISE_BEZIER_KNOTS.);
#156=B_SPLINE_SURFACE_WITH_KNOTS('',1,3,((#8088,#8089,#8090,#8091,#8092,
#8093,#8094),(#8095,#8096,#8097,#8098,#8099,#8100,#8101)),.RULED_SURF.,
 .F.,.F.,.F.,(2,2),(4,3,4),(0.,1.),(-0.100781559423402,-0.0811138660841837,
0.177692035406927),.PIECEWISE_BEZIER_KNOTS.);
#157=B_SPLINE_SURFACE_WITH_KNOTS('',1,3,((#8106,#8107,#8108,#8109),(#8110,
#8111,#8112,#8113)),.RULED_SURF.,.F.,.F.,.F.,(2,2),(4,4),(0.,1.),(0.177692035404904,
0.874795587563318),.PIECEWISE_BEZIER_KNOTS.);
#158=B_SPLINE_SURFACE_WITH_KNOTS('',1,3,((#8123,#8124,#8125,#8126),(#8127,
#8128,#8129,#8130),(#8131,#8132,#8133,#8134)),.RULED_SURF.,.F.,.F.,.F.,
(2,1,2),(4,4),(0.,1.,1.00915322239267),(0.0463573600613366,0.96213705019453),
 .PIECEWISE_BEZIER_KNOTS.);
#159=B_SPLINE_SURFACE_WITH_KNOTS('',1,3,((#8139,#8140,#8141,#8142),(#8143,
#8144,#8145,#8146)),.SURF_OF_LINEAR_EXTRUSION.,.F.,.F.,.F.,(2,2),(4,4),
(0.,1.),(0.116408969046624,0.930449658759243),.PIECEWISE_BEZIER_KNOTS.);
#160=B_SPLINE_SURFACE_WITH_KNOTS('',1,3,((#8152,#8153,#8154,#8155),(#8156,
#8157,#8158,#8159)),.RULED_SURF.,.F.,.F.,.F.,(2,2),(4,4),(0.,1.),(0.154525704001904,
0.916613361372979),.PIECEWISE_BEZIER_KNOTS.);
#161=B_SPLINE_SURFACE_WITH_KNOTS('',1,3,((#8168,#8169,#8170,#8171),(#8172,
#8173,#8174,#8175)),.SURF_OF_LINEAR_EXTRUSION.,.F.,.F.,.F.,(2,2),(4,4),
(0.,1.),(0.0833199106275251,0.916519016902776),.PIECEWISE_BEZIER_KNOTS.);
#162=B_SPLINE_SURFACE_WITH_KNOTS('',1,3,((#8180,#8181,#8182,#8183),(#8184,
#8185,#8186,#8187),(#8188,#8189,#8190,#8191)),.RULED_SURF.,.F.,.F.,.F.,
(2,1,2),(4,4),(0.,1.,1.00625749122109),(0.083284775187464,0.916716978759177),
 .PIECEWISE_BEZIER_KNOTS.);
#163=B_SPLINE_SURFACE_WITH_KNOTS('',1,3,((#8196,#8197,#8198,#8199),(#8200,
#8201,#8202,#8203)),.RULED_SURF.,.F.,.F.,.F.,(2,2),(4,4),(0.,1.),(0.0887548487287055,
0.922080126018896),.PIECEWISE_BEZIER_KNOTS.);
#164=B_SPLINE_SURFACE_WITH_KNOTS('',1,3,((#8216,#8217,#8218,#8219),(#8220,
#8221,#8222,#8223)),.RULED_SURF.,.F.,.F.,.F.,(2,2),(4,4),(0.,1.),(0.0588351715883665,
0.940807980582451),.PIECEWISE_BEZIER_KNOTS.);
#165=B_SPLINE_SURFACE_WITH_KNOTS('',1,3,((#8228,#8229,#8230,#8231,#8232,
#8233,#8234),(#8235,#8236,#8237,#8238,#8239,#8240,#8241),(#8242,#8243,#8244,
#8245,#8246,#8247,#8248),(#8249,#8250,#8251,#8252,#8253,#8254,#8255)),
 .SURF_OF_LINEAR_EXTRUSION.,.F.,.F.,.F.,(2,1,1,2),(4,3,4),(-0.005,0.,1.,
1.005),(0.554263674759779,0.957430943108916,1.08339329145298),
 .PIECEWISE_BEZIER_KNOTS.);
#166=B_SPLINE_SURFACE_WITH_KNOTS('',1,3,((#8264,#8265,#8266,#8267,#8268,
#8269),(#8270,#8271,#8272,#8273,#8274,#8275)),.RULED_SURF.,.F.,.F.,.F.,
(2,2),(4,2,4),(0.,1.),(0.0620634828972488,0.500109496013875,0.554263674759781),
 .UNSPECIFIED.);
#167=B_SPLINE_SURFACE_WITH_KNOTS('',1,3,((#8276,#8277,#8278,#8279,#8280,
#8281,#8282,#8283,#8284,#8285,#8286,#8287,#8288,#8289,#8290,#8291,#8292,
#8293),(#8294,#8295,#8296,#8297,#8298,#8299,#8300,#8301,#8302,#8303,#8304,
#8305,#8306,#8307,#8308,#8309,#8310,#8311)),.RULED_SURF.,.F.,.F.,.F.,(2,
2),(4,2,2,2,2,2,2,2,4),(0.,1.),(0.0691636335108975,0.148816305762763,0.2073793079643,
0.265942310165837,0.500194318971986,0.734446327778134,0.793009329979671,
0.851572332181209,0.93121805686213),.UNSPECIFIED.);
#168=B_SPLINE_SURFACE_WITH_KNOTS('',1,3,((#8317,#8318,#8319,#8320),(#8321,
#8322,#8323,#8324)),.RULED_SURF.,.F.,.F.,.F.,(2,2),(4,4),(0.,1.),(0.14446346459295,
0.9314432666747),.PIECEWISE_BEZIER_KNOTS.);
#169=B_SPLINE_SURFACE_WITH_KNOTS('',1,3,((#8329,#8330,#8331,#8332),(#8333,
#8334,#8335,#8336),(#8337,#8338,#8339,#8340)),
 .SURF_OF_LINEAR_EXTRUSION.,.F.,.F.,.F.,(2,1,2),(4,4),(-0.022776994263662,
0.,1.),(0.0815596612552125,0.90459120487015),.PIECEWISE_BEZIER_KNOTS.);
#170=B_SPLINE_SURFACE_WITH_KNOTS('',1,3,((#8345,#8346,#8347,#8348),(#8349,
#8350,#8351,#8352)),.SURF_OF_LINEAR_EXTRUSION.,.F.,.F.,.F.,(2,2),(4,4),
(0.,1.),(0.0978826186004323,0.925691508359746),.PIECEWISE_BEZIER_KNOTS.);
#171=LINE('',#3835,#391);
#172=LINE('',#3837,#392);
#173=LINE('',#3839,#393);
#174=LINE('',#3841,#394);
#175=LINE('',#3843,#395);
#176=LINE('',#3845,#396);
#177=LINE('',#3847,#397);
#178=LINE('',#3849,#398);
#179=LINE('',#3851,#399);
#180=LINE('',#3853,#400);
#181=LINE('',#3865,#401);
#182=LINE('',#3903,#402);
#183=LINE('',#3910,#403);
#184=LINE('',#3938,#404);
#185=LINE('',#3940,#405);
#186=LINE('',#3942,#406);
#187=LINE('',#3944,#407);
#188=LINE('',#3946,#408);
#189=LINE('',#3948,#409);
#190=LINE('',#3965,#410);
#191=LINE('',#3967,#411);
#192=LINE('',#3985,#412);
#193=LINE('',#4419,#413);
#194=LINE('',#4421,#414);
#195=LINE('',#4433,#415);
#196=LINE('',#4440,#416);
#197=LINE('',#4442,#417);
#198=LINE('',#4449,#418);
#199=LINE('',#4451,#419);
#200=LINE('',#4453,#420);
#201=LINE('',#4455,#421);
#202=LINE('',#4500,#422);
#203=LINE('',#4506,#423);
#204=LINE('',#4509,#424);
#205=LINE('',#4511,#425);
#206=LINE('',#4513,#426);
#207=LINE('',#4515,#427);
#208=LINE('',#4518,#428);
#209=LINE('',#4520,#429);
#210=LINE('',#4522,#430);
#211=LINE('',#4526,#431);
#212=LINE('',#4530,#432);
#213=LINE('',#4534,#433);
#214=LINE('',#4538,#434);
#215=LINE('',#4542,#435);
#216=LINE('',#4546,#436);
#217=LINE('',#4550,#437);
#218=LINE('',#4554,#438);
#219=LINE('',#4556,#439);
#220=LINE('',#4559,#440);
#221=LINE('',#4561,#441);
#222=LINE('',#4563,#442);
#223=LINE('',#4567,#443);
#224=LINE('',#4572,#444);
#225=LINE('',#4576,#445);
#226=LINE('',#4578,#446);
#227=LINE('',#4580,#447);
#228=LINE('',#4582,#448);
#229=LINE('',#4584,#449);
#230=LINE('',#4586,#450);
#231=LINE('',#4588,#451);
#232=LINE('',#4590,#452);
#233=LINE('',#4592,#453);
#234=LINE('',#4594,#454);
#235=LINE('',#4596,#455);
#236=LINE('',#4872,#456);
#237=LINE('',#4931,#457);
#238=LINE('',#4938,#458);
#239=LINE('',#4961,#459);
#240=LINE('',#4963,#460);
#241=LINE('',#4970,#461);
#242=LINE('',#4977,#462);
#243=LINE('',#4979,#463);
#244=LINE('',#4986,#464);
#245=LINE('',#5037,#465);
#246=LINE('',#5039,#466);
#247=LINE('',#5041,#467);
#248=LINE('',#5049,#468);
#249=LINE('',#5052,#469);
#250=LINE('',#5054,#470);
#251=LINE('',#5056,#471);
#252=LINE('',#5058,#472);
#253=LINE('',#5060,#473);
#254=LINE('',#5062,#474);
#255=LINE('',#5074,#475);
#256=LINE('',#5076,#476);
#257=LINE('',#5079,#477);
#258=LINE('',#5101,#478);
#259=LINE('',#5123,#479);
#260=LINE('',#5144,#480);
#261=LINE('',#5152,#481);
#262=LINE('',#5300,#482);
#263=LINE('',#5302,#483);
#264=LINE('',#5304,#484);
#265=LINE('',#5306,#485);
#266=LINE('',#5308,#486);
#267=LINE('',#5310,#487);
#268=LINE('',#5312,#488);
#269=LINE('',#5314,#489);
#270=LINE('',#5316,#490);
#271=LINE('',#5318,#491);
#272=LINE('',#5320,#492);
#273=LINE('',#5322,#493);
#274=LINE('',#5324,#494);
#275=LINE('',#5326,#495);
#276=LINE('',#5328,#496);
#277=LINE('',#5330,#497);
#278=LINE('',#5332,#498);
#279=LINE('',#5526,#499);
#280=LINE('',#5530,#500);
#281=LINE('',#5532,#501);
#282=LINE('',#5534,#502);
#283=LINE('',#5537,#503);
#284=LINE('',#5539,#504);
#285=LINE('',#5543,#505);
#286=LINE('',#5545,#506);
#287=LINE('',#5547,#507);
#288=LINE('',#5549,#508);
#289=LINE('',#5551,#509);
#290=LINE('',#5843,#510);
#291=LINE('',#5857,#511);
#292=LINE('',#5864,#512);
#293=LINE('',#5867,#513);
#294=LINE('',#5868,#514);
#295=LINE('',#5870,#515);
#296=LINE('',#5872,#516);
#297=LINE('',#5874,#517);
#298=LINE('',#5876,#518);
#299=LINE('',#5878,#519);
#300=LINE('',#5880,#520);
#301=LINE('',#5885,#521);
#302=LINE('',#5889,#522);
#303=LINE('',#5892,#523);
#304=LINE('',#5894,#524);
#305=LINE('',#5896,#525);
#306=LINE('',#5901,#526);
#307=LINE('',#5903,#527);
#308=LINE('',#5906,#528);
#309=LINE('',#5907,#529);
#310=LINE('',#5909,#530);
#311=LINE('',#5912,#531);
#312=LINE('',#5913,#532);
#313=LINE('',#5915,#533);
#314=LINE('',#5916,#534);
#315=LINE('',#5920,#535);
#316=LINE('',#5923,#536);
#317=LINE('',#5924,#537);
#318=LINE('',#5928,#538);
#319=LINE('',#5949,#539);
#320=LINE('',#5983,#540);
#321=LINE('',#5985,#541);
#322=LINE('',#5987,#542);
#323=LINE('',#5989,#543);
#324=LINE('',#5991,#544);
#325=LINE('',#6006,#545);
#326=LINE('',#6008,#546);
#327=LINE('',#6010,#547);
#328=LINE('',#6012,#548);
#329=LINE('',#6014,#549);
#330=LINE('',#6018,#550);
#331=LINE('',#6020,#551);
#332=LINE('',#6199,#552);
#333=LINE('',#6201,#553);
#334=LINE('',#6203,#554);
#335=LINE('',#6236,#555);
#336=LINE('',#6238,#556);
#337=LINE('',#6240,#557);
#338=LINE('',#6242,#558);
#339=LINE('',#6243,#559);
#340=LINE('',#6245,#560);
#341=LINE('',#6247,#561);
#342=LINE('',#6249,#562);
#343=LINE('',#6251,#563);
#344=LINE('',#6253,#564);
#345=LINE('',#6254,#565);
#346=LINE('',#6256,#566);
#347=LINE('',#6258,#567);
#348=LINE('',#6260,#568);
#349=LINE('',#6266,#569);
#350=LINE('',#6268,#570);
#351=LINE('',#6272,#571);
#352=LINE('',#6274,#572);
#353=LINE('',#6389,#573);
#354=LINE('',#6396,#574);
#355=LINE('',#6397,#575);
#356=LINE('',#6685,#576);
#357=LINE('',#6693,#577);
#358=LINE('',#6700,#578);
#359=LINE('',#6739,#579);
#360=LINE('',#6745,#580);
#361=LINE('',#6806,#581);
#362=LINE('',#6819,#582);
#363=LINE('',#6821,#583);
#364=LINE('',#6823,#584);
#365=LINE('',#6825,#585);
#366=LINE('',#6827,#586);
#367=LINE('',#6829,#587);
#368=LINE('',#6831,#588);
#369=LINE('',#6835,#589);
#370=LINE('',#6838,#590);
#371=LINE('',#6855,#591);
#372=LINE('',#6857,#592);
#373=LINE('',#6859,#593);
#374=LINE('',#6861,#594);
#375=LINE('',#6865,#595);
#376=LINE('',#6867,#596);
#377=LINE('',#6871,#597);
#378=LINE('',#6887,#598);
#379=LINE('',#6889,#599);
#380=LINE('',#6891,#600);
#381=LINE('',#6893,#601);
#382=LINE('',#6895,#602);
#383=LINE('',#6897,#603);
#384=LINE('',#6969,#604);
#385=LINE('',#6999,#605);
#386=LINE('',#7047,#606);
#387=LINE('',#7054,#607);
#388=LINE('',#8358,#608);
#389=LINE('',#8360,#609);
#390=LINE('',#8362,#610);
#391=VECTOR('',#3266,1000.);
#392=VECTOR('',#3267,1000.);
#393=VECTOR('',#3268,1000.);
#394=VECTOR('',#3269,1000.);
#395=VECTOR('',#3270,1000.);
#396=VECTOR('',#3271,1000.);
#397=VECTOR('',#3272,1000.);
#398=VECTOR('',#3273,1000.);
#399=VECTOR('',#3274,1000.);
#400=VECTOR('',#3275,1000.);
#401=VECTOR('',#3276,1000.);
#402=VECTOR('',#3277,1000.);
#403=VECTOR('',#3280,1000.);
#404=VECTOR('',#3283,1000.);
#405=VECTOR('',#3284,1000.);
#406=VECTOR('',#3285,1000.);
#407=VECTOR('',#3286,1000.);
#408=VECTOR('',#3287,1000.);
#409=VECTOR('',#3288,1000.);
#410=VECTOR('',#3293,1000.);
#411=VECTOR('',#3294,1000.);
#412=VECTOR('',#3297,1000.);
#413=VECTOR('',#3300,1000.);
#414=VECTOR('',#3303,1000.);
#415=VECTOR('',#3304,1000.);
#416=VECTOR('',#3305,1000.);
#417=VECTOR('',#3306,1000.);
#418=VECTOR('',#3307,1000.);
#419=VECTOR('',#3308,1000.);
#420=VECTOR('',#3309,1000.);
#421=VECTOR('',#3310,1000.);
#422=VECTOR('',#3317,1000.);
#423=VECTOR('',#3324,1000.);
#424=VECTOR('',#3325,1000.);
#425=VECTOR('',#3326,1000.);
#426=VECTOR('',#3327,1000.);
#427=VECTOR('',#3330,1000.);
#428=VECTOR('',#3331,1000.);
#429=VECTOR('',#3332,1000.);
#430=VECTOR('',#3333,1000.);
#431=VECTOR('',#3338,1000.);
#432=VECTOR('',#3343,1000.);
#433=VECTOR('',#3348,1000.);
#434=VECTOR('',#3353,1000.);
#435=VECTOR('',#3358,1000.);
#436=VECTOR('',#3363,1000.);
#437=VECTOR('',#3368,1000.);
#438=VECTOR('',#3373,1000.);
#439=VECTOR('',#3376,1000.);
#440=VECTOR('',#3377,1000.);
#441=VECTOR('',#3378,1000.);
#442=VECTOR('',#3379,1000.);
#443=VECTOR('',#3384,1000.);
#444=VECTOR('',#3387,1000.);
#445=VECTOR('',#3392,1000.);
#446=VECTOR('',#3393,1000.);
#447=VECTOR('',#3394,1000.);
#448=VECTOR('',#3397,1000.);
#449=VECTOR('',#3398,1000.);
#450=VECTOR('',#3399,1000.);
#451=VECTOR('',#3402,1000.);
#452=VECTOR('',#3403,1000.);
#453=VECTOR('',#3406,1000.);
#454=VECTOR('',#3407,1000.);
#455=VECTOR('',#3410,1000.);
#456=VECTOR('',#3415,1000.);
#457=VECTOR('',#3426,1000.);
#458=VECTOR('',#3427,1000.);
#459=VECTOR('',#3430,1000.);
#460=VECTOR('',#3431,1000.);
#461=VECTOR('',#3434,1000.);
#462=VECTOR('',#3435,1000.);
#463=VECTOR('',#3436,1000.);
#464=VECTOR('',#3437,1000.);
#465=VECTOR('',#3444,1000.);
#466=VECTOR('',#3447,1000.);
#467=VECTOR('',#3448,1000.);
#468=VECTOR('',#3461,1000.);
#469=VECTOR('',#3462,1000.);
#470=VECTOR('',#3463,1000.);
#471=VECTOR('',#3464,1000.);
#472=VECTOR('',#3467,1000.);
#473=VECTOR('',#3468,1000.);
#474=VECTOR('',#3469,1000.);
#475=VECTOR('',#3470,1000.);
#476=VECTOR('',#3473,1000.);
#477=VECTOR('',#3474,1000.);
#478=VECTOR('',#3477,1000.);
#479=VECTOR('',#3478,1000.);
#480=VECTOR('',#3489,1000.);
#481=VECTOR('',#3492,1000.);
#482=VECTOR('',#3495,1000.);
#483=VECTOR('',#3496,1000.);
#484=VECTOR('',#3499,1000.);
#485=VECTOR('',#3500,1000.);
#486=VECTOR('',#3501,1000.);
#487=VECTOR('',#3502,1000.);
#488=VECTOR('',#3505,1000.);
#489=VECTOR('',#3506,1000.);
#490=VECTOR('',#3509,1000.);
#491=VECTOR('',#3510,1000.);
#492=VECTOR('',#3511,1000.);
#493=VECTOR('',#3514,1000.);
#494=VECTOR('',#3515,1000.);
#495=VECTOR('',#3518,1000.);
#496=VECTOR('',#3519,1000.);
#497=VECTOR('',#3520,1000.);
#498=VECTOR('',#3523,1000.);
#499=VECTOR('',#3534,1000.);
#500=VECTOR('',#3537,1000.);
#501=VECTOR('',#3538,1000.);
#502=VECTOR('',#3541,1000.);
#503=VECTOR('',#3542,1000.);
#504=VECTOR('',#3543,1000.);
#505=VECTOR('',#3548,1000.);
#506=VECTOR('',#3549,1000.);
#507=VECTOR('',#3550,1000.);
#508=VECTOR('',#3553,1000.);
#509=VECTOR('',#3554,1000.);
#510=VECTOR('',#3555,1000.);
#511=VECTOR('',#3556,1000.);
#512=VECTOR('',#3559,1000.);
#513=VECTOR('',#3560,1000.);
#514=VECTOR('',#3561,1000.);
#515=VECTOR('',#3564,1000.);
#516=VECTOR('',#3565,1000.);
#517=VECTOR('',#3568,1000.);
#518=VECTOR('',#3569,1000.);
#519=VECTOR('',#3572,1000.);
#520=VECTOR('',#3575,1000.);
#521=VECTOR('',#3578,1000.);
#522=VECTOR('',#3583,1000.);
#523=VECTOR('',#3584,1000.);
#524=VECTOR('',#3585,1000.);
#525=VECTOR('',#3586,1000.);
#526=VECTOR('',#3587,1000.);
#527=VECTOR('',#3590,1000.);
#528=VECTOR('',#3591,1000.);
#529=VECTOR('',#3592,1000.);
#530=VECTOR('',#3595,1000.);
#531=VECTOR('',#3596,1000.);
#532=VECTOR('',#3597,1000.);
#533=VECTOR('',#3598,1000.);
#534=VECTOR('',#3599,1000.);
#535=VECTOR('',#3604,1000.);
#536=VECTOR('',#3609,1000.);
#537=VECTOR('',#3610,1000.);
#538=VECTOR('',#3615,1000.);
#539=VECTOR('',#3616,1000.);
#540=VECTOR('',#3619,1000.);
#541=VECTOR('',#3620,1000.);
#542=VECTOR('',#3623,1000.);
#543=VECTOR('',#3624,1000.);
#544=VECTOR('',#3627,1000.);
#545=VECTOR('',#3628,1000.);
#546=VECTOR('',#3631,1000.);
#547=VECTOR('',#3632,1000.);
#548=VECTOR('',#3633,1000.);
#549=VECTOR('',#3636,1000.);
#550=VECTOR('',#3641,1000.);
#551=VECTOR('',#3642,1000.);
#552=VECTOR('',#3647,1000.);
#553=VECTOR('',#3648,1000.);
#554=VECTOR('',#3649,1000.);
#555=VECTOR('',#3654,1000.);
#556=VECTOR('',#3655,1000.);
#557=VECTOR('',#3658,1000.);
#558=VECTOR('',#3661,1000.);
#559=VECTOR('',#3662,1000.);
#560=VECTOR('',#3663,1000.);
#561=VECTOR('',#3666,1000.);
#562=VECTOR('',#3667,1000.);
#563=VECTOR('',#3668,1000.);
#564=VECTOR('',#3671,1000.);
#565=VECTOR('',#3672,1000.);
#566=VECTOR('',#3675,1000.);
#567=VECTOR('',#3678,1000.);
#568=VECTOR('',#3681,1000.);
#569=VECTOR('',#3682,1000.);
#570=VECTOR('',#3685,1000.);
#571=VECTOR('',#3688,1000.);
#572=VECTOR('',#3689,1000.);
#573=VECTOR('',#3692,1000.);
#574=VECTOR('',#3693,1000.);
#575=VECTOR('',#3694,1000.);
#576=VECTOR('',#3699,1000.);
#577=VECTOR('',#3700,1000.);
#578=VECTOR('',#3703,1000.);
#579=VECTOR('',#3704,1000.);
#580=VECTOR('',#3711,1000.);
#581=VECTOR('',#3714,1000.);
#582=VECTOR('',#3717,1000.);
#583=VECTOR('',#3718,1000.);
#584=VECTOR('',#3721,1000.);
#585=VECTOR('',#3722,1000.);
#586=VECTOR('',#3725,1000.);
#587=VECTOR('',#3726,1000.);
#588=VECTOR('',#3727,1000.);
#589=VECTOR('',#3732,1000.);
#590=VECTOR('',#3737,1000.);
#591=VECTOR('',#3740,1000.);
#592=VECTOR('',#3741,1000.);
#593=VECTOR('',#3744,1000.);
#594=VECTOR('',#3745,1000.);
#595=VECTOR('',#3750,1000.);
#596=VECTOR('',#3753,1000.);
#597=VECTOR('',#3758,1000.);
#598=VECTOR('',#3759,1000.);
#599=VECTOR('',#3762,1000.);
#600=VECTOR('',#3765,1000.);
#601=VECTOR('',#3766,1000.);
#602=VECTOR('',#3769,1000.);
#603=VECTOR('',#3772,1000.);
#604=VECTOR('',#3781,1000.);
#605=VECTOR('',#3786,1000.);
#606=VECTOR('',#3787,1000.);
#607=VECTOR('',#3790,1000.);
#608=VECTOR('',#3815,1000.);
#609=VECTOR('',#3818,1000.);
#610=VECTOR('',#3821,1000.);
#611=ORIENTED_EDGE('',*,*,#1523,.T.);
#612=ORIENTED_EDGE('',*,*,#1524,.T.);
#613=ORIENTED_EDGE('',*,*,#1525,.T.);
#614=ORIENTED_EDGE('',*,*,#1526,.F.);
#615=ORIENTED_EDGE('',*,*,#1527,.F.);
#616=ORIENTED_EDGE('',*,*,#1528,.T.);
#617=ORIENTED_EDGE('',*,*,#1529,.F.);
#618=ORIENTED_EDGE('',*,*,#1530,.T.);
#619=ORIENTED_EDGE('',*,*,#1531,.F.);
#620=ORIENTED_EDGE('',*,*,#1532,.T.);
#621=ORIENTED_EDGE('',*,*,#1533,.F.);
#622=ORIENTED_EDGE('',*,*,#1534,.T.);
#623=ORIENTED_EDGE('',*,*,#1535,.T.);
#624=ORIENTED_EDGE('',*,*,#1536,.F.);
#625=ORIENTED_EDGE('',*,*,#1537,.F.);
#626=ORIENTED_EDGE('',*,*,#1538,.T.);
#627=ORIENTED_EDGE('',*,*,#1539,.F.);
#628=ORIENTED_EDGE('',*,*,#1540,.F.);
#629=ORIENTED_EDGE('',*,*,#1541,.F.);
#630=ORIENTED_EDGE('',*,*,#1542,.F.);
#631=ORIENTED_EDGE('',*,*,#1543,.T.);
#632=ORIENTED_EDGE('',*,*,#1544,.F.);
#633=ORIENTED_EDGE('',*,*,#1545,.T.);
#634=ORIENTED_EDGE('',*,*,#1543,.F.);
#635=ORIENTED_EDGE('',*,*,#1546,.F.);
#636=ORIENTED_EDGE('',*,*,#1547,.T.);
#637=ORIENTED_EDGE('',*,*,#1548,.T.);
#638=ORIENTED_EDGE('',*,*,#1549,.T.);
#639=ORIENTED_EDGE('',*,*,#1550,.T.);
#640=ORIENTED_EDGE('',*,*,#1551,.T.);
#641=ORIENTED_EDGE('',*,*,#1552,.T.);
#642=ORIENTED_EDGE('',*,*,#1553,.F.);
#643=ORIENTED_EDGE('',*,*,#1554,.F.);
#644=ORIENTED_EDGE('',*,*,#1544,.T.);
#645=ORIENTED_EDGE('',*,*,#1555,.T.);
#646=ORIENTED_EDGE('',*,*,#1556,.F.);
#647=ORIENTED_EDGE('',*,*,#1557,.F.);
#648=ORIENTED_EDGE('',*,*,#1532,.F.);
#649=ORIENTED_EDGE('',*,*,#1558,.T.);
#650=ORIENTED_EDGE('',*,*,#1559,.F.);
#651=ORIENTED_EDGE('',*,*,#1560,.F.);
#652=ORIENTED_EDGE('',*,*,#1561,.T.);
#653=ORIENTED_EDGE('',*,*,#1562,.T.);
#654=ORIENTED_EDGE('',*,*,#1563,.F.);
#655=ORIENTED_EDGE('',*,*,#1564,.T.);
#656=ORIENTED_EDGE('',*,*,#1565,.F.);
#657=ORIENTED_EDGE('',*,*,#1566,.F.);
#658=ORIENTED_EDGE('',*,*,#1561,.F.);
#659=ORIENTED_EDGE('',*,*,#1563,.T.);
#660=ORIENTED_EDGE('',*,*,#1560,.T.);
#661=ORIENTED_EDGE('',*,*,#1567,.F.);
#662=ORIENTED_EDGE('',*,*,#1568,.F.);
#663=ORIENTED_EDGE('',*,*,#1569,.T.);
#664=ORIENTED_EDGE('',*,*,#1570,.T.);
#665=ORIENTED_EDGE('',*,*,#1571,.F.);
#666=ORIENTED_EDGE('',*,*,#1572,.T.);
#667=ORIENTED_EDGE('',*,*,#1565,.T.);
#668=ORIENTED_EDGE('',*,*,#1573,.T.);
#669=ORIENTED_EDGE('',*,*,#1574,.T.);
#670=ORIENTED_EDGE('',*,*,#1575,.T.);
#671=ORIENTED_EDGE('',*,*,#1576,.F.);
#672=ORIENTED_EDGE('',*,*,#1577,.F.);
#673=ORIENTED_EDGE('',*,*,#1578,.T.);
#674=ORIENTED_EDGE('',*,*,#1579,.F.);
#675=ORIENTED_EDGE('',*,*,#1580,.F.);
#676=ORIENTED_EDGE('',*,*,#1581,.T.);
#677=ORIENTED_EDGE('',*,*,#1582,.T.);
#678=ORIENTED_EDGE('',*,*,#1583,.T.);
#679=ORIENTED_EDGE('',*,*,#1584,.T.);
#680=ORIENTED_EDGE('',*,*,#1585,.T.);
#681=ORIENTED_EDGE('',*,*,#1586,.T.);
#682=ORIENTED_EDGE('',*,*,#1587,.T.);
#683=ORIENTED_EDGE('',*,*,#1588,.T.);
#684=ORIENTED_EDGE('',*,*,#1589,.T.);
#685=ORIENTED_EDGE('',*,*,#1590,.F.);
#686=ORIENTED_EDGE('',*,*,#1591,.T.);
#687=ORIENTED_EDGE('',*,*,#1592,.T.);
#688=ORIENTED_EDGE('',*,*,#1593,.T.);
#689=ORIENTED_EDGE('',*,*,#1594,.T.);
#690=ORIENTED_EDGE('',*,*,#1595,.T.);
#691=ORIENTED_EDGE('',*,*,#1596,.T.);
#692=ORIENTED_EDGE('',*,*,#1597,.T.);
#693=ORIENTED_EDGE('',*,*,#1598,.T.);
#694=ORIENTED_EDGE('',*,*,#1593,.F.);
#695=ORIENTED_EDGE('',*,*,#1599,.T.);
#696=ORIENTED_EDGE('',*,*,#1600,.T.);
#697=ORIENTED_EDGE('',*,*,#1601,.T.);
#698=ORIENTED_EDGE('',*,*,#1601,.F.);
#699=ORIENTED_EDGE('',*,*,#1602,.T.);
#700=ORIENTED_EDGE('',*,*,#1603,.F.);
#701=ORIENTED_EDGE('',*,*,#1594,.F.);
#702=ORIENTED_EDGE('',*,*,#1604,.T.);
#703=ORIENTED_EDGE('',*,*,#1605,.T.);
#704=ORIENTED_EDGE('',*,*,#1591,.F.);
#705=ORIENTED_EDGE('',*,*,#1603,.T.);
#706=ORIENTED_EDGE('',*,*,#1605,.F.);
#707=ORIENTED_EDGE('',*,*,#1606,.T.);
#708=ORIENTED_EDGE('',*,*,#1599,.F.);
#709=ORIENTED_EDGE('',*,*,#1592,.F.);
#710=ORIENTED_EDGE('',*,*,#1607,.F.);
#711=ORIENTED_EDGE('',*,*,#1608,.T.);
#712=ORIENTED_EDGE('',*,*,#1609,.F.);
#713=ORIENTED_EDGE('',*,*,#1598,.F.);
#714=ORIENTED_EDGE('',*,*,#1610,.T.);
#715=ORIENTED_EDGE('',*,*,#1611,.T.);
#716=ORIENTED_EDGE('',*,*,#1595,.F.);
#717=ORIENTED_EDGE('',*,*,#1609,.T.);
#718=ORIENTED_EDGE('',*,*,#1611,.F.);
#719=ORIENTED_EDGE('',*,*,#1612,.T.);
#720=ORIENTED_EDGE('',*,*,#1613,.F.);
#721=ORIENTED_EDGE('',*,*,#1596,.F.);
#722=ORIENTED_EDGE('',*,*,#1597,.F.);
#723=ORIENTED_EDGE('',*,*,#1613,.T.);
#724=ORIENTED_EDGE('',*,*,#1614,.T.);
#725=ORIENTED_EDGE('',*,*,#1607,.T.);
#726=ORIENTED_EDGE('',*,*,#1615,.F.);
#727=ORIENTED_EDGE('',*,*,#1616,.F.);
#728=ORIENTED_EDGE('',*,*,#1617,.F.);
#729=ORIENTED_EDGE('',*,*,#1618,.F.);
#730=ORIENTED_EDGE('',*,*,#1614,.F.);
#731=ORIENTED_EDGE('',*,*,#1612,.F.);
#732=ORIENTED_EDGE('',*,*,#1610,.F.);
#733=ORIENTED_EDGE('',*,*,#1608,.F.);
#734=ORIENTED_EDGE('',*,*,#1606,.F.);
#735=ORIENTED_EDGE('',*,*,#1604,.F.);
#736=ORIENTED_EDGE('',*,*,#1602,.F.);
#737=ORIENTED_EDGE('',*,*,#1600,.F.);
#738=ORIENTED_EDGE('',*,*,#1619,.T.);
#739=ORIENTED_EDGE('',*,*,#1620,.F.);
#740=ORIENTED_EDGE('',*,*,#1621,.F.);
#741=ORIENTED_EDGE('',*,*,#1622,.F.);
#742=ORIENTED_EDGE('',*,*,#1623,.F.);
#743=ORIENTED_EDGE('',*,*,#1624,.T.);
#744=ORIENTED_EDGE('',*,*,#1625,.T.);
#745=ORIENTED_EDGE('',*,*,#1626,.F.);
#746=ORIENTED_EDGE('',*,*,#1622,.T.);
#747=ORIENTED_EDGE('',*,*,#1627,.F.);
#748=ORIENTED_EDGE('',*,*,#1628,.F.);
#749=ORIENTED_EDGE('',*,*,#1629,.T.);
#750=ORIENTED_EDGE('',*,*,#1616,.T.);
#751=ORIENTED_EDGE('',*,*,#1617,.T.);
#752=ORIENTED_EDGE('',*,*,#1629,.F.);
#753=ORIENTED_EDGE('',*,*,#1630,.F.);
#754=ORIENTED_EDGE('',*,*,#1631,.T.);
#755=ORIENTED_EDGE('',*,*,#1618,.T.);
#756=ORIENTED_EDGE('',*,*,#1631,.F.);
#757=ORIENTED_EDGE('',*,*,#1632,.F.);
#758=ORIENTED_EDGE('',*,*,#1633,.T.);
#759=ORIENTED_EDGE('',*,*,#1615,.T.);
#760=ORIENTED_EDGE('',*,*,#1633,.F.);
#761=ORIENTED_EDGE('',*,*,#1634,.F.);
#762=ORIENTED_EDGE('',*,*,#1627,.T.);
#763=ORIENTED_EDGE('',*,*,#1635,.T.);
#764=ORIENTED_EDGE('',*,*,#1636,.T.);
#765=ORIENTED_EDGE('',*,*,#1523,.F.);
#766=ORIENTED_EDGE('',*,*,#1539,.T.);
#767=ORIENTED_EDGE('',*,*,#1538,.F.);
#768=ORIENTED_EDGE('',*,*,#1637,.F.);
#769=ORIENTED_EDGE('',*,*,#1638,.F.);
#770=ORIENTED_EDGE('',*,*,#1639,.T.);
#771=ORIENTED_EDGE('',*,*,#1637,.T.);
#772=ORIENTED_EDGE('',*,*,#1537,.T.);
#773=ORIENTED_EDGE('',*,*,#1640,.T.);
#774=ORIENTED_EDGE('',*,*,#1641,.T.);
#775=ORIENTED_EDGE('',*,*,#1642,.F.);
#776=ORIENTED_EDGE('',*,*,#1643,.T.);
#777=ORIENTED_EDGE('',*,*,#1535,.F.);
#778=ORIENTED_EDGE('',*,*,#1644,.F.);
#779=ORIENTED_EDGE('',*,*,#1645,.T.);
#780=ORIENTED_EDGE('',*,*,#1642,.T.);
#781=ORIENTED_EDGE('',*,*,#1646,.F.);
#782=ORIENTED_EDGE('',*,*,#1647,.F.);
#783=ORIENTED_EDGE('',*,*,#1648,.F.);
#784=ORIENTED_EDGE('',*,*,#1649,.T.);
#785=ORIENTED_EDGE('',*,*,#1650,.T.);
#786=ORIENTED_EDGE('',*,*,#1651,.F.);
#787=ORIENTED_EDGE('',*,*,#1652,.T.);
#788=ORIENTED_EDGE('',*,*,#1653,.T.);
#789=ORIENTED_EDGE('',*,*,#1654,.T.);
#790=ORIENTED_EDGE('',*,*,#1638,.T.);
#791=ORIENTED_EDGE('',*,*,#1536,.T.);
#792=ORIENTED_EDGE('',*,*,#1643,.F.);
#793=ORIENTED_EDGE('',*,*,#1648,.T.);
#794=ORIENTED_EDGE('',*,*,#1655,.F.);
#795=ORIENTED_EDGE('',*,*,#1656,.T.);
#796=ORIENTED_EDGE('',*,*,#1653,.F.);
#797=ORIENTED_EDGE('',*,*,#1657,.T.);
#798=ORIENTED_EDGE('',*,*,#1658,.T.);
#799=ORIENTED_EDGE('',*,*,#1656,.F.);
#800=ORIENTED_EDGE('',*,*,#1659,.T.);
#801=ORIENTED_EDGE('',*,*,#1660,.F.);
#802=ORIENTED_EDGE('',*,*,#1654,.F.);
#803=ORIENTED_EDGE('',*,*,#1661,.T.);
#804=ORIENTED_EDGE('',*,*,#1662,.T.);
#805=ORIENTED_EDGE('',*,*,#1639,.F.);
#806=ORIENTED_EDGE('',*,*,#1662,.F.);
#807=ORIENTED_EDGE('',*,*,#1663,.T.);
#808=ORIENTED_EDGE('',*,*,#1664,.T.);
#809=ORIENTED_EDGE('',*,*,#1665,.T.);
#810=ORIENTED_EDGE('',*,*,#1635,.F.);
#811=ORIENTED_EDGE('',*,*,#1626,.T.);
#812=ORIENTED_EDGE('',*,*,#1666,.T.);
#813=ORIENTED_EDGE('',*,*,#1667,.T.);
#814=ORIENTED_EDGE('',*,*,#1668,.F.);
#815=ORIENTED_EDGE('',*,*,#1623,.T.);
#816=ORIENTED_EDGE('',*,*,#1668,.T.);
#817=ORIENTED_EDGE('',*,*,#1669,.T.);
#818=ORIENTED_EDGE('',*,*,#1670,.F.);
#819=ORIENTED_EDGE('',*,*,#1620,.T.);
#820=ORIENTED_EDGE('',*,*,#1670,.T.);
#821=ORIENTED_EDGE('',*,*,#1671,.T.);
#822=ORIENTED_EDGE('',*,*,#1672,.T.);
#823=ORIENTED_EDGE('',*,*,#1624,.F.);
#824=ORIENTED_EDGE('',*,*,#1621,.T.);
#825=ORIENTED_EDGE('',*,*,#1672,.F.);
#826=ORIENTED_EDGE('',*,*,#1673,.T.);
#827=ORIENTED_EDGE('',*,*,#1666,.F.);
#828=ORIENTED_EDGE('',*,*,#1625,.F.);
#829=ORIENTED_EDGE('',*,*,#1634,.T.);
#830=ORIENTED_EDGE('',*,*,#1632,.T.);
#831=ORIENTED_EDGE('',*,*,#1630,.T.);
#832=ORIENTED_EDGE('',*,*,#1628,.T.);
#833=ORIENTED_EDGE('',*,*,#1674,.T.);
#834=ORIENTED_EDGE('',*,*,#1675,.T.);
#835=ORIENTED_EDGE('',*,*,#1676,.T.);
#836=ORIENTED_EDGE('',*,*,#1677,.T.);
#837=ORIENTED_EDGE('',*,*,#1678,.T.);
#838=ORIENTED_EDGE('',*,*,#1664,.F.);
#839=ORIENTED_EDGE('',*,*,#1679,.F.);
#840=ORIENTED_EDGE('',*,*,#1680,.T.);
#841=ORIENTED_EDGE('',*,*,#1681,.F.);
#842=ORIENTED_EDGE('',*,*,#1682,.F.);
#843=ORIENTED_EDGE('',*,*,#1665,.F.);
#844=ORIENTED_EDGE('',*,*,#1678,.F.);
#845=ORIENTED_EDGE('',*,*,#1683,.T.);
#846=ORIENTED_EDGE('',*,*,#1684,.T.);
#847=ORIENTED_EDGE('',*,*,#1685,.T.);
#848=ORIENTED_EDGE('',*,*,#1558,.F.);
#849=ORIENTED_EDGE('',*,*,#1531,.T.);
#850=ORIENTED_EDGE('',*,*,#1686,.T.);
#851=ORIENTED_EDGE('',*,*,#1687,.T.);
#852=ORIENTED_EDGE('',*,*,#1651,.T.);
#853=ORIENTED_EDGE('',*,*,#1688,.T.);
#854=ORIENTED_EDGE('',*,*,#1689,.T.);
#855=ORIENTED_EDGE('',*,*,#1690,.F.);
#856=ORIENTED_EDGE('',*,*,#1691,.T.);
#857=ORIENTED_EDGE('',*,*,#1692,.F.);
#858=ORIENTED_EDGE('',*,*,#1640,.F.);
#859=ORIENTED_EDGE('',*,*,#1693,.F.);
#860=ORIENTED_EDGE('',*,*,#1641,.F.);
#861=ORIENTED_EDGE('',*,*,#1533,.T.);
#862=ORIENTED_EDGE('',*,*,#1557,.T.);
#863=ORIENTED_EDGE('',*,*,#1694,.F.);
#864=ORIENTED_EDGE('',*,*,#1695,.T.);
#865=ORIENTED_EDGE('',*,*,#1696,.T.);
#866=ORIENTED_EDGE('',*,*,#1644,.T.);
#867=ORIENTED_EDGE('',*,*,#1534,.F.);
#868=ORIENTED_EDGE('',*,*,#1696,.F.);
#869=ORIENTED_EDGE('',*,*,#1697,.T.);
#870=ORIENTED_EDGE('',*,*,#1698,.T.);
#871=ORIENTED_EDGE('',*,*,#1646,.T.);
#872=ORIENTED_EDGE('',*,*,#1645,.F.);
#873=ORIENTED_EDGE('',*,*,#1699,.F.);
#874=ORIENTED_EDGE('',*,*,#1700,.T.);
#875=ORIENTED_EDGE('',*,*,#1649,.F.);
#876=ORIENTED_EDGE('',*,*,#1647,.T.);
#877=ORIENTED_EDGE('',*,*,#1698,.F.);
#878=ORIENTED_EDGE('',*,*,#1700,.F.);
#879=ORIENTED_EDGE('',*,*,#1701,.F.);
#880=ORIENTED_EDGE('',*,*,#1702,.F.);
#881=ORIENTED_EDGE('',*,*,#1688,.F.);
#882=ORIENTED_EDGE('',*,*,#1650,.F.);
#883=ORIENTED_EDGE('',*,*,#1691,.F.);
#884=ORIENTED_EDGE('',*,*,#1703,.F.);
#885=ORIENTED_EDGE('',*,*,#1704,.F.);
#886=ORIENTED_EDGE('',*,*,#1657,.F.);
#887=ORIENTED_EDGE('',*,*,#1652,.F.);
#888=ORIENTED_EDGE('',*,*,#1655,.T.);
#889=ORIENTED_EDGE('',*,*,#1705,.T.);
#890=ORIENTED_EDGE('',*,*,#1706,.F.);
#891=ORIENTED_EDGE('',*,*,#1707,.T.);
#892=ORIENTED_EDGE('',*,*,#1708,.T.);
#893=ORIENTED_EDGE('',*,*,#1659,.F.);
#894=ORIENTED_EDGE('',*,*,#1705,.F.);
#895=ORIENTED_EDGE('',*,*,#1658,.F.);
#896=ORIENTED_EDGE('',*,*,#1709,.T.);
#897=ORIENTED_EDGE('',*,*,#1710,.T.);
#898=ORIENTED_EDGE('',*,*,#1711,.T.);
#899=ORIENTED_EDGE('',*,*,#1707,.F.);
#900=ORIENTED_EDGE('',*,*,#1712,.F.);
#901=ORIENTED_EDGE('',*,*,#1713,.T.);
#902=ORIENTED_EDGE('',*,*,#1660,.T.);
#903=ORIENTED_EDGE('',*,*,#1708,.F.);
#904=ORIENTED_EDGE('',*,*,#1711,.F.);
#905=ORIENTED_EDGE('',*,*,#1714,.T.);
#906=ORIENTED_EDGE('',*,*,#1715,.T.);
#907=ORIENTED_EDGE('',*,*,#1716,.T.);
#908=ORIENTED_EDGE('',*,*,#1717,.T.);
#909=ORIENTED_EDGE('',*,*,#1718,.F.);
#910=ORIENTED_EDGE('',*,*,#1679,.T.);
#911=ORIENTED_EDGE('',*,*,#1663,.F.);
#912=ORIENTED_EDGE('',*,*,#1661,.F.);
#913=ORIENTED_EDGE('',*,*,#1715,.F.);
#914=ORIENTED_EDGE('',*,*,#1719,.T.);
#915=ORIENTED_EDGE('',*,*,#1720,.T.);
#916=ORIENTED_EDGE('',*,*,#1671,.F.);
#917=ORIENTED_EDGE('',*,*,#1669,.F.);
#918=ORIENTED_EDGE('',*,*,#1667,.F.);
#919=ORIENTED_EDGE('',*,*,#1721,.T.);
#920=ORIENTED_EDGE('',*,*,#1673,.F.);
#921=ORIENTED_EDGE('',*,*,#1720,.F.);
#922=ORIENTED_EDGE('',*,*,#1722,.F.);
#923=ORIENTED_EDGE('',*,*,#1723,.F.);
#924=ORIENTED_EDGE('',*,*,#1724,.F.);
#925=ORIENTED_EDGE('',*,*,#1725,.F.);
#926=ORIENTED_EDGE('',*,*,#1726,.F.);
#927=ORIENTED_EDGE('',*,*,#1721,.F.);
#928=ORIENTED_EDGE('',*,*,#1727,.T.);
#929=ORIENTED_EDGE('',*,*,#1728,.T.);
#930=ORIENTED_EDGE('',*,*,#1729,.F.);
#931=ORIENTED_EDGE('',*,*,#1730,.T.);
#932=ORIENTED_EDGE('',*,*,#1731,.T.);
#933=ORIENTED_EDGE('',*,*,#1732,.F.);
#934=ORIENTED_EDGE('',*,*,#1733,.T.);
#935=ORIENTED_EDGE('',*,*,#1734,.F.);
#936=ORIENTED_EDGE('',*,*,#1735,.T.);
#937=ORIENTED_EDGE('',*,*,#1734,.T.);
#938=ORIENTED_EDGE('',*,*,#1736,.T.);
#939=ORIENTED_EDGE('',*,*,#1737,.T.);
#940=ORIENTED_EDGE('',*,*,#1738,.F.);
#941=ORIENTED_EDGE('',*,*,#1739,.F.);
#942=ORIENTED_EDGE('',*,*,#1740,.F.);
#943=ORIENTED_EDGE('',*,*,#1741,.T.);
#944=ORIENTED_EDGE('',*,*,#1742,.F.);
#945=ORIENTED_EDGE('',*,*,#1743,.T.);
#946=ORIENTED_EDGE('',*,*,#1741,.F.);
#947=ORIENTED_EDGE('',*,*,#1744,.T.);
#948=ORIENTED_EDGE('',*,*,#1745,.F.);
#949=ORIENTED_EDGE('',*,*,#1746,.T.);
#950=ORIENTED_EDGE('',*,*,#1747,.F.);
#951=ORIENTED_EDGE('',*,*,#1748,.F.);
#952=ORIENTED_EDGE('',*,*,#1745,.T.);
#953=ORIENTED_EDGE('',*,*,#1749,.T.);
#954=ORIENTED_EDGE('',*,*,#1750,.T.);
#955=ORIENTED_EDGE('',*,*,#1751,.T.);
#956=ORIENTED_EDGE('',*,*,#1752,.F.);
#957=ORIENTED_EDGE('',*,*,#1753,.F.);
#958=ORIENTED_EDGE('',*,*,#1751,.F.);
#959=ORIENTED_EDGE('',*,*,#1754,.T.);
#960=ORIENTED_EDGE('',*,*,#1755,.T.);
#961=ORIENTED_EDGE('',*,*,#1756,.F.);
#962=ORIENTED_EDGE('',*,*,#1756,.T.);
#963=ORIENTED_EDGE('',*,*,#1757,.T.);
#964=ORIENTED_EDGE('',*,*,#1758,.F.);
#965=ORIENTED_EDGE('',*,*,#1759,.F.);
#966=ORIENTED_EDGE('',*,*,#1760,.T.);
#967=ORIENTED_EDGE('',*,*,#1761,.F.);
#968=ORIENTED_EDGE('',*,*,#1676,.F.);
#969=ORIENTED_EDGE('',*,*,#1762,.T.);
#970=ORIENTED_EDGE('',*,*,#1763,.T.);
#971=ORIENTED_EDGE('',*,*,#1764,.F.);
#972=ORIENTED_EDGE('',*,*,#1677,.F.);
#973=ORIENTED_EDGE('',*,*,#1761,.T.);
#974=ORIENTED_EDGE('',*,*,#1765,.F.);
#975=ORIENTED_EDGE('',*,*,#1674,.F.);
#976=ORIENTED_EDGE('',*,*,#1764,.T.);
#977=ORIENTED_EDGE('',*,*,#1766,.T.);
#978=ORIENTED_EDGE('',*,*,#1767,.T.);
#979=ORIENTED_EDGE('',*,*,#1762,.F.);
#980=ORIENTED_EDGE('',*,*,#1675,.F.);
#981=ORIENTED_EDGE('',*,*,#1765,.T.);
#982=ORIENTED_EDGE('',*,*,#1768,.F.);
#983=ORIENTED_EDGE('',*,*,#1769,.T.);
#984=ORIENTED_EDGE('',*,*,#1770,.F.);
#985=ORIENTED_EDGE('',*,*,#1771,.F.);
#986=ORIENTED_EDGE('',*,*,#1772,.F.);
#987=ORIENTED_EDGE('',*,*,#1773,.T.);
#988=ORIENTED_EDGE('',*,*,#1774,.T.);
#989=ORIENTED_EDGE('',*,*,#1775,.T.);
#990=ORIENTED_EDGE('',*,*,#1738,.T.);
#991=ORIENTED_EDGE('',*,*,#1776,.T.);
#992=ORIENTED_EDGE('',*,*,#1768,.T.);
#993=ORIENTED_EDGE('',*,*,#1777,.T.);
#994=ORIENTED_EDGE('',*,*,#1778,.F.);
#995=ORIENTED_EDGE('',*,*,#1779,.T.);
#996=ORIENTED_EDGE('',*,*,#1772,.T.);
#997=ORIENTED_EDGE('',*,*,#1780,.T.);
#998=ORIENTED_EDGE('',*,*,#1781,.T.);
#999=ORIENTED_EDGE('',*,*,#1782,.T.);
#1000=ORIENTED_EDGE('',*,*,#1778,.T.);
#1001=ORIENTED_EDGE('',*,*,#1783,.F.);
#1002=ORIENTED_EDGE('',*,*,#1784,.T.);
#1003=ORIENTED_EDGE('',*,*,#1684,.F.);
#1004=ORIENTED_EDGE('',*,*,#1785,.T.);
#1005=ORIENTED_EDGE('',*,*,#1685,.F.);
#1006=ORIENTED_EDGE('',*,*,#1784,.F.);
#1007=ORIENTED_EDGE('',*,*,#1786,.F.);
#1008=ORIENTED_EDGE('',*,*,#1787,.F.);
#1009=ORIENTED_EDGE('',*,*,#1525,.F.);
#1010=ORIENTED_EDGE('',*,*,#1788,.T.);
#1011=ORIENTED_EDGE('',*,*,#1681,.T.);
#1012=ORIENTED_EDGE('',*,*,#1680,.F.);
#1013=ORIENTED_EDGE('',*,*,#1718,.T.);
#1014=ORIENTED_EDGE('',*,*,#1789,.T.);
#1015=ORIENTED_EDGE('',*,*,#1785,.F.);
#1016=ORIENTED_EDGE('',*,*,#1683,.F.);
#1017=ORIENTED_EDGE('',*,*,#1787,.T.);
#1018=ORIENTED_EDGE('',*,*,#1790,.F.);
#1019=ORIENTED_EDGE('',*,*,#1791,.F.);
#1020=ORIENTED_EDGE('',*,*,#1791,.T.);
#1021=ORIENTED_EDGE('',*,*,#1792,.F.);
#1022=ORIENTED_EDGE('',*,*,#1793,.F.);
#1023=ORIENTED_EDGE('',*,*,#1526,.T.);
#1024=ORIENTED_EDGE('',*,*,#1794,.F.);
#1025=ORIENTED_EDGE('',*,*,#1795,.F.);
#1026=ORIENTED_EDGE('',*,*,#1527,.T.);
#1027=ORIENTED_EDGE('',*,*,#1793,.T.);
#1028=ORIENTED_EDGE('',*,*,#1796,.T.);
#1029=ORIENTED_EDGE('',*,*,#1528,.F.);
#1030=ORIENTED_EDGE('',*,*,#1795,.T.);
#1031=ORIENTED_EDGE('',*,*,#1797,.T.);
#1032=ORIENTED_EDGE('',*,*,#1796,.F.);
#1033=ORIENTED_EDGE('',*,*,#1798,.F.);
#1034=ORIENTED_EDGE('',*,*,#1799,.T.);
#1035=ORIENTED_EDGE('',*,*,#1529,.T.);
#1036=ORIENTED_EDGE('',*,*,#1799,.F.);
#1037=ORIENTED_EDGE('',*,*,#1800,.F.);
#1038=ORIENTED_EDGE('',*,*,#1801,.T.);
#1039=ORIENTED_EDGE('',*,*,#1686,.F.);
#1040=ORIENTED_EDGE('',*,*,#1530,.F.);
#1041=ORIENTED_EDGE('',*,*,#1687,.F.);
#1042=ORIENTED_EDGE('',*,*,#1801,.F.);
#1043=ORIENTED_EDGE('',*,*,#1802,.F.);
#1044=ORIENTED_EDGE('',*,*,#1567,.T.);
#1045=ORIENTED_EDGE('',*,*,#1559,.T.);
#1046=ORIENTED_EDGE('',*,*,#1803,.F.);
#1047=ORIENTED_EDGE('',*,*,#1723,.T.);
#1048=ORIENTED_EDGE('',*,*,#1804,.F.);
#1049=ORIENTED_EDGE('',*,*,#1805,.F.);
#1050=ORIENTED_EDGE('',*,*,#1806,.F.);
#1051=ORIENTED_EDGE('',*,*,#1724,.T.);
#1052=ORIENTED_EDGE('',*,*,#1803,.T.);
#1053=ORIENTED_EDGE('',*,*,#1807,.F.);
#1054=ORIENTED_EDGE('',*,*,#1808,.F.);
#1055=ORIENTED_EDGE('',*,*,#1725,.T.);
#1056=ORIENTED_EDGE('',*,*,#1806,.T.);
#1057=ORIENTED_EDGE('',*,*,#1809,.F.);
#1058=ORIENTED_EDGE('',*,*,#1810,.T.);
#1059=ORIENTED_EDGE('',*,*,#1811,.T.);
#1060=ORIENTED_EDGE('',*,*,#1812,.F.);
#1061=ORIENTED_EDGE('',*,*,#1689,.F.);
#1062=ORIENTED_EDGE('',*,*,#1693,.T.);
#1063=ORIENTED_EDGE('',*,*,#1692,.T.);
#1064=ORIENTED_EDGE('',*,*,#1812,.T.);
#1065=ORIENTED_EDGE('',*,*,#1813,.T.);
#1066=ORIENTED_EDGE('',*,*,#1814,.T.);
#1067=ORIENTED_EDGE('',*,*,#1815,.T.);
#1068=ORIENTED_EDGE('',*,*,#1703,.T.);
#1069=ORIENTED_EDGE('',*,*,#1690,.T.);
#1070=ORIENTED_EDGE('',*,*,#1571,.T.);
#1071=ORIENTED_EDGE('',*,*,#1816,.T.);
#1072=ORIENTED_EDGE('',*,*,#1817,.T.);
#1073=ORIENTED_EDGE('',*,*,#1701,.T.);
#1074=ORIENTED_EDGE('',*,*,#1699,.T.);
#1075=ORIENTED_EDGE('',*,*,#1697,.F.);
#1076=ORIENTED_EDGE('',*,*,#1695,.F.);
#1077=ORIENTED_EDGE('',*,*,#1818,.T.);
#1078=ORIENTED_EDGE('',*,*,#1817,.F.);
#1079=ORIENTED_EDGE('',*,*,#1819,.T.);
#1080=ORIENTED_EDGE('',*,*,#1810,.F.);
#1081=ORIENTED_EDGE('',*,*,#1702,.T.);
#1082=ORIENTED_EDGE('',*,*,#1820,.F.);
#1083=ORIENTED_EDGE('',*,*,#1709,.F.);
#1084=ORIENTED_EDGE('',*,*,#1704,.T.);
#1085=ORIENTED_EDGE('',*,*,#1815,.F.);
#1086=ORIENTED_EDGE('',*,*,#1821,.F.);
#1087=ORIENTED_EDGE('',*,*,#1710,.F.);
#1088=ORIENTED_EDGE('',*,*,#1822,.T.);
#1089=ORIENTED_EDGE('',*,*,#1712,.T.);
#1090=ORIENTED_EDGE('',*,*,#1706,.T.);
#1091=ORIENTED_EDGE('',*,*,#1814,.F.);
#1092=ORIENTED_EDGE('',*,*,#1823,.T.);
#1093=ORIENTED_EDGE('',*,*,#1824,.F.);
#1094=ORIENTED_EDGE('',*,*,#1825,.F.);
#1095=ORIENTED_EDGE('',*,*,#1821,.T.);
#1096=ORIENTED_EDGE('',*,*,#1758,.T.);
#1097=ORIENTED_EDGE('',*,*,#1826,.T.);
#1098=ORIENTED_EDGE('',*,*,#1827,.F.);
#1099=ORIENTED_EDGE('',*,*,#1828,.F.);
#1100=ORIENTED_EDGE('',*,*,#1829,.T.);
#1101=ORIENTED_EDGE('',*,*,#1550,.F.);
#1102=ORIENTED_EDGE('',*,*,#1830,.F.);
#1103=ORIENTED_EDGE('',*,*,#1713,.F.);
#1104=ORIENTED_EDGE('',*,*,#1830,.T.);
#1105=ORIENTED_EDGE('',*,*,#1549,.F.);
#1106=ORIENTED_EDGE('',*,*,#1831,.F.);
#1107=ORIENTED_EDGE('',*,*,#1714,.F.);
#1108=ORIENTED_EDGE('',*,*,#1548,.F.);
#1109=ORIENTED_EDGE('',*,*,#1832,.T.);
#1110=ORIENTED_EDGE('',*,*,#1716,.F.);
#1111=ORIENTED_EDGE('',*,*,#1831,.T.);
#1112=ORIENTED_EDGE('',*,*,#1774,.F.);
#1113=ORIENTED_EDGE('',*,*,#1833,.T.);
#1114=ORIENTED_EDGE('',*,*,#1781,.F.);
#1115=ORIENTED_EDGE('',*,*,#1789,.F.);
#1116=ORIENTED_EDGE('',*,*,#1717,.F.);
#1117=ORIENTED_EDGE('',*,*,#1832,.F.);
#1118=ORIENTED_EDGE('',*,*,#1547,.F.);
#1119=ORIENTED_EDGE('',*,*,#1834,.F.);
#1120=ORIENTED_EDGE('',*,*,#1835,.F.);
#1121=ORIENTED_EDGE('',*,*,#1836,.T.);
#1122=ORIENTED_EDGE('',*,*,#1837,.T.);
#1123=ORIENTED_EDGE('',*,*,#1742,.T.);
#1124=ORIENTED_EDGE('',*,*,#1746,.F.);
#1125=ORIENTED_EDGE('',*,*,#1748,.T.);
#1126=ORIENTED_EDGE('',*,*,#1838,.F.);
#1127=ORIENTED_EDGE('',*,*,#1839,.T.);
#1128=ORIENTED_EDGE('',*,*,#1840,.F.);
#1129=ORIENTED_EDGE('',*,*,#1841,.T.);
#1130=ORIENTED_EDGE('',*,*,#1842,.T.);
#1131=ORIENTED_EDGE('',*,*,#1840,.T.);
#1132=ORIENTED_EDGE('',*,*,#1843,.F.);
#1133=ORIENTED_EDGE('',*,*,#1844,.F.);
#1134=ORIENTED_EDGE('',*,*,#1845,.F.);
#1135=ORIENTED_EDGE('',*,*,#1846,.T.);
#1136=ORIENTED_EDGE('',*,*,#1804,.T.);
#1137=ORIENTED_EDGE('',*,*,#1722,.T.);
#1138=ORIENTED_EDGE('',*,*,#1719,.F.);
#1139=ORIENTED_EDGE('',*,*,#1726,.T.);
#1140=ORIENTED_EDGE('',*,*,#1808,.T.);
#1141=ORIENTED_EDGE('',*,*,#1847,.T.);
#1142=ORIENTED_EDGE('',*,*,#1841,.F.);
#1143=ORIENTED_EDGE('',*,*,#1848,.F.);
#1144=ORIENTED_EDGE('',*,*,#1849,.F.);
#1145=ORIENTED_EDGE('',*,*,#1850,.T.);
#1146=ORIENTED_EDGE('',*,*,#1845,.T.);
#1147=ORIENTED_EDGE('',*,*,#1851,.F.);
#1148=ORIENTED_EDGE('',*,*,#1852,.F.);
#1149=ORIENTED_EDGE('',*,*,#1853,.T.);
#1150=ORIENTED_EDGE('',*,*,#1849,.T.);
#1151=ORIENTED_EDGE('',*,*,#1854,.T.);
#1152=ORIENTED_EDGE('',*,*,#1855,.T.);
#1153=ORIENTED_EDGE('',*,*,#1856,.T.);
#1154=ORIENTED_EDGE('',*,*,#1753,.T.);
#1155=ORIENTED_EDGE('',*,*,#1752,.T.);
#1156=ORIENTED_EDGE('',*,*,#1759,.T.);
#1157=ORIENTED_EDGE('',*,*,#1857,.F.);
#1158=ORIENTED_EDGE('',*,*,#1858,.T.);
#1159=ORIENTED_EDGE('',*,*,#1859,.T.);
#1160=ORIENTED_EDGE('',*,*,#1731,.F.);
#1161=ORIENTED_EDGE('',*,*,#1860,.T.);
#1162=ORIENTED_EDGE('',*,*,#1861,.T.);
#1163=ORIENTED_EDGE('',*,*,#1862,.T.);
#1164=ORIENTED_EDGE('',*,*,#1863,.T.);
#1165=ORIENTED_EDGE('',*,*,#1863,.F.);
#1166=ORIENTED_EDGE('',*,*,#1864,.T.);
#1167=ORIENTED_EDGE('',*,*,#1865,.T.);
#1168=ORIENTED_EDGE('',*,*,#1866,.T.);
#1169=ORIENTED_EDGE('',*,*,#1867,.F.);
#1170=ORIENTED_EDGE('',*,*,#1868,.T.);
#1171=ORIENTED_EDGE('',*,*,#1869,.T.);
#1172=ORIENTED_EDGE('',*,*,#1727,.F.);
#1173=ORIENTED_EDGE('',*,*,#1870,.F.);
#1174=ORIENTED_EDGE('',*,*,#1871,.T.);
#1175=ORIENTED_EDGE('',*,*,#1868,.F.);
#1176=ORIENTED_EDGE('',*,*,#1872,.F.);
#1177=ORIENTED_EDGE('',*,*,#1590,.T.);
#1178=ORIENTED_EDGE('',*,*,#1873,.T.);
#1179=ORIENTED_EDGE('',*,*,#1874,.T.);
#1180=ORIENTED_EDGE('',*,*,#1851,.T.);
#1181=ORIENTED_EDGE('',*,*,#1848,.T.);
#1182=ORIENTED_EDGE('',*,*,#1844,.T.);
#1183=ORIENTED_EDGE('',*,*,#1843,.T.);
#1184=ORIENTED_EDGE('',*,*,#1839,.F.);
#1185=ORIENTED_EDGE('',*,*,#1875,.T.);
#1186=ORIENTED_EDGE('',*,*,#1876,.T.);
#1187=ORIENTED_EDGE('',*,*,#1877,.T.);
#1188=ORIENTED_EDGE('',*,*,#1878,.T.);
#1189=ORIENTED_EDGE('',*,*,#1852,.T.);
#1190=ORIENTED_EDGE('',*,*,#1874,.F.);
#1191=ORIENTED_EDGE('',*,*,#1879,.F.);
#1192=ORIENTED_EDGE('',*,*,#1880,.F.);
#1193=ORIENTED_EDGE('',*,*,#1834,.T.);
#1194=ORIENTED_EDGE('',*,*,#1546,.T.);
#1195=ORIENTED_EDGE('',*,*,#1542,.T.);
#1196=ORIENTED_EDGE('',*,*,#1881,.F.);
#1197=ORIENTED_EDGE('',*,*,#1880,.T.);
#1198=ORIENTED_EDGE('',*,*,#1879,.T.);
#1199=ORIENTED_EDGE('',*,*,#1882,.F.);
#1200=ORIENTED_EDGE('',*,*,#1883,.T.);
#1201=ORIENTED_EDGE('',*,*,#1735,.F.);
#1202=ORIENTED_EDGE('',*,*,#1739,.T.);
#1203=ORIENTED_EDGE('',*,*,#1775,.F.);
#1204=ORIENTED_EDGE('',*,*,#1835,.T.);
#1205=ORIENTED_EDGE('',*,*,#1884,.F.);
#1206=ORIENTED_EDGE('',*,*,#1885,.T.);
#1207=ORIENTED_EDGE('',*,*,#1732,.T.);
#1208=ORIENTED_EDGE('',*,*,#1883,.F.);
#1209=ORIENTED_EDGE('',*,*,#1770,.T.);
#1210=ORIENTED_EDGE('',*,*,#1886,.T.);
#1211=ORIENTED_EDGE('',*,*,#1887,.T.);
#1212=ORIENTED_EDGE('',*,*,#1888,.F.);
#1213=ORIENTED_EDGE('',*,*,#1887,.F.);
#1214=ORIENTED_EDGE('',*,*,#1889,.T.);
#1215=ORIENTED_EDGE('',*,*,#1890,.F.);
#1216=ORIENTED_EDGE('',*,*,#1743,.F.);
#1217=ORIENTED_EDGE('',*,*,#1837,.F.);
#1218=ORIENTED_EDGE('',*,*,#1891,.T.);
#1219=ORIENTED_EDGE('',*,*,#1890,.T.);
#1220=ORIENTED_EDGE('',*,*,#1892,.T.);
#1221=ORIENTED_EDGE('',*,*,#1893,.T.);
#1222=ORIENTED_EDGE('',*,*,#1894,.T.);
#1223=ORIENTED_EDGE('',*,*,#1895,.T.);
#1224=ORIENTED_EDGE('',*,*,#1870,.T.);
#1225=ORIENTED_EDGE('',*,*,#1838,.T.);
#1226=ORIENTED_EDGE('',*,*,#1747,.T.);
#1227=ORIENTED_EDGE('',*,*,#1744,.F.);
#1228=ORIENTED_EDGE('',*,*,#1740,.T.);
#1229=ORIENTED_EDGE('',*,*,#1589,.F.);
#1230=ORIENTED_EDGE('',*,*,#1896,.F.);
#1231=ORIENTED_EDGE('',*,*,#1897,.F.);
#1232=ORIENTED_EDGE('',*,*,#1875,.F.);
#1233=ORIENTED_EDGE('',*,*,#1873,.F.);
#1234=ORIENTED_EDGE('',*,*,#1897,.T.);
#1235=ORIENTED_EDGE('',*,*,#1898,.F.);
#1236=ORIENTED_EDGE('',*,*,#1899,.T.);
#1237=ORIENTED_EDGE('',*,*,#1876,.F.);
#1238=ORIENTED_EDGE('',*,*,#1899,.F.);
#1239=ORIENTED_EDGE('',*,*,#1900,.F.);
#1240=ORIENTED_EDGE('',*,*,#1901,.F.);
#1241=ORIENTED_EDGE('',*,*,#1877,.F.);
#1242=ORIENTED_EDGE('',*,*,#1564,.F.);
#1243=ORIENTED_EDGE('',*,*,#1568,.T.);
#1244=ORIENTED_EDGE('',*,*,#1802,.T.);
#1245=ORIENTED_EDGE('',*,*,#1800,.T.);
#1246=ORIENTED_EDGE('',*,*,#1798,.T.);
#1247=ORIENTED_EDGE('',*,*,#1797,.F.);
#1248=ORIENTED_EDGE('',*,*,#1794,.T.);
#1249=ORIENTED_EDGE('',*,*,#1792,.T.);
#1250=ORIENTED_EDGE('',*,*,#1790,.T.);
#1251=ORIENTED_EDGE('',*,*,#1786,.T.);
#1252=ORIENTED_EDGE('',*,*,#1783,.T.);
#1253=ORIENTED_EDGE('',*,*,#1780,.F.);
#1254=ORIENTED_EDGE('',*,*,#1777,.F.);
#1255=ORIENTED_EDGE('',*,*,#1771,.T.);
#1256=ORIENTED_EDGE('',*,*,#1888,.T.);
#1257=ORIENTED_EDGE('',*,*,#1891,.F.);
#1258=ORIENTED_EDGE('',*,*,#1836,.F.);
#1259=ORIENTED_EDGE('',*,*,#1842,.F.);
#1260=ORIENTED_EDGE('',*,*,#1847,.F.);
#1261=ORIENTED_EDGE('',*,*,#1809,.T.);
#1262=ORIENTED_EDGE('',*,*,#1807,.T.);
#1263=ORIENTED_EDGE('',*,*,#1805,.T.);
#1264=ORIENTED_EDGE('',*,*,#1846,.F.);
#1265=ORIENTED_EDGE('',*,*,#1850,.F.);
#1266=ORIENTED_EDGE('',*,*,#1853,.F.);
#1267=ORIENTED_EDGE('',*,*,#1878,.F.);
#1268=ORIENTED_EDGE('',*,*,#1901,.T.);
#1269=ORIENTED_EDGE('',*,*,#1902,.F.);
#1270=ORIENTED_EDGE('',*,*,#1903,.F.);
#1271=ORIENTED_EDGE('',*,*,#1573,.F.);
#1272=ORIENTED_EDGE('',*,*,#1767,.F.);
#1273=ORIENTED_EDGE('',*,*,#1766,.F.);
#1274=ORIENTED_EDGE('',*,*,#1763,.F.);
#1275=ORIENTED_EDGE('',*,*,#1760,.F.);
#1276=ORIENTED_EDGE('',*,*,#1574,.F.);
#1277=ORIENTED_EDGE('',*,*,#1903,.T.);
#1278=ORIENTED_EDGE('',*,*,#1904,.F.);
#1279=ORIENTED_EDGE('',*,*,#1905,.F.);
#1280=ORIENTED_EDGE('',*,*,#1575,.F.);
#1281=ORIENTED_EDGE('',*,*,#1905,.T.);
#1282=ORIENTED_EDGE('',*,*,#1906,.F.);
#1283=ORIENTED_EDGE('',*,*,#1907,.T.);
#1284=ORIENTED_EDGE('',*,*,#1908,.T.);
#1285=ORIENTED_EDGE('',*,*,#1576,.T.);
#1286=ORIENTED_EDGE('',*,*,#1907,.F.);
#1287=ORIENTED_EDGE('',*,*,#1578,.F.);
#1288=ORIENTED_EDGE('',*,*,#1909,.T.);
#1289=ORIENTED_EDGE('',*,*,#1910,.T.);
#1290=ORIENTED_EDGE('',*,*,#1911,.F.);
#1291=ORIENTED_EDGE('',*,*,#1824,.T.);
#1292=ORIENTED_EDGE('',*,*,#1579,.T.);
#1293=ORIENTED_EDGE('',*,*,#1910,.F.);
#1294=ORIENTED_EDGE('',*,*,#1825,.T.);
#1295=ORIENTED_EDGE('',*,*,#1912,.T.);
#1296=ORIENTED_EDGE('',*,*,#1551,.F.);
#1297=ORIENTED_EDGE('',*,*,#1829,.F.);
#1298=ORIENTED_EDGE('',*,*,#1822,.F.);
#1299=ORIENTED_EDGE('',*,*,#1820,.T.);
#1300=ORIENTED_EDGE('',*,*,#1913,.F.);
#1301=ORIENTED_EDGE('',*,*,#1914,.T.);
#1302=ORIENTED_EDGE('',*,*,#1857,.T.);
#1303=ORIENTED_EDGE('',*,*,#1828,.T.);
#1304=ORIENTED_EDGE('',*,*,#1915,.T.);
#1305=ORIENTED_EDGE('',*,*,#1916,.T.);
#1306=ORIENTED_EDGE('',*,*,#1917,.F.);
#1307=ORIENTED_EDGE('',*,*,#1866,.F.);
#1308=ORIENTED_EDGE('',*,*,#1918,.T.);
#1309=ORIENTED_EDGE('',*,*,#1919,.T.);
#1310=ORIENTED_EDGE('',*,*,#1920,.T.);
#1311=ORIENTED_EDGE('',*,*,#1921,.T.);
#1312=ORIENTED_EDGE('',*,*,#1922,.T.);
#1313=ORIENTED_EDGE('',*,*,#1884,.T.);
#1314=ORIENTED_EDGE('',*,*,#1882,.T.);
#1315=ORIENTED_EDGE('',*,*,#1881,.T.);
#1316=ORIENTED_EDGE('',*,*,#1541,.T.);
#1317=ORIENTED_EDGE('',*,*,#1923,.T.);
#1318=ORIENTED_EDGE('',*,*,#1556,.T.);
#1319=ORIENTED_EDGE('',*,*,#1924,.T.);
#1320=ORIENTED_EDGE('',*,*,#1925,.T.);
#1321=ORIENTED_EDGE('',*,*,#1926,.T.);
#1322=ORIENTED_EDGE('',*,*,#1927,.T.);
#1323=ORIENTED_EDGE('',*,*,#1928,.T.);
#1324=ORIENTED_EDGE('',*,*,#1929,.T.);
#1325=ORIENTED_EDGE('',*,*,#1930,.T.);
#1326=ORIENTED_EDGE('',*,*,#1931,.T.);
#1327=ORIENTED_EDGE('',*,*,#1932,.T.);
#1328=ORIENTED_EDGE('',*,*,#1933,.T.);
#1329=ORIENTED_EDGE('',*,*,#1911,.T.);
#1330=ORIENTED_EDGE('',*,*,#1909,.F.);
#1331=ORIENTED_EDGE('',*,*,#1577,.T.);
#1332=ORIENTED_EDGE('',*,*,#1908,.F.);
#1333=ORIENTED_EDGE('',*,*,#1906,.T.);
#1334=ORIENTED_EDGE('',*,*,#1904,.T.);
#1335=ORIENTED_EDGE('',*,*,#1902,.T.);
#1336=ORIENTED_EDGE('',*,*,#1900,.T.);
#1337=ORIENTED_EDGE('',*,*,#1898,.T.);
#1338=ORIENTED_EDGE('',*,*,#1896,.T.);
#1339=ORIENTED_EDGE('',*,*,#1588,.F.);
#1340=ORIENTED_EDGE('',*,*,#1553,.T.);
#1341=ORIENTED_EDGE('',*,*,#1934,.T.);
#1342=ORIENTED_EDGE('',*,*,#1935,.T.);
#1343=ORIENTED_EDGE('',*,*,#1936,.T.);
#1344=ORIENTED_EDGE('',*,*,#1937,.T.);
#1345=ORIENTED_EDGE('',*,*,#1924,.F.);
#1346=ORIENTED_EDGE('',*,*,#1555,.F.);
#1347=ORIENTED_EDGE('',*,*,#1938,.T.);
#1348=ORIENTED_EDGE('',*,*,#1939,.T.);
#1349=ORIENTED_EDGE('',*,*,#1940,.T.);
#1350=ORIENTED_EDGE('',*,*,#1941,.F.);
#1351=ORIENTED_EDGE('',*,*,#1827,.T.);
#1352=ORIENTED_EDGE('',*,*,#1942,.T.);
#1353=ORIENTED_EDGE('',*,*,#1943,.T.);
#1354=ORIENTED_EDGE('',*,*,#1913,.T.);
#1355=ORIENTED_EDGE('',*,*,#1941,.T.);
#1356=ORIENTED_EDGE('',*,*,#1917,.T.);
#1357=ORIENTED_EDGE('',*,*,#1944,.T.);
#1358=ORIENTED_EDGE('',*,*,#1580,.T.);
#1359=ORIENTED_EDGE('',*,*,#1872,.T.);
#1360=ORIENTED_EDGE('',*,*,#1867,.T.);
#1361=ORIENTED_EDGE('',*,*,#1755,.F.);
#1362=ORIENTED_EDGE('',*,*,#1945,.T.);
#1363=ORIENTED_EDGE('',*,*,#1930,.F.);
#1364=ORIENTED_EDGE('',*,*,#1946,.F.);
#1365=ORIENTED_EDGE('',*,*,#1946,.T.);
#1366=ORIENTED_EDGE('',*,*,#1929,.F.);
#1367=ORIENTED_EDGE('',*,*,#1947,.F.);
#1368=ORIENTED_EDGE('',*,*,#1757,.F.);
#1369=ORIENTED_EDGE('',*,*,#1947,.T.);
#1370=ORIENTED_EDGE('',*,*,#1928,.F.);
#1371=ORIENTED_EDGE('',*,*,#1948,.F.);
#1372=ORIENTED_EDGE('',*,*,#1826,.F.);
#1373=ORIENTED_EDGE('',*,*,#1949,.F.);
#1374=ORIENTED_EDGE('',*,*,#1950,.T.);
#1375=ORIENTED_EDGE('',*,*,#1938,.F.);
#1376=ORIENTED_EDGE('',*,*,#1948,.T.);
#1377=ORIENTED_EDGE('',*,*,#1927,.F.);
#1378=ORIENTED_EDGE('',*,*,#1926,.F.);
#1379=ORIENTED_EDGE('',*,*,#1951,.T.);
#1380=ORIENTED_EDGE('',*,*,#1952,.T.);
#1381=ORIENTED_EDGE('',*,*,#1949,.T.);
#1382=ORIENTED_EDGE('',*,*,#1694,.T.);
#1383=ORIENTED_EDGE('',*,*,#1562,.F.);
#1384=ORIENTED_EDGE('',*,*,#1566,.T.);
#1385=ORIENTED_EDGE('',*,*,#1572,.F.);
#1386=ORIENTED_EDGE('',*,*,#1818,.F.);
#1387=ORIENTED_EDGE('',*,*,#1823,.F.);
#1388=ORIENTED_EDGE('',*,*,#1813,.F.);
#1389=ORIENTED_EDGE('',*,*,#1953,.F.);
#1390=ORIENTED_EDGE('',*,*,#1569,.F.);
#1391=ORIENTED_EDGE('',*,*,#1953,.T.);
#1392=ORIENTED_EDGE('',*,*,#1811,.F.);
#1393=ORIENTED_EDGE('',*,*,#1819,.F.);
#1394=ORIENTED_EDGE('',*,*,#1816,.F.);
#1395=ORIENTED_EDGE('',*,*,#1570,.F.);
#1396=ORIENTED_EDGE('',*,*,#1582,.F.);
#1397=ORIENTED_EDGE('',*,*,#1954,.T.);
#1398=ORIENTED_EDGE('',*,*,#1942,.F.);
#1399=ORIENTED_EDGE('',*,*,#1955,.F.);
#1400=ORIENTED_EDGE('',*,*,#1955,.T.);
#1401=ORIENTED_EDGE('',*,*,#1940,.F.);
#1402=ORIENTED_EDGE('',*,*,#1956,.F.);
#1403=ORIENTED_EDGE('',*,*,#1583,.F.);
#1404=ORIENTED_EDGE('',*,*,#1939,.F.);
#1405=ORIENTED_EDGE('',*,*,#1950,.F.);
#1406=ORIENTED_EDGE('',*,*,#1957,.F.);
#1407=ORIENTED_EDGE('',*,*,#1584,.F.);
#1408=ORIENTED_EDGE('',*,*,#1956,.T.);
#1409=ORIENTED_EDGE('',*,*,#1957,.T.);
#1410=ORIENTED_EDGE('',*,*,#1952,.F.);
#1411=ORIENTED_EDGE('',*,*,#1958,.F.);
#1412=ORIENTED_EDGE('',*,*,#1585,.F.);
#1413=ORIENTED_EDGE('',*,*,#1925,.F.);
#1414=ORIENTED_EDGE('',*,*,#1937,.F.);
#1415=ORIENTED_EDGE('',*,*,#1959,.F.);
#1416=ORIENTED_EDGE('',*,*,#1586,.F.);
#1417=ORIENTED_EDGE('',*,*,#1958,.T.);
#1418=ORIENTED_EDGE('',*,*,#1951,.F.);
#1419=ORIENTED_EDGE('',*,*,#1936,.F.);
#1420=ORIENTED_EDGE('',*,*,#1935,.F.);
#1421=ORIENTED_EDGE('',*,*,#1960,.F.);
#1422=ORIENTED_EDGE('',*,*,#1587,.F.);
#1423=ORIENTED_EDGE('',*,*,#1959,.T.);
#1424=ORIENTED_EDGE('',*,*,#1960,.T.);
#1425=ORIENTED_EDGE('',*,*,#1934,.F.);
#1426=ORIENTED_EDGE('',*,*,#1961,.F.);
#1427=ORIENTED_EDGE('',*,*,#1932,.F.);
#1428=ORIENTED_EDGE('',*,*,#1912,.F.);
#1429=ORIENTED_EDGE('',*,*,#1933,.F.);
#1430=ORIENTED_EDGE('',*,*,#1961,.T.);
#1431=ORIENTED_EDGE('',*,*,#1552,.F.);
#1432=ORIENTED_EDGE('',*,*,#1865,.F.);
#1433=ORIENTED_EDGE('',*,*,#1962,.T.);
#1434=ORIENTED_EDGE('',*,*,#1858,.F.);
#1435=ORIENTED_EDGE('',*,*,#1963,.F.);
#1436=ORIENTED_EDGE('',*,*,#1918,.F.);
#1437=ORIENTED_EDGE('',*,*,#1963,.T.);
#1438=ORIENTED_EDGE('',*,*,#1914,.F.);
#1439=ORIENTED_EDGE('',*,*,#1964,.F.);
#1440=ORIENTED_EDGE('',*,*,#1919,.F.);
#1441=ORIENTED_EDGE('',*,*,#1964,.T.);
#1442=ORIENTED_EDGE('',*,*,#1943,.F.);
#1443=ORIENTED_EDGE('',*,*,#1965,.F.);
#1444=ORIENTED_EDGE('',*,*,#1920,.F.);
#1445=ORIENTED_EDGE('',*,*,#1965,.T.);
#1446=ORIENTED_EDGE('',*,*,#1954,.F.);
#1447=ORIENTED_EDGE('',*,*,#1966,.F.);
#1448=ORIENTED_EDGE('',*,*,#1915,.F.);
#1449=ORIENTED_EDGE('',*,*,#1944,.F.);
#1450=ORIENTED_EDGE('',*,*,#1916,.F.);
#1451=ORIENTED_EDGE('',*,*,#1966,.T.);
#1452=ORIENTED_EDGE('',*,*,#1581,.F.);
#1453=ORIENTED_EDGE('',*,*,#1967,.T.);
#1454=ORIENTED_EDGE('',*,*,#1619,.F.);
#1455=ORIENTED_EDGE('',*,*,#1968,.T.);
#1456=ORIENTED_EDGE('',*,*,#1540,.T.);
#1457=ORIENTED_EDGE('',*,*,#1545,.F.);
#1458=ORIENTED_EDGE('',*,*,#1554,.T.);
#1459=ORIENTED_EDGE('',*,*,#1923,.F.);
#1460=ORIENTED_EDGE('',*,*,#1968,.F.);
#1461=ORIENTED_EDGE('',*,*,#1967,.F.);
#1462=ORIENTED_EDGE('',*,*,#1864,.F.);
#1463=ORIENTED_EDGE('',*,*,#1862,.F.);
#1464=ORIENTED_EDGE('',*,*,#1969,.F.);
#1465=ORIENTED_EDGE('',*,*,#1859,.F.);
#1466=ORIENTED_EDGE('',*,*,#1962,.F.);
#1467=ORIENTED_EDGE('',*,*,#1730,.F.);
#1468=ORIENTED_EDGE('',*,*,#1729,.T.);
#1469=ORIENTED_EDGE('',*,*,#1970,.T.);
#1470=ORIENTED_EDGE('',*,*,#1856,.F.);
#1471=ORIENTED_EDGE('',*,*,#1855,.F.);
#1472=ORIENTED_EDGE('',*,*,#1971,.F.);
#1473=ORIENTED_EDGE('',*,*,#1861,.F.);
#1474=ORIENTED_EDGE('',*,*,#1860,.F.);
#1475=ORIENTED_EDGE('',*,*,#1971,.T.);
#1476=ORIENTED_EDGE('',*,*,#1854,.F.);
#1477=ORIENTED_EDGE('',*,*,#1969,.T.);
#1478=ORIENTED_EDGE('',*,*,#1871,.F.);
#1479=ORIENTED_EDGE('',*,*,#1972,.T.);
#1480=ORIENTED_EDGE('',*,*,#1749,.F.);
#1481=ORIENTED_EDGE('',*,*,#1970,.F.);
#1482=ORIENTED_EDGE('',*,*,#1728,.F.);
#1483=ORIENTED_EDGE('',*,*,#1869,.F.);
#1484=ORIENTED_EDGE('',*,*,#1782,.F.);
#1485=ORIENTED_EDGE('',*,*,#1833,.F.);
#1486=ORIENTED_EDGE('',*,*,#1773,.F.);
#1487=ORIENTED_EDGE('',*,*,#1779,.F.);
#1488=ORIENTED_EDGE('',*,*,#1972,.F.);
#1489=ORIENTED_EDGE('',*,*,#1895,.F.);
#1490=ORIENTED_EDGE('',*,*,#1973,.F.);
#1491=ORIENTED_EDGE('',*,*,#1750,.F.);
#1492=ORIENTED_EDGE('',*,*,#1973,.T.);
#1493=ORIENTED_EDGE('',*,*,#1894,.F.);
#1494=ORIENTED_EDGE('',*,*,#1974,.F.);
#1495=ORIENTED_EDGE('',*,*,#1754,.F.);
#1496=ORIENTED_EDGE('',*,*,#1974,.T.);
#1497=ORIENTED_EDGE('',*,*,#1893,.F.);
#1498=ORIENTED_EDGE('',*,*,#1975,.F.);
#1499=ORIENTED_EDGE('',*,*,#1945,.F.);
#1500=ORIENTED_EDGE('',*,*,#1975,.T.);
#1501=ORIENTED_EDGE('',*,*,#1892,.F.);
#1502=ORIENTED_EDGE('',*,*,#1976,.F.);
#1503=ORIENTED_EDGE('',*,*,#1931,.F.);
#1504=ORIENTED_EDGE('',*,*,#1976,.T.);
#1505=ORIENTED_EDGE('',*,*,#1889,.F.);
#1506=ORIENTED_EDGE('',*,*,#1977,.F.);
#1507=ORIENTED_EDGE('',*,*,#1921,.F.);
#1508=ORIENTED_EDGE('',*,*,#1977,.T.);
#1509=ORIENTED_EDGE('',*,*,#1886,.F.);
#1510=ORIENTED_EDGE('',*,*,#1978,.F.);
#1511=ORIENTED_EDGE('',*,*,#1736,.F.);
#1512=ORIENTED_EDGE('',*,*,#1733,.F.);
#1513=ORIENTED_EDGE('',*,*,#1885,.F.);
#1514=ORIENTED_EDGE('',*,*,#1922,.F.);
#1515=ORIENTED_EDGE('',*,*,#1776,.F.);
#1516=ORIENTED_EDGE('',*,*,#1737,.F.);
#1517=ORIENTED_EDGE('',*,*,#1978,.T.);
#1518=ORIENTED_EDGE('',*,*,#1769,.F.);
#1519=ORIENTED_EDGE('',*,*,#1636,.F.);
#1520=ORIENTED_EDGE('',*,*,#1682,.T.);
#1521=ORIENTED_EDGE('',*,*,#1788,.F.);
#1522=ORIENTED_EDGE('',*,*,#1524,.F.);
#1523=EDGE_CURVE('',#1979,#1980,#2275,.T.);
#1524=EDGE_CURVE('',#1980,#1981,#171,.F.);
#1525=EDGE_CURVE('',#1981,#1982,#172,.T.);
#1526=EDGE_CURVE('',#1983,#1982,#173,.T.);
#1527=EDGE_CURVE('',#1984,#1983,#174,.F.);
#1528=EDGE_CURVE('',#1984,#1985,#175,.T.);
#1529=EDGE_CURVE('',#1986,#1985,#176,.T.);
#1530=EDGE_CURVE('',#1986,#1987,#177,.T.);
#1531=EDGE_CURVE('',#1988,#1987,#178,.F.);
#1532=EDGE_CURVE('',#1988,#1989,#179,.T.);
#1533=EDGE_CURVE('',#1990,#1989,#180,.F.);
#1534=EDGE_CURVE('',#1990,#1991,#2276,.F.);
#1535=EDGE_CURVE('',#1991,#1992,#2277,.T.);
#1536=EDGE_CURVE('',#1993,#1992,#181,.T.);
#1537=EDGE_CURVE('',#1994,#1993,#2278,.T.);
#1538=EDGE_CURVE('',#1994,#1995,#2279,.F.);
#1539=EDGE_CURVE('',#1979,#1995,#2280,.T.);
#1540=EDGE_CURVE('',#1996,#1997,#2281,.T.);
#1541=EDGE_CURVE('',#1998,#1996,#2282,.T.);
#1542=EDGE_CURVE('',#1999,#1998,#182,.F.);
#1543=EDGE_CURVE('',#1999,#1997,#127,.T.);
#1544=EDGE_CURVE('',#2000,#2001,#183,.T.);
#1545=EDGE_CURVE('',#2000,#1997,#75,.T.);
#1546=EDGE_CURVE('',#2002,#1999,#2283,.F.);
#1547=EDGE_CURVE('',#2002,#2003,#184,.T.);
#1548=EDGE_CURVE('',#2003,#2004,#185,.T.);
#1549=EDGE_CURVE('',#2004,#2005,#186,.T.);
#1550=EDGE_CURVE('',#2005,#2006,#187,.T.);
#1551=EDGE_CURVE('',#2006,#2007,#188,.T.);
#1552=EDGE_CURVE('',#2007,#2008,#189,.T.);
#1553=EDGE_CURVE('',#2001,#2008,#128,.T.);
#1554=EDGE_CURVE('',#2000,#2009,#70,.F.);
#1555=EDGE_CURVE('',#2001,#2010,#190,.F.);
#1556=EDGE_CURVE('',#2009,#2010,#191,.T.);
#1557=EDGE_CURVE('',#1989,#2011,#2284,.T.);
#1558=EDGE_CURVE('',#1988,#2012,#2285,.T.);
#1559=EDGE_CURVE('',#2013,#2012,#2286,.T.);
#1560=EDGE_CURVE('',#2014,#2013,#192,.F.);
#1561=EDGE_CURVE('',#2014,#2015,#2287,.T.);
#1562=EDGE_CURVE('',#2015,#2011,#2288,.T.);
#1563=EDGE_CURVE('',#2016,#2014,#2289,.T.);
#1564=EDGE_CURVE('',#2016,#2017,#2290,.T.);
#1565=EDGE_CURVE('',#2018,#2017,#2291,.T.);
#1566=EDGE_CURVE('',#2015,#2018,#129,.T.);
#1567=EDGE_CURVE('',#2019,#2013,#2292,.T.);
#1568=EDGE_CURVE('',#2016,#2019,#193,.T.);
#1569=EDGE_CURVE('',#2020,#2021,#194,.T.);
#1570=EDGE_CURVE('',#2021,#2022,#2293,.T.);
#1571=EDGE_CURVE('',#2023,#2022,#195,.T.);
#1572=EDGE_CURVE('',#2023,#2018,#2294,.T.);
#1573=EDGE_CURVE('',#2017,#2024,#196,.F.);
#1574=EDGE_CURVE('',#2024,#2025,#197,.F.);
#1575=EDGE_CURVE('',#2025,#2026,#2295,.T.);
#1576=EDGE_CURVE('',#2027,#2026,#198,.T.);
#1577=EDGE_CURVE('',#2028,#2027,#199,.T.);
#1578=EDGE_CURVE('',#2028,#2029,#200,.T.);
#1579=EDGE_CURVE('',#2020,#2029,#201,.T.);
#1580=EDGE_CURVE('',#2030,#2031,#2296,.T.);
#1581=EDGE_CURVE('',#2030,#2032,#76,.T.);
#1582=EDGE_CURVE('',#2032,#2033,#2297,.T.);
#1583=EDGE_CURVE('',#2033,#2034,#2298,.T.);
#1584=EDGE_CURVE('',#2034,#2035,#2299,.T.);
#1585=EDGE_CURVE('',#2035,#2036,#2300,.T.);
#1586=EDGE_CURVE('',#2036,#2037,#77,.F.);
#1587=EDGE_CURVE('',#2037,#2038,#2301,.T.);
#1588=EDGE_CURVE('',#2038,#2039,#202,.T.);
#1589=EDGE_CURVE('',#2039,#2040,#71,.T.);
#1590=EDGE_CURVE('',#2031,#2040,#78,.F.);
#1591=EDGE_CURVE('',#2041,#2042,#203,.T.);
#1592=EDGE_CURVE('',#2042,#2043,#204,.F.);
#1593=EDGE_CURVE('',#2043,#2044,#205,.T.);
#1594=EDGE_CURVE('',#2044,#2041,#206,.F.);
#1595=EDGE_CURVE('',#2045,#2046,#207,.T.);
#1596=EDGE_CURVE('',#2046,#2047,#208,.F.);
#1597=EDGE_CURVE('',#2047,#2048,#209,.T.);
#1598=EDGE_CURVE('',#2048,#2045,#210,.F.);
#1599=EDGE_CURVE('',#2043,#2049,#79,.F.);
#1600=EDGE_CURVE('',#2049,#2050,#211,.T.);
#1601=EDGE_CURVE('',#2050,#2044,#80,.F.);
#1602=EDGE_CURVE('',#2050,#2051,#212,.T.);
#1603=EDGE_CURVE('',#2041,#2051,#81,.F.);
#1604=EDGE_CURVE('',#2051,#2052,#213,.T.);
#1605=EDGE_CURVE('',#2052,#2042,#82,.F.);
#1606=EDGE_CURVE('',#2052,#2049,#214,.T.);
#1607=EDGE_CURVE('',#2053,#2048,#83,.F.);
#1608=EDGE_CURVE('',#2053,#2054,#215,.T.);
#1609=EDGE_CURVE('',#2045,#2054,#84,.F.);
#1610=EDGE_CURVE('',#2054,#2055,#216,.T.);
#1611=EDGE_CURVE('',#2055,#2046,#85,.F.);
#1612=EDGE_CURVE('',#2055,#2056,#217,.T.);
#1613=EDGE_CURVE('',#2047,#2056,#86,.F.);
#1614=EDGE_CURVE('',#2056,#2053,#218,.T.);
#1615=EDGE_CURVE('',#2057,#2058,#219,.T.);
#1616=EDGE_CURVE('',#2059,#2057,#220,.T.);
#1617=EDGE_CURVE('',#2060,#2059,#221,.T.);
#1618=EDGE_CURVE('',#2058,#2060,#222,.T.);
#1619=EDGE_CURVE('',#2061,#2061,#87,.T.);
#1620=EDGE_CURVE('',#2062,#2063,#223,.T.);
#1621=EDGE_CURVE('',#2064,#2062,#88,.T.);
#1622=EDGE_CURVE('',#2065,#2064,#224,.T.);
#1623=EDGE_CURVE('',#2063,#2065,#89,.T.);
#1624=EDGE_CURVE('',#2064,#2066,#225,.T.);
#1625=EDGE_CURVE('',#2066,#2067,#226,.T.);
#1626=EDGE_CURVE('',#2065,#2067,#227,.T.);
#1627=EDGE_CURVE('',#2068,#2057,#228,.T.);
#1628=EDGE_CURVE('',#2069,#2068,#229,.T.);
#1629=EDGE_CURVE('',#2069,#2059,#230,.T.);
#1630=EDGE_CURVE('',#2070,#2069,#231,.T.);
#1631=EDGE_CURVE('',#2070,#2060,#232,.T.);
#1632=EDGE_CURVE('',#2071,#2070,#233,.T.);
#1633=EDGE_CURVE('',#2071,#2058,#234,.T.);
#1634=EDGE_CURVE('',#2068,#2071,#235,.T.);
#1635=EDGE_CURVE('',#2072,#2073,#90,.T.);
#1636=EDGE_CURVE('',#2073,#1980,#2302,.T.);
#1637=EDGE_CURVE('',#2072,#1994,#91,.F.);
#1638=EDGE_CURVE('',#2074,#1993,#2303,.T.);
#1639=EDGE_CURVE('',#2074,#2072,#236,.T.);
#1640=EDGE_CURVE('',#2075,#2075,#92,.T.);
#1641=EDGE_CURVE('',#2076,#2076,#93,.T.);
#1642=EDGE_CURVE('',#2077,#2078,#2304,.T.);
#1643=EDGE_CURVE('',#2077,#1992,#2305,.T.);
#1644=EDGE_CURVE('',#2079,#1991,#2306,.T.);
#1645=EDGE_CURVE('',#2079,#2078,#2307,.F.);
#1646=EDGE_CURVE('',#2080,#2078,#237,.F.);
#1647=EDGE_CURVE('',#2081,#2080,#2308,.T.);
#1648=EDGE_CURVE('',#2077,#2081,#238,.T.);
#1649=EDGE_CURVE('',#2081,#2082,#2309,.T.);
#1650=EDGE_CURVE('',#2082,#2083,#2310,.T.);
#1651=EDGE_CURVE('',#2084,#2083,#2311,.T.);
#1652=EDGE_CURVE('',#2084,#2085,#239,.F.);
#1653=EDGE_CURVE('',#2085,#2086,#240,.T.);
#1654=EDGE_CURVE('',#2086,#2074,#2312,.T.);
#1655=EDGE_CURVE('',#2087,#2088,#241,.T.);
#1656=EDGE_CURVE('',#2087,#2086,#2313,.T.);
#1657=EDGE_CURVE('',#2085,#2089,#242,.T.);
#1658=EDGE_CURVE('',#2089,#2088,#243,.T.);
#1659=EDGE_CURVE('',#2087,#2090,#244,.T.);
#1660=EDGE_CURVE('',#2086,#2090,#2314,.T.);
#1661=EDGE_CURVE('',#2086,#2091,#2315,.T.);
#1662=EDGE_CURVE('',#2091,#2072,#2316,.F.);
#1663=EDGE_CURVE('',#2091,#2092,#2317,.T.);
#1664=EDGE_CURVE('',#2092,#2093,#2318,.T.);
#1665=EDGE_CURVE('',#2093,#2073,#2319,.F.);
#1666=EDGE_CURVE('',#2067,#2094,#94,.F.);
#1667=EDGE_CURVE('',#2094,#2095,#95,.F.);
#1668=EDGE_CURVE('',#2063,#2095,#245,.T.);
#1669=EDGE_CURVE('',#2095,#2096,#246,.T.);
#1670=EDGE_CURVE('',#2062,#2096,#247,.T.);
#1671=EDGE_CURVE('',#2096,#2097,#96,.F.);
#1672=EDGE_CURVE('',#2097,#2066,#97,.F.);
#1673=EDGE_CURVE('',#2097,#2094,#98,.F.);
#1674=EDGE_CURVE('',#2098,#2099,#248,.T.);
#1675=EDGE_CURVE('',#2099,#2100,#249,.T.);
#1676=EDGE_CURVE('',#2100,#2101,#250,.T.);
#1677=EDGE_CURVE('',#2101,#2098,#251,.T.);
#1678=EDGE_CURVE('',#2102,#2093,#252,.F.);
#1679=EDGE_CURVE('',#2103,#2092,#253,.T.);
#1680=EDGE_CURVE('',#2103,#2102,#254,.T.);
#1681=EDGE_CURVE('',#2104,#2102,#2320,.T.);
#1682=EDGE_CURVE('',#2073,#2104,#255,.T.);
#1683=EDGE_CURVE('',#2105,#2106,#256,.F.);
#1684=EDGE_CURVE('',#2106,#2107,#257,.T.);
#1685=EDGE_CURVE('',#2107,#2105,#99,.F.);
#1686=EDGE_CURVE('',#1987,#2108,#2321,.T.);
#1687=EDGE_CURVE('',#2108,#2012,#258,.T.);
#1688=EDGE_CURVE('',#2083,#2109,#2322,.T.);
#1689=EDGE_CURVE('',#2109,#2110,#2323,.T.);
#1690=EDGE_CURVE('',#2111,#2110,#259,.T.);
#1691=EDGE_CURVE('',#2111,#2084,#2324,.T.);
#1692=EDGE_CURVE('',#2112,#2112,#100,.F.);
#1693=EDGE_CURVE('',#2113,#2113,#101,.F.);
#1694=EDGE_CURVE('',#2114,#2011,#2325,.T.);
#1695=EDGE_CURVE('',#2114,#2115,#260,.T.);
#1696=EDGE_CURVE('',#2115,#2079,#2326,.T.);
#1697=EDGE_CURVE('',#2115,#2116,#261,.T.);
#1698=EDGE_CURVE('',#2116,#2080,#2327,.T.);
#1699=EDGE_CURVE('',#2117,#2116,#2328,.T.);
#1700=EDGE_CURVE('',#2117,#2082,#2329,.T.);
#1701=EDGE_CURVE('',#2118,#2117,#2330,.T.);
#1702=EDGE_CURVE('',#2109,#2118,#2331,.F.);
#1703=EDGE_CURVE('',#2119,#2111,#262,.T.);
#1704=EDGE_CURVE('',#2089,#2119,#263,.F.);
#1705=EDGE_CURVE('',#2088,#2120,#264,.T.);
#1706=EDGE_CURVE('',#2121,#2120,#265,.T.);
#1707=EDGE_CURVE('',#2121,#2122,#266,.T.);
#1708=EDGE_CURVE('',#2122,#2090,#267,.T.);
#1709=EDGE_CURVE('',#2089,#2123,#268,.T.);
#1710=EDGE_CURVE('',#2123,#2120,#269,.T.);
#1711=EDGE_CURVE('',#2124,#2122,#270,.T.);
#1712=EDGE_CURVE('',#2125,#2121,#271,.T.);
#1713=EDGE_CURVE('',#2125,#2124,#272,.T.);
#1714=EDGE_CURVE('',#2124,#2126,#273,.T.);
#1715=EDGE_CURVE('',#2126,#2086,#274,.T.);
#1716=EDGE_CURVE('',#2126,#2127,#275,.T.);
#1717=EDGE_CURVE('',#2127,#2128,#276,.F.);
#1718=EDGE_CURVE('',#2103,#2128,#277,.F.);
#1719=EDGE_CURVE('',#2129,#2130,#278,.T.);
#1720=EDGE_CURVE('',#2130,#2097,#102,.F.);
#1721=EDGE_CURVE('',#2094,#2129,#103,.F.);
#1722=EDGE_CURVE('',#2131,#2130,#2332,.T.);
#1723=EDGE_CURVE('',#2132,#2131,#2333,.T.);
#1724=EDGE_CURVE('',#2133,#2132,#104,.T.);
#1725=EDGE_CURVE('',#2134,#2133,#2334,.T.);
#1726=EDGE_CURVE('',#2129,#2134,#2335,.T.);
#1727=EDGE_CURVE('',#2135,#2136,#2336,.T.);
#1728=EDGE_CURVE('',#2136,#2137,#2337,.T.);
#1729=EDGE_CURVE('',#2138,#2137,#2338,.F.);
#1730=EDGE_CURVE('',#2138,#2139,#2339,.T.);
#1731=EDGE_CURVE('',#2139,#2135,#2340,.T.);
#1732=EDGE_CURVE('',#2140,#2141,#2341,.T.);
#1733=EDGE_CURVE('',#2140,#2142,#2342,.T.);
#1734=EDGE_CURVE('',#2143,#2142,#2343,.T.);
#1735=EDGE_CURVE('',#2143,#2141,#2344,.T.);
#1736=EDGE_CURVE('',#2142,#2144,#279,.T.);
#1737=EDGE_CURVE('',#2144,#2145,#105,.F.);
#1738=EDGE_CURVE('',#2146,#2145,#280,.T.);
#1739=EDGE_CURVE('',#2143,#2146,#281,.T.);
#1740=EDGE_CURVE('',#2147,#2148,#282,.T.);
#1741=EDGE_CURVE('',#2147,#2149,#283,.F.);
#1742=EDGE_CURVE('',#2150,#2149,#284,.T.);
#1743=EDGE_CURVE('',#2150,#2148,#106,.T.);
#1744=EDGE_CURVE('',#2147,#2151,#285,.F.);
#1745=EDGE_CURVE('',#2152,#2151,#286,.F.);
#1746=EDGE_CURVE('',#2152,#2149,#287,.F.);
#1747=EDGE_CURVE('',#2153,#2151,#288,.T.);
#1748=EDGE_CURVE('',#2152,#2153,#289,.T.);
#1749=EDGE_CURVE('',#2154,#2155,#2345,.T.);
#1750=EDGE_CURVE('',#2155,#2156,#2346,.T.);
#1751=EDGE_CURVE('',#2156,#2157,#2347,.T.);
#1752=EDGE_CURVE('',#2158,#2157,#2348,.F.);
#1753=EDGE_CURVE('',#2154,#2158,#2349,.F.);
#1754=EDGE_CURVE('',#2156,#2159,#2350,.T.);
#1755=EDGE_CURVE('',#2159,#2160,#2351,.T.);
#1756=EDGE_CURVE('',#2157,#2160,#290,.F.);
#1757=EDGE_CURVE('',#2160,#2161,#2352,.T.);
#1758=EDGE_CURVE('',#2162,#2161,#291,.F.);
#1759=EDGE_CURVE('',#2157,#2162,#2353,.T.);
#1760=EDGE_CURVE('',#2163,#2164,#292,.T.);
#1761=EDGE_CURVE('',#2101,#2164,#293,.T.);
#1762=EDGE_CURVE('',#2100,#2163,#294,.T.);
#1763=EDGE_CURVE('',#2164,#2165,#295,.T.);
#1764=EDGE_CURVE('',#2098,#2165,#296,.T.);
#1765=EDGE_CURVE('',#2099,#2166,#297,.T.);
#1766=EDGE_CURVE('',#2165,#2166,#298,.T.);
#1767=EDGE_CURVE('',#2166,#2163,#299,.T.);
#1768=EDGE_CURVE('',#2167,#2168,#300,.T.);
#1769=EDGE_CURVE('',#2167,#2169,#107,.T.);
#1770=EDGE_CURVE('',#2170,#2169,#301,.F.);
#1771=EDGE_CURVE('',#2168,#2170,#108,.F.);
#1772=EDGE_CURVE('',#2171,#2172,#302,.T.);
#1773=EDGE_CURVE('',#2171,#2173,#303,.F.);
#1774=EDGE_CURVE('',#2173,#2174,#304,.F.);
#1775=EDGE_CURVE('',#2174,#2146,#305,.T.);
#1776=EDGE_CURVE('',#2145,#2167,#2354,.T.);
#1777=EDGE_CURVE('',#2168,#2172,#306,.T.);
#1778=EDGE_CURVE('',#2175,#2176,#307,.T.);
#1779=EDGE_CURVE('',#2175,#2171,#308,.T.);
#1780=EDGE_CURVE('',#2172,#2176,#309,.T.);
#1781=EDGE_CURVE('',#2177,#2178,#310,.F.);
#1782=EDGE_CURVE('',#2178,#2175,#311,.F.);
#1783=EDGE_CURVE('',#2179,#2176,#312,.T.);
#1784=EDGE_CURVE('',#2179,#2107,#313,.F.);
#1785=EDGE_CURVE('',#2106,#2177,#314,.T.);
#1786=EDGE_CURVE('',#2180,#2179,#109,.F.);
#1787=EDGE_CURVE('',#2105,#2180,#315,.T.);
#1788=EDGE_CURVE('',#1981,#2104,#110,.F.);
#1789=EDGE_CURVE('',#2128,#2177,#316,.F.);
#1790=EDGE_CURVE('',#2181,#2180,#317,.T.);
#1791=EDGE_CURVE('',#1982,#2181,#111,.F.);
#1792=EDGE_CURVE('',#2182,#2181,#318,.T.);
#1793=EDGE_CURVE('',#1983,#2182,#2355,.T.);
#1794=EDGE_CURVE('',#2183,#2182,#319,.T.);
#1795=EDGE_CURVE('',#1984,#2183,#2356,.T.);
#1796=EDGE_CURVE('',#2184,#1985,#320,.T.);
#1797=EDGE_CURVE('',#2183,#2184,#321,.T.);
#1798=EDGE_CURVE('',#2185,#2184,#322,.T.);
#1799=EDGE_CURVE('',#2185,#1986,#323,.T.);
#1800=EDGE_CURVE('',#2186,#2185,#324,.T.);
#1801=EDGE_CURVE('',#2186,#2108,#2357,.T.);
#1802=EDGE_CURVE('',#2019,#2186,#325,.T.);
#1803=EDGE_CURVE('',#2132,#2187,#326,.T.);
#1804=EDGE_CURVE('',#2188,#2131,#327,.T.);
#1805=EDGE_CURVE('',#2187,#2188,#328,.T.);
#1806=EDGE_CURVE('',#2133,#2189,#329,.T.);
#1807=EDGE_CURVE('',#2189,#2187,#112,.T.);
#1808=EDGE_CURVE('',#2134,#2190,#330,.T.);
#1809=EDGE_CURVE('',#2190,#2189,#331,.T.);
#1810=EDGE_CURVE('',#2109,#2191,#2358,.T.);
#1811=EDGE_CURVE('',#2191,#2192,#2359,.T.);
#1812=EDGE_CURVE('',#2110,#2192,#113,.T.);
#1813=EDGE_CURVE('',#2192,#2193,#332,.T.);
#1814=EDGE_CURVE('',#2193,#2194,#333,.T.);
#1815=EDGE_CURVE('',#2194,#2119,#334,.T.);
#1816=EDGE_CURVE('',#2022,#2195,#2360,.T.);
#1817=EDGE_CURVE('',#2195,#2118,#2361,.T.);
#1818=EDGE_CURVE('',#2114,#2023,#2362,.T.);
#1819=EDGE_CURVE('',#2195,#2191,#2363,.T.);
#1820=EDGE_CURVE('',#2123,#2196,#335,.T.);
#1821=EDGE_CURVE('',#2196,#2194,#336,.F.);
#1822=EDGE_CURVE('',#2123,#2125,#337,.T.);
#1823=EDGE_CURVE('',#2193,#2020,#338,.T.);
#1824=EDGE_CURVE('',#2197,#2020,#339,.T.);
#1825=EDGE_CURVE('',#2196,#2197,#340,.T.);
#1826=EDGE_CURVE('',#2161,#2198,#341,.T.);
#1827=EDGE_CURVE('',#2199,#2198,#342,.F.);
#1828=EDGE_CURVE('',#2162,#2199,#343,.T.);
#1829=EDGE_CURVE('',#2125,#2006,#344,.F.);
#1830=EDGE_CURVE('',#2124,#2005,#345,.F.);
#1831=EDGE_CURVE('',#2126,#2004,#346,.F.);
#1832=EDGE_CURVE('',#2003,#2127,#347,.T.);
#1833=EDGE_CURVE('',#2173,#2178,#348,.F.);
#1834=EDGE_CURVE('',#2200,#2002,#2364,.T.);
#1835=EDGE_CURVE('',#2174,#2200,#349,.F.);
#1836=EDGE_CURVE('',#2201,#2202,#350,.T.);
#1837=EDGE_CURVE('',#2202,#2150,#72,.F.);
#1838=EDGE_CURVE('',#2203,#2153,#351,.T.);
#1839=EDGE_CURVE('',#2203,#2204,#352,.T.);
#1840=EDGE_CURVE('',#2201,#2204,#2365,.T.);
#1841=EDGE_CURVE('',#2205,#2206,#2366,.T.);
#1842=EDGE_CURVE('',#2206,#2201,#2367,.T.);
#1843=EDGE_CURVE('',#2205,#2204,#2368,.T.);
#1844=EDGE_CURVE('',#2207,#2205,#353,.T.);
#1845=EDGE_CURVE('',#2208,#2207,#2369,.T.);
#1846=EDGE_CURVE('',#2208,#2188,#354,.T.);
#1847=EDGE_CURVE('',#2190,#2206,#355,.T.);
#1848=EDGE_CURVE('',#2209,#2207,#114,.T.);
#1849=EDGE_CURVE('',#2210,#2209,#2370,.T.);
#1850=EDGE_CURVE('',#2210,#2208,#2371,.T.);
#1851=EDGE_CURVE('',#2211,#2209,#115,.T.);
#1852=EDGE_CURVE('',#2212,#2211,#2372,.T.);
#1853=EDGE_CURVE('',#2212,#2210,#2373,.T.);
#1854=EDGE_CURVE('',#2213,#2214,#2374,.T.);
#1855=EDGE_CURVE('',#2214,#2215,#2375,.T.);
#1856=EDGE_CURVE('',#2215,#2154,#2376,.T.);
#1857=EDGE_CURVE('',#2216,#2162,#2377,.F.);
#1858=EDGE_CURVE('',#2216,#2217,#2378,.T.);
#1859=EDGE_CURVE('',#2217,#2213,#2379,.T.);
#1860=EDGE_CURVE('',#2139,#2218,#2380,.T.);
#1861=EDGE_CURVE('',#2218,#2219,#2381,.T.);
#1862=EDGE_CURVE('',#2219,#2220,#2382,.T.);
#1863=EDGE_CURVE('',#2220,#2135,#2383,.T.);
#1864=EDGE_CURVE('',#2220,#2221,#2384,.T.);
#1865=EDGE_CURVE('',#2221,#2222,#2385,.T.);
#1866=EDGE_CURVE('',#2222,#2223,#356,.F.);
#1867=EDGE_CURVE('',#2224,#2223,#2386,.T.);
#1868=EDGE_CURVE('',#2224,#2225,#357,.T.);
#1869=EDGE_CURVE('',#2225,#2136,#2387,.T.);
#1870=EDGE_CURVE('',#2226,#2203,#358,.F.);
#1871=EDGE_CURVE('',#2226,#2225,#2388,.T.);
#1872=EDGE_CURVE('',#2031,#2224,#2389,.T.);
#1873=EDGE_CURVE('',#2040,#2227,#359,.T.);
#1874=EDGE_CURVE('',#2227,#2211,#116,.T.);
#1875=EDGE_CURVE('',#2227,#2228,#73,.F.);
#1876=EDGE_CURVE('',#2228,#2229,#360,.T.);
#1877=EDGE_CURVE('',#2229,#2230,#2390,.T.);
#1878=EDGE_CURVE('',#2230,#2212,#117,.T.);
#1879=EDGE_CURVE('',#2231,#2232,#2391,.T.);
#1880=EDGE_CURVE('',#2200,#2231,#361,.F.);
#1881=EDGE_CURVE('',#2232,#1998,#2392,.T.);
#1882=EDGE_CURVE('',#2233,#2232,#362,.T.);
#1883=EDGE_CURVE('',#2233,#2141,#363,.T.);
#1884=EDGE_CURVE('',#2234,#2233,#364,.T.);
#1885=EDGE_CURVE('',#2234,#2140,#365,.T.);
#1886=EDGE_CURVE('',#2169,#2235,#366,.T.);
#1887=EDGE_CURVE('',#2235,#2236,#367,.T.);
#1888=EDGE_CURVE('',#2170,#2236,#368,.T.);
#1889=EDGE_CURVE('',#2235,#2237,#118,.F.);
#1890=EDGE_CURVE('',#2148,#2237,#369,.F.);
#1891=EDGE_CURVE('',#2202,#2236,#119,.F.);
#1892=EDGE_CURVE('',#2237,#2238,#370,.T.);
#1893=EDGE_CURVE('',#2238,#2239,#2393,.T.);
#1894=EDGE_CURVE('',#2239,#2240,#2394,.T.);
#1895=EDGE_CURVE('',#2240,#2226,#2395,.T.);
#1896=EDGE_CURVE('',#2241,#2039,#371,.T.);
#1897=EDGE_CURVE('',#2228,#2241,#372,.T.);
#1898=EDGE_CURVE('',#2242,#2241,#373,.T.);
#1899=EDGE_CURVE('',#2242,#2229,#374,.F.);
#1900=EDGE_CURVE('',#2243,#2242,#74,.F.);
#1901=EDGE_CURVE('',#2230,#2243,#375,.T.);
#1902=EDGE_CURVE('',#2244,#2243,#376,.T.);
#1903=EDGE_CURVE('',#2024,#2244,#120,.T.);
#1904=EDGE_CURVE('',#2245,#2244,#377,.T.);
#1905=EDGE_CURVE('',#2025,#2245,#2396,.T.);
#1906=EDGE_CURVE('',#2246,#2245,#2397,.F.);
#1907=EDGE_CURVE('',#2246,#2026,#378,.T.);
#1908=EDGE_CURVE('',#2246,#2027,#379,.T.);
#1909=EDGE_CURVE('',#2028,#2247,#380,.T.);
#1910=EDGE_CURVE('',#2247,#2029,#381,.T.);
#1911=EDGE_CURVE('',#2197,#2247,#382,.T.);
#1912=EDGE_CURVE('',#2197,#2007,#383,.F.);
#1913=EDGE_CURVE('',#2248,#2199,#2398,.F.);
#1914=EDGE_CURVE('',#2248,#2216,#2399,.T.);
#1915=EDGE_CURVE('',#2249,#2250,#2400,.T.);
#1916=EDGE_CURVE('',#2250,#2251,#121,.F.);
#1917=EDGE_CURVE('',#2223,#2251,#2401,.T.);
#1918=EDGE_CURVE('',#2222,#2252,#2402,.T.);
#1919=EDGE_CURVE('',#2252,#2253,#2403,.T.);
#1920=EDGE_CURVE('',#2253,#2249,#2404,.T.);
#1921=EDGE_CURVE('',#2254,#2255,#122,.T.);
#1922=EDGE_CURVE('',#2255,#2234,#384,.T.);
#1923=EDGE_CURVE('',#1996,#2009,#123,.F.);
#1924=EDGE_CURVE('',#2010,#2256,#130,.T.);
#1925=EDGE_CURVE('',#2256,#2257,#124,.T.);
#1926=EDGE_CURVE('',#2257,#2258,#2405,.T.);
#1927=EDGE_CURVE('',#2258,#2259,#2406,.T.);
#1928=EDGE_CURVE('',#2259,#2260,#385,.T.);
#1929=EDGE_CURVE('',#2260,#2261,#2407,.T.);
#1930=EDGE_CURVE('',#2261,#2262,#2408,.T.);
#1931=EDGE_CURVE('',#2262,#2254,#386,.T.);
#1932=EDGE_CURVE('',#2038,#2263,#2409,.T.);
#1933=EDGE_CURVE('',#2263,#2197,#387,.T.);
#1934=EDGE_CURVE('',#2008,#2264,#2410,.T.);
#1935=EDGE_CURVE('',#2264,#2265,#2411,.T.);
#1936=EDGE_CURVE('',#2265,#2266,#2412,.T.);
#1937=EDGE_CURVE('',#2266,#2256,#2413,.T.);
#1938=EDGE_CURVE('',#2198,#2267,#2414,.T.);
#1939=EDGE_CURVE('',#2267,#2268,#2415,.T.);
#1940=EDGE_CURVE('',#2268,#2269,#2416,.T.);
#1941=EDGE_CURVE('',#2199,#2269,#2417,.T.);
#1942=EDGE_CURVE('',#2269,#2270,#2418,.T.);
#1943=EDGE_CURVE('',#2270,#2248,#2419,.T.);
#1944=EDGE_CURVE('',#2251,#2030,#2420,.T.);
#1945=EDGE_CURVE('',#2159,#2262,#2421,.T.);
#1946=EDGE_CURVE('',#2160,#2261,#2422,.T.);
#1947=EDGE_CURVE('',#2161,#2260,#2423,.T.);
#1948=EDGE_CURVE('',#2198,#2259,#2424,.F.);
#1949=EDGE_CURVE('',#2271,#2258,#2425,.F.);
#1950=EDGE_CURVE('',#2271,#2267,#2426,.T.);
#1951=EDGE_CURVE('',#2257,#2272,#2427,.T.);
#1952=EDGE_CURVE('',#2272,#2271,#2428,.T.);
#1953=EDGE_CURVE('',#2021,#2192,#2429,.F.);
#1954=EDGE_CURVE('',#2032,#2270,#2430,.T.);
#1955=EDGE_CURVE('',#2033,#2269,#2431,.F.);
#1956=EDGE_CURVE('',#2034,#2268,#2432,.F.);
#1957=EDGE_CURVE('',#2035,#2271,#2433,.F.);
#1958=EDGE_CURVE('',#2036,#2272,#2434,.T.);
#1959=EDGE_CURVE('',#2037,#2266,#2435,.F.);
#1960=EDGE_CURVE('',#2038,#2264,#2436,.F.);
#1961=EDGE_CURVE('',#2263,#2008,#2437,.T.);
#1962=EDGE_CURVE('',#2221,#2217,#2438,.T.);
#1963=EDGE_CURVE('',#2252,#2216,#2439,.F.);
#1964=EDGE_CURVE('',#2253,#2248,#2440,.F.);
#1965=EDGE_CURVE('',#2249,#2270,#2441,.F.);
#1966=EDGE_CURVE('',#2250,#2032,#2442,.T.);
#1967=EDGE_CURVE('',#2273,#2273,#125,.F.);
#1968=EDGE_CURVE('',#2274,#2274,#126,.T.);
#1969=EDGE_CURVE('',#2213,#2219,#2443,.F.);
#1970=EDGE_CURVE('',#2137,#2154,#2444,.T.);
#1971=EDGE_CURVE('',#2139,#2214,#2445,.F.);
#1972=EDGE_CURVE('',#2226,#2155,#2446,.T.);
#1973=EDGE_CURVE('',#2156,#2240,#2447,.F.);
#1974=EDGE_CURVE('',#2159,#2239,#2448,.F.);
#1975=EDGE_CURVE('',#2262,#2238,#2449,.T.);
#1976=EDGE_CURVE('',#2254,#2237,#388,.T.);
#1977=EDGE_CURVE('',#2255,#2235,#389,.T.);
#1978=EDGE_CURVE('',#2144,#2169,#390,.T.);
#1979=VERTEX_POINT('',#3833);
#1980=VERTEX_POINT('',#3834);
#1981=VERTEX_POINT('',#3836);
#1982=VERTEX_POINT('',#3838);
#1983=VERTEX_POINT('',#3840);
#1984=VERTEX_POINT('',#3842);
#1985=VERTEX_POINT('',#3844);
#1986=VERTEX_POINT('',#3846);
#1987=VERTEX_POINT('',#3848);
#1988=VERTEX_POINT('',#3850);
#1989=VERTEX_POINT('',#3852);
#1990=VERTEX_POINT('',#3854);
#1991=VERTEX_POINT('',#3859);
#1992=VERTEX_POINT('',#3864);
#1993=VERTEX_POINT('',#3866);
#1994=VERTEX_POINT('',#3871);
#1995=VERTEX_POINT('',#3878);
#1996=VERTEX_POINT('',#3896);
#1997=VERTEX_POINT('',#3897);
#1998=VERTEX_POINT('',#3902);
#1999=VERTEX_POINT('',#3904);
#2000=VERTEX_POINT('',#3911);
#2001=VERTEX_POINT('',#3912);
#2002=VERTEX_POINT('',#3937);
#2003=VERTEX_POINT('',#3939);
#2004=VERTEX_POINT('',#3941);
#2005=VERTEX_POINT('',#3943);
#2006=VERTEX_POINT('',#3945);
#2007=VERTEX_POINT('',#3947);
#2008=VERTEX_POINT('',#3949);
#2009=VERTEX_POINT('',#3964);
#2010=VERTEX_POINT('',#3966);
#2011=VERTEX_POINT('',#3973);
#2012=VERTEX_POINT('',#3979);
#2013=VERTEX_POINT('',#3984);
#2014=VERTEX_POINT('',#3986);
#2015=VERTEX_POINT('',#3991);
#2016=VERTEX_POINT('',#4320);
#2017=VERTEX_POINT('',#4327);
#2018=VERTEX_POINT('',#4332);
#2019=VERTEX_POINT('',#4418);
#2020=VERTEX_POINT('',#4422);
#2021=VERTEX_POINT('',#4423);
#2022=VERTEX_POINT('',#4432);
#2023=VERTEX_POINT('',#4434);
#2024=VERTEX_POINT('',#4441);
#2025=VERTEX_POINT('',#4443);
#2026=VERTEX_POINT('',#4448);
#2027=VERTEX_POINT('',#4450);
#2028=VERTEX_POINT('',#4452);
#2029=VERTEX_POINT('',#4454);
#2030=VERTEX_POINT('',#4461);
#2031=VERTEX_POINT('',#4462);
#2032=VERTEX_POINT('',#4464);
#2033=VERTEX_POINT('',#4477);
#2034=VERTEX_POINT('',#4482);
#2035=VERTEX_POINT('',#4487);
#2036=VERTEX_POINT('',#4492);
#2037=VERTEX_POINT('',#4494);
#2038=VERTEX_POINT('',#4499);
#2039=VERTEX_POINT('',#4501);
#2040=VERTEX_POINT('',#4503);
#2041=VERTEX_POINT('',#4507);
#2042=VERTEX_POINT('',#4508);
#2043=VERTEX_POINT('',#4510);
#2044=VERTEX_POINT('',#4512);
#2045=VERTEX_POINT('',#4516);
#2046=VERTEX_POINT('',#4517);
#2047=VERTEX_POINT('',#4519);
#2048=VERTEX_POINT('',#4521);
#2049=VERTEX_POINT('',#4525);
#2050=VERTEX_POINT('',#4527);
#2051=VERTEX_POINT('',#4531);
#2052=VERTEX_POINT('',#4535);
#2053=VERTEX_POINT('',#4541);
#2054=VERTEX_POINT('',#4543);
#2055=VERTEX_POINT('',#4547);
#2056=VERTEX_POINT('',#4551);
#2057=VERTEX_POINT('',#4557);
#2058=VERTEX_POINT('',#4558);
#2059=VERTEX_POINT('',#4560);
#2060=VERTEX_POINT('',#4562);
#2061=VERTEX_POINT('',#4566);
#2062=VERTEX_POINT('',#4568);
#2063=VERTEX_POINT('',#4569);
#2064=VERTEX_POINT('',#4571);
#2065=VERTEX_POINT('',#4573);
#2066=VERTEX_POINT('',#4577);
#2067=VERTEX_POINT('',#4579);
#2068=VERTEX_POINT('',#4583);
#2069=VERTEX_POINT('',#4585);
#2070=VERTEX_POINT('',#4589);
#2071=VERTEX_POINT('',#4593);
#2072=VERTEX_POINT('',#4845);
#2073=VERTEX_POINT('',#4846);
#2074=VERTEX_POINT('',#4871);
#2075=VERTEX_POINT('',#4875);
#2076=VERTEX_POINT('',#4878);
#2077=VERTEX_POINT('',#4915);
#2078=VERTEX_POINT('',#4916);
#2079=VERTEX_POINT('',#4925);
#2080=VERTEX_POINT('',#4932);
#2081=VERTEX_POINT('',#4937);
#2082=VERTEX_POINT('',#4945);
#2083=VERTEX_POINT('',#4950);
#2084=VERTEX_POINT('',#4960);
#2085=VERTEX_POINT('',#4962);
#2086=VERTEX_POINT('',#4964);
#2087=VERTEX_POINT('',#4971);
#2088=VERTEX_POINT('',#4972);
#2089=VERTEX_POINT('',#4978);
#2090=VERTEX_POINT('',#4987);
#2091=VERTEX_POINT('',#5002);
#2092=VERTEX_POINT('',#5022);
#2093=VERTEX_POINT('',#5027);
#2094=VERTEX_POINT('',#5034);
#2095=VERTEX_POINT('',#5036);
#2096=VERTEX_POINT('',#5040);
#2097=VERTEX_POINT('',#5044);
#2098=VERTEX_POINT('',#5050);
#2099=VERTEX_POINT('',#5051);
#2100=VERTEX_POINT('',#5053);
#2101=VERTEX_POINT('',#5055);
#2102=VERTEX_POINT('',#5059);
#2103=VERTEX_POINT('',#5061);
#2104=VERTEX_POINT('',#5073);
#2105=VERTEX_POINT('',#5077);
#2106=VERTEX_POINT('',#5078);
#2107=VERTEX_POINT('',#5080);
#2108=VERTEX_POINT('',#5100);
#2109=VERTEX_POINT('',#5114);
#2110=VERTEX_POINT('',#5122);
#2111=VERTEX_POINT('',#5124);
#2112=VERTEX_POINT('',#5131);
#2113=VERTEX_POINT('',#5134);
#2114=VERTEX_POINT('',#5143);
#2115=VERTEX_POINT('',#5145);
#2116=VERTEX_POINT('',#5153);
#2117=VERTEX_POINT('',#5277);
#2118=VERTEX_POINT('',#5294);
#2119=VERTEX_POINT('',#5301);
#2120=VERTEX_POINT('',#5305);
#2121=VERTEX_POINT('',#5307);
#2122=VERTEX_POINT('',#5309);
#2123=VERTEX_POINT('',#5313);
#2124=VERTEX_POINT('',#5317);
#2125=VERTEX_POINT('',#5319);
#2126=VERTEX_POINT('',#5323);
#2127=VERTEX_POINT('',#5327);
#2128=VERTEX_POINT('',#5329);
#2129=VERTEX_POINT('',#5333);
#2130=VERTEX_POINT('',#5334);
#2131=VERTEX_POINT('',#5342);
#2132=VERTEX_POINT('',#5347);
#2133=VERTEX_POINT('',#5349);
#2134=VERTEX_POINT('',#5354);
#2135=VERTEX_POINT('',#5463);
#2136=VERTEX_POINT('',#5464);
#2137=VERTEX_POINT('',#5469);
#2138=VERTEX_POINT('',#5474);
#2139=VERTEX_POINT('',#5479);
#2140=VERTEX_POINT('',#5509);
#2141=VERTEX_POINT('',#5510);
#2142=VERTEX_POINT('',#5515);
#2143=VERTEX_POINT('',#5520);
#2144=VERTEX_POINT('',#5527);
#2145=VERTEX_POINT('',#5529);
#2146=VERTEX_POINT('',#5531);
#2147=VERTEX_POINT('',#5535);
#2148=VERTEX_POINT('',#5536);
#2149=VERTEX_POINT('',#5538);
#2150=VERTEX_POINT('',#5540);
#2151=VERTEX_POINT('',#5544);
#2152=VERTEX_POINT('',#5546);
#2153=VERTEX_POINT('',#5550);
#2154=VERTEX_POINT('',#5727);
#2155=VERTEX_POINT('',#5728);
#2156=VERTEX_POINT('',#5733);
#2157=VERTEX_POINT('',#5768);
#2158=VERTEX_POINT('',#5779);
#2159=VERTEX_POINT('',#5820);
#2160=VERTEX_POINT('',#5842);
#2161=VERTEX_POINT('',#5856);
#2162=VERTEX_POINT('',#5858);
#2163=VERTEX_POINT('',#5865);
#2164=VERTEX_POINT('',#5866);
#2165=VERTEX_POINT('',#5871);
#2166=VERTEX_POINT('',#5875);
#2167=VERTEX_POINT('',#5881);
#2168=VERTEX_POINT('',#5882);
#2169=VERTEX_POINT('',#5884);
#2170=VERTEX_POINT('',#5886);
#2171=VERTEX_POINT('',#5890);
#2172=VERTEX_POINT('',#5891);
#2173=VERTEX_POINT('',#5893);
#2174=VERTEX_POINT('',#5895);
#2175=VERTEX_POINT('',#5904);
#2176=VERTEX_POINT('',#5905);
#2177=VERTEX_POINT('',#5910);
#2178=VERTEX_POINT('',#5911);
#2179=VERTEX_POINT('',#5914);
#2180=VERTEX_POINT('',#5919);
#2181=VERTEX_POINT('',#5925);
#2182=VERTEX_POINT('',#5929);
#2183=VERTEX_POINT('',#5950);
#2184=VERTEX_POINT('',#5984);
#2185=VERTEX_POINT('',#5988);
#2186=VERTEX_POINT('',#5992);
#2187=VERTEX_POINT('',#6009);
#2188=VERTEX_POINT('',#6011);
#2189=VERTEX_POINT('',#6015);
#2190=VERTEX_POINT('',#6019);
#2191=VERTEX_POINT('',#6161);
#2192=VERTEX_POINT('',#6196);
#2193=VERTEX_POINT('',#6200);
#2194=VERTEX_POINT('',#6202);
#2195=VERTEX_POINT('',#6209);
#2196=VERTEX_POINT('',#6237);
#2197=VERTEX_POINT('',#6244);
#2198=VERTEX_POINT('',#6248);
#2199=VERTEX_POINT('',#6250);
#2200=VERTEX_POINT('',#6265);
#2201=VERTEX_POINT('',#6269);
#2202=VERTEX_POINT('',#6270);
#2203=VERTEX_POINT('',#6273);
#2204=VERTEX_POINT('',#6275);
#2205=VERTEX_POINT('',#6371);
#2206=VERTEX_POINT('',#6372);
#2207=VERTEX_POINT('',#6390);
#2208=VERTEX_POINT('',#6395);
#2209=VERTEX_POINT('',#6415);
#2210=VERTEX_POINT('',#6420);
#2211=VERTEX_POINT('',#6478);
#2212=VERTEX_POINT('',#6483);
#2213=VERTEX_POINT('',#6564);
#2214=VERTEX_POINT('',#6565);
#2215=VERTEX_POINT('',#6570);
#2216=VERTEX_POINT('',#6585);
#2217=VERTEX_POINT('',#6590);
#2218=VERTEX_POINT('',#6639);
#2219=VERTEX_POINT('',#6644);
#2220=VERTEX_POINT('',#6649);
#2221=VERTEX_POINT('',#6679);
#2222=VERTEX_POINT('',#6684);
#2223=VERTEX_POINT('',#6686);
#2224=VERTEX_POINT('',#6692);
#2225=VERTEX_POINT('',#6694);
#2226=VERTEX_POINT('',#6701);
#2227=VERTEX_POINT('',#6740);
#2228=VERTEX_POINT('',#6744);
#2229=VERTEX_POINT('',#6746);
#2230=VERTEX_POINT('',#6752);
#2231=VERTEX_POINT('',#6804);
#2232=VERTEX_POINT('',#6805);
#2233=VERTEX_POINT('',#6820);
#2234=VERTEX_POINT('',#6824);
#2235=VERTEX_POINT('',#6828);
#2236=VERTEX_POINT('',#6830);
#2237=VERTEX_POINT('',#6834);
#2238=VERTEX_POINT('',#6839);
#2239=VERTEX_POINT('',#6844);
#2240=VERTEX_POINT('',#6849);
#2241=VERTEX_POINT('',#6856);
#2242=VERTEX_POINT('',#6860);
#2243=VERTEX_POINT('',#6864);
#2244=VERTEX_POINT('',#6868);
#2245=VERTEX_POINT('',#6872);
#2246=VERTEX_POINT('',#6886);
#2247=VERTEX_POINT('',#6892);
#2248=VERTEX_POINT('',#6928);
#2249=VERTEX_POINT('',#6938);
#2250=VERTEX_POINT('',#6939);
#2251=VERTEX_POINT('',#6941);
#2252=VERTEX_POINT('',#6952);
#2253=VERTEX_POINT('',#6957);
#2254=VERTEX_POINT('',#6967);
#2255=VERTEX_POINT('',#6968);
#2256=VERTEX_POINT('',#6983);
#2257=VERTEX_POINT('',#6985);
#2258=VERTEX_POINT('',#6990);
#2259=VERTEX_POINT('',#6998);
#2260=VERTEX_POINT('',#7000);
#2261=VERTEX_POINT('',#7015);
#2262=VERTEX_POINT('',#7046);
#2263=VERTEX_POINT('',#7053);
#2264=VERTEX_POINT('',#7089);
#2265=VERTEX_POINT('',#7094);
#2266=VERTEX_POINT('',#7099);
#2267=VERTEX_POINT('',#7129);
#2268=VERTEX_POINT('',#7134);
#2269=VERTEX_POINT('',#7139);
#2270=VERTEX_POINT('',#7295);
#2271=VERTEX_POINT('',#7563);
#2272=VERTEX_POINT('',#7588);
#2273=VERTEX_POINT('',#8211);
#2274=VERTEX_POINT('',#8214);
#2275=B_SPLINE_CURVE_WITH_KNOTS('',3,(#3828,#3829,#3830,#3831,#3832),
 .UNSPECIFIED.,.F.,.F.,(4,1,4),(0.00214241898518913,0.00321399473811371,
0.00428557049103829),.UNSPECIFIED.);
#2276=B_SPLINE_CURVE_WITH_KNOTS('',3,(#3855,#3856,#3857,#3858),
 .UNSPECIFIED.,.F.,.F.,(4,4),(-1.61457066703655,1.),.UNSPECIFIED.);
#2277=B_SPLINE_CURVE_WITH_KNOTS('',3,(#3860,#3861,#3862,#3863),
 .UNSPECIFIED.,.F.,.F.,(4,4),(0.00417852901995314,0.00967985656818316),
 .UNSPECIFIED.);
#2278=B_SPLINE_CURVE_WITH_KNOTS('',3,(#3867,#3868,#3869,#3870),
 .UNSPECIFIED.,.F.,.F.,(4,4),(0.,0.0976741193085995),.UNSPECIFIED.);
#2279=B_SPLINE_CURVE_WITH_KNOTS('',3,(#3872,#3873,#3874,#3875,#3876,#3877),
 .UNSPECIFIED.,.F.,.F.,(4,1,1,4),(0.,0.249994023678422,0.499988047356843,
0.999976094713687),.UNSPECIFIED.);
#2280=B_SPLINE_CURVE_WITH_KNOTS('',3,(#3879,#3880,#3881,#3882),
 .UNSPECIFIED.,.F.,.F.,(4,4),(6.85645737746621E-6,1.),.UNSPECIFIED.);
#2281=B_SPLINE_CURVE_WITH_KNOTS('',3,(#3891,#3892,#3893,#3894,#3895),
 .UNSPECIFIED.,.F.,.F.,(4,1,4),(0.,0.00259251186108023,0.00518502372216047),
 .UNSPECIFIED.);
#2282=B_SPLINE_CURVE_WITH_KNOTS('',3,(#3898,#3899,#3900,#3901),
 .UNSPECIFIED.,.F.,.F.,(4,4),(0.,1.),.PIECEWISE_BEZIER_KNOTS.);
#2283=B_SPLINE_CURVE_WITH_KNOTS('',3,(#3914,#3915,#3916,#3917,#3918,#3919,
#3920,#3921,#3922,#3923,#3924,#3925,#3926,#3927,#3928,#3929,#3930,#3931,
#3932,#3933,#3934,#3935,#3936),.UNSPECIFIED.,.F.,.F.,(4,1,1,1,1,1,1,1,1,
1,1,1,1,1,1,1,1,1,1,1,4),(0.,0.125,0.25,0.375,0.4375,0.5,0.5625,0.625,0.65625,
0.671875,0.6875,0.703125,0.71875,0.734375,0.75,0.765625,0.78125,0.8125,
0.875,0.9375,1.),.UNSPECIFIED.);
#2284=B_SPLINE_CURVE_WITH_KNOTS('',3,(#3969,#3970,#3971,#3972),
 .UNSPECIFIED.,.F.,.F.,(4,4),(0.0010886015530174,0.00236854174429521),
 .UNSPECIFIED.);
#2285=B_SPLINE_CURVE_WITH_KNOTS('',3,(#3974,#3975,#3976,#3977,#3978),
 .UNSPECIFIED.,.F.,.F.,(4,1,4),(0.,0.00203891343608641,0.00407782687217283),
 .UNSPECIFIED.);
#2286=B_SPLINE_CURVE_WITH_KNOTS('',3,(#3980,#3981,#3982,#3983),
 .UNSPECIFIED.,.F.,.F.,(4,4),(0.,0.000505274807065146),.UNSPECIFIED.);
#2287=B_SPLINE_CURVE_WITH_KNOTS('',3,(#3987,#3988,#3989,#3990),
 .UNSPECIFIED.,.F.,.F.,(4,4),(0.,0.0025066436467865),.UNSPECIFIED.);
#2288=B_SPLINE_CURVE_WITH_KNOTS('',3,(#3992,#3993,#3994,#3995),
 .UNSPECIFIED.,.F.,.F.,(4,4),(0.,0.000307254146891887),.UNSPECIFIED.);
#2289=B_SPLINE_CURVE_WITH_KNOTS('',3,(#4316,#4317,#4318,#4319),
 .UNSPECIFIED.,.F.,.F.,(4,4),(0.,0.00248896942342135),.UNSPECIFIED.);
#2290=B_SPLINE_CURVE_WITH_KNOTS('',3,(#4321,#4322,#4323,#4324,#4325,#4326),
 .UNSPECIFIED.,.F.,.F.,(4,1,1,4),(0.,0.00300151018810725,0.00600302037621451,
0.012006040752429),.UNSPECIFIED.);
#2291=B_SPLINE_CURVE_WITH_KNOTS('',3,(#4328,#4329,#4330,#4331),
 .UNSPECIFIED.,.F.,.F.,(4,4),(0.,0.00479356048367663),.UNSPECIFIED.);
#2292=B_SPLINE_CURVE_WITH_KNOTS('',3,(#4414,#4415,#4416,#4417),
 .UNSPECIFIED.,.F.,.F.,(4,4),(0.00206385871932151,0.0062912201196532),
 .UNSPECIFIED.);
#2293=B_SPLINE_CURVE_WITH_KNOTS('',3,(#4424,#4425,#4426,#4427,#4428,#4429,
#4430,#4431),.UNSPECIFIED.,.F.,.F.,(4,1,1,1,1,4),(0.,0.25,0.375,0.5,0.75,
1.),.UNSPECIFIED.);
#2294=B_SPLINE_CURVE_WITH_KNOTS('',3,(#4435,#4436,#4437,#4438,#4439),
 .UNSPECIFIED.,.F.,.F.,(4,1,4),(2.17703192575854E-18,0.00443494302767684,
0.00886988605535368),.UNSPECIFIED.);
#2295=B_SPLINE_CURVE_WITH_KNOTS('',3,(#4444,#4445,#4446,#4447),
 .UNSPECIFIED.,.F.,.F.,(4,4),(1.80283402908025E-5,0.00258375517944533),
 .UNSPECIFIED.);
#2296=B_SPLINE_CURVE_WITH_KNOTS('',3,(#4457,#4458,#4459,#4460),
 .UNSPECIFIED.,.F.,.F.,(4,4),(0.,0.00617381970361397),.UNSPECIFIED.);
#2297=B_SPLINE_CURVE_WITH_KNOTS('',3,(#4465,#4466,#4467,#4468,#4469,#4470,
#4471,#4472,#4473,#4474,#4475,#4476),.UNSPECIFIED.,.F.,.F.,(4,1,1,1,1,1,
1,1,1,4),(0.0704025423517182,0.302801906763789,0.535201271175859,0.651400953381894,
0.76760063558793,0.825700476690947,0.854750397242456,0.883800317793965,
0.941900158896982,1.),.UNSPECIFIED.);
#2298=B_SPLINE_CURVE_WITH_KNOTS('',3,(#4478,#4479,#4480,#4481),
 .UNSPECIFIED.,.F.,.F.,(4,4),(0.,1.),.UNSPECIFIED.);
#2299=B_SPLINE_CURVE_WITH_KNOTS('',3,(#4483,#4484,#4485,#4486),
 .UNSPECIFIED.,.F.,.F.,(4,4),(0.,1.),.UNSPECIFIED.);
#2300=B_SPLINE_CURVE_WITH_KNOTS('',3,(#4488,#4489,#4490,#4491),
 .UNSPECIFIED.,.F.,.F.,(4,4),(0.,1.),.UNSPECIFIED.);
#2301=B_SPLINE_CURVE_WITH_KNOTS('',3,(#4495,#4496,#4497,#4498),
 .UNSPECIFIED.,.F.,.F.,(4,4),(0.,1.),.UNSPECIFIED.);
#2302=B_SPLINE_CURVE_WITH_KNOTS('',3,(#4847,#4848,#4849,#4850,#4851),
 .UNSPECIFIED.,.F.,.F.,(4,1,4),(0.0102671138849381,0.0132935809602713,0.0163200480356045),
 .UNSPECIFIED.);
#2303=B_SPLINE_CURVE_WITH_KNOTS('',3,(#4867,#4868,#4869,#4870),
 .UNSPECIFIED.,.F.,.F.,(4,4),(0.,0.00614171483239717),.UNSPECIFIED.);
#2304=B_SPLINE_CURVE_WITH_KNOTS('',3,(#4911,#4912,#4913,#4914),
 .UNSPECIFIED.,.F.,.F.,(4,4),(0.,0.00367963030322835),.UNSPECIFIED.);
#2305=B_SPLINE_CURVE_WITH_KNOTS('',3,(#4917,#4918,#4919,#4920),
 .UNSPECIFIED.,.F.,.F.,(4,4),(0.0053923983718553,0.00845899006958002),
 .UNSPECIFIED.);
#2306=B_SPLINE_CURVE_WITH_KNOTS('',3,(#4921,#4922,#4923,#4924),
 .UNSPECIFIED.,.F.,.F.,(4,4),(0.,0.00322490274035863),.UNSPECIFIED.);
#2307=B_SPLINE_CURVE_WITH_KNOTS('',3,(#4926,#4927,#4928,#4929),
 .UNSPECIFIED.,.F.,.F.,(4,4),(0.00895712910896608,0.0101525489037029),
 .UNSPECIFIED.);
#2308=B_SPLINE_CURVE_WITH_KNOTS('',3,(#4933,#4934,#4935,#4936),
 .UNSPECIFIED.,.F.,.F.,(4,4),(0.,0.00341021338195654),.UNSPECIFIED.);
#2309=B_SPLINE_CURVE_WITH_KNOTS('',3,(#4940,#4941,#4942,#4943,#4944),
 .UNSPECIFIED.,.F.,.F.,(4,1,4),(-0.00733343054804874,-0.0047050347292594,
-0.00207663891047006),.UNSPECIFIED.);
#2310=B_SPLINE_CURVE_WITH_KNOTS('',3,(#4946,#4947,#4948,#4949),
 .UNSPECIFIED.,.F.,.F.,(4,4),(0.,1.),.UNSPECIFIED.);
#2311=B_SPLINE_CURVE_WITH_KNOTS('',3,(#4951,#4952,#4953,#4954,#4955,#4956,
#4957,#4958,#4959),.UNSPECIFIED.,.F.,.F.,(4,1,1,1,1,1,4),(0.00590571695134764,
0.0110814606954864,0.0136693325675558,0.0162572044396252,0.0188450763116946,
0.021432948183764,0.0266086919279028),.UNSPECIFIED.);
#2312=B_SPLINE_CURVE_WITH_KNOTS('',3,(#4965,#4966,#4967,#4968),
 .UNSPECIFIED.,.F.,.F.,(4,4),(0.000503826249230363,0.00335357073394509),
 .UNSPECIFIED.);
#2313=B_SPLINE_CURVE_WITH_KNOTS('',3,(#4973,#4974,#4975,#4976),
 .UNSPECIFIED.,.F.,.F.,(4,4),(1.77756260508886E-17,0.000543544147242837),
 .UNSPECIFIED.);
#2314=B_SPLINE_CURVE_WITH_KNOTS('',3,(#4988,#4989,#4990,#4991),
 .UNSPECIFIED.,.F.,.F.,(4,4),(1.54078213353189E-16,0.000543513236117743),
 .UNSPECIFIED.);
#2315=B_SPLINE_CURVE_WITH_KNOTS('',3,(#4998,#4999,#5000,#5001),
 .UNSPECIFIED.,.F.,.F.,(4,4),(6.93889390390723E-18,0.00087758782151744),
 .UNSPECIFIED.);
#2316=B_SPLINE_CURVE_WITH_KNOTS('',2,(#5003,#5004,#5005),.UNSPECIFIED.,
 .F.,.F.,(3,3),(0.,1.),.UNSPECIFIED.);
#2317=B_SPLINE_CURVE_WITH_KNOTS('',3,(#5018,#5019,#5020,#5021),
 .UNSPECIFIED.,.F.,.F.,(4,4),(0.,0.00246806533442811),.UNSPECIFIED.);
#2318=B_SPLINE_CURVE_WITH_KNOTS('',3,(#5023,#5024,#5025,#5026),
 .UNSPECIFIED.,.F.,.F.,(4,4),(0.,0.00901660171629418),.UNSPECIFIED.);
#2319=B_SPLINE_CURVE_WITH_KNOTS('',3,(#5028,#5029,#5030,#5031),
 .UNSPECIFIED.,.F.,.F.,(4,4),(0.00831140367550887,0.0115222825600428),
 .UNSPECIFIED.);
#2320=B_SPLINE_CURVE_WITH_KNOTS('',3,(#5069,#5070,#5071,#5072),
 .UNSPECIFIED.,.F.,.F.,(4,4),(6.83621926263132E-17,0.00301869638414906),
 .UNSPECIFIED.);
#2321=B_SPLINE_CURVE_WITH_KNOTS('',3,(#5096,#5097,#5098,#5099),
 .UNSPECIFIED.,.F.,.F.,(4,4),(1.73472347597681E-18,0.00262257547638714),
 .UNSPECIFIED.);
#2322=B_SPLINE_CURVE_WITH_KNOTS('',3,(#5110,#5111,#5112,#5113),
 .UNSPECIFIED.,.F.,.F.,(4,4),(0.,1.),.UNSPECIFIED.);
#2323=B_SPLINE_CURVE_WITH_KNOTS('',3,(#5115,#5116,#5117,#5118,#5119,#5120,
#5121),.UNSPECIFIED.,.F.,.F.,(4,1,1,1,4),(0.0220980617604629,0.027374147579172,
0.0326502333978811,0.0379263192165903,0.0432024050352994),.UNSPECIFIED.);
#2324=B_SPLINE_CURVE_WITH_KNOTS('',3,(#5125,#5126,#5127,#5128),
 .UNSPECIFIED.,.F.,.F.,(4,4),(0.,0.00169717398870627),.UNSPECIFIED.);
#2325=B_SPLINE_CURVE_WITH_KNOTS('',3,(#5136,#5137,#5138,#5139,#5140,#5141,
#5142),.UNSPECIFIED.,.F.,.F.,(4,1,1,1,4),(0.,0.00113287664757527,0.00226575329515053,
0.00453150659030106,0.00906301318060212),.UNSPECIFIED.);
#2326=B_SPLINE_CURVE_WITH_KNOTS('',3,(#5146,#5147,#5148,#5149,#5150),
 .UNSPECIFIED.,.F.,.F.,(4,1,4),(0.,0.00355562178347918,0.00711124356695836),
 .UNSPECIFIED.);
#2327=B_SPLINE_CURVE_WITH_KNOTS('',3,(#5154,#5155,#5156,#5157,#5158,#5159,
#5160),.UNSPECIFIED.,.F.,.F.,(4,1,1,1,4),(0.0101766952884738,0.0122599366971723,
0.0143431781058708,0.0164264195145694,0.0185096609232679),.UNSPECIFIED.);
#2328=B_SPLINE_CURVE_WITH_KNOTS('',3,(#5271,#5272,#5273,#5274,#5275,#5276),
 .UNSPECIFIED.,.F.,.F.,(4,1,1,4),(0.000289628191274759,0.004174615437947,
0.00611710906128312,0.00805960268461925),.UNSPECIFIED.);
#2329=B_SPLINE_CURVE_WITH_KNOTS('',3,(#5278,#5279,#5280,#5281),
 .UNSPECIFIED.,.F.,.F.,(4,4),(0.,1.),.UNSPECIFIED.);
#2330=B_SPLINE_CURVE_WITH_KNOTS('',3,(#5290,#5291,#5292,#5293),
 .UNSPECIFIED.,.F.,.F.,(4,4),(0.,1.),.UNSPECIFIED.);
#2331=B_SPLINE_CURVE_WITH_KNOTS('',3,(#5295,#5296,#5297,#5298),
 .UNSPECIFIED.,.F.,.F.,(4,4),(0.,1.),.UNSPECIFIED.);
#2332=B_SPLINE_CURVE_WITH_KNOTS('',3,(#5338,#5339,#5340,#5341),
 .UNSPECIFIED.,.F.,.F.,(4,4),(7.152448122691E-18,0.00378223735363945),
 .UNSPECIFIED.);
#2333=B_SPLINE_CURVE_WITH_KNOTS('',3,(#5343,#5344,#5345,#5346),
 .UNSPECIFIED.,.F.,.F.,(4,4),(0.,0.00218378182070121),.UNSPECIFIED.);
#2334=B_SPLINE_CURVE_WITH_KNOTS('',3,(#5350,#5351,#5352,#5353),
 .UNSPECIFIED.,.F.,.F.,(4,4),(0.,0.00218311381231634),.UNSPECIFIED.);
#2335=B_SPLINE_CURVE_WITH_KNOTS('',3,(#5355,#5356,#5357,#5358),
 .UNSPECIFIED.,.F.,.F.,(4,4),(7.75791922889773E-18,0.00378659317822526),
 .UNSPECIFIED.);
#2336=B_SPLINE_CURVE_WITH_KNOTS('',3,(#5459,#5460,#5461,#5462),
 .UNSPECIFIED.,.F.,.F.,(4,4),(1.56125112837913E-17,0.00113609882796798),
 .UNSPECIFIED.);
#2337=B_SPLINE_CURVE_WITH_KNOTS('',3,(#5465,#5466,#5467,#5468),
 .UNSPECIFIED.,.F.,.F.,(4,4),(0.,1.),.UNSPECIFIED.);
#2338=B_SPLINE_CURVE_WITH_KNOTS('',3,(#5470,#5471,#5472,#5473),
 .UNSPECIFIED.,.F.,.F.,(4,4),(0.,1.),.UNSPECIFIED.);
#2339=B_SPLINE_CURVE_WITH_KNOTS('',3,(#5475,#5476,#5477,#5478),
 .UNSPECIFIED.,.F.,.F.,(4,4),(0.,1.),.UNSPECIFIED.);
#2340=B_SPLINE_CURVE_WITH_KNOTS('',3,(#5480,#5481,#5482,#5483),
 .UNSPECIFIED.,.F.,.F.,(4,4),(0.581350157375689,0.689050690567931),
 .UNSPECIFIED.);
#2341=B_SPLINE_CURVE_WITH_KNOTS('',3,(#5505,#5506,#5507,#5508),
 .UNSPECIFIED.,.F.,.F.,(4,4),(0.000188146838563386,0.00315300349963853),
 .UNSPECIFIED.);
#2342=B_SPLINE_CURVE_WITH_KNOTS('',3,(#5511,#5512,#5513,#5514),
 .UNSPECIFIED.,.F.,.F.,(4,4),(4.45239684426499E-16,0.000845898765222607),
 .UNSPECIFIED.);
#2343=B_SPLINE_CURVE_WITH_KNOTS('',3,(#5516,#5517,#5518,#5519),
 .UNSPECIFIED.,.F.,.F.,(4,4),(0.0123645764981322,0.0161691627193213),
 .UNSPECIFIED.);
#2344=B_SPLINE_CURVE_WITH_KNOTS('',3,(#5521,#5522,#5523,#5524),
 .UNSPECIFIED.,.F.,.F.,(4,4),(0.,0.00310157838939777),.UNSPECIFIED.);
#2345=B_SPLINE_CURVE_WITH_KNOTS('',3,(#5712,#5713,#5714,#5715,#5716,#5717,
#5718,#5719,#5720,#5721,#5722,#5723,#5724,#5725,#5726),.UNSPECIFIED.,.F.,
 .F.,(4,1,1,1,1,1,1,1,1,1,1,1,4),(0.0243365644499051,0.142551804230398,
0.260767044010892,0.378982283791385,0.438089903681632,0.467643713626755,
0.497197523571879,0.526751333517002,0.556305143462125,0.615412763352372,
0.733628003132866,0.851843242913359,0.970058482693852),.UNSPECIFIED.);
#2346=B_SPLINE_CURVE_WITH_KNOTS('',3,(#5729,#5730,#5731,#5732),
 .UNSPECIFIED.,.F.,.F.,(4,4),(0.,1.),.UNSPECIFIED.);
#2347=B_SPLINE_CURVE_WITH_KNOTS('',3,(#5734,#5735,#5736,#5737,#5738,#5739,
#5740,#5741,#5742,#5743,#5744,#5745,#5746,#5747,#5748,#5749,#5750,#5751,
#5752,#5753,#5754,#5755,#5756,#5757,#5758,#5759,#5760,#5761,#5762,#5763,
#5764,#5765,#5766,#5767),.UNSPECIFIED.,.F.,.F.,(4,3,3,3,3,2,2,2,3,3,3,3,
4),(-0.92805,-0.5985,-0.345,-0.15,0.,0.25,0.5,0.75,1.,1.15,1.345,1.5985,
1.92805),.UNSPECIFIED.);
#2348=B_SPLINE_CURVE_WITH_KNOTS('',3,(#5769,#5770,#5771,#5772,#5773,#5774,
#5775,#5776,#5777,#5778),.UNSPECIFIED.,.F.,.F.,(4,2,2,2,4),(0.,0.500000000000003,
0.625000000000003,0.750000000000003,1.),.UNSPECIFIED.);
#2349=B_SPLINE_CURVE_WITH_KNOTS('',3,(#5780,#5781,#5782,#5783),
 .UNSPECIFIED.,.F.,.F.,(4,4),(0.,0.0243365644499051),.UNSPECIFIED.);
#2350=B_SPLINE_CURVE_WITH_KNOTS('',3,(#5816,#5817,#5818,#5819),
 .UNSPECIFIED.,.F.,.F.,(4,4),(0.,1.),.UNSPECIFIED.);
#2351=B_SPLINE_CURVE_WITH_KNOTS('',3,(#5821,#5822,#5823,#5824,#5825,#5826,
#5827,#5828,#5829,#5830,#5831,#5832,#5833,#5834,#5835,#5836,#5837,#5838,
#5839,#5840,#5841),.UNSPECIFIED.,.F.,.F.,(4,1,1,1,1,1,1,1,1,1,1,1,1,1,1,
1,1,1,4),(0.0239536551495788,0.0849565517027301,0.145959448255881,0.206962344809033,
0.237463793085608,0.252714517223896,0.267965241362184,0.29846668963876,
0.328968137915335,0.359469586191911,0.374720310330199,0.389971034468487,
0.420472482745062,0.450973931021638,0.511976827574789,0.572979724127941,
0.633982620681092,0.755988413787395,1.),.UNSPECIFIED.);
#2352=B_SPLINE_CURVE_WITH_KNOTS('',3,(#5852,#5853,#5854,#5855),
 .UNSPECIFIED.,.F.,.F.,(4,4),(0.,1.),.UNSPECIFIED.);
#2353=B_SPLINE_CURVE_WITH_KNOTS('',3,(#5859,#5860,#5861,#5862),
 .UNSPECIFIED.,.F.,.F.,(4,4),(0.,1.),.PIECEWISE_BEZIER_KNOTS.);
#2354=B_SPLINE_CURVE_WITH_KNOTS('',3,(#5897,#5898,#5899,#5900),
 .UNSPECIFIED.,.F.,.F.,(4,4),(1.73472347597681E-18,0.000696068248456037),
 .UNSPECIFIED.);
#2355=B_SPLINE_CURVE_WITH_KNOTS('',3,(#5930,#5931,#5932,#5933,#5934),
 .UNSPECIFIED.,.F.,.F.,(4,1,4),(0.,0.428511923069596,0.857023846139191),
 .UNSPECIFIED.);
#2356=B_SPLINE_CURVE_WITH_KNOTS('',3,(#5951,#5952,#5953,#5954,#5955,#5956,
#5957,#5958,#5959,#5960,#5961,#5962,#5963,#5964,#5965,#5966,#5967,#5968,
#5969,#5970,#5971,#5972,#5973,#5974,#5975,#5976,#5977,#5978,#5979,#5980,
#5981),.UNSPECIFIED.,.F.,.F.,(4,3,3,3,3,1,1,1,3,3,3,3,4),(-0.92805,-0.5985,
-0.345,-0.15,0.,0.25,0.5,0.75,1.,1.15,1.345,1.5985,1.92805),
 .UNSPECIFIED.);
#2357=B_SPLINE_CURVE_WITH_KNOTS('',3,(#5993,#5994,#5995,#5996,#5997),
 .UNSPECIFIED.,.F.,.F.,(4,1,4),(0.00206385871932113,0.00442683734023372,
0.00678981596114632),.UNSPECIFIED.);
#2358=B_SPLINE_CURVE_WITH_KNOTS('',3,(#6157,#6158,#6159,#6160),
 .UNSPECIFIED.,.F.,.F.,(4,4),(0.,1.),.UNSPECIFIED.);
#2359=B_SPLINE_CURVE_WITH_KNOTS('',3,(#6162,#6163,#6164,#6165,#6166,#6167,
#6168,#6169,#6170,#6171,#6172,#6173,#6174,#6175,#6176,#6177,#6178,#6179,
#6180,#6181,#6182,#6183,#6184,#6185,#6186,#6187,#6188,#6189,#6190,#6191,
#6192,#6193,#6194,#6195),.UNSPECIFIED.,.F.,.F.,(4,1,1,1,1,1,1,1,1,1,1,1,
1,1,1,1,1,1,1,1,1,1,1,1,1,1,1,1,1,1,1,4),(0.,0.125,0.25,0.3125,0.375,0.40625,
0.4375,0.46875,0.484375,0.4921875,0.5,0.5078125,0.515625,0.53125,0.5625,
0.59375,0.625,0.65625,0.6875,0.703125,0.71875,0.734375,0.7421875,0.75,0.7578125,
0.765625,0.78125,0.8125,0.84375,0.875,0.9375,1.),.UNSPECIFIED.);
#2360=B_SPLINE_CURVE_WITH_KNOTS('',3,(#6205,#6206,#6207,#6208),
 .UNSPECIFIED.,.F.,.F.,(4,4),(0.,1.),.UNSPECIFIED.);
#2361=B_SPLINE_CURVE_WITH_KNOTS('',3,(#6210,#6211,#6212,#6213,#6214,#6215,
#6216),.UNSPECIFIED.,.F.,.F.,(4,1,1,1,4),(0.,0.25,0.5,0.75,1.),
 .UNSPECIFIED.);
#2362=B_SPLINE_CURVE_WITH_KNOTS('',3,(#6217,#6218,#6219,#6220,#6221,#6222),
 .UNSPECIFIED.,.F.,.F.,(4,1,1,4),(0.,0.00262501680183025,0.00525003360366049,
0.010500067207321),.UNSPECIFIED.);
#2363=B_SPLINE_CURVE_WITH_KNOTS('',3,(#6231,#6232,#6233,#6234),
 .UNSPECIFIED.,.F.,.F.,(4,4),(0.,1.),.UNSPECIFIED.);
#2364=B_SPLINE_CURVE_WITH_KNOTS('',3,(#6261,#6262,#6263,#6264),
 .UNSPECIFIED.,.F.,.F.,(4,4),(0.,0.00646535085567966),.UNSPECIFIED.);
#2365=B_SPLINE_CURVE_WITH_KNOTS('',3,(#6276,#6277,#6278,#6279),
 .UNSPECIFIED.,.F.,.F.,(4,4),(0.000285162590521821,0.00883878113419675),
 .UNSPECIFIED.);
#2366=B_SPLINE_CURVE_WITH_KNOTS('',3,(#6367,#6368,#6369,#6370),
 .UNSPECIFIED.,.F.,.F.,(4,4),(3.34581347384322E-17,0.00845685120076163),
 .UNSPECIFIED.);
#2367=B_SPLINE_CURVE_WITH_KNOTS('',3,(#6373,#6374,#6375,#6376,#6377,#6378,
#6379,#6380),.UNSPECIFIED.,.F.,.F.,(4,1,1,1,1,4),(0.,0.00393177838412815,
0.00786355676825631,0.00982944596032038,0.0117953351523845,0.0157271135365126),
 .UNSPECIFIED.);
#2368=B_SPLINE_CURVE_WITH_KNOTS('',3,(#6381,#6382,#6383,#6384,#6385,#6386,
#6387),.UNSPECIFIED.,.F.,.F.,(4,1,1,1,4),(0.,0.00393169862349602,0.00786339724699204,
0.0117950958704881,0.0157267944939841),.UNSPECIFIED.);
#2369=B_SPLINE_CURVE_WITH_KNOTS('',3,(#6391,#6392,#6393,#6394),
 .UNSPECIFIED.,.F.,.F.,(4,4),(3.55618312575245E-17,0.00854356356489821),
 .UNSPECIFIED.);
#2370=B_SPLINE_CURVE_WITH_KNOTS('',3,(#6416,#6417,#6418,#6419),
 .UNSPECIFIED.,.F.,.F.,(4,4),(9.0656893519947E-9,0.999999999999999),
 .UNSPECIFIED.);
#2371=B_SPLINE_CURVE_WITH_KNOTS('',3,(#6421,#6422,#6423,#6424),
 .UNSPECIFIED.,.F.,.F.,(4,4),(0.,0.0101151922875039),.UNSPECIFIED.);
#2372=B_SPLINE_CURVE_WITH_KNOTS('',3,(#6479,#6480,#6481,#6482),
 .UNSPECIFIED.,.F.,.F.,(4,4),(-0.00135941175520347,0.00750059341597456),
 .UNSPECIFIED.);
#2373=B_SPLINE_CURVE_WITH_KNOTS('',3,(#6484,#6485,#6486,#6487,#6488,#6489),
 .UNSPECIFIED.,.F.,.F.,(4,1,1,4),(0.,0.00388931903892156,0.00777863807784313,
0.0155572761556863),.UNSPECIFIED.);
#2374=B_SPLINE_CURVE_WITH_KNOTS('',3,(#6560,#6561,#6562,#6563),
 .UNSPECIFIED.,.F.,.F.,(4,4),(0.,1.),.UNSPECIFIED.);
#2375=B_SPLINE_CURVE_WITH_KNOTS('',3,(#6566,#6567,#6568,#6569),
 .UNSPECIFIED.,.F.,.F.,(4,4),(0.,0.884704562813018),.UNSPECIFIED.);
#2376=B_SPLINE_CURVE_WITH_KNOTS('',3,(#6571,#6572,#6573,#6574),
 .UNSPECIFIED.,.F.,.F.,(4,4),(0.,0.000763275952255284),.UNSPECIFIED.);
#2377=B_SPLINE_CURVE_WITH_KNOTS('',3,(#6575,#6576,#6577,#6578,#6579,#6580,
#6581,#6582,#6583,#6584),.UNSPECIFIED.,.F.,.F.,(4,2,2,2,4),(0.,0.500000000000003,
0.625000000000003,0.750000000000003,1.),.UNSPECIFIED.);
#2378=B_SPLINE_CURVE_WITH_KNOTS('',3,(#6586,#6587,#6588,#6589),
 .UNSPECIFIED.,.F.,.F.,(4,4),(1.20048911540936E-8,0.908385710020205),
 .UNSPECIFIED.);
#2379=B_SPLINE_CURVE_WITH_KNOTS('',3,(#6591,#6592,#6593,#6594),
 .UNSPECIFIED.,.F.,.F.,(4,4),(0.,1.),.UNSPECIFIED.);
#2380=B_SPLINE_CURVE_WITH_KNOTS('',3,(#6635,#6636,#6637,#6638),
 .UNSPECIFIED.,.F.,.F.,(4,4),(0.,1.),.UNSPECIFIED.);
#2381=B_SPLINE_CURVE_WITH_KNOTS('',3,(#6640,#6641,#6642,#6643),
 .UNSPECIFIED.,.F.,.F.,(4,4),(0.,1.),.UNSPECIFIED.);
#2382=B_SPLINE_CURVE_WITH_KNOTS('',3,(#6645,#6646,#6647,#6648),
 .UNSPECIFIED.,.F.,.F.,(4,4),(0.,1.),.UNSPECIFIED.);
#2383=B_SPLINE_CURVE_WITH_KNOTS('',3,(#6650,#6651,#6652,#6653),
 .UNSPECIFIED.,.F.,.F.,(4,4),(0.00404785815774644,0.00467823052338611),
 .UNSPECIFIED.);
#2384=B_SPLINE_CURVE_WITH_KNOTS('',3,(#6675,#6676,#6677,#6678),
 .UNSPECIFIED.,.F.,.F.,(4,4),(0.,1.),.UNSPECIFIED.);
#2385=B_SPLINE_CURVE_WITH_KNOTS('',3,(#6680,#6681,#6682,#6683),
 .UNSPECIFIED.,.F.,.F.,(4,4),(-0.000796292088585561,0.000985735252514666),
 .UNSPECIFIED.);
#2386=B_SPLINE_CURVE_WITH_KNOTS('',3,(#6687,#6688,#6689,#6690,#6691),
 .UNSPECIFIED.,.F.,.F.,(4,1,4),(5.47469494670948E-17,0.00320258579149583,
0.0064051715829916),.UNSPECIFIED.);
#2387=B_SPLINE_CURVE_WITH_KNOTS('',3,(#6695,#6696,#6697,#6698),
 .UNSPECIFIED.,.F.,.F.,(4,4),(0.,1.),.UNSPECIFIED.);
#2388=B_SPLINE_CURVE_WITH_KNOTS('',3,(#6702,#6703,#6704,#6705,#6706,#6707,
#6708,#6709,#6710,#6711,#6712,#6713,#6714,#6715,#6716,#6717,#6718,#6719,
#6720,#6721,#6722,#6723,#6724,#6725,#6726,#6727,#6728,#6729,#6730,#6731,
#6732),.UNSPECIFIED.,.F.,.F.,(4,1,1,1,1,1,1,1,1,1,1,1,1,1,1,1,1,1,1,1,1,
1,1,1,1,1,1,1,4),(0.,0.03125,0.0625,0.078125,0.09375,0.109375,0.1171875,
0.125,0.1328125,0.140625,0.15625,0.171875,0.1796875,0.1875,0.1953125,0.203125,
0.21875,0.25,0.3125,0.375,0.4375,0.5,0.625,0.6875,0.75,0.8125,0.875,0.9375,
1.),.UNSPECIFIED.);
#2389=B_SPLINE_CURVE_WITH_KNOTS('',3,(#6733,#6734,#6735,#6736,#6737,#6738),
 .UNSPECIFIED.,.F.,.F.,(4,1,1,4),(0.,0.0129816369426164,0.0194724554139245,
0.0259632738852327),.UNSPECIFIED.);
#2390=B_SPLINE_CURVE_WITH_KNOTS('',3,(#6747,#6748,#6749,#6750,#6751),
 .UNSPECIFIED.,.F.,.F.,(4,1,4),(0.,0.0019651081294605,0.003930216258921),
 .UNSPECIFIED.);
#2391=B_SPLINE_CURVE_WITH_KNOTS('',3,(#6800,#6801,#6802,#6803),
 .UNSPECIFIED.,.F.,.F.,(4,4),(9.0340103854892E-8,0.00111601705947078),
 .UNSPECIFIED.);
#2392=B_SPLINE_CURVE_WITH_KNOTS('',3,(#6807,#6808,#6809,#6810,#6811,#6812,
#6813,#6814,#6815,#6816,#6817),.UNSPECIFIED.,.F.,.F.,(4,1,1,1,1,1,1,1,4),
(0.00449070438921438,0.00745492437361386,0.0104191443580133,0.0133833643424128,
0.0163475843268123,0.0193118043112118,0.0222760242956112,0.0252402442800107,
0.0282044642644102),.UNSPECIFIED.);
#2393=B_SPLINE_CURVE_WITH_KNOTS('',3,(#6840,#6841,#6842,#6843),
 .UNSPECIFIED.,.F.,.F.,(4,4),(0.,1.),.UNSPECIFIED.);
#2394=B_SPLINE_CURVE_WITH_KNOTS('',3,(#6845,#6846,#6847,#6848),
 .UNSPECIFIED.,.F.,.F.,(4,4),(0.,1.),.UNSPECIFIED.);
#2395=B_SPLINE_CURVE_WITH_KNOTS('',3,(#6850,#6851,#6852,#6853),
 .UNSPECIFIED.,.F.,.F.,(4,4),(0.,1.),.UNSPECIFIED.);
#2396=B_SPLINE_CURVE_WITH_KNOTS('',3,(#6873,#6874,#6875,#6876),
 .UNSPECIFIED.,.F.,.F.,(4,4),(0.00142018520454371,0.00142554672159304),
 .UNSPECIFIED.);
#2397=B_SPLINE_CURVE_WITH_KNOTS('',2,(#6883,#6884,#6885),.UNSPECIFIED.,
 .F.,.F.,(3,3),(0.,1.),.UNSPECIFIED.);
#2398=B_SPLINE_CURVE_WITH_KNOTS('',3,(#6918,#6919,#6920,#6921,#6922,#6923,
#6924,#6925,#6926,#6927),.UNSPECIFIED.,.F.,.F.,(4,2,2,2,4),(0.,0.500000000000003,
0.625000000000003,0.750000000000003,1.),.UNSPECIFIED.);
#2399=B_SPLINE_CURVE_WITH_KNOTS('',3,(#6929,#6930,#6931,#6932),
 .UNSPECIFIED.,.F.,.F.,(4,4),(0.,1.),.UNSPECIFIED.);
#2400=B_SPLINE_CURVE_WITH_KNOTS('',3,(#6934,#6935,#6936,#6937),
 .UNSPECIFIED.,.F.,.F.,(4,4),(0.,1.),.UNSPECIFIED.);
#2401=B_SPLINE_CURVE_WITH_KNOTS('',3,(#6942,#6943,#6944,#6945,#6946,#6947),
 .UNSPECIFIED.,.F.,.F.,(4,1,1,4),(0.00541521965439461,0.0178213250818724,
0.0240243777956113,0.0302274305093502),.UNSPECIFIED.);
#2402=B_SPLINE_CURVE_WITH_KNOTS('',3,(#6948,#6949,#6950,#6951),
 .UNSPECIFIED.,.F.,.F.,(4,4),(0.0717611936229721,1.),.UNSPECIFIED.);
#2403=B_SPLINE_CURVE_WITH_KNOTS('',3,(#6953,#6954,#6955,#6956),
 .UNSPECIFIED.,.F.,.F.,(4,4),(0.,1.),.UNSPECIFIED.);
#2404=B_SPLINE_CURVE_WITH_KNOTS('',3,(#6958,#6959,#6960,#6961,#6962,#6963,
#6964),.UNSPECIFIED.,.F.,.F.,(4,1,1,1,4),(0.,0.25,0.5,0.75,1.),
 .UNSPECIFIED.);
#2405=B_SPLINE_CURVE_WITH_KNOTS('',3,(#6986,#6987,#6988,#6989),
 .UNSPECIFIED.,.F.,.F.,(4,4),(0.424457678761679,1.),.UNSPECIFIED.);
#2406=B_SPLINE_CURVE_WITH_KNOTS('',3,(#6991,#6992,#6993,#6994,#6995,#6996,
#6997),.UNSPECIFIED.,.F.,.F.,(4,1,1,1,4),(0.,0.25,0.5,0.75,1.),
 .UNSPECIFIED.);
#2407=B_SPLINE_CURVE_WITH_KNOTS('',3,(#7001,#7002,#7003,#7004,#7005,#7006,
#7007,#7008,#7009,#7010,#7011,#7012,#7013,#7014),.UNSPECIFIED.,.F.,.F.,
(4,1,1,1,1,1,1,1,1,1,1,4),(0.,0.125,0.1875,0.21875,0.25,0.28125,0.3125,
0.375,0.5,0.625,0.75,1.),.UNSPECIFIED.);
#2408=B_SPLINE_CURVE_WITH_KNOTS('',3,(#7016,#7017,#7018,#7019,#7020,#7021,
#7022,#7023,#7024,#7025,#7026,#7027,#7028,#7029,#7030,#7031,#7032,#7033,
#7034,#7035,#7036,#7037,#7038,#7039,#7040,#7041,#7042,#7043,#7044,#7045),
 .UNSPECIFIED.,.F.,.F.,(4,1,1,1,1,1,1,1,1,1,1,1,1,1,1,1,1,1,1,1,1,1,1,1,
1,1,1,4),(0.,0.121983593973779,0.243967187947558,0.365950781921337,0.426942578908226,
0.487934375895115,0.51843027438856,0.548926172882005,0.564174122128727,
0.579422071375449,0.587046045998811,0.594670020622172,0.598482007933852,
0.602293995245533,0.609917969868894,0.617541944492255,0.621353931803936,
0.625165919115616,0.628977906427297,0.632789893738978,0.640413868362339,
0.655661817609061,0.670909766855784,0.701405665349228,0.731901563842673,
0.792893360829563,0.853885157816452,0.975868751790231),.UNSPECIFIED.);
#2409=B_SPLINE_CURVE_WITH_KNOTS('',3,(#7049,#7050,#7051,#7052),
 .UNSPECIFIED.,.F.,.F.,(4,4),(0.,1.),.UNSPECIFIED.);
#2410=B_SPLINE_CURVE_WITH_KNOTS('',3,(#7085,#7086,#7087,#7088),
 .UNSPECIFIED.,.F.,.F.,(4,4),(0.,1.),.UNSPECIFIED.);
#2411=B_SPLINE_CURVE_WITH_KNOTS('',3,(#7090,#7091,#7092,#7093),
 .UNSPECIFIED.,.F.,.F.,(4,4),(0.,1.),.UNSPECIFIED.);
#2412=B_SPLINE_CURVE_WITH_KNOTS('',3,(#7095,#7096,#7097,#7098),
 .UNSPECIFIED.,.F.,.F.,(4,4),(0.,1.),.UNSPECIFIED.);
#2413=B_SPLINE_CURVE_WITH_KNOTS('',3,(#7100,#7101,#7102,#7103),
 .UNSPECIFIED.,.F.,.F.,(4,4),(0.,5.62083221714286E-5),.UNSPECIFIED.);
#2414=B_SPLINE_CURVE_WITH_KNOTS('',3,(#7124,#7125,#7126,#7127,#7128),
 .UNSPECIFIED.,.F.,.F.,(4,1,4),(0.,0.486550011477567,0.973100022955135),
 .UNSPECIFIED.);
#2415=B_SPLINE_CURVE_WITH_KNOTS('',3,(#7130,#7131,#7132,#7133),
 .UNSPECIFIED.,.F.,.F.,(4,4),(0.,1.),.UNSPECIFIED.);
#2416=B_SPLINE_CURVE_WITH_KNOTS('',3,(#7135,#7136,#7137,#7138),
 .UNSPECIFIED.,.F.,.F.,(4,4),(0.,1.),.UNSPECIFIED.);
#2417=B_SPLINE_CURVE_WITH_KNOTS('',3,(#7140,#7141,#7142,#7143,#7144,#7145,
#7146,#7147,#7148,#7149,#7150,#7151),.UNSPECIFIED.,.F.,.F.,(4,2,2,2,2,4),
(0.36539584770895,0.523214294254418,0.681032740799887,0.838851187345356,
0.996669633890825,1.),.UNSPECIFIED.);
#2418=B_SPLINE_CURVE_WITH_KNOTS('',3,(#7282,#7283,#7284,#7285,#7286,#7287,
#7288,#7289,#7290,#7291,#7292,#7293,#7294),.UNSPECIFIED.,.F.,.F.,(4,1,1,
1,1,1,1,1,1,1,4),(0.,0.117753452030849,0.235506904061697,0.353260356092546,
0.41213708210797,0.471013808123394,0.500452171131107,0.529890534138819,
0.588767260154243,0.706520712185092,0.942027616246789),.UNSPECIFIED.);
#2419=B_SPLINE_CURVE_WITH_KNOTS('',3,(#7296,#7297,#7298,#7299),
 .UNSPECIFIED.,.F.,.F.,(4,4),(0.,1.),.UNSPECIFIED.);
#2420=B_SPLINE_CURVE_WITH_KNOTS('',3,(#7408,#7409,#7410,#7411),
 .UNSPECIFIED.,.F.,.F.,(4,4),(0.,0.000895293184205478),.UNSPECIFIED.);
#2421=B_SPLINE_CURVE_WITH_KNOTS('',3,(#7490,#7491,#7492,#7493),
 .UNSPECIFIED.,.F.,.F.,(4,4),(0.,1.),.UNSPECIFIED.);
#2422=B_SPLINE_CURVE_WITH_KNOTS('',3,(#7494,#7495,#7496,#7497),
 .UNSPECIFIED.,.F.,.F.,(4,4),(0.,1.),.UNSPECIFIED.);
#2423=B_SPLINE_CURVE_WITH_KNOTS('',3,(#7534,#7535,#7536,#7537),
 .UNSPECIFIED.,.F.,.F.,(4,4),(0.,1.),.UNSPECIFIED.);
#2424=B_SPLINE_CURVE_WITH_KNOTS('',3,(#7539,#7540,#7541,#7542),
 .UNSPECIFIED.,.F.,.F.,(4,4),(0.,1.),.UNSPECIFIED.);
#2425=B_SPLINE_CURVE_WITH_KNOTS('',3,(#7559,#7560,#7561,#7562),
 .UNSPECIFIED.,.F.,.F.,(4,4),(0.,0.722405779327588),.UNSPECIFIED.);
#2426=B_SPLINE_CURVE_WITH_KNOTS('',3,(#7564,#7565,#7566,#7567),
 .UNSPECIFIED.,.F.,.F.,(4,4),(0.,1.),.UNSPECIFIED.);
#2427=B_SPLINE_CURVE_WITH_KNOTS('',3,(#7584,#7585,#7586,#7587),
 .UNSPECIFIED.,.F.,.F.,(4,4),(0.,8.29221093538804E-5),.UNSPECIFIED.);
#2428=B_SPLINE_CURVE_WITH_KNOTS('',3,(#7589,#7590,#7591,#7592),
 .UNSPECIFIED.,.F.,.F.,(4,4),(0.,1.),.UNSPECIFIED.);
#2429=B_SPLINE_CURVE_WITH_KNOTS('',3,(#8010,#8011,#8012,#8013),
 .UNSPECIFIED.,.F.,.F.,(4,4),(0.,1.),.UNSPECIFIED.);
#2430=B_SPLINE_CURVE_WITH_KNOTS('',3,(#8068,#8069,#8070,#8071),
 .UNSPECIFIED.,.F.,.F.,(4,4),(0.,1.),.UNSPECIFIED.);
#2431=B_SPLINE_CURVE_WITH_KNOTS('',3,(#8072,#8073,#8074,#8075),
 .UNSPECIFIED.,.F.,.F.,(4,4),(0.,1.),.UNSPECIFIED.);
#2432=B_SPLINE_CURVE_WITH_KNOTS('',3,(#8084,#8085,#8086,#8087),
 .UNSPECIFIED.,.F.,.F.,(4,4),(0.,1.),.UNSPECIFIED.);
#2433=B_SPLINE_CURVE_WITH_KNOTS('',3,(#8102,#8103,#8104,#8105),
 .UNSPECIFIED.,.F.,.F.,(4,4),(0.,1.),.UNSPECIFIED.);
#2434=B_SPLINE_CURVE_WITH_KNOTS('',3,(#8114,#8115,#8116,#8117),
 .UNSPECIFIED.,.F.,.F.,(4,4),(0.,1.),.UNSPECIFIED.);
#2435=B_SPLINE_CURVE_WITH_KNOTS('',3,(#8119,#8120,#8121,#8122),
 .UNSPECIFIED.,.F.,.F.,(4,4),(0.,1.),.UNSPECIFIED.);
#2436=B_SPLINE_CURVE_WITH_KNOTS('',3,(#8135,#8136,#8137,#8138),
 .UNSPECIFIED.,.F.,.F.,(4,4),(0.,1.),.UNSPECIFIED.);
#2437=B_SPLINE_CURVE_WITH_KNOTS('',3,(#8147,#8148,#8149,#8150),
 .UNSPECIFIED.,.F.,.F.,(4,4),(0.,1.),.UNSPECIFIED.);
#2438=B_SPLINE_CURVE_WITH_KNOTS('',3,(#8160,#8161,#8162,#8163),
 .UNSPECIFIED.,.F.,.F.,(4,4),(0.,1.),.UNSPECIFIED.);
#2439=B_SPLINE_CURVE_WITH_KNOTS('',3,(#8164,#8165,#8166,#8167),
 .UNSPECIFIED.,.F.,.F.,(4,4),(0.,1.),.UNSPECIFIED.);
#2440=B_SPLINE_CURVE_WITH_KNOTS('',3,(#8176,#8177,#8178,#8179),
 .UNSPECIFIED.,.F.,.F.,(4,4),(0.,1.),.UNSPECIFIED.);
#2441=B_SPLINE_CURVE_WITH_KNOTS('',3,(#8192,#8193,#8194,#8195),
 .UNSPECIFIED.,.F.,.F.,(4,4),(0.,1.),.UNSPECIFIED.);
#2442=B_SPLINE_CURVE_WITH_KNOTS('',3,(#8204,#8205,#8206,#8207),
 .UNSPECIFIED.,.F.,.F.,(4,4),(0.,1.),.UNSPECIFIED.);
#2443=B_SPLINE_CURVE_WITH_KNOTS('',3,(#8224,#8225,#8226,#8227),
 .UNSPECIFIED.,.F.,.F.,(4,4),(0.,1.),.UNSPECIFIED.);
#2444=B_SPLINE_CURVE_WITH_KNOTS('',3,(#8256,#8257,#8258,#8259),
 .UNSPECIFIED.,.F.,.F.,(4,4),(0.,1.),.UNSPECIFIED.);
#2445=B_SPLINE_CURVE_WITH_KNOTS('',3,(#8260,#8261,#8262,#8263),
 .UNSPECIFIED.,.F.,.F.,(4,4),(0.,1.),.UNSPECIFIED.);
#2446=B_SPLINE_CURVE_WITH_KNOTS('',3,(#8312,#8313,#8314,#8315),
 .UNSPECIFIED.,.F.,.F.,(4,4),(0.,1.),.UNSPECIFIED.);
#2447=B_SPLINE_CURVE_WITH_KNOTS('',3,(#8325,#8326,#8327,#8328),
 .UNSPECIFIED.,.F.,.F.,(4,4),(0.,1.),.UNSPECIFIED.);
#2448=B_SPLINE_CURVE_WITH_KNOTS('',3,(#8341,#8342,#8343,#8344),
 .UNSPECIFIED.,.F.,.F.,(4,4),(0.,1.),.UNSPECIFIED.);
#2449=B_SPLINE_CURVE_WITH_KNOTS('',3,(#8353,#8354,#8355,#8356),
 .UNSPECIFIED.,.F.,.F.,(4,4),(0.,1.),.UNSPECIFIED.);
#2450=EDGE_LOOP('',(#611,#612,#613,#614,#615,#616,#617,#618,#619,#620,#621,
#622,#623,#624,#625,#626,#627));
#2451=EDGE_LOOP('',(#628,#629,#630,#631));
#2452=EDGE_LOOP('',(#632,#633,#634,#635,#636,#637,#638,#639,#640,#641,#642));
#2453=EDGE_LOOP('',(#643,#644,#645,#646));
#2454=EDGE_LOOP('',(#647,#648,#649,#650,#651,#652,#653));
#2455=EDGE_LOOP('',(#654,#655,#656,#657,#658));
#2456=EDGE_LOOP('',(#659,#660,#661,#662));
#2457=EDGE_LOOP('',(#663,#664,#665,#666,#667,#668,#669,#670,#671,#672,#673,
#674));
#2458=EDGE_LOOP('',(#675,#676,#677,#678,#679,#680,#681,#682,#683,#684,#685));
#2459=EDGE_LOOP('',(#686,#687,#688,#689));
#2460=EDGE_LOOP('',(#690,#691,#692,#693));
#2461=EDGE_LOOP('',(#694,#695,#696,#697));
#2462=EDGE_LOOP('',(#698,#699,#700,#701));
#2463=EDGE_LOOP('',(#702,#703,#704,#705));
#2464=EDGE_LOOP('',(#706,#707,#708,#709));
#2465=EDGE_LOOP('',(#710,#711,#712,#713));
#2466=EDGE_LOOP('',(#714,#715,#716,#717));
#2467=EDGE_LOOP('',(#718,#719,#720,#721));
#2468=EDGE_LOOP('',(#722,#723,#724,#725));
#2469=EDGE_LOOP('',(#726,#727,#728,#729));
#2470=EDGE_LOOP('',(#730,#731,#732,#733));
#2471=EDGE_LOOP('',(#734,#735,#736,#737));
#2472=EDGE_LOOP('',(#738));
#2473=EDGE_LOOP('',(#739,#740,#741,#742));
#2474=EDGE_LOOP('',(#743,#744,#745,#746));
#2475=EDGE_LOOP('',(#747,#748,#749,#750));
#2476=EDGE_LOOP('',(#751,#752,#753,#754));
#2477=EDGE_LOOP('',(#755,#756,#757,#758));
#2478=EDGE_LOOP('',(#759,#760,#761,#762));
#2479=EDGE_LOOP('',(#763,#764,#765,#766,#767,#768));
#2480=EDGE_LOOP('',(#769,#770,#771,#772));
#2481=EDGE_LOOP('',(#773));
#2482=EDGE_LOOP('',(#774));
#2483=EDGE_LOOP('',(#775,#776,#777,#778,#779));
#2484=EDGE_LOOP('',(#780,#781,#782,#783));
#2485=EDGE_LOOP('',(#784,#785,#786,#787,#788,#789,#790,#791,#792,#793));
#2486=EDGE_LOOP('',(#794,#795,#796,#797,#798));
#2487=EDGE_LOOP('',(#799,#800,#801));
#2488=EDGE_LOOP('',(#802,#803,#804,#805));
#2489=EDGE_LOOP('',(#806,#807,#808,#809,#810));
#2490=EDGE_LOOP('',(#811,#812,#813,#814,#815));
#2491=EDGE_LOOP('',(#816,#817,#818,#819));
#2492=EDGE_LOOP('',(#820,#821,#822,#823,#824));
#2493=EDGE_LOOP('',(#825,#826,#827,#828));
#2494=EDGE_LOOP('',(#829,#830,#831,#832));
#2495=EDGE_LOOP('',(#833,#834,#835,#836));
#2496=EDGE_LOOP('',(#837,#838,#839,#840));
#2497=EDGE_LOOP('',(#841,#842,#843,#844));
#2498=EDGE_LOOP('',(#845,#846,#847));
#2499=EDGE_LOOP('',(#848,#849,#850,#851));
#2500=EDGE_LOOP('',(#852,#853,#854,#855,#856));
#2501=EDGE_LOOP('',(#857));
#2502=EDGE_LOOP('',(#858));
#2503=EDGE_LOOP('',(#859));
#2504=EDGE_LOOP('',(#860));
#2505=EDGE_LOOP('',(#861,#862,#863,#864,#865,#866,#867));
#2506=EDGE_LOOP('',(#868,#869,#870,#871,#872));
#2507=EDGE_LOOP('',(#873,#874,#875,#876,#877));
#2508=EDGE_LOOP('',(#878,#879,#880,#881,#882));
#2509=EDGE_LOOP('',(#883,#884,#885,#886,#887));
#2510=EDGE_LOOP('',(#888,#889,#890,#891,#892,#893));
#2511=EDGE_LOOP('',(#894,#895,#896,#897));
#2512=EDGE_LOOP('',(#898,#899,#900,#901));
#2513=EDGE_LOOP('',(#902,#903,#904,#905,#906));
#2514=EDGE_LOOP('',(#907,#908,#909,#910,#911,#912,#913));
#2515=EDGE_LOOP('',(#914,#915,#916,#917,#918,#919));
#2516=EDGE_LOOP('',(#920,#921,#922,#923,#924,#925,#926,#927));
#2517=EDGE_LOOP('',(#928,#929,#930,#931,#932));
#2518=EDGE_LOOP('',(#933,#934,#935,#936));
#2519=EDGE_LOOP('',(#937,#938,#939,#940,#941));
#2520=EDGE_LOOP('',(#942,#943,#944,#945));
#2521=EDGE_LOOP('',(#946,#947,#948,#949));
#2522=EDGE_LOOP('',(#950,#951,#952));
#2523=EDGE_LOOP('',(#953,#954,#955,#956,#957));
#2524=EDGE_LOOP('',(#958,#959,#960,#961));
#2525=EDGE_LOOP('',(#962,#963,#964,#965));
#2526=EDGE_LOOP('',(#966,#967,#968,#969));
#2527=EDGE_LOOP('',(#970,#971,#972,#973));
#2528=EDGE_LOOP('',(#974,#975,#976,#977));
#2529=EDGE_LOOP('',(#978,#979,#980,#981));
#2530=EDGE_LOOP('',(#982,#983,#984,#985));
#2531=EDGE_LOOP('',(#986,#987,#988,#989,#990,#991,#992,#993));
#2532=EDGE_LOOP('',(#994,#995,#996,#997));
#2533=EDGE_LOOP('',(#998,#999,#1000,#1001,#1002,#1003,#1004));
#2534=EDGE_LOOP('',(#1005,#1006,#1007,#1008));
#2535=EDGE_LOOP('',(#1009,#1010,#1011,#1012,#1013,#1014,#1015,#1016,#1017,
#1018,#1019));
#2536=EDGE_LOOP('',(#1020,#1021,#1022,#1023));
#2537=EDGE_LOOP('',(#1024,#1025,#1026,#1027));
#2538=EDGE_LOOP('',(#1028,#1029,#1030,#1031));
#2539=EDGE_LOOP('',(#1032,#1033,#1034,#1035));
#2540=EDGE_LOOP('',(#1036,#1037,#1038,#1039,#1040));
#2541=EDGE_LOOP('',(#1041,#1042,#1043,#1044,#1045));
#2542=EDGE_LOOP('',(#1046,#1047,#1048,#1049));
#2543=EDGE_LOOP('',(#1050,#1051,#1052,#1053));
#2544=EDGE_LOOP('',(#1054,#1055,#1056,#1057));
#2545=EDGE_LOOP('',(#1058,#1059,#1060,#1061));
#2546=EDGE_LOOP('',(#1062));
#2547=EDGE_LOOP('',(#1063));
#2548=EDGE_LOOP('',(#1064,#1065,#1066,#1067,#1068,#1069));
#2549=EDGE_LOOP('',(#1070,#1071,#1072,#1073,#1074,#1075,#1076,#1077));
#2550=EDGE_LOOP('',(#1078,#1079,#1080,#1081));
#2551=EDGE_LOOP('',(#1082,#1083,#1084,#1085,#1086));
#2552=EDGE_LOOP('',(#1087,#1088,#1089,#1090));
#2553=EDGE_LOOP('',(#1091,#1092,#1093,#1094,#1095));
#2554=EDGE_LOOP('',(#1096,#1097,#1098,#1099));
#2555=EDGE_LOOP('',(#1100,#1101,#1102,#1103));
#2556=EDGE_LOOP('',(#1104,#1105,#1106,#1107));
#2557=EDGE_LOOP('',(#1108,#1109,#1110,#1111));
#2558=EDGE_LOOP('',(#1112,#1113,#1114,#1115,#1116,#1117,#1118,#1119,#1120));
#2559=EDGE_LOOP('',(#1121,#1122,#1123,#1124,#1125,#1126,#1127,#1128));
#2560=EDGE_LOOP('',(#1129,#1130,#1131,#1132));
#2561=EDGE_LOOP('',(#1133,#1134,#1135,#1136,#1137,#1138,#1139,#1140,#1141,
#1142));
#2562=EDGE_LOOP('',(#1143,#1144,#1145,#1146));
#2563=EDGE_LOOP('',(#1147,#1148,#1149,#1150));
#2564=EDGE_LOOP('',(#1151,#1152,#1153,#1154,#1155,#1156,#1157,#1158,#1159));
#2565=EDGE_LOOP('',(#1160,#1161,#1162,#1163,#1164));
#2566=EDGE_LOOP('',(#1165,#1166,#1167,#1168,#1169,#1170,#1171,#1172));
#2567=EDGE_LOOP('',(#1173,#1174,#1175,#1176,#1177,#1178,#1179,#1180,#1181,
#1182,#1183,#1184));
#2568=EDGE_LOOP('',(#1185,#1186,#1187,#1188,#1189,#1190));
#2569=EDGE_LOOP('',(#1191,#1192,#1193,#1194,#1195,#1196));
#2570=EDGE_LOOP('',(#1197,#1198,#1199,#1200,#1201,#1202,#1203,#1204));
#2571=EDGE_LOOP('',(#1205,#1206,#1207,#1208));
#2572=EDGE_LOOP('',(#1209,#1210,#1211,#1212));
#2573=EDGE_LOOP('',(#1213,#1214,#1215,#1216,#1217,#1218));
#2574=EDGE_LOOP('',(#1219,#1220,#1221,#1222,#1223,#1224,#1225,#1226,#1227,
#1228));
#2575=EDGE_LOOP('',(#1229,#1230,#1231,#1232,#1233));
#2576=EDGE_LOOP('',(#1234,#1235,#1236,#1237));
#2577=EDGE_LOOP('',(#1238,#1239,#1240,#1241));
#2578=EDGE_LOOP('',(#1242,#1243,#1244,#1245,#1246,#1247,#1248,#1249,#1250,
#1251,#1252,#1253,#1254,#1255,#1256,#1257,#1258,#1259,#1260,#1261,#1262,
#1263,#1264,#1265,#1266,#1267,#1268,#1269,#1270,#1271));
#2579=EDGE_LOOP('',(#1272,#1273,#1274,#1275));
#2580=EDGE_LOOP('',(#1276,#1277,#1278,#1279));
#2581=EDGE_LOOP('',(#1280,#1281,#1282,#1283));
#2582=EDGE_LOOP('',(#1284,#1285,#1286));
#2583=EDGE_LOOP('',(#1287,#1288,#1289));
#2584=EDGE_LOOP('',(#1290,#1291,#1292,#1293));
#2585=EDGE_LOOP('',(#1294,#1295,#1296,#1297,#1298,#1299));
#2586=EDGE_LOOP('',(#1300,#1301,#1302,#1303));
#2587=EDGE_LOOP('',(#1304,#1305,#1306,#1307,#1308,#1309,#1310));
#2588=EDGE_LOOP('',(#1311,#1312,#1313,#1314,#1315,#1316,#1317,#1318,#1319,
#1320,#1321,#1322,#1323,#1324,#1325,#1326));
#2589=EDGE_LOOP('',(#1327,#1328,#1329,#1330,#1331,#1332,#1333,#1334,#1335,
#1336,#1337,#1338,#1339));
#2590=EDGE_LOOP('',(#1340,#1341,#1342,#1343,#1344,#1345,#1346));
#2591=EDGE_LOOP('',(#1347,#1348,#1349,#1350,#1351));
#2592=EDGE_LOOP('',(#1352,#1353,#1354,#1355));
#2593=EDGE_LOOP('',(#1356,#1357,#1358,#1359,#1360));
#2594=EDGE_LOOP('',(#1361,#1362,#1363,#1364));
#2595=EDGE_LOOP('',(#1365,#1366,#1367,#1368));
#2596=EDGE_LOOP('',(#1369,#1370,#1371,#1372));
#2597=EDGE_LOOP('',(#1373,#1374,#1375,#1376,#1377));
#2598=EDGE_LOOP('',(#1378,#1379,#1380,#1381));
#2599=EDGE_LOOP('',(#1382,#1383,#1384,#1385,#1386));
#2600=EDGE_LOOP('',(#1387,#1388,#1389,#1390));
#2601=EDGE_LOOP('',(#1391,#1392,#1393,#1394,#1395));
#2602=EDGE_LOOP('',(#1396,#1397,#1398,#1399));
#2603=EDGE_LOOP('',(#1400,#1401,#1402,#1403));
#2604=EDGE_LOOP('',(#1404,#1405,#1406,#1407,#1408));
#2605=EDGE_LOOP('',(#1409,#1410,#1411,#1412));
#2606=EDGE_LOOP('',(#1413,#1414,#1415,#1416,#1417,#1418));
#2607=EDGE_LOOP('',(#1419,#1420,#1421,#1422,#1423));
#2608=EDGE_LOOP('',(#1424,#1425,#1426,#1427));
#2609=EDGE_LOOP('',(#1428,#1429,#1430,#1431));
#2610=EDGE_LOOP('',(#1432,#1433,#1434,#1435,#1436));
#2611=EDGE_LOOP('',(#1437,#1438,#1439,#1440));
#2612=EDGE_LOOP('',(#1441,#1442,#1443,#1444));
#2613=EDGE_LOOP('',(#1445,#1446,#1447,#1448));
#2614=EDGE_LOOP('',(#1449,#1450,#1451,#1452));
#2615=EDGE_LOOP('',(#1453));
#2616=EDGE_LOOP('',(#1454));
#2617=EDGE_LOOP('',(#1455));
#2618=EDGE_LOOP('',(#1456,#1457,#1458,#1459));
#2619=EDGE_LOOP('',(#1460));
#2620=EDGE_LOOP('',(#1461));
#2621=EDGE_LOOP('',(#1462,#1463,#1464,#1465,#1466));
#2622=EDGE_LOOP('',(#1467,#1468,#1469,#1470,#1471,#1472));
#2623=EDGE_LOOP('',(#1473,#1474,#1475,#1476,#1477));
#2624=EDGE_LOOP('',(#1478,#1479,#1480,#1481,#1482,#1483));
#2625=EDGE_LOOP('',(#1484,#1485,#1486,#1487));
#2626=EDGE_LOOP('',(#1488,#1489,#1490,#1491));
#2627=EDGE_LOOP('',(#1492,#1493,#1494,#1495));
#2628=EDGE_LOOP('',(#1496,#1497,#1498,#1499));
#2629=EDGE_LOOP('',(#1500,#1501,#1502,#1503));
#2630=EDGE_LOOP('',(#1504,#1505,#1506,#1507));
#2631=EDGE_LOOP('',(#1508,#1509,#1510,#1511,#1512,#1513,#1514));
#2632=EDGE_LOOP('',(#1515,#1516,#1517,#1518));
#2633=EDGE_LOOP('',(#1519,#1520,#1521,#1522));
#2634=FACE_BOUND('',#2450,.T.);
#2635=FACE_BOUND('',#2451,.T.);
#2636=FACE_BOUND('',#2452,.T.);
#2637=FACE_BOUND('',#2453,.T.);
#2638=FACE_BOUND('',#2454,.T.);
#2639=FACE_BOUND('',#2455,.T.);
#2640=FACE_BOUND('',#2456,.T.);
#2641=FACE_BOUND('',#2457,.T.);
#2642=FACE_BOUND('',#2458,.T.);
#2643=FACE_BOUND('',#2459,.T.);
#2644=FACE_BOUND('',#2460,.T.);
#2645=FACE_BOUND('',#2461,.T.);
#2646=FACE_BOUND('',#2462,.T.);
#2647=FACE_BOUND('',#2463,.T.);
#2648=FACE_BOUND('',#2464,.T.);
#2649=FACE_BOUND('',#2465,.T.);
#2650=FACE_BOUND('',#2466,.T.);
#2651=FACE_BOUND('',#2467,.T.);
#2652=FACE_BOUND('',#2468,.T.);
#2653=FACE_BOUND('',#2469,.T.);
#2654=FACE_BOUND('',#2470,.T.);
#2655=FACE_BOUND('',#2471,.T.);
#2656=FACE_BOUND('',#2472,.T.);
#2657=FACE_BOUND('',#2473,.T.);
#2658=FACE_BOUND('',#2474,.T.);
#2659=FACE_BOUND('',#2475,.T.);
#2660=FACE_BOUND('',#2476,.T.);
#2661=FACE_BOUND('',#2477,.T.);
#2662=FACE_BOUND('',#2478,.T.);
#2663=FACE_BOUND('',#2479,.T.);
#2664=FACE_BOUND('',#2480,.T.);
#2665=FACE_BOUND('',#2481,.T.);
#2666=FACE_BOUND('',#2482,.T.);
#2667=FACE_BOUND('',#2483,.T.);
#2668=FACE_BOUND('',#2484,.T.);
#2669=FACE_BOUND('',#2485,.T.);
#2670=FACE_BOUND('',#2486,.T.);
#2671=FACE_BOUND('',#2487,.T.);
#2672=FACE_BOUND('',#2488,.T.);
#2673=FACE_BOUND('',#2489,.T.);
#2674=FACE_BOUND('',#2490,.T.);
#2675=FACE_BOUND('',#2491,.T.);
#2676=FACE_BOUND('',#2492,.T.);
#2677=FACE_BOUND('',#2493,.T.);
#2678=FACE_BOUND('',#2494,.T.);
#2679=FACE_BOUND('',#2495,.T.);
#2680=FACE_BOUND('',#2496,.T.);
#2681=FACE_BOUND('',#2497,.T.);
#2682=FACE_BOUND('',#2498,.T.);
#2683=FACE_BOUND('',#2499,.T.);
#2684=FACE_BOUND('',#2500,.T.);
#2685=FACE_BOUND('',#2501,.T.);
#2686=FACE_BOUND('',#2502,.T.);
#2687=FACE_BOUND('',#2503,.T.);
#2688=FACE_BOUND('',#2504,.T.);
#2689=FACE_BOUND('',#2505,.T.);
#2690=FACE_BOUND('',#2506,.T.);
#2691=FACE_BOUND('',#2507,.T.);
#2692=FACE_BOUND('',#2508,.T.);
#2693=FACE_BOUND('',#2509,.T.);
#2694=FACE_BOUND('',#2510,.T.);
#2695=FACE_BOUND('',#2511,.T.);
#2696=FACE_BOUND('',#2512,.T.);
#2697=FACE_BOUND('',#2513,.T.);
#2698=FACE_BOUND('',#2514,.T.);
#2699=FACE_BOUND('',#2515,.T.);
#2700=FACE_BOUND('',#2516,.T.);
#2701=FACE_BOUND('',#2517,.T.);
#2702=FACE_BOUND('',#2518,.T.);
#2703=FACE_BOUND('',#2519,.T.);
#2704=FACE_BOUND('',#2520,.T.);
#2705=FACE_BOUND('',#2521,.T.);
#2706=FACE_BOUND('',#2522,.T.);
#2707=FACE_BOUND('',#2523,.T.);
#2708=FACE_BOUND('',#2524,.T.);
#2709=FACE_BOUND('',#2525,.T.);
#2710=FACE_BOUND('',#2526,.T.);
#2711=FACE_BOUND('',#2527,.T.);
#2712=FACE_BOUND('',#2528,.T.);
#2713=FACE_BOUND('',#2529,.T.);
#2714=FACE_BOUND('',#2530,.T.);
#2715=FACE_BOUND('',#2531,.T.);
#2716=FACE_BOUND('',#2532,.T.);
#2717=FACE_BOUND('',#2533,.T.);
#2718=FACE_BOUND('',#2534,.T.);
#2719=FACE_BOUND('',#2535,.T.);
#2720=FACE_BOUND('',#2536,.T.);
#2721=FACE_BOUND('',#2537,.T.);
#2722=FACE_BOUND('',#2538,.T.);
#2723=FACE_BOUND('',#2539,.T.);
#2724=FACE_BOUND('',#2540,.T.);
#2725=FACE_BOUND('',#2541,.T.);
#2726=FACE_BOUND('',#2542,.T.);
#2727=FACE_BOUND('',#2543,.T.);
#2728=FACE_BOUND('',#2544,.T.);
#2729=FACE_BOUND('',#2545,.T.);
#2730=FACE_BOUND('',#2546,.T.);
#2731=FACE_BOUND('',#2547,.T.);
#2732=FACE_BOUND('',#2548,.T.);
#2733=FACE_BOUND('',#2549,.T.);
#2734=FACE_BOUND('',#2550,.T.);
#2735=FACE_BOUND('',#2551,.T.);
#2736=FACE_BOUND('',#2552,.T.);
#2737=FACE_BOUND('',#2553,.T.);
#2738=FACE_BOUND('',#2554,.T.);
#2739=FACE_BOUND('',#2555,.T.);
#2740=FACE_BOUND('',#2556,.T.);
#2741=FACE_BOUND('',#2557,.T.);
#2742=FACE_BOUND('',#2558,.T.);
#2743=FACE_BOUND('',#2559,.T.);
#2744=FACE_BOUND('',#2560,.T.);
#2745=FACE_BOUND('',#2561,.T.);
#2746=FACE_BOUND('',#2562,.T.);
#2747=FACE_BOUND('',#2563,.T.);
#2748=FACE_BOUND('',#2564,.T.);
#2749=FACE_BOUND('',#2565,.T.);
#2750=FACE_BOUND('',#2566,.T.);
#2751=FACE_BOUND('',#2567,.T.);
#2752=FACE_BOUND('',#2568,.T.);
#2753=FACE_BOUND('',#2569,.T.);
#2754=FACE_BOUND('',#2570,.T.);
#2755=FACE_BOUND('',#2571,.T.);
#2756=FACE_BOUND('',#2572,.T.);
#2757=FACE_BOUND('',#2573,.T.);
#2758=FACE_BOUND('',#2574,.T.);
#2759=FACE_BOUND('',#2575,.T.);
#2760=FACE_BOUND('',#2576,.T.);
#2761=FACE_BOUND('',#2577,.T.);
#2762=FACE_BOUND('',#2578,.T.);
#2763=FACE_BOUND('',#2579,.T.);
#2764=FACE_BOUND('',#2580,.T.);
#2765=FACE_BOUND('',#2581,.T.);
#2766=FACE_BOUND('',#2582,.T.);
#2767=FACE_BOUND('',#2583,.T.);
#2768=FACE_BOUND('',#2584,.T.);
#2769=FACE_BOUND('',#2585,.T.);
#2770=FACE_BOUND('',#2586,.T.);
#2771=FACE_BOUND('',#2587,.T.);
#2772=FACE_BOUND('',#2588,.T.);
#2773=FACE_BOUND('',#2589,.T.);
#2774=FACE_BOUND('',#2590,.T.);
#2775=FACE_BOUND('',#2591,.T.);
#2776=FACE_BOUND('',#2592,.T.);
#2777=FACE_BOUND('',#2593,.T.);
#2778=FACE_BOUND('',#2594,.T.);
#2779=FACE_BOUND('',#2595,.T.);
#2780=FACE_BOUND('',#2596,.T.);
#2781=FACE_BOUND('',#2597,.T.);
#2782=FACE_BOUND('',#2598,.T.);
#2783=FACE_BOUND('',#2599,.T.);
#2784=FACE_BOUND('',#2600,.T.);
#2785=FACE_BOUND('',#2601,.T.);
#2786=FACE_BOUND('',#2602,.T.);
#2787=FACE_BOUND('',#2603,.T.);
#2788=FACE_BOUND('',#2604,.T.);
#2789=FACE_BOUND('',#2605,.T.);
#2790=FACE_BOUND('',#2606,.T.);
#2791=FACE_BOUND('',#2607,.T.);
#2792=FACE_BOUND('',#2608,.T.);
#2793=FACE_BOUND('',#2609,.T.);
#2794=FACE_BOUND('',#2610,.T.);
#2795=FACE_BOUND('',#2611,.T.);
#2796=FACE_BOUND('',#2612,.T.);
#2797=FACE_BOUND('',#2613,.T.);
#2798=FACE_BOUND('',#2614,.T.);
#2799=FACE_BOUND('',#2615,.T.);
#2800=FACE_BOUND('',#2616,.T.);
#2801=FACE_BOUND('',#2617,.T.);
#2802=FACE_BOUND('',#2618,.T.);
#2803=FACE_BOUND('',#2619,.T.);
#2804=FACE_BOUND('',#2620,.T.);
#2805=FACE_BOUND('',#2621,.T.);
#2806=FACE_BOUND('',#2622,.T.);
#2807=FACE_BOUND('',#2623,.T.);
#2808=FACE_BOUND('',#2624,.T.);
#2809=FACE_BOUND('',#2625,.T.);
#2810=FACE_BOUND('',#2626,.T.);
#2811=FACE_BOUND('',#2627,.T.);
#2812=FACE_BOUND('',#2628,.T.);
#2813=FACE_BOUND('',#2629,.T.);
#2814=FACE_BOUND('',#2630,.T.);
#2815=FACE_BOUND('',#2631,.T.);
#2816=FACE_BOUND('',#2632,.T.);
#2817=FACE_BOUND('',#2633,.T.);
#2818=PLANE('',#3091);
#2819=PLANE('',#3092);
#2820=PLANE('',#3094);
#2821=PLANE('',#3097);
#2822=PLANE('',#3098);
#2823=PLANE('',#3104);
#2824=PLANE('',#3105);
#2825=PLANE('',#3106);
#2826=PLANE('',#3111);
#2827=PLANE('',#3117);
#2828=PLANE('',#3121);
#2829=PLANE('',#3122);
#2830=PLANE('',#3123);
#2831=PLANE('',#3127);
#2832=PLANE('',#3128);
#2833=PLANE('',#3129);
#2834=PLANE('',#3130);
#2835=PLANE('',#3131);
#2836=PLANE('',#3134);
#2837=PLANE('',#3136);
#2838=PLANE('',#3138);
#2839=PLANE('',#3139);
#2840=PLANE('',#3140);
#2841=PLANE('',#3144);
#2842=PLANE('',#3148);
#2843=PLANE('',#3150);
#2844=PLANE('',#3151);
#2845=PLANE('',#3152);
#2846=PLANE('',#3160);
#2847=PLANE('',#3161);
#2848=PLANE('',#3162);
#2849=PLANE('',#3163);
#2850=PLANE('',#3164);
#2851=PLANE('',#3165);
#2852=PLANE('',#3166);
#2853=PLANE('',#3171);
#2854=PLANE('',#3173);
#2855=PLANE('',#3175);
#2856=PLANE('',#3176);
#2857=PLANE('',#3177);
#2858=PLANE('',#3178);
#2859=PLANE('',#3179);
#2860=PLANE('',#3180);
#2861=PLANE('',#3184);
#2862=PLANE('',#3185);
#2863=PLANE('',#3186);
#2864=PLANE('',#3189);
#2865=PLANE('',#3193);
#2866=PLANE('',#3194);
#2867=PLANE('',#3195);
#2868=PLANE('',#3196);
#2869=PLANE('',#3199);
#2870=PLANE('',#3201);
#2871=PLANE('',#3202);
#2872=PLANE('',#3203);
#2873=PLANE('',#3204);
#2874=PLANE('',#3205);
#2875=PLANE('',#3206);
#2876=PLANE('',#3207);
#2877=PLANE('',#3208);
#2878=PLANE('',#3209);
#2879=PLANE('',#3210);
#2880=PLANE('',#3211);
#2881=PLANE('',#3213);
#2882=PLANE('',#3216);
#2883=PLANE('',#3221);
#2884=PLANE('',#3222);
#2885=PLANE('',#3223);
#2886=PLANE('',#3227);
#2887=PLANE('',#3228);
#2888=PLANE('',#3229);
#2889=PLANE('',#3232);
#2890=PLANE('',#3235);
#2891=PLANE('',#3236);
#2892=PLANE('',#3237);
#2893=PLANE('',#3238);
#2894=PLANE('',#3239);
#2895=PLANE('',#3241);
#2896=PLANE('',#3245);
#2897=PLANE('',#3246);
#2898=PLANE('',#3247);
#2899=PLANE('',#3249);
#2900=PLANE('',#3255);
#2901=PLANE('',#3256);
#2902=PLANE('',#3257);
#2903=PLANE('',#3259);
#2904=ADVANCED_FACE('',(#2634),#2818,.T.);
#2905=ADVANCED_FACE('',(#2635),#131,.F.);
#2906=ADVANCED_FACE('',(#2636),#2819,.F.);
#2907=ADVANCED_FACE('',(#2637),#2820,.F.);
#2908=ADVANCED_FACE('',(#2638),#50,.T.);
#2909=ADVANCED_FACE('',(#2639),#31,.T.);
#2910=ADVANCED_FACE('',(#2640),#2821,.F.);
#2911=ADVANCED_FACE('',(#2641),#2822,.T.);
#2912=ADVANCED_FACE('',(#2642),#51,.T.);
#2913=ADVANCED_FACE('',(#2643),#2823,.T.);
#2914=ADVANCED_FACE('',(#2644),#2824,.T.);
#2915=ADVANCED_FACE('',(#2645),#2825,.F.);
#2916=ADVANCED_FACE('',(#2646),#52,.T.);
#2917=ADVANCED_FACE('',(#2647),#2826,.F.);
#2918=ADVANCED_FACE('',(#2648),#53,.T.);
#2919=ADVANCED_FACE('',(#2649),#54,.T.);
#2920=ADVANCED_FACE('',(#2650),#2827,.F.);
#2921=ADVANCED_FACE('',(#2651),#55,.T.);
#2922=ADVANCED_FACE('',(#2652),#2828,.F.);
#2923=ADVANCED_FACE('',(#2653,#2654,#2655),#2829,.T.);
#2924=ADVANCED_FACE('',(#2656,#2657),#2830,.F.);
#2925=ADVANCED_FACE('',(#2658),#2831,.T.);
#2926=ADVANCED_FACE('',(#2659),#2832,.F.);
#2927=ADVANCED_FACE('',(#2660),#2833,.F.);
#2928=ADVANCED_FACE('',(#2661),#2834,.F.);
#2929=ADVANCED_FACE('',(#2662),#2835,.F.);
#2930=ADVANCED_FACE('',(#2663),#32,.F.);
#2931=ADVANCED_FACE('',(#2664),#33,.F.);
#2932=ADVANCED_FACE('',(#2665),#2836,.T.);
#2933=ADVANCED_FACE('',(#2666),#2837,.T.);
#2934=ADVANCED_FACE('',(#2667),#34,.F.);
#2935=ADVANCED_FACE('',(#2668),#2838,.T.);
#2936=ADVANCED_FACE('',(#2669),#2839,.T.);
#2937=ADVANCED_FACE('',(#2670),#2840,.T.);
#2938=ADVANCED_FACE('',(#2671),#132,.F.);
#2939=ADVANCED_FACE('',(#2672),#133,.F.);
#2940=ADVANCED_FACE('',(#2673),#35,.F.);
#2941=ADVANCED_FACE('',(#2674),#56,.T.);
#2942=ADVANCED_FACE('',(#2675),#2841,.T.);
#2943=ADVANCED_FACE('',(#2676),#57,.T.);
#2944=ADVANCED_FACE('',(#2677),#2842,.F.);
#2945=ADVANCED_FACE('',(#2678,#2679),#2843,.T.);
#2946=ADVANCED_FACE('',(#2680),#2844,.T.);
#2947=ADVANCED_FACE('',(#2681),#134,.F.);
#2948=ADVANCED_FACE('',(#2682),#2845,.T.);
#2949=ADVANCED_FACE('',(#2683),#36,.T.);
#2950=ADVANCED_FACE('',(#2684),#37,.F.);
#2951=ADVANCED_FACE('',(#2685,#2686),#24,.F.);
#2952=ADVANCED_FACE('',(#2687,#2688),#25,.F.);
#2953=ADVANCED_FACE('',(#2689),#58,.F.);
#2954=ADVANCED_FACE('',(#2690),#59,.F.);
#2955=ADVANCED_FACE('',(#2691),#38,.T.);
#2956=ADVANCED_FACE('',(#2692),#135,.T.);
#2957=ADVANCED_FACE('',(#2693),#2846,.F.);
#2958=ADVANCED_FACE('',(#2694),#2847,.T.);
#2959=ADVANCED_FACE('',(#2695),#2848,.T.);
#2960=ADVANCED_FACE('',(#2696),#2849,.F.);
#2961=ADVANCED_FACE('',(#2697),#2850,.F.);
#2962=ADVANCED_FACE('',(#2698),#2851,.F.);
#2963=ADVANCED_FACE('',(#2699),#2852,.F.);
#2964=ADVANCED_FACE('',(#2700),#26,.T.);
#2965=ADVANCED_FACE('',(#2701),#39,.F.);
#2966=ADVANCED_FACE('',(#2702),#40,.T.);
#2967=ADVANCED_FACE('',(#2703),#2853,.T.);
#2968=ADVANCED_FACE('',(#2704),#2854,.T.);
#2969=ADVANCED_FACE('',(#2705),#2855,.T.);
#2970=ADVANCED_FACE('',(#2706),#2856,.T.);
#2971=ADVANCED_FACE('',(#2707),#136,.T.);
#2972=ADVANCED_FACE('',(#2708),#137,.T.);
#2973=ADVANCED_FACE('',(#2709),#138,.T.);
#2974=ADVANCED_FACE('',(#2710),#2857,.F.);
#2975=ADVANCED_FACE('',(#2711),#2858,.F.);
#2976=ADVANCED_FACE('',(#2712),#2859,.F.);
#2977=ADVANCED_FACE('',(#2713),#2860,.F.);
#2978=ADVANCED_FACE('',(#2714),#60,.F.);
#2979=ADVANCED_FACE('',(#2715),#2861,.F.);
#2980=ADVANCED_FACE('',(#2716),#2862,.F.);
#2981=ADVANCED_FACE('',(#2717),#2863,.F.);
#2982=ADVANCED_FACE('',(#2718),#61,.F.);
#2983=ADVANCED_FACE('',(#2719),#2864,.F.);
#2984=ADVANCED_FACE('',(#2720),#62,.F.);
#2985=ADVANCED_FACE('',(#2721),#139,.T.);
#2986=ADVANCED_FACE('',(#2722),#2865,.F.);
#2987=ADVANCED_FACE('',(#2723),#2866,.T.);
#2988=ADVANCED_FACE('',(#2724),#2867,.F.);
#2989=ADVANCED_FACE('',(#2725),#41,.T.);
#2990=ADVANCED_FACE('',(#2726),#2868,.T.);
#2991=ADVANCED_FACE('',(#2727),#63,.T.);
#2992=ADVANCED_FACE('',(#2728),#2869,.T.);
#2993=ADVANCED_FACE('',(#2729),#42,.F.);
#2994=ADVANCED_FACE('',(#2730,#2731,#2732),#2870,.T.);
#2995=ADVANCED_FACE('',(#2733),#2871,.F.);
#2996=ADVANCED_FACE('',(#2734),#140,.T.);
#2997=ADVANCED_FACE('',(#2735),#2872,.F.);
#2998=ADVANCED_FACE('',(#2736),#2873,.F.);
#2999=ADVANCED_FACE('',(#2737),#2874,.F.);
#3000=ADVANCED_FACE('',(#2738),#2875,.T.);
#3001=ADVANCED_FACE('',(#2739),#2876,.F.);
#3002=ADVANCED_FACE('',(#2740),#2877,.F.);
#3003=ADVANCED_FACE('',(#2741),#2878,.F.);
#3004=ADVANCED_FACE('',(#2742),#2879,.F.);
#3005=ADVANCED_FACE('',(#2743),#2880,.F.);
#3006=ADVANCED_FACE('',(#2744),#141,.F.);
#3007=ADVANCED_FACE('',(#2745),#2881,.F.);
#3008=ADVANCED_FACE('',(#2746),#43,.F.);
#3009=ADVANCED_FACE('',(#2747),#44,.F.);
#3010=ADVANCED_FACE('',(#2748),#142,.T.);
#3011=ADVANCED_FACE('',(#2749),#45,.F.);
#3012=ADVANCED_FACE('',(#2750),#46,.F.);
#3013=ADVANCED_FACE('',(#2751),#2882,.F.);
#3014=ADVANCED_FACE('',(#2752),#64,.F.);
#3015=ADVANCED_FACE('',(#2753),#143,.F.);
#3016=ADVANCED_FACE('',(#2754),#2883,.F.);
#3017=ADVANCED_FACE('',(#2755),#2884,.T.);
#3018=ADVANCED_FACE('',(#2756),#2885,.F.);
#3019=ADVANCED_FACE('',(#2757),#65,.T.);
#3020=ADVANCED_FACE('',(#2758),#2886,.F.);
#3021=ADVANCED_FACE('',(#2759),#2887,.F.);
#3022=ADVANCED_FACE('',(#2760),#2888,.F.);
#3023=ADVANCED_FACE('',(#2761),#66,.F.);
#3024=ADVANCED_FACE('',(#2762,#2763),#2889,.T.);
#3025=ADVANCED_FACE('',(#2764),#67,.F.);
#3026=ADVANCED_FACE('',(#2765),#144,.F.);
#3027=ADVANCED_FACE('',(#2766),#2890,.T.);
#3028=ADVANCED_FACE('',(#2767),#2891,.F.);
#3029=ADVANCED_FACE('',(#2768),#2892,.T.);
#3030=ADVANCED_FACE('',(#2769),#2893,.F.);
#3031=ADVANCED_FACE('',(#2770),#145,.T.);
#3032=ADVANCED_FACE('',(#2771),#2894,.F.);
#3033=ADVANCED_FACE('',(#2772),#2895,.T.);
#3034=ADVANCED_FACE('',(#2773),#2896,.T.);
#3035=ADVANCED_FACE('',(#2774),#146,.F.);
#3036=ADVANCED_FACE('',(#2775),#147,.T.);
#3037=ADVANCED_FACE('',(#2776),#148,.T.);
#3038=ADVANCED_FACE('',(#2777),#47,.F.);
#3039=ADVANCED_FACE('',(#2778),#149,.T.);
#3040=ADVANCED_FACE('',(#2779),#150,.T.);
#3041=ADVANCED_FACE('',(#2780),#2897,.F.);
#3042=ADVANCED_FACE('',(#2781),#151,.T.);
#3043=ADVANCED_FACE('',(#2782),#152,.T.);
#3044=ADVANCED_FACE('',(#2783),#48,.T.);
#3045=ADVANCED_FACE('',(#2784),#2898,.F.);
#3046=ADVANCED_FACE('',(#2785),#153,.T.);
#3047=ADVANCED_FACE('',(#2786),#154,.T.);
#3048=ADVANCED_FACE('',(#2787),#155,.T.);
#3049=ADVANCED_FACE('',(#2788),#156,.T.);
#3050=ADVANCED_FACE('',(#2789),#157,.T.);
#3051=ADVANCED_FACE('',(#2790),#27,.T.);
#3052=ADVANCED_FACE('',(#2791),#158,.T.);
#3053=ADVANCED_FACE('',(#2792),#159,.T.);
#3054=ADVANCED_FACE('',(#2793),#2899,.T.);
#3055=ADVANCED_FACE('',(#2794),#160,.T.);
#3056=ADVANCED_FACE('',(#2795),#161,.T.);
#3057=ADVANCED_FACE('',(#2796),#162,.T.);
#3058=ADVANCED_FACE('',(#2797),#163,.T.);
#3059=ADVANCED_FACE('',(#2798),#28,.T.);
#3060=ADVANCED_FACE('',(#2799,#2800),#68,.F.);
#3061=ADVANCED_FACE('',(#2801,#2802),#69,.F.);
#3062=ADVANCED_FACE('',(#2803,#2804),#2900,.F.);
#3063=ADVANCED_FACE('',(#2805),#164,.T.);
#3064=ADVANCED_FACE('',(#2806),#165,.T.);
#3065=ADVANCED_FACE('',(#2807),#166,.T.);
#3066=ADVANCED_FACE('',(#2808),#167,.T.);
#3067=ADVANCED_FACE('',(#2809),#2901,.F.);
#3068=ADVANCED_FACE('',(#2810),#168,.T.);
#3069=ADVANCED_FACE('',(#2811),#169,.T.);
#3070=ADVANCED_FACE('',(#2812),#170,.T.);
#3071=ADVANCED_FACE('',(#2813),#2902,.T.);
#3072=ADVANCED_FACE('',(#2814),#29,.T.);
#3073=ADVANCED_FACE('',(#2815),#2903,.T.);
#3074=ADVANCED_FACE('',(#2816),#30,.F.);
#3075=ADVANCED_FACE('',(#2817),#49,.T.);
#3076=CLOSED_SHELL('',(#2904,#2905,#2906,#2907,#2908,#2909,#2910,#2911,
#2912,#2913,#2914,#2915,#2916,#2917,#2918,#2919,#2920,#2921,#2922,#2923,
#2924,#2925,#2926,#2927,#2928,#2929,#2930,#2931,#2932,#2933,#2934,#2935,
#2936,#2937,#2938,#2939,#2940,#2941,#2942,#2943,#2944,#2945,#2946,#2947,
#2948,#2949,#2950,#2951,#2952,#2953,#2954,#2955,#2956,#2957,#2958,#2959,
#2960,#2961,#2962,#2963,#2964,#2965,#2966,#2967,#2968,#2969,#2970,#2971,
#2972,#2973,#2974,#2975,#2976,#2977,#2978,#2979,#2980,#2981,#2982,#2983,
#2984,#2985,#2986,#2987,#2988,#2989,#2990,#2991,#2992,#2993,#2994,#2995,
#2996,#2997,#2998,#2999,#3000,#3001,#3002,#3003,#3004,#3005,#3006,#3007,
#3008,#3009,#3010,#3011,#3012,#3013,#3014,#3015,#3016,#3017,#3018,#3019,
#3020,#3021,#3022,#3023,#3024,#3025,#3026,#3027,#3028,#3029,#3030,#3031,
#3032,#3033,#3034,#3035,#3036,#3037,#3038,#3039,#3040,#3041,#3042,#3043,
#3044,#3045,#3046,#3047,#3048,#3049,#3050,#3051,#3052,#3053,#3054,#3055,
#3056,#3057,#3058,#3059,#3060,#3061,#3062,#3063,#3064,#3065,#3066,#3067,
#3068,#3069,#3070,#3071,#3072,#3073,#3074,#3075));
#3077=STYLED_ITEM('',(#3078),#3085);
#3078=PRESENTATION_STYLE_ASSIGNMENT((#3079));
#3079=SURFACE_STYLE_USAGE(.BOTH.,#3080);
#3080=SURFACE_SIDE_STYLE('',(#3081));
#3081=SURFACE_STYLE_FILL_AREA(#3082);
#3082=FILL_AREA_STYLE('',(#3083));
#3083=FILL_AREA_STYLE_COLOUR('',#3084);
#3084=COLOUR_RGB('',0.200000002980232,0.200000002980232,0.200000002980232);
#3085=MANIFOLD_SOLID_BREP('',#3076);
#3086=SHAPE_DEFINITION_REPRESENTATION(#8386,#3088);
#3087=SHAPE_DEFINITION_REPRESENTATION(#8385,#3089);
#3088=SHAPE_REPRESENTATION('CZ82_standardGripLeft_Slim_bebop',(#3090),#8379);
#3089=SHAPE_REPRESENTATION('CZ82_baseBody',(#3090,#3261),#8378);
#3090=AXIS2_PLACEMENT_3D('',#3826,#3262,#3263);
#3091=AXIS2_PLACEMENT_3D('',#3827,#3264,#3265);
#3092=AXIS2_PLACEMENT_3D('',#3909,#3278,#3279);
#3093=AXIS2_PLACEMENT_3D('',#3913,#3281,#3282);
#3094=AXIS2_PLACEMENT_3D('',#3962,#3289,#3290);
#3095=AXIS2_PLACEMENT_3D('',#3963,#3291,#3292);
#3096=AXIS2_PLACEMENT_3D('',#3968,#3295,#3296);
#3097=AXIS2_PLACEMENT_3D('',#4413,#3298,#3299);
#3098=AXIS2_PLACEMENT_3D('',#4420,#3301,#3302);
#3099=AXIS2_PLACEMENT_3D('',#4456,#3311,#3312);
#3100=AXIS2_PLACEMENT_3D('',#4463,#3313,#3314);
#3101=AXIS2_PLACEMENT_3D('',#4493,#3315,#3316);
#3102=AXIS2_PLACEMENT_3D('',#4502,#3318,#3319);
#3103=AXIS2_PLACEMENT_3D('',#4504,#3320,#3321);
#3104=AXIS2_PLACEMENT_3D('',#4505,#3322,#3323);
#3105=AXIS2_PLACEMENT_3D('',#4514,#3328,#3329);
#3106=AXIS2_PLACEMENT_3D('',#4523,#3334,#3335);
#3107=AXIS2_PLACEMENT_3D('',#4524,#3336,#3337);
#3108=AXIS2_PLACEMENT_3D('',#4528,#3339,#3340);
#3109=AXIS2_PLACEMENT_3D('',#4529,#3341,#3342);
#3110=AXIS2_PLACEMENT_3D('',#4532,#3344,#3345);
#3111=AXIS2_PLACEMENT_3D('',#4533,#3346,#3347);
#3112=AXIS2_PLACEMENT_3D('',#4536,#3349,#3350);
#3113=AXIS2_PLACEMENT_3D('',#4537,#3351,#3352);
#3114=AXIS2_PLACEMENT_3D('',#4539,#3354,#3355);
#3115=AXIS2_PLACEMENT_3D('',#4540,#3356,#3357);
#3116=AXIS2_PLACEMENT_3D('',#4544,#3359,#3360);
#3117=AXIS2_PLACEMENT_3D('',#4545,#3361,#3362);
#3118=AXIS2_PLACEMENT_3D('',#4548,#3364,#3365);
#3119=AXIS2_PLACEMENT_3D('',#4549,#3366,#3367);
#3120=AXIS2_PLACEMENT_3D('',#4552,#3369,#3370);
#3121=AXIS2_PLACEMENT_3D('',#4553,#3371,#3372);
#3122=AXIS2_PLACEMENT_3D('',#4555,#3374,#3375);
#3123=AXIS2_PLACEMENT_3D('',#4564,#3380,#3381);
#3124=AXIS2_PLACEMENT_3D('',#4565,#3382,#3383);
#3125=AXIS2_PLACEMENT_3D('',#4570,#3385,#3386);
#3126=AXIS2_PLACEMENT_3D('',#4574,#3388,#3389);
#3127=AXIS2_PLACEMENT_3D('',#4575,#3390,#3391);
#3128=AXIS2_PLACEMENT_3D('',#4581,#3395,#3396);
#3129=AXIS2_PLACEMENT_3D('',#4587,#3400,#3401);
#3130=AXIS2_PLACEMENT_3D('',#4591,#3404,#3405);
#3131=AXIS2_PLACEMENT_3D('',#4595,#3408,#3409);
#3132=AXIS2_PLACEMENT_3D('',#4844,#3411,#3412);
#3133=AXIS2_PLACEMENT_3D('',#4852,#3413,#3414);
#3134=AXIS2_PLACEMENT_3D('',#4873,#3416,#3417);
#3135=AXIS2_PLACEMENT_3D('',#4874,#3418,#3419);
#3136=AXIS2_PLACEMENT_3D('',#4876,#3420,#3421);
#3137=AXIS2_PLACEMENT_3D('',#4877,#3422,#3423);
#3138=AXIS2_PLACEMENT_3D('',#4930,#3424,#3425);
#3139=AXIS2_PLACEMENT_3D('',#4939,#3428,#3429);
#3140=AXIS2_PLACEMENT_3D('',#4969,#3432,#3433);
#3141=AXIS2_PLACEMENT_3D('',#5032,#3438,#3439);
#3142=AXIS2_PLACEMENT_3D('',#5033,#3440,#3441);
#3143=AXIS2_PLACEMENT_3D('',#5035,#3442,#3443);
#3144=AXIS2_PLACEMENT_3D('',#5038,#3445,#3446);
#3145=AXIS2_PLACEMENT_3D('',#5042,#3449,#3450);
#3146=AXIS2_PLACEMENT_3D('',#5043,#3451,#3452);
#3147=AXIS2_PLACEMENT_3D('',#5045,#3453,#3454);
#3148=AXIS2_PLACEMENT_3D('',#5046,#3455,#3456);
#3149=AXIS2_PLACEMENT_3D('',#5047,#3457,#3458);
#3150=AXIS2_PLACEMENT_3D('',#5048,#3459,#3460);
#3151=AXIS2_PLACEMENT_3D('',#5057,#3465,#3466);
#3152=AXIS2_PLACEMENT_3D('',#5075,#3471,#3472);
#3153=AXIS2_PLACEMENT_3D('',#5081,#3475,#3476);
#3154=AXIS2_PLACEMENT_3D('',#5129,#3479,#3480);
#3155=AXIS2_PLACEMENT_3D('',#5130,#3481,#3482);
#3156=AXIS2_PLACEMENT_3D('',#5132,#3483,#3484);
#3157=AXIS2_PLACEMENT_3D('',#5133,#3485,#3486);
#3158=AXIS2_PLACEMENT_3D('',#5135,#3487,#3488);
#3159=AXIS2_PLACEMENT_3D('',#5151,#3490,#3491);
#3160=AXIS2_PLACEMENT_3D('',#5299,#3493,#3494);
#3161=AXIS2_PLACEMENT_3D('',#5303,#3497,#3498);
#3162=AXIS2_PLACEMENT_3D('',#5311,#3503,#3504);
#3163=AXIS2_PLACEMENT_3D('',#5315,#3507,#3508);
#3164=AXIS2_PLACEMENT_3D('',#5321,#3512,#3513);
#3165=AXIS2_PLACEMENT_3D('',#5325,#3516,#3517);
#3166=AXIS2_PLACEMENT_3D('',#5331,#3521,#3522);
#3167=AXIS2_PLACEMENT_3D('',#5335,#3524,#3525);
#3168=AXIS2_PLACEMENT_3D('',#5336,#3526,#3527);
#3169=AXIS2_PLACEMENT_3D('',#5337,#3528,#3529);
#3170=AXIS2_PLACEMENT_3D('',#5348,#3530,#3531);
#3171=AXIS2_PLACEMENT_3D('',#5525,#3532,#3533);
#3172=AXIS2_PLACEMENT_3D('',#5528,#3535,#3536);
#3173=AXIS2_PLACEMENT_3D('',#5533,#3539,#3540);
#3174=AXIS2_PLACEMENT_3D('',#5541,#3544,#3545);
#3175=AXIS2_PLACEMENT_3D('',#5542,#3546,#3547);
#3176=AXIS2_PLACEMENT_3D('',#5548,#3551,#3552);
#3177=AXIS2_PLACEMENT_3D('',#5863,#3557,#3558);
#3178=AXIS2_PLACEMENT_3D('',#5869,#3562,#3563);
#3179=AXIS2_PLACEMENT_3D('',#5873,#3566,#3567);
#3180=AXIS2_PLACEMENT_3D('',#5877,#3570,#3571);
#3181=AXIS2_PLACEMENT_3D('',#5879,#3573,#3574);
#3182=AXIS2_PLACEMENT_3D('',#5883,#3576,#3577);
#3183=AXIS2_PLACEMENT_3D('',#5887,#3579,#3580);
#3184=AXIS2_PLACEMENT_3D('',#5888,#3581,#3582);
#3185=AXIS2_PLACEMENT_3D('',#5902,#3588,#3589);
#3186=AXIS2_PLACEMENT_3D('',#5908,#3593,#3594);
#3187=AXIS2_PLACEMENT_3D('',#5917,#3600,#3601);
#3188=AXIS2_PLACEMENT_3D('',#5918,#3602,#3603);
#3189=AXIS2_PLACEMENT_3D('',#5921,#3605,#3606);
#3190=AXIS2_PLACEMENT_3D('',#5922,#3607,#3608);
#3191=AXIS2_PLACEMENT_3D('',#5926,#3611,#3612);
#3192=AXIS2_PLACEMENT_3D('',#5927,#3613,#3614);
#3193=AXIS2_PLACEMENT_3D('',#5982,#3617,#3618);
#3194=AXIS2_PLACEMENT_3D('',#5986,#3621,#3622);
#3195=AXIS2_PLACEMENT_3D('',#5990,#3625,#3626);
#3196=AXIS2_PLACEMENT_3D('',#6007,#3629,#3630);
#3197=AXIS2_PLACEMENT_3D('',#6013,#3634,#3635);
#3198=AXIS2_PLACEMENT_3D('',#6016,#3637,#3638);
#3199=AXIS2_PLACEMENT_3D('',#6017,#3639,#3640);
#3200=AXIS2_PLACEMENT_3D('',#6197,#3643,#3644);
#3201=AXIS2_PLACEMENT_3D('',#6198,#3645,#3646);
#3202=AXIS2_PLACEMENT_3D('',#6204,#3650,#3651);
#3203=AXIS2_PLACEMENT_3D('',#6235,#3652,#3653);
#3204=AXIS2_PLACEMENT_3D('',#6239,#3656,#3657);
#3205=AXIS2_PLACEMENT_3D('',#6241,#3659,#3660);
#3206=AXIS2_PLACEMENT_3D('',#6246,#3664,#3665);
#3207=AXIS2_PLACEMENT_3D('',#6252,#3669,#3670);
#3208=AXIS2_PLACEMENT_3D('',#6255,#3673,#3674);
#3209=AXIS2_PLACEMENT_3D('',#6257,#3676,#3677);
#3210=AXIS2_PLACEMENT_3D('',#6259,#3679,#3680);
#3211=AXIS2_PLACEMENT_3D('',#6267,#3683,#3684);
#3212=AXIS2_PLACEMENT_3D('',#6271,#3686,#3687);
#3213=AXIS2_PLACEMENT_3D('',#6388,#3690,#3691);
#3214=AXIS2_PLACEMENT_3D('',#6414,#3695,#3696);
#3215=AXIS2_PLACEMENT_3D('',#6477,#3697,#3698);
#3216=AXIS2_PLACEMENT_3D('',#6699,#3701,#3702);
#3217=AXIS2_PLACEMENT_3D('',#6741,#3705,#3706);
#3218=AXIS2_PLACEMENT_3D('',#6742,#3707,#3708);
#3219=AXIS2_PLACEMENT_3D('',#6743,#3709,#3710);
#3220=AXIS2_PLACEMENT_3D('',#6753,#3712,#3713);
#3221=AXIS2_PLACEMENT_3D('',#6818,#3715,#3716);
#3222=AXIS2_PLACEMENT_3D('',#6822,#3719,#3720);
#3223=AXIS2_PLACEMENT_3D('',#6826,#3723,#3724);
#3224=AXIS2_PLACEMENT_3D('',#6832,#3728,#3729);
#3225=AXIS2_PLACEMENT_3D('',#6833,#3730,#3731);
#3226=AXIS2_PLACEMENT_3D('',#6836,#3733,#3734);
#3227=AXIS2_PLACEMENT_3D('',#6837,#3735,#3736);
#3228=AXIS2_PLACEMENT_3D('',#6854,#3738,#3739);
#3229=AXIS2_PLACEMENT_3D('',#6858,#3742,#3743);
#3230=AXIS2_PLACEMENT_3D('',#6862,#3746,#3747);
#3231=AXIS2_PLACEMENT_3D('',#6863,#3748,#3749);
#3232=AXIS2_PLACEMENT_3D('',#6866,#3751,#3752);
#3233=AXIS2_PLACEMENT_3D('',#6869,#3754,#3755);
#3234=AXIS2_PLACEMENT_3D('',#6870,#3756,#3757);
#3235=AXIS2_PLACEMENT_3D('',#6888,#3760,#3761);
#3236=AXIS2_PLACEMENT_3D('',#6890,#3763,#3764);
#3237=AXIS2_PLACEMENT_3D('',#6894,#3767,#3768);
#3238=AXIS2_PLACEMENT_3D('',#6896,#3770,#3771);
#3239=AXIS2_PLACEMENT_3D('',#6933,#3773,#3774);
#3240=AXIS2_PLACEMENT_3D('',#6940,#3775,#3776);
#3241=AXIS2_PLACEMENT_3D('',#6965,#3777,#3778);
#3242=AXIS2_PLACEMENT_3D('',#6966,#3779,#3780);
#3243=AXIS2_PLACEMENT_3D('',#6970,#3782,#3783);
#3244=AXIS2_PLACEMENT_3D('',#6984,#3784,#3785);
#3245=AXIS2_PLACEMENT_3D('',#7048,#3788,#3789);
#3246=AXIS2_PLACEMENT_3D('',#7538,#3791,#3792);
#3247=AXIS2_PLACEMENT_3D('',#8009,#3793,#3794);
#3248=AXIS2_PLACEMENT_3D('',#8118,#3795,#3796);
#3249=AXIS2_PLACEMENT_3D('',#8151,#3797,#3798);
#3250=AXIS2_PLACEMENT_3D('',#8208,#3799,#3800);
#3251=AXIS2_PLACEMENT_3D('',#8209,#3801,#3802);
#3252=AXIS2_PLACEMENT_3D('',#8210,#3803,#3804);
#3253=AXIS2_PLACEMENT_3D('',#8212,#3805,#3806);
#3254=AXIS2_PLACEMENT_3D('',#8213,#3807,#3808);
#3255=AXIS2_PLACEMENT_3D('',#8215,#3809,#3810);
#3256=AXIS2_PLACEMENT_3D('',#8316,#3811,#3812);
#3257=AXIS2_PLACEMENT_3D('',#8357,#3813,#3814);
#3258=AXIS2_PLACEMENT_3D('',#8359,#3816,#3817);
#3259=AXIS2_PLACEMENT_3D('',#8361,#3819,#3820);
#3260=AXIS2_PLACEMENT_3D('',#8363,#3822,#3823);
#3261=AXIS2_PLACEMENT_3D('',#8376,#3824,#3825);
#3262=DIRECTION('',(0.,0.,1.));
#3263=DIRECTION('',(1.,0.,0.));
#3264=DIRECTION('',(0.,1.,0.));
#3265=DIRECTION('',(0.,0.,1.));
#3266=DIRECTION('',(0.248062125984642,0.,-0.968744125996116));
#3267=DIRECTION('',(1.,0.,-5.55111512312578E-15));
#3268=DIRECTION('',(-1.02042557406991E-16,0.,1.));
#3269=DIRECTION('',(0.395750376313323,0.,-0.918358121675778));
#3270=DIRECTION('',(1.,0.,1.02042557406991E-16));
#3271=DIRECTION('',(-7.53603280552657E-46,-2.7730778210842E-31,1.));
#3272=DIRECTION('',(1.,-2.37286067685799E-18,7.46780097234909E-46));
#3273=DIRECTION('',(0.287614921385866,0.,-0.95774613389781));
#3274=DIRECTION('',(-1.,0.,-5.09095561721474E-15));
#3275=DIRECTION('',(-0.288196268134091,0.,0.957571360804814));
#3276=DIRECTION('',(-0.642787609686539,0.,-0.766044443118978));
#3277=DIRECTION('',(-0.906422949080882,-0.422368819270831,-0.00142052359396562));
#3278=DIRECTION('',(0.,1.,0.));
#3279=DIRECTION('',(0.,0.,1.));
#3280=DIRECTION('',(0.394709859327591,0.,-0.918805815692083));
#3281=DIRECTION('',(0.,1.,0.));
#3282=DIRECTION('',(1.,0.,1.15009148103252E-16));
#3283=DIRECTION('',(-1.,0.,-1.02042557406991E-16));
#3284=DIRECTION('',(0.248029848510275,0.,-0.968752390576648));
#3285=DIRECTION('',(0.913773860265771,0.,-0.406223254251884));
#3286=DIRECTION('',(0.308534701679742,0.,-0.951213087514776));
#3287=DIRECTION('',(-0.499807220600355,0.,-0.866136676417612));
#3288=DIRECTION('',(0.999998771983161,0.,0.00156717330577201));
#3289=DIRECTION('',(-0.415361168594566,0.891984325925444,-0.178435035593036));
#3290=DIRECTION('',(-0.906532638205242,-0.422135731570598,0.));
#3291=DIRECTION('',(-0.415361168594566,0.891984325925444,-0.178435035593036));
#3292=DIRECTION('',(-0.81956038616648,-0.452066325115388,-0.352075007808448));
#3293=DIRECTION('',(-0.906422949080882,-0.422368819270831,-0.00142052359396562));
#3294=DIRECTION('',(0.394709859327591,0.,-0.918805815692083));
#3295=DIRECTION('',(-1.,0.,-5.09095561721474E-15));
#3296=DIRECTION('',(-5.09095561721474E-15,0.,1.));
#3297=DIRECTION('',(-1.,0.,-5.09095561721474E-15));
#3298=DIRECTION('',(9.89792712303482E-15,0.,1.));
#3299=DIRECTION('',(1.,0.,-9.89792712303482E-15));
#3300=DIRECTION('',(1.,0.,5.09095561721474E-15));
#3301=DIRECTION('',(-0.000577257174132965,0.,-0.999999833387064));
#3302=DIRECTION('',(-0.999999833387064,0.,0.000577257174132965));
#3303=DIRECTION('',(-0.999999833387064,0.,0.000577257174132965));
#3304=DIRECTION('',(-0.999999833387063,0.,0.00057725717413439));
#3305=DIRECTION('',(-0.999999833387064,-5.58426608060283E-15,0.000577257174133055));
#3306=DIRECTION('',(0.,1.,0.));
#3307=DIRECTION('',(-0.999999833387064,0.,0.000577257174132965));
#3308=DIRECTION('',(0.,-1.,0.));
#3309=DIRECTION('',(0.999999833387064,0.,-0.000577257174132965));
#3310=DIRECTION('',(0.,1.,0.));
#3311=DIRECTION('',(0.,1.,0.));
#3312=DIRECTION('',(0.,0.,1.));
#3313=DIRECTION('',(0.,-1.,0.));
#3314=DIRECTION('',(0.,0.,-1.));
#3315=DIRECTION('',(0.,-1.,0.));
#3316=DIRECTION('',(0.,0.,-1.));
#3317=DIRECTION('',(0.,1.,0.));
#3318=DIRECTION('',(0.683012701892162,-0.707106781186546,0.183012701892437));
#3319=DIRECTION('',(0.68301270189216,0.707106781186549,0.183012701892436));
#3320=DIRECTION('',(0.,-1.,0.));
#3321=DIRECTION('',(0.,0.,-1.));
#3322=DIRECTION('',(-5.70255687203639E-15,1.,4.07418409305384E-19));
#3323=DIRECTION('',(-1.,-5.70255687203639E-15,0.));
#3324=DIRECTION('',(-0.287614921385864,-1.64053064985556E-15,0.957746133897811));
#3325=DIRECTION('',(-0.957746133897811,-5.46148461791149E-15,-0.287614921385864));
#3326=DIRECTION('',(0.287614921385864,1.64053064985556E-15,-0.957746133897811));
#3327=DIRECTION('',(0.957746133897809,5.46148461791148E-15,0.287614921385869));
#3328=DIRECTION('',(-5.70255687203639E-15,1.,4.07418409305384E-19));
#3329=DIRECTION('',(-1.,-5.70255687203639E-15,0.));
#3330=DIRECTION('',(0.287614921385864,1.64053064985556E-15,-0.957746133897811));
#3331=DIRECTION('',(0.957746133897812,5.46148461791149E-15,0.287614921385861));
#3332=DIRECTION('',(-0.287614921385863,-1.64053064985555E-15,0.957746133897811));
#3333=DIRECTION('',(-0.957746133897811,-5.46148461791148E-15,-0.287614921385864));
#3334=DIRECTION('',(-0.957746133897811,-5.46162092798831E-15,-0.287614921385864));
#3335=DIRECTION('',(-0.287614921385864,0.,0.957746133897811));
#3336=DIRECTION('',(-0.957746133897811,-5.46162092798831E-15,-0.287614921385864));
#3337=DIRECTION('',(-0.287614921385864,0.,0.957746133897811));
#3338=DIRECTION('',(0.287614921385864,1.64053064985556E-15,-0.957746133897811));
#3339=DIRECTION('',(-0.957746133897811,-5.46162092798831E-15,-0.287614921385864));
#3340=DIRECTION('',(-0.287614921385864,0.,0.957746133897811));
#3341=DIRECTION('',(-0.957746133897809,-5.46149499516515E-15,-0.287614921385869));
#3342=DIRECTION('',(-0.287614921385869,0.,0.957746133897809));
#3343=DIRECTION('',(-0.957746133897809,-5.46148461791148E-15,-0.287614921385869));
#3344=DIRECTION('',(0.957746133897811,5.46162092798832E-15,0.287614921385864));
#3345=DIRECTION('',(0.287614921385864,0.,-0.957746133897811));
#3346=DIRECTION('',(0.957746133897811,5.46162092798832E-15,0.287614921385864));
#3347=DIRECTION('',(0.287614921385864,0.,-0.957746133897811));
#3348=DIRECTION('',(-0.287614921385864,-1.64053064985556E-15,0.957746133897811));
#3349=DIRECTION('',(0.957746133897811,5.46162092798832E-15,0.287614921385864));
#3350=DIRECTION('',(0.287614921385864,0.,-0.957746133897811));
#3351=DIRECTION('',(0.957746133897811,5.46149499516516E-15,0.287614921385864));
#3352=DIRECTION('',(0.287614921385864,0.,-0.957746133897811));
#3353=DIRECTION('',(0.957746133897811,5.46148461791149E-15,0.287614921385864));
#3354=DIRECTION('',(0.957746133897811,5.46149499516516E-15,0.287614921385864));
#3355=DIRECTION('',(0.287614921385864,0.,-0.957746133897811));
#3356=DIRECTION('',(0.957746133897811,5.46162092798832E-15,0.287614921385863));
#3357=DIRECTION('',(0.287614921385863,0.,-0.957746133897811));
#3358=DIRECTION('',(0.957746133897811,5.46148461791149E-15,0.287614921385864));
#3359=DIRECTION('',(-0.957746133897811,-5.46162092798831E-15,-0.287614921385864));
#3360=DIRECTION('',(-0.287614921385864,0.,0.957746133897811));
#3361=DIRECTION('',(-0.957746133897811,-5.46162092798831E-15,-0.287614921385864));
#3362=DIRECTION('',(-0.287614921385864,0.,0.957746133897811));
#3363=DIRECTION('',(0.287614921385864,1.64053064985556E-15,-0.957746133897811));
#3364=DIRECTION('',(-0.957746133897811,-5.46162092798831E-15,-0.287614921385864));
#3365=DIRECTION('',(-0.287614921385864,0.,0.957746133897811));
#3366=DIRECTION('',(-0.957746133897812,-5.46149499516517E-15,-0.287614921385861));
#3367=DIRECTION('',(-0.287614921385861,0.,0.957746133897812));
#3368=DIRECTION('',(-0.957746133897812,-5.46148461791149E-15,-0.287614921385861));
#3369=DIRECTION('',(0.957746133897811,5.46162092798832E-15,0.287614921385863));
#3370=DIRECTION('',(0.287614921385863,0.,-0.957746133897811));
#3371=DIRECTION('',(0.957746133897811,5.46162092798832E-15,0.287614921385863));
#3372=DIRECTION('',(0.287614921385863,0.,-0.957746133897811));
#3373=DIRECTION('',(-0.287614921385863,-1.64053064985555E-15,0.957746133897811));
#3374=DIRECTION('',(-5.70244535776731E-15,1.,-5.81892107780199E-31));
#3375=DIRECTION('',(-1.,-5.70244535776731E-15,0.));
#3376=DIRECTION('',(-0.957746133897811,-5.46148461791149E-15,-0.287614921385864));
#3377=DIRECTION('',(-0.287614921385864,-1.64053064985556E-15,0.957746133897811));
#3378=DIRECTION('',(0.95774613389781,5.46148461791148E-15,0.287614921385865));
#3379=DIRECTION('',(0.287614921385866,1.64053064985557E-15,-0.95774613389781));
#3380=DIRECTION('',(5.70172896883164E-15,-1.,1.91744027541334E-18));
#3381=DIRECTION('',(1.,5.70172896883164E-15,0.));
#3382=DIRECTION('',(5.70172896883164E-15,-1.,1.91744027541334E-18));
#3383=DIRECTION('',(1.,5.70172896883164E-15,0.));
#3384=DIRECTION('',(-0.349987654576154,-1.9937385783837E-15,0.936754312316887));
#3385=DIRECTION('',(5.70172896883164E-15,-1.,1.91744027541334E-18));
#3386=DIRECTION('',(-0.349987654576154,-1.99373857838369E-15,0.936754312316887));
#3387=DIRECTION('',(0.349987654576154,1.9937385783837E-15,-0.936754312316887));
#3388=DIRECTION('',(5.70172896883164E-15,-1.,1.91744027541334E-18));
#3389=DIRECTION('',(0.349987654576154,1.9937385783837E-15,-0.936754312316886));
#3390=DIRECTION('',(-0.936754312316886,-5.34179027963994E-15,-0.349987654576154));
#3391=DIRECTION('',(-0.349987654576154,0.,0.936754312316887));
#3392=DIRECTION('',(5.7036704846371E-15,-1.,-3.27909531494965E-18));
#3393=DIRECTION('',(-0.349987654576154,-1.9937385783837E-15,0.936754312316887));
#3394=DIRECTION('',(5.7036704846371E-15,-1.,-3.27909531494965E-18));
#3395=DIRECTION('',(0.957746133897811,5.46162092798831E-15,0.287614921385864));
#3396=DIRECTION('',(0.287614921385864,0.,-0.957746133897811));
#3397=DIRECTION('',(5.70109207999576E-15,-1.,4.94421280401858E-18));
#3398=DIRECTION('',(-0.287614921385864,-1.64053064985556E-15,0.957746133897811));
#3399=DIRECTION('',(5.70109207999576E-15,-1.,4.94421280401858E-18));
#3400=DIRECTION('',(0.287614921385865,1.63498384970334E-15,-0.95774613389781));
#3401=DIRECTION('',(-0.95774613389781,0.,-0.287614921385865));
#3402=DIRECTION('',(0.95774613389781,5.46148461791148E-15,0.287614921385865));
#3403=DIRECTION('',(5.70109207999576E-15,-1.,4.94421280401858E-18));
#3404=DIRECTION('',(-0.95774613389781,-5.46162092798831E-15,-0.287614921385866));
#3405=DIRECTION('',(-0.287614921385866,0.,0.95774613389781));
#3406=DIRECTION('',(0.287614921385866,1.64053064985557E-15,-0.95774613389781));
#3407=DIRECTION('',(5.70109207999576E-15,-1.,4.94421280401858E-18));
#3408=DIRECTION('',(-0.287614921385864,-1.63498384970334E-15,0.957746133897811));
#3409=DIRECTION('',(0.957746133897811,0.,0.287614921385864));
#3410=DIRECTION('',(-0.957746133897811,-5.46148461791149E-15,-0.287614921385864));
#3411=DIRECTION('',(0.,-1.,0.));
#3412=DIRECTION('',(0.957673574800937,0.,0.287856429714527));
#3413=DIRECTION('',(-0.289042873107708,0.,0.95731615337131));
#3414=DIRECTION('',(0.95731615337131,0.,0.289042873107708));
#3415=DIRECTION('',(-0.287614921385861,0.,0.957746133897811));
#3416=DIRECTION('',(0.,-1.,0.));
#3417=DIRECTION('',(0.,0.,-1.));
#3418=DIRECTION('',(0.,-1.,0.));
#3419=DIRECTION('',(0.,0.,-1.));
#3420=DIRECTION('',(0.,-1.,0.));
#3421=DIRECTION('',(0.,0.,-1.));
#3422=DIRECTION('',(0.,-1.,0.));
#3423=DIRECTION('',(0.,0.,-1.));
#3424=DIRECTION('',(0.,1.,0.));
#3425=DIRECTION('',(0.,0.,1.));
#3426=DIRECTION('',(-0.973002791880125,0.,-0.230793342610835));
#3427=DIRECTION('',(-0.642787609686539,0.,-0.766044443118978));
#3428=DIRECTION('',(-0.766044443118978,0.,0.642787609686539));
#3429=DIRECTION('',(0.642787609686539,0.,0.766044443118978));
#3430=DIRECTION('',(-0.463437196759059,-0.692955570372931,-0.552302944179398));
#3431=DIRECTION('',(0.,1.,0.));
#3432=DIRECTION('',(0.406299492574185,0.,0.913739964286317));
#3433=DIRECTION('',(0.913739964286317,0.,-0.406299492574185));
#3434=DIRECTION('',(0.913739964286317,0.,-0.406299492574185));
#3435=DIRECTION('',(0.913739964286317,0.,-0.406299492574185));
#3436=DIRECTION('',(0.,1.,0.));
#3437=DIRECTION('',(-0.287614921385861,0.,0.957746133897812));
#3438=DIRECTION('',(5.7036704846371E-15,-1.,-3.27909531494965E-18));
#3439=DIRECTION('',(1.,5.7036704846371E-15,0.));
#3440=DIRECTION('',(5.70172896883164E-15,-1.,1.91744027541334E-18));
#3441=DIRECTION('',(1.,5.70172896883164E-15,0.));
#3442=DIRECTION('',(5.70172896883164E-15,-1.,1.91744027541334E-18));
#3443=DIRECTION('',(1.,5.70172896883164E-15,0.));
#3444=DIRECTION('',(5.7036704846371E-15,-1.,-3.27909531494965E-18));
#3445=DIRECTION('',(0.936754312316886,5.34179027963994E-15,0.349987654576154));
#3446=DIRECTION('',(0.349987654576154,0.,-0.936754312316887));
#3447=DIRECTION('',(0.349987654576154,1.9937385783837E-15,-0.936754312316887));
#3448=DIRECTION('',(5.7036704846371E-15,-1.,-3.27909531494965E-18));
#3449=DIRECTION('',(5.7036704846371E-15,-1.,-3.27909531494965E-18));
#3450=DIRECTION('',(1.,5.7036704846371E-15,0.));
#3451=DIRECTION('',(5.70172896883164E-15,-1.,1.91744027541334E-18));
#3452=DIRECTION('',(1.,5.70172896883164E-15,0.));
#3453=DIRECTION('',(5.70172896883164E-15,-1.,1.91744027541334E-18));
#3454=DIRECTION('',(1.,5.70172896883164E-15,0.));
#3455=DIRECTION('',(5.70172896883164E-15,-1.,1.91744027541334E-18));
#3456=DIRECTION('',(1.,5.70172896883164E-15,0.));
#3457=DIRECTION('',(5.70172896883164E-15,-1.,1.91744027541334E-18));
#3458=DIRECTION('',(1.,5.70172896883164E-15,0.));
#3459=DIRECTION('',(-5.70255687203639E-15,1.,4.07418409305384E-19));
#3460=DIRECTION('',(-1.,-5.70255687203639E-15,0.));
#3461=DIRECTION('',(-0.287614921385866,-1.64053064985557E-15,0.95774613389781));
#3462=DIRECTION('',(0.957746133897811,5.46148461791149E-15,0.287614921385863));
#3463=DIRECTION('',(0.287614921385864,1.64053064985556E-15,-0.957746133897811));
#3464=DIRECTION('',(-0.95774613389781,-5.46148461791148E-15,-0.287614921385865));
#3465=DIRECTION('',(0.,-1.,0.));
#3466=DIRECTION('',(0.,0.,-1.));
#3467=DIRECTION('',(-0.248062125984588,0.,0.96874412599613));
#3468=DIRECTION('',(0.248029848510275,0.,-0.968752390576648));
#3469=DIRECTION('',(-1.,0.,5.55111512312578E-15));
#3470=DIRECTION('',(-0.248062125984588,0.,0.96874412599613));
#3471=DIRECTION('',(0.,-1.,0.));
#3472=DIRECTION('',(0.,0.,-1.));
#3473=DIRECTION('',(-1.,-1.2953779000095E-29,-3.95676248009307E-13));
#3474=DIRECTION('',(5.56763331042425E-15,0.,1.));
#3475=DIRECTION('',(0.,-1.,0.));
#3476=DIRECTION('',(0.,0.,-1.));
#3477=DIRECTION('',(0.287614921385866,0.,-0.95774613389781));
#3478=DIRECTION('',(0.296255804489448,0.,-0.955108631678256));
#3479=DIRECTION('',(0.,-1.,0.));
#3480=DIRECTION('',(0.,0.,-1.));
#3481=DIRECTION('',(0.,-1.,0.));
#3482=DIRECTION('',(0.,0.,-1.));
#3483=DIRECTION('',(0.,-1.,0.));
#3484=DIRECTION('',(0.,0.,-1.));
#3485=DIRECTION('',(0.,-1.,0.));
#3486=DIRECTION('',(0.,0.,-1.));
#3487=DIRECTION('',(-0.288196268134091,0.,0.957571360804814));
#3488=DIRECTION('',(0.957571360804814,0.,0.288196268134091));
#3489=DIRECTION('',(-0.288196268134091,0.,0.957571360804814));
#3490=DIRECTION('',(-0.973002791880125,0.,-0.230793342610835));
#3491=DIRECTION('',(-0.230793342610835,0.,0.973002791880125));
#3492=DIRECTION('',(-0.973002791880125,0.,-0.230793342610835));
#3493=DIRECTION('',(-0.287297126391862,0.707106781186542,-0.646111724988014));
#3494=DIRECTION('',(0.913739964286317,0.,-0.406299492574185));
#3495=DIRECTION('',(-0.913739964286317,0.,0.406299492574185));
#3496=DIRECTION('',(0.548726369326139,0.674390739248827,0.494061233473721));
#3497=DIRECTION('',(0.,-1.,0.));
#3498=DIRECTION('',(0.,0.,-1.));
#3499=DIRECTION('',(0.308534701679739,0.,-0.951213087514777));
#3500=DIRECTION('',(-0.499807220600355,0.,-0.866136676417612));
#3501=DIRECTION('',(-0.308534701679742,0.,0.951213087514776));
#3502=DIRECTION('',(-0.913773860265771,0.,0.406223254251884));
#3503=DIRECTION('',(0.951213087514777,0.,0.308534701679739));
#3504=DIRECTION('',(0.308534701679739,0.,-0.951213087514777));
#3505=DIRECTION('',(0.308534701679739,0.,-0.951213087514777));
#3506=DIRECTION('',(0.,1.,0.));
#3507=DIRECTION('',(0.951213087514776,0.,0.308534701679742));
#3508=DIRECTION('',(0.308534701679742,0.,-0.951213087514776));
#3509=DIRECTION('',(0.,1.,0.));
#3510=DIRECTION('',(0.,1.,0.));
#3511=DIRECTION('',(-0.308534701679742,0.,0.951213087514776));
#3512=DIRECTION('',(0.406223254251884,0.,0.913773860265771));
#3513=DIRECTION('',(0.913773860265771,0.,-0.406223254251884));
#3514=DIRECTION('',(-0.913773860265771,0.,0.406223254251884));
#3515=DIRECTION('',(0.,1.,0.));
#3516=DIRECTION('',(0.968752390576648,0.,0.248029848510275));
#3517=DIRECTION('',(0.248029848510275,0.,-0.968752390576648));
#3518=DIRECTION('',(-0.248029848510275,0.,0.968752390576648));
#3519=DIRECTION('',(0.242933030966121,-0.201683293221958,-0.948845293870797));
#3520=DIRECTION('',(0.,1.,0.));
#3521=DIRECTION('',(5.70172896883164E-15,-1.,1.91744027541334E-18));
#3522=DIRECTION('',(1.,5.70172896883164E-15,0.));
#3523=DIRECTION('',(0.349987654576156,1.99373857838371E-15,-0.936754312316886));
#3524=DIRECTION('',(5.70172896883164E-15,-1.,1.91744027541334E-18));
#3525=DIRECTION('',(1.,5.70172896883164E-15,0.));
#3526=DIRECTION('',(5.70172896883164E-15,-1.,1.91744027541334E-18));
#3527=DIRECTION('',(1.,5.70172896883164E-15,0.));
#3528=DIRECTION('',(0.,-1.,0.));
#3529=DIRECTION('',(0.,0.,-1.));
#3530=DIRECTION('',(0.,-1.,0.));
#3531=DIRECTION('',(0.,0.,-1.));
#3532=DIRECTION('',(0.,-1.,0.));
#3533=DIRECTION('',(0.,0.,-1.));
#3534=DIRECTION('',(-0.996194698091745,0.,0.0871557427476582));
#3535=DIRECTION('',(0.,-1.,0.));
#3536=DIRECTION('',(0.,0.,-1.));
#3537=DIRECTION('',(-5.3314859336302E-13,0.,1.));
#3538=DIRECTION('',(-1.,0.,-5.30862489238923E-13));
#3539=DIRECTION('',(-1.62274157257567E-16,1.,2.70456928891992E-16));
#3540=DIRECTION('',(0.,-2.70456928891992E-16,1.));
#3541=DIRECTION('',(-0.514495755246554,-3.1540426835942E-16,0.857492925821128));
#3542=DIRECTION('',(0.857492925821128,0.,0.514495755246554));
#3543=DIRECTION('',(-0.239523566119715,2.23715591774156E-16,-0.970890550614895));
#3544=DIRECTION('',(-1.62274157257567E-16,1.,2.70456928891992E-16));
#3545=DIRECTION('',(0.,-2.70456928891992E-16,1.));
#3546=DIRECTION('',(-0.363803437426535,0.707106781186542,0.606339062667617));
#3547=DIRECTION('',(0.,-0.650944554951626,0.759125277130744));
#3548=DIRECTION('',(-0.363803437426531,-0.707106781186553,0.606339062667607));
#3549=DIRECTION('',(-0.857492925821128,7.85046229341893E-17,-0.514495755246554));
#3550=DIRECTION('',(0.486495478512269,0.699347376789207,-0.523674895297812));
#3551=DIRECTION('',(-0.514495755246554,0.,0.857492925821128));
#3552=DIRECTION('',(0.857492925821128,0.,0.514495755246554));
#3553=DIRECTION('',(0.,-1.,0.));
#3554=DIRECTION('',(0.659879190921774,0.638592872461193,0.395927514363662));
#3555=DIRECTION('',(0.580856184781397,0.814005690366396,0.000910303425149933));
#3556=DIRECTION('',(0.580856184781397,0.814005690366396,0.000910303425149933));
#3557=DIRECTION('',(-0.957746133897811,-5.46162092798832E-15,-0.287614921385864));
#3558=DIRECTION('',(-0.287614921385864,0.,0.957746133897811));
#3559=DIRECTION('',(0.287614921385864,1.64053064985556E-15,-0.957746133897811));
#3560=DIRECTION('',(5.70109207999576E-15,-1.,4.94421280401858E-18));
#3561=DIRECTION('',(5.70109207999576E-15,-1.,4.94421280401858E-18));
#3562=DIRECTION('',(-0.287614921385865,-1.63498384970334E-15,0.95774613389781));
#3563=DIRECTION('',(0.95774613389781,0.,0.287614921385865));
#3564=DIRECTION('',(-0.95774613389781,-5.46148461791148E-15,-0.287614921385865));
#3565=DIRECTION('',(5.70109207999576E-15,-1.,4.94421280401858E-18));
#3566=DIRECTION('',(0.95774613389781,5.46162092798831E-15,0.287614921385866));
#3567=DIRECTION('',(0.287614921385866,0.,-0.95774613389781));
#3568=DIRECTION('',(5.70109207999576E-15,-1.,4.94421280401858E-18));
#3569=DIRECTION('',(-0.287614921385866,-1.64053064985557E-15,0.95774613389781));
#3570=DIRECTION('',(0.287614921385863,1.63498384970333E-15,-0.957746133897811));
#3571=DIRECTION('',(-0.957746133897811,0.,-0.287614921385863));
#3572=DIRECTION('',(0.957746133897811,5.46148461791149E-15,0.287614921385863));
#3573=DIRECTION('',(0.,-1.,0.));
#3574=DIRECTION('',(0.,0.,-1.));
#3575=DIRECTION('',(0.,1.,0.));
#3576=DIRECTION('',(0.,-1.,0.));
#3577=DIRECTION('',(0.,0.,-1.));
#3578=DIRECTION('',(0.,1.,0.));
#3579=DIRECTION('',(-5.70244535776731E-15,1.,-5.81892107780199E-31));
#3580=DIRECTION('',(-1.,-5.70244535776731E-15,0.));
#3581=DIRECTION('',(-1.,0.,0.));
#3582=DIRECTION('',(0.,0.,1.));
#3583=DIRECTION('',(0.,1.,0.));
#3584=DIRECTION('',(0.,0.777145961456971,0.629320391049837));
#3585=DIRECTION('',(0.,0.207911690817759,0.978147600733806));
#3586=DIRECTION('',(0.,1.,0.));
#3587=DIRECTION('',(-1.02042557406991E-16,0.,1.));
#3588=DIRECTION('',(1.02042557406991E-16,0.,-1.));
#3589=DIRECTION('',(-1.,0.,-1.02042557406991E-16));
#3590=DIRECTION('',(0.,1.,0.));
#3591=DIRECTION('',(1.,0.,1.02042557406991E-16));
#3592=DIRECTION('',(-1.,-5.70244535776731E-15,-1.02042557406991E-16));
#3593=DIRECTION('',(1.,0.,0.));
#3594=DIRECTION('',(0.,0.,-1.));
#3595=DIRECTION('',(0.,-0.207911690817759,-0.978147600733806));
#3596=DIRECTION('',(0.,-0.777145961456971,-0.629320391049837));
#3597=DIRECTION('',(0.,5.81892107780199E-31,1.));
#3598=DIRECTION('',(0.,1.,0.));
#3599=DIRECTION('',(0.,-1.,0.));
#3600=DIRECTION('',(0.,-1.,0.));
#3601=DIRECTION('',(0.,0.,-1.));
#3602=DIRECTION('',(-5.70244535776731E-15,1.,-5.81892107780199E-31));
#3603=DIRECTION('',(-1.,-5.70244535776731E-15,0.));
#3604=DIRECTION('',(0.,1.,0.));
#3605=DIRECTION('',(-5.55111512312578E-15,0.,-1.));
#3606=DIRECTION('',(-1.,0.,5.55111512312578E-15));
#3607=DIRECTION('',(-5.55111512312578E-15,0.,-1.));
#3608=DIRECTION('',(-1.,0.,5.55111512312578E-15));
#3609=DIRECTION('',(-1.,1.20161575915252E-15,5.55111512312578E-15));
#3610=DIRECTION('',(1.,5.70244535776731E-15,-5.55111512312578E-15));
#3611=DIRECTION('',(-5.55111512312578E-15,0.,-1.));
#3612=DIRECTION('',(-1.,0.,5.55111512312578E-15));
#3613=DIRECTION('',(-1.02042557406991E-16,0.,1.));
#3614=DIRECTION('',(1.,0.,1.02042557406991E-16));
#3615=DIRECTION('',(-1.02042557406991E-16,0.,1.));
#3616=DIRECTION('',(-0.395750376313322,0.,0.918358121675778));
#3617=DIRECTION('',(1.02042557406991E-16,0.,-1.));
#3618=DIRECTION('',(-1.,0.,-1.02042557406991E-16));
#3619=DIRECTION('',(-0.591724706770885,0.80614010655525,2.23548925017482E-31));
#3620=DIRECTION('',(1.,5.70244535776731E-15,1.02042557406991E-16));
#3621=DIRECTION('',(0.80614010655525,0.591724706770885,1.6408986605339E-31));
#3622=DIRECTION('',(-0.591724706770885,0.80614010655525,0.));
#3623=DIRECTION('',(-6.30671763838205E-31,5.81892107780195E-31,1.));
#3624=DIRECTION('',(-0.591724706770885,0.80614010655525,2.23548925017482E-31));
#3625=DIRECTION('',(7.4743810996646E-46,2.7730778210842E-31,-1.));
#3626=DIRECTION('',(0.,1.,2.7730778210842E-31));
#3627=DIRECTION('',(-1.,-2.17058877683316E-16,-8.07630225923764E-46));
#3628=DIRECTION('',(-0.287614921385866,0.,0.95774613389781));
#3629=DIRECTION('',(0.349987654576153,1.99928596207015E-15,-0.936754312316887));
#3630=DIRECTION('',(-0.936754312316887,0.,-0.349987654576153));
#3631=DIRECTION('',(5.7036704846371E-15,-1.,-3.27909531494965E-18));
#3632=DIRECTION('',(0.660048089450535,0.709593045762325,0.246605411575751));
#3633=DIRECTION('',(0.936754312316887,5.34179027963994E-15,0.349987654576153));
#3634=DIRECTION('',(5.7036704846371E-15,-1.,-3.27909531494965E-18));
#3635=DIRECTION('',(1.,5.7036704846371E-15,0.));
#3636=DIRECTION('',(5.7036704846371E-15,-1.,-3.27909531494965E-18));
#3637=DIRECTION('',(5.70172896883164E-15,-1.,1.91744027541334E-18));
#3638=DIRECTION('',(-0.349987654576154,-1.99373857838369E-15,0.936754312316887));
#3639=DIRECTION('',(-0.349987654576154,-1.99928596207015E-15,0.936754312316886));
#3640=DIRECTION('',(0.936754312316886,0.,0.349987654576154));
#3641=DIRECTION('',(-0.660048089450535,-0.709593045762325,-0.246605411575751));
#3642=DIRECTION('',(-0.936754312316886,-5.34179027963994E-15,-0.349987654576154));
#3643=DIRECTION('',(0.,1.,0.));
#3644=DIRECTION('',(0.888795321087149,0.,0.458304349983275));
#3645=DIRECTION('',(0.,-1.,0.));
#3646=DIRECTION('',(0.,0.,-1.));
#3647=DIRECTION('',(0.999999833387064,0.,-0.000577257174132965));
#3648=DIRECTION('',(0.499999999999995,0.,0.866025403784441));
#3649=DIRECTION('',(-0.308534701679739,0.,0.951213087514777));
#3650=DIRECTION('',(0.,-1.,0.));
#3651=DIRECTION('',(0.,0.,1.));
#3652=DIRECTION('',(-0.672609224535091,0.707106781186548,-0.218166979789112));
#3653=DIRECTION('',(0.308534701679739,0.,-0.951213087514777));
#3654=DIRECTION('',(-0.0969680012215432,-0.376498966979843,-0.921328244765247));
#3655=DIRECTION('',(0.734199152695526,0.674512941322549,-0.0773556473024157));
#3656=DIRECTION('',(0.866136676417612,0.,-0.499807220600355));
#3657=DIRECTION('',(-0.499807220600355,0.,-0.866136676417612));
#3658=DIRECTION('',(0.499807220600355,0.,0.866136676417612));
#3659=DIRECTION('',(-0.612372435695798,0.707106781186545,0.353553390593271));
#3660=DIRECTION('',(-0.499999999999995,0.,-0.866025403784441));
#3661=DIRECTION('',(0.377802492494947,0.654591310526346,-0.654809508825281));
#3662=DIRECTION('',(-0.499999999999995,0.,-0.866025403784441));
#3663=DIRECTION('',(-0.499903610300175,0.000111294086999986,-0.866081040101027));
#3664=DIRECTION('',(0.768225369688309,-0.54855743973996,0.330021994226448));
#3665=DIRECTION('',(0.581115454130782,0.813821128363214,0.));
#3666=DIRECTION('',(0.394709859327591,-1.85330218316709E-18,-0.918805815692083));
#3667=DIRECTION('',(0.580856184781397,0.814005690366396,0.000910303425149933));
#3668=DIRECTION('',(0.394709859327591,0.,-0.918805815692083));
#3669=DIRECTION('',(0.672609224535089,0.70710678118655,0.218166979789113));
#3670=DIRECTION('',(0.308534701679742,0.,-0.951213087514776));
#3671=DIRECTION('',(-0.734191218721946,0.674531142620385,0.077272194137487));
#3672=DIRECTION('',(-0.548710399590441,0.674383900723162,-0.494088303673252));
#3673=DIRECTION('',(0.287243217757176,0.707106781186544,0.646135693064939));
#3674=DIRECTION('',(0.913773860265771,0.,-0.406223254251884));
#3675=DIRECTION('',(-0.567740216811722,0.668984458118363,-0.479719544119957));
#3676=DIRECTION('',(0.685011384667433,0.707106781186541,0.175383587818289));
#3677=DIRECTION('',(0.248029848510275,0.,-0.968752390576648));
#3678=DIRECTION('',(-0.421683796850332,0.188522459653659,0.886928439999543));
#3679=DIRECTION('',(2.12158406458557E-17,0.978147600733806,-0.207911690817759));
#3680=DIRECTION('',(1.,0.,1.02042557406991E-16));
#3681=DIRECTION('',(1.,6.73379041655512E-35,1.02042557406991E-16));
#3682=DIRECTION('',(-1.,0.,-5.30862489238923E-13));
#3683=DIRECTION('',(0.738027398140357,-0.64974166595674,-0.182075059011209));
#3684=DIRECTION('',(0.660786961385324,0.750573508500766,0.));
#3685=DIRECTION('',(0.239523566119716,1.36587004769525E-15,0.970890550614895));
#3686=DIRECTION('',(0.738027398140357,-0.64974166595674,-0.182075059011209));
#3687=DIRECTION('',(0.630828043818179,0.760155094385192,-0.155628440886523));
#3688=DIRECTION('',(-0.396927298972009,-0.636243878248503,0.66154549860315));
#3689=DIRECTION('',(-0.239523566119715,0.,-0.970890550614895));
#3690=DIRECTION('',(0.664714345607932,-0.704611743732495,0.248348805789906));
#3691=DIRECTION('',(0.727400719510357,0.686212935797493,0.));
#3692=DIRECTION('',(-0.349987654576155,0.,0.936754312316886));
#3693=DIRECTION('',(-0.349987654576156,-1.99578547611367E-15,0.936754312316886));
#3694=DIRECTION('',(-0.349987654576156,-1.99578547611367E-15,0.936754312316886));
#3695=DIRECTION('',(0.,-1.,0.));
#3696=DIRECTION('',(0.,0.,-1.));
#3697=DIRECTION('',(0.,-1.,0.));
#3698=DIRECTION('',(0.,0.,-1.));
#3699=DIRECTION('',(-0.349988417968554,0.,0.936754027099894));
#3700=DIRECTION('',(-0.349988417968554,0.,0.936754027099894));
#3701=DIRECTION('',(0.,-1.,0.));
#3702=DIRECTION('',(0.,0.,-1.));
#3703=DIRECTION('',(0.514495755246554,0.,-0.857492925821128));
#3704=DIRECTION('',(-0.258819045102828,0.,0.965925826288986));
#3705=DIRECTION('',(0.,-1.,0.));
#3706=DIRECTION('',(0.,0.,-1.));
#3707=DIRECTION('',(0.,-1.,0.));
#3708=DIRECTION('',(0.,0.,-1.));
#3709=DIRECTION('',(0.683012701892162,-0.707106781186546,0.183012701892437));
#3710=DIRECTION('',(-0.68301270189216,-0.707106781186549,-0.183012701892436));
#3711=DIRECTION('',(0.,-1.,0.));
#3712=DIRECTION('',(0.,-1.,0.));
#3713=DIRECTION('',(-1.,0.,-5.1023529366389E-15));
#3714=DIRECTION('',(-0.906422949080882,-0.422368819270831,-0.00142052359396562));
#3715=DIRECTION('',(5.30862489238923E-13,0.,-1.));
#3716=DIRECTION('',(-1.,0.,-5.30862489238923E-13));
#3717=DIRECTION('',(1.,0.,5.36959365859957E-13));
#3718=DIRECTION('',(0.,1.,0.));
#3719=DIRECTION('',(-0.999998771983161,0.,-0.00156717330576923));
#3720=DIRECTION('',(-0.00156717330576923,0.,0.999998771983161));
#3721=DIRECTION('',(0.00156717330577105,0.,-0.999998771983161));
#3722=DIRECTION('',(-0.00111034581930858,0.705708549113376,0.708501383795724));
#3723=DIRECTION('',(-0.0871557427476582,0.,-0.996194698091746));
#3724=DIRECTION('',(-0.996194698091746,0.,0.0871557427476582));
#3725=DIRECTION('',(0.996194698091746,0.,-0.0871557427476582));
#3726=DIRECTION('',(0.,1.,0.));
#3727=DIRECTION('',(0.996194698091746,5.68074583156568E-15,-0.0871557427476582));
#3728=DIRECTION('',(0.,1.,0.));
#3729=DIRECTION('',(0.,0.,1.));
#3730=DIRECTION('',(0.,-1.,0.));
#3731=DIRECTION('',(0.,0.,-1.));
#3732=DIRECTION('',(0.,1.,0.));
#3733=DIRECTION('',(0.,1.,0.));
#3734=DIRECTION('',(0.,0.,1.));
#3735=DIRECTION('',(-0.857492925821128,0.,-0.514495755246554));
#3736=DIRECTION('',(-0.514495755246554,0.,0.857492925821128));
#3737=DIRECTION('',(0.514495755246554,0.,-0.857492925821128));
#3738=DIRECTION('',(0.683012701892162,-0.707106781186546,0.183012701892437));
#3739=DIRECTION('',(0.258819045102828,0.,-0.965925826288986));
#3740=DIRECTION('',(0.719108371200304,0.69489702863871,0.00112696882723901));
#3741=DIRECTION('',(0.258819045102828,0.,-0.965925826288986));
#3742=DIRECTION('',(0.965925826288986,0.,0.258819045102828));
#3743=DIRECTION('',(0.258819045102828,0.,-0.965925826288986));
#3744=DIRECTION('',(0.,1.,0.));
#3745=DIRECTION('',(0.258819045102828,1.47590146224839E-15,-0.965925826288986));
#3746=DIRECTION('',(0.258819045102828,1.47590146224839E-15,-0.965925826288986));
#3747=DIRECTION('',(-0.965925826288986,0.,-0.258819045102828));
#3748=DIRECTION('',(0.00156717330577201,0.,-0.999998771983161));
#3749=DIRECTION('',(0.999998771983161,5.73600095427684E-15,0.00156717330577201));
#3750=DIRECTION('',(0.258819045102828,1.47590146224839E-15,-0.965925826288986));
#3751=DIRECTION('',(0.,1.,0.));
#3752=DIRECTION('',(0.,0.,1.));
#3753=DIRECTION('',(0.999998771983161,0.,0.00156717330577201));
#3754=DIRECTION('',(-5.70244535776731E-15,1.,-5.81892107780199E-31));
#3755=DIRECTION('',(-1.,-5.70244535776731E-15,0.));
#3756=DIRECTION('',(0.,1.,0.));
#3757=DIRECTION('',(0.,0.,1.));
#3758=DIRECTION('',(0.,1.,0.));
#3759=DIRECTION('',(-7.5889338136377E-5,0.,0.999999997120404));
#3760=DIRECTION('',(0.,-1.,0.));
#3761=DIRECTION('',(0.,0.,-1.));
#3762=DIRECTION('',(0.999998771983161,0.,0.00156717330577201));
#3763=DIRECTION('',(0.,-1.,0.));
#3764=DIRECTION('',(0.,0.,-1.));
#3765=DIRECTION('',(0.999998771983161,0.,0.00156717330577201));
#3766=DIRECTION('',(-0.499999999999995,0.,-0.866025403784441));
#3767=DIRECTION('',(0.866025403784441,0.,-0.499999999999995));
#3768=DIRECTION('',(-0.499999999999995,0.,-0.866025403784441));
#3769=DIRECTION('',(0.,1.,0.));
#3770=DIRECTION('',(0.612451117329278,0.70710678118654,-0.353417074972516));
#3771=DIRECTION('',(-0.499807220600355,0.,-0.866136676417612));
#3772=DIRECTION('',(-0.774376450965594,0.446796764569838,-0.448010896474467));
#3773=DIRECTION('',(0.,-1.,0.));
#3774=DIRECTION('',(0.,0.,1.));
#3775=DIRECTION('',(0.,-1.,0.));
#3776=DIRECTION('',(0.,0.,-1.));
#3777=DIRECTION('',(0.,-1.,0.));
#3778=DIRECTION('',(0.,0.,-1.));
#3779=DIRECTION('',(0.,-1.,0.));
#3780=DIRECTION('',(0.,0.,-1.));
#3781=DIRECTION('',(-0.996194698091746,0.,0.0871557427476582));
#3782=DIRECTION('',(0.,-1.,0.));
#3783=DIRECTION('',(0.,0.,-1.));
#3784=DIRECTION('',(0.,-1.,0.));
#3785=DIRECTION('',(0.,0.,-1.));
#3786=DIRECTION('',(-0.394709859327591,0.,0.918805815692083));
#3787=DIRECTION('',(-0.514495755246554,0.,0.857492925821128));
#3788=DIRECTION('',(0.00156717330577201,0.,-0.999998771983161));
#3789=DIRECTION('',(-0.999998771983161,0.,-0.00156717330577201));
#3790=DIRECTION('',(-0.999998771983161,0.,-0.00156717330577201));
#3791=DIRECTION('',(-0.436525871199071,0.879931088137008,-0.187527181773501));
#3792=DIRECTION('',(-0.394709859327591,0.,0.918805815692083));
#3793=DIRECTION('',(0.000408182462318003,0.707106781186548,0.70710666337341));
#3794=DIRECTION('',(-0.999999833387064,0.,0.000577257174132965));
#3795=DIRECTION('',(0.,1.,0.));
#3796=DIRECTION('',(0.,0.,1.));
#3797=DIRECTION('',(0.00110815887225593,-0.707106780899407,-0.707105913134653));
#3798=DIRECTION('',(-0.999998771983161,0.,-0.00156717330577201));
#3799=DIRECTION('',(0.,-1.,0.));
#3800=DIRECTION('',(0.,0.,-1.));
#3801=DIRECTION('',(0.,1.,0.));
#3802=DIRECTION('',(0.,0.,1.));
#3803=DIRECTION('',(0.,1.,0.));
#3804=DIRECTION('',(0.,0.,1.));
#3805=DIRECTION('',(0.,-1.,0.));
#3806=DIRECTION('',(0.,0.,-1.));
#3807=DIRECTION('',(0.,1.,0.));
#3808=DIRECTION('',(1.,0.,1.15009148103252E-16));
#3809=DIRECTION('',(0.,1.,0.));
#3810=DIRECTION('',(0.,0.,1.));
#3811=DIRECTION('',(7.9301961385584E-17,0.629320391049837,-0.777145961456971));
#3812=DIRECTION('',(1.,0.,1.02042557406991E-16));
#3813=DIRECTION('',(0.606339062667625,-0.707106781186533,0.36380343742654));
#3814=DIRECTION('',(-0.514495755246554,0.,0.857492925821128));
#3815=DIRECTION('',(0.606339062667602,0.707106781186558,0.363803437426529));
#3816=DIRECTION('',(0.,1.,0.));
#3817=DIRECTION('',(0.,0.,1.));
#3818=DIRECTION('',(0.0616284167162108,0.707106781186544,0.704416026402763));
#3819=DIRECTION('',(0.0616284167162193,-0.707106781186548,0.704416026402758));
#3820=DIRECTION('',(-0.996194698091746,0.,0.0871557427476582));
#3821=DIRECTION('',(0.0616284167162111,0.707106781186548,0.704416026402759));
#3822=DIRECTION('',(0.,-1.,0.));
#3823=DIRECTION('',(0.,0.,-1.));
#3824=DIRECTION('',(-5.55111512312579E-16,8.54617576515487E-16,1.));
#3825=DIRECTION('',(1.,5.93576449744307E-16,5.55111512312578E-16));
#3826=CARTESIAN_POINT('',(0.,0.,0.));
#3827=CARTESIAN_POINT('',(41.8287509666469,-8.,-23.6508300947988));
#3828=CARTESIAN_POINT('',(103.886433271123,-8.,-41.7454010795502));
#3829=CARTESIAN_POINT('',(103.544271711338,-8.,-41.6317224702411));
#3830=CARTESIAN_POINT('',(102.837155971892,-8.,-41.462086908011));
#3831=CARTESIAN_POINT('',(102.137467096141,-8.,-41.2772382354358));
#3832=CARTESIAN_POINT('',(101.786694300303,-8.,-41.1867155379413));
#3833=CARTESIAN_POINT('',(103.886478575333,-8.00022028564729,-41.7452647182854));
#3834=CARTESIAN_POINT('',(101.786729854937,-8.00021293346354,-41.1865777647808));
#3835=CARTESIAN_POINT('',(98.3068837110748,-8.,-27.6390635249317));
#3836=CARTESIAN_POINT('',(95.6466010669513,-8.,-17.2500000000001));
#3837=CARTESIAN_POINT('',(95.4635874897207,-8.,-17.2500000000001));
#3838=CARTESIAN_POINT('',(98.3457737995518,-8.00000000000009,-17.25));
#3839=CARTESIAN_POINT('',(98.3457737995518,-8.00000000000009,-21.500077515918));
#3840=CARTESIAN_POINT('',(98.3457737995518,-8.00000000000009,-21.25));
#3841=CARTESIAN_POINT('',(98.3457737995518,-8.00000000000009,-21.25));
#3842=CARTESIAN_POINT('',(100.069503865079,-8.00000000000009,-25.25));
#3843=CARTESIAN_POINT('',(98.6067937448604,-8.00000000000009,-25.25));
#3844=CARTESIAN_POINT('',(103.028388606396,-8.00000000000009,-25.25));
#3845=CARTESIAN_POINT('',(103.028388606396,-8.00000000000009,-33.25));
#3846=CARTESIAN_POINT('',(103.028388606396,-8.00000000000009,-33.25));
#3847=CARTESIAN_POINT('',(105.344726370545,-8.00000000000009,-33.25));
#3848=CARTESIAN_POINT('',(107.693998717838,-8.00000000000009,-33.25));
#3849=CARTESIAN_POINT('',(120.321819335974,-8.00000000000009,-75.3001353625818));
#3850=CARTESIAN_POINT('',(125.637158125715,-8.00000000000009,-93.));
#3851=CARTESIAN_POINT('',(155.41090843621,-8.00000000000009,-92.9999999999998));
#3852=CARTESIAN_POINT('',(122.383698424925,-8.00000000000009,-93.));
#3853=CARTESIAN_POINT('',(122.505536508131,-8.,-93.4048236290087));
#3854=CARTESIAN_POINT('',(113.481301855952,-8.,-63.4205746584853));
#3855=CARTESIAN_POINT('',(111.600500723798,-8.,-57.1713566822066));
#3856=CARTESIAN_POINT('',(112.227434434516,-8.,-59.2544293409662));
#3857=CARTESIAN_POINT('',(112.854368145234,-8.,-61.3375019997258));
#3858=CARTESIAN_POINT('',(113.481301855952,-8.,-63.4205746584853));
#3859=CARTESIAN_POINT('',(111.600500723798,-7.99999999999999,-57.1713566822066));
#3860=CARTESIAN_POINT('',(111.600500723798,-8.,-57.1713566822066));
#3861=CARTESIAN_POINT('',(110.657466463987,-8.,-55.5916808068966));
#3862=CARTESIAN_POINT('',(109.442684464054,-8.,-54.162305575631));
#3863=CARTESIAN_POINT('',(108.037107291018,-8.,-52.9777868693305));
#3864=CARTESIAN_POINT('',(108.037107291018,-8.,-52.9777868693305));
#3865=CARTESIAN_POINT('',(114.305891193738,-8.,-45.5069411320668));
#3866=CARTESIAN_POINT('',(109.753229781141,-8.00022023060894,-50.9325917302261));
#3867=CARTESIAN_POINT('',(108.385739988053,-8.,-46.3788853459029));
#3868=CARTESIAN_POINT('',(108.841571783899,-8.,-47.8967869139988));
#3869=CARTESIAN_POINT('',(109.297403579745,-8.,-49.4146884820947));
#3870=CARTESIAN_POINT('',(109.753235375591,-8.,-50.9325900501906));
#3871=CARTESIAN_POINT('',(108.38499055341,-8.00022005383994,-46.3763891813342));
#3872=CARTESIAN_POINT('',(105.276705305805,-8.,-42.3830437976757));
#3873=CARTESIAN_POINT('',(105.656261029708,-8.,-42.6103810282758));
#3874=CARTESIAN_POINT('',(106.357957766791,-8.,-43.1225647915093));
#3875=CARTESIAN_POINT('',(107.564111172731,-8.,-44.4265059973542));
#3876=CARTESIAN_POINT('',(108.13741778593,-8.,-45.5517967005884));
#3877=CARTESIAN_POINT('',(108.384991003057,-8.,-46.3763890193106));
#3878=CARTESIAN_POINT('',(105.275273955179,-8.00022021593347,-42.3821869459036));
#3879=CARTESIAN_POINT('',(103.886538352233,-8.,-41.7451343672003));
#3880=CARTESIAN_POINT('',(104.34897209972,-8.,-41.9571990084584));
#3881=CARTESIAN_POINT('',(104.811405847207,-8.,-42.1692636497165));
#3882=CARTESIAN_POINT('',(105.273839594694,-8.,-42.3813282909746));
#3883=CARTESIAN_POINT('',(137.884264292991,-16.,-41.9775919781714));
#3884=CARTESIAN_POINT('',(140.863529259057,-16.,-46.1654271403976));
#3885=CARTESIAN_POINT('',(143.471579533681,-16.,-50.6162895764833));
#3886=CARTESIAN_POINT('',(145.669788103935,-16.,-55.261634840028));
#3887=CARTESIAN_POINT('',(142.176356453798,-14.,-41.9708655176509));
#3888=CARTESIAN_POINT('',(145.155621419864,-14.,-46.1587006798771));
#3889=CARTESIAN_POINT('',(147.763671694489,-14.,-50.6095631159628));
#3890=CARTESIAN_POINT('',(149.961880264743,-14.,-55.2549083795074));
#3891=CARTESIAN_POINT('',(149.922504772745,-14.,-55.1718116386955));
#3892=CARTESIAN_POINT('',(149.252198610209,-14.1945038276598,-54.6394961461726));
#3893=CARTESIAN_POINT('',(147.668977091158,-14.7951531127577,-54.0438094319094));
#3894=CARTESIAN_POINT('',(146.094041573734,-15.5979213243835,-54.3451979231007));
#3895=CARTESIAN_POINT('',(145.396654758143,-16.,-54.6898126428154));
#3896=CARTESIAN_POINT('',(149.922504772745,-14.,-55.1718116386955));
#3897=CARTESIAN_POINT('',(145.39665475813,-16.,-54.6898126428208));
#3898=CARTESIAN_POINT('',(142.176356453798,-14.,-41.9708655176509));
#3899=CARTESIAN_POINT('',(145.728288234474,-14.,-46.9636758167163));
#3900=CARTESIAN_POINT('',(148.752581938836,-14.,-52.3303484868311));
#3901=CARTESIAN_POINT('',(151.183780342301,-14.,-57.9547283086425));
#3902=CARTESIAN_POINT('',(142.176356453798,-14.,-41.9708655176509));
#3903=CARTESIAN_POINT('',(142.176356453798,-14.,-41.9708655176509));
#3904=CARTESIAN_POINT('',(137.884264292991,-16.,-41.9775919781714));
#3905=CARTESIAN_POINT('',(137.884264292992,-16.,-41.9775919781714));
#3906=CARTESIAN_POINT('',(141.436196073668,-16.,-46.9704022772366));
#3907=CARTESIAN_POINT('',(144.46048977803,-16.,-52.3370749473518));
#3908=CARTESIAN_POINT('',(146.891688181494,-16.,-57.9614547691631));
#3909=CARTESIAN_POINT('',(143.083440057486,-16.,-18.8841371738065));
#3910=CARTESIAN_POINT('',(146.891688181494,-16.,-57.9614547691631));
#3911=CARTESIAN_POINT('',(148.823969290947,-16.,-62.4594197400445));
#3912=CARTESIAN_POINT('',(154.334940579014,-16.,-75.2878615687209));
#3913=CARTESIAN_POINT('',(147.279464437567,-16.,-58.4999999957644));
#3914=CARTESIAN_POINT('',(137.884264292992,-16.,-41.9775919781714));
#3915=CARTESIAN_POINT('',(137.457128180625,-16.,-41.3083344006619));
#3916=CARTESIAN_POINT('',(136.74033330417,-16.,-39.9186884001098));
#3917=CARTESIAN_POINT('',(136.070676353375,-16.,-37.6471270369003));
#3918=CARTESIAN_POINT('',(135.867816733326,-16.,-35.6824984966977));
#3919=CARTESIAN_POINT('',(135.928484958771,-16.,-34.1258028968396));
#3920=CARTESIAN_POINT('',(136.085484202893,-16.,-32.9458926944447));
#3921=CARTESIAN_POINT('',(136.347332214694,-16.,-31.8011240538325));
#3922=CARTESIAN_POINT('',(136.654312001543,-16.,-30.8688000660778));
#3923=CARTESIAN_POINT('',(136.916478341226,-16.,-30.2288256344821));
#3924=CARTESIAN_POINT('',(137.073666610297,-16.,-29.8789795133126));
#3925=CARTESIAN_POINT('',(137.212887520964,-16.,-29.5889905356633));
#3926=CARTESIAN_POINT('',(137.30108360766,-16.,-29.4172064849314));
#3927=CARTESIAN_POINT('',(137.435637715392,-16.,-29.1660194038531));
#3928=CARTESIAN_POINT('',(137.583125887067,-16.,-28.9007639321468));
#3929=CARTESIAN_POINT('',(137.779861106047,-16.,-28.5577094682026));
#3930=CARTESIAN_POINT('',(137.914015395982,-16.,-28.3264437787418));
#3931=CARTESIAN_POINT('',(138.114716752797,-16.,-27.979096275817));
#3932=CARTESIAN_POINT('',(138.455773191404,-16.,-27.3894065632651));
#3933=CARTESIAN_POINT('',(138.948317486624,-16.,-26.5374880834278));
#3934=CARTESIAN_POINT('',(139.537078599014,-16.,-25.5192801989057));
#3935=CARTESIAN_POINT('',(139.930022586678,-16.,-24.8396950775514));
#3936=CARTESIAN_POINT('',(140.126440008084,-16.,-24.5));
#3937=CARTESIAN_POINT('',(140.126440008072,-15.9999999999989,-24.5000000000026));
#3938=CARTESIAN_POINT('',(143.083440057486,-16.,-24.5));
#3939=CARTESIAN_POINT('',(109.959735800878,-16.,-24.5));
#3940=CARTESIAN_POINT('',(110.648089768143,-16.,-27.1885657325373));
#3941=CARTESIAN_POINT('',(115.154550994309,-16.,-44.7898549003937));
#3942=CARTESIAN_POINT('',(128.858585540749,-16.,-50.8820597137555));
#3943=CARTESIAN_POINT('',(139.294789177471,-16.,-55.5215321124421));
#3944=CARTESIAN_POINT('',(128.903019768162,-16.,-23.4836867396045));
#3945=CARTESIAN_POINT('',(150.977248648547,-16.,-91.5385774650371));
#3946=CARTESIAN_POINT('',(180.457524339241,-16.,-40.4509841806875));
#3947=CARTESIAN_POINT('',(142.503426246135,-16.,-106.223216000995));
#3948=CARTESIAN_POINT('',(157.31647869398,-16.,-106.200001352114));
#3949=CARTESIAN_POINT('',(157.533988261621,-15.9982097361726,-106.20329815791));
#3950=CARTESIAN_POINT('',(154.334940579015,-16.,-75.2878615687209));
#3951=CARTESIAN_POINT('',(155.406547838978,-16.,-77.7823495054285));
#3952=CARTESIAN_POINT('',(156.282839334035,-16.,-80.360713829509));
#3953=CARTESIAN_POINT('',(157.623468997344,-16.,-85.6224588661053));
#3954=CARTESIAN_POINT('',(158.087793860413,-16.,-88.3057873585213));
#3955=CARTESIAN_POINT('',(158.59316576339,-16.,-93.7120659274532));
#3956=CARTESIAN_POINT('',(158.634207787875,-16.,-96.4349623501837));
#3957=CARTESIAN_POINT('',(158.2920053537,-16.,-101.85401634682));
#3958=CARTESIAN_POINT('',(157.90876426609,-16.,-104.550120132859));
#3959=CARTESIAN_POINT('',(157.305580223512,-16.,-107.255919255089));
#3960=CARTESIAN_POINT('',(157.293022375325,-16.,-107.311817832544));
#3961=CARTESIAN_POINT('',(157.280372392674,-16.,-107.367695551863));
#3962=CARTESIAN_POINT('',(151.183780342301,-14.,-57.9547283086426));
#3963=CARTESIAN_POINT('',(147.279464437567,-15.9271603095365,-58.4999999957644));
#3964=CARTESIAN_POINT('',(151.522500299101,-14.,-58.7432008001308));
#3965=CARTESIAN_POINT('',(158.627032739821,-14.,-75.2811351082003));
#3966=CARTESIAN_POINT('',(158.627032739821,-14.,-75.2811351082003));
#3967=CARTESIAN_POINT('',(151.183780342301,-14.,-57.9547283086426));
#3968=CARTESIAN_POINT('',(155.41090843621,-10.2500000000001,-92.9999999999998));
#3969=CARTESIAN_POINT('',(122.383698424925,-8.00000000000009,-93.));
#3970=CARTESIAN_POINT('',(122.507296043771,-8.00000000000009,-93.4106699258668));
#3971=CARTESIAN_POINT('',(122.69948283598,-8.11372965704186,-93.7962097255467));
#3972=CARTESIAN_POINT('',(122.926359754346,-8.29594580329377,-94.1154246708471));
#3973=CARTESIAN_POINT('',(122.926359754346,-8.29594580329376,-94.1154246708471));
#3974=CARTESIAN_POINT('',(125.637158125715,-8.00000000000009,-92.9999999999999));
#3975=CARTESIAN_POINT('',(125.835914763768,-8.00000000000009,-93.6618516200931));
#3976=CARTESIAN_POINT('',(126.559944636545,-8.58693426485391,-94.7905981102027));
#3977=CARTESIAN_POINT('',(127.546096877914,-9.50887653880143,-95.1672789944257));
#3978=CARTESIAN_POINT('',(128.079729399762,-9.93340200196114,-95.2276143534368));
#3979=CARTESIAN_POINT('',(128.079729399762,-9.93340200196113,-95.2276143534368));
#3980=CARTESIAN_POINT('',(128.477639253827,-10.2500000000004,-95.2499999999999));
#3981=CARTESIAN_POINT('',(128.342023459898,-10.1461072191413,-95.25));
#3982=CARTESIAN_POINT('',(128.209492378094,-10.0403803509182,-95.2428185700288));
#3983=CARTESIAN_POINT('',(128.079729399762,-9.93340200196115,-95.2276143534367));
#3984=CARTESIAN_POINT('',(128.477639253827,-10.2500000000004,-95.2499999999999));
#3985=CARTESIAN_POINT('',(123.560280002039,-10.2500000000001,-95.25));
#3986=CARTESIAN_POINT('',(124.453773356678,-10.25,-95.25));
#3987=CARTESIAN_POINT('',(124.453773356678,-10.25,-95.25));
#3988=CARTESIAN_POINT('',(123.907277796556,-9.60409671879186,-95.2499999999999));
#3989=CARTESIAN_POINT('',(123.40156297694,-8.91394900312425,-94.967550803024));
#3990=CARTESIAN_POINT('',(123.047257768952,-8.4511007663251,-94.3514664431955));
#3991=CARTESIAN_POINT('',(123.047257768952,-8.45110076632508,-94.3514664431955));
#3992=CARTESIAN_POINT('',(123.047257768952,-8.45110076632508,-94.3514664431955));
#3993=CARTESIAN_POINT('',(123.004355581845,-8.39510430121622,-94.27693111257));
#3994=CARTESIAN_POINT('',(122.964074124325,-8.34326507770569,-94.198320835121));
#3995=CARTESIAN_POINT('',(122.926359754346,-8.29594580329377,-94.1154246708471));
#3996=CARTESIAN_POINT('',(120.033802169033,-4.19945922291438,-88.0493256486384));
#3997=CARTESIAN_POINT('',(120.296300281182,-4.19945922284486,-91.2340223515491));
#3998=CARTESIAN_POINT('',(120.558798393331,-4.19945922277534,-94.4187190544599));
#3999=CARTESIAN_POINT('',(120.82129650548,-4.19945922270582,-97.6034157573707));
#4000=CARTESIAN_POINT('',(120.826876820155,-4.19945922270434,-97.6711176147362));
#4001=CARTESIAN_POINT('',(120.832457134831,-4.19945922270286,-97.7388194721018));
#4002=CARTESIAN_POINT('',(120.838037449506,-4.19945922270138,-97.8065213294674));
#4003=CARTESIAN_POINT('',(120.842493207309,-4.1994592227002,-97.8605797646588));
#4004=CARTESIAN_POINT('',(120.846948965111,-4.19945922269902,-97.9146381998502));
#4005=CARTESIAN_POINT('',(120.851404722914,-4.19945922269783,-97.9686966350416));
#4006=CARTESIAN_POINT('',(120.855544637321,-4.19945922269674,-98.0189231744009));
#4007=CARTESIAN_POINT('',(120.859684551728,-4.19945922269564,-98.0691497137603));
#4008=CARTESIAN_POINT('',(120.863824466135,-4.19945922269454,-98.1193762531197));
#4009=CARTESIAN_POINT('',(120.880225635044,-4.19945922269018,-98.3183595834051));
#4010=CARTESIAN_POINT('',(120.896626803953,-4.19945922268582,-98.5173429136905));
#4011=CARTESIAN_POINT('',(120.913027972862,-4.19945922268146,-98.7163262439759));
#4012=CARTESIAN_POINT('',(120.959382667393,-4.19945922266914,-99.278713689852));
#4013=CARTESIAN_POINT('',(120.981160782485,-4.19945922267908,-99.8413925791692));
#4014=CARTESIAN_POINT('',(120.974665041514,-4.19945922267908,-101.190928081765));
#4015=CARTESIAN_POINT('',(120.923460378659,-4.19945922268077,-101.978844746593));
#4016=CARTESIAN_POINT('',(120.729572667027,-4.19945922268077,-103.553687566028));
#4017=CARTESIAN_POINT('',(120.588148474896,-4.19945922267893,-104.342579518499));
#4018=CARTESIAN_POINT('',(120.308308982454,-4.19945922268169,-105.525901577232));
#4019=CARTESIAN_POINT('',(120.203848368274,-4.19945922268447,-105.920482450003));
#4020=CARTESIAN_POINT('',(120.0304534757,-4.19945922267894,-106.5127303629));
#4021=CARTESIAN_POINT('',(119.96987238741,-4.19945922268332,-106.710224405484));
#4022=CARTESIAN_POINT('',(119.880456802956,-4.19945922267972,-106.988992835412));
#4023=CARTESIAN_POINT('',(119.853937341842,-4.1994592226801,-107.070218606427));
#4024=CARTESIAN_POINT('',(119.826947351076,-4.19945922268077,-107.151455801453));
#4025=CARTESIAN_POINT('',(118.767142192703,-4.19945922270713,-110.341364204357));
#4026=CARTESIAN_POINT('',(117.70733703433,-4.19945922273349,-113.531272607261));
#4027=CARTESIAN_POINT('',(116.647531875957,-4.19945922275985,-116.721181010164));
#4028=CARTESIAN_POINT('',(120.675983407559,-5.61667307073317,-87.2174728657182));
#4029=CARTESIAN_POINT('',(120.99899253821,-5.6166730706782,-90.5386320041848));
#4030=CARTESIAN_POINT('',(121.322001668861,-5.61667307062323,-93.8597911426514));
#4031=CARTESIAN_POINT('',(121.645010799513,-5.61667307056826,-97.180950281118));
#4032=CARTESIAN_POINT('',(121.651877487343,-5.61667307056709,-97.2515531244203));
#4033=CARTESIAN_POINT('',(121.658744175172,-5.61667307056592,-97.3221559677226));
#4034=CARTESIAN_POINT('',(121.665610863002,-5.61667307056475,-97.3927588110248));
#4035=CARTESIAN_POINT('',(121.671093761307,-5.61667307056382,-97.4491336193018));
#4036=CARTESIAN_POINT('',(121.676576659613,-5.61667307056288,-97.5055084275789));
#4037=CARTESIAN_POINT('',(121.682059557918,-5.61667307056195,-97.5618832358559));
#4038=CARTESIAN_POINT('',(121.687153804664,-5.61667307056108,-97.6142619537522));
#4039=CARTESIAN_POINT('',(121.692248051409,-5.61667307056021,-97.6666406716484));
#4040=CARTESIAN_POINT('',(121.697342298155,-5.61667307055935,-97.7190193895447));
#4041=CARTESIAN_POINT('',(121.717524261627,-5.6166730705559,-97.9265290419319));
#4042=CARTESIAN_POINT('',(121.7377062251,-5.61667307055246,-98.1340386943191));
#4043=CARTESIAN_POINT('',(121.757888188572,-5.61667307054901,-98.3415483467063));
#4044=CARTESIAN_POINT('',(121.814928559109,-5.61667307053928,-98.9280337735674));
#4045=CARTESIAN_POINT('',(121.846387592092,-5.61667307054683,-99.5153058905988));
#4046=CARTESIAN_POINT('',(121.860640765604,-5.61667307054683,-100.925074753486));
#4047=CARTESIAN_POINT('',(121.819404617858,-5.61667307054837,-101.748898766381));
#4048=CARTESIAN_POINT('',(121.640915080587,-5.61667307054837,-103.395427440871));
#4049=CARTESIAN_POINT('',(121.504884147956,-5.61667307054653,-104.219759781536));
#4050=CARTESIAN_POINT('',(121.230062457297,-5.61667307054929,-105.455700303595));
#4051=CARTESIAN_POINT('',(121.126755000602,-5.61667307055161,-105.867687802441));
#4052=CARTESIAN_POINT('',(120.954354786683,-5.61667307054676,-106.485752749874));
#4053=CARTESIAN_POINT('',(120.893982844542,-5.61667307055069,-106.691801750948));
#4054=CARTESIAN_POINT('',(120.804696037618,-5.61667307054741,-106.98256576556));
#4055=CARTESIAN_POINT('',(120.778194178113,-5.6166730705477,-107.067276633294));
#4056=CARTESIAN_POINT('',(120.751202170763,-5.61667307054837,-107.151989334267));
#4057=CARTESIAN_POINT('',(119.691317827985,-5.61667307057473,-110.478369037343));
#4058=CARTESIAN_POINT('',(118.631433485208,-5.61667307060109,-113.804748740418));
#4059=CARTESIAN_POINT('',(117.57154914243,-5.61667307062745,-117.131128443494));
#4060=CARTESIAN_POINT('',(121.318164646084,-7.03388691855196,-86.385620082798));
#4061=CARTESIAN_POINT('',(121.701684795238,-7.03388691851154,-89.8432416568204));
#4062=CARTESIAN_POINT('',(122.085204944392,-7.03388691847112,-93.3008632308429));
#4063=CARTESIAN_POINT('',(122.468725093546,-7.03388691843071,-96.7584848048654));
#4064=CARTESIAN_POINT('',(122.47687815453,-7.03388691842985,-96.8319886341043));
#4065=CARTESIAN_POINT('',(122.485031215514,-7.03388691842899,-96.9054924633433));
#4066=CARTESIAN_POINT('',(122.493184276498,-7.03388691842812,-96.9789962925823));
#4067=CARTESIAN_POINT('',(122.499694315306,-7.03388691842744,-97.0376874739449));
#4068=CARTESIAN_POINT('',(122.506204354114,-7.03388691842675,-97.0963786553076));
#4069=CARTESIAN_POINT('',(122.512714392922,-7.03388691842606,-97.1550698366703));
#4070=CARTESIAN_POINT('',(122.518762972006,-7.03388691842543,-97.2096007331034));
#4071=CARTESIAN_POINT('',(122.52481155109,-7.03388691842479,-97.2641316295365));
#4072=CARTESIAN_POINT('',(122.530860130175,-7.03388691842415,-97.3186625259697));
#4073=CARTESIAN_POINT('',(122.554822888211,-7.03388691842162,-97.5346985004587));
#4074=CARTESIAN_POINT('',(122.578785646247,-7.03388691841909,-97.7507344749476));
#4075=CARTESIAN_POINT('',(122.602748404283,-7.03388691841656,-97.9667704494366));
#4076=CARTESIAN_POINT('',(122.670474450825,-7.03388691840941,-98.5773538572827));
#4077=CARTESIAN_POINT('',(122.711614401698,-7.03388691841458,-99.1892192020285));
#4078=CARTESIAN_POINT('',(122.746616489694,-7.03388691841458,-100.659221425206));
#4079=CARTESIAN_POINT('',(122.715348857056,-7.03388691841597,-101.518952786168));
#4080=CARTESIAN_POINT('',(122.552257494148,-7.03388691841597,-103.237167315713));
#4081=CARTESIAN_POINT('',(122.421619821016,-7.03388691841412,-104.096940044574));
#4082=CARTESIAN_POINT('',(122.151815932141,-7.03388691841689,-105.385499029957));
#4083=CARTESIAN_POINT('',(122.049661632929,-7.03388691841875,-105.814893154878));
#4084=CARTESIAN_POINT('',(121.878256097667,-7.03388691841459,-106.458775136849));
#4085=CARTESIAN_POINT('',(121.818093301674,-7.03388691841806,-106.673379096413));
#4086=CARTESIAN_POINT('',(121.72893527228,-7.0338869184151,-106.976138695708));
#4087=CARTESIAN_POINT('',(121.702451014384,-7.03388691841529,-107.06433466016));
#4088=CARTESIAN_POINT('',(121.67545699045,-7.03388691841597,-107.152522867082));
#4089=CARTESIAN_POINT('',(120.615493463267,-7.03388691844233,-110.615373870329));
#4090=CARTESIAN_POINT('',(119.555529936085,-7.03388691846869,-114.078224873576));
#4091=CARTESIAN_POINT('',(118.495566408903,-7.03388691849505,-117.541075876823));
#4092=CARTESIAN_POINT('',(121.960345884609,-8.45110076637075,-85.5537672998778));
#4093=CARTESIAN_POINT('',(122.404377052266,-8.45110076634488,-89.1478513094561));
#4094=CARTESIAN_POINT('',(122.848408219922,-8.45110076631902,-92.7419353190344));
#4095=CARTESIAN_POINT('',(123.292439387579,-8.45110076629315,-96.3360193286128));
#4096=CARTESIAN_POINT('',(123.301878821717,-8.4511007662926,-96.4124241437884));
#4097=CARTESIAN_POINT('',(123.311318255856,-8.45110076629205,-96.488828958964));
#4098=CARTESIAN_POINT('',(123.320757689994,-8.4511007662915,-96.5652337741397));
#4099=CARTESIAN_POINT('',(123.328294869305,-8.45110076629106,-96.626241328588));
#4100=CARTESIAN_POINT('',(123.335832048616,-8.45110076629062,-96.6872488830363));
#4101=CARTESIAN_POINT('',(123.343369227926,-8.45110076629018,-96.7482564374847));
#4102=CARTESIAN_POINT('',(123.350372139349,-8.45110076628977,-96.8049395124547));
#4103=CARTESIAN_POINT('',(123.357375050772,-8.45110076628936,-96.8616225874247));
#4104=CARTESIAN_POINT('',(123.364377962195,-8.45110076628896,-96.9183056623947));
#4105=CARTESIAN_POINT('',(123.392121514794,-8.45110076628734,-97.1428679589854));
#4106=CARTESIAN_POINT('',(123.419865067394,-8.45110076628572,-97.3674302555762));
#4107=CARTESIAN_POINT('',(123.447608619993,-8.45110076628411,-97.591992552167));
#4108=CARTESIAN_POINT('',(123.526020342541,-8.45110076627954,-98.2266739409981));
#4109=CARTESIAN_POINT('',(123.576841211304,-8.45110076628233,-98.8631325134581));
#4110=CARTESIAN_POINT('',(123.632592213785,-8.45110076628233,-100.393368096926));
#4111=CARTESIAN_POINT('',(123.611293096255,-8.45110076628356,-101.289006805956));
#4112=CARTESIAN_POINT('',(123.463599907709,-8.45110076628356,-103.078907190555));
#4113=CARTESIAN_POINT('',(123.338355494076,-8.45110076628172,-103.974120307611));
#4114=CARTESIAN_POINT('',(123.073569406984,-8.45110076628449,-105.31529775632));
#4115=CARTESIAN_POINT('',(122.972568265257,-8.45110076628589,-105.762098507316));
#4116=CARTESIAN_POINT('',(122.80215740865,-8.45110076628241,-106.431797523823));
#4117=CARTESIAN_POINT('',(122.742203758805,-8.45110076628542,-106.654956441877));
#4118=CARTESIAN_POINT('',(122.653174506942,-8.4511007662828,-106.969711625856));
#4119=CARTESIAN_POINT('',(122.626707850656,-8.45110076628289,-107.061392687027));
#4120=CARTESIAN_POINT('',(122.599711810137,-8.45110076628356,-107.153056399896));
#4121=CARTESIAN_POINT('',(121.53966909855,-8.45110076630992,-110.752378703315));
#4122=CARTESIAN_POINT('',(120.479626386963,-8.45110076633629,-114.351701006733));
#4123=CARTESIAN_POINT('',(119.419583675376,-8.45110076636265,-117.951023310152));
#4124=CARTESIAN_POINT('',(122.608638762659,-9.88180223987321,-84.7139977731456));
#4125=CARTESIAN_POINT('',(123.113756832244,-9.88180223986203,-88.4458429314228));
#4126=CARTESIAN_POINT('',(123.61887490183,-9.88180223985085,-92.1776880897001));
#4127=CARTESIAN_POINT('',(124.123992971416,-9.88180223983967,-95.9095332479773));
#4128=CARTESIAN_POINT('',(124.134731021124,-9.88180223983943,-95.9888666577758));
#4129=CARTESIAN_POINT('',(124.145469070831,-9.8818022398392,-96.0682000675744));
#4130=CARTESIAN_POINT('',(124.156207120539,-9.88180223983896,-96.1475334773729));
#4131=CARTESIAN_POINT('',(124.16478121565,-9.88180223983877,-96.210879449832));
#4132=CARTESIAN_POINT('',(124.17335531076,-9.88180223983858,-96.2742254222911));
#4133=CARTESIAN_POINT('',(124.181929405871,-9.88180223983839,-96.3375713947501));
#4134=CARTESIAN_POINT('',(124.189895732014,-9.88180223983822,-96.3964271305424));
#4135=CARTESIAN_POINT('',(124.197862058157,-9.88180223983804,-96.4552828663347));
#4136=CARTESIAN_POINT('',(124.205828384301,-9.88180223983787,-96.514138602127));
#4137=CARTESIAN_POINT('',(124.237388713289,-9.88180223983717,-96.747308365836));
#4138=CARTESIAN_POINT('',(124.268949042278,-9.88180223983648,-96.980478129545));
#4139=CARTESIAN_POINT('',(124.300509371267,-9.88180223983579,-97.213647893254));
#4140=CARTESIAN_POINT('',(124.38970846541,-9.88180223983383,-97.8726566035805));
#4141=CARTESIAN_POINT('',(124.45030238537,-9.88180223983421,-98.5339424575289));
#4142=CARTESIAN_POINT('',(124.526999769775,-9.88180223983421,-100.124984642241));
#4143=CARTESIAN_POINT('',(124.515764037722,-9.8818022398353,-101.056872429607));
#4144=CARTESIAN_POINT('',(124.38361556798,-9.8818022398353,-102.91914090362));
#4145=CARTESIAN_POINT('',(124.263815741503,-9.88180223983345,-103.850131695082));
#4146=CARTESIAN_POINT('',(124.00409521062,-9.88180223983621,-105.244428377087));
#4147=CARTESIAN_POINT('',(123.904258200977,-9.88180223983715,-105.708801413037));
#4148=CARTESIAN_POINT('',(123.734851489384,-9.88180223983437,-106.404563164826));
#4149=CARTESIAN_POINT('',(123.675108976132,-9.88180223983692,-106.636358458919));
#4150=CARTESIAN_POINT('',(123.586209727375,-9.88180223983462,-106.963223389574));
#4151=CARTESIAN_POINT('',(123.559760840212,-9.88180223983462,-107.058422715132));
#4152=CARTESIAN_POINT('',(123.532762763917,-9.88180223983529,-107.153595010343));
#4153=CARTESIAN_POINT('',(122.472640114327,-9.88180223986165,-110.89068741144));
#4154=CARTESIAN_POINT('',(121.412517464738,-9.88180223988801,-114.627779812538));
#4155=CARTESIAN_POINT('',(120.352394815148,-9.88180223991438,-118.364872213636));
#4156=CARTESIAN_POINT('',(123.41433815454,-11.1359148474981,-83.6703192468157));
#4157=CARTESIAN_POINT('',(123.995378250951,-11.1359148474721,-87.5733762660444));
#4158=CARTESIAN_POINT('',(124.576418347362,-11.1359148474462,-91.4764332852732));
#4159=CARTESIAN_POINT('',(125.157458443773,-11.1359148474202,-95.3794903045019));
#4160=CARTESIAN_POINT('',(125.169810481471,-11.1359148474197,-95.462463420706));
#4161=CARTESIAN_POINT('',(125.182162519169,-11.1359148474191,-95.5454365369102));
#4162=CARTESIAN_POINT('',(125.194514556867,-11.1359148474186,-95.6284096531143));
#4163=CARTESIAN_POINT('',(125.204377385678,-11.1359148474182,-95.6946618506091));
#4164=CARTESIAN_POINT('',(125.214240214488,-11.1359148474177,-95.760914048104));
#4165=CARTESIAN_POINT('',(125.224103043299,-11.1359148474173,-95.8271662455988));
#4166=CARTESIAN_POINT('',(125.233266752121,-11.1359148474169,-95.8887222006192));
#4167=CARTESIAN_POINT('',(125.242430460943,-11.1359148474165,-95.9502781556396));
#4168=CARTESIAN_POINT('',(125.251594169765,-11.135914847416,-96.01183411066));
#4169=CARTESIAN_POINT('',(125.287898189958,-11.1359148474144,-96.2557013785443));
#4170=CARTESIAN_POINT('',(125.324202210152,-11.1359148474128,-96.4995686464287));
#4171=CARTESIAN_POINT('',(125.360506230345,-11.1359148474112,-96.7434359143131));
#4172=CARTESIAN_POINT('',(125.46311243943,-11.1359148474066,-97.4326790268973));
#4173=CARTESIAN_POINT('',(125.535852022482,-11.1359148474099,-98.1248204995472));
#4174=CARTESIAN_POINT('',(125.638581860266,-11.1359148474099,-99.7914339699388));
#4175=CARTESIAN_POINT('',(125.639853042959,-11.1359148474108,-100.768372613592));
#4176=CARTESIAN_POINT('',(125.527023764949,-11.1359148474108,-102.720581150826));
#4177=CARTESIAN_POINT('',(125.413990546741,-11.1359148474089,-103.696036931256));
#4178=CARTESIAN_POINT('',(125.160565559211,-11.1359148474117,-105.156350931636));
#4179=CARTESIAN_POINT('',(125.062175349039,-11.1359148474126,-105.64256304656));
#4180=CARTESIAN_POINT('',(124.894016602773,-11.1359148474098,-106.3707159265));
#4181=CARTESIAN_POINT('',(124.834536493001,-11.1359148474122,-106.613244628274));
#4182=CARTESIAN_POINT('',(124.745798813901,-11.1359148474102,-106.955159719715));
#4183=CARTESIAN_POINT('',(124.719372009591,-11.1359148474101,-107.054731592345));
#4184=CARTESIAN_POINT('',(124.692371404066,-11.1359148474108,-107.154264402861));
#4185=CARTESIAN_POINT('',(123.632149440205,-11.1359148474371,-111.062579412113));
#4186=CARTESIAN_POINT('',(122.571927476344,-11.1359148474635,-114.970894421365));
#4187=CARTESIAN_POINT('',(121.511705512482,-11.1359148474899,-118.879209430617));
#4188=CARTESIAN_POINT('',(124.354654015846,-12.1779699708991,-82.4522486993793));
#4189=CARTESIAN_POINT('',(125.024305057888,-12.1779699708879,-86.5551261569651));
#4190=CARTESIAN_POINT('',(125.69395609993,-12.1779699708767,-90.658003614551));
#4191=CARTESIAN_POINT('',(126.363607141972,-12.1779699708655,-94.7608810721369));
#4192=CARTESIAN_POINT('',(126.377842914971,-12.1779699708653,-94.8481020700322));
#4193=CARTESIAN_POINT('',(126.39207868797,-12.1779699708651,-94.9353230679276));
#4194=CARTESIAN_POINT('',(126.406314460969,-12.1779699708648,-95.0225440658229));
#4195=CARTESIAN_POINT('',(126.41768141074,-12.1779699708646,-95.0921881028631));
#4196=CARTESIAN_POINT('',(126.429048360511,-12.1779699708644,-95.1618321399032));
#4197=CARTESIAN_POINT('',(126.440415310281,-12.1779699708643,-95.2314761769434));
#4198=CARTESIAN_POINT('',(126.45097652146,-12.1779699708641,-95.2961835432434));
#4199=CARTESIAN_POINT('',(126.461537732639,-12.1779699708639,-95.3608909095435));
#4200=CARTESIAN_POINT('',(126.472098943818,-12.1779699708637,-95.4255982758436));
#4201=CARTESIAN_POINT('',(126.51393947273,-12.177969970863,-95.6819505430835));
#4202=CARTESIAN_POINT('',(126.555780001642,-12.1779699708623,-95.9383028103233));
#4203=CARTESIAN_POINT('',(126.597620530554,-12.1779699708617,-96.1946550775632));
#4204=CARTESIAN_POINT('',(126.715874598145,-12.1779699708597,-96.9191845977537));
#4205=CARTESIAN_POINT('',(126.802788776255,-12.1779699708606,-97.6473373632402));
#4206=CARTESIAN_POINT('',(126.935900893087,-12.1779699708606,-99.4021495083695));
#4207=CARTESIAN_POINT('',(126.951768801188,-12.1779699708613,-100.431666664941));
#4208=CARTESIAN_POINT('',(126.861486805401,-12.1779699708613,-102.488843568286));
#4209=CARTESIAN_POINT('',(126.756350844411,-12.1779699708595,-103.516194100325));
#4210=CARTESIAN_POINT('',(126.510273337839,-12.1779699708622,-105.053556412613));
#4211=CARTESIAN_POINT('',(126.413571676365,-12.1779699708627,-105.565256751079));
#4212=CARTESIAN_POINT('',(126.246869420959,-12.1779699708606,-106.33121307119));
#4213=CARTESIAN_POINT('',(126.187695560302,-12.1779699708625,-106.586268651721));
#4214=CARTESIAN_POINT('',(126.099146447928,-12.1779699708608,-106.945748671738));
#4215=CARTESIAN_POINT('',(126.07274541526,-12.1779699708606,-107.050423710205));
#4216=CARTESIAN_POINT('',(126.045741858977,-12.1779699708613,-107.155045645795));
#4217=CARTESIAN_POINT('',(124.985404028889,-12.1779699708877,-111.263193291231));
#4218=CARTESIAN_POINT('',(123.925066198802,-12.177969970914,-115.371340936668));
#4219=CARTESIAN_POINT('',(122.864728368715,-12.1779699709404,-119.479488582104));
#4220=CARTESIAN_POINT('',(125.28610525473,-13.2102013472036,-81.2456612460085));
#4221=CARTESIAN_POINT('',(126.043531882066,-13.2102013472071,-85.5464753784086));
#4222=CARTESIAN_POINT('',(126.800958509401,-13.2102013472105,-89.8472895108088));
#4223=CARTESIAN_POINT('',(127.558385136736,-13.210201347214,-94.1481036432089));
#4224=CARTESIAN_POINT('',(127.574486886533,-13.210201347214,-94.2395324768186));
#4225=CARTESIAN_POINT('',(127.59058863633,-13.2102013472141,-94.3309613104282));
#4226=CARTESIAN_POINT('',(127.606690386127,-13.2102013472142,-94.4223901440378));
#4227=CARTESIAN_POINT('',(127.619547277085,-13.2102013472143,-94.4953940447967));
#4228=CARTESIAN_POINT('',(127.632404168044,-13.2102013472143,-94.5683979455557));
#4229=CARTESIAN_POINT('',(127.645261059003,-13.2102013472144,-94.6414018463146));
#4230=CARTESIAN_POINT('',(127.65720659789,-13.2102013472144,-94.7092309146528));
#4231=CARTESIAN_POINT('',(127.669152136778,-13.2102013472145,-94.7770599829909));
#4232=CARTESIAN_POINT('',(127.681097675666,-13.2102013472145,-94.8448890513291));
#4233=CARTESIAN_POINT('',(127.728422519069,-13.2102013472148,-95.1136086183197));
#4234=CARTESIAN_POINT('',(127.775747362473,-13.210201347215,-95.3823281853103));
#4235=CARTESIAN_POINT('',(127.823072205877,-13.2102013472152,-95.6510477523009));
#4236=CARTESIAN_POINT('',(127.956826615205,-13.2102013472158,-96.4105310251962));
#4237=CARTESIAN_POINT('',(128.057781760475,-13.2102013472145,-97.174355594921));
#4238=CARTESIAN_POINT('',(128.220989734054,-13.2102013472145,-99.016534941044));
#4239=CARTESIAN_POINT('',(128.251316760122,-13.2102013472149,-100.098134938087));
#4240=CARTESIAN_POINT('',(128.183369486978,-13.2102013472149,-102.259290641194));
#4241=CARTESIAN_POINT('',(128.086056333538,-13.2102013472131,-103.338046698406));
#4242=CARTESIAN_POINT('',(127.847257041154,-13.2102013472158,-104.951730966469));
#4243=CARTESIAN_POINT('',(127.752228009953,-13.2102013472159,-105.488679243815));
#4244=CARTESIAN_POINT('',(127.586968514657,-13.2102013472145,-106.292082620421));
#4245=CARTESIAN_POINT('',(127.528098016018,-13.2102013472159,-106.559546985296));
#4246=CARTESIAN_POINT('',(127.439735692698,-13.2102013472145,-106.936426344361));
#4247=CARTESIAN_POINT('',(127.413360188716,-13.2102013472142,-107.046156439684));
#4248=CARTESIAN_POINT('',(127.386353709493,-13.2102013472149,-107.155819523733));
#4249=CARTESIAN_POINT('',(126.325901105483,-13.2102013472413,-111.461915926818));
#4250=CARTESIAN_POINT('',(125.265448501473,-13.2102013472676,-115.768012329903));
#4251=CARTESIAN_POINT('',(124.204995897463,-13.210201347294,-120.074108732988));
#4252=CARTESIAN_POINT('',(126.217556493614,-14.2424327235082,-80.0390737926378));
#4253=CARTESIAN_POINT('',(127.062758706243,-14.2424327235262,-84.5378245998522));
#4254=CARTESIAN_POINT('',(127.907960918872,-14.2424327235443,-89.0365754070666));
#4255=CARTESIAN_POINT('',(128.7531631315,-14.2424327235624,-93.535326214281));
#4256=CARTESIAN_POINT('',(128.771130858095,-14.2424327235628,-93.6309628836049));
#4257=CARTESIAN_POINT('',(128.789098584689,-14.2424327235632,-93.7265995529288));
#4258=CARTESIAN_POINT('',(128.807066311284,-14.2424327235636,-93.8222362222527));
#4259=CARTESIAN_POINT('',(128.821413143431,-14.2424327235639,-93.8985999867304));
#4260=CARTESIAN_POINT('',(128.835759975578,-14.2424327235642,-93.9749637512081));
#4261=CARTESIAN_POINT('',(128.850106807724,-14.2424327235645,-94.0513275156858));
#4262=CARTESIAN_POINT('',(128.863436674321,-14.2424327235648,-94.1222782860621));
#4263=CARTESIAN_POINT('',(128.876766540917,-14.2424327235651,-94.1932290564383));
#4264=CARTESIAN_POINT('',(128.890096407513,-14.2424327235653,-94.2641798268146));
#4265=CARTESIAN_POINT('',(128.942905565409,-14.2424327235665,-94.5452666935559));
#4266=CARTESIAN_POINT('',(128.995714723305,-14.2424327235676,-94.8263535602972));
#4267=CARTESIAN_POINT('',(129.0485238812,-14.2424327235688,-95.1074404270385));
#4268=CARTESIAN_POINT('',(129.197778632266,-14.242432723572,-95.9018774526388));
#4269=CARTESIAN_POINT('',(129.312774744695,-14.2424327235683,-96.7013738266018));
#4270=CARTESIAN_POINT('',(129.506078575022,-14.2424327235683,-98.6309203737185));
#4271=CARTESIAN_POINT('',(129.550864719056,-14.2424327235686,-99.7646032112317));
#4272=CARTESIAN_POINT('',(129.505252168556,-14.2424327235686,-102.029737714103));
#4273=CARTESIAN_POINT('',(129.415761822666,-14.2424327235667,-103.159899296487));
#4274=CARTESIAN_POINT('',(129.184240744468,-14.2424327235695,-104.849905520325));
#4275=CARTESIAN_POINT('',(129.090884343541,-14.242432723569,-105.412101736551));
#4276=CARTESIAN_POINT('',(128.927067608355,-14.2424327235683,-106.252952169653));
#4277=CARTESIAN_POINT('',(128.868500471735,-14.2424327235692,-106.53282531887));
#4278=CARTESIAN_POINT('',(128.780324937469,-14.2424327235683,-106.927104016984));
#4279=CARTESIAN_POINT('',(128.753974962172,-14.2424327235679,-107.041889169162));
#4280=CARTESIAN_POINT('',(128.726965560008,-14.2424327235685,-107.15659340167));
#4281=CARTESIAN_POINT('',(127.666398182076,-14.2424327235949,-111.660638562404));
#4282=CARTESIAN_POINT('',(126.605830804144,-14.2424327236213,-116.164683723138));
#4283=CARTESIAN_POINT('',(125.545263426211,-14.2424327236476,-120.668728883872));
#4284=CARTESIAN_POINT('',(127.149007732498,-15.2746640998127,-78.832486339267));
#4285=CARTESIAN_POINT('',(128.08198553042,-15.2746640998454,-83.5291738212957));
#4286=CARTESIAN_POINT('',(129.014963328342,-15.2746640998781,-88.2258613033244));
#4287=CARTESIAN_POINT('',(129.947941126264,-15.2746640999108,-92.922548785353));
#4288=CARTESIAN_POINT('',(129.967774829656,-15.2746640999115,-93.0223932903912));
#4289=CARTESIAN_POINT('',(129.987608533049,-15.2746640999122,-93.1222377954294));
#4290=CARTESIAN_POINT('',(130.007442236441,-15.2746640999129,-93.2220823004676));
#4291=CARTESIAN_POINT('',(130.023279009776,-15.2746640999135,-93.3018059286641));
#4292=CARTESIAN_POINT('',(130.039115783111,-15.274664099914,-93.3815295568605));
#4293=CARTESIAN_POINT('',(130.054952556446,-15.2746640999146,-93.461253185057));
#4294=CARTESIAN_POINT('',(130.069666750751,-15.2746640999151,-93.5353256574714));
#4295=CARTESIAN_POINT('',(130.084380945056,-15.2746640999156,-93.6093981298857));
#4296=CARTESIAN_POINT('',(130.099095139361,-15.2746640999162,-93.6834706023001));
#4297=CARTESIAN_POINT('',(130.157388611748,-15.2746640999182,-93.9769247687921));
#4298=CARTESIAN_POINT('',(130.215682084136,-15.2746640999203,-94.2703789352842));
#4299=CARTESIAN_POINT('',(130.273975556523,-15.2746640999223,-94.5638331017762));
#4300=CARTESIAN_POINT('',(130.438730649326,-15.2746640999281,-95.3932238800814));
#4301=CARTESIAN_POINT('',(130.567767728914,-15.2746640999221,-96.2283920582826));
#4302=CARTESIAN_POINT('',(130.791167415989,-15.2746640999221,-98.245305806393));
#4303=CARTESIAN_POINT('',(130.850412677989,-15.2746640999222,-99.4310714843769));
#4304=CARTESIAN_POINT('',(130.827134850134,-15.2746640999222,-101.800184787011));
#4305=CARTESIAN_POINT('',(130.745467311794,-15.2746640999203,-102.981751894568));
#4306=CARTESIAN_POINT('',(130.521224447783,-15.2746640999231,-104.748080074181));
#4307=CARTESIAN_POINT('',(130.429540677129,-15.2746640999222,-105.335524229288));
#4308=CARTESIAN_POINT('',(130.267166702054,-15.2746640999222,-106.213821718884));
#4309=CARTESIAN_POINT('',(130.208902927452,-15.2746640999226,-106.506103652444));
#4310=CARTESIAN_POINT('',(130.12091418224,-15.274664099922,-106.917781689606));
#4311=CARTESIAN_POINT('',(130.094589735628,-15.2746640999215,-107.03762189864));
#4312=CARTESIAN_POINT('',(130.067577410524,-15.2746640999222,-107.157367279607));
#4313=CARTESIAN_POINT('',(129.006895258669,-15.2746640999485,-111.85936119799));
#4314=CARTESIAN_POINT('',(127.946213106815,-15.2746640999749,-116.561355116373));
#4315=CARTESIAN_POINT('',(126.88553095496,-15.2746641000013,-121.263349034756));
#4316=CARTESIAN_POINT('',(126.223651541957,-12.,-95.2499999999999));
#4317=CARTESIAN_POINT('',(125.581634062946,-11.4693160764351,-95.2499999999999));
#4318=CARTESIAN_POINT('',(124.991782729648,-10.885873453837,-95.25));
#4319=CARTESIAN_POINT('',(124.453773356678,-10.25,-95.25));
#4320=CARTESIAN_POINT('',(126.223651541957,-12.,-95.2499999999999));
#4321=CARTESIAN_POINT('',(126.223651541957,-12.,-95.2499999999999));
#4322=CARTESIAN_POINT('',(126.384628016635,-12.,-96.2504097180729));
#4323=CARTESIAN_POINT('',(126.697198496603,-12.,-98.251900826478));
#4324=CARTESIAN_POINT('',(126.771715185598,-12.,-102.249874433963));
#4325=CARTESIAN_POINT('',(126.30968470971,-12.,-105.269641955778));
#4326=CARTESIAN_POINT('',(125.796600873734,-12.,-107.241364367553));
#4327=CARTESIAN_POINT('',(125.796600873734,-11.9999999999999,-107.241364367553));
#4328=CARTESIAN_POINT('',(122.574251904498,-8.45110076628421,-107.239504243183));
#4329=CARTESIAN_POINT('',(123.458871550161,-9.80612746619401,-107.240014896305));
#4330=CARTESIAN_POINT('',(124.533039552141,-10.9890469537256,-107.240634967594));
#4331=CARTESIAN_POINT('',(125.796600873734,-11.9999999999999,-107.241364367553));
#4332=CARTESIAN_POINT('',(122.574251904498,-8.45110076628421,-107.239504243183));
#4333=CARTESIAN_POINT('',(113.489885434491,-8.45110076686424,-16.9920340680395));
#4334=CARTESIAN_POINT('',(114.301130459159,-8.45110076681698,-23.5584262131749));
#4335=CARTESIAN_POINT('',(115.112375483827,-8.45110076676971,-30.1248183583103));
#4336=CARTESIAN_POINT('',(115.923620508495,-8.45110076672245,-36.6912105034458));
#4337=CARTESIAN_POINT('',(116.547655142856,-8.4511007666861,-41.7422813843192));
#4338=CARTESIAN_POINT('',(117.171689777216,-8.45110076664974,-46.7933522651926));
#4339=CARTESIAN_POINT('',(117.795724411576,-8.45110076661339,-51.844423146066));
#4340=CARTESIAN_POINT('',(118.275751053392,-8.45110076658542,-55.7298622851994));
#4341=CARTESIAN_POINT('',(118.755777695207,-8.45110076655746,-59.6153014243328));
#4342=CARTESIAN_POINT('',(119.235804337023,-8.45110076652949,-63.5007405634661));
#4343=CARTESIAN_POINT('',(119.605055599958,-8.45110076650798,-66.4895399012611));
#4344=CARTESIAN_POINT('',(119.974306862893,-8.45110076648647,-69.478339239056));
#4345=CARTESIAN_POINT('',(120.343558125828,-8.45110076646496,-72.4671385768509));
#4346=CARTESIAN_POINT('',(120.627597558855,-8.45110076644841,-74.7662149905393));
#4347=CARTESIAN_POINT('',(120.911636991882,-8.45110076643186,-77.0652914042277));
#4348=CARTESIAN_POINT('',(121.195676424909,-8.45110076641531,-79.3643678179161));
#4349=CARTESIAN_POINT('',(121.414168296468,-8.45110076640258,-81.132888136138));
#4350=CARTESIAN_POINT('',(121.632660168027,-8.45110076638985,-82.9014084543598));
#4351=CARTESIAN_POINT('',(121.851152039586,-8.45110076637713,-84.6699287725816));
#4352=CARTESIAN_POINT('',(122.019222710016,-8.45110076636733,-86.0303290173677));
#4353=CARTESIAN_POINT('',(122.187293380446,-8.45110076635754,-87.3907292621537));
#4354=CARTESIAN_POINT('',(122.355364050877,-8.45110076634775,-88.7511295069397));
#4355=CARTESIAN_POINT('',(122.484649181977,-8.45110076634022,-89.7975912336982));
#4356=CARTESIAN_POINT('',(122.613934313077,-8.45110076633268,-90.8440529604567));
#4357=CARTESIAN_POINT('',(122.743219444177,-8.45110076632515,-91.8905146872152));
#4358=CARTESIAN_POINT('',(122.842669545023,-8.45110076631936,-92.6954852462602));
#4359=CARTESIAN_POINT('',(122.942119645869,-8.45110076631356,-93.5004558053052));
#4360=CARTESIAN_POINT('',(123.041569746716,-8.45110076630777,-94.3054263643502));
#4361=CARTESIAN_POINT('',(123.11806982429,-8.45110076630331,-94.9246344866925));
#4362=CARTESIAN_POINT('',(123.194569901864,-8.45110076629886,-95.5438426090348));
#4363=CARTESIAN_POINT('',(123.271069979438,-8.4511007662944,-96.1630507313771));
#4364=CARTESIAN_POINT('',(123.329916192956,-8.45110076629097,-96.6393646716404));
#4365=CARTESIAN_POINT('',(123.388762406475,-8.45110076628755,-97.1156786119037));
#4366=CARTESIAN_POINT('',(123.447608619993,-8.45110076628412,-97.591992552167));
#4367=CARTESIAN_POINT('',(123.526020342529,-8.45110076627955,-98.2266739410037));
#4368=CARTESIAN_POINT('',(123.576841211304,-8.45110076628234,-98.8631325134529));
#4369=CARTESIAN_POINT('',(123.632592213785,-8.45110076628234,-100.393368096934));
#4370=CARTESIAN_POINT('',(123.611293096255,-8.45110076628358,-101.289006805956));
#4371=CARTESIAN_POINT('',(123.463599907709,-8.45110076628358,-103.078907190555));
#4372=CARTESIAN_POINT('',(123.338355494076,-8.45110076628173,-103.974120307611));
#4373=CARTESIAN_POINT('',(123.073569406984,-8.4511007662845,-105.31529775632));
#4374=CARTESIAN_POINT('',(122.972568265257,-8.4511007662859,-105.762098507316));
#4375=CARTESIAN_POINT('',(122.80215740865,-8.45110076628242,-106.431797523823));
#4376=CARTESIAN_POINT('',(122.742203758805,-8.45110076628543,-106.654956441877));
#4377=CARTESIAN_POINT('',(122.653174506942,-8.45110076628281,-106.969711625856));
#4378=CARTESIAN_POINT('',(122.626707850656,-8.4511007662829,-107.061392687027));
#4379=CARTESIAN_POINT('',(122.599711810137,-8.45110076628357,-107.153056399896));
#4380=CARTESIAN_POINT('',(122.459227302971,-8.45110076628707,-107.630064556643));
#4381=CARTESIAN_POINT('',(122.318742795804,-8.45110076629056,-108.107072713391));
#4382=CARTESIAN_POINT('',(122.178258288638,-8.45110076629406,-108.584080870138));
#4383=CARTESIAN_POINT('',(121.995628429322,-8.4511007662986,-109.20419147391));
#4384=CARTESIAN_POINT('',(121.812998570006,-8.45110076630314,-109.824302077682));
#4385=CARTESIAN_POINT('',(121.63036871069,-8.45110076630768,-110.444412681454));
#4386=CARTESIAN_POINT('',(121.392949893579,-8.45110076631358,-111.250556466357));
#4387=CARTESIAN_POINT('',(121.155531076469,-8.45110076631949,-112.05670025126));
#4388=CARTESIAN_POINT('',(120.918112259358,-8.45110076632539,-112.862844036164));
#4389=CARTESIAN_POINT('',(120.609467797114,-8.45110076633306,-113.910830956538));
#4390=CARTESIAN_POINT('',(120.30082333487,-8.45110076634074,-114.958817876912));
#4391=CARTESIAN_POINT('',(119.992178872626,-8.45110076634841,-116.006804797286));
#4392=CARTESIAN_POINT('',(119.590941071709,-8.45110076635839,-117.369187793773));
#4393=CARTESIAN_POINT('',(119.189703270791,-8.45110076636837,-118.731570790259));
#4394=CARTESIAN_POINT('',(118.788465469874,-8.45110076637834,-120.093953786746));
#4395=CARTESIAN_POINT('',(118.266856328682,-8.45110076639131,-121.865051682179));
#4396=CARTESIAN_POINT('',(117.745247187489,-8.45110076640428,-123.636149577611));
#4397=CARTESIAN_POINT('',(117.223638046297,-8.45110076641725,-125.407247473044));
#4398=CARTESIAN_POINT('',(116.545546162747,-8.45110076643411,-127.709674737106));
#4399=CARTESIAN_POINT('',(115.867454279197,-8.45110076645097,-130.012102001168));
#4400=CARTESIAN_POINT('',(115.189362395647,-8.45110076646783,-132.314529265231));
#4401=CARTESIAN_POINT('',(114.307842947031,-8.45110076648975,-135.307684708511));
#4402=CARTESIAN_POINT('',(113.426323498416,-8.45110076651167,-138.300840151792));
#4403=CARTESIAN_POINT('',(112.544804049801,-8.45110076653358,-141.293995595073));
#4404=CARTESIAN_POINT('',(111.398828766601,-8.45110076656208,-145.185097671339));
#4405=CARTESIAN_POINT('',(110.252853483402,-8.45110076659057,-149.076199747604));
#4406=CARTESIAN_POINT('',(109.106878200202,-8.45110076661906,-152.967301823869));
#4407=CARTESIAN_POINT('',(107.617110332042,-8.4511007666561,-158.025734523014));
#4408=CARTESIAN_POINT('',(106.127342463883,-8.45110076669314,-163.084167222159));
#4409=CARTESIAN_POINT('',(104.637574595723,-8.45110076673018,-168.142599921304));
#4410=CARTESIAN_POINT('',(102.700876367116,-8.45110076677833,-174.718562430192));
#4411=CARTESIAN_POINT('',(100.764178138508,-8.45110076682649,-181.294524939081));
#4412=CARTESIAN_POINT('',(98.8274799099009,-8.45110076687464,-187.870487447969));
#4413=CARTESIAN_POINT('',(128.567133614798,-8.,-95.25));
#4414=CARTESIAN_POINT('',(132.308693495674,-11.9999999999948,-95.25));
#4415=CARTESIAN_POINT('',(130.927841858354,-11.7153927602487,-95.25));
#4416=CARTESIAN_POINT('',(129.602838659908,-11.1119946979064,-95.2499999999999));
#4417=CARTESIAN_POINT('',(128.477639253827,-10.2500000000005,-95.2499999999999));
#4418=CARTESIAN_POINT('',(132.308693495673,-11.9999999999999,-95.2499999999999));
#4419=CARTESIAN_POINT('',(123.560280002039,-12.0000000000001,-95.25));
#4420=CARTESIAN_POINT('',(140.756364728133,-16.,-107.25));
#4421=CARTESIAN_POINT('',(140.756364728133,-15.,-107.25));
#4422=CARTESIAN_POINT('',(140.756364728133,-15.,-107.25));
#4423=CARTESIAN_POINT('',(130.146801550824,-15.,-107.243875552521));
#4424=CARTESIAN_POINT('',(130.146801550824,-15.000000000293,-107.243875552521));
#4425=CARTESIAN_POINT('',(128.467185595821,-14.5186504759216,-107.242905982));
#4426=CARTESIAN_POINT('',(126.208687312225,-13.4764414411084,-107.241602247446));
#4427=CARTESIAN_POINT('',(123.55847838783,-11.3444406093745,-107.240072395076));
#4428=CARTESIAN_POINT('',(121.311813453885,-8.82669410092465,-107.238775491409));
#4429=CARTESIAN_POINT('',(119.31435717877,-5.03945258288559,-107.237622445252));
#4430=CARTESIAN_POINT('',(118.768026091698,-1.70175717247772,-107.23730707166));
#4431=CARTESIAN_POINT('',(118.76760873827,-6.49390263784966E-10,-107.23730683074));
#4432=CARTESIAN_POINT('',(118.76760873827,0.,-107.23730683074));
#4433=CARTESIAN_POINT('',(121.099521090873,0.,-107.238652944099));
#4434=CARTESIAN_POINT('',(120.112404512768,8.51075183654635E-16,-107.238083123878));
#4435=CARTESIAN_POINT('',(120.112404512768,8.51075183267082E-16,-107.238083123878));
#4436=CARTESIAN_POINT('',(120.11158310044,-1.49758415092096,-107.238082649712));
#4437=CARTESIAN_POINT('',(120.48928926819,-4.445135846734,-107.238300683343));
#4438=CARTESIAN_POINT('',(121.753383422437,-7.19512207256229,-107.239030390884));
#4439=CARTESIAN_POINT('',(122.574251904498,-8.45110076628421,-107.239504243183));
#4440=CARTESIAN_POINT('',(128.368745698044,-11.9999999999999,-107.242849156853));
#4441=CARTESIAN_POINT('',(127.164647063895,-12.,-107.242154082162));
#4442=CARTESIAN_POINT('',(127.164647063895,-21.9581087017393,-107.242154082162));
#4443=CARTESIAN_POINT('',(127.164647063895,-12.2296120876227,-107.242154082162));
#4444=CARTESIAN_POINT('',(127.164647063894,-12.2296120876237,-107.242154082162));
#4445=CARTESIAN_POINT('',(127.856320310091,-12.732882294014,-107.242553355573));
#4446=CARTESIAN_POINT('',(128.555945744919,-13.2247843684814,-107.242957219441));
#4447=CARTESIAN_POINT('',(129.267243611316,-13.7000000000001,-107.243367821306));
#4448=CARTESIAN_POINT('',(129.267243611316,-13.7000000000001,-107.243367821306));
#4449=CARTESIAN_POINT('',(140.756364728133,-13.7000000000001,-107.25));
#4450=CARTESIAN_POINT('',(129.543691793359,-13.7000000000001,-107.243527403028));
#4451=CARTESIAN_POINT('',(129.54369179253,-16.,-107.243527403028));
#4452=CARTESIAN_POINT('',(129.54369179253,-13.2000000000001,-107.243527403028));
#4453=CARTESIAN_POINT('',(155.397751682769,-13.2000000000001,-107.258451847067));
#4454=CARTESIAN_POINT('',(140.756364728133,-13.2000000000001,-107.25));
#4455=CARTESIAN_POINT('',(140.756364728133,-16.,-107.25));
#4456=CARTESIAN_POINT('',(154.779499297891,-51.4257255443649,-82.9670398665566));
#4457=CARTESIAN_POINT('',(171.241336151328,-0.500000000574867,-101.560388419829));
#4458=CARTESIAN_POINT('',(171.149798813419,-2.59551021383982,-101.641432063923));
#4459=CARTESIAN_POINT('',(170.370542116648,-4.4953100543123,-102.350726491068));
#4460=CARTESIAN_POINT('',(169.189408845422,-6.00000000000008,-103.1922516045));
#4461=CARTESIAN_POINT('',(171.241336151328,-0.500000000574867,-101.560388419829));
#4462=CARTESIAN_POINT('',(169.189408845422,-6.00000000000009,-103.1922516045));
#4463=CARTESIAN_POINT('',(154.779499297891,-0.500000000574867,-82.9670398665566));
#4464=CARTESIAN_POINT('',(173.840343166743,-0.499926586056478,-98.8852129120355));
#4465=CARTESIAN_POINT('',(173.839973673383,-0.499896434678772,-98.8856767301168));
#4466=CARTESIAN_POINT('',(173.813838303438,-1.04963659176088,-98.9169703988773));
#4467=CARTESIAN_POINT('',(173.681893393654,-2.13974777808965,-99.0760242155379));
#4468=CARTESIAN_POINT('',(173.278726649335,-3.53368874056937,-99.5388300710256));
#4469=CARTESIAN_POINT('',(172.877224957939,-4.50588686540403,-99.9746000704801));
#4470=CARTESIAN_POINT('',(172.566777253122,-5.12878899090389,-100.298470050446));
#4471=CARTESIAN_POINT('',(172.338930170288,-5.53000103354535,-100.527947815186));
#4472=CARTESIAN_POINT('',(172.200355002458,-5.76047281740005,-100.665305037773));
#4473=CARTESIAN_POINT('',(172.018364027268,-6.05284411481778,-100.843097769785));
#4474=CARTESIAN_POINT('',(171.832183576858,-6.33406981776628,-101.020745260058));
#4475=CARTESIAN_POINT('',(171.702229750598,-6.51192673482075,-101.142080164965));
#4476=CARTESIAN_POINT('',(171.644372467996,-6.58551339301294,-101.195609090962));
#4477=CARTESIAN_POINT('',(171.644478850497,-6.58567256840979,-101.195510666457));
#4478=CARTESIAN_POINT('',(171.644478850497,-6.58567256840979,-101.195510666457));
#4479=CARTESIAN_POINT('',(170.426826041021,-8.096077327634,-102.322082936804));
#4480=CARTESIAN_POINT('',(169.088188479595,-9.74030596688415,-103.333360073756));
#4481=CARTESIAN_POINT('',(167.651883306409,-11.5183584861603,-104.203951434624));
#4482=CARTESIAN_POINT('',(167.651891276022,-11.5183131242123,-104.20399891531));
#4483=CARTESIAN_POINT('',(167.651852869139,-11.5182677622644,-104.203969883615));
#4484=CARTESIAN_POINT('',(167.575358427098,-11.5533196460943,-104.250335507243));
#4485=CARTESIAN_POINT('',(167.498613472382,-11.5883715299241,-104.296287832663));
#4486=CARTESIAN_POINT('',(167.421622485536,-11.623423413754,-104.341824177072));
#4487=CARTESIAN_POINT('',(167.421392411129,-11.62293840242,-104.341809739125));
#4488=CARTESIAN_POINT('',(167.421294235156,-11.6224533910861,-104.342018317465));
#4489=CARTESIAN_POINT('',(166.442938512175,-12.0713121921309,-104.920646850543));
#4490=CARTESIAN_POINT('',(165.440316762176,-12.5304944022699,-105.422858306333));
#4491=CARTESIAN_POINT('',(164.425803838888,-13.0000000215031,-105.850516257066));
#4492=CARTESIAN_POINT('',(164.425803838888,-13.0000000215031,-105.850516257066));
#4493=CARTESIAN_POINT('',(154.779499297891,-13.,-82.9670398665566));
#4494=CARTESIAN_POINT('',(161.507415702307,-12.9999999987215,-106.871865106013));
#4495=CARTESIAN_POINT('',(161.507411088367,-12.999999997443,-106.871848712315));
#4496=CARTESIAN_POINT('',(161.084061191856,-13.1863382660501,-106.990998828871));
#4497=CARTESIAN_POINT('',(160.657545416289,-13.3726765346572,-107.098900108316));
#4498=CARTESIAN_POINT('',(160.22846547846,-13.5590148032643,-107.195400326474));
#4499=CARTESIAN_POINT('',(160.228292374124,-13.5522117561471,-107.195439257046));
#4500=CARTESIAN_POINT('',(160.228292374124,-51.4257255443649,-107.195439257046));
#4501=CARTESIAN_POINT('',(160.228292374124,-7.38705076271916,-107.195439257046));
#4502=CARTESIAN_POINT('',(154.779499297891,-6.37940952254121,-82.9670398665566));
#4503=CARTESIAN_POINT('',(161.572623541924,-6.00000000000009,-106.853398861133));
#4504=CARTESIAN_POINT('',(154.779499297891,-6.00000000000009,-82.9670398665566));
#4505=CARTESIAN_POINT('',(6.38701017588519E-14,-11.2000000000006,-9.91471739754452E-18));
#4506=CARTESIAN_POINT('',(140.856853630406,-11.1999999999998,-76.8719889650553));
#4507=CARTESIAN_POINT('',(139.742925829757,-11.1999999999998,-73.1626541385745));
#4508=CARTESIAN_POINT('',(129.747147272155,-11.1999999999999,-39.8771131008791));
#4509=CARTESIAN_POINT('',(131.66263953995,-11.1999999999999,-39.3018832581074));
#4510=CARTESIAN_POINT('',(131.66263953995,-11.1999999999999,-39.3018832581074));
#4511=CARTESIAN_POINT('',(130.548711739302,-11.1999999999999,-35.5925484316266));
#4512=CARTESIAN_POINT('',(141.658418097553,-11.1999999999998,-72.5874242958028));
#4513=CARTESIAN_POINT('',(139.742925829757,-11.1999999999998,-73.1626541385745));
#4514=CARTESIAN_POINT('',(6.38701017588519E-14,-11.2000000000006,-9.91471739754452E-18));
#4515=CARTESIAN_POINT('',(127.005342125097,-11.1999999999999,-37.7007542510679));
#4516=CARTESIAN_POINT('',(128.119269925745,-11.1999999999999,-41.4100890775486));
#4517=CARTESIAN_POINT('',(136.964588797804,-11.1999999999999,-70.8646455796528));
#4518=CARTESIAN_POINT('',(135.049096530009,-11.1999999999999,-71.4398754224245));
#4519=CARTESIAN_POINT('',(135.049096530009,-11.1999999999999,-71.4398754224245));
#4520=CARTESIAN_POINT('',(136.163024330657,-11.1999999999999,-75.1492102489053));
#4521=CARTESIAN_POINT('',(126.203777657949,-11.1999999999999,-41.9853189203204));
#4522=CARTESIAN_POINT('',(128.119269925745,-11.1999999999999,-41.4100890775486));
#4523=CARTESIAN_POINT('',(130.548711739302,-11.1999999999999,-35.5925484316266));
#4524=CARTESIAN_POINT('',(131.66263953995,-19.1999999999999,-39.3018832581074));
#4525=CARTESIAN_POINT('',(130.548711739302,-12.1999999999999,-35.5925484316266));
#4526=CARTESIAN_POINT('',(130.548711739302,-12.1999999999999,-35.5925484316266));
#4527=CARTESIAN_POINT('',(142.772345898201,-12.1999999999998,-76.2967591222835));
#4528=CARTESIAN_POINT('',(141.658418097553,-19.1999999999998,-72.5874242958028));
#4529=CARTESIAN_POINT('',(141.658418097553,-19.1999999999998,-72.5874242958028));
#4530=CARTESIAN_POINT('',(142.772345898201,-12.1999999999998,-76.2967591222835));
#4531=CARTESIAN_POINT('',(140.856853630406,-12.1999999999998,-76.8719889650553));
#4532=CARTESIAN_POINT('',(139.742925829757,-19.1999999999998,-73.1626541385745));
#4533=CARTESIAN_POINT('',(140.856853630406,-11.1999999999998,-76.8719889650553));
#4534=CARTESIAN_POINT('',(140.856853630406,-12.1999999999998,-76.8719889650553));
#4535=CARTESIAN_POINT('',(128.633219471506,-12.1999999999999,-36.1677782743983));
#4536=CARTESIAN_POINT('',(129.747147272155,-19.1999999999999,-39.8771131008791));
#4537=CARTESIAN_POINT('',(129.747147272155,-19.1999999999999,-39.8771131008791));
#4538=CARTESIAN_POINT('',(128.633219471506,-12.1999999999999,-36.1677782743983));
#4539=CARTESIAN_POINT('',(126.203777657949,-19.1999999999999,-41.9853189203204));
#4540=CARTESIAN_POINT('',(126.203777657949,-19.1999999999999,-41.9853189203204));
#4541=CARTESIAN_POINT('',(125.089849857301,-12.1999999999999,-38.2759840938396));
#4542=CARTESIAN_POINT('',(125.089849857301,-12.1999999999999,-38.2759840938396));
#4543=CARTESIAN_POINT('',(127.005342125097,-12.1999999999999,-37.7007542510679));
#4544=CARTESIAN_POINT('',(128.119269925745,-19.1999999999999,-41.4100890775486));
#4545=CARTESIAN_POINT('',(127.005342125097,-11.1999999999999,-37.7007542510679));
#4546=CARTESIAN_POINT('',(127.005342125097,-12.1999999999999,-37.7007542510679));
#4547=CARTESIAN_POINT('',(138.078516598452,-12.1999999999999,-74.5739804061336));
#4548=CARTESIAN_POINT('',(136.964588797804,-19.1999999999999,-70.8646455796528));
#4549=CARTESIAN_POINT('',(136.964588797804,-19.1999999999999,-70.8646455796528));
#4550=CARTESIAN_POINT('',(138.078516598452,-12.1999999999999,-74.5739804061336));
#4551=CARTESIAN_POINT('',(136.163024330657,-12.1999999999999,-75.1492102489053));
#4552=CARTESIAN_POINT('',(135.049096530009,-19.1999999999999,-71.4398754224245));
#4553=CARTESIAN_POINT('',(136.163024330657,-11.1999999999999,-75.1492102489053));
#4554=CARTESIAN_POINT('',(136.163024330657,-12.1999999999999,-75.1492102489053));
#4555=CARTESIAN_POINT('',(112.963587489721,-12.2,-25.));
#4556=CARTESIAN_POINT('',(131.169936860861,-12.1999999999999,-30.7074609863147));
#4557=CARTESIAN_POINT('',(131.169936860861,-12.1999999999999,-30.7074609863147));
#4558=CARTESIAN_POINT('',(121.592475521883,-12.1999999999999,-33.5836102001734));
#4559=CARTESIAN_POINT('',(145.83829785154,-12.1999999999998,-79.5525138151031));
#4560=CARTESIAN_POINT('',(145.83829785154,-12.1999999999998,-79.5525138151031));
#4561=CARTESIAN_POINT('',(136.260836512562,-12.1999999999999,-82.4286630289617));
#4562=CARTESIAN_POINT('',(136.260836512562,-12.1999999999999,-82.4286630289617));
#4563=CARTESIAN_POINT('',(121.592475521883,-12.1999999999999,-33.5836102001734));
#4564=CARTESIAN_POINT('',(147.879452092142,-7.99999999999979,-59.1867543080809));
#4565=CARTESIAN_POINT('',(147.279464437567,-7.9999999999998,-58.4999999957644));
#4566=CARTESIAN_POINT('',(149.029464437567,-7.99999999999979,-58.4999999957644));
#4567=CARTESIAN_POINT('',(150.689715029093,-7.99999999999978,-58.1367913443524));
#4568=CARTESIAN_POINT('',(150.689715029093,-7.99999999999978,-58.1367913443524));
#4569=CARTESIAN_POINT('',(149.989739719941,-7.99999999999978,-56.2632827197186));
#4570=CARTESIAN_POINT('',(147.879452092142,-7.99999999999979,-59.1867543080809));
#4571=CARTESIAN_POINT('',(145.069189155192,-7.99999999999981,-60.2367172718093));
#4572=CARTESIAN_POINT('',(144.36921384604,-7.99999999999981,-58.3632086471755));
#4573=CARTESIAN_POINT('',(144.36921384604,-7.99999999999981,-58.3632086471755));
#4574=CARTESIAN_POINT('',(147.17947678299,-7.9999999999998,-57.3132456834471));
#4575=CARTESIAN_POINT('',(144.36921384604,-7.99999999999981,-58.3632086471755));
#4576=CARTESIAN_POINT('',(145.069189155192,-7.99999999999981,-60.2367172718093));
#4577=CARTESIAN_POINT('',(145.069189155192,-9.99999999999981,-60.2367172718093));
#4578=CARTESIAN_POINT('',(144.36921384604,-9.99999999999981,-58.3632086471755));
#4579=CARTESIAN_POINT('',(144.36921384604,-9.99999999999981,-58.3632086471755));
#4580=CARTESIAN_POINT('',(144.36921384604,-7.99999999999981,-58.3632086471755));
#4581=CARTESIAN_POINT('',(145.83829785154,-11.1999999999998,-79.5525138151031));
#4582=CARTESIAN_POINT('',(131.169936860861,-11.1999999999999,-30.7074609863147));
#4583=CARTESIAN_POINT('',(131.169936860861,-11.1999999999999,-30.7074609863147));
#4584=CARTESIAN_POINT('',(145.83829785154,-11.1999999999998,-79.5525138151031));
#4585=CARTESIAN_POINT('',(145.83829785154,-11.1999999999998,-79.5525138151031));
#4586=CARTESIAN_POINT('',(145.83829785154,-11.1999999999998,-79.5525138151031));
#4587=CARTESIAN_POINT('',(136.260836512562,-11.1999999999999,-82.4286630289617));
#4588=CARTESIAN_POINT('',(136.260836512562,-11.1999999999999,-82.4286630289617));
#4589=CARTESIAN_POINT('',(136.260836512562,-11.1999999999999,-82.4286630289617));
#4590=CARTESIAN_POINT('',(136.260836512562,-11.1999999999999,-82.4286630289617));
#4591=CARTESIAN_POINT('',(121.592475521883,-11.1999999999999,-33.5836102001734));
#4592=CARTESIAN_POINT('',(121.592475521883,-11.1999999999999,-33.5836102001734));
#4593=CARTESIAN_POINT('',(121.592475521883,-11.1999999999999,-33.5836102001734));
#4594=CARTESIAN_POINT('',(121.592475521883,-11.1999999999999,-33.5836102001734));
#4595=CARTESIAN_POINT('',(131.169936860861,-11.1999999999999,-30.7074609863147));
#4596=CARTESIAN_POINT('',(131.169936860861,-11.1999999999999,-30.7074609863147));
#4597=CARTESIAN_POINT('',(114.53235647634,-12.161164783309,-52.5788242572415));
#4598=CARTESIAN_POINT('',(113.792315740409,-12.161164783309,-50.117001924422));
#4599=CARTESIAN_POINT('',(113.052275004479,-12.161164783309,-47.6551795916025));
#4600=CARTESIAN_POINT('',(112.312234268548,-12.161164783309,-45.193357258783));
#4601=CARTESIAN_POINT('',(111.167049697549,-12.161164783309,-41.3837819000161));
#4602=CARTESIAN_POINT('',(108.298271557482,-12.161164783309,-38.6279836311203));
#4603=CARTESIAN_POINT('',(104.445781452701,-12.161164783309,-37.6367056134397));
#4604=CARTESIAN_POINT('',(104.410568515167,-12.161164783309,-37.6276450292552));
#4605=CARTESIAN_POINT('',(104.375355577634,-12.161164783309,-37.6185844450706));
#4606=CARTESIAN_POINT('',(104.340142640101,-12.161164783309,-37.609523860886));
#4607=CARTESIAN_POINT('',(100.783635949254,-12.161164783309,-36.6944048582455));
#4608=CARTESIAN_POINT('',(97.2271292584074,-12.161164783309,-35.779285855605));
#4609=CARTESIAN_POINT('',(93.6706225675606,-12.161164783309,-34.8641668529645));
#4610=CARTESIAN_POINT('',(92.6827263938034,-12.161164783309,-34.6099728812316));
#4611=CARTESIAN_POINT('',(91.6948302200461,-12.161164783309,-34.3557789094987));
#4612=CARTESIAN_POINT('',(90.7069340462888,-12.161164783309,-34.1015849377657));
#4613=CARTESIAN_POINT('',(90.627878212792,-12.161164783309,-34.0812432087065));
#4614=CARTESIAN_POINT('',(90.5488223792952,-12.161164783309,-34.0609014796473));
#4615=CARTESIAN_POINT('',(90.4697665457985,-12.161164783309,-34.0405597505881));
#4616=CARTESIAN_POINT('',(114.443452905875,-12.1074431888726,-52.5499692913105));
#4617=CARTESIAN_POINT('',(113.708549451138,-12.1074431888726,-50.1051617432469));
#4618=CARTESIAN_POINT('',(112.973645996401,-12.1074431888726,-47.6603541951832));
#4619=CARTESIAN_POINT('',(112.238742541665,-12.1074431888726,-45.2155466471196));
#4620=CARTESIAN_POINT('',(111.101507715692,-12.1074431888726,-41.4323010132384));
#4621=CARTESIAN_POINT('',(108.252587373522,-12.1074431888726,-38.6955322141516));
#4622=CARTESIAN_POINT('',(104.426741629226,-12.1074431888726,-37.7110755535845));
#4623=CARTESIAN_POINT('',(104.391772229295,-12.1074431888726,-37.7020773186897));
#4624=CARTESIAN_POINT('',(104.356802829364,-12.1074431888726,-37.6930790837949));
#4625=CARTESIAN_POINT('',(104.321833429432,-12.1074431888726,-37.6840808489002));
#4626=CARTESIAN_POINT('',(100.789924036375,-12.1074431888726,-36.7752591245276));
#4627=CARTESIAN_POINT('',(97.2580146433185,-12.1074431888726,-35.8664374001551));
#4628=CARTESIAN_POINT('',(93.7261052502616,-12.1074431888726,-34.9576156757826));
#4629=CARTESIAN_POINT('',(92.7450415046378,-12.1074431888726,-34.7051709084366));
#4630=CARTESIAN_POINT('',(91.7639777590139,-12.1074431888726,-34.4527261410907));
#4631=CARTESIAN_POINT('',(90.7829140133901,-12.1074431888726,-34.2002813737447));
#4632=CARTESIAN_POINT('',(90.7044049410969,-12.1074431888726,-34.1800796237789));
#4633=CARTESIAN_POINT('',(90.6258958688036,-12.1074431888726,-34.1598778738131));
#4634=CARTESIAN_POINT('',(90.5473867965103,-12.1074431888726,-34.1396761238473));
#4635=CARTESIAN_POINT('',(114.354549335411,-12.0537215944363,-52.5211143253796));
#4636=CARTESIAN_POINT('',(113.624783161867,-12.0537215944363,-50.0933215620718));
#4637=CARTESIAN_POINT('',(112.895016988324,-12.0537215944363,-47.665528798764));
#4638=CARTESIAN_POINT('',(112.165250814781,-12.0537215944363,-45.2377360354562));
#4639=CARTESIAN_POINT('',(111.035965733835,-12.0537215944363,-41.4808201264607));
#4640=CARTESIAN_POINT('',(108.206903189563,-12.0537215944363,-38.7630807971831));
#4641=CARTESIAN_POINT('',(104.407701805752,-12.0537215944363,-37.7854454937293));
#4642=CARTESIAN_POINT('',(104.372975943423,-12.0537215944363,-37.7765096081243));
#4643=CARTESIAN_POINT('',(104.338250081093,-12.0537215944363,-37.7675737225193));
#4644=CARTESIAN_POINT('',(104.303524218764,-12.0537215944363,-37.7586378369143));
#4645=CARTESIAN_POINT('',(100.796212123497,-12.0537215944363,-36.8561133908097));
#4646=CARTESIAN_POINT('',(97.2889000282296,-12.0537215944363,-35.9535889447051));
#4647=CARTESIAN_POINT('',(93.7815879329625,-12.0537215944363,-35.0510644986006));
#4648=CARTESIAN_POINT('',(92.8073566154722,-12.0537215944363,-34.8003689356416));
#4649=CARTESIAN_POINT('',(91.8331252979818,-12.0537215944363,-34.5496733726827));
#4650=CARTESIAN_POINT('',(90.8588939804914,-12.0537215944363,-34.2989778097237));
#4651=CARTESIAN_POINT('',(90.7809316694017,-12.0537215944363,-34.2789160388513));
#4652=CARTESIAN_POINT('',(90.7029693583119,-12.0537215944363,-34.2588542679789));
#4653=CARTESIAN_POINT('',(90.6250070472221,-12.0537215944363,-34.2387924971065));
#4654=CARTESIAN_POINT('',(114.265645764946,-11.9999999999999,-52.4922593594486));
#4655=CARTESIAN_POINT('',(113.541016872596,-11.9999999999999,-50.0814813808966));
#4656=CARTESIAN_POINT('',(112.816387980247,-11.9999999999999,-47.6707034023447));
#4657=CARTESIAN_POINT('',(112.091759087898,-11.9999999999999,-45.2599254237928));
#4658=CARTESIAN_POINT('',(110.970423751979,-11.9999999999999,-41.529339239683));
#4659=CARTESIAN_POINT('',(108.161219005603,-11.9999999999999,-38.8306293802144));
#4660=CARTESIAN_POINT('',(104.388661982278,-11.9999999999999,-37.859815433874));
#4661=CARTESIAN_POINT('',(104.35417965755,-11.9999999999999,-37.8509418975588));
#4662=CARTESIAN_POINT('',(104.319697332823,-11.9999999999999,-37.8420683612436));
#4663=CARTESIAN_POINT('',(104.285215008095,-11.9999999999999,-37.8331948249284));
#4664=CARTESIAN_POINT('',(100.802500210618,-11.9999999999999,-36.9369676570918));
#4665=CARTESIAN_POINT('',(97.3197854131407,-11.9999999999999,-36.0407404892552));
#4666=CARTESIAN_POINT('',(93.8370706156634,-11.9999999999999,-35.1445133214186));
#4667=CARTESIAN_POINT('',(92.8696717263065,-11.9999999999999,-34.8955669628466));
#4668=CARTESIAN_POINT('',(91.9022728369496,-11.9999999999999,-34.6466206042747));
#4669=CARTESIAN_POINT('',(90.9348739475928,-11.9999999999999,-34.3976742457027));
#4670=CARTESIAN_POINT('',(90.8574583977065,-11.9999999999999,-34.3777524539237));
#4671=CARTESIAN_POINT('',(90.7800428478202,-11.9999999999999,-34.3578306621447));
#4672=CARTESIAN_POINT('',(90.7026272979339,-11.9999999999999,-34.3379088703656));
#4673=CARTESIAN_POINT('',(112.483548090806,-10.9231351677344,-51.9138532571491));
#4674=CARTESIAN_POINT('',(111.861897479518,-10.9231351677344,-49.8441415392764));
#4675=CARTESIAN_POINT('',(111.240246868231,-10.9231351677344,-47.7744298214036));
#4676=CARTESIAN_POINT('',(110.618596256943,-10.9231351677344,-45.7047181035309));
#4677=CARTESIAN_POINT('',(109.656615849603,-10.9231351677344,-42.5019188377005));
#4678=CARTESIAN_POINT('',(107.245466381112,-10.9231351677344,-40.1846601810319));
#4679=CARTESIAN_POINT('',(104.007003237277,-10.9231351677344,-39.3505823025759));
#4680=CARTESIAN_POINT('',(103.977402693918,-10.9231351677344,-39.342958575731));
#4681=CARTESIAN_POINT('',(103.947802150559,-10.9231351677344,-39.335334848886));
#4682=CARTESIAN_POINT('',(103.9182016072,-10.9231351677344,-39.327711122041));
#4683=CARTESIAN_POINT('',(100.928546727928,-10.9231351677344,-38.5577147106982));
#4684=CARTESIAN_POINT('',(97.9388918486561,-10.9231351677344,-37.7877182993554));
#4685=CARTESIAN_POINT('',(94.9492369693843,-10.9231351677344,-37.0177218880126));
#4686=CARTESIAN_POINT('',(94.118796069698,-10.9231351677344,-36.8038388351478));
#4687=CARTESIAN_POINT('',(93.2883551700116,-10.9231351677344,-36.589955782283));
#4688=CARTESIAN_POINT('',(92.4579142703253,-10.9231351677344,-36.3760727294182));
#4689=CARTESIAN_POINT('',(92.3914587062301,-10.9231351677344,-36.3589568588802));
#4690=CARTESIAN_POINT('',(92.3250031421349,-10.9231351677344,-36.3418409883421));
#4691=CARTESIAN_POINT('',(92.2585475780397,-10.9231351677344,-36.3247251178041));
#4692=CARTESIAN_POINT('',(110.970785321171,-9.57356777064441,-51.4228637732474));
#4693=CARTESIAN_POINT('',(110.436549508708,-9.57356777064441,-49.642671731328));
#4694=CARTESIAN_POINT('',(109.902313696245,-9.57356777064441,-47.8624796894086));
#4695=CARTESIAN_POINT('',(109.368077883782,-9.57356777064441,-46.0822876474892));
#4696=CARTESIAN_POINT('',(108.541368514956,-9.57356777064441,-43.3275089429667));
#4697=CARTESIAN_POINT('',(106.468114782135,-9.57356777064441,-41.3340513811549));
#4698=CARTESIAN_POINT('',(103.683025966827,-9.57356777064441,-40.6160441512181));
#4699=CARTESIAN_POINT('',(103.657569403459,-9.57356777064441,-40.6094813455915));
#4700=CARTESIAN_POINT('',(103.632112840091,-9.57356777064441,-40.6029185399649));
#4701=CARTESIAN_POINT('',(103.606656276723,-9.57356777064441,-40.5963557343383));
#4702=CARTESIAN_POINT('',(101.035543376537,-9.57356777064441,-39.9335123660515));
#4703=CARTESIAN_POINT('',(98.4644304763506,-9.57356777064441,-39.2706689977647));
#4704=CARTESIAN_POINT('',(95.8933175761645,-9.57356777064441,-38.607825629478));
#4705=CARTESIAN_POINT('',(95.1791357069363,-9.57356777064441,-38.4237066373737));
#4706=CARTESIAN_POINT('',(94.4649538377081,-9.57356777064441,-38.2395876452694));
#4707=CARTESIAN_POINT('',(93.7507719684798,-9.57356777064441,-38.0554686531651));
#4708=CARTESIAN_POINT('',(93.6936199676523,-9.57356777064441,-38.0407346347833));
#4709=CARTESIAN_POINT('',(93.6364679668247,-9.57356777064441,-38.0260006164016));
#4710=CARTESIAN_POINT('',(93.5793159659971,-9.57356777064441,-38.0112665980199));
#4711=CARTESIAN_POINT('',(109.78244276839,-8.00044057129459,-51.0371696588758));
#4712=CARTESIAN_POINT('',(109.316875174944,-8.00044057129459,-49.4844082212182));
#4713=CARTESIAN_POINT('',(108.851307581498,-8.00044057129459,-47.9316467835606));
#4714=CARTESIAN_POINT('',(108.385739988053,-8.00044057129459,-46.378885345903));
#4715=CARTESIAN_POINT('',(107.665292046629,-8.00044057129459,-43.9760467526852));
#4716=CARTESIAN_POINT('',(105.857470468249,-8.00044057129459,-42.2369493770038));
#4717=CARTESIAN_POINT('',(103.428527386919,-8.00044057129459,-41.6101208127065));
#4718=CARTESIAN_POINT('',(103.406326104459,-8.00044057129459,-41.6043914079635));
#4719=CARTESIAN_POINT('',(103.384124821998,-8.00044057129459,-41.5986620032205));
#4720=CARTESIAN_POINT('',(103.361923539537,-8.00044057129459,-41.5929325984775));
#4721=CARTESIAN_POINT('',(101.119594010977,-8.00044057129459,-41.0142627194374));
#4722=CARTESIAN_POINT('',(98.8772644824176,-8.00044057129459,-40.4355928403974));
#4723=CARTESIAN_POINT('',(96.6349349538582,-8.00044057129459,-39.8569229613573));
#4724=CARTESIAN_POINT('',(96.012079732675,-8.00044057129459,-39.6961849650409));
#4725=CARTESIAN_POINT('',(95.3892245114918,-8.00044057129459,-39.5354469687246));
#4726=CARTESIAN_POINT('',(94.7663692903087,-8.00044057129459,-39.3747089724083));
#4727=CARTESIAN_POINT('',(94.716525652924,-8.00044057129459,-39.3618460050126));
#4728=CARTESIAN_POINT('',(94.6666820155393,-8.00044057129459,-39.3489830376169));
#4729=CARTESIAN_POINT('',(94.6168383781547,-8.00044057129459,-39.3361200702212));
#4730=CARTESIAN_POINT('',(109.770703582752,-7.98490024398606,-51.0333595329173));
#4731=CARTESIAN_POINT('',(109.305814336613,-7.98490024398606,-49.4828447959916));
#4732=CARTESIAN_POINT('',(108.840925090475,-7.98490024398606,-47.9323300590659));
#4733=CARTESIAN_POINT('',(108.376035844336,-7.98490024398606,-46.3818153221402));
#4734=CARTESIAN_POINT('',(107.656637619275,-7.98490024398606,-43.9824534118792));
#4735=CARTESIAN_POINT('',(105.851438144537,-7.98490024398606,-42.2458687640614));
#4736=CARTESIAN_POINT('',(103.426013291916,-7.98490024398606,-41.6199409192406));
#4737=CARTESIAN_POINT('',(103.403844167141,-7.98490024398606,-41.614219747349));
#4738=CARTESIAN_POINT('',(103.381675042367,-7.98490024398606,-41.6084985754575));
#4739=CARTESIAN_POINT('',(103.359505917592,-7.98490024398606,-41.6027774035659));
#4740=CARTESIAN_POINT('',(101.120424315335,-7.98490024398606,-41.0249390425201));
#4741=CARTESIAN_POINT('',(98.8813427130786,-7.98490024398606,-40.4471006814743));
#4742=CARTESIAN_POINT('',(96.642261110822,-7.98490024398606,-39.8692623204284));
#4743=CARTESIAN_POINT('',(96.0203080709774,-7.98490024398606,-39.7087552961069));
#4744=CARTESIAN_POINT('',(95.3983550311329,-7.98490024398606,-39.5482482717854));
#4745=CARTESIAN_POINT('',(94.7764019912884,-7.98490024398606,-39.3877412474639));
#4746=CARTESIAN_POINT('',(94.7266305504559,-7.98490024398606,-39.3748967634717));
#4747=CARTESIAN_POINT('',(94.6768591096235,-7.98490024398606,-39.3620522794794));
#4748=CARTESIAN_POINT('',(94.627087668791,-7.98490024398606,-39.3492077954872));
#4749=CARTESIAN_POINT('',(109.758964397114,-7.96935991667753,-51.0295494069588));
#4750=CARTESIAN_POINT('',(109.294753498283,-7.96935991667753,-49.481281370765));
#4751=CARTESIAN_POINT('',(108.830542599451,-7.96935991667752,-47.9330133345713));
#4752=CARTESIAN_POINT('',(108.366331700619,-7.96935991667752,-46.3847452983775));
#4753=CARTESIAN_POINT('',(107.647983191921,-7.96935991667752,-43.9888600710732));
#4754=CARTESIAN_POINT('',(105.845405820825,-7.96935991667752,-42.2547881511189));
#4755=CARTESIAN_POINT('',(103.423499196913,-7.96935991667752,-41.6297610257747));
#4756=CARTESIAN_POINT('',(103.401362229824,-7.96935991667752,-41.6240480867345));
#4757=CARTESIAN_POINT('',(103.379225262736,-7.96935991667752,-41.6183351476944));
#4758=CARTESIAN_POINT('',(103.357088295647,-7.96935991667752,-41.6126222086543));
#4759=CARTESIAN_POINT('',(101.121254619693,-7.96935991667752,-41.0356153656028));
#4760=CARTESIAN_POINT('',(98.8854209437395,-7.96935991667752,-40.4586085225512));
#4761=CARTESIAN_POINT('',(96.6495872677858,-7.96935991667752,-39.8816016794996));
#4762=CARTESIAN_POINT('',(96.0285364092799,-7.96935991667752,-39.7213256271729));
#4763=CARTESIAN_POINT('',(95.407485550774,-7.96935991667752,-39.5610495748462));
#4764=CARTESIAN_POINT('',(94.7864346922681,-7.96935991667752,-39.4007735225196));
#4765=CARTESIAN_POINT('',(94.7367354479879,-7.96935991667752,-39.3879475219308));
#4766=CARTESIAN_POINT('',(94.6870362037076,-7.96935991667752,-39.375121521342));
#4767=CARTESIAN_POINT('',(94.6373369594274,-7.96935991667752,-39.3622955207532));
#4768=CARTESIAN_POINT('',(109.747225211477,-7.95381958936899,-51.0257392810002));
#4769=CARTESIAN_POINT('',(109.283692659952,-7.95381958936899,-49.4797179455384));
#4770=CARTESIAN_POINT('',(108.820160108427,-7.95381958936899,-47.9336966100766));
#4771=CARTESIAN_POINT('',(108.356627556903,-7.95381958936899,-46.3876752746148));
#4772=CARTESIAN_POINT('',(107.639328764568,-7.95381958936898,-43.9952667302671));
#4773=CARTESIAN_POINT('',(105.839373497113,-7.95381958936898,-42.2637075381764));
#4774=CARTESIAN_POINT('',(103.42098510191,-7.95381958936899,-41.6395811323088));
#4775=CARTESIAN_POINT('',(103.398880292507,-7.95381958936899,-41.6338764261201));
#4776=CARTESIAN_POINT('',(103.376775483105,-7.95381958936899,-41.6281717199314));
#4777=CARTESIAN_POINT('',(103.354670673702,-7.95381958936899,-41.6224670137427));
#4778=CARTESIAN_POINT('',(101.122084924051,-7.95381958936899,-41.0462916886854));
#4779=CARTESIAN_POINT('',(98.8894991744005,-7.95381958936899,-40.4701163636281));
#4780=CARTESIAN_POINT('',(96.6569134247496,-7.95381958936899,-39.8939410385708));
#4781=CARTESIAN_POINT('',(96.0367647475823,-7.95381958936899,-39.7338959582389));
#4782=CARTESIAN_POINT('',(95.4166160704151,-7.95381958936899,-39.573850877907));
#4783=CARTESIAN_POINT('',(94.7964673932478,-7.95381958936899,-39.4138057975752));
#4784=CARTESIAN_POINT('',(94.7468403455198,-7.95381958936899,-39.4009982803898));
#4785=CARTESIAN_POINT('',(94.6972132977918,-7.95381958936899,-39.3881907632045));
#4786=CARTESIAN_POINT('',(94.6475862500637,-7.95381958936899,-39.3753832460192));
#4787=CARTESIAN_POINT('',(109.6997989015,-7.89103666704251,-51.0103463721278));
#4788=CARTESIAN_POINT('',(109.239006873096,-7.89103666704251,-49.473401707623));
#4789=CARTESIAN_POINT('',(108.778214844691,-7.8910366670425,-47.9364570431182));
#4790=CARTESIAN_POINT('',(108.317422816287,-7.8910366670425,-46.3995123786134));
#4791=CARTESIAN_POINT('',(107.604364878058,-7.8910366670425,-44.0211496334108));
#4792=CARTESIAN_POINT('',(105.815002909315,-7.8910366670425,-42.2997418618888));
#4793=CARTESIAN_POINT('',(103.410828158097,-7.8910366670425,-41.6792543627065));
#4794=CARTESIAN_POINT('',(103.388853265746,-7.8910366670425,-41.6735829172376));
#4795=CARTESIAN_POINT('',(103.366878373396,-7.8910366670425,-41.6679114717687));
#4796=CARTESIAN_POINT('',(103.344903481046,-7.8910366670425,-41.6622400262998));
#4797=CARTESIAN_POINT('',(101.125439353658,-7.8910366670425,-41.0894240339393));
#4798=CARTESIAN_POINT('',(98.9059752262707,-7.8910366670425,-40.5166080415788));
#4799=CARTESIAN_POINT('',(96.6865110988833,-7.8910366670425,-39.9437920492184));
#4800=CARTESIAN_POINT('',(96.0700072343241,-7.8910366670425,-39.7846800957455));
#4801=CARTESIAN_POINT('',(95.4535033697649,-7.8910366670425,-39.6255681422727));
#4802=CARTESIAN_POINT('',(94.8369995052058,-7.8910366670425,-39.4664561887998));
#4803=CARTESIAN_POINT('',(94.7876641315487,-7.8910366670425,-39.4537233445645));
#4804=CARTESIAN_POINT('',(94.7383287578916,-7.8910366670425,-39.4409905003292));
#4805=CARTESIAN_POINT('',(94.6889933842346,-7.8910366670425,-39.4282576560939));
#4806=CARTESIAN_POINT('',(109.652372591524,-7.82825374471602,-50.9949534632553));
#4807=CARTESIAN_POINT('',(109.19432108624,-7.82825374471602,-49.4670854697076));
#4808=CARTESIAN_POINT('',(108.736269580955,-7.82825374471602,-47.9392174761598));
#4809=CARTESIAN_POINT('',(108.278218075671,-7.82825374471602,-46.411349482612));
#4810=CARTESIAN_POINT('',(107.569400991549,-7.82825374471602,-44.0470325365544));
#4811=CARTESIAN_POINT('',(105.790632321518,-7.82825374471602,-42.3357761856011));
#4812=CARTESIAN_POINT('',(103.400671214284,-7.82825374471602,-41.7189275931043));
#4813=CARTESIAN_POINT('',(103.378826238986,-7.82825374471602,-41.7132894083552));
#4814=CARTESIAN_POINT('',(103.356981263687,-7.82825374471602,-41.707651223606));
#4815=CARTESIAN_POINT('',(103.335136288389,-7.82825374471602,-41.7020130388569));
#4816=CARTESIAN_POINT('',(101.128793783265,-7.82825374471602,-41.1325563791932));
#4817=CARTESIAN_POINT('',(98.922451278141,-7.82825374471602,-40.5630997195296));
#4818=CARTESIAN_POINT('',(96.716108773017,-7.82825374471602,-39.993643059866));
#4819=CARTESIAN_POINT('',(96.1032497210659,-7.82825374471602,-39.8354642332521));
#4820=CARTESIAN_POINT('',(95.4903906691148,-7.82825374471602,-39.6772854066383));
#4821=CARTESIAN_POINT('',(94.8775316171638,-7.82825374471602,-39.5191065800244));
#4822=CARTESIAN_POINT('',(94.8284879175776,-7.82825374471602,-39.5064484087392));
#4823=CARTESIAN_POINT('',(94.7794442179915,-7.82825374471602,-39.4937902374539));
#4824=CARTESIAN_POINT('',(94.7304005184054,-7.82825374471602,-39.4811320661686));
#4825=CARTESIAN_POINT('',(109.604946281548,-7.76547082238954,-50.9795605543829));
#4826=CARTESIAN_POINT('',(109.149635299384,-7.76547082238953,-49.4607692317921));
#4827=CARTESIAN_POINT('',(108.69432431722,-7.76547082238953,-47.9419779092014));
#4828=CARTESIAN_POINT('',(108.239013335056,-7.76547082238953,-46.4231865866106));
#4829=CARTESIAN_POINT('',(107.534437105039,-7.76547082238953,-44.072915439698));
#4830=CARTESIAN_POINT('',(105.766261733721,-7.76547082238953,-42.3718105093135));
#4831=CARTESIAN_POINT('',(103.390514270471,-7.76547082238953,-41.7586008235021));
#4832=CARTESIAN_POINT('',(103.368799212225,-7.76547082238953,-41.7529958994727));
#4833=CARTESIAN_POINT('',(103.347084153978,-7.76547082238953,-41.7473909754433));
#4834=CARTESIAN_POINT('',(103.325369095732,-7.76547082238953,-41.7417860514139));
#4835=CARTESIAN_POINT('',(101.132148212872,-7.76547082238953,-41.1756887244471));
#4836=CARTESIAN_POINT('',(98.9389273300112,-7.76547082238953,-40.6095913974803));
#4837=CARTESIAN_POINT('',(96.7457064471507,-7.76547082238953,-40.0434940705135));
#4838=CARTESIAN_POINT('',(96.1364922078077,-7.76547082238953,-39.8862483707587));
#4839=CARTESIAN_POINT('',(95.5272779684647,-7.76547082238953,-39.7290026710039));
#4840=CARTESIAN_POINT('',(94.9180637291217,-7.76547082238953,-39.5717569712491));
#4841=CARTESIAN_POINT('',(94.8693117036065,-7.76547082238953,-39.5591734729138));
#4842=CARTESIAN_POINT('',(94.8205596780914,-7.76547082238953,-39.5465899745785));
#4843=CARTESIAN_POINT('',(94.7718076525762,-7.76547082238953,-39.5340064762433));
#4844=CARTESIAN_POINT('',(101.678918765861,-11.9999999999999,-48.3898050791983));
#4845=CARTESIAN_POINT('',(112.091759087898,-11.9999999999999,-45.2599254237928));
#4846=CARTESIAN_POINT('',(104.974221277921,-12.0000000000007,-38.0281270498634));
#4847=CARTESIAN_POINT('',(104.974221277922,-12.0000000000004,-38.0281270498648));
#4848=CARTESIAN_POINT('',(104.34653682214,-11.4737685954921,-38.617606198197));
#4849=CARTESIAN_POINT('',(103.196192416375,-10.2843687277476,-39.781666564423));
#4850=CARTESIAN_POINT('',(102.212294727582,-8.80624112532619,-40.7533891615651));
#4851=CARTESIAN_POINT('',(101.777030176185,-8.0033514256489,-41.1819643775111));
#4852=CARTESIAN_POINT('',(120.133637539763,0.00428476165707271,-42.8318376445108));
#4853=CARTESIAN_POINT('',(113.467475686976,-11.9999999999999,-49.8410064322392));
#4854=CARTESIAN_POINT('',(112.091759087898,-11.9999999999999,-45.2599254237928));
#4855=CARTESIAN_POINT('',(111.994312856022,-10.9231351677344,-50.2857991119773));
#4856=CARTESIAN_POINT('',(110.618596256943,-10.9231351677344,-45.7047181035309));
#4857=CARTESIAN_POINT('',(110.743794482861,-9.57356777064441,-50.6633686559355));
#4858=CARTESIAN_POINT('',(109.368077883782,-9.57356777064441,-46.0822876474892));
#4859=CARTESIAN_POINT('',(109.761456587131,-8.00044057129459,-50.9599663543493));
#4860=CARTESIAN_POINT('',(108.385739988053,-8.00044057129459,-46.3788853459029));
#4861=CARTESIAN_POINT('',(109.755602095718,-7.99106512144036,-50.9617340034304));
#4862=CARTESIAN_POINT('',(108.379885496639,-7.99106512144036,-46.380652994984));
#4863=CARTESIAN_POINT('',(109.749747604304,-7.98168967158612,-50.9635016525115));
#4864=CARTESIAN_POINT('',(108.374031005225,-7.98168967158612,-46.3824206440651));
#4865=CARTESIAN_POINT('',(109.74389311289,-7.97231422173188,-50.9652693015926));
#4866=CARTESIAN_POINT('',(108.368176513812,-7.97231422173188,-46.3841882931462));
#4867=CARTESIAN_POINT('',(112.729949820486,-11.9999999999999,-47.3850749253579));
#4868=CARTESIAN_POINT('',(111.589703939252,-10.9622821889202,-48.7439670507594));
#4869=CARTESIAN_POINT('',(110.565943252788,-9.62078864871483,-49.9640375268087));
#4870=CARTESIAN_POINT('',(109.753163880167,-8.00030022713825,-50.9326702641168));
#4871=CARTESIAN_POINT('',(112.729949820486,-11.9999999999999,-47.3850749253579));
#4872=CARTESIAN_POINT('',(126.903022633248,-11.9999999999999,-94.5808380188326));
#4873=CARTESIAN_POINT('',(133.571355732823,-15.,-61.0171557273713));
#4874=CARTESIAN_POINT('',(133.571355732823,-15.,-61.0171557273713));
#4875=CARTESIAN_POINT('',(133.571355732823,-15.,-62.5171557273713));
#4876=CARTESIAN_POINT('',(142.858720458589,-15.,-90.446928616824));
#4877=CARTESIAN_POINT('',(142.858720458589,-15.,-90.446928616824));
#4878=CARTESIAN_POINT('',(142.858720458589,-15.,-91.946928616824));
#4879=CARTESIAN_POINT('',(110.363543215631,-5.10757561009333,-57.9449634945907));
#4880=CARTESIAN_POINT('',(110.018607995074,-5.10757561009333,-57.3645378155454));
#4881=CARTESIAN_POINT('',(109.634970166948,-5.10757561009333,-56.8071377289369));
#4882=CARTESIAN_POINT('',(108.625342404377,-5.10757561009333,-55.5318304273298));
#4883=CARTESIAN_POINT('',(107.964514682482,-5.10757561009333,-54.8416604998181));
#4884=CARTESIAN_POINT('',(107.188299584042,-5.10757561009333,-54.1703313368268));
#4885=CARTESIAN_POINT('',(107.131323135301,-5.10757561009334,-54.1217866024038));
#4886=CARTESIAN_POINT('',(107.073990689407,-5.10757561009334,-54.0736662253469));
#4887=CARTESIAN_POINT('',(110.691476076054,-6.13266720077253,-57.7500997856284));
#4888=CARTESIAN_POINT('',(110.337869691753,-6.13266720077253,-57.1550830593234));
#4889=CARTESIAN_POINT('',(109.944587773292,-6.13266720077253,-56.5836707549584));
#4890=CARTESIAN_POINT('',(108.909579454812,-6.13266720077253,-55.2763041048771));
#4891=CARTESIAN_POINT('',(108.232139496642,-6.13266720077253,-54.5687843212284));
#4892=CARTESIAN_POINT('',(107.436411493115,-6.13266720077253,-53.8805789311892));
#4893=CARTESIAN_POINT('',(107.378002740315,-6.13266720077253,-53.8308138535944));
#4894=CARTESIAN_POINT('',(107.319229041117,-6.13266720077253,-53.7814838010852));
#4895=CARTESIAN_POINT('',(111.112827883489,-7.09988831672193,-57.4997248281795));
#4896=CARTESIAN_POINT('',(110.748080162172,-7.09988831672193,-56.8859604712549));
#4897=CARTESIAN_POINT('',(110.342406820394,-7.09988831672193,-56.2965442581927));
#4898=CARTESIAN_POINT('',(109.274787731855,-7.09988831672193,-54.9479854433271));
#4899=CARTESIAN_POINT('',(108.576003173539,-7.09988831672193,-54.2181733122978));
#4900=CARTESIAN_POINT('',(107.755203581225,-7.09988831672193,-53.5082841277157));
#4901=CARTESIAN_POINT('',(107.694954500794,-7.09988831672193,-53.4569510651361));
#4902=CARTESIAN_POINT('',(107.634328975329,-7.09988831672193,-53.4060667342983));
#4903=CARTESIAN_POINT('',(111.617474787312,-8.00000000000075,-57.1998543996156));
#4904=CARTESIAN_POINT('',(111.239383249427,-8.00000000000075,-56.5636362794005));
#4905=CARTESIAN_POINT('',(110.818868880979,-8.00000000000075,-55.9526570479283));
#4906=CARTESIAN_POINT('',(109.712192349584,-8.00000000000075,-54.5547629791172));
#4907=CARTESIAN_POINT('',(108.987843675518,-8.00000000000075,-53.7982516293209));
#4908=CARTESIAN_POINT('',(108.137016207609,-8.00000000000075,-53.0623920808145));
#4909=CARTESIAN_POINT('',(108.074562993661,-8.00000000000075,-53.0091810655269));
#4910=CARTESIAN_POINT('',(108.011719562932,-8.00000000000075,-52.9564351982429));
#4911=CARTESIAN_POINT('',(107.134139460953,-5.25,-54.0539020248066));
#4912=CARTESIAN_POINT('',(108.078814380904,-5.25,-54.8503234360471));
#4913=CARTESIAN_POINT('',(108.914202207713,-5.25,-55.748396916878));
#4914=CARTESIAN_POINT('',(109.64021346914,-5.25,-56.7482056888223));
#4915=CARTESIAN_POINT('',(107.134139460953,-5.25,-54.0539020248066));
#4916=CARTESIAN_POINT('',(109.64021346914,-5.25,-56.7482056888223));
#4917=CARTESIAN_POINT('',(107.134139460953,-5.25000000000001,-54.0539020248066));
#4918=CARTESIAN_POINT('',(107.372244773354,-6.21463162958098,-53.7701391633376));
#4919=CARTESIAN_POINT('',(107.673014719916,-7.13146559106643,-53.4116954989776));
#4920=CARTESIAN_POINT('',(108.037107291018,-8.00000000000075,-52.9777868693301));
#4921=CARTESIAN_POINT('',(110.263296937998,-5.12616022636416,-57.7654346867499));
#4922=CARTESIAN_POINT('',(110.61134184384,-6.13827938444358,-57.6095786605235));
#4923=CARTESIAN_POINT('',(111.057027328454,-7.09612918325969,-57.4109738852045));
#4924=CARTESIAN_POINT('',(111.600500723798,-7.99999999999999,-57.1713566822066));
#4925=CARTESIAN_POINT('',(110.263296937998,-5.12616022636416,-57.7654346867497));
#4926=CARTESIAN_POINT('',(109.64021346914,-5.24999999999999,-56.7482056888223));
#4927=CARTESIAN_POINT('',(109.874295781387,-5.25,-57.0705664586563));
#4928=CARTESIAN_POINT('',(110.085334273769,-5.21075281375546,-57.4144935386447));
#4929=CARTESIAN_POINT('',(110.263296937998,-5.12616022636412,-57.7654346867497));
#4930=CARTESIAN_POINT('',(79.7325806280229,-5.25,-38.549728836454));
#4931=CARTESIAN_POINT('',(109.420059339724,-5.25,-56.8004255877183));
#4932=CARTESIAN_POINT('',(109.199905210308,-5.25,-56.8526454866143));
#4933=CARTESIAN_POINT('',(106.893576138538,-5.25,-54.3405942285418));
#4934=CARTESIAN_POINT('',(107.79475596101,-5.25,-55.0563842457979));
#4935=CARTESIAN_POINT('',(108.563519792647,-5.25,-55.8937461650012));
#4936=CARTESIAN_POINT('',(109.199905210308,-5.25,-56.8526454866143));
#4937=CARTESIAN_POINT('',(106.893576138538,-5.25,-54.3405942285418));
#4938=CARTESIAN_POINT('',(114.305891193738,-5.25,-45.5069411320668));
#4939=CARTESIAN_POINT('',(114.305891193738,-16.,-45.5069411320668));
#4940=CARTESIAN_POINT('',(106.893576138538,-5.25000000000002,-54.3405942285418));
#4941=CARTESIAN_POINT('',(106.6765999779,-4.4345576773415,-54.5991763474893));
#4942=CARTESIAN_POINT('',(106.313800080726,-2.77274496580665,-55.0315444283382));
#4943=CARTESIAN_POINT('',(106.191258100117,-1.0083776362002,-55.1775842739737));
#4944=CARTESIAN_POINT('',(106.1846836098,-0.135183917200594,-55.1854194464278));
#4945=CARTESIAN_POINT('',(106.1846836098,-0.135183917200768,-55.1854194464278));
#4946=CARTESIAN_POINT('',(106.184683609797,-0.135183917202582,-55.1854194464317));
#4947=CARTESIAN_POINT('',(106.094350211999,-0.256723491844315,-55.2930745977893));
#4948=CARTESIAN_POINT('',(106.0040168142,-0.378263066486048,-55.4007297491468));
#4949=CARTESIAN_POINT('',(105.913683416402,-0.499802641127782,-55.5083849005044));
#4950=CARTESIAN_POINT('',(105.913683416402,-0.499802641126993,-55.5083849005043));
#4951=CARTESIAN_POINT('',(113.85958203829,-15.6673448258776,-46.0388316714801));
#4952=CARTESIAN_POINT('',(112.800849263624,-15.1539649140769,-47.3005802592852));
#4953=CARTESIAN_POINT('',(111.25212558564,-14.0372665759754,-49.1462772664584));
#4954=CARTESIAN_POINT('',(109.473129661813,-11.9553270657752,-51.2664020498895));
#4955=CARTESIAN_POINT('',(108.279953318939,-10.0703674439855,-52.6883742431075));
#4956=CARTESIAN_POINT('',(107.307731801,-7.9647833035214,-53.8470227299095));
#4957=CARTESIAN_POINT('',(106.301391929442,-4.81796541329147,-55.0463318872096));
#4958=CARTESIAN_POINT('',(105.95145756895,-2.2580211223098,-55.4633674184982));
#4959=CARTESIAN_POINT('',(105.913683416402,-0.499802641127001,-55.5083849005044));
#4960=CARTESIAN_POINT('',(113.85958203829,-15.6673448258776,-46.0388316714801));
#4961=CARTESIAN_POINT('',(113.984749806726,-15.4801874225109,-45.8896625337693));
#4962=CARTESIAN_POINT('',(114.305891193738,-15.,-45.5069411320668));
#4963=CARTESIAN_POINT('',(114.305891193738,-16.,-45.5069411320668));
#4964=CARTESIAN_POINT('',(114.305891193738,-13.4526365028947,-45.5069411320668));
#4965=CARTESIAN_POINT('',(114.305891193738,-13.4526365028947,-45.5069411320668));
#4966=CARTESIAN_POINT('',(113.774975019597,-12.9832449748077,-46.1396623899661));
#4967=CARTESIAN_POINT('',(113.25026116332,-12.4974457294203,-46.7649920132679));
#4968=CARTESIAN_POINT('',(112.729949820486,-11.9999999999999,-47.3850749253579));
#4969=CARTESIAN_POINT('',(114.305891193738,-16.,-45.5069411320668));
#4970=CARTESIAN_POINT('',(114.305891193738,-13.7000000000001,-45.5069411320668));
#4971=CARTESIAN_POINT('',(114.748137126717,-13.7000000000001,-45.7035882145907));
#4972=CARTESIAN_POINT('',(137.216169019948,-13.7000000000001,-55.694121970538));
#4973=CARTESIAN_POINT('',(114.748137126717,-13.7000000000001,-45.7035882145907));
#4974=CARTESIAN_POINT('',(114.600453294947,-13.6181204917581,-45.6379197878448));
#4975=CARTESIAN_POINT('',(114.453043897404,-13.5356533300934,-45.5723733897847));
#4976=CARTESIAN_POINT('',(114.305891193738,-13.4526365028947,-45.5069411320668));
#4977=CARTESIAN_POINT('',(114.305891193738,-15.,-45.5069411320668));
#4978=CARTESIAN_POINT('',(137.216169019948,-15.,-55.694121970538));
#4979=CARTESIAN_POINT('',(137.216169019948,-16.,-55.694121970538));
#4980=CARTESIAN_POINT('',(114.748682585796,-13.7000000000001,-45.7054045714096));
#4981=CARTESIAN_POINT('',(114.656681821216,-13.7000000000001,-45.3990457212937));
#4982=CARTESIAN_POINT('',(114.573609794367,-13.5778194661683,-45.7582643737428));
#4983=CARTESIAN_POINT('',(114.481609029787,-13.5778194661683,-45.451905523627));
#4984=CARTESIAN_POINT('',(114.395218691598,-13.4511254022495,-45.8121260752292));
#4985=CARTESIAN_POINT('',(114.303217927019,-13.4511254022495,-45.5057672251134));
#4986=CARTESIAN_POINT('',(121.821847442719,-13.7000000000001,-69.2587593956251));
#4987=CARTESIAN_POINT('',(114.74812181096,-13.7000000000001,-45.7035372137334));
#4988=CARTESIAN_POINT('',(114.305891193738,-13.4526365028946,-45.5069411320668));
#4989=CARTESIAN_POINT('',(114.453038771428,-13.5356533132713,-45.5723564065281));
#4990=CARTESIAN_POINT('',(114.600443063143,-13.618120474793,-45.6378858046369));
#4991=CARTESIAN_POINT('',(114.74812181096,-13.7000000000001,-45.7035372137334));
#4992=CARTESIAN_POINT('',(114.74173573417,-13.4851995818112,-46.7915625815076));
#4993=CARTESIAN_POINT('',(114.099715857186,-13.4851995818112,-44.6536621829321));
#4994=CARTESIAN_POINT('',(113.7856546322,-12.8077491407829,-47.0802325550207));
#4995=CARTESIAN_POINT('',(113.143634755216,-12.8077491407829,-44.9423321564452));
#4996=CARTESIAN_POINT('',(112.733778964882,-11.9999999999999,-47.3978258223683));
#4997=CARTESIAN_POINT('',(112.091759087898,-11.9999999999999,-45.2599254237928));
#4998=CARTESIAN_POINT('',(114.305891193738,-13.4526365028946,-45.5069411320668));
#4999=CARTESIAN_POINT('',(114.233363476939,-13.460802408242,-45.2236631336555));
#5000=CARTESIAN_POINT('',(114.160835713643,-13.4689615951171,-44.9403849536385));
#5001=CARTESIAN_POINT('',(114.088307903599,-13.4771140270708,-44.6571065910307));
#5002=CARTESIAN_POINT('',(114.088307903599,-13.4771140270708,-44.6571065910307));
#5003=CARTESIAN_POINT('',(112.091759087898,-11.9999999999999,-45.2599254237928));
#5004=CARTESIAN_POINT('',(115.687753214945,-14.7614111217044,-44.1741853884869));
#5005=CARTESIAN_POINT('',(118.164180568228,-16.0000000000001,-43.4264766250708));
#5006=CARTESIAN_POINT('',(114.405146547518,-13.7000000000001,-44.5614433647727));
#5007=CARTESIAN_POINT('',(113.109707959512,-13.7000000000001,-40.2551505487123));
#5008=CARTESIAN_POINT('',(109.945190723972,-13.7000000000001,-37.0456998376462));
#5009=CARTESIAN_POINT('',(105.632319942264,-13.7000000000001,-35.7018641073342));
#5010=CARTESIAN_POINT('',(113.313017861737,-12.9378206530414,-44.8911902430946));
#5011=CARTESIAN_POINT('',(112.129158811486,-12.9378206530414,-40.954451233117));
#5012=CARTESIAN_POINT('',(109.236573606164,-12.9378206530414,-38.020235080228));
#5013=CARTESIAN_POINT('',(105.294050994928,-12.9378206530414,-36.7913833542204));
#5014=CARTESIAN_POINT('',(112.091759087898,-11.9999999999999,-45.2599254237928));
#5015=CARTESIAN_POINT('',(111.032672412219,-11.9999999999999,-41.736435176494));
#5016=CARTESIAN_POINT('',(108.44417168166,-11.9999999999999,-39.1099965075356));
#5017=CARTESIAN_POINT('',(104.915786120807,-11.9999999999999,-38.0097241567759));
#5018=CARTESIAN_POINT('',(114.088307903599,-13.4771140270708,-44.6571065910307));
#5019=CARTESIAN_POINT('',(113.883941744564,-13.5003379583619,-43.8588953825536));
#5020=CARTESIAN_POINT('',(113.680783144744,-13.577252728741,-43.0654006462404));
#5021=CARTESIAN_POINT('',(113.478655362467,-13.6999999999974,-42.2759320663119));
#5022=CARTESIAN_POINT('',(113.478655362468,-13.6999999999982,-42.2759320663116));
#5023=CARTESIAN_POINT('',(113.478655362468,-13.6999999999982,-42.2759320663116));
#5024=CARTESIAN_POINT('',(112.080980069167,-13.6999999999982,-39.5784275100716));
#5025=CARTESIAN_POINT('',(109.787655870706,-13.7000000000001,-37.4311721084289));
#5026=CARTESIAN_POINT('',(107.004131405511,-13.7000000000001,-36.2137902422494));
#5027=CARTESIAN_POINT('',(107.004131405511,-13.7,-36.2137902422495));
#5028=CARTESIAN_POINT('',(104.974221277921,-12.0000000000009,-38.0281270498639));
#5029=CARTESIAN_POINT('',(105.62866347248,-12.5787686038165,-37.4101081962219));
#5030=CARTESIAN_POINT('',(106.304939634185,-13.1489575399037,-36.8082248924465));
#5031=CARTESIAN_POINT('',(107.004131405511,-13.7000000000001,-36.2137902422494));
#5032=CARTESIAN_POINT('',(147.17947678299,-7.9999999999998,-57.3132456834471));
#5033=CARTESIAN_POINT('',(147.17947678299,-9.9999999999998,-57.3132456834471));
#5034=CARTESIAN_POINT('',(146.129513819262,-9.9999999999998,-54.5029827464965));
#5035=CARTESIAN_POINT('',(147.17947678299,-9.9999999999998,-57.3132456834471));
#5036=CARTESIAN_POINT('',(149.989739719941,-9.99999999999978,-56.2632827197186));
#5037=CARTESIAN_POINT('',(149.989739719941,-7.99999999999978,-56.2632827197186));
#5038=CARTESIAN_POINT('',(150.689715029093,-7.99999999999978,-58.1367913443524));
#5039=CARTESIAN_POINT('',(150.689715029093,-9.99999999999978,-58.1367913443524));
#5040=CARTESIAN_POINT('',(150.689715029093,-9.99999999999978,-58.1367913443524));
#5041=CARTESIAN_POINT('',(150.689715029093,-7.99999999999978,-58.1367913443524));
#5042=CARTESIAN_POINT('',(147.879452092142,-7.99999999999979,-59.1867543080809));
#5043=CARTESIAN_POINT('',(147.879452092142,-9.99999999999979,-59.1867543080809));
#5044=CARTESIAN_POINT('',(148.929415055871,-9.99999999999979,-61.9970172450316));
#5045=CARTESIAN_POINT('',(147.879452092142,-9.99999999999979,-59.1867543080809));
#5046=CARTESIAN_POINT('',(147.529464437566,-9.99999999999979,-58.249999995764));
#5047=CARTESIAN_POINT('',(147.529464437566,-9.99999999999979,-58.249999995764));
#5048=CARTESIAN_POINT('',(6.38701017588519E-14,-11.2000000000006,-9.91471739754452E-18));
#5049=CARTESIAN_POINT('',(134.920574087538,-11.1999999999999,-84.919385139529));
#5050=CARTESIAN_POINT('',(134.920574087538,-11.1999999999999,-84.919385139529));
#5051=CARTESIAN_POINT('',(119.101753411316,-11.2,-32.2433477751495));
#5052=CARTESIAN_POINT('',(119.101753411316,-11.2,-32.2433477751495));
#5053=CARTESIAN_POINT('',(132.510199285885,-11.1999999999999,-28.2167388757474));
#5054=CARTESIAN_POINT('',(132.510199285885,-11.1999999999999,-28.2167388757474));
#5055=CARTESIAN_POINT('',(148.329019962108,-11.1999999999998,-80.892776240127));
#5056=CARTESIAN_POINT('',(148.329019962108,-11.1999999999998,-80.892776240127));
#5057=CARTESIAN_POINT('',(155.41090843621,-13.7000000000001,-84.4666151432569));
#5058=CARTESIAN_POINT('',(104.569884300991,-13.7000000000001,-26.7074515604897));
#5059=CARTESIAN_POINT('',(102.148155510554,-13.7000000000001,-17.2500000000001));
#5060=CARTESIAN_POINT('',(114.305891193738,-13.7000000000001,-45.5069411320668));
#5061=CARTESIAN_POINT('',(107.071261481827,-13.7000000000001,-17.2500000000001));
#5062=CARTESIAN_POINT('',(95.4635874897207,-13.7000000000001,-17.2500000000001));
#5063=CARTESIAN_POINT('',(107.346251664414,-13.7000000000001,-37.549854705458));
#5064=CARTESIAN_POINT('',(101.961839592709,-13.7000000000001,-16.5223901309955));
#5065=CARTESIAN_POINT('',(106.241508934808,-12.9378206530414,-37.8344975895243));
#5066=CARTESIAN_POINT('',(100.857096863103,-12.9378206530414,-16.8070330150618));
#5067=CARTESIAN_POINT('',(105.006144669649,-11.9999999999999,-38.1527958121634));
#5068=CARTESIAN_POINT('',(99.6217325979442,-11.9999999999999,-17.1253312377009));
#5069=CARTESIAN_POINT('',(99.6536559896737,-11.9999999999999,-17.2500000000001));
#5070=CARTESIAN_POINT('',(100.473458926761,-12.5838301486918,-17.2500000000001));
#5071=CARTESIAN_POINT('',(101.30317403742,-13.1531156431341,-17.2500000000001));
#5072=CARTESIAN_POINT('',(102.148155510554,-13.7000000000001,-17.2500000000001));
#5073=CARTESIAN_POINT('',(99.6536559896736,-11.9999999999999,-17.2500000000001));
#5074=CARTESIAN_POINT('',(102.229777306227,-11.9999999999999,-27.310392667195));
#5075=CARTESIAN_POINT('',(155.41090843621,-13.7000000000001,-84.4666151432569));
#5076=CARTESIAN_POINT('',(143.083440057486,-13.7000000000004,-17.2499999999852));
#5077=CARTESIAN_POINT('',(111.963587489721,-13.7000000000001,-17.2500000000001));
#5078=CARTESIAN_POINT('',(112.963587489721,-13.7000000000001,-17.2500000000001));
#5079=CARTESIAN_POINT('',(112.96358748972,-13.7000000000001,-84.4666151432566));
#5080=CARTESIAN_POINT('',(112.963587489721,-13.7000000000001,-16.2500000000002));
#5081=CARTESIAN_POINT('',(111.963587489721,-13.7000000000001,-16.2500000000001));
#5082=CARTESIAN_POINT('',(103.596593167712,-3.07467153656152,-25.1080093145347));
#5083=CARTESIAN_POINT('',(134.565777228796,-3.07467153656152,-128.234148116906));
#5084=CARTESIAN_POINT('',(103.830020030534,-8.30410985432817,-25.1080093145347));
#5085=CARTESIAN_POINT('',(134.799204091617,-8.30410985432817,-128.234148116906));
#5086=CARTESIAN_POINT('',(107.712983424017,-12.1018351510744,-25.1080093145351));
#5087=CARTESIAN_POINT('',(138.6821674851,-12.1018351510744,-128.234148116907));
#5088=CARTESIAN_POINT('',(113.283241153408,-12.0841599410399,-25.1080093145346));
#5089=CARTESIAN_POINT('',(144.252425214491,-12.0841599410399,-128.234148116906));
#5090=CARTESIAN_POINT('',(124.610915219958,-11.7448294726192,-25.1080093145347));
#5091=CARTESIAN_POINT('',(155.580099281042,-11.7448294726192,-128.234148116906));
#5092=CARTESIAN_POINT('',(135.783542805362,-11.4101435583024,-25.1080093145346));
#5093=CARTESIAN_POINT('',(166.752726866446,-11.4101435583024,-128.234148116906));
#5094=CARTESIAN_POINT('',(146.801123909621,-11.0801021980896,-25.1080093145346));
#5095=CARTESIAN_POINT('',(177.770307970704,-11.0801021980896,-128.234148116906));
#5096=CARTESIAN_POINT('',(107.693998717838,-8.00000000000009,-33.25));
#5097=CARTESIAN_POINT('',(108.196721891081,-8.7305102573148,-33.25));
#5098=CARTESIAN_POINT('',(108.788646247873,-9.37427641069717,-33.25));
#5099=CARTESIAN_POINT('',(109.467608662296,-9.9334020019611,-33.25));
#5100=CARTESIAN_POINT('',(109.467608662296,-9.9334020019611,-33.25));
#5101=CARTESIAN_POINT('',(122.095429280432,-9.93340200196111,-75.3001353625818));
#5102=CARTESIAN_POINT('',(105.054509975639,-0.499802641126994,-52.7384679674163));
#5103=CARTESIAN_POINT('',(118.239342999049,-0.499802641126994,-95.2454758878086));
#5104=CARTESIAN_POINT('',(105.248551865332,-8.72330026080771,-52.5838985405532));
#5105=CARTESIAN_POINT('',(118.433384888742,-8.72330026080771,-95.0909064609455));
#5106=CARTESIAN_POINT('',(109.423614819472,-14.2000139207945,-49.2581368250795));
#5107=CARTESIAN_POINT('',(122.608447842882,-14.2000139207945,-91.7651447454717));
#5108=CARTESIAN_POINT('',(114.627433899319,-16.,-45.1128910024165));
#5109=CARTESIAN_POINT('',(127.812266922729,-16.,-87.6198989228087));
#5110=CARTESIAN_POINT('',(105.913683416402,-0.499802641127788,-55.5083849005044));
#5111=CARTESIAN_POINT('',(109.950893625724,-0.499802641127526,-68.5240769490306));
#5112=CARTESIAN_POINT('',(113.988103835046,-0.499802641127263,-81.5397689975569));
#5113=CARTESIAN_POINT('',(118.025314044368,-0.499802641127,-94.5554610460831));
#5114=CARTESIAN_POINT('',(118.025314044367,-0.499802641146999,-94.555461046078));
#5115=CARTESIAN_POINT('',(118.025314044367,-0.499802641146998,-94.5554610460773));
#5116=CARTESIAN_POINT('',(118.072215570397,-2.25511531451463,-94.540145265837));
#5117=CARTESIAN_POINT('',(118.672930399816,-5.76538424510005,-94.3681158573705));
#5118=CARTESIAN_POINT('',(120.760515030692,-10.4559056872185,-92.8643269666302));
#5119=CARTESIAN_POINT('',(123.856782369094,-14.0735024727566,-90.438191871208));
#5120=CARTESIAN_POINT('',(126.401420498774,-15.5394364596752,-88.4247521208907));
#5121=CARTESIAN_POINT('',(127.734095975949,-16.,-87.3678810892886));
#5122=CARTESIAN_POINT('',(127.734095966108,-16.,-87.3678810602562));
#5123=CARTESIAN_POINT('',(115.487134935561,-16.,-47.8845088675668));
#5124=CARTESIAN_POINT('',(115.21443162811,-16.,-47.0053318898114));
#5125=CARTESIAN_POINT('',(115.21443162811,-16.,-47.0053318898114));
#5126=CARTESIAN_POINT('',(114.754698546901,-15.8995327441305,-46.6909573579841));
#5127=CARTESIAN_POINT('',(114.303382838866,-15.788261573442,-46.3685018177103));
#5128=CARTESIAN_POINT('',(113.85958203829,-15.6673448258776,-46.0388316714801));
#5129=CARTESIAN_POINT('',(133.571355732823,-15.,-61.0171557273713));
#5130=CARTESIAN_POINT('',(133.571355732823,-16.,-61.0171557273713));
#5131=CARTESIAN_POINT('',(133.571355732823,-16.,-63.5171557273713));
#5132=CARTESIAN_POINT('',(142.858720458589,-15.,-90.446928616824));
#5133=CARTESIAN_POINT('',(142.858720458589,-16.,-90.446928616824));
#5134=CARTESIAN_POINT('',(142.858720458589,-16.,-92.946928616824));
#5135=CARTESIAN_POINT('',(134.25193699527,8.67361737988404E-16,-89.8695583496078));
#5136=CARTESIAN_POINT('',(121.04280129409,9.47183658059898E-16,-96.7964695288915));
#5137=CARTESIAN_POINT('',(121.042527979331,-0.384272362372189,-96.7955614033721));
#5138=CARTESIAN_POINT('',(121.048739817096,-1.13936382740039,-96.7122685034817));
#5139=CARTESIAN_POINT('',(121.17132605406,-2.63082598382005,-96.5160810360538));
#5140=CARTESIAN_POINT('',(121.6226812472,-5.20043516281167,-95.9092677700041));
#5141=CARTESIAN_POINT('',(122.368484561557,-7.15884728323753,-94.9739693728992));
#5142=CARTESIAN_POINT('',(122.926359754346,-8.29594580329373,-94.1154246708471));
#5143=CARTESIAN_POINT('',(121.04280129409,9.47183658059898E-16,-96.7964695288915));
#5144=CARTESIAN_POINT('',(120.228304416283,0.,-94.0901926964315));
#5145=CARTESIAN_POINT('',(110.54869858838,0.,-61.9283837157311));
#5146=CARTESIAN_POINT('',(110.54869858838,0.,-61.9283837157311));
#5147=CARTESIAN_POINT('',(110.54869858838,-1.20280126964339,-61.9283837157311));
#5148=CARTESIAN_POINT('',(110.629798575578,-3.54913057083376,-61.0360386609656));
#5149=CARTESIAN_POINT('',(110.507787262207,-4.86643650141981,-58.9145369058917));
#5150=CARTESIAN_POINT('',(110.263296937998,-5.12616022636416,-57.7654346867497));
#5151=CARTESIAN_POINT('',(108.836914884763,6.07153216591882E-15,-56.9387457026332));
#5152=CARTESIAN_POINT('',(110.04857993347,0.,-62.0470103600039));
#5153=CARTESIAN_POINT('',(109.885915890384,-3.38270909901012E-16,-62.0855937829291));
#5154=CARTESIAN_POINT('',(109.885915890384,-1.24032666963705E-15,-62.0855937829291));
#5155=CARTESIAN_POINT('',(109.886867718641,-0.692352112196191,-62.0853680121226));
#5156=CARTESIAN_POINT('',(109.983957694464,-2.08434514467127,-61.7708578419106));
#5157=CARTESIAN_POINT('',(110.216463385755,-3.80219129169107,-60.5282573603623));
#5158=CARTESIAN_POINT('',(110.138933880034,-4.98468922452075,-58.7466123791198));
#5159=CARTESIAN_POINT('',(109.586214172983,-5.25,-57.4347320523377));
#5160=CARTESIAN_POINT('',(109.199905210308,-5.24999999999999,-56.8526454866143));
#5161=CARTESIAN_POINT('',(106.146228690419,1.33940881255746E-9,-55.1563423817142));
#5162=CARTESIAN_POINT('',(106.532805253141,1.33940881255746E-9,-55.458438073056));
#5163=CARTESIAN_POINT('',(106.89674732876,1.33940881255746E-9,-55.7895000700371));
#5164=CARTESIAN_POINT('',(107.724584629447,1.33940881255746E-9,-56.6648655469445));
#5165=CARTESIAN_POINT('',(108.158319694832,1.33940881255746E-9,-57.2374186159907));
#5166=CARTESIAN_POINT('',(109.258168376739,1.33940881255746E-9,-59.0758197136997));
#5167=CARTESIAN_POINT('',(109.719092253773,1.33940881255746E-9,-60.4625553969834));
#5168=CARTESIAN_POINT('',(109.86519448674,1.33940881255746E-9,-61.8839938525764));
#5169=CARTESIAN_POINT('',(109.873749243091,1.33940881255746E-9,-61.9672236527533));
#5170=CARTESIAN_POINT('',(109.882303999441,1.33940881255746E-9,-62.0504534529301));
#5171=CARTESIAN_POINT('',(109.890858755792,1.33940881255746E-9,-62.1336832531069));
#5172=CARTESIAN_POINT('',(106.147464829919,-1.72706299291543,-55.1542461129863));
#5173=CARTESIAN_POINT('',(106.534146217686,-1.72706299291543,-55.4564036276391));
#5174=CARTESIAN_POINT('',(106.898188486314,-1.72706299291543,-55.7875353024523));
#5175=CARTESIAN_POINT('',(107.726257637401,-1.72706299291543,-56.6630893548399));
#5176=CARTESIAN_POINT('',(108.16011785412,-1.72706299291543,-57.2357692426468));
#5177=CARTESIAN_POINT('',(109.260296364125,-1.72706299291543,-59.074586990341));
#5178=CARTESIAN_POINT('',(109.721378353954,-1.72706299291543,-60.4616488581069));
#5179=CARTESIAN_POINT('',(109.867562391196,-1.72706299291543,-61.8834321927446));
#5180=CARTESIAN_POINT('',(109.876121937451,-1.72706299291543,-61.9666821867004));
#5181=CARTESIAN_POINT('',(109.884681483705,-1.72706299291543,-62.0499321806562));
#5182=CARTESIAN_POINT('',(109.89324102996,-1.72706299291543,-62.133182174612));
#5183=CARTESIAN_POINT('',(106.321201156784,-3.40844242517184,-54.8596207661056));
#5184=CARTESIAN_POINT('',(106.722615443518,-3.40844242517184,-55.1704673930492));
#5185=CARTESIAN_POINT('',(107.100739589826,-3.40844242517184,-55.511392113553));
#5186=CARTESIAN_POINT('',(107.961394737145,-3.40844242517184,-56.4134499799885));
#5187=CARTESIAN_POINT('',(108.412844662084,-3.40844242517184,-57.0039539285519));
#5188=CARTESIAN_POINT('',(109.559379689024,-3.40844242517184,-58.9013307935946));
#5189=CARTESIAN_POINT('',(110.042684038704,-3.40844242517184,-60.3342370776751));
#5190=CARTESIAN_POINT('',(110.200365462904,-3.40844242517184,-61.8044923027549));
#5191=CARTESIAN_POINT('',(110.2095982182,-3.40844242517184,-61.8905804820291));
#5192=CARTESIAN_POINT('',(110.218830973495,-3.40844242517184,-61.9766686613033));
#5193=CARTESIAN_POINT('',(110.22806372879,-3.40844242517184,-62.0627568405775));
#5194=CARTESIAN_POINT('',(106.654167960607,-4.98168171284525,-54.2949693667926));
#5195=CARTESIAN_POINT('',(107.083817944319,-4.98168171284525,-54.6224687341252));
#5196=CARTESIAN_POINT('',(107.488930101068,-4.98168171284525,-54.9821618905803));
#5197=CARTESIAN_POINT('',(108.412036522746,-4.98168171284525,-55.9350144895424));
#5198=CARTESIAN_POINT('',(108.897197238237,-4.98168171284525,-56.5596783668206));
#5199=CARTESIAN_POINT('',(110.132574832282,-4.98168171284525,-58.5692841622774));
#5200=CARTESIAN_POINT('',(110.658468479596,-4.98168171284525,-60.0900515692957));
#5201=CARTESIAN_POINT('',(110.838184720905,-4.98168171284525,-61.6532034886179));
#5202=CARTESIAN_POINT('',(110.848707685719,-4.98168171284525,-61.7447310685699));
#5203=CARTESIAN_POINT('',(110.859230650532,-4.98168171284525,-61.836258648522));
#5204=CARTESIAN_POINT('',(110.869753615346,-4.98168171284525,-61.927786228474));
#5205=CARTESIAN_POINT('',(106.660680086579,-5.01245094361448,-54.283925980484));
#5206=CARTESIAN_POINT('',(107.090882300765,-5.01245094361448,-54.6117510401737));
#5207=CARTESIAN_POINT('',(107.496522285878,-5.01245094361448,-54.9718112675134));
#5208=CARTESIAN_POINT('',(108.420850122308,-5.01245094361448,-55.9256573039387));
#5209=CARTESIAN_POINT('',(108.906670149514,-5.01245094361448,-56.5509892771245));
#5210=CARTESIAN_POINT('',(110.14378531614,-5.01245094361448,-58.5627900329322));
#5211=CARTESIAN_POINT('',(110.670511919976,-5.01245094361448,-60.0852758175606));
#5212=CARTESIAN_POINT('',(110.850659115673,-5.01245094361448,-61.65024459961));
#5213=CARTESIAN_POINT('',(110.861207314254,-5.01245094361448,-61.7418785627271));
#5214=CARTESIAN_POINT('',(110.871755512835,-5.01245094361448,-61.8335125258441));
#5215=CARTESIAN_POINT('',(110.882303711416,-5.01245094361448,-61.9251464889611));
#5216=CARTESIAN_POINT('',(106.667192212551,-5.04322017438371,-54.2728825941754));
#5217=CARTESIAN_POINT('',(107.09794665721,-5.04322017438371,-54.6010333462223));
#5218=CARTESIAN_POINT('',(107.504114470689,-5.04322017438371,-54.9614606444465));
#5219=CARTESIAN_POINT('',(108.429663721869,-5.04322017438371,-55.9163001183351));
#5220=CARTESIAN_POINT('',(108.916143060791,-5.04322017438371,-56.5423001874284));
#5221=CARTESIAN_POINT('',(110.154995799998,-5.04322017438371,-58.5562959035869));
#5222=CARTESIAN_POINT('',(110.682555360357,-5.04322017438371,-60.0805000658255));
#5223=CARTESIAN_POINT('',(110.86313351044,-5.04322017438371,-61.6472857106022));
#5224=CARTESIAN_POINT('',(110.873706942789,-5.04322017438371,-61.7390260568842));
#5225=CARTESIAN_POINT('',(110.884280375137,-5.04322017438371,-61.8307664031663));
#5226=CARTESIAN_POINT('',(110.894853807486,-5.04322017438371,-61.9225067494483));
#5227=CARTESIAN_POINT('',(106.673704338523,-5.07398940515294,-54.2618392078668));
#5228=CARTESIAN_POINT('',(107.105011013655,-5.07398940515294,-54.5903156522709));
#5229=CARTESIAN_POINT('',(107.511706655499,-5.07398940515294,-54.9511100213797));
#5230=CARTESIAN_POINT('',(108.43847732143,-5.07398940515294,-55.9069429327314));
#5231=CARTESIAN_POINT('',(108.925615972067,-5.07398940515294,-56.5336110977322));
#5232=CARTESIAN_POINT('',(110.166206283855,-5.07398940515294,-58.5498017742417));
#5233=CARTESIAN_POINT('',(110.694598800738,-5.07398940515294,-60.0757243140904));
#5234=CARTESIAN_POINT('',(110.875607905208,-5.07398940515294,-61.6443268215944));
#5235=CARTESIAN_POINT('',(110.886206571324,-5.07398940515294,-61.7361735510414));
#5236=CARTESIAN_POINT('',(110.89680523744,-5.07398940515294,-61.8280202804884));
#5237=CARTESIAN_POINT('',(110.907403903556,-5.07398940515294,-61.9198670099354));
#5238=CARTESIAN_POINT('',(106.686121539489,-5.1326596034353,-54.2407818837727));
#5239=CARTESIAN_POINT('',(107.118481197439,-5.1326596034353,-54.5698793523199));
#5240=CARTESIAN_POINT('',(107.526183292616,-5.1326596034353,-54.9313736453801));
#5241=CARTESIAN_POINT('',(108.455282929529,-5.1326596034353,-55.8891008248526));
#5242=CARTESIAN_POINT('',(108.943678743512,-5.1326596034353,-56.5170429027329));
#5243=CARTESIAN_POINT('',(110.187582226455,-5.1326596034353,-58.5374188889102));
#5244=CARTESIAN_POINT('',(110.71756300938,-5.1326596034353,-60.0666179993));
#5245=CARTESIAN_POINT('',(110.899393849679,-5.1326596034353,-61.6386848669389));
#5246=CARTESIAN_POINT('',(110.910040631074,-5.1326596034353,-61.7307344458309));
#5247=CARTESIAN_POINT('',(110.92068741247,-5.1326596034353,-61.8227840247228));
#5248=CARTESIAN_POINT('',(110.931334193865,-5.1326596034353,-61.9148336036148));
#5249=CARTESIAN_POINT('',(106.698538740454,-5.19132980171766,-54.2197245596786));
#5250=CARTESIAN_POINT('',(107.131951381224,-5.19132980171766,-54.5494430523689));
#5251=CARTESIAN_POINT('',(107.540659929733,-5.19132980171766,-54.9116372693805));
#5252=CARTESIAN_POINT('',(108.472088537629,-5.19132980171766,-55.8712587169739));
#5253=CARTESIAN_POINT('',(108.961741514957,-5.19132980171766,-56.5004747077336));
#5254=CARTESIAN_POINT('',(110.208958169055,-5.19132980171766,-58.5250360035786));
#5255=CARTESIAN_POINT('',(110.740527218023,-5.19132980171766,-60.0575116845095));
#5256=CARTESIAN_POINT('',(110.923179794149,-5.19132980171766,-61.6330429122834));
#5257=CARTESIAN_POINT('',(110.933874690824,-5.19132980171766,-61.7252953406203));
#5258=CARTESIAN_POINT('',(110.944569587499,-5.19132980171766,-61.8175477689572));
#5259=CARTESIAN_POINT('',(110.955264484175,-5.19132980171766,-61.9098001972942));
#5260=CARTESIAN_POINT('',(106.71095594142,-5.25000000000002,-54.1986672355845));
#5261=CARTESIAN_POINT('',(107.145421565009,-5.25000000000002,-54.529006752418));
#5262=CARTESIAN_POINT('',(107.55513656685,-5.25000000000002,-54.8919008933809));
#5263=CARTESIAN_POINT('',(108.488894145729,-5.25000000000002,-55.8534166090951));
#5264=CARTESIAN_POINT('',(108.979804286402,-5.25000000000002,-56.4839065127343));
#5265=CARTESIAN_POINT('',(110.230334111655,-5.25000000000002,-58.5126531182471));
#5266=CARTESIAN_POINT('',(110.763491426665,-5.25000000000002,-60.048405369719));
#5267=CARTESIAN_POINT('',(110.946965738619,-5.25000000000002,-61.6274009576279));
#5268=CARTESIAN_POINT('',(110.957708750574,-5.25000000000002,-61.7198562354098));
#5269=CARTESIAN_POINT('',(110.968451762529,-5.25000000000002,-61.8123115131917));
#5270=CARTESIAN_POINT('',(110.979194774484,-5.25000000000002,-61.9047667909736));
#5271=CARTESIAN_POINT('',(106.368888978394,-3.38270909901012E-16,-55.3356214373476));
#5272=CARTESIAN_POINT('',(107.375302868952,-3.38270909901012E-16,-56.1703702039569));
#5273=CARTESIAN_POINT('',(108.619162088146,-3.38270909901012E-16,-57.721513717898));
#5274=CARTESIAN_POINT('',(109.59356163993,-3.38270909901012E-16,-60.1326679970377));
#5275=CARTESIAN_POINT('',(109.818873569297,-3.38270909901012E-16,-61.4333345298733));
#5276=CARTESIAN_POINT('',(109.885915890384,-3.38270909901012E-16,-62.0855937829291));
#5277=CARTESIAN_POINT('',(106.368888978394,-3.38270909901012E-16,-55.3356214373476));
#5278=CARTESIAN_POINT('',(106.368888978393,1.33940881255746E-9,-55.3356214373489));
#5279=CARTESIAN_POINT('',(106.30797337774,-0.0450630183388151,-55.2850144817271));
#5280=CARTESIAN_POINT('',(106.246570637843,-0.0901255426816694,-55.2349450774837));
#5281=CARTESIAN_POINT('',(106.184683609797,-0.135183917200735,-55.1854194464249));
#5282=CARTESIAN_POINT('',(105.773007874853,-0.499802641127634,-55.0548564903822));
#5283=CARTESIAN_POINT('',(109.857109931358,-0.499802641132341,-68.2217246756158));
#5284=CARTESIAN_POINT('',(113.941211987862,-0.499802641118206,-81.3885928608494));
#5285=CARTESIAN_POINT('',(118.025314044368,-0.499802641127,-94.5554610460831));
#5286=CARTESIAN_POINT('',(106.237145721411,0.,-54.9108901115164));
#5287=CARTESIAN_POINT('',(110.321247777304,0.,-68.0777582969399));
#5288=CARTESIAN_POINT('',(114.405349834893,0.,-81.2446264818372));
#5289=CARTESIAN_POINT('',(118.489451891005,0.,-94.4114946671929));
#5290=CARTESIAN_POINT('',(118.485498210464,0.,-94.3987482691325));
#5291=CARTESIAN_POINT('',(114.446628466198,0.,-81.377705992555));
#5292=CARTESIAN_POINT('',(110.407758721932,0.,-68.3566637159775));
#5293=CARTESIAN_POINT('',(106.368888977665,0.,-55.3356214394));
#5294=CARTESIAN_POINT('',(118.485410473425,0.,-94.3987754834265));
#5295=CARTESIAN_POINT('',(118.48541293832,-9.18245368643685E-5,-94.3987747188648));
#5296=CARTESIAN_POINT('',(118.332046640336,-0.166662096733573,-94.4510034946043));
#5297=CARTESIAN_POINT('',(118.178680342352,-0.333232368930285,-94.5032322703437));
#5298=CARTESIAN_POINT('',(118.025314044368,-0.499802641127,-94.5554610460831));
#5299=CARTESIAN_POINT('',(114.305891193738,-15.,-45.5069411320668));
#5300=CARTESIAN_POINT('',(122.81981033374,-16.,-50.3871052933043));
#5301=CARTESIAN_POINT('',(136.4025066468,-16.,-56.4267257930994));
#5302=CARTESIAN_POINT('',(133.079659792422,-20.0838153072307,-59.4185444978114));
#5303=CARTESIAN_POINT('',(155.41090843621,-13.7000000000001,-84.4666151432569));
#5304=CARTESIAN_POINT('',(139.031668186738,-13.7000000000001,-61.2913094454666));
#5305=CARTESIAN_POINT('',(149.195302627963,-13.7000000000001,-92.6258142664009));
#5306=CARTESIAN_POINT('',(140.756364728133,-13.7000000000001,-107.25));
#5307=CARTESIAN_POINT('',(149.888801915206,-13.7000000000001,-91.424020568765));
#5308=CARTESIAN_POINT('',(148.372596485737,-13.7000000000001,-86.7495562701938));
#5309=CARTESIAN_POINT('',(138.481142233939,-13.7000000000001,-56.2541835045401));
#5310=CARTESIAN_POINT('',(163.089550748997,-13.7000000000001,-67.1939884427544));
#5311=CARTESIAN_POINT('',(139.031668186738,-16.,-61.2913094454666));
#5312=CARTESIAN_POINT('',(139.031668186738,-15.,-61.2913094454666));
#5313=CARTESIAN_POINT('',(149.195302627963,-15.,-92.6258142664009));
#5314=CARTESIAN_POINT('',(149.195302627963,-16.,-92.6258142664009));
#5315=CARTESIAN_POINT('',(149.888801915206,-18.,-91.424020568765));
#5316=CARTESIAN_POINT('',(138.481142233939,-18.,-56.2541835045401));
#5317=CARTESIAN_POINT('',(138.481142233939,-15.,-56.2541835045401));
#5318=CARTESIAN_POINT('',(149.888801915206,-18.,-91.424020568765));
#5319=CARTESIAN_POINT('',(149.888801915206,-15.,-91.424020568765));
#5320=CARTESIAN_POINT('',(149.888801915206,-15.,-91.424020568765));
#5321=CARTESIAN_POINT('',(138.481142233939,-18.,-56.2541835045401));
#5322=CARTESIAN_POINT('',(138.481142233939,-15.,-56.2541835045401));
#5323=CARTESIAN_POINT('',(114.305891193738,-15.,-45.5069411320668));
#5324=CARTESIAN_POINT('',(114.305891193738,-16.,-45.5069411320668));
#5325=CARTESIAN_POINT('',(114.305891193738,-18.,-45.5069411320668));
#5326=CARTESIAN_POINT('',(114.305891193738,-15.,-45.5069411320668));
#5327=CARTESIAN_POINT('',(107.722952991949,-15.,-19.7953698905215));
#5328=CARTESIAN_POINT('',(105.551874253049,-13.1975678310845,-11.3155932383491));
#5329=CARTESIAN_POINT('',(107.071261481827,-14.4589649278924,-17.2500000000001));
#5330=CARTESIAN_POINT('',(107.071261481827,-18.,-17.2500000000001));
#5331=CARTESIAN_POINT('',(147.529464437566,-9.99999999999979,-58.249999995764));
#5332=CARTESIAN_POINT('',(160.340118267935,-9.99999999999972,-82.3469968925659));
#5333=CARTESIAN_POINT('',(150.236998054585,-9.99999999999978,-55.3056389933196));
#5334=CARTESIAN_POINT('',(151.504331018855,-9.99999999999977,-58.6977004100546));
#5335=CARTESIAN_POINT('',(147.529464437566,-9.99999999999979,-58.249999995764));
#5336=CARTESIAN_POINT('',(147.529464437566,-9.99999999999979,-58.249999995764));
#5337=CARTESIAN_POINT('',(147.529464437566,-10.9999999999998,-58.249999995764));
#5338=CARTESIAN_POINT('',(151.282824464734,-11.4381955276601,-62.1852584502397));
#5339=CARTESIAN_POINT('',(151.530065772262,-10.8214281370708,-61.0971247595598));
#5340=CARTESIAN_POINT('',(151.658346276218,-10.2918701527233,-59.9380175812442));
#5341=CARTESIAN_POINT('',(151.504331018855,-9.99999999999978,-58.6977004100546));
#5342=CARTESIAN_POINT('',(151.282824464734,-11.4381955276601,-62.1852584502397));
#5343=CARTESIAN_POINT('',(149.279402710447,-10.9999999999998,-62.9337715573484));
#5344=CARTESIAN_POINT('',(149.971505887534,-10.9999999999998,-62.6751898091907));
#5345=CARTESIAN_POINT('',(150.640731978259,-11.1686303727389,-62.4251553371902));
#5346=CARTESIAN_POINT('',(151.282824464734,-11.4381955276601,-62.1852584502397));
#5347=CARTESIAN_POINT('',(149.279402710447,-10.9999999999998,-62.9337715573484));
#5348=CARTESIAN_POINT('',(147.529464437566,-10.9999999999998,-58.249999995764));
#5349=CARTESIAN_POINT('',(145.779526164686,-10.9999999999998,-53.5662284341795));
#5350=CARTESIAN_POINT('',(147.782947918973,-11.4381955276601,-52.8177153270708));
#5351=CARTESIAN_POINT('',(147.138994214075,-11.1678489905503,-53.0583075974978));
#5352=CARTESIAN_POINT('',(146.47536796961,-10.9999999999998,-53.306249869833));
#5353=CARTESIAN_POINT('',(145.779526164686,-10.9999999999998,-53.5662284341795));
#5354=CARTESIAN_POINT('',(147.782947918973,-11.4381955276601,-52.8177153270708));
#5355=CARTESIAN_POINT('',(150.236998054585,-9.99999999999978,-55.3056389933196));
#5356=CARTESIAN_POINT('',(149.54242635362,-10.2908541938336,-54.2718007504547));
#5357=CARTESIAN_POINT('',(148.682340493463,-10.8219580940569,-53.4765911103961));
#5358=CARTESIAN_POINT('',(147.782947918973,-11.4381955276601,-52.8177153270708));
#5359=CARTESIAN_POINT('',(152.939258079274,-6.30245703598898,-43.8146863748978));
#5360=CARTESIAN_POINT('',(152.883315463216,-6.30245703598898,-43.70318372207));
#5361=CARTESIAN_POINT('',(152.827968414845,-6.30245703598898,-43.59240045146));
#5362=CARTESIAN_POINT('',(152.711081469294,-6.30245703598898,-43.3572780385106));
#5363=CARTESIAN_POINT('',(152.649719859184,-6.30245703598898,-43.2330991496809));
#5364=CARTESIAN_POINT('',(152.468267037007,-6.30245703598898,-42.8629642780462));
#5365=CARTESIAN_POINT('',(152.350807594477,-6.30245703598898,-42.6194098712554));
#5366=CARTESIAN_POINT('',(152.140339755437,-6.30245703598898,-42.1721948412771));
#5367=CARTESIAN_POINT('',(152.046274580535,-6.30245703598898,-41.967931733408));
#5368=CARTESIAN_POINT('',(151.955261617197,-6.30245703598898,-41.7646608927257));
#5369=CARTESIAN_POINT('',(152.955629761949,-6.28021557926349,-43.8114884332426));
#5370=CARTESIAN_POINT('',(152.899689425766,-6.28021557926349,-43.6999974686845));
#5371=CARTESIAN_POINT('',(152.844347362902,-6.28021557926349,-43.5892398465301));
#5372=CARTESIAN_POINT('',(152.727469537468,-6.28021557926349,-43.3541650439283));
#5373=CARTESIAN_POINT('',(152.666113525548,-6.28021557926349,-43.2300156871999));
#5374=CARTESIAN_POINT('',(152.484679616875,-6.28021557926349,-42.859982528966));
#5375=CARTESIAN_POINT('',(152.367235640973,-6.28021557926349,-42.6165134510673));
#5376=CARTESIAN_POINT('',(152.156800502786,-6.28021557926349,-42.1694910049119));
#5377=CARTESIAN_POINT('',(152.062752061106,-6.28021557926349,-41.9653302418985));
#5378=CARTESIAN_POINT('',(151.971756606911,-6.28021557926349,-41.7621755020711));
#5379=CARTESIAN_POINT('',(152.972001444625,-6.257974122538,-43.8082904915874));
#5380=CARTESIAN_POINT('',(152.916063388316,-6.257974122538,-43.6968112152989));
#5381=CARTESIAN_POINT('',(152.860726310959,-6.257974122538,-43.5860792416002));
#5382=CARTESIAN_POINT('',(152.743857605642,-6.257974122538,-43.3510520493459));
#5383=CARTESIAN_POINT('',(152.682507191912,-6.257974122538,-43.2269322247188));
#5384=CARTESIAN_POINT('',(152.501092196742,-6.257974122538,-42.8570007798858));
#5385=CARTESIAN_POINT('',(152.383663687468,-6.257974122538,-42.6136170308791));
#5386=CARTESIAN_POINT('',(152.173261250135,-6.257974122538,-42.1667871685468));
#5387=CARTESIAN_POINT('',(152.079229541677,-6.257974122538,-41.962728750389));
#5388=CARTESIAN_POINT('',(151.988251596625,-6.257974122538,-41.7596901114165));
#5389=CARTESIAN_POINT('',(152.988373127301,-6.23573266581252,-43.8050925499323));
#5390=CARTESIAN_POINT('',(152.932437350866,-6.23573266581252,-43.6936249619134));
#5391=CARTESIAN_POINT('',(152.877105259016,-6.23573266581252,-43.5829186366703));
#5392=CARTESIAN_POINT('',(152.760245673816,-6.23573266581251,-43.3479390547636));
#5393=CARTESIAN_POINT('',(152.698900858276,-6.23573266581251,-43.2238487622378));
#5394=CARTESIAN_POINT('',(152.51750477661,-6.23573266581251,-42.8540190308055));
#5395=CARTESIAN_POINT('',(152.400091733964,-6.23573266581251,-42.6107206106909));
#5396=CARTESIAN_POINT('',(152.189721997484,-6.23573266581251,-42.1640833321816));
#5397=CARTESIAN_POINT('',(152.095707022248,-6.23573266581251,-41.9601272588794));
#5398=CARTESIAN_POINT('',(152.004746586339,-6.23573266581251,-41.7572047207619));
#5399=CARTESIAN_POINT('',(153.011927962404,-6.20373266581251,-43.8004914964029));
#5400=CARTESIAN_POINT('',(152.955995466149,-6.20373266581251,-43.6890407249367));
#5401=CARTESIAN_POINT('',(152.900670547221,-6.20373266581251,-43.5783713015292));
#5402=CARTESIAN_POINT('',(152.783824083632,-6.20373266581251,-43.343460219233));
#5403=CARTESIAN_POINT('',(152.722487322514,-6.20373266581251,-43.2194124161562));
#5404=CARTESIAN_POINT('',(152.54111845274,-6.20373266581251,-42.8497290253556));
#5405=CARTESIAN_POINT('',(152.423727662777,-6.20373266581251,-42.606553372584));
#5406=CARTESIAN_POINT('',(152.213404974803,-6.20373266581251,-42.1601931749516));
#5407=CARTESIAN_POINT('',(152.119414074568,-6.20373266581251,-41.9563843507897));
#5408=CARTESIAN_POINT('',(152.028478830021,-6.20373266581251,-41.7536288533208));
#5409=CARTESIAN_POINT('',(153.035482797506,-6.17173266581252,-43.7958904428736));
#5410=CARTESIAN_POINT('',(152.979553581432,-6.17173266581252,-43.6844564879599));
#5411=CARTESIAN_POINT('',(152.924235835426,-6.17173266581252,-43.5738239663882));
#5412=CARTESIAN_POINT('',(152.807402493447,-6.17173266581252,-43.3389813837023));
#5413=CARTESIAN_POINT('',(152.746073786752,-6.17173266581252,-43.2149760700746));
#5414=CARTESIAN_POINT('',(152.564732128869,-6.17173266581252,-42.8454390199056));
#5415=CARTESIAN_POINT('',(152.44736359159,-6.17173266581252,-42.602386134477));
#5416=CARTESIAN_POINT('',(152.237087952122,-6.17173266581252,-42.1563030177217));
#5417=CARTESIAN_POINT('',(152.143121126888,-6.17173266581252,-41.9526414427));
#5418=CARTESIAN_POINT('',(152.052211073703,-6.17173266581252,-41.7500529858797));
#5419=CARTESIAN_POINT('',(153.059037632609,-6.13973266581252,-43.7912893893442));
#5420=CARTESIAN_POINT('',(153.003111696714,-6.13973266581252,-43.6798722509832));
#5421=CARTESIAN_POINT('',(152.94780112363,-6.13973266581252,-43.5692766312471));
#5422=CARTESIAN_POINT('',(152.830980903263,-6.13973266581252,-43.3345025481717));
#5423=CARTESIAN_POINT('',(152.76966025099,-6.13973266581252,-43.2105397239931));
#5424=CARTESIAN_POINT('',(152.588345804999,-6.13973266581252,-42.8411490144556));
#5425=CARTESIAN_POINT('',(152.470999520403,-6.13973266581252,-42.59821889637));
#5426=CARTESIAN_POINT('',(152.260770929441,-6.13973266581252,-42.1524128604917));
#5427=CARTESIAN_POINT('',(152.166828179209,-6.13973266581252,-41.9488985346103));
#5428=CARTESIAN_POINT('',(152.075943317385,-6.13973266581252,-41.7464771184386));
#5429=CARTESIAN_POINT('',(153.29480999841,-5.81942833455192,-43.7452350964125));
#5430=CARTESIAN_POINT('',(153.238916895509,-5.81942833455192,-43.633986283509));
#5431=CARTESIAN_POINT('',(153.18367811986,-5.81942833455192,-43.5237600330788));
#5432=CARTESIAN_POINT('',(153.066989240393,-5.81942833455192,-43.2896715975634));
#5433=CARTESIAN_POINT('',(153.005749208943,-5.81942833455192,-43.1661340719649));
#5434=CARTESIAN_POINT('',(152.824707140665,-5.81942833455192,-42.7982081604945));
#5435=CARTESIAN_POINT('',(152.707583594531,-5.81942833455192,-42.5565068833994));
#5436=CARTESIAN_POINT('',(152.497825936078,-5.81942833455192,-42.1134742914279));
#5437=CARTESIAN_POINT('',(152.40412416482,-5.81942833455192,-41.9114338573401));
#5438=CARTESIAN_POINT('',(152.313491456194,-5.81942833455192,-41.71068443627));
#5439=CARTESIAN_POINT('',(153.512750659025,-5.48331917314749,-43.7026639367618));
#5440=CARTESIAN_POINT('',(153.456887905924,-5.48331917314749,-43.5915707186894));
#5441=CARTESIAN_POINT('',(153.401715497598,-5.48331917314749,-43.4816859017868));
#5442=CARTESIAN_POINT('',(153.285148025586,-5.48331917314749,-43.248231257605));
#5443=CARTESIAN_POINT('',(153.223982517522,-5.48331917314749,-43.1250868648199));
#5444=CARTESIAN_POINT('',(153.043192226753,-5.48331917314749,-42.7585149672405));
#5445=CARTESIAN_POINT('',(152.926274573144,-5.48331917314749,-42.5179495926348));
#5446=CARTESIAN_POINT('',(152.716952230092,-5.48331917314749,-42.0774806861708));
#5447=CARTESIAN_POINT('',(152.623473212321,-5.48331917314749,-41.8768026719326));
#5448=CARTESIAN_POINT('',(152.533073586288,-5.48331917314749,-41.6775987912644));
#5449=CARTESIAN_POINT('',(153.711319247236,-5.13218180565828,-43.6638767960489));
#5450=CARTESIAN_POINT('',(153.655484146236,-5.13218180565828,-43.5529253424635));
#5451=CARTESIAN_POINT('',(153.600372206046,-5.13218180565828,-43.4433516101163));
#5452=CARTESIAN_POINT('',(153.483915349954,-5.13218180565828,-43.2104744215135));
#5453=CARTESIAN_POINT('',(153.422817741123,-5.13218180565828,-43.0876882171798));
#5454=CARTESIAN_POINT('',(153.242256848137,-5.13218180565828,-42.7223499793773));
#5455=CARTESIAN_POINT('',(153.125526785902,-5.13218180565828,-42.4828195403961));
#5456=CARTESIAN_POINT('',(152.91660106441,-5.13218180565828,-42.0446864413503));
#5457=CARTESIAN_POINT('',(152.823325000257,-5.13218180565828,-41.8452497456679));
#5458=CARTESIAN_POINT('',(152.733137738824,-5.13218180565827,-41.6474540270875));
#5459=CARTESIAN_POINT('',(153.665677836749,-5.13973266581256,-43.5824887674629));
#5460=CARTESIAN_POINT('',(153.48881388377,-5.47022868280912,-43.6396883863536));
#5461=CARTESIAN_POINT('',(153.294965695911,-5.78953935123733,-43.7032904770337));
#5462=CARTESIAN_POINT('',(153.084048315991,-6.09693865211228,-43.7725901051068));
#5463=CARTESIAN_POINT('',(153.665677836749,-5.13973266581256,-43.5824887674629));
#5464=CARTESIAN_POINT('',(153.084048315991,-6.09693865211228,-43.7725901051067));
#5465=CARTESIAN_POINT('',(153.084048315991,-6.09693865211226,-43.7725901051067));
#5466=CARTESIAN_POINT('',(152.686479580891,-6.15786072161612,-43.0774533339327));
#5467=CARTESIAN_POINT('',(152.311537507215,-6.22382819787982,-42.4205287921078));
#5468=CARTESIAN_POINT('',(151.965618037325,-6.2956432518667,-41.7757356141597));
#5469=CARTESIAN_POINT('',(151.966009942075,-6.29628914764768,-41.7755931840751));
#5470=CARTESIAN_POINT('',(151.965480829517,-6.29587018674511,-41.7758303811625));
#5471=CARTESIAN_POINT('',(152.083794019115,-6.19792631898003,-41.8667520000753));
#5472=CARTESIAN_POINT('',(152.203142418286,-6.10052025784475,-41.9570967065439));
#5473=CARTESIAN_POINT('',(152.321460137407,-6.00075895104754,-42.0474171396966));
#5474=CARTESIAN_POINT('',(152.321582678788,-6.00000000000009,-42.046422639727));
#5475=CARTESIAN_POINT('',(152.320636936096,-6.00145187838446,-42.0467868710068));
#5476=CARTESIAN_POINT('',(152.644265339038,-5.7282803151765,-42.2932779194162));
#5477=CARTESIAN_POINT('',(152.962156246852,-5.44058722466571,-42.5393548642388));
#5478=CARTESIAN_POINT('',(153.271547989809,-5.13957660888061,-42.7902591171022));
#5479=CARTESIAN_POINT('',(153.271726390079,-5.13973266581267,-42.7908194918315));
#5480=CARTESIAN_POINT('',(153.271726390165,-5.13973266581256,-42.790819492008));
#5481=CARTESIAN_POINT('',(153.398911854833,-5.13973266581256,-43.0500089727759));
#5482=CARTESIAN_POINT('',(153.530355764648,-5.13973266581256,-43.3134233832153));
#5483=CARTESIAN_POINT('',(153.665677836749,-5.13973266581256,-43.582488767463));
#5484=CARTESIAN_POINT('',(145.422671705359,-13.7000000000001,-16.6397052279335));
#5485=CARTESIAN_POINT('',(146.429453066993,-13.7000000000001,-17.4046076165686));
#5486=CARTESIAN_POINT('',(147.428218836476,-13.5407679669804,-18.1634201570836));
#5487=CARTESIAN_POINT('',(145.206761875794,-13.7000000000001,-16.923890498382));
#5488=CARTESIAN_POINT('',(146.213543237408,-13.6999999999981,-17.6887928870367));
#5489=CARTESIAN_POINT('',(147.212309006874,-13.5407679669772,-18.4476054275715));
#5490=CARTESIAN_POINT('',(144.775266217557,-13.7000000000001,-17.492451736158));
#5491=CARTESIAN_POINT('',(145.782752635165,-13.7000000000009,-18.25645507886));
#5492=CARTESIAN_POINT('',(146.78221755258,-13.5407624952388,-19.014375546299));
#5493=CARTESIAN_POINT('',(144.126078726146,-13.7000000000001,-18.34414941028));
#5494=CARTESIAN_POINT('',(145.130393065908,-13.7000000000001,-19.1121975755255));
#5495=CARTESIAN_POINT('',(146.126712183067,-13.5407871180401,-19.8741318926336));
#5496=CARTESIAN_POINT('',(143.483310198477,-13.7000000000001,-19.1996250951012));
#5497=CARTESIAN_POINT('',(144.502592800789,-13.6999999999992,-19.9476467340576));
#5498=CARTESIAN_POINT('',(145.513762862499,-13.5408180493932,-20.6897147551981));
#5499=CARTESIAN_POINT('',(143.069498235718,-13.7000000000001,-19.7785944299205));
#5500=CARTESIAN_POINT('',(144.101615695297,-13.7000000000022,-20.5089178411125));
#5501=CARTESIAN_POINT('',(145.12551699724,-13.5407889971724,-21.2334273821658));
#5502=CARTESIAN_POINT('',(142.86718711918,-13.7000000000001,-20.0707834976327));
#5503=CARTESIAN_POINT('',(143.906683528524,-13.7000000000001,-20.7905286950211));
#5504=CARTESIAN_POINT('',(144.937904389115,-13.5407777327718,-21.5045439193019));
#5505=CARTESIAN_POINT('',(145.97164615365,-13.6874384352572,-17.0886780712315));
#5506=CARTESIAN_POINT('',(145.97319511876,-13.6661927779998,-18.0770583623744));
#5507=CARTESIAN_POINT('',(145.974742075079,-13.6177560913194,-19.0641568626127));
#5508=CARTESIAN_POINT('',(145.976287064025,-13.5426890017263,-20.0499999999994));
#5509=CARTESIAN_POINT('',(145.97164615365,-13.6874384352572,-17.0886780712315));
#5510=CARTESIAN_POINT('',(145.976287064025,-13.5426890017263,-20.0499999999994));
#5511=CARTESIAN_POINT('',(145.97164615365,-13.6874384352571,-17.0886780712375));
#5512=CARTESIAN_POINT('',(145.690213384438,-13.6957340961595,-17.0723832433661));
#5513=CARTESIAN_POINT('',(145.409012577346,-13.7000000000001,-17.0520635594725));
#5514=CARTESIAN_POINT('',(145.128057325527,-13.7000000000001,-17.0274831599803));
#5515=CARTESIAN_POINT('',(145.128057325527,-13.7000000000001,-17.0274831599804));
#5516=CARTESIAN_POINT('',(142.881588708555,-13.7000000000001,-20.0500000000008));
#5517=CARTESIAN_POINT('',(143.594798311113,-13.7000000000001,-19.0215334765268));
#5518=CARTESIAN_POINT('',(144.367743192047,-13.7000000000001,-18.0282253591775));
#5519=CARTESIAN_POINT('',(145.128057325527,-13.7000000000001,-17.0274831599807));
#5520=CARTESIAN_POINT('',(142.881588708555,-13.7000000000001,-20.0500000000008));
#5521=CARTESIAN_POINT('',(142.881588708555,-13.7000000000001,-20.0500000000008));
#5522=CARTESIAN_POINT('',(143.916069201914,-13.7000000000001,-20.0500000000003));
#5523=CARTESIAN_POINT('',(144.952122876136,-13.6458432788945,-20.05));
#5524=CARTESIAN_POINT('',(145.976287064025,-13.5426890017263,-20.0499999999994));
#5525=CARTESIAN_POINT('',(155.41090843621,-13.7000000000001,-84.4666151432569));
#5526=CARTESIAN_POINT('',(161.188139815471,-13.7000000000001,-18.4325583131416));
#5527=CARTESIAN_POINT('',(130.859000598992,-13.7000000000001,-15.7791024572001));
#5528=CARTESIAN_POINT('',(130.963587490289,-13.7000000000001,-14.5836688194899));
#5529=CARTESIAN_POINT('',(129.963587490289,-13.7000000000001,-15.2469937775616));
#5530=CARTESIAN_POINT('',(129.963587490292,-13.7000000000001,-20.0500000000079));
#5531=CARTESIAN_POINT('',(129.963587490292,-13.7000000000001,-20.0500000000079));
#5532=CARTESIAN_POINT('',(144.975502248395,-13.7000000000001,-20.05));
#5533=CARTESIAN_POINT('',(137.181714273354,-11.1461366814406,-24.0857748277651));
#5534=CARTESIAN_POINT('',(148.499688802909,-11.1461366814406,-17.2949901132809));
#5535=CARTESIAN_POINT('',(151.072167579141,-11.1461366814406,-21.5824547423865));
#5536=CARTESIAN_POINT('',(148.652309871827,-11.1461366814406,-17.5493585615995));
#5537=CARTESIAN_POINT('',(139.754193049587,-11.1461366814406,-28.3732394568707));
#5538=CARTESIAN_POINT('',(146.919677844567,-11.1461366814406,-24.073948581939));
#5539=CARTESIAN_POINT('',(146.358245683154,-11.1461366814406,-26.3496711304872));
#5540=CARTESIAN_POINT('',(148.560951081467,-11.1461366814406,-17.4211723958745));
#5541=CARTESIAN_POINT('',(147.79481438031,-11.1461366814406,-18.0638500406861));
#5542=CARTESIAN_POINT('',(140.01144092721,-10.6461366814406,-28.8019859197813));
#5543=CARTESIAN_POINT('',(151.329415456765,-10.6461366814406,-22.011201205297));
#5544=CARTESIAN_POINT('',(151.329415456765,-10.6461366814406,-22.011201205297));
#5545=CARTESIAN_POINT('',(140.01144092721,-10.6461366814406,-28.8019859197813));
#5546=CARTESIAN_POINT('',(147.267498895063,-10.6461366814406,-24.4483511411522));
#5547=CARTESIAN_POINT('',(146.659306496552,-11.5204259138555,-23.7936788889349));
#5548=CARTESIAN_POINT('',(140.01144092721,-11.3961366814406,-28.8019859197813));
#5549=CARTESIAN_POINT('',(151.329415456765,-11.3961366814406,-22.011201205297));
#5550=CARTESIAN_POINT('',(151.329415456765,-6.71524902727556,-22.011201205297));
#5551=CARTESIAN_POINT('',(142.654421972182,-15.1104054197108,-27.2161972935568));
#5552=CARTESIAN_POINT('',(158.425371572872,8.08554582662491E-7,-20.4397073521323));
#5553=CARTESIAN_POINT('',(156.804547336327,8.08554582662491E-7,-23.2428498167238));
#5554=CARTESIAN_POINT('',(155.183723099782,8.08554582662491E-7,-26.0459922813153));
#5555=CARTESIAN_POINT('',(153.562898863237,8.08554582662491E-7,-28.8491347459068));
#5556=CARTESIAN_POINT('',(152.987996728069,8.08554582662491E-7,-29.8434020771439));
#5557=CARTESIAN_POINT('',(152.54978272861,8.08554582662491E-7,-30.9164700196158));
#5558=CARTESIAN_POINT('',(151.978903050975,8.08554582662491E-7,-33.1413226824608));
#5559=CARTESIAN_POINT('',(151.84631438034,8.08554582662491E-7,-34.2928600364613));
#5560=CARTESIAN_POINT('',(151.896617218303,8.08554582662491E-7,-36.5892360215397));
#5561=CARTESIAN_POINT('',(152.079504085783,8.08554582662491E-7,-37.7338627846756));
#5562=CARTESIAN_POINT('',(152.747261606533,8.08554582662491E-7,-39.9315827102882));
#5563=CARTESIAN_POINT('',(153.232044493816,8.08554582662491E-7,-40.9844321157356));
#5564=CARTESIAN_POINT('',(153.849933753642,8.08554582662491E-7,-41.9525709764577));
#5565=CARTESIAN_POINT('',(153.892069504385,8.08554582662491E-7,-42.0185913143603));
#5566=CARTESIAN_POINT('',(153.934205255128,8.08554582662491E-7,-42.0846116522629));
#5567=CARTESIAN_POINT('',(153.976341005871,8.08554582662491E-7,-42.1506319901655));
#5568=CARTESIAN_POINT('',(158.425430883269,-0.687311703438731,-20.4397072591825));
#5569=CARTESIAN_POINT('',(156.804606646724,-0.687311703438731,-23.2428497237741));
#5570=CARTESIAN_POINT('',(155.18378241018,-0.687311703438731,-26.0459921883656));
#5571=CARTESIAN_POINT('',(153.562958173635,-0.687311703438731,-28.8491346529571));
#5572=CARTESIAN_POINT('',(152.988056038467,-0.687311703438731,-29.8434019841942));
#5573=CARTESIAN_POINT('',(152.549842039008,-0.687311703438731,-30.916469926666));
#5574=CARTESIAN_POINT('',(151.978962361372,-0.687311703438731,-33.141322589511));
#5575=CARTESIAN_POINT('',(151.846373690737,-0.687311703438731,-34.2928599435115));
#5576=CARTESIAN_POINT('',(151.8966765287,-0.687311703438731,-36.5892359285899));
#5577=CARTESIAN_POINT('',(152.079563396181,-0.687311703438731,-37.7338626917258));
#5578=CARTESIAN_POINT('',(152.74732091693,-0.687311703438731,-39.9315826173384));
#5579=CARTESIAN_POINT('',(153.232103804214,-0.687311703438731,-40.9844320227858));
#5580=CARTESIAN_POINT('',(153.84999306404,-0.687311703438731,-41.9525708835079));
#5581=CARTESIAN_POINT('',(153.892128814783,-0.687311703438731,-42.0185912214105));
#5582=CARTESIAN_POINT('',(153.934264565526,-0.687311703438731,-42.0846115593131));
#5583=CARTESIAN_POINT('',(153.976400316269,-0.687311703438731,-42.1506318972157));
#5584=CARTESIAN_POINT('',(158.372673097873,-1.37144565322162,-20.4397899398772));
#5585=CARTESIAN_POINT('',(156.751848861329,-1.37144565322162,-23.2429324044687));
#5586=CARTESIAN_POINT('',(155.131024624784,-1.37144565322162,-26.0460748690601));
#5587=CARTESIAN_POINT('',(153.510200388239,-1.37144565322162,-28.8492173336515));
#5588=CARTESIAN_POINT('',(152.935298253071,-1.37144565322162,-29.8434846648886));
#5589=CARTESIAN_POINT('',(152.497084253612,-1.37144565322162,-30.9165526073605));
#5590=CARTESIAN_POINT('',(151.926204575977,-1.37144565322162,-33.1414052702055));
#5591=CARTESIAN_POINT('',(151.793615905342,-1.37144565322162,-34.292942624206));
#5592=CARTESIAN_POINT('',(151.843918743305,-1.37144565322162,-36.5893186092844));
#5593=CARTESIAN_POINT('',(152.026805610785,-1.37144565322162,-37.7339453724203));
#5594=CARTESIAN_POINT('',(152.694563131534,-1.37144565322162,-39.9316652980329));
#5595=CARTESIAN_POINT('',(153.179346018818,-1.37144565322162,-40.9845147034803));
#5596=CARTESIAN_POINT('',(153.797235278644,-1.37144565322162,-41.9526535642024));
#5597=CARTESIAN_POINT('',(153.839371029387,-1.37144565322162,-42.018673902105));
#5598=CARTESIAN_POINT('',(153.88150678013,-1.37144565322162,-42.0846942400076));
#5599=CARTESIAN_POINT('',(153.923642530873,-1.37144565322162,-42.1507145779102));
#5600=CARTESIAN_POINT('',(158.21610275143,-2.38524269901375,-20.4400353130458));
#5601=CARTESIAN_POINT('',(156.595278514885,-2.38524269901375,-23.2431777776373));
#5602=CARTESIAN_POINT('',(154.97445427834,-2.38524269901375,-26.0463202422288));
#5603=CARTESIAN_POINT('',(153.353630041796,-2.38524269901375,-28.8494627068203));
#5604=CARTESIAN_POINT('',(152.778727906628,-2.38524269901375,-29.8437300380574));
#5605=CARTESIAN_POINT('',(152.340513907169,-2.38524269901375,-30.9167979805292));
#5606=CARTESIAN_POINT('',(151.769634229533,-2.38524269901375,-33.1416506433743));
#5607=CARTESIAN_POINT('',(151.637045558898,-2.38524269901375,-34.2931879973748));
#5608=CARTESIAN_POINT('',(151.687348396861,-2.38524269901375,-36.5895639824531));
#5609=CARTESIAN_POINT('',(151.870235264341,-2.38524269901375,-37.734190745589));
#5610=CARTESIAN_POINT('',(152.537992785091,-2.38524269901375,-39.9319106712016));
#5611=CARTESIAN_POINT('',(153.022775672374,-2.38524269901375,-40.984760076649));
#5612=CARTESIAN_POINT('',(153.6406649322,-2.38524269901375,-41.9528989373711));
#5613=CARTESIAN_POINT('',(153.682800682943,-2.38524269901375,-42.0189192752737));
#5614=CARTESIAN_POINT('',(153.724936433686,-2.38524269901375,-42.0849396131763));
#5615=CARTESIAN_POINT('',(153.76707218443,-2.38524269901375,-42.150959951079));
#5616=CARTESIAN_POINT('',(158.150806928878,-2.72233597131861,-20.4401376430413));
#5617=CARTESIAN_POINT('',(156.529982692333,-2.72233597131861,-23.2432801076329));
#5618=CARTESIAN_POINT('',(154.909158455788,-2.72233597131861,-26.0464225722244));
#5619=CARTESIAN_POINT('',(153.288334219243,-2.72233597131861,-28.849565036816));
#5620=CARTESIAN_POINT('',(152.713432084075,-2.72233597131861,-29.8438323680531));
#5621=CARTESIAN_POINT('',(152.275218084616,-2.72233597131861,-30.916900310525));
#5622=CARTESIAN_POINT('',(151.704338406981,-2.72233597131861,-33.14175297337));
#5623=CARTESIAN_POINT('',(151.571749736345,-2.72233597131861,-34.2932903273705));
#5624=CARTESIAN_POINT('',(151.622052574309,-2.72233597131861,-36.5896663124489));
#5625=CARTESIAN_POINT('',(151.804939441789,-2.72233597131861,-37.7342930755848));
#5626=CARTESIAN_POINT('',(152.472696962538,-2.72233597131861,-39.9320130011974));
#5627=CARTESIAN_POINT('',(152.957479849822,-2.72233597131861,-40.9848624066447));
#5628=CARTESIAN_POINT('',(153.575369109648,-2.72233597131861,-41.9530012673669));
#5629=CARTESIAN_POINT('',(153.617504860391,-2.72233597131861,-42.0190216052695));
#5630=CARTESIAN_POINT('',(153.659640611134,-2.72233597131861,-42.0850419431721));
#5631=CARTESIAN_POINT('',(153.701776361877,-2.72233597131861,-42.1510622810747));
#5632=CARTESIAN_POINT('',(157.993536775756,-3.39383037774066,-20.44038411293));
#5633=CARTESIAN_POINT('',(156.372712539211,-3.39383037774066,-23.2435265775215));
#5634=CARTESIAN_POINT('',(154.751888302667,-3.39383037774066,-26.046669042113));
#5635=CARTESIAN_POINT('',(153.131064066122,-3.39383037774066,-28.8498115067045));
#5636=CARTESIAN_POINT('',(152.556161930954,-3.39383037774066,-29.8440788379416));
#5637=CARTESIAN_POINT('',(152.117947931495,-3.39383037774066,-30.9171467804134));
#5638=CARTESIAN_POINT('',(151.547068253859,-3.39383037774066,-33.1419994432584));
#5639=CARTESIAN_POINT('',(151.414479583224,-3.39383037774066,-34.293536797259));
#5640=CARTESIAN_POINT('',(151.464782421188,-3.39383037774066,-36.5899127823373));
#5641=CARTESIAN_POINT('',(151.647669288668,-3.39383037774066,-37.7345395454732));
#5642=CARTESIAN_POINT('',(152.315426809417,-3.39383037774066,-39.9322594710858));
#5643=CARTESIAN_POINT('',(152.800209696701,-3.39383037774066,-40.9851088765333));
#5644=CARTESIAN_POINT('',(153.418098956527,-3.39383037774066,-41.9532477372553));
#5645=CARTESIAN_POINT('',(153.46023470727,-3.39383037774066,-42.0192680751579));
#5646=CARTESIAN_POINT('',(153.502370458013,-3.39383037774066,-42.0852884130605));
#5647=CARTESIAN_POINT('',(153.544506208756,-3.39383037774066,-42.1513087509631));
#5648=CARTESIAN_POINT('',(157.901618982411,-3.72771844433282,-20.4405281642189));
#5649=CARTESIAN_POINT('',(156.280794745866,-3.72771844433282,-23.2436706288104));
#5650=CARTESIAN_POINT('',(154.659970509322,-3.72771844433282,-26.0468130934019));
#5651=CARTESIAN_POINT('',(153.039146272777,-3.72771844433282,-28.8499555579934));
#5652=CARTESIAN_POINT('',(152.464244137609,-3.72771844433282,-29.8442228892305));
#5653=CARTESIAN_POINT('',(152.02603013815,-3.72771844433282,-30.9172908317024));
#5654=CARTESIAN_POINT('',(151.455150460514,-3.72771844433282,-33.1421434945474));
#5655=CARTESIAN_POINT('',(151.322561789879,-3.72771844433282,-34.2936808485479));
#5656=CARTESIAN_POINT('',(151.372864627843,-3.72771844433282,-36.5900568336263));
#5657=CARTESIAN_POINT('',(151.555751495323,-3.72771844433282,-37.7346835967622));
#5658=CARTESIAN_POINT('',(152.223509016072,-3.72771844433282,-39.9324035223748));
#5659=CARTESIAN_POINT('',(152.708291903356,-3.72771844433282,-40.9852529278221));
#5660=CARTESIAN_POINT('',(153.326181163182,-3.72771844433282,-41.9533917885443));
#5661=CARTESIAN_POINT('',(153.368316913925,-3.72771844433282,-42.0194121264469));
#5662=CARTESIAN_POINT('',(153.410452664668,-3.72771844433282,-42.0854324643495));
#5663=CARTESIAN_POINT('',(153.452588415411,-3.72771844433282,-42.1514528022521));
#5664=CARTESIAN_POINT('',(157.381347344902,-5.36833013859687,-20.441343521042));
#5665=CARTESIAN_POINT('',(155.760523108357,-5.36833013859687,-23.2444859856336));
#5666=CARTESIAN_POINT('',(154.139698871812,-5.36833013859687,-26.0476284502252));
#5667=CARTESIAN_POINT('',(152.518874635267,-5.36833013859687,-28.8507709148167));
#5668=CARTESIAN_POINT('',(151.943972500099,-5.36833013859687,-29.8450382460539));
#5669=CARTESIAN_POINT('',(151.50575850064,-5.36833013859687,-30.9181061885257));
#5670=CARTESIAN_POINT('',(150.934878823005,-5.36833013859687,-33.1429588513707));
#5671=CARTESIAN_POINT('',(150.802290152369,-5.36833013859687,-34.2944962053712));
#5672=CARTESIAN_POINT('',(150.852592990333,-5.36833013859687,-36.5908721904496));
#5673=CARTESIAN_POINT('',(151.035479857813,-5.36833013859687,-37.7354989535855));
#5674=CARTESIAN_POINT('',(151.703237378562,-5.36833013859687,-39.9332188791981));
#5675=CARTESIAN_POINT('',(152.188020265846,-5.36833013859687,-40.9860682846455));
#5676=CARTESIAN_POINT('',(152.805909525672,-5.36833013859687,-41.9542071453676));
#5677=CARTESIAN_POINT('',(152.848045276415,-5.36833013859687,-42.0202274832702));
#5678=CARTESIAN_POINT('',(152.890181027158,-5.36833013859687,-42.0862478211728));
#5679=CARTESIAN_POINT('',(152.932316777901,-5.36833013859687,-42.1522681590754));
#5680=CARTESIAN_POINT('',(156.764863339695,-6.61097890280864,-20.4423096595048));
#5681=CARTESIAN_POINT('',(155.144039103151,-6.61097890280864,-23.2454521240964));
#5682=CARTESIAN_POINT('',(153.523214866606,-6.61097890280864,-26.048594588688));
#5683=CARTESIAN_POINT('',(151.902390630061,-6.61097890280864,-28.8517370532796));
#5684=CARTESIAN_POINT('',(151.327488494893,-6.61097890280864,-29.8460043845167));
#5685=CARTESIAN_POINT('',(150.889274495434,-6.61097890280864,-30.9190723269885));
#5686=CARTESIAN_POINT('',(150.318394817799,-6.61097890280864,-33.1439249898336));
#5687=CARTESIAN_POINT('',(150.185806147163,-6.61097890280864,-34.2954623438341));
#5688=CARTESIAN_POINT('',(150.236108985127,-6.61097890280864,-36.5918383289124));
#5689=CARTESIAN_POINT('',(150.418995852607,-6.61097890280864,-37.7364650920483));
#5690=CARTESIAN_POINT('',(151.086753373356,-6.61097890280864,-39.9341850176609));
#5691=CARTESIAN_POINT('',(151.57153626064,-6.61097890280864,-40.9870344231083));
#5692=CARTESIAN_POINT('',(152.189425520466,-6.61097890280864,-41.9551732838304));
#5693=CARTESIAN_POINT('',(152.231561271209,-6.61097890280864,-42.021193621733));
#5694=CARTESIAN_POINT('',(152.273697021952,-6.61097890280864,-42.0872139596356));
#5695=CARTESIAN_POINT('',(152.315832772695,-6.61097890280864,-42.1532342975382));
#5696=CARTESIAN_POINT('',(155.958687649271,-7.74074495600593,-20.4435730780781));
#5697=CARTESIAN_POINT('',(154.337863412726,-7.74074495600593,-23.2467155426697));
#5698=CARTESIAN_POINT('',(152.717039176182,-7.74074495600593,-26.0498580072613));
#5699=CARTESIAN_POINT('',(151.096214939637,-7.74074495600593,-28.8530004718529));
#5700=CARTESIAN_POINT('',(150.521312804469,-7.74074495600593,-29.84726780309));
#5701=CARTESIAN_POINT('',(150.08309880501,-7.74074495600593,-30.9203357455618));
#5702=CARTESIAN_POINT('',(149.512219127374,-7.74074495600593,-33.1451884084069));
#5703=CARTESIAN_POINT('',(149.379630456739,-7.74074495600593,-34.2967257624074));
#5704=CARTESIAN_POINT('',(149.429933294702,-7.74074495600593,-36.5931017474857));
#5705=CARTESIAN_POINT('',(149.612820162182,-7.74074495600593,-37.7377285106216));
#5706=CARTESIAN_POINT('',(150.280577682932,-7.74074495600593,-39.9354484362342));
#5707=CARTESIAN_POINT('',(150.765360570216,-7.74074495600593,-40.9882978416816));
#5708=CARTESIAN_POINT('',(151.383249830041,-7.74074495600593,-41.9564367024037));
#5709=CARTESIAN_POINT('',(151.425385580785,-7.74074495600593,-42.0224570403063));
#5710=CARTESIAN_POINT('',(151.467521331528,-7.74074495600593,-42.0884773782089));
#5711=CARTESIAN_POINT('',(151.509657082271,-7.74074495600593,-42.1544977161115));
#5712=CARTESIAN_POINT('',(152.006317915472,-6.45156904018412,-41.6505325766063));
#5713=CARTESIAN_POINT('',(151.707651860054,-6.44896094409138,-41.1493595572261));
#5714=CARTESIAN_POINT('',(151.153004137933,-6.44450511161024,-40.0614008514868));
#5715=CARTESIAN_POINT('',(150.525811761995,-6.44010611620689,-38.174805520566));
#5716=CARTESIAN_POINT('',(150.243594467065,-6.43834126429676,-36.4148534056543));
#5717=CARTESIAN_POINT('',(150.211080018646,-6.43811205139682,-35.0960184895752));
#5718=CARTESIAN_POINT('',(150.243177462318,-6.4382570698294,-34.336439077133));
#5719=CARTESIAN_POINT('',(150.299126625634,-6.43853603182295,-33.7249225694707));
#5720=CARTESIAN_POINT('',(150.365746824641,-6.43885330451317,-33.2371823956834));
#5721=CARTESIAN_POINT('',(150.482746873262,-6.43934577835543,-32.5651226136166));
#5722=CARTESIAN_POINT('',(150.757938205852,-6.44039974461053,-31.4155007280747));
#5723=CARTESIAN_POINT('',(151.341056054026,-6.44244928948435,-29.8172676476005));
#5724=CARTESIAN_POINT('',(152.370209331288,-6.44578024528745,-28.0638387655409));
#5725=CARTESIAN_POINT('',(153.043276819278,-6.44858133871015,-26.8905523141853));
#5726=CARTESIAN_POINT('',(153.381318889971,-6.45012694211199,-26.3044520238715));
#5727=CARTESIAN_POINT('',(152.002732446221,-6.44532158150027,-41.6526935727228));
#5728=CARTESIAN_POINT('',(153.381070798943,-6.45072810356627,-26.3043085734565));
#5729=CARTESIAN_POINT('',(153.381204116722,-6.45012119615828,-26.3046559904798));
#5730=CARTESIAN_POINT('',(153.255962211282,-6.8932159633884,-26.0993299963351));
#5731=CARTESIAN_POINT('',(153.117024607869,-7.32419996112523,-25.8716936731121));
#5732=CARTESIAN_POINT('',(152.96458033818,-7.74074495600593,-25.6217467245651));
#5733=CARTESIAN_POINT('',(152.96458033818,-7.74074495600593,-25.6217467245651));
#5734=CARTESIAN_POINT('',(157.498670058149,-7.74074495600593,-17.7802429107976));
#5735=CARTESIAN_POINT('',(156.74083406357,-7.74074495600593,-19.0908861068344));
#5736=CARTESIAN_POINT('',(155.982998068992,-7.74074495600593,-20.4015293028711));
#5737=CARTESIAN_POINT('',(155.225162074414,-7.74074495600593,-21.7121724989079));
#5738=CARTESIAN_POINT('',(154.642211309353,-7.74074495600593,-22.7203595727823));
#5739=CARTESIAN_POINT('',(154.059260544293,-7.74074495600593,-23.7285466466568));
#5740=CARTESIAN_POINT('',(153.476309779232,-7.74074495600593,-24.7367337205312));
#5741=CARTESIAN_POINT('',(153.027886113801,-7.74074495600593,-25.5122622388962));
#5742=CARTESIAN_POINT('',(152.57946244837,-7.74074495600593,-26.2877907572611));
#5743=CARTESIAN_POINT('',(152.131038782939,-7.74074495600593,-27.0633192756261));
#5744=CARTESIAN_POINT('',(151.786097501838,-7.74074495600593,-27.6598796743683));
#5745=CARTESIAN_POINT('',(151.441156220738,-7.74074495600593,-28.2564400731106));
#5746=CARTESIAN_POINT('',(151.096214939637,-7.74074495600593,-28.8530004718529));
#5747=CARTESIAN_POINT('',(150.521312804469,-7.74074495600593,-29.84726780309));
#5748=CARTESIAN_POINT('',(150.08309880501,-7.74074495600593,-30.9203357455618));
#5749=CARTESIAN_POINT('',(149.512219127374,-7.74074495600593,-33.1451884084069));
#5750=CARTESIAN_POINT('',(149.379630456739,-7.74074495600593,-34.2967257624074));
#5751=CARTESIAN_POINT('',(149.429933294702,-7.74074495600593,-36.5931017474857));
#5752=CARTESIAN_POINT('',(149.612820162182,-7.74074495600593,-37.7377285106216));
#5753=CARTESIAN_POINT('',(150.280577682932,-7.74074495600593,-39.9354484362342));
#5754=CARTESIAN_POINT('',(150.765360570216,-7.74074495600593,-40.9882978416816));
#5755=CARTESIAN_POINT('',(151.383249830041,-7.74074495600593,-41.9564367024037));
#5756=CARTESIAN_POINT('',(151.753983385937,-7.74074495600593,-42.537320018837));
#5757=CARTESIAN_POINT('',(152.124716941832,-7.74074495600593,-43.1182033352703));
#5758=CARTESIAN_POINT('',(152.495450497728,-7.74074495600593,-43.6990866517035));
#5759=CARTESIAN_POINT('',(152.977404120392,-7.74074495600593,-44.4542349630668));
#5760=CARTESIAN_POINT('',(153.459357743056,-7.74074495600593,-45.20938327443));
#5761=CARTESIAN_POINT('',(153.94131136572,-7.74074495600593,-45.9645315857933));
#5762=CARTESIAN_POINT('',(154.567851075184,-7.74074495600593,-46.9462243905655));
#5763=CARTESIAN_POINT('',(155.194390784647,-7.74074495600593,-47.9279171953377));
#5764=CARTESIAN_POINT('',(155.82093049411,-7.74074495600593,-48.9096100001099));
#5765=CARTESIAN_POINT('',(156.635432116413,-7.74074495600593,-50.1858106463138));
#5766=CARTESIAN_POINT('',(157.449933738715,-7.74074495600593,-51.4620112925177));
#5767=CARTESIAN_POINT('',(158.264435361017,-7.74074495600593,-52.7382119387216));
#5768=CARTESIAN_POINT('',(151.383249830041,-7.74074495600593,-41.9564367024037));
#5769=CARTESIAN_POINT('',(151.383249830041,-7.74074495600593,-41.9564367024037));
#5770=CARTESIAN_POINT('',(152.189425520466,-6.61097890280864,-41.9551732838304));
#5771=CARTESIAN_POINT('',(152.805909525672,-5.36833013859687,-41.9542071453676));
#5772=CARTESIAN_POINT('',(153.326181163182,-3.72771844433282,-41.9533917885443));
#5773=CARTESIAN_POINT('',(153.418098956527,-3.39383037774066,-41.9532477372553));
#5774=CARTESIAN_POINT('',(153.575369109648,-2.72233597131861,-41.9530012673669));
#5775=CARTESIAN_POINT('',(153.6406649322,-2.38524269901375,-41.9528989373711));
#5776=CARTESIAN_POINT('',(153.797235278644,-1.37144565322162,-41.9526535642024));
#5777=CARTESIAN_POINT('',(153.84999306404,-0.687311703438731,-41.9525708835079));
#5778=CARTESIAN_POINT('',(153.849933753642,8.08554582662491E-7,-41.9525709764577));
#5779=CARTESIAN_POINT('',(152.193686189148,-6.45337380706285,-41.955166606616));
#5780=CARTESIAN_POINT('',(152.193421224986,-6.45322814355302,-41.9546254321646));
#5781=CARTESIAN_POINT('',(152.13020384613,-6.45265899559524,-41.8550698897594));
#5782=CARTESIAN_POINT('',(152.067803268123,-6.45210595994819,-41.7537073407852));
#5783=CARTESIAN_POINT('',(152.006317915472,-6.45156904018412,-41.6505325766063));
#5784=CARTESIAN_POINT('',(155.958687649269,-7.74074495600593,-20.4435730780813));
#5785=CARTESIAN_POINT('',(154.337863412725,-7.74074495600593,-23.2467155426718));
#5786=CARTESIAN_POINT('',(152.717039176181,-7.74074495600593,-26.0498580072624));
#5787=CARTESIAN_POINT('',(151.096214939637,-7.74074495600593,-28.8530004718529));
#5788=CARTESIAN_POINT('',(150.521312804469,-7.74074495600593,-29.84726780309));
#5789=CARTESIAN_POINT('',(150.08309880501,-7.74074495600593,-30.9203357455618));
#5790=CARTESIAN_POINT('',(149.512219127374,-7.74074495600593,-33.1451884084069));
#5791=CARTESIAN_POINT('',(149.379630456739,-7.74074495600593,-34.2967257624074));
#5792=CARTESIAN_POINT('',(149.429933294702,-7.74074495600593,-36.5931017474857));
#5793=CARTESIAN_POINT('',(149.612820162182,-7.74074495600593,-37.7377285106216));
#5794=CARTESIAN_POINT('',(150.280577682932,-7.74074495600593,-39.9354484362342));
#5795=CARTESIAN_POINT('',(150.765360570216,-7.74074495600593,-40.9882978416816));
#5796=CARTESIAN_POINT('',(151.383249830041,-7.74074495600593,-41.9564367024037));
#5797=CARTESIAN_POINT('',(151.425385580785,-7.74074495600593,-42.0224570403063));
#5798=CARTESIAN_POINT('',(151.467521331528,-7.74074495600593,-42.0884773782089));
#5799=CARTESIAN_POINT('',(151.509657082271,-7.74074495600593,-42.1544977161115));
#5800=CARTESIAN_POINT('',(151.492223781195,-14.,-20.4505728096226));
#5801=CARTESIAN_POINT('',(149.871399544651,-14.,-23.253715274213));
#5802=CARTESIAN_POINT('',(148.250575308107,-14.,-26.0568577388035));
#5803=CARTESIAN_POINT('',(146.629751071563,-14.,-28.8600002033939));
#5804=CARTESIAN_POINT('',(146.054848936395,-14.,-29.854267534631));
#5805=CARTESIAN_POINT('',(145.616634936936,-14.,-30.9273354771029));
#5806=CARTESIAN_POINT('',(145.0457552593,-14.,-33.1521881399479));
#5807=CARTESIAN_POINT('',(144.913166588665,-14.,-34.3037254939484));
#5808=CARTESIAN_POINT('',(144.963469426628,-14.,-36.6001014790268));
#5809=CARTESIAN_POINT('',(145.146356294108,-14.,-37.7447282421627));
#5810=CARTESIAN_POINT('',(145.814113814858,-14.,-39.9424481677752));
#5811=CARTESIAN_POINT('',(146.298896702142,-14.,-40.9952975732226));
#5812=CARTESIAN_POINT('',(146.916785961967,-14.,-41.9634364339448));
#5813=CARTESIAN_POINT('',(146.958921712711,-14.,-42.0294567718473));
#5814=CARTESIAN_POINT('',(147.001057463454,-14.,-42.0954771097499));
#5815=CARTESIAN_POINT('',(147.043193214197,-14.,-42.1614974476525));
#5816=CARTESIAN_POINT('',(152.964580338182,-7.74074495600593,-25.6217467245623));
#5817=CARTESIAN_POINT('',(152.413061279902,-9.25984736474418,-24.7025482936591));
#5818=CARTESIAN_POINT('',(151.861542221622,-10.7789497734824,-23.7833498627559));
#5819=CARTESIAN_POINT('',(151.310023163342,-12.2980521822207,-22.8641514318527));
#5820=CARTESIAN_POINT('',(151.301328774936,-12.2980521822212,-22.8791879847349));
#5821=CARTESIAN_POINT('',(151.301328774936,-12.2980521822211,-22.8791879847348));
#5822=CARTESIAN_POINT('',(151.072663959985,-12.2980521822213,-23.2746534759922));
#5823=CARTESIAN_POINT('',(150.61534885597,-12.2980499208875,-24.0655638214467));
#5824=CARTESIAN_POINT('',(149.92928904462,-12.2980600968952,-25.2520531619904));
#5825=CARTESIAN_POINT('',(149.3578267382,-12.2980290035481,-26.2404331305544));
#5826=CARTESIAN_POINT('',(148.957307427779,-12.298084406247,-26.9330033482329));
#5827=CARTESIAN_POINT('',(148.729212753928,-12.2979956488678,-27.3276588348724));
#5828=CARTESIAN_POINT('',(148.435450969269,-12.2984242958539,-27.8349053550224));
#5829=CARTESIAN_POINT('',(148.128190594079,-12.3003353237961,-28.3660331510091));
#5830=CARTESIAN_POINT('',(147.798177512957,-12.3045034712302,-28.9229813251245));
#5831=CARTESIAN_POINT('',(147.568208269901,-12.3101736695317,-29.3421256317694));
#5832=CARTESIAN_POINT('',(147.4465254439,-12.3146682386039,-29.576189589176));
#5833=CARTESIAN_POINT('',(147.235196240145,-12.3237398207056,-30.0035340709826));
#5834=CARTESIAN_POINT('',(147.025417038124,-12.3325246997261,-30.4803185750056));
#5835=CARTESIAN_POINT('',(146.71794967936,-12.3455400991715,-31.2822341289285));
#5836=CARTESIAN_POINT('',(146.424172741639,-12.3577213793052,-32.2700056514511));
#5837=CARTESIAN_POINT('',(146.182616059112,-12.3677992375398,-33.5510241692219));
#5838=CARTESIAN_POINT('',(146.046836955962,-12.3737385217697,-35.2424301569048));
#5839=CARTESIAN_POINT('',(146.265844167754,-12.3651265807534,-38.1826097570908));
#5840=CARTESIAN_POINT('',(147.214261506031,-12.3262731035138,-40.5563234773448));
#5841=CARTESIAN_POINT('',(148.139324469454,-12.2867475225676,-41.9615205099263));
#5842=CARTESIAN_POINT('',(148.144633227272,-12.2793089807987,-41.9615118122991));
#5843=CARTESIAN_POINT('',(151.383249830041,-7.74074495600593,-41.9564367024037));
#5844=CARTESIAN_POINT('',(151.383249830041,-7.74074495600593,-41.9564367024037));
#5845=CARTESIAN_POINT('',(154.935181610718,-7.74074495600593,-46.9492470014691));
#5846=CARTESIAN_POINT('',(157.95947531508,-7.74074495600593,-52.315919671584));
#5847=CARTESIAN_POINT('',(160.390673718544,-7.74074495600593,-57.9402994933954));
#5848=CARTESIAN_POINT('',(148.09043177067,-12.3552652243555,-41.9615971253042));
#5849=CARTESIAN_POINT('',(151.642363551346,-12.3552652243555,-46.9544074243696));
#5850=CARTESIAN_POINT('',(154.666657255708,-12.3552652243555,-52.3210800944844));
#5851=CARTESIAN_POINT('',(157.097855659172,-12.3552652243555,-57.9454599162959));
#5852=CARTESIAN_POINT('',(148.149928452587,-12.2718872059963,-41.961503883578));
#5853=CARTESIAN_POINT('',(151.688574363731,-12.2905058821428,-46.9543350035689));
#5854=CARTESIAN_POINT('',(154.699582198637,-12.3091245582893,-52.3210284945553));
#5855=CARTESIAN_POINT('',(157.117494732736,-12.3277432344359,-57.9454291372096));
#5856=CARTESIAN_POINT('',(157.117483665276,-12.3277587449938,-57.9454291557709));
#5857=CARTESIAN_POINT('',(160.390673718544,-7.74074495600593,-57.9402994933954));
#5858=CARTESIAN_POINT('',(160.390673718544,-7.74074495600593,-57.9402994933954));
#5859=CARTESIAN_POINT('',(151.383249830041,-7.74074495600593,-41.9564367024037));
#5860=CARTESIAN_POINT('',(154.935181610718,-7.74074495600593,-46.9492470014691));
#5861=CARTESIAN_POINT('',(157.95947531508,-7.74074495600593,-52.315919671584));
#5862=CARTESIAN_POINT('',(160.390673718544,-7.74074495600593,-57.9402994933954));
#5863=CARTESIAN_POINT('',(132.510199285885,-11.1999999999999,-28.2167388757474));
#5864=CARTESIAN_POINT('',(132.510199285885,-11.9999999999999,-28.2167388757474));
#5865=CARTESIAN_POINT('',(132.510199285885,-11.9999999999999,-28.2167388757474));
#5866=CARTESIAN_POINT('',(148.329019962108,-11.9999999999998,-80.892776240127));
#5867=CARTESIAN_POINT('',(148.329019962108,-11.1999999999998,-80.892776240127));
#5868=CARTESIAN_POINT('',(132.510199285885,-11.1999999999999,-28.2167388757474));
#5869=CARTESIAN_POINT('',(148.329019962108,-11.1999999999998,-80.892776240127));
#5870=CARTESIAN_POINT('',(148.329019962108,-11.9999999999998,-80.892776240127));
#5871=CARTESIAN_POINT('',(134.920574087538,-11.9999999999999,-84.919385139529));
#5872=CARTESIAN_POINT('',(134.920574087538,-11.1999999999999,-84.919385139529));
#5873=CARTESIAN_POINT('',(134.920574087538,-11.1999999999999,-84.919385139529));
#5874=CARTESIAN_POINT('',(119.101753411316,-11.2,-32.2433477751495));
#5875=CARTESIAN_POINT('',(119.101753411316,-12.,-32.2433477751495));
#5876=CARTESIAN_POINT('',(134.920574087538,-11.9999999999999,-84.919385139529));
#5877=CARTESIAN_POINT('',(119.101753411316,-11.2,-32.2433477751495));
#5878=CARTESIAN_POINT('',(119.101753411316,-12.,-32.2433477751495));
#5879=CARTESIAN_POINT('',(130.963587490289,-12.0000000000001,-14.5836688194899));
#5880=CARTESIAN_POINT('',(129.963587490289,-12.0000000000001,-14.5836688194899));
#5881=CARTESIAN_POINT('',(129.963587490289,-13.5,-14.5836688194899));
#5882=CARTESIAN_POINT('',(129.963587490289,-11.9999999999999,-14.5836688194899));
#5883=CARTESIAN_POINT('',(130.963587490289,-13.5,-14.5836688194899));
#5884=CARTESIAN_POINT('',(130.876431747541,-13.5,-15.5798635175817));
#5885=CARTESIAN_POINT('',(130.876431747541,-13.7000000000001,-15.5798635175817));
#5886=CARTESIAN_POINT('',(130.876431747541,-12.0000000000001,-15.5798635175817));
#5887=CARTESIAN_POINT('',(130.963587490289,-11.9999999999999,-14.5836688194899));
#5888=CARTESIAN_POINT('',(129.963587490289,-12.0000000000001,-9.99999999999999));
#5889=CARTESIAN_POINT('',(129.963587490289,-12.0000000000001,-9.49999999999999));
#5890=CARTESIAN_POINT('',(129.963587490289,-12.3116515749497,-9.49999999999999));
#5891=CARTESIAN_POINT('',(129.963587490289,-11.9999999999999,-9.49999999999999));
#5892=CARTESIAN_POINT('',(129.963587490289,-12.3116515749497,-9.49999999999999));
#5893=CARTESIAN_POINT('',(129.963587490289,-12.9156074203586,-9.98907380036689));
#5894=CARTESIAN_POINT('',(129.963587490289,-12.8116515749497,-9.49999999999999));
#5895=CARTESIAN_POINT('',(129.96358749029,-15.0541233005701,-20.0500000000079));
#5896=CARTESIAN_POINT('',(129.963587490292,-20.2183109373277,-20.0500000000079));
#5897=CARTESIAN_POINT('',(129.963587490289,-13.7000000000001,-15.2469937775616));
#5898=CARTESIAN_POINT('',(129.963587490289,-13.5867773956092,-15.0421663794429));
#5899=CARTESIAN_POINT('',(129.963587490289,-13.5,-14.8193112007693));
#5900=CARTESIAN_POINT('',(129.963587490289,-13.5,-14.5836688194899));
#5901=CARTESIAN_POINT('',(129.963587490289,-11.9999999999999,-25.));
#5902=CARTESIAN_POINT('',(112.963587489721,-12.0000000000001,-9.49999999999999));
#5903=CARTESIAN_POINT('',(112.963587489721,-12.0000000000001,-9.49999999999999));
#5904=CARTESIAN_POINT('',(112.963587489721,-12.3116515749497,-9.49999999999999));
#5905=CARTESIAN_POINT('',(112.963587489721,-12.,-9.49999999999999));
#5906=CARTESIAN_POINT('',(129.963587490289,-12.3116515749497,-9.49999999999999));
#5907=CARTESIAN_POINT('',(112.963587489721,-12.,-9.49999999999999));
#5908=CARTESIAN_POINT('',(112.963587489721,-12.0000000000001,-16.5000000000001));
#5909=CARTESIAN_POINT('',(112.963587489721,-12.8116515749497,-9.49999999999999));
#5910=CARTESIAN_POINT('',(112.963587489721,-14.4589649278924,-17.2500000000001));
#5911=CARTESIAN_POINT('',(112.963587489721,-12.9156074203586,-9.9890738003669));
#5912=CARTESIAN_POINT('',(112.963587489721,-12.3116515749497,-9.49999999999999));
#5913=CARTESIAN_POINT('',(112.963587489721,-12.0000000000001,-16.5000000000001));
#5914=CARTESIAN_POINT('',(112.963587489721,-12.0000000000001,-16.2500000000001));
#5915=CARTESIAN_POINT('',(112.963587489721,-13.7000000000001,-16.2500000000001));
#5916=CARTESIAN_POINT('',(112.963587489721,-13.7000000000001,-17.2500000000001));
#5917=CARTESIAN_POINT('',(111.963587489721,-12.0000000000001,-16.2500000000001));
#5918=CARTESIAN_POINT('',(111.963587489721,-12.,-16.2500000000001));
#5919=CARTESIAN_POINT('',(111.963587489721,-12.,-17.2500000000001));
#5920=CARTESIAN_POINT('',(111.963587489721,-12.,-17.2500000000001));
#5921=CARTESIAN_POINT('',(95.4635874897207,-12.0000000000001,-17.2500000000001));
#5922=CARTESIAN_POINT('',(108.038906265765,0.407100743481862,-17.2500000000001));
#5923=CARTESIAN_POINT('',(112.963587489721,-14.4589649278924,-17.2500000000001));
#5924=CARTESIAN_POINT('',(95.4635874897207,-12.0000000000001,-17.2500000000001));
#5925=CARTESIAN_POINT('',(103.310302212852,-12.,-17.2500000000001));
#5926=CARTESIAN_POINT('',(105.26006321334,-4.49927123267501,-17.2500000000001));
#5927=CARTESIAN_POINT('',(105.26006321334,-4.49927123267501,-25.));
#5928=CARTESIAN_POINT('',(103.310302212852,-12.,-21.25));
#5929=CARTESIAN_POINT('',(103.310680900591,-12.,-21.25));
#5930=CARTESIAN_POINT('',(98.3457737995518,-8.00000000000009,-21.25));
#5931=CARTESIAN_POINT('',(98.8404567661904,-8.97704833100347,-21.25));
#5932=CARTESIAN_POINT('',(100.250037862819,-10.7176754965617,-21.25));
#5933=CARTESIAN_POINT('',(102.250726674205,-11.7246243917133,-21.25));
#5934=CARTESIAN_POINT('',(103.310656938646,-12.0000921994881,-21.25));
#5935=CARTESIAN_POINT('',(100.069503865079,-8.00000000000009,-25.25));
#5936=CARTESIAN_POINT('',(100.35810900224,-8.57002400858628,-25.25));
#5937=CARTESIAN_POINT('',(101.077033438288,-9.63824552909815,-25.25));
#5938=CARTESIAN_POINT('',(102.514944192589,-10.9277934624767,-25.25));
#5939=CARTESIAN_POINT('',(103.89872754025,-11.6550517496525,-25.25));
#5940=CARTESIAN_POINT('',(104.769687969936,-11.9312021322796,-25.25));
#5941=CARTESIAN_POINT('',(105.034410966117,-12.0000000000027,-25.25));
#5942=CARTESIAN_POINT('',(98.3457737995518,-8.00000000000009,-21.25));
#5943=CARTESIAN_POINT('',(98.6343789367135,-8.57002400858628,-21.25));
#5944=CARTESIAN_POINT('',(99.3533033727609,-9.63824552909815,-21.25));
#5945=CARTESIAN_POINT('',(100.791214127062,-10.9277934624767,-21.25));
#5946=CARTESIAN_POINT('',(102.174997474723,-11.6550517496525,-21.25));
#5947=CARTESIAN_POINT('',(103.045957904409,-11.9312021322796,-21.25));
#5948=CARTESIAN_POINT('',(103.31068090059,-12.0000000000027,-21.25));
#5949=CARTESIAN_POINT('',(103.31068090058,-12.,-21.25));
#5950=CARTESIAN_POINT('',(105.034410966107,-12.,-25.2500000000001));
#5951=CARTESIAN_POINT('',(96.8554238945631,-1.65187062597912,-25.25));
#5952=CARTESIAN_POINT('',(97.2358631863697,-2.40327627409744,-25.25));
#5953=CARTESIAN_POINT('',(97.6163024781764,-3.15468192221576,-25.25));
#5954=CARTESIAN_POINT('',(97.996741769983,-3.90608757033407,-25.25));
#5955=CARTESIAN_POINT('',(98.289387379065,-4.48409191504047,-25.25));
#5956=CARTESIAN_POINT('',(98.582032988147,-5.06209625974687,-25.25));
#5957=CARTESIAN_POINT('',(98.874678597229,-5.64010060445326,-25.25));
#5958=CARTESIAN_POINT('',(99.0997906042152,-6.08471933115049,-25.25));
#5959=CARTESIAN_POINT('',(99.3249026112014,-6.52933805784772,-25.25));
#5960=CARTESIAN_POINT('',(99.5500146181875,-6.97395678454495,-25.25));
#5961=CARTESIAN_POINT('',(99.7231777004846,-7.31597118969666,-25.25));
#5962=CARTESIAN_POINT('',(99.8963407827816,-7.65798559484838,-25.25));
#5963=CARTESIAN_POINT('',(100.069503865079,-8.00000000000009,-25.25));
#5964=CARTESIAN_POINT('',(100.35810900224,-8.57002400858628,-25.25));
#5965=CARTESIAN_POINT('',(101.077033438288,-9.63824552909815,-25.25));
#5966=CARTESIAN_POINT('',(102.514944192589,-10.9277934624767,-25.25));
#5967=CARTESIAN_POINT('',(104.224658297934,-11.8263472381923,-25.25));
#5968=CARTESIAN_POINT('',(105.476422496727,-12.1280688850647,-25.25));
#5969=CARTESIAN_POINT('',(106.111281701813,-12.2,-25.25));
#5970=CARTESIAN_POINT('',(106.492197224865,-12.2431586689612,-25.25));
#5971=CARTESIAN_POINT('',(106.873112747916,-12.2863173379224,-25.25));
#5972=CARTESIAN_POINT('',(107.254028270967,-12.3294760068836,-25.25));
#5973=CARTESIAN_POINT('',(107.749218450934,-12.3855822765332,-25.25));
#5974=CARTESIAN_POINT('',(108.244408630901,-12.4416885461828,-25.25));
#5975=CARTESIAN_POINT('',(108.739598810868,-12.4977948158323,-25.25));
#5976=CARTESIAN_POINT('',(109.383346044825,-12.5707329663767,-25.25));
#5977=CARTESIAN_POINT('',(110.027093278782,-12.6436711169212,-25.25));
#5978=CARTESIAN_POINT('',(110.670840512739,-12.7166092674656,-25.25));
#5979=CARTESIAN_POINT('',(111.507711916883,-12.8114288631733,-25.25));
#5980=CARTESIAN_POINT('',(112.344583321027,-12.9062484588811,-25.25));
#5981=CARTESIAN_POINT('',(113.181454725171,-13.0010680545888,-25.25));
#5982=CARTESIAN_POINT('',(105.26006321334,-4.49927123267501,-25.25));
#5983=CARTESIAN_POINT('',(106.111281701813,-12.2,-25.25));
#5984=CARTESIAN_POINT('',(105.964477268698,-12.,-25.25));
#5985=CARTESIAN_POINT('',(105.26006321334,-12.,-25.25));
#5986=CARTESIAN_POINT('',(106.111281701813,-12.2,-33.25));
#5987=CARTESIAN_POINT('',(105.964477268698,-12.,-33.25));
#5988=CARTESIAN_POINT('',(105.964477268698,-12.,-33.25));
#5989=CARTESIAN_POINT('',(106.111281701813,-12.2,-33.25));
#5990=CARTESIAN_POINT('',(2.49016385210744E-44,9.22048375510497E-30,-33.25));
#5991=CARTESIAN_POINT('',(120.643731573079,-12.,-33.25));
#5992=CARTESIAN_POINT('',(113.689850260723,-12.,-33.25));
#5993=CARTESIAN_POINT('',(113.689850260724,-11.9999999999949,-33.25));
#5994=CARTESIAN_POINT('',(112.917992217694,-11.8409123897366,-33.25));
#5995=CARTESIAN_POINT('',(111.389299797758,-11.316590346031,-33.25));
#5996=CARTESIAN_POINT('',(110.074530736247,-10.452004472283,-33.25));
#5997=CARTESIAN_POINT('',(109.467608662296,-9.9334020019611,-33.25));
#5998=CARTESIAN_POINT('',(132.308693495675,-11.9999999999949,-95.25));
#5999=CARTESIAN_POINT('',(113.689850260724,-11.9999999999949,-33.2499999999999));
#6000=CARTESIAN_POINT('',(130.743362820715,-11.6773697979881,-95.2499999999999));
#6001=CARTESIAN_POINT('',(112.124519585764,-11.6773697979881,-33.2499999999999));
#6002=CARTESIAN_POINT('',(129.30516899596,-10.9747707791781,-95.2499999999999));
#6003=CARTESIAN_POINT('',(110.686325761009,-10.9747707791781,-33.2499999999999));
#6004=CARTESIAN_POINT('',(128.086451897247,-9.9334020019611,-95.25));
#6005=CARTESIAN_POINT('',(109.467608662296,-9.9334020019611,-33.2499999999999));
#6006=CARTESIAN_POINT('',(132.308693495673,-11.9999999999999,-95.2499999999999));
#6007=CARTESIAN_POINT('',(149.279402710447,-9.99999999999978,-62.9337715573484));
#6008=CARTESIAN_POINT('',(149.279402710447,-9.99999999999978,-62.9337715573484));
#6009=CARTESIAN_POINT('',(149.279402710447,-11.9999999999998,-62.9337715573484));
#6010=CARTESIAN_POINT('',(156.341316215079,-6.0000000000001,-60.2953182171202));
#6011=CARTESIAN_POINT('',(150.760246106861,-11.9999999999998,-62.3805027863473));
#6012=CARTESIAN_POINT('',(149.279402710447,-11.9999999999998,-62.9337715573484));
#6013=CARTESIAN_POINT('',(147.529464437566,-9.99999999999979,-58.249999995764));
#6014=CARTESIAN_POINT('',(145.779526164686,-9.9999999999998,-53.5662284341795));
#6015=CARTESIAN_POINT('',(145.779526164686,-11.9999999999998,-53.5662284341795));
#6016=CARTESIAN_POINT('',(147.529464437566,-11.9999999999998,-58.249999995764));
#6017=CARTESIAN_POINT('',(152.841439669313,-9.99999999999976,-50.927775093953));
#6018=CARTESIAN_POINT('',(152.841439669317,-6.00000000000012,-50.9277750939513));
#6019=CARTESIAN_POINT('',(147.2603695611,-11.9999999999998,-53.0129596631784));
#6020=CARTESIAN_POINT('',(152.841439669313,-11.9999999999998,-50.927775093953));
#6021=CARTESIAN_POINT('',(117.998542004359,-0.349858725544183,-94.4879646852361));
#6022=CARTESIAN_POINT('',(117.998908596749,-0.349858725544183,-94.4890410436258));
#6023=CARTESIAN_POINT('',(117.999275189138,-0.349858725544183,-94.4901174020155));
#6024=CARTESIAN_POINT('',(118.003278233998,-0.349858725544183,-94.5018708127192));
#6025=CARTESIAN_POINT('',(118.006914686467,-0.349858725544183,-94.5125478650331));
#6026=CARTESIAN_POINT('',(118.012369365171,-0.349858725544183,-94.5285634435041));
#6027=CARTESIAN_POINT('',(118.014187591406,-0.349858725544183,-94.5339019696611));
#6028=CARTESIAN_POINT('',(118.017824043875,-0.349858725544183,-94.5445790219751));
#6029=CARTESIAN_POINT('',(118.019641979266,-0.349858725544183,-94.5499170926775));
#6030=CARTESIAN_POINT('',(118.022819460855,-0.349858725544183,-94.5592458561933));
#6031=CARTESIAN_POINT('',(118.024177709606,-0.349858725544183,-94.5632367072356));
#6032=CARTESIAN_POINT('',(118.026890822387,-0.349858725544183,-94.5712187226145));
#6033=CARTESIAN_POINT('',(118.028246011855,-0.349858725544183,-94.5752101908266));
#6034=CARTESIAN_POINT('',(118.032307478602,-0.349858725544183,-94.5871859743347));
#6035=CARTESIAN_POINT('',(118.035009654235,-0.349858725544183,-94.5951716685363));
#6036=CARTESIAN_POINT('',(118.043099767496,-0.349858725544183,-94.6191342453385));
#6037=CARTESIAN_POINT('',(118.048471291504,-0.349858725544183,-94.6351166222148));
#6038=CARTESIAN_POINT('',(118.064520153048,-0.349858725544183,-94.6830855588088));
#6039=CARTESIAN_POINT('',(118.075131780049,-0.349858725544183,-94.7150939247709));
#6040=CARTESIAN_POINT('',(118.106703374858,-0.349858725544183,-94.8112048743335));
#6041=CARTESIAN_POINT('',(118.127400054879,-0.349858725544183,-94.8753933121649));
#6042=CARTESIAN_POINT('',(118.188433451239,-0.349858725544183,-95.0682909734754));
#6043=CARTESIAN_POINT('',(118.227713494054,-0.349858725544183,-95.197332579382));
#6044=CARTESIAN_POINT('',(118.341300021529,-0.349858725544183,-95.5856970842243));
#6045=CARTESIAN_POINT('',(118.411352336402,-0.349858725544183,-95.8462601244478));
#6046=CARTESIAN_POINT('',(118.604296366459,-0.349858725544183,-96.6321727147118));
#6047=CARTESIAN_POINT('',(118.709964049033,-0.349858725544183,-97.1617495012388));
#6048=CARTESIAN_POINT('',(118.956867813664,-0.349858725544183,-98.7612856671814));
#6049=CARTESIAN_POINT('',(119.027823334448,-0.349858725544183,-99.8419845954624));
#6050=CARTESIAN_POINT('',(118.980298934944,-0.349858725544183,-101.999429485472));
#6051=CARTESIAN_POINT('',(118.861823857073,-0.349858725544183,-103.075955618651));
#6052=CARTESIAN_POINT('',(118.47495726518,-0.349858725544183,-105.01225825254));
#6053=CARTESIAN_POINT('',(118.235487233762,-0.349858725544183,-105.877678199646));
#6054=CARTESIAN_POINT('',(117.934638592113,-0.349858725544183,-106.721273499957));
#6055=CARTESIAN_POINT('',(118.132457383655,-8.64419760883246,-94.3751363311282));
#6056=CARTESIAN_POINT('',(118.132823976044,-8.64419760883246,-94.3762126895179));
#6057=CARTESIAN_POINT('',(118.133190568434,-8.64419760883246,-94.3772890479076));
#6058=CARTESIAN_POINT('',(118.137193613293,-8.64419760883246,-94.3890424586112));
#6059=CARTESIAN_POINT('',(118.140830065763,-8.64419760883246,-94.3997195109252));
#6060=CARTESIAN_POINT('',(118.146284744467,-8.64419760883246,-94.4157350893962));
#6061=CARTESIAN_POINT('',(118.148102970702,-8.64419760883246,-94.4210736155532));
#6062=CARTESIAN_POINT('',(118.151739423171,-8.64419760883246,-94.4317506678671));
#6063=CARTESIAN_POINT('',(118.153540137602,-8.64419760883246,-94.4370682979795));
#6064=CARTESIAN_POINT('',(118.156747709248,-8.64419760883246,-94.4464327771888));
#6065=CARTESIAN_POINT('',(118.158144556473,-8.64419760883246,-94.4504694609317));
#6066=CARTESIAN_POINT('',(118.16090910538,-8.64419760883246,-94.4585126104381));
#6067=CARTESIAN_POINT('',(118.162290002428,-8.64419760883246,-94.4625346544862));
#6068=CARTESIAN_POINT('',(118.166428560448,-8.64419760883246,-94.4746021917983));
#6069=CARTESIAN_POINT('',(118.169182088306,-8.64419760883246,-94.4826490902643));
#6070=CARTESIAN_POINT('',(118.17742613224,-8.64419760883246,-94.5067953848799));
#6071=CARTESIAN_POINT('',(118.182900108692,-8.64419760883246,-94.5229003803262));
#6072=CARTESIAN_POINT('',(118.19925582247,-8.64419760883246,-94.5712375913961));
#6073=CARTESIAN_POINT('',(118.210071344164,-8.64419760883246,-94.6034920320324));
#6074=CARTESIAN_POINT('',(118.242252594014,-8.64419760883246,-94.7003428700947));
#6075=CARTESIAN_POINT('',(118.263353005341,-8.64419760883246,-94.7650267862567));
#6076=CARTESIAN_POINT('',(118.325589410501,-8.64419760883246,-94.9594174548722));
#6077=CARTESIAN_POINT('',(118.365660545549,-8.64419760883246,-95.089463162475));
#6078=CARTESIAN_POINT('',(118.481587061786,-8.64419760883246,-95.4808655626881));
#6079=CARTESIAN_POINT('',(118.553154981797,-8.64419760883246,-95.7434879928371));
#6080=CARTESIAN_POINT('',(118.75050839133,-8.64419760883246,-96.5356753055079));
#6081=CARTESIAN_POINT('',(118.858932327108,-8.64419760883246,-97.0695640486836));
#6082=CARTESIAN_POINT('',(119.113523131306,-8.64419760883246,-98.6823728374999));
#6083=CARTESIAN_POINT('',(119.188825889739,-8.64419760883246,-99.7723692240545));
#6084=CARTESIAN_POINT('',(119.148309784502,-8.64419760883246,-101.949026338975));
#6085=CARTESIAN_POINT('',(119.032495049156,-8.64419760883246,-103.035465281199));
#6086=CARTESIAN_POINT('',(118.648879243364,-8.64419760883246,-104.990195947778));
#6087=CARTESIAN_POINT('',(118.410274440191,-8.64419760883246,-105.864081371684));
#6088=CARTESIAN_POINT('',(118.109673959802,-8.64419760883246,-106.71616077503));
#6089=CARTESIAN_POINT('',(122.232730827507,-14.1856750724044,-90.9205136694505));
#6090=CARTESIAN_POINT('',(122.233097419897,-14.1856750724044,-90.9215900278402));
#6091=CARTESIAN_POINT('',(122.233464012287,-14.1856750724044,-90.9226663862298));
#6092=CARTESIAN_POINT('',(122.237467057146,-14.1856750724044,-90.9344197969335));
#6093=CARTESIAN_POINT('',(122.241103509615,-14.1856750724044,-90.9450968492475));
#6094=CARTESIAN_POINT('',(122.246558188319,-14.1856750724044,-90.9611124277184));
#6095=CARTESIAN_POINT('',(122.248376414554,-14.1856750724044,-90.9664509538754));
#6096=CARTESIAN_POINT('',(122.252012867023,-14.1856750724044,-90.9771280061894));
#6097=CARTESIAN_POINT('',(122.253286303351,-14.1856750724044,-90.9818197783237));
#6098=CARTESIAN_POINT('',(122.25741518417,-14.1856750724044,-90.9922778146));
#6099=CARTESIAN_POINT('',(122.25999385454,-14.1856750724044,-90.997717821891));
#6100=CARTESIAN_POINT('',(122.264333294879,-14.1856750724044,-91.0076328000157));
#6101=CARTESIAN_POINT('',(122.26650131666,-14.1856750724044,-91.0125910269656));
#6102=CARTESIAN_POINT('',(122.273000285405,-14.1856750724044,-91.0274679181255));
#6103=CARTESIAN_POINT('',(122.277326135787,-14.1856750724044,-91.0373887926883));
#6104=CARTESIAN_POINT('',(122.290283289254,-14.1856750724044,-91.0671602311485));
#6105=CARTESIAN_POINT('',(122.298894194691,-14.1856750724044,-91.0870196099161));
#6106=CARTESIAN_POINT('',(122.324645230148,-14.1856750724044,-91.1466327928821));
#6107=CARTESIAN_POINT('',(122.341703679274,-14.1856750724044,-91.1864216441066));
#6108=CARTESIAN_POINT('',(122.392551585557,-14.1856750724044,-91.3059266775458));
#6109=CARTESIAN_POINT('',(122.426013599862,-14.1856750724044,-91.3857813429646));
#6110=CARTESIAN_POINT('',(122.525084198827,-14.1856750724044,-91.6258854930101));
#6111=CARTESIAN_POINT('',(122.589377305161,-14.1856750724044,-91.7866751789462));
#6112=CARTESIAN_POINT('',(122.776950512271,-14.1856750724044,-92.2710930474318));
#6113=CARTESIAN_POINT('',(122.894923822987,-14.1856750724044,-92.5967706835368));
#6114=CARTESIAN_POINT('',(123.227285337352,-14.1856750724044,-93.581079900262));
#6115=CARTESIAN_POINT('',(123.420101311428,-14.1856750724044,-94.2469938180689));
#6116=CARTESIAN_POINT('',(123.910056898701,-14.1856750724044,-96.2661889635948));
#6117=CARTESIAN_POINT('',(124.118465079218,-14.1856750724044,-97.6408585628527));
#6118=CARTESIAN_POINT('',(124.292531668104,-14.1856750724044,-100.405763092025));
#6119=CARTESIAN_POINT('',(124.258172340352,-14.1856750724044,-101.795716297499));
#6120=CARTESIAN_POINT('',(123.974090374471,-14.1856750724044,-104.314683674275));
#6121=CARTESIAN_POINT('',(123.761977467989,-14.1856750724044,-105.44776837681));
#6122=CARTESIAN_POINT('',(123.468975286087,-14.1856750724044,-106.559617364145));
#6123=CARTESIAN_POINT('',(127.361161237835,-16.,-86.5996330850308));
#6124=CARTESIAN_POINT('',(127.361527830224,-16.,-86.6007094434205));
#6125=CARTESIAN_POINT('',(127.361894422614,-16.,-86.6017858018101));
#6126=CARTESIAN_POINT('',(127.365897467473,-16.,-86.6135392125138));
#6127=CARTESIAN_POINT('',(127.369533919943,-16.,-86.6242162648278));
#6128=CARTESIAN_POINT('',(127.374988598647,-16.,-86.6402318432987));
#6129=CARTESIAN_POINT('',(127.376806824882,-16.,-86.6455703694557));
#6130=CARTESIAN_POINT('',(127.380443277351,-16.,-86.6562474217697));
#6131=CARTESIAN_POINT('',(127.381057218869,-16.,-86.6601563999925));
#6132=CARTESIAN_POINT('',(127.386338430145,-16.,-86.6719822063444));
#6133=CARTESIAN_POINT('',(127.390395269675,-16.,-86.6791774251494));
#6134=CARTESIAN_POINT('',(127.396704510621,-16.,-86.691433599036));
#6135=CARTESIAN_POINT('',(127.399857031235,-16.,-86.6975627598098));
#6136=CARTESIAN_POINT('',(127.409308291407,-16.,-86.7159534594764));
#6137=CARTESIAN_POINT('',(127.415600729324,-16.,-86.7282182157668));
#6138=CARTESIAN_POINT('',(127.434452819943,-16.,-86.7650253212746));
#6139=CARTESIAN_POINT('',(127.446987249561,-16.,-86.7895805072512));
#6140=CARTESIAN_POINT('',(127.484489514314,-16.,-86.8632971489181));
#6141=CARTESIAN_POINT('',(127.509356325329,-16.,-86.9125096888096));
#6142=CARTESIAN_POINT('',(127.583551613151,-16.,-87.0603495311545));
#6143=CARTESIAN_POINT('',(127.63247494278,-16.,-87.159179060787));
#6144=CARTESIAN_POINT('',(127.777616030026,-16.,-87.4564594971309));
#6145=CARTESIAN_POINT('',(127.872204846109,-16.,-87.6557023144443));
#6146=CARTESIAN_POINT('',(128.149390385983,-16.,-88.2564595838629));
#6147=CARTESIAN_POINT('',(128.325405390783,-16.,-88.661003724893));
#6148=CARTESIAN_POINT('',(128.826628733499,-16.,-89.8856100410031));
#6149=CARTESIAN_POINT('',(129.124998325286,-16.,-90.716654877462));
#6150=CARTESIAN_POINT('',(129.909337184202,-16.,-93.2441390867858));
#6151=CARTESIAN_POINT('',(130.284227406404,-16.,-94.9748646371956));
#6152=CARTESIAN_POINT('',(130.726684001257,-16.,-98.4755215422411));
#6153=CARTESIAN_POINT('',(130.794205290767,-16.,-100.245096204413));
#6154=CARTESIAN_POINT('',(130.634615600448,-16.,-103.469784490496));
#6155=CARTESIAN_POINT('',(130.455637520332,-16.,-104.927063537886));
#6156=CARTESIAN_POINT('',(130.172138935095,-16.,-106.363820181369));
#6157=CARTESIAN_POINT('',(118.025314044039,-0.499802628872879,-94.5554610461851));
#6158=CARTESIAN_POINT('',(119.308240146185,-0.499796581274702,-98.3226221774914));
#6159=CARTESIAN_POINT('',(119.330236457199,-0.499790533676376,-102.506420604049));
#6160=CARTESIAN_POINT('',(118.087279740956,-0.4997844860779,-106.286842637201));
#6161=CARTESIAN_POINT('',(118.087322334727,-0.499692323361644,-106.286778444442));
#6162=CARTESIAN_POINT('',(118.087324337169,-0.499030272726212,-106.28663917772));
#6163=CARTESIAN_POINT('',(118.106941581838,-1.16035604707188,-106.286393817954));
#6164=CARTESIAN_POINT('',(118.22691245626,-2.60477692017285,-106.286701621679));
#6165=CARTESIAN_POINT('',(118.691392160972,-4.65269962488044,-106.28387647688));
#6166=CARTESIAN_POINT('',(119.31059475642,-6.36805163894208,-106.278385516008));
#6167=CARTESIAN_POINT('',(119.808766723959,-7.452657074497,-106.27384480369));
#6168=CARTESIAN_POINT('',(120.277238017935,-8.31577118262826,-106.269872213126));
#6169=CARTESIAN_POINT('',(120.662826760933,-8.95635556761927,-106.266863003196));
#6170=CARTESIAN_POINT('',(121.015523392511,-9.48549760421573,-106.264444288445));
#6171=CARTESIAN_POINT('',(121.272849550609,-9.84457894220281,-106.262910101183));
#6172=CARTESIAN_POINT('',(121.431273130578,-10.0570873975845,-106.262047833017));
#6173=CARTESIAN_POINT('',(121.532071552015,-10.1899023728144,-106.261535333186));
#6174=CARTESIAN_POINT('',(121.711877494054,-10.4196797851515,-106.260654209632));
#6175=CARTESIAN_POINT('',(121.922078064522,-10.6784333585717,-106.259621233253));
#6176=CARTESIAN_POINT('',(122.29774283903,-11.1205985209284,-106.257809234339));
#6177=CARTESIAN_POINT('',(122.80819142031,-11.6684024540732,-106.255520711932));
#6178=CARTESIAN_POINT('',(123.381101710169,-12.2235971579597,-106.253359132784));
#6179=CARTESIAN_POINT('',(123.902596894649,-12.6846979422607,-106.251807427742));
#6180=CARTESIAN_POINT('',(124.367841456441,-13.0645282660866,-106.250774306567));
#6181=CARTESIAN_POINT('',(124.705712940405,-13.3217903687402,-106.250227015602));
#6182=CARTESIAN_POINT('',(124.943943407619,-13.4957201454626,-106.249896470875));
#6183=CARTESIAN_POINT('',(125.108902353913,-13.6128124290956,-106.24967695404));
#6184=CARTESIAN_POINT('',(125.226230315152,-13.6942677696845,-106.24951591458));
#6185=CARTESIAN_POINT('',(125.327254125842,-13.7629705740068,-106.249356750336));
#6186=CARTESIAN_POINT('',(125.357355958239,-13.7836077290949,-106.249306479008));
#6187=CARTESIAN_POINT('',(125.542260236817,-13.9067632294046,-106.248970893311));
#6188=CARTESIAN_POINT('',(125.735155608092,-14.0313328904642,-106.248635436055));
#6189=CARTESIAN_POINT('',(126.098408860402,-14.25837356929,-106.248029596136));
#6190=CARTESIAN_POINT('',(126.605059676092,-14.5513397827064,-106.247282200901));
#6191=CARTESIAN_POINT('',(127.217738188852,-14.8720664543365,-106.246545648451));
#6192=CARTESIAN_POINT('',(128.028730793549,-15.2540817384467,-106.245801383919));
#6193=CARTESIAN_POINT('',(129.03106107907,-15.6527754641972,-106.245293370005));
#6194=CARTESIAN_POINT('',(129.811703362558,-15.8954901480613,-106.245203008883));
#6195=CARTESIAN_POINT('',(130.195302641484,-16.,-106.24517811199));
#6196=CARTESIAN_POINT('',(130.199207041955,-15.9989444263699,-106.245137542008));
#6197=CARTESIAN_POINT('',(100.530711683237,-16.,-100.513774356684));
#6198=CARTESIAN_POINT('',(100.530711683237,-16.,-100.513774356684));
#6199=CARTESIAN_POINT('',(100.527413810707,-16.,-106.226777378993));
#6200=CARTESIAN_POINT('',(140.179206910088,-16.,-106.249666664841));
#6201=CARTESIAN_POINT('',(132.750797329493,-16.,-119.116049477862));
#6202=CARTESIAN_POINT('',(148.108375809209,-16.,-92.5159432697668));
#6203=CARTESIAN_POINT('',(145.926505157001,-16.,-85.7892317901632));
#6204=CARTESIAN_POINT('',(0.,0.,0.));
#6205=CARTESIAN_POINT('',(118.76760873827,0.,-107.23730683074));
#6206=CARTESIAN_POINT('',(118.656435855451,0.,-107.083625905557));
#6207=CARTESIAN_POINT('',(118.545262972633,0.,-106.929944980374));
#6208=CARTESIAN_POINT('',(118.434090089814,0.,-106.776264055191));
#6209=CARTESIAN_POINT('',(118.434046411444,1.15253920248321E-14,-106.776389285838));
#6210=CARTESIAN_POINT('',(118.434046411443,0.,-106.776389285839));
#6211=CARTESIAN_POINT('',(118.780318593409,0.,-105.783600257999));
#6212=CARTESIAN_POINT('',(119.302197332662,0.,-103.765692309093));
#6213=CARTESIAN_POINT('',(119.574179108397,0.,-100.60361854956));
#6214=CARTESIAN_POINT('',(119.331842928319,0.,-97.4209994233552));
#6215=CARTESIAN_POINT('',(118.824918999681,0.,-95.3961916251164));
#6216=CARTESIAN_POINT('',(118.485322736386,0.,-94.3988026977205));
#6217=CARTESIAN_POINT('',(121.04280129409,9.47183658059898E-16,-96.7964695288915));
#6218=CARTESIAN_POINT('',(121.119688389418,9.47183658059898E-16,-97.6741373822578));
#6219=CARTESIAN_POINT('',(121.313220006224,-4.51462526249607E-16,-99.4310835923568));
#6220=CARTESIAN_POINT('',(121.237888002414,2.61965959603573E-16,-102.927815213192));
#6221=CARTESIAN_POINT('',(120.665657038643,-1.24709876434979E-16,-105.548705004402));
#6222=CARTESIAN_POINT('',(120.112404512768,-1.24709876434979E-16,-107.238083123878));
#6223=CARTESIAN_POINT('',(118.025314044039,-0.499802628872868,-94.5554610461852));
#6224=CARTESIAN_POINT('',(119.359585635806,-0.499795215429023,-98.4733922475993));
#6225=CARTESIAN_POINT('',(119.321929305712,-0.499801938579788,-102.805752713426));
#6226=CARTESIAN_POINT('',(117.950959105966,-0.499802571040454,-106.685428594926));
#6227=CARTESIAN_POINT('',(118.485322736386,0.,-94.3988026977205));
#6228=CARTESIAN_POINT('',(119.854455136299,0.,-98.4199231969936));
#6229=CARTESIAN_POINT('',(119.816071692025,0.,-102.865865152424));
#6230=CARTESIAN_POINT('',(118.409016541175,0.,-106.847683892137));
#6231=CARTESIAN_POINT('',(118.434090089801,0.,-106.776264055182));
#6232=CARTESIAN_POINT('',(118.317178841434,-0.168294526220233,-106.614604031673));
#6233=CARTESIAN_POINT('',(118.201724087086,-0.334636699649669,-106.451337143141));
#6234=CARTESIAN_POINT('',(118.08745253886,-0.499026504248495,-106.28668131244));
#6235=CARTESIAN_POINT('',(139.031668186738,-15.,-61.2913094454666));
#6236=CARTESIAN_POINT('',(151.899140629884,-4.50177170014919,-66.9356660829021));
#6237=CARTESIAN_POINT('',(149.194818775048,-15.0018786622451,-92.6304115289184));
#6238=CARTESIAN_POINT('',(141.937432029465,-21.6692811811752,-91.8657690645851));
#6239=CARTESIAN_POINT('',(140.756364728133,-18.,-107.25));
#6240=CARTESIAN_POINT('',(140.756364728133,-15.,-107.25));
#6241=CARTESIAN_POINT('',(142.462164553891,-15.,-104.295468034244));
#6242=CARTESIAN_POINT('',(140.268923876969,-15.8445538393903,-106.405164641121));
#6243=CARTESIAN_POINT('',(142.462164553891,-15.,-104.295468034244));
#6244=CARTESIAN_POINT('',(140.770259583775,-15.,-107.225933404065));
#6245=CARTESIAN_POINT('',(142.461835689701,-15.0003796908637,-104.295278262004));
#6246=CARTESIAN_POINT('',(160.390673718544,-7.74074495600593,-57.9402994933954));
#6247=CARTESIAN_POINT('',(157.625563485353,-12.3277742553041,-59.1281634060176));
#6248=CARTESIAN_POINT('',(164.560724994987,-12.3277742553041,-75.2718359726739));
#6249=CARTESIAN_POINT('',(167.833926116065,-7.74074495600593,-75.2667062929532));
#6250=CARTESIAN_POINT('',(167.833926116065,-7.74074495600593,-75.2667062929532));
#6251=CARTESIAN_POINT('',(160.390673718544,-7.74074495600593,-57.9402994933954));
#6252=CARTESIAN_POINT('',(128.903019768162,-16.,-23.4836867396045));
#6253=CARTESIAN_POINT('',(135.217499544117,-1.52088161810661,-89.8798946024506));
#6254=CARTESIAN_POINT('',(137.410438420353,-13.6840682901868,-57.2183027036405));
#6255=CARTESIAN_POINT('',(128.858585540749,-16.,-50.8820597137555));
#6256=CARTESIAN_POINT('',(117.912509103039,-19.2497805444238,-42.4594820160283));
#6257=CARTESIAN_POINT('',(110.648089768143,-16.,-27.1885657325373));
#6258=CARTESIAN_POINT('',(111.087669589175,-16.5042661199803,-26.872385571249));
#6259=CARTESIAN_POINT('',(112.963587489721,-12.8116515749497,-9.49999999999999));
#6260=CARTESIAN_POINT('',(112.963587489721,-12.9156074203586,-9.9890738003669));
#6261=CARTESIAN_POINT('',(144.723892320702,-15.0548774078062,-20.0535477956167));
#6262=CARTESIAN_POINT('',(143.191408216498,-15.3699182718719,-21.5356985304161));
#6263=CARTESIAN_POINT('',(141.658924112276,-15.6849591359321,-23.0178492651913));
#6264=CARTESIAN_POINT('',(140.126440008076,-15.9999999999988,-24.4999999999955));
#6265=CARTESIAN_POINT('',(144.725801187197,-15.05411023107,-20.0526514507167));
#6266=CARTESIAN_POINT('',(144.975502248395,-15.0541233005701,-20.05));
#6267=CARTESIAN_POINT('',(147.72378373394,-12.2,-17.0538158268225));
#6268=CARTESIAN_POINT('',(147.889757243419,-11.9999999999998,-17.094762323672));
#6269=CARTESIAN_POINT('',(142.829846348006,-11.9999999999998,-37.6047261443298));
#6270=CARTESIAN_POINT('',(147.896114389103,-12.,-17.0689941173392));
#6271=CARTESIAN_POINT('',(147.79481438031,-11.8362791327639,-18.0638500406861));
#6272=CARTESIAN_POINT('',(148.310555340978,-11.5542491991768,-16.979767676579));
#6273=CARTESIAN_POINT('',(151.775630931985,-6.00000000000009,-22.7548936643537));
#6274=CARTESIAN_POINT('',(151.875514993543,-6.00000000000009,-22.3500212207172));
#6275=CARTESIAN_POINT('',(148.598497138931,-6.00000000000009,-35.6331637556309));
#6276=CARTESIAN_POINT('',(142.829846348006,-11.9999999999997,-37.60472614433));
#6277=CARTESIAN_POINT('',(144.752694136887,-10.0004756395327,-36.9459864893299));
#6278=CARTESIAN_POINT('',(146.674871780496,-8.00985283061587,-36.2581976971752));
#6279=CARTESIAN_POINT('',(148.598497138947,-5.99999999998323,-35.6331637556256));
#6280=CARTESIAN_POINT('',(147.188182607761,-11.9999999999998,-52.8361942293624));
#6281=CARTESIAN_POINT('',(146.586133960583,-11.9999999999998,-50.9422806489563));
#6282=CARTESIAN_POINT('',(145.984085313406,-11.9999999999998,-49.0483670685501));
#6283=CARTESIAN_POINT('',(145.382036666228,-11.9999999999998,-47.154453488144));
#6284=CARTESIAN_POINT('',(145.233058843249,-11.9999999999998,-46.6858017879157));
#6285=CARTESIAN_POINT('',(145.084081020215,-11.9999999999998,-46.2171500877006));
#6286=CARTESIAN_POINT('',(144.860614285721,-11.9999999999998,-45.5141725373667));
#6287=CARTESIAN_POINT('',(144.786125374212,-11.9999999999998,-45.2798466872563));
#6288=CARTESIAN_POINT('',(144.674392006965,-11.9999999999998,-44.9283579120894));
#6289=CARTESIAN_POINT('',(144.637147551215,-11.9999999999998,-44.8111949870342));
#6290=CARTESIAN_POINT('',(144.581280867586,-11.9999999999998,-44.6354505994507));
#6291=CARTESIAN_POINT('',(144.56265863971,-11.9999999999998,-44.5768691369231));
#6292=CARTESIAN_POINT('',(144.525414183961,-11.9999999999998,-44.4597062118675));
#6293=CARTESIAN_POINT('',(144.506665607613,-11.9999999999998,-44.4026690828096));
#6294=CARTESIAN_POINT('',(144.467004587655,-11.9999999999998,-44.2737403445173));
#6295=CARTESIAN_POINT('',(144.446303382423,-11.9999999999997,-44.2016631246299));
#6296=CARTESIAN_POINT('',(144.404959683537,-11.9999999999999,-44.0615414683855));
#6297=CARTESIAN_POINT('',(144.384460936744,-11.9999999999999,-43.9917285812411));
#6298=CARTESIAN_POINT('',(144.323473965335,-11.9999999999996,-43.7829902947065));
#6299=CARTESIAN_POINT('',(144.283495022966,-11.9999999999998,-43.6447650554436));
#6300=CARTESIAN_POINT('',(144.165514640057,-11.9999999999998,-43.2325502011834));
#6301=CARTESIAN_POINT('',(144.089470020534,-11.9999999999998,-42.9610177695939));
#6302=CARTESIAN_POINT('',(143.868507650758,-11.9999999999998,-42.1536613780255));
#6303=CARTESIAN_POINT('',(143.730773057903,-11.9999999999998,-41.6250246150988));
#6304=CARTESIAN_POINT('',(143.340739846774,-11.9999999999998,-40.0492352105288));
#6305=CARTESIAN_POINT('',(143.111818696695,-11.9999999999998,-39.0122908805926));
#6306=CARTESIAN_POINT('',(142.651697095079,-11.9999999999998,-36.7278837126892));
#6307=CARTESIAN_POINT('',(142.437025204546,-11.9999999999998,-35.3759800309973));
#6308=CARTESIAN_POINT('',(142.347478123374,-11.9999999999998,-33.922708933786));
#6309=CARTESIAN_POINT('',(153.415956382989,-6.17787337491511,-53.3440627542366));
#6310=CARTESIAN_POINT('',(152.813907735811,-6.17787337491511,-51.4501491738303));
#6311=CARTESIAN_POINT('',(152.211859088634,-6.17787337491511,-49.556235593424));
#6312=CARTESIAN_POINT('',(151.609810441456,-6.17787337491511,-47.6623220130178));
#6313=CARTESIAN_POINT('',(151.460832618476,-6.17787337491511,-47.1936703127895));
#6314=CARTESIAN_POINT('',(151.311854795443,-6.17787337491511,-46.7250186125743));
#6315=CARTESIAN_POINT('',(151.088388060949,-6.17787337491511,-46.0220410622405));
#6316=CARTESIAN_POINT('',(151.01389914944,-6.17787337491511,-45.7877152121301));
#6317=CARTESIAN_POINT('',(150.902165782193,-6.17787337491511,-45.4362264369632));
#6318=CARTESIAN_POINT('',(150.864921326442,-6.17787337491511,-45.3190635119079));
#6319=CARTESIAN_POINT('',(150.809054642814,-6.17787337491511,-45.1433191243245));
#6320=CARTESIAN_POINT('',(150.790432414938,-6.17787337491511,-45.0847376617969));
#6321=CARTESIAN_POINT('',(150.753187959189,-6.17787337491511,-44.9675747367412));
#6322=CARTESIAN_POINT('',(150.734565383704,-6.17787337491511,-44.9089925901417));
#6323=CARTESIAN_POINT('',(150.694634178013,-6.17787337491511,-44.7833768585046));
#6324=CARTESIAN_POINT('',(150.673491942159,-6.17787337491511,-44.7166707403297));
#6325=CARTESIAN_POINT('',(150.631536702034,-6.17787337491511,-44.5838908106923));
#6326=CARTESIAN_POINT('',(150.610723300133,-6.17787337491523,-44.517816217011));
#6327=CARTESIAN_POINT('',(150.548764747305,-6.17787337491488,-44.3204934582233));
#6328=CARTESIAN_POINT('',(150.508101249812,-6.17787337491511,-44.190146317476));
#6329=CARTESIAN_POINT('',(150.387949360912,-6.17787337491511,-43.802348273736));
#6330=CARTESIAN_POINT('',(150.310299574143,-6.17787337491512,-43.5481407535909));
#6331=CARTESIAN_POINT('',(150.084000561147,-6.17787337491512,-42.7956060106323));
#6332=CARTESIAN_POINT('',(149.942001684468,-6.17787337491511,-42.3073666146714));
#6333=CARTESIAN_POINT('',(149.536973901149,-6.17787337491511,-40.8599141010139));
#6334=CARTESIAN_POINT('',(149.294913845126,-6.17787337491511,-39.917966676027));
#6335=CARTESIAN_POINT('',(148.804732020433,-6.17787337491511,-37.8203153322756));
#6336=CARTESIAN_POINT('',(148.560468732995,-6.17787337491511,-36.6531177774419));
#6337=CARTESIAN_POINT('',(148.398607749928,-6.17787337491511,-35.4805704043782));
#6338=CARTESIAN_POINT('',(153.606222794378,-6.00000000000008,-53.3595787837477));
#6339=CARTESIAN_POINT('',(153.0041741472,-6.00000000000009,-51.4656652033414));
#6340=CARTESIAN_POINT('',(152.402125500023,-6.00000000000009,-49.5717516229352));
#6341=CARTESIAN_POINT('',(151.800076852845,-6.00000000000009,-47.6778380425289));
#6342=CARTESIAN_POINT('',(151.651099029865,-6.00000000000009,-47.2091863423006));
#6343=CARTESIAN_POINT('',(151.502121206832,-6.00000000000009,-46.7405346420855));
#6344=CARTESIAN_POINT('',(151.278654472338,-6.00000000000009,-46.0375570917517));
#6345=CARTESIAN_POINT('',(151.204165560829,-6.00000000000009,-45.8032312416412));
#6346=CARTESIAN_POINT('',(151.092432193582,-6.00000000000009,-45.4517424664743));
#6347=CARTESIAN_POINT('',(151.055187737831,-6.00000000000009,-45.3345795414191));
#6348=CARTESIAN_POINT('',(150.999321054203,-6.00000000000009,-45.1588351538356));
#6349=CARTESIAN_POINT('',(150.980698826327,-6.00000000000009,-45.100253691308));
#6350=CARTESIAN_POINT('',(150.943454370578,-6.00000000000009,-44.9830907662524));
#6351=CARTESIAN_POINT('',(150.924835644579,-6.00000000000009,-44.9244614174014));
#6352=CARTESIAN_POINT('',(150.88489618437,-6.00000000000009,-44.7989469023323));
#6353=CARTESIAN_POINT('',(150.863740474471,-6.00000000000009,-44.7324048781475));
#6354=CARTESIAN_POINT('',(150.821766550982,-6.00000000000008,-44.5998492475976));
#6355=CARTESIAN_POINT('',(150.800943535968,-6.00000000000021,-44.5338888635371));
#6356=CARTESIAN_POINT('',(150.738955300091,-5.99999999999985,-44.3369148636442));
#6357=CARTESIAN_POINT('',(150.698270888568,-6.00000000000009,-44.2068084088286));
#6358=CARTESIAN_POINT('',(150.578052657398,-6.00000000000009,-43.8197563297113));
#6359=CARTESIAN_POINT('',(150.500353830727,-6.00000000000009,-43.5660781076505));
#6360=CARTESIAN_POINT('',(150.273891776493,-6.00000000000009,-42.8152182357973));
#6361=CARTESIAN_POINT('',(150.131762620518,-6.00000000000009,-42.3282130307881));
#6362=CARTESIAN_POINT('',(149.726276733943,-6.00000000000009,-40.8846813724094));
#6363=CARTESIAN_POINT('',(149.483815267629,-6.00000000000009,-39.9456362237175));
#6364=CARTESIAN_POINT('',(148.992715064881,-6.00000000000009,-37.8536905079722));
#6365=CARTESIAN_POINT('',(148.747547722623,-6.00000000000009,-36.6921359602847));
#6366=CARTESIAN_POINT('',(148.583477457861,-6.00000000000009,-35.5281650541116));
#6367=CARTESIAN_POINT('',(152.786110571145,-6.00000000000009,-50.779684809532));
#6368=CARTESIAN_POINT('',(150.908452378863,-7.99999999999998,-51.4284382850904));
#6369=CARTESIAN_POINT('',(149.030794186582,-9.99999999999992,-52.0771917606511));
#6370=CARTESIAN_POINT('',(147.1531359943,-11.9999999999998,-52.7259452362092));
#6371=CARTESIAN_POINT('',(152.786110571145,-6.00000000000008,-50.7796848095329));
#6372=CARTESIAN_POINT('',(147.1531359943,-11.9999999999998,-52.7259452362088));
#6373=CARTESIAN_POINT('',(147.1531359943,-11.9999999999998,-52.7259452362088));
#6374=CARTESIAN_POINT('',(146.75592442725,-11.9999999999998,-51.4764043815656));
#6375=CARTESIAN_POINT('',(145.964000525952,-11.9999999999998,-48.9766081196208));
#6376=CARTESIAN_POINT('',(144.961599485313,-11.9999999999998,-45.8554355554827));
#6377=CARTESIAN_POINT('',(144.185920596946,-11.9999999999998,-43.3509947013405));
#6378=CARTESIAN_POINT('',(143.511433081494,-11.9999999999998,-40.8176223429224));
#6379=CARTESIAN_POINT('',(143.078262192741,-11.9999999999998,-38.8968090057908));
#6380=CARTESIAN_POINT('',(142.829846348006,-11.9999999999998,-37.6047261443299));
#6381=CARTESIAN_POINT('',(152.786110571145,-6.00000000000009,-50.7796848095329));
#6382=CARTESIAN_POINT('',(152.388959960259,-6.00000000000009,-49.5303357096728));
#6383=CARTESIAN_POINT('',(151.599793594106,-6.00000000000009,-47.0303413477978));
#6384=CARTESIAN_POINT('',(150.385234911013,-6.00000000000009,-43.2881267779591));
#6385=CARTESIAN_POINT('',(149.344448136698,-6.00000000000009,-39.4994853877138));
#6386=CARTESIAN_POINT('',(148.785817918186,-6.00000000000009,-36.9239577716895));
#6387=CARTESIAN_POINT('',(148.598497138931,-6.00000000000009,-35.6331637556309));
#6388=CARTESIAN_POINT('',(164.060831673413,-6.00000000000009,-80.9568738464146));
#6389=CARTESIAN_POINT('',(164.151968090786,-6.00000000000009,-81.2008036847017));
#6390=CARTESIAN_POINT('',(163.034950006428,-6.00000000000009,-78.2110653502863));
#6391=CARTESIAN_POINT('',(157.089584558186,-11.9999999999998,-79.3212005820202));
#6392=CARTESIAN_POINT('',(159.137314515197,-10.0243367917937,-79.196698192298));
#6393=CARTESIAN_POINT('',(161.169152122084,-8.02242486774902,-78.9551868785397));
#6394=CARTESIAN_POINT('',(163.034950006426,-6.00000000000193,-78.2110653502867));
#6395=CARTESIAN_POINT('',(157.089584558186,-11.9999999999997,-79.3212005820202));
#6396=CARTESIAN_POINT('',(158.479761565196,-11.9999999999997,-83.0420584156417));
#6397=CARTESIAN_POINT('',(158.479761565196,-11.9999999999997,-83.0420584156417));
#6398=CARTESIAN_POINT('',(159.909573021845,-12.261731057153,-88.8618861985298));
#6399=CARTESIAN_POINT('',(159.19287618971,-12.261731057153,-85.1873929921547));
#6400=CARTESIAN_POINT('',(157.987422374318,-12.261731057153,-81.6430403330865));
#6401=CARTESIAN_POINT('',(156.315214210801,-12.261731057153,-78.2935217810022));
#6402=CARTESIAN_POINT('',(159.973905462598,-12.1997337199534,-88.8788719455203));
#6403=CARTESIAN_POINT('',(159.25874435284,-12.1997337199534,-85.1985622879247));
#6404=CARTESIAN_POINT('',(158.05402822462,-12.1997337199534,-81.6482392548603));
#6405=CARTESIAN_POINT('',(156.381746248381,-12.1997337199534,-78.2927053806981));
#6406=CARTESIAN_POINT('',(160.181162068861,-11.9999999999998,-88.933594076919));
#6407=CARTESIAN_POINT('',(159.470948519062,-11.9999999999998,-85.2345458493835));
#6408=CARTESIAN_POINT('',(158.268608960704,-11.9999999999998,-81.6649883610725));
#6409=CARTESIAN_POINT('',(156.596089185712,-11.9999999999998,-78.2900752246773));
#6410=CARTESIAN_POINT('',(166.4071495379,-6.00000000000009,-90.5774466445677));
#6411=CARTESIAN_POINT('',(165.845560665815,-6.00000000000009,-86.3154918649226));
#6412=CARTESIAN_POINT('',(164.714613254836,-6.00000000000009,-82.168131432239));
#6413=CARTESIAN_POINT('',(163.034950006428,-6.00000000000009,-78.2110653502866));
#6414=CARTESIAN_POINT('',(119.268104962496,-6.00000000000009,-96.7888600083904));
#6415=CARTESIAN_POINT('',(166.4071495379,-6.00000000000009,-90.5774466445677));
#6416=CARTESIAN_POINT('',(160.181162125304,-11.9999999456057,-88.9335940918216));
#6417=CARTESIAN_POINT('',(162.256491262836,-9.99999996373714,-89.481544942737));
#6418=CARTESIAN_POINT('',(164.331820400368,-7.99999998186861,-90.0294957936523));
#6419=CARTESIAN_POINT('',(166.4071495379,-6.00000000000009,-90.5774466445677));
#6420=CARTESIAN_POINT('',(160.181464718902,-11.9999999999997,-88.9324482362737));
#6421=CARTESIAN_POINT('',(160.180960639426,-11.9999999999996,-88.9325450324291));
#6422=CARTESIAN_POINT('',(159.543961694751,-11.9999999999996,-85.6152842085428));
#6423=CARTESIAN_POINT('',(158.505882231407,-11.9999999999998,-82.3878091207866));
#6424=CARTESIAN_POINT('',(157.089584558185,-11.9999999999998,-79.3212005820201));
#6425=CARTESIAN_POINT('',(160.420076835894,-12.2000000000044,-104.547253929008));
#6426=CARTESIAN_POINT('',(160.422446792789,-12.2000000000044,-104.495486417242));
#6427=CARTESIAN_POINT('',(160.424816749685,-12.2000000000044,-104.443718905476));
#6428=CARTESIAN_POINT('',(160.42718670658,-12.2000000000044,-104.39195139371));
#6429=CARTESIAN_POINT('',(160.43973678292,-12.2000000000044,-104.117817199212));
#6430=CARTESIAN_POINT('',(160.45228685926,-12.2000000000044,-103.843683004713));
#6431=CARTESIAN_POINT('',(160.464836935599,-12.2000000000044,-103.569548810215));
#6432=CARTESIAN_POINT('',(160.539837263906,-12.2000000000044,-101.931299445749));
#6433=CARTESIAN_POINT('',(160.614837592212,-12.2000000000044,-100.293050081283));
#6434=CARTESIAN_POINT('',(160.689837920518,-12.2000000000044,-98.6548007168178));
#6435=CARTESIAN_POINT('',(160.839989227215,-12.2000000000044,-95.375011303547));
#6436=CARTESIAN_POINT('',(160.600229852487,-12.2000000000044,-92.1005526532451));
#6437=CARTESIAN_POINT('',(159.973941891597,-12.2000000000044,-88.8776149559959));
#6438=CARTESIAN_POINT('',(160.542019586887,-12.0599999999998,-104.637614257703));
#6439=CARTESIAN_POINT('',(160.544479173474,-12.0599999999998,-104.585681109724));
#6440=CARTESIAN_POINT('',(160.546938760062,-12.0599999999998,-104.533747961745));
#6441=CARTESIAN_POINT('',(160.54939834665,-12.0599999999998,-104.481814813766));
#6442=CARTESIAN_POINT('',(160.562423055874,-12.0599999999998,-104.206803494826));
#6443=CARTESIAN_POINT('',(160.575447765098,-12.0599999999998,-103.931792175887));
#6444=CARTESIAN_POINT('',(160.588472474322,-12.0599999999998,-103.656780856947));
#6445=CARTESIAN_POINT('',(160.666309249291,-12.0599999999998,-102.013289721892));
#6446=CARTESIAN_POINT('',(160.744146024261,-12.0599999999998,-100.369798586836));
#6447=CARTESIAN_POINT('',(160.82198279923,-12.0599999999998,-98.7263074517808));
#6448=CARTESIAN_POINT('',(160.977812696708,-12.0599999999998,-95.436023968401));
#6449=CARTESIAN_POINT('',(160.74244768471,-12.0599999999998,-92.1504720103463));
#6450=CARTESIAN_POINT('',(160.119207870712,-12.0599999999998,-88.9159982521907));
#6451=CARTESIAN_POINT('',(160.594280765882,-11.9999999999998,-104.676340112856));
#6452=CARTESIAN_POINT('',(160.596778765195,-11.9999999999998,-104.624335977929));
#6453=CARTESIAN_POINT('',(160.599276764508,-11.9999999999998,-104.572331843001));
#6454=CARTESIAN_POINT('',(160.60177476382,-11.9999999999998,-104.520327708074));
#6455=CARTESIAN_POINT('',(160.615002887138,-11.9999999999998,-104.24494047866));
#6456=CARTESIAN_POINT('',(160.628231010455,-11.9999999999998,-103.969553249245));
#6457=CARTESIAN_POINT('',(160.641459133772,-11.9999999999998,-103.694166019831));
#6458=CARTESIAN_POINT('',(160.72051152874,-11.9999999999998,-102.048428411666));
#6459=CARTESIAN_POINT('',(160.799563923708,-11.9999999999998,-100.402690803501));
#6460=CARTESIAN_POINT('',(160.878616318676,-11.9999999999998,-98.7569531953354));
#6461=CARTESIAN_POINT('',(161.036879897918,-11.9999999999998,-95.4621722533376));
#6462=CARTESIAN_POINT('',(160.803398184232,-11.9999999999998,-92.1718660205318));
#6463=CARTESIAN_POINT('',(160.181464718902,-11.9999999999998,-88.9324482362736));
#6464=CARTESIAN_POINT('',(165.820398665411,-6.00000000000009,-108.548925628209));
#6465=CARTESIAN_POINT('',(165.826737937239,-6.00000000000009,-108.48982279844));
#6466=CARTESIAN_POINT('',(165.833077209068,-6.00000000000009,-108.43071996867));
#6467=CARTESIAN_POINT('',(165.839416480896,-6.00000000000009,-108.3716171389));
#6468=CARTESIAN_POINT('',(165.872986013546,-6.00000000000009,-108.058638862007));
#6469=CARTESIAN_POINT('',(165.906555546195,-6.00000000000009,-107.745660585114));
#6470=CARTESIAN_POINT('',(165.940125078845,-6.00000000000009,-107.432682308222));
#6471=CARTESIAN_POINT('',(166.140739473663,-6.00000000000009,-105.562297389079));
#6472=CARTESIAN_POINT('',(166.341353868481,-6.00000000000009,-103.691912469936));
#6473=CARTESIAN_POINT('',(166.5419682633,-6.00000000000009,-101.821527550794));
#6474=CARTESIAN_POINT('',(166.943600018847,-6.00000000000009,-98.0770007469964));
#6475=CARTESIAN_POINT('',(166.898448136454,-6.00000000000009,-94.3112670390803));
#6476=CARTESIAN_POINT('',(166.4071495379,-6.00000000000009,-90.5774466445677));
#6477=CARTESIAN_POINT('',(119.389620777244,-6.00000000000009,-96.7640446988078));
#6478=CARTESIAN_POINT('',(166.541968263299,-6.00000000000009,-101.821527550793));
#6479=CARTESIAN_POINT('',(160.606244345091,-12.0000000000051,-104.427278560094));
#6480=CARTESIAN_POINT('',(162.570852269564,-9.85621460790051,-103.909418802168));
#6481=CARTESIAN_POINT('',(164.584729454722,-7.82521706528647,-103.074942404719));
#6482=CARTESIAN_POINT('',(166.5419682633,-6.00000000000009,-101.821527550794));
#6483=CARTESIAN_POINT('',(160.606244345085,-11.9999999999997,-104.427278560096));
#6484=CARTESIAN_POINT('',(160.606244345085,-11.9999999999997,-104.427278560096));
#6485=CARTESIAN_POINT('',(160.668446624638,-11.9999999999997,-103.132331951403));
#6486=CARTESIAN_POINT('',(160.789250250712,-11.9999999999999,-100.542947645664));
#6487=CARTESIAN_POINT('',(161.059664967188,-11.9999999999998,-95.3601077410194));
#6488=CARTESIAN_POINT('',(160.67075363916,-11.9999999999998,-91.4809704147392));
#6489=CARTESIAN_POINT('',(160.181464718902,-11.9999999999998,-88.9324482362737));
#6490=CARTESIAN_POINT('',(153.630632451332,-0.453341770609094,-41.6550379094798));
#6491=CARTESIAN_POINT('',(153.701191217349,-0.453341770609094,-41.7542195817117));
#6492=CARTESIAN_POINT('',(153.771749983367,-0.453341770609094,-41.8534012539436));
#6493=CARTESIAN_POINT('',(153.842308749384,-0.453341770609094,-41.9525829261755));
#6494=CARTESIAN_POINT('',(157.39424053006,-0.453341770609094,-46.9453932252408));
#6495=CARTESIAN_POINT('',(160.418534234422,-0.453341770609094,-52.3120658953558));
#6496=CARTESIAN_POINT('',(162.849732637887,-0.453341770609094,-57.9364457171672));
#6497=CARTESIAN_POINT('',(153.612590347587,-0.988084355809715,-41.6550661846179));
#6498=CARTESIAN_POINT('',(153.683149113605,-0.988084355809715,-41.7542478568498));
#6499=CARTESIAN_POINT('',(153.753707879622,-0.988084355809715,-41.8534295290817));
#6500=CARTESIAN_POINT('',(153.82426664564,-0.988084355809715,-41.9526112013136));
#6501=CARTESIAN_POINT('',(157.376198426316,-0.988084355809715,-46.945421500379));
#6502=CARTESIAN_POINT('',(160.400492130678,-0.988084355809715,-52.3120941704938));
#6503=CARTESIAN_POINT('',(162.831690534142,-0.988084355809715,-57.9364739923053));
#6504=CARTESIAN_POINT('',(153.562583554451,-1.52021213216449,-41.6551445540254));
#6505=CARTESIAN_POINT('',(153.633142320468,-1.52021213216449,-41.7543262262573));
#6506=CARTESIAN_POINT('',(153.703701086486,-1.52021213216449,-41.8535078984892));
#6507=CARTESIAN_POINT('',(153.774259852503,-1.52021213216449,-41.9526895707211));
#6508=CARTESIAN_POINT('',(157.326191633179,-1.52021213216449,-46.9454998697866));
#6509=CARTESIAN_POINT('',(160.350485337541,-1.52021213216449,-52.3121725399013));
#6510=CARTESIAN_POINT('',(162.781683741006,-1.52021213216449,-57.9365523617128));
#6511=CARTESIAN_POINT('',(153.428988634148,-2.38524269901375,-41.6553539206755));
#6512=CARTESIAN_POINT('',(153.499547400165,-2.38524269901375,-41.7545355929073));
#6513=CARTESIAN_POINT('',(153.570106166183,-2.38524269901375,-41.8537172651392));
#6514=CARTESIAN_POINT('',(153.6406649322,-2.38524269901375,-41.9528989373711));
#6515=CARTESIAN_POINT('',(157.192596712876,-2.38524269901375,-46.9457092364364));
#6516=CARTESIAN_POINT('',(160.216890417238,-2.38524269901375,-52.3123819065515));
#6517=CARTESIAN_POINT('',(162.648088820703,-2.38524269901375,-57.9367617283628));
#6518=CARTESIAN_POINT('',(153.363692811596,-2.72233597131861,-41.6554562506712));
#6519=CARTESIAN_POINT('',(153.434251577613,-2.72233597131861,-41.7546379229031));
#6520=CARTESIAN_POINT('',(153.504810343631,-2.72233597131861,-41.853819595135));
#6521=CARTESIAN_POINT('',(153.575369109648,-2.72233597131861,-41.9530012673669));
#6522=CARTESIAN_POINT('',(157.127300890324,-2.72233597131861,-46.9458115664321));
#6523=CARTESIAN_POINT('',(160.151594594686,-2.72233597131861,-52.3124842365473));
#6524=CARTESIAN_POINT('',(162.58279299815,-2.72233597131861,-57.9368640583585));
#6525=CARTESIAN_POINT('',(153.206422658474,-3.39383037774066,-41.6557027205596));
#6526=CARTESIAN_POINT('',(153.276981424492,-3.39383037774066,-41.7548843927915));
#6527=CARTESIAN_POINT('',(153.347540190509,-3.39383037774066,-41.8540660650234));
#6528=CARTESIAN_POINT('',(153.418098956527,-3.39383037774066,-41.9532477372553));
#6529=CARTESIAN_POINT('',(156.970030737203,-3.39383037774066,-46.9460580363207));
#6530=CARTESIAN_POINT('',(159.994324441565,-3.39383037774066,-52.3127307064356));
#6531=CARTESIAN_POINT('',(162.425522845029,-3.39383037774066,-57.937110528247));
#6532=CARTESIAN_POINT('',(153.114504865129,-3.72771844433282,-41.6558467718486));
#6533=CARTESIAN_POINT('',(153.185063631147,-3.72771844433282,-41.7550284440805));
#6534=CARTESIAN_POINT('',(153.255622397164,-3.72771844433282,-41.8542101163124));
#6535=CARTESIAN_POINT('',(153.326181163182,-3.72771844433282,-41.9533917885443));
#6536=CARTESIAN_POINT('',(156.878112943858,-3.72771844433282,-46.9462020876095));
#6537=CARTESIAN_POINT('',(159.90240664822,-3.72771844433282,-52.3128747577246));
#6538=CARTESIAN_POINT('',(162.333605051684,-3.72771844433282,-57.9372545795359));
#6539=CARTESIAN_POINT('',(152.59423322762,-5.36833013859687,-41.6566621286719));
#6540=CARTESIAN_POINT('',(152.664791993637,-5.36833013859687,-41.7558438009038));
#6541=CARTESIAN_POINT('',(152.735350759654,-5.36833013859687,-41.8550254731357));
#6542=CARTESIAN_POINT('',(152.805909525672,-5.36833013859687,-41.9542071453676));
#6543=CARTESIAN_POINT('',(156.357841306348,-5.36833013859687,-46.947017444433));
#6544=CARTESIAN_POINT('',(159.38213501071,-5.36833013859687,-52.3136901145478));
#6545=CARTESIAN_POINT('',(161.813333414174,-5.36833013859687,-57.9380699363593));
#6546=CARTESIAN_POINT('',(151.977749222414,-6.61097890280864,-41.6576282671347));
#6547=CARTESIAN_POINT('',(152.048307988431,-6.61097890280864,-41.7568099393666));
#6548=CARTESIAN_POINT('',(152.118866754448,-6.61097890280864,-41.8559916115985));
#6549=CARTESIAN_POINT('',(152.189425520466,-6.61097890280864,-41.9551732838304));
#6550=CARTESIAN_POINT('',(155.741357301142,-6.61097890280864,-46.9479835828959));
#6551=CARTESIAN_POINT('',(158.765651005504,-6.61097890280864,-52.3146562530105));
#6552=CARTESIAN_POINT('',(161.196849408968,-6.61097890280864,-57.9390360748221));
#6553=CARTESIAN_POINT('',(151.171573531989,-7.74074495600593,-41.658891685708));
#6554=CARTESIAN_POINT('',(151.242132298007,-7.74074495600593,-41.7580733579399));
#6555=CARTESIAN_POINT('',(151.312691064024,-7.74074495600593,-41.8572550301718));
#6556=CARTESIAN_POINT('',(151.383249830041,-7.74074495600593,-41.9564367024037));
#6557=CARTESIAN_POINT('',(154.935181610718,-7.74074495600593,-46.9492470014691));
#6558=CARTESIAN_POINT('',(157.95947531508,-7.74074495600593,-52.315919671584));
#6559=CARTESIAN_POINT('',(160.390673718544,-7.74074495600593,-57.9402994933954));
#6560=CARTESIAN_POINT('',(154.506830847487,-3.86595180968282,-43.7227068942156));
#6561=CARTESIAN_POINT('',(154.266766667215,-4.19536845689254,-43.5139979233219));
#6562=CARTESIAN_POINT('',(153.897895361105,-4.63992965394931,-43.1848547661393));
#6563=CARTESIAN_POINT('',(153.358842876404,-5.18512650802157,-42.7387423523585));
#6564=CARTESIAN_POINT('',(154.506834629243,-3.8659432642393,-43.7226707011513));
#6565=CARTESIAN_POINT('',(153.358837977112,-5.18512444996287,-42.7387457571688));
#6566=CARTESIAN_POINT('',(153.358802238503,-5.18495073726863,-42.7385776339899));
#6567=CARTESIAN_POINT('',(153.081257281016,-5.46181626514539,-42.5065567184172));
#6568=CARTESIAN_POINT('',(152.793181943827,-5.73475444182667,-42.2753338842343));
#6569=CARTESIAN_POINT('',(152.494692718565,-6.00331731299195,-42.0449203759088));
#6570=CARTESIAN_POINT('',(152.494594271747,-6.00283320446615,-42.0444836469085));
#6571=CARTESIAN_POINT('',(152.49453835387,-6.00236723027452,-42.0440297044249));
#6572=CARTESIAN_POINT('',(152.330113761591,-6.14761837545367,-41.9151829604561));
#6573=CARTESIAN_POINT('',(152.163204655174,-6.28934113545555,-41.7855802933944));
#6574=CARTESIAN_POINT('',(151.99459363306,-6.43050126376965,-41.6576018689918));
#6575=CARTESIAN_POINT('',(160.390673718544,-7.74074495600593,-57.9402994933954));
#6576=CARTESIAN_POINT('',(161.196849408968,-6.61097890280864,-57.9390360748221));
#6577=CARTESIAN_POINT('',(161.813333414174,-5.36833013859687,-57.9380699363593));
#6578=CARTESIAN_POINT('',(162.333605051684,-3.72771844433282,-57.9372545795359));
#6579=CARTESIAN_POINT('',(162.425522845029,-3.39383037774066,-57.937110528247));
#6580=CARTESIAN_POINT('',(162.58279299815,-2.72233597131861,-57.9368640583585));
#6581=CARTESIAN_POINT('',(162.648088820703,-2.38524269901375,-57.9367617283628));
#6582=CARTESIAN_POINT('',(162.804659167146,-1.37144565322162,-57.9365163551941));
#6583=CARTESIAN_POINT('',(162.857416952542,-0.687311703438731,-57.9364336744996));
#6584=CARTESIAN_POINT('',(162.857357642145,8.08554582662491E-7,-57.9364337674494));
#6585=CARTESIAN_POINT('',(162.848087382504,-0.499722257857611,-57.9364482955707));
#6586=CARTESIAN_POINT('',(162.848087820941,-0.499708280844564,-57.9364481060009));
#6587=CARTESIAN_POINT('',(160.79013868807,-0.499725550629132,-53.1755516405295));
#6588=CARTESIAN_POINT('',(158.307225033051,-0.499742820410898,-48.599307451156));
#6589=CARTESIAN_POINT('',(155.4390477123,-0.499760090189862,-44.2781655411444));
#6590=CARTESIAN_POINT('',(155.439033408947,-0.499759744893333,-44.2781750345655));
#6591=CARTESIAN_POINT('',(155.439044868063,-0.499759931472523,-44.2781612471629));
#6592=CARTESIAN_POINT('',(155.386157215811,-1.66965239065785,-44.2641327035441));
#6593=CARTESIAN_POINT('',(155.068022590337,-2.79898113186743,-44.0780981371053));
#6594=CARTESIAN_POINT('',(154.506805253435,-3.8659247322474,-43.7226568847405));
#6595=CARTESIAN_POINT('',(153.816866834972,-5.13973266581258,-43.883214755549));
#6596=CARTESIAN_POINT('',(153.787973605863,-5.13973266581258,-43.8257029612102));
#6597=CARTESIAN_POINT('',(153.758959887249,-5.13973266581258,-43.76786982664));
#6598=CARTESIAN_POINT('',(153.666335181572,-5.13973266581258,-43.583820050553));
#6599=CARTESIAN_POINT('',(153.603568161764,-5.13973266581258,-43.4591192824107));
#6600=CARTESIAN_POINT('',(153.479636748542,-5.13973266581258,-43.2112871630076));
#6601=CARTESIAN_POINT('',(153.418537678135,-5.13973266581258,-43.0884932484247));
#6602=CARTESIAN_POINT('',(153.328144622037,-5.13973266581258,-42.9055879884698));
#6603=CARTESIAN_POINT('',(153.298169540979,-5.13973266581258,-42.8447243253469));
#6604=CARTESIAN_POINT('',(153.268429136141,-5.13973266581258,-42.7840990846857));
#6605=CARTESIAN_POINT('',(154.051518310537,-4.72560669638265,-43.8373239387082));
#6606=CARTESIAN_POINT('',(154.022640436925,-4.72560669638265,-43.7798405578726));
#6607=CARTESIAN_POINT('',(153.993598727725,-4.72560669638265,-43.7219199548911));
#6608=CARTESIAN_POINT('',(153.90100893297,-4.72560669638265,-43.5380486764005));
#6609=CARTESIAN_POINT('',(153.838324775319,-4.72560669638265,-43.4137734785861));
#6610=CARTESIAN_POINT('',(153.714532471093,-4.72560669638265,-43.1666675590403));
#6611=CARTESIAN_POINT('',(153.653513641437,-4.72560669638265,-43.0442969380515));
#6612=CARTESIAN_POINT('',(153.56325629752,-4.72560669638265,-42.8621215136578));
#6613=CARTESIAN_POINT('',(153.533329142826,-4.72560669638265,-42.8015175319678));
#6614=CARTESIAN_POINT('',(153.503639089856,-4.72560669638265,-42.7411680278211));
#6615=CARTESIAN_POINT('',(154.257782437051,-4.29309481323381,-43.7969848390803));
#6616=CARTESIAN_POINT('',(154.22891806128,-4.29309481323381,-43.7395264343774));
#6617=CARTESIAN_POINT('',(154.1998517477,-4.29309481323381,-43.6815289446198));
#6618=CARTESIAN_POINT('',(154.107292640461,-4.29309481323381,-43.4978145696847));
#6619=CARTESIAN_POINT('',(154.04468132058,-4.29309481323381,-43.3739134581263));
#6620=CARTESIAN_POINT('',(153.92101129641,-4.29309481323381,-43.127445885213));
#6621=CARTESIAN_POINT('',(153.860063000248,-4.29309481323381,-43.005447349178));
#6622=CARTESIAN_POINT('',(153.769924950508,-4.29309481323381,-42.8239134672855));
#6623=CARTESIAN_POINT('',(153.740039924206,-4.29309481323381,-42.763537751639));
#6624=CARTESIAN_POINT('',(153.710394131705,-4.29309481323381,-42.7034306263273));
#6625=CARTESIAN_POINT('',(154.433557125723,-3.84398126045539,-43.7626085624186));
#6626=CARTESIAN_POINT('',(154.404704252576,-3.84398126045539,-43.7051714419402));
#6627=CARTESIAN_POINT('',(154.375616971574,-3.84398126045539,-43.6471084306139));
#6628=CARTESIAN_POINT('',(154.2830840157,-3.84398126045539,-43.4635277661504));
#6629=CARTESIAN_POINT('',(154.220534766897,-3.84398126045539,-43.3399454443704));
#6630=CARTESIAN_POINT('',(154.096968947656,-3.84398126045539,-43.0940218593162));
#6631=CARTESIAN_POINT('',(154.036080758906,-3.84398126045539,-42.9723404075848));
#6632=CARTESIAN_POINT('',(153.946044369582,-3.84398126045539,-42.7913532370149));
#6633=CARTESIAN_POINT('',(153.916195244361,-3.84398126045539,-42.7311720457067));
#6634=CARTESIAN_POINT('',(153.886587169857,-3.84398126045539,-42.671271471408));
#6635=CARTESIAN_POINT('',(153.271545354438,-5.1397326627221,-42.7904505549846));
#6636=CARTESIAN_POINT('',(153.545484835513,-4.86873880206277,-43.0069445523597));
#6637=CARTESIAN_POINT('',(153.8122636103,-4.58695849129582,-43.2271649146003));
#6638=CARTESIAN_POINT('',(154.069943877909,-4.29570714942077,-43.4538175081043));
#6639=CARTESIAN_POINT('',(154.069939764308,-4.29569153748161,-43.453794096315));
#6640=CARTESIAN_POINT('',(154.069943877909,-4.29570714942076,-43.4538175081043));
#6641=CARTESIAN_POINT('',(154.190417157595,-4.15538517372815,-43.5557271227965));
#6642=CARTESIAN_POINT('',(154.310275749314,-4.00760868803535,-43.657527139856));
#6643=CARTESIAN_POINT('',(154.427034167793,-3.85209031149631,-43.7565701061854));
#6644=CARTESIAN_POINT('',(154.427069514439,-3.85210554291166,-43.7565523537527));
#6645=CARTESIAN_POINT('',(154.427034563432,-3.85209097685277,-43.756571464808));
#6646=CARTESIAN_POINT('',(154.27375926959,-4.11165441826535,-43.6740899125062));
#6647=CARTESIAN_POINT('',(154.112020962559,-4.3517921967561,-43.5853959214842));
#6648=CARTESIAN_POINT('',(153.946932853274,-4.57361457503114,-43.4924234586092));
#6649=CARTESIAN_POINT('',(153.946934165331,-4.57361808579383,-43.4924297790612));
#6650=CARTESIAN_POINT('',(153.946934165331,-4.5736180857938,-43.4924297790608));
#6651=CARTESIAN_POINT('',(153.858817754539,-4.76523958568545,-43.5203024339687));
#6652=CARTESIAN_POINT('',(153.765095546821,-4.95395621648999,-43.5503360589477));
#6653=CARTESIAN_POINT('',(153.665677836749,-5.13973266581258,-43.5824887674635));
#6654=CARTESIAN_POINT('',(165.76356981936,-6.12615215506218,-77.7699822914683));
#6655=CARTESIAN_POINT('',(165.642137659974,-6.12615215506218,-77.4449656381056));
#6656=CARTESIAN_POINT('',(152.911234691916,-6.12615215506218,-43.3703391314157));
#6657=CARTESIAN_POINT('',(165.76992532398,-6.11764736510087,-77.7694400710917));
#6658=CARTESIAN_POINT('',(165.648493164594,-6.11764736510087,-77.4444234177289));
#6659=CARTESIAN_POINT('',(152.917590196536,-6.11764736510087,-43.369796911039));
#6660=CARTESIAN_POINT('',(165.7762808286,-6.10914257513956,-77.768897850715));
#6661=CARTESIAN_POINT('',(165.654848669214,-6.10914257513956,-77.4438811973523));
#6662=CARTESIAN_POINT('',(152.923945701156,-6.10914257513956,-43.3692546906624));
#6663=CARTESIAN_POINT('',(165.78263633322,-6.10063778517825,-77.7683556303384));
#6664=CARTESIAN_POINT('',(165.661204173834,-6.10063778517825,-77.4433389769757));
#6665=CARTESIAN_POINT('',(152.930301205776,-6.10063778517825,-43.3687124702857));
#6666=CARTESIAN_POINT('',(167.084439542482,-4.3585947016118,-77.6572921871267));
#6667=CARTESIAN_POINT('',(166.963007383096,-4.3585947016118,-77.332275533764));
#6668=CARTESIAN_POINT('',(154.232104415038,-4.3585947016118,-43.2576490270741));
#6669=CARTESIAN_POINT('',(167.797537107231,-2.25816083963551,-77.5964542122904));
#6670=CARTESIAN_POINT('',(167.676104947846,-2.25816083963551,-77.2714375589277));
#6671=CARTESIAN_POINT('',(154.945201979787,-2.25816083963551,-43.1968110522378));
#6672=CARTESIAN_POINT('',(167.774892587268,3.86955122170884E-15,-77.5983861312926));
#6673=CARTESIAN_POINT('',(167.653460427882,4.09577116402695E-15,-77.2733694779298));
#6674=CARTESIAN_POINT('',(154.922557459824,4.09577116402695E-15,-43.1987429712399));
#6675=CARTESIAN_POINT('',(153.946938616011,-4.5736181325986,-43.4924417558479));
#6676=CARTESIAN_POINT('',(154.812128392805,-3.29603999832947,-44.0498822923924));
#6677=CARTESIAN_POINT('',(155.298069865966,-1.8350363873956,-44.3275170718198));
#6678=CARTESIAN_POINT('',(155.341813050966,-0.386140301553221,-44.3307166770126));
#6679=CARTESIAN_POINT('',(155.341818627836,-0.386243699309803,-44.3307397319906));
#6680=CARTESIAN_POINT('',(155.341818627836,-0.38624369930977,-44.3307397319906));
#6681=CARTESIAN_POINT('',(155.547931873575,-0.254523811969919,-44.8720510714447));
#6682=CARTESIAN_POINT('',(155.751848980005,-0.125659081632874,-45.4148873618211));
#6683=CARTESIAN_POINT('',(155.953906038586,-5.94505018950292E-5,-45.9591753421711));
#6684=CARTESIAN_POINT('',(155.953900997249,2.40927715530997E-16,-45.959163494907));
#6685=CARTESIAN_POINT('',(155.953900997249,2.40927715530997E-16,-45.959163494907));
#6686=CARTESIAN_POINT('',(167.416943801875,-7.34829532369542E-15,-76.6403259527346));
#6687=CARTESIAN_POINT('',(165.780665529208,-6.00000000000003,-77.5580723399388));
#6688=CARTESIAN_POINT('',(166.331629739905,-5.12584305024019,-77.2752119812825));
#6689=CARTESIAN_POINT('',(167.170987094253,-3.19198358238412,-76.8368007832169));
#6690=CARTESIAN_POINT('',(167.438091248162,-1.07058410225138,-76.6672774636682));
#6691=CARTESIAN_POINT('',(167.416943801869,-6.54604734875647E-13,-76.6403259527166));
#6692=CARTESIAN_POINT('',(165.780665529208,-6.00000000000009,-77.5580723399388));
#6693=CARTESIAN_POINT('',(165.780665529208,-6.00000000000009,-77.5580723399385));
#6694=CARTESIAN_POINT('',(153.365455776865,-6.00000000000009,-44.3284077690333));
#6695=CARTESIAN_POINT('',(153.365455776865,-5.99999999999908,-44.3284077690331));
#6696=CARTESIAN_POINT('',(153.271800825666,-6.03252104251245,-44.1431226273661));
#6697=CARTESIAN_POINT('',(153.177996794954,-6.06483440035919,-43.9578502044295));
#6698=CARTESIAN_POINT('',(153.084048315991,-6.09693865211229,-43.7725901051067));
#6699=CARTESIAN_POINT('',(155.41090843621,-6.00000000000009,-84.4666151432569));
#6700=CARTESIAN_POINT('',(179.963669740519,-6.00000000000009,-69.7349583677182));
#6701=CARTESIAN_POINT('',(153.470616170301,-6.00000000000009,-25.5798690628972));
#6702=CARTESIAN_POINT('',(153.470616170311,-6.00000000000009,-25.5798690628885));
#6703=CARTESIAN_POINT('',(153.367582090248,-6.00000000000009,-25.7580618604916));
#6704=CARTESIAN_POINT('',(153.161551837921,-6.00000000000009,-26.1143818348982));
#6705=CARTESIAN_POINT('',(152.90382448352,-6.00000000000009,-26.560109906904));
#6706=CARTESIAN_POINT('',(152.698040631881,-6.00000000000009,-26.9160033461137));
#6707=CARTESIAN_POINT('',(152.542622370903,-6.00000000000009,-27.1847936183074));
#6708=CARTESIAN_POINT('',(152.416542547633,-6.00000000000009,-27.4028386268454));
#6709=CARTESIAN_POINT('',(152.307973929033,-6.00000000000009,-27.5906120611787));
#6710=CARTESIAN_POINT('',(152.247600508509,-6.00000000000009,-27.6949979853939));
#6711=CARTESIAN_POINT('',(152.106867294272,-6.00000000000009,-27.9384918019972));
#6712=CARTESIAN_POINT('',(151.968337342182,-6.00000000000009,-28.1785771288145));
#6713=CARTESIAN_POINT('',(151.81396791369,-6.00000000000009,-28.4468949642362));
#6714=CARTESIAN_POINT('',(151.709284550798,-6.00000000000009,-28.6297671541748));
#6715=CARTESIAN_POINT('',(151.64025771697,-6.00000000000009,-28.7519116681387));
#6716=CARTESIAN_POINT('',(151.626267000201,-6.00000000000009,-28.7762567706426));
#6717=CARTESIAN_POINT('',(151.528299132393,-6.00000000000009,-28.954404701203));
#6718=CARTESIAN_POINT('',(151.43124649749,-6.00000000000009,-29.1370691928974));
#6719=CARTESIAN_POINT('',(151.255519585131,-6.00000000000009,-29.4809096235625));
#6720=CARTESIAN_POINT('',(150.956512593113,-6.00000000000009,-30.1256873850518));
#6721=CARTESIAN_POINT('',(150.565094213723,-6.00000000000009,-31.1597555276212));
#6722=CARTESIAN_POINT('',(150.236804113641,-6.00000000000009,-32.3857535679522));
#6723=CARTESIAN_POINT('',(150.027497352265,-6.00000000000009,-33.6466927255932));
#6724=CARTESIAN_POINT('',(149.914369664566,-6.00000000000009,-35.3696205936173));
#6725=CARTESIAN_POINT('',(150.051199945859,-6.00000000000009,-37.0848872437353));
#6726=CARTESIAN_POINT('',(150.433010750853,-6.00000000000009,-38.7361799782114));
#6727=CARTESIAN_POINT('',(150.856911239066,-6.00000000000009,-39.9835736051054));
#6728=CARTESIAN_POINT('',(151.356446543933,-6.00000000000009,-41.1001519598095));
#6729=CARTESIAN_POINT('',(152.034523859654,-6.00000000000009,-42.2651109272385));
#6730=CARTESIAN_POINT('',(152.693082471757,-6.00000000000009,-43.2798703154199));
#6731=CARTESIAN_POINT('',(153.141060985749,-6.00000000000009,-43.9816500661083));
#6732=CARTESIAN_POINT('',(153.365455776865,-6.00000000000009,-44.3284077690332));
#6733=CARTESIAN_POINT('',(169.189408845422,-6.00000000000009,-103.1922516045));
#6734=CARTESIAN_POINT('',(169.756102414318,-6.00000000000009,-98.8393774149883));
#6735=CARTESIAN_POINT('',(169.747897343805,-6.0000000000001,-92.3537999246992));
#6736=CARTESIAN_POINT('',(168.036121188752,-6.00000000000009,-83.7335385942333));
#6737=CARTESIAN_POINT('',(166.622945580208,-6.00000000000009,-79.5848083313039));
#6738=CARTESIAN_POINT('',(165.780665529208,-6.00000000000009,-77.5580723399388));
#6739=CARTESIAN_POINT('',(155.563170965806,-6.00000000000009,-84.425816521414));
#6740=CARTESIAN_POINT('',(160.901101170835,-6.00000000000009,-104.347243253813));
#6741=CARTESIAN_POINT('',(155.286545225489,-6.00000000000009,-84.2459014860656));
#6742=CARTESIAN_POINT('',(155.286545225489,-6.00000000000009,-84.2459014860656));
#6743=CARTESIAN_POINT('',(155.286545225489,-6.22063450914015,-84.2459014860656));
#6744=CARTESIAN_POINT('',(158.949883811269,-8.00000000000009,-104.792607541615));
#6745=CARTESIAN_POINT('',(158.949883811269,-6.00000000000009,-104.792607541615));
#6746=CARTESIAN_POINT('',(158.949883811269,-9.49999999999974,-104.792607541615));
#6747=CARTESIAN_POINT('',(158.949883811269,-9.49999999999974,-104.792607541615));
#6748=CARTESIAN_POINT('',(158.949883811269,-10.1644637715251,-104.792607541615));
#6749=CARTESIAN_POINT('',(158.406149976165,-11.4666044066436,-104.899610908749));
#6750=CARTESIAN_POINT('',(157.10323070608,-11.9999999999998,-105.048019143233));
#6751=CARTESIAN_POINT('',(156.439967482301,-11.9999999999997,-105.084730542054));
#6752=CARTESIAN_POINT('',(156.439967482302,-12.0000000000001,-105.084730542054));
#6753=CARTESIAN_POINT('',(155.286545225489,-12.0000000000001,-84.2459014860656));
#6754=CARTESIAN_POINT('',(142.768521734589,-16.,-19.9306387358346));
#6755=CARTESIAN_POINT('',(142.744219718467,-16.,-19.9726679773959));
#6756=CARTESIAN_POINT('',(142.719917702346,-16.,-20.0146972189572));
#6757=CARTESIAN_POINT('',(142.695615686224,-16.,-20.0567264605185));
#6758=CARTESIAN_POINT('',(141.695848027428,-16.,-21.7857795656788));
#6759=CARTESIAN_POINT('',(140.696080368584,-15.9999999999965,-23.5148326708348));
#6760=CARTESIAN_POINT('',(139.196428880424,-16.0000000000017,-26.1084123285906));
#6761=CARTESIAN_POINT('',(138.696545050977,-16.,-26.9729388811632));
#6762=CARTESIAN_POINT('',(138.071690264261,-16.,-28.0535970718952));
#6763=CARTESIAN_POINT('',(137.946719306909,-16.,-28.26972871004));
#6764=CARTESIAN_POINT('',(137.696777392195,-16.,-28.7019919863293));
#6765=CARTESIAN_POINT('',(137.569726631723,-16.,-28.9169728409693));
#6766=CARTESIAN_POINT('',(137.21043930003,-16.,-29.5741343007968));
#6767=CARTESIAN_POINT('',(136.997015294029,-16.,-30.0264861562712));
#6768=CARTESIAN_POINT('',(136.439011494006,-16.,-31.4165509610253));
#6769=CARTESIAN_POINT('',(136.177503175925,-16.,-32.3875489387743));
#6770=CARTESIAN_POINT('',(135.890532469675,-16.,-34.3640187065863));
#6771=CARTESIAN_POINT('',(135.86454044502,-16.0000000000017,-35.3692988537282));
#6772=CARTESIAN_POINT('',(136.050655789638,-15.9999999999983,-37.3577919445817));
#6773=CARTESIAN_POINT('',(136.261793247155,-16.,-38.3410171076721));
#6774=CARTESIAN_POINT('',(136.910376093608,-16.,-40.2299314860107));
#6775=CARTESIAN_POINT('',(137.347002679107,-16.,-41.135784423111));
#6776=CARTESIAN_POINT('',(137.884264292991,-16.,-41.9775919781714));
#6777=CARTESIAN_POINT('',(147.060613895396,-14.,-19.9239122753141));
#6778=CARTESIAN_POINT('',(147.036311879274,-14.,-19.9659415168754));
#6779=CARTESIAN_POINT('',(147.012009863153,-14.,-20.0079707584367));
#6780=CARTESIAN_POINT('',(146.987707847031,-14.,-20.0499999999979));
#6781=CARTESIAN_POINT('',(145.987940188236,-14.,-21.7790531051582));
#6782=CARTESIAN_POINT('',(144.988172529391,-13.9999999999966,-23.5081062103143));
#6783=CARTESIAN_POINT('',(143.488521041231,-14.0000000000018,-26.1016858680701));
#6784=CARTESIAN_POINT('',(142.988637211784,-14.,-26.9662124206427));
#6785=CARTESIAN_POINT('',(142.363782425068,-14.,-28.0468706113746));
#6786=CARTESIAN_POINT('',(142.238811467717,-14.,-28.2630022495194));
#6787=CARTESIAN_POINT('',(141.988869553002,-14.,-28.6952655258088));
#6788=CARTESIAN_POINT('',(141.86181879253,-14.,-28.9102463804488));
#6789=CARTESIAN_POINT('',(141.502531460837,-14.,-29.5674078402762));
#6790=CARTESIAN_POINT('',(141.289107454836,-14.,-30.0197596957507));
#6791=CARTESIAN_POINT('',(140.731103654813,-14.,-31.4098245005048));
#6792=CARTESIAN_POINT('',(140.469595336732,-14.,-32.3808224782538));
#6793=CARTESIAN_POINT('',(140.182624630482,-14.,-34.3572922460657));
#6794=CARTESIAN_POINT('',(140.156632605827,-14.0000000000009,-35.3625723932077));
#6795=CARTESIAN_POINT('',(140.342747950445,-13.9999999999992,-37.3510654840612));
#6796=CARTESIAN_POINT('',(140.553885407962,-14.,-38.3342906471516));
#6797=CARTESIAN_POINT('',(141.202468254415,-14.,-40.2232050254902));
#6798=CARTESIAN_POINT('',(141.639094839914,-14.,-41.1290579625904));
#6799=CARTESIAN_POINT('',(142.176356453798,-14.,-41.9708655176509));
#6800=CARTESIAN_POINT('',(145.976368937199,-14.4716842720048,-20.0499999999994));
#6801=CARTESIAN_POINT('',(146.313481907143,-14.3144561813365,-20.0499999999992));
#6802=CARTESIAN_POINT('',(146.650594877087,-14.1572280906683,-20.0499999999981));
#6803=CARTESIAN_POINT('',(146.987707847031,-14.,-20.0499999999979));
#6804=CARTESIAN_POINT('',(145.976287064025,-14.471508727618,-20.0499999999994));
#6805=CARTESIAN_POINT('',(146.987707847031,-14.,-20.0499999999989));
#6806=CARTESIAN_POINT('',(146.987707847031,-14.,-20.0499999999979));
#6807=CARTESIAN_POINT('',(146.987707847031,-14.,-20.0499999999979));
#6808=CARTESIAN_POINT('',(146.49311534128,-14.,-20.905375446818));
#6809=CARTESIAN_POINT('',(145.504261218755,-13.9999999999965,-22.6164795586726));
#6810=CARTESIAN_POINT('',(144.018994700995,-14.0000000000007,-25.1810164171208));
#6811=CARTESIAN_POINT('',(142.540676852291,-13.9999999999999,-27.7529708582948));
#6812=CARTESIAN_POINT('',(141.036549661275,-14.0000000000001,-30.2973742778871));
#6813=CARTESIAN_POINT('',(140.227330615196,-14.,-33.2307631591272));
#6814=CARTESIAN_POINT('',(140.118636919104,-14.0000000000002,-36.2755178834481));
#6815=CARTESIAN_POINT('',(140.748382035322,-14.,-39.2761214158299));
#6816=CARTESIAN_POINT('',(141.627025732582,-14.,-41.1101474998427));
#6817=CARTESIAN_POINT('',(142.176356453798,-14.,-41.9708655176509));
#6818=CARTESIAN_POINT('',(144.975502248395,-20.2183109373277,-20.05));
#6819=CARTESIAN_POINT('',(145.976287064025,-14.,-20.0499999999994));
#6820=CARTESIAN_POINT('',(145.976287064025,-14.,-20.0499999999994));
#6821=CARTESIAN_POINT('',(145.976287064025,-25.3372431142293,-20.0499999999994));
#6822=CARTESIAN_POINT('',(145.975501020375,-25.3372431142293,-19.5484328266942));
#6823=CARTESIAN_POINT('',(145.971351242268,-14.,-16.9004978502068));
#6824=CARTESIAN_POINT('',(145.972137930924,-14.,-17.4024765953175));
#6825=CARTESIAN_POINT('',(145.982709762293,-20.7191965304854,-24.1482642803687));
#6826=CARTESIAN_POINT('',(129.963587490289,-12.0000000000001,-15.4999999935073));
#6827=CARTESIAN_POINT('',(147.881970123057,-13.5,-17.0676553425944));
#6828=CARTESIAN_POINT('',(147.881970123057,-13.5,-17.0676553425944));
#6829=CARTESIAN_POINT('',(147.881970123057,-12.0000000000001,-17.0676553425944));
#6830=CARTESIAN_POINT('',(147.881970123057,-12.,-17.0676553425944));
#6831=CARTESIAN_POINT('',(129.963587490289,-12.0000000000001,-15.4999999935073));
#6832=CARTESIAN_POINT('',(147.79481438031,-12.0000000000001,-18.0638500406861));
#6833=CARTESIAN_POINT('',(147.79481438031,-13.5,-18.0638500406861));
#6834=CARTESIAN_POINT('',(148.652307306131,-13.5,-17.5493542854396));
#6835=CARTESIAN_POINT('',(148.652307306131,-12.0000000000001,-17.5493542854396));
#6836=CARTESIAN_POINT('',(147.79481438031,-12.,-18.0638500406861));
#6837=CARTESIAN_POINT('',(148.499688802909,-12.0000000000001,-17.2949901132808));
#6838=CARTESIAN_POINT('',(149.776301636672,-13.5,-19.4226781705715));
#6839=CARTESIAN_POINT('',(149.716883150278,-13.5000000078704,-19.3236473598674));
#6840=CARTESIAN_POINT('',(149.716883150278,-13.5000000078704,-19.3236473598674));
#6841=CARTESIAN_POINT('',(150.277442586893,-12.968319872017,-20.257913088006));
#6842=CARTESIAN_POINT('',(150.838002023508,-12.4366397361636,-21.1921788161447));
#6843=CARTESIAN_POINT('',(151.398561460123,-11.9049596003101,-22.1264445442833));
#6844=CARTESIAN_POINT('',(151.398561460105,-11.9049596002844,-22.1264445442522));
#6845=CARTESIAN_POINT('',(151.398561460105,-11.9049596002844,-22.1264445442522));
#6846=CARTESIAN_POINT('',(151.951788770034,-10.3811519884199,-23.0484900612419));
#6847=CARTESIAN_POINT('',(152.505016079963,-8.85734437655531,-23.9705355782316));
#6848=CARTESIAN_POINT('',(153.058243389892,-7.33353676469074,-24.8925810952213));
#6849=CARTESIAN_POINT('',(153.058243389909,-7.3335367646606,-24.8925810952488));
#6850=CARTESIAN_POINT('',(153.058243389909,-7.3335367646606,-24.8925810952488));
#6851=CARTESIAN_POINT('',(153.209479338559,-6.90642643661367,-25.144641009787));
#6852=CARTESIAN_POINT('',(153.3469597093,-6.46197553993978,-25.3737749611315));
#6853=CARTESIAN_POINT('',(153.470684502131,-6.00018407463893,-25.5799829492822));
#6854=CARTESIAN_POINT('',(156.202236352969,-8.00000000000009,-94.538247625967));
#6855=CARTESIAN_POINT('',(157.850313940185,-9.6849660896588,-107.199165965945));
#6856=CARTESIAN_POINT('',(159.593986988601,-8.00000000000009,-107.196433324734));
#6857=CARTESIAN_POINT('',(156.202236352969,-8.00000000000009,-94.538247625967));
#6858=CARTESIAN_POINT('',(156.202236352969,-12.0000000000001,-94.538247625967));
#6859=CARTESIAN_POINT('',(159.593986988601,-12.0000000000001,-107.196433324734));
#6860=CARTESIAN_POINT('',(159.593986988601,-9.49999999999974,-107.196433324734));
#6861=CARTESIAN_POINT('',(156.202236352969,-9.49999999999976,-94.538247625967));
#6862=CARTESIAN_POINT('',(133.506419619549,-9.49999999999988,-19.4955647205574));
#6863=CARTESIAN_POINT('',(157.006882922949,-9.49999999999974,-107.200487770144));
#6864=CARTESIAN_POINT('',(157.006882922949,-11.9999999999997,-107.200487770144));
#6865=CARTESIAN_POINT('',(133.506419619549,-11.9999999999999,-19.4955647205574));
#6866=CARTESIAN_POINT('',(124.160941742706,-12.,-100.598041813935));
#6867=CARTESIAN_POINT('',(159.593986988601,-12.0000000000001,-107.196433324734));
#6868=CARTESIAN_POINT('',(127.163317618399,-12.,-107.247257866473));
#6869=CARTESIAN_POINT('',(101.131418973342,-12.0000000000001,-100.463683891048));
#6870=CARTESIAN_POINT('',(101.131418973342,-21.9581087017393,-100.463683891048));
#6871=CARTESIAN_POINT('',(127.163317618399,-21.9581087017393,-107.247257866473));
#6872=CARTESIAN_POINT('',(127.163317618399,-12.2286444667446,-107.247257866473));
#6873=CARTESIAN_POINT('',(127.164647063895,-12.2296120876241,-107.242154082163));
#6874=CARTESIAN_POINT('',(127.164204075689,-12.2292896698419,-107.243855411913));
#6875=CARTESIAN_POINT('',(127.163760927248,-12.2289671282739,-107.245556673111));
#6876=CARTESIAN_POINT('',(127.163317618585,-12.2286444629166,-107.247257865759));
#6877=CARTESIAN_POINT('',(129.267243656305,-13.7000000000001,-107.2439606457));
#6878=CARTESIAN_POINT('',(129.267243266817,-13.7000000000001,-107.238828335269));
#6879=CARTESIAN_POINT('',(128.261114198736,-13.0278082980895,-107.245537426864));
#6880=CARTESIAN_POINT('',(128.261113809248,-13.0278082980895,-107.240405116433));
#6881=CARTESIAN_POINT('',(127.150068320006,-12.2190015293467,-107.247278630445));
#6882=CARTESIAN_POINT('',(127.150067930518,-12.2190015293467,-107.242146320014));
#6883=CARTESIAN_POINT('',(126.850712178596,-11.9999999999999,-107.247747773975));
#6884=CARTESIAN_POINT('',(130.607036250264,-14.7614111217044,-107.241860955933));
#6885=CARTESIAN_POINT('',(133.193876870751,-16.0000000000001,-107.237806923388));
#6886=CARTESIAN_POINT('',(129.267243656305,-13.7000000000001,-107.2439606457));
#6887=CARTESIAN_POINT('',(129.267215170436,-13.7000000000001,-106.8686000265));
#6888=CARTESIAN_POINT('',(155.41090843621,-13.7000000000001,-84.4666151432569));
#6889=CARTESIAN_POINT('',(159.593986988601,-13.7000000000001,-107.196433324734));
#6890=CARTESIAN_POINT('',(155.41090843621,-13.2000000000001,-84.4666151432569));
#6891=CARTESIAN_POINT('',(155.44654023054,-13.2000000000001,-107.202933100562));
#6892=CARTESIAN_POINT('',(140.770254226147,-13.2000000000001,-107.225930312427));
#6893=CARTESIAN_POINT('',(142.462164553891,-13.2000000000001,-104.295468034244));
#6894=CARTESIAN_POINT('',(142.462164553891,-16.,-104.295468034244));
#6895=CARTESIAN_POINT('',(140.770259583775,-16.,-107.225933404065));
#6896=CARTESIAN_POINT('',(180.457524339241,-16.,-40.4509841806875));
#6897=CARTESIAN_POINT('',(188.081238898007,-42.297312119492,-79.8544431902405));
#6898=CARTESIAN_POINT('',(162.848087923488,-0.499707717607002,-57.9364482947228));
#6899=CARTESIAN_POINT('',(170.291340321008,-0.499707717607002,-75.2628550942806));
#6900=CARTESIAN_POINT('',(162.828773258829,-1.01884402340973,-57.9364785641869));
#6901=CARTESIAN_POINT('',(170.27202565635,-1.01884402340973,-75.2628853637446));
#6902=CARTESIAN_POINT('',(162.779330615533,-1.53544868050778,-57.9365560494728));
#6903=CARTESIAN_POINT('',(170.222583013054,-1.53544868050778,-75.2629628490305));
#6904=CARTESIAN_POINT('',(162.648088820703,-2.38524269901375,-57.9367617283628));
#6905=CARTESIAN_POINT('',(170.091341218223,-2.38524269901375,-75.2631685279206));
#6906=CARTESIAN_POINT('',(162.58279299815,-2.72233597131861,-57.9368640583585));
#6907=CARTESIAN_POINT('',(170.026045395671,-2.72233597131861,-75.2632708579163));
#6908=CARTESIAN_POINT('',(162.425522845029,-3.39383037774066,-57.937110528247));
#6909=CARTESIAN_POINT('',(169.86877524255,-3.39383037774066,-75.2635173278048));
#6910=CARTESIAN_POINT('',(162.333605051684,-3.72771844433282,-57.9372545795359));
#6911=CARTESIAN_POINT('',(169.776857449205,-3.72771844433282,-75.2636613790937));
#6912=CARTESIAN_POINT('',(161.813333414174,-5.36833013859687,-57.9380699363593));
#6913=CARTESIAN_POINT('',(169.256585811695,-5.36833013859687,-75.264476735917));
#6914=CARTESIAN_POINT('',(161.196849408968,-6.61097890280864,-57.9390360748221));
#6915=CARTESIAN_POINT('',(168.640101806489,-6.61097890280864,-75.2654428743799));
#6916=CARTESIAN_POINT('',(160.390673718544,-7.74074495600593,-57.9402994933954));
#6917=CARTESIAN_POINT('',(167.833926116065,-7.74074495600593,-75.2667062929532));
#6918=CARTESIAN_POINT('',(167.833926116065,-7.74074495600593,-75.2667062929532));
#6919=CARTESIAN_POINT('',(168.640101806489,-6.61097890280864,-75.2654428743799));
#6920=CARTESIAN_POINT('',(169.256585811695,-5.36833013859687,-75.264476735917));
#6921=CARTESIAN_POINT('',(169.776857449205,-3.72771844433282,-75.2636613790937));
#6922=CARTESIAN_POINT('',(169.86877524255,-3.39383037774066,-75.2635173278048));
#6923=CARTESIAN_POINT('',(170.026045395671,-2.72233597131861,-75.2632708579163));
#6924=CARTESIAN_POINT('',(170.091341218223,-2.38524269901375,-75.2631685279206));
#6925=CARTESIAN_POINT('',(170.247911564667,-1.37144565322162,-75.2629231547518));
#6926=CARTESIAN_POINT('',(170.300669350063,-0.687311703438731,-75.2628404740573));
#6927=CARTESIAN_POINT('',(170.300610039665,8.08554582662491E-7,-75.2628405670071));
#6928=CARTESIAN_POINT('',(170.291340321008,-0.499707717609683,-75.2628550942806));
#6929=CARTESIAN_POINT('',(170.291340321008,-0.499707717607004,-75.2628550942806));
#6930=CARTESIAN_POINT('',(167.810256188501,-0.499707717607003,-69.4873861610947));
#6931=CARTESIAN_POINT('',(165.329172055995,-0.499707717607003,-63.7119172279088));
#6932=CARTESIAN_POINT('',(162.848087923488,-0.499707717607002,-57.9364482947228));
#6933=CARTESIAN_POINT('',(0.,0.,0.));
#6934=CARTESIAN_POINT('',(174.048677628353,0.,-96.9419774655192));
#6935=CARTESIAN_POINT('',(173.840969087494,0.,-97.4952531096362));
#6936=CARTESIAN_POINT('',(173.633260546635,0.,-98.0485287537533));
#6937=CARTESIAN_POINT('',(173.425552005776,0.,-98.6018043978703));
#6938=CARTESIAN_POINT('',(174.039230660025,0.,-96.9417755030292));
#6939=CARTESIAN_POINT('',(173.425552005776,0.,-98.6018043978703));
#6940=CARTESIAN_POINT('',(154.779499297891,0.,-82.9670398665566));
#6941=CARTESIAN_POINT('',(171.312830745032,7.22787708732771E-16,-100.821173695827));
#6942=CARTESIAN_POINT('',(167.416943801876,1.08418156309916E-15,-76.6403259527343));
#6943=CARTESIAN_POINT('',(169.026347806183,1.08418156309916E-15,-80.4496685707953));
#6944=CARTESIAN_POINT('',(170.730254621746,2.95685880845225E-15,-86.4238600692537));
#6945=CARTESIAN_POINT('',(171.554192172207,-2.03694717915599E-15,-94.6504222707801));
#6946=CARTESIAN_POINT('',(171.475281876458,7.22787708732771E-16,-98.7603287688429));
#6947=CARTESIAN_POINT('',(171.312830745032,7.22787708732771E-16,-100.821173695827));
#6948=CARTESIAN_POINT('',(155.953900997249,0.,-45.959163494907));
#6949=CARTESIAN_POINT('',(158.426930286355,0.,-49.8449477978958));
#6950=CARTESIAN_POINT('',(160.577088126404,0.,-53.9009143714983));
#6951=CARTESIAN_POINT('',(162.404374517394,0.,-58.1270632157145));
#6952=CARTESIAN_POINT('',(162.404382694043,0.,-58.1270596803255));
#6953=CARTESIAN_POINT('',(162.404390870693,0.,-58.1270561449365));
#6954=CARTESIAN_POINT('',(164.8854750032,0.,-63.9025250781224));
#6955=CARTESIAN_POINT('',(167.366559135707,0.,-69.6779940113082));
#6956=CARTESIAN_POINT('',(169.847643268214,0.,-75.4534629444941));
#6957=CARTESIAN_POINT('',(169.847643268214,0.,-75.4534629444941));
#6958=CARTESIAN_POINT('',(169.847643268214,0.,-75.4534629444943));
#6959=CARTESIAN_POINT('',(170.573799900935,0.,-77.143150390672));
#6960=CARTESIAN_POINT('',(171.839109997939,0.,-80.5823725812084));
#6961=CARTESIAN_POINT('',(173.18290067442,0.,-85.9558861243469));
#6962=CARTESIAN_POINT('',(173.952011773008,0.,-91.4386648364454));
#6963=CARTESIAN_POINT('',(174.06910498339,0.,-95.1022864674096));
#6964=CARTESIAN_POINT('',(174.029783691697,0.,-96.9415735405391));
#6965=CARTESIAN_POINT('',(141.889321563394,-14.,-28.8674292871));
#6966=CARTESIAN_POINT('',(147.79481438031,-14.,-18.0638500406861));
#6967=CARTESIAN_POINT('',(148.22356084322,-14.,-17.8066021630629));
#6968=CARTESIAN_POINT('',(147.838392251684,-14.,-17.5657526916403));
#6969=CARTESIAN_POINT('',(145.927773370895,-14.,-17.3985951992526));
#6970=CARTESIAN_POINT('',(147.279464437567,-14.,-58.4999999957644));
#6971=CARTESIAN_POINT('',(158.627032739821,-14.,-75.2811351082003));
#6972=CARTESIAN_POINT('',(159.698639999785,-14.,-77.775623044908));
#6973=CARTESIAN_POINT('',(160.574931494841,-14.,-80.3539873689885));
#6974=CARTESIAN_POINT('',(161.915561158151,-14.,-85.6157324055848));
#6975=CARTESIAN_POINT('',(162.37988602122,-14.,-88.2990608980008));
#6976=CARTESIAN_POINT('',(162.885257924197,-14.,-93.7053394669326));
#6977=CARTESIAN_POINT('',(162.926299948681,-14.,-96.4282358896632));
#6978=CARTESIAN_POINT('',(162.584097514507,-14.,-101.847289886299));
#6979=CARTESIAN_POINT('',(162.200856426896,-14.,-104.543393672339));
#6980=CARTESIAN_POINT('',(161.597672384319,-14.,-107.249192794569));
#6981=CARTESIAN_POINT('',(161.585114536132,-14.,-107.305091372023));
#6982=CARTESIAN_POINT('',(161.57246455348,-14.,-107.360969091342));
#6983=CARTESIAN_POINT('',(161.918952487085,-14.,-105.706121031276));
#6984=CARTESIAN_POINT('',(154.779499297891,-14.,-82.9670398665566));
#6985=CARTESIAN_POINT('',(164.833429119188,-14.,-104.57620894409));
#6986=CARTESIAN_POINT('',(164.833387287172,-14.,-104.576201548347));
#6987=CARTESIAN_POINT('',(164.929285614525,-14.,-104.033661430854));
#6988=CARTESIAN_POINT('',(165.01629180908,-14.,-103.489194451074));
#6989=CARTESIAN_POINT('',(165.094405870839,-14.,-102.942800609008));
#6990=CARTESIAN_POINT('',(165.094405871963,-14.,-102.942800605182));
#6991=CARTESIAN_POINT('',(165.094405871963,-14.,-102.942800605182));
#6992=CARTESIAN_POINT('',(165.414776693976,-14.,-100.701864202752));
#6993=CARTESIAN_POINT('',(165.752593209526,-14.,-96.2240639223473));
#6994=CARTESIAN_POINT('',(165.34310736515,-14.,-89.464145712023));
#6995=CARTESIAN_POINT('',(164.039716599884,-14.,-82.8273158012253));
#6996=CARTESIAN_POINT('',(162.587837452078,-14.,-78.5809467004307));
#6997=CARTESIAN_POINT('',(161.715077831854,-14.,-76.4942977510745));
#6998=CARTESIAN_POINT('',(161.715077831854,-14.,-76.4942977510745));
#6999=CARTESIAN_POINT('',(141.353865063088,-14.,-29.0974560852573));
#7000=CARTESIAN_POINT('',(154.263172894052,-14.,-59.1477495637531));
#7001=CARTESIAN_POINT('',(154.263172906909,-14.,-59.1477495582345));
#7002=CARTESIAN_POINT('',(153.897992265433,-14.,-58.3086334936));
#7003=CARTESIAN_POINT('',(153.379002485143,-14.,-57.1449675780063));
#7004=CARTESIAN_POINT('',(152.831969616731,-14.,-55.9700537406765));
#7005=CARTESIAN_POINT('',(152.526837305549,-14.,-55.3320938556075));
#7006=CARTESIAN_POINT('',(152.327136891115,-14.,-54.9219773475606));
#7007=CARTESIAN_POINT('',(152.052594921293,-14.,-54.3689446433011));
#7008=CARTESIAN_POINT('',(151.706544858438,-14.,-53.6842330119125));
#7009=CARTESIAN_POINT('',(151.078014239617,-14.,-52.4707067240492));
#7010=CARTESIAN_POINT('',(150.141403028223,-14.,-50.7509353565995));
#7011=CARTESIAN_POINT('',(148.999172188409,-14.,-48.7842819592025));
#7012=CARTESIAN_POINT('',(147.368842339723,-14.,-46.1455105263689));
#7013=CARTESIAN_POINT('',(146.048652318369,-14.,-44.1888557186906));
#7014=CARTESIAN_POINT('',(145.122625334736,-14.,-42.8898229063492));
#7015=CARTESIAN_POINT('',(145.122625334736,-14.,-42.8898229063492));
#7016=CARTESIAN_POINT('',(145.122625334733,-14.,-42.8898229063636));
#7017=CARTESIAN_POINT('',(144.53267654872,-14.,-41.9323035262221));
#7018=CARTESIAN_POINT('',(143.591627575264,-14.,-39.9459562327518));
#7019=CARTESIAN_POINT('',(142.893096637071,-14.,-36.7009626662349));
#7020=CARTESIAN_POINT('',(142.913947807866,-14.,-33.9044417390866));
#7021=CARTESIAN_POINT('',(143.301976222149,-14.,-31.7636145060324));
#7022=CARTESIAN_POINT('',(143.699614558065,-14.,-30.4406293538093));
#7023=CARTESIAN_POINT('',(144.106664622241,-14.,-29.4069618959962));
#7024=CARTESIAN_POINT('',(144.39082065821,-14.,-28.7879895744655));
#7025=CARTESIAN_POINT('',(144.643229628657,-14.,-28.2950984847688));
#7026=CARTESIAN_POINT('',(144.794793853683,-14.,-28.0176192994648));
#7027=CARTESIAN_POINT('',(144.92902948526,-14.,-27.7830866383549));
#7028=CARTESIAN_POINT('',(144.999766561194,-14.,-27.6634823454667));
#7029=CARTESIAN_POINT('',(145.116793932499,-14.,-27.4675087368412));
#7030=CARTESIAN_POINT('',(145.20671581924,-14.,-27.3167137214067));
#7031=CARTESIAN_POINT('',(145.300128948114,-14.,-27.1599626413733));
#7032=CARTESIAN_POINT('',(145.356647625319,-14.,-27.0649869831116));
#7033=CARTESIAN_POINT('',(145.388214054266,-14.,-27.0115268290818));
#7034=CARTESIAN_POINT('',(145.386931150079,-14.,-27.0139369949372));
#7035=CARTESIAN_POINT('',(145.443612644458,-14.,-26.9158579335872));
#7036=CARTESIAN_POINT('',(145.49896946957,-14.,-26.8201373931684));
#7037=CARTESIAN_POINT('',(145.60526277617,-14.,-26.6362975581504));
#7038=CARTESIAN_POINT('',(145.752196626299,-14.,-26.3821878503887));
#7039=CARTESIAN_POINT('',(145.990033557927,-14.,-25.9708573329208));
#7040=CARTESIAN_POINT('',(146.286413859718,-14.,-25.4582820620421));
#7041=CARTESIAN_POINT('',(146.7609983213,-14.,-24.6375091926151));
#7042=CARTESIAN_POINT('',(147.355072508882,-14.,-23.6100848721648));
#7043=CARTESIAN_POINT('',(148.305826752367,-14.,-21.9657981751822));
#7044=CARTESIAN_POINT('',(149.018839437726,-14.,-20.7326749039042));
#7045=CARTESIAN_POINT('',(149.494193005133,-14.,-19.9105723338391));
#7046=CARTESIAN_POINT('',(149.494193005135,-14.,-19.9105723338402));
#7047=CARTESIAN_POINT('',(148.223563408916,-14.,-17.8066064392227));
#7048=CARTESIAN_POINT('',(159.593986988601,-12.2000000000001,-107.196433324734));
#7049=CARTESIAN_POINT('',(160.228292374127,-13.5454087090298,-107.195439257046));
#7050=CARTESIAN_POINT('',(159.18775238885,-14.0302724753587,-107.197069965537));
#7051=CARTESIAN_POINT('',(158.147212403574,-14.5151362416876,-107.198700674028));
#7052=CARTESIAN_POINT('',(157.106672418297,-15.0000000080165,-107.200331382519));
#7053=CARTESIAN_POINT('',(157.106672418297,-15.0000000080165,-107.200331382519));
#7054=CARTESIAN_POINT('',(141.925849686997,-15.,-107.224122391879));
#7055=CARTESIAN_POINT('',(154.334940579014,-16.,-75.2878615687209));
#7056=CARTESIAN_POINT('',(155.406547309155,-16.,-77.782348272107));
#7057=CARTESIAN_POINT('',(156.282838724391,-15.9999999999953,-80.3607119146749));
#7058=CARTESIAN_POINT('',(157.623468490615,-16.0000000000047,-85.6224563993709));
#7059=CARTESIAN_POINT('',(158.087793538048,-16.0000000000047,-88.3057850374041));
#7060=CARTESIAN_POINT('',(158.593165711679,-15.9999999999953,-93.7120642468595));
#7061=CARTESIAN_POINT('',(158.634207822233,-15.9999999999953,-96.4349611812453));
#7062=CARTESIAN_POINT('',(158.313410873635,-16.0000000000041,-101.515043067553));
#7063=CARTESIAN_POINT('',(158.001334121995,-16.000000000001,-103.875322776603));
#7064=CARTESIAN_POINT('',(157.529998890171,-16.0000000000002,-106.203361559643));
#7065=CARTESIAN_POINT('',(158.627032739821,-14.,-75.2811351082003));
#7066=CARTESIAN_POINT('',(159.698639469962,-14.,-77.7756218115865));
#7067=CARTESIAN_POINT('',(160.574930885199,-13.9999999999953,-80.3539854541544));
#7068=CARTESIAN_POINT('',(161.915560651422,-14.0000000000047,-85.6157299388504));
#7069=CARTESIAN_POINT('',(162.379885698855,-14.0000000000047,-88.2990585768836));
#7070=CARTESIAN_POINT('',(162.885257872486,-13.9999999999953,-93.705337786339));
#7071=CARTESIAN_POINT('',(162.926299983041,-13.9999999999953,-96.4282347207247));
#7072=CARTESIAN_POINT('',(162.605503034442,-14.0000000000041,-101.508316607032));
#7073=CARTESIAN_POINT('',(162.293426282802,-14.0000000000011,-103.868596316082));
#7074=CARTESIAN_POINT('',(161.822091050978,-14.0000000000002,-106.196635099123));
#7075=CARTESIAN_POINT('',(158.678759455252,-13.9758967359074,-75.2810540433731));
#7076=CARTESIAN_POINT('',(159.750366185393,-13.9758967359074,-77.7755407467593));
#7077=CARTESIAN_POINT('',(160.626657600629,-13.9758967359027,-80.3539043893272));
#7078=CARTESIAN_POINT('',(161.967287366853,-13.9758967359122,-85.6156488740232));
#7079=CARTESIAN_POINT('',(162.431612414286,-13.9758967359122,-88.2989775120564));
#7080=CARTESIAN_POINT('',(162.936984587917,-13.9758967359027,-93.7052567215118));
#7081=CARTESIAN_POINT('',(162.978026698471,-13.9758967359027,-96.4281536558976));
#7082=CARTESIAN_POINT('',(162.657229749873,-13.9758967359116,-101.508235542205));
#7083=CARTESIAN_POINT('',(162.345152998233,-13.9758967359085,-103.868515251255));
#7084=CARTESIAN_POINT('',(161.873817766409,-13.9758967359076,-106.196554034296));
#7085=CARTESIAN_POINT('',(157.529998891256,-15.9999999995151,-106.203361559423));
#7086=CARTESIAN_POINT('',(158.415143489014,-15.587546322104,-106.201974382726));
#7087=CARTESIAN_POINT('',(159.300288086772,-15.1750926446928,-106.200587206028));
#7088=CARTESIAN_POINT('',(160.18543268453,-14.7626389672817,-106.199200029331));
#7089=CARTESIAN_POINT('',(160.185432684567,-14.7626389672415,-106.199200029575));
#7090=CARTESIAN_POINT('',(160.185432684567,-14.7626389672415,-106.199200029575));
#7091=CARTESIAN_POINT('',(160.765737506744,-14.5047367633084,-106.065789032301));
#7092=CARTESIAN_POINT('',(161.342060097921,-14.2505237811143,-105.910372503975));
#7093=CARTESIAN_POINT('',(161.913802348675,-14.0000000206593,-105.732838770261));
#7094=CARTESIAN_POINT('',(161.913802392242,-14.,-105.732838778671));
#7095=CARTESIAN_POINT('',(161.913802348675,-14.0000000206593,-105.732838770261));
#7096=CARTESIAN_POINT('',(161.932143226121,-13.9919655924088,-105.727120283512));
#7097=CARTESIAN_POINT('',(161.950483153889,-13.9839311641583,-105.721401613434));
#7098=CARTESIAN_POINT('',(161.968822131934,-13.9758967359078,-105.715682760349));
#7099=CARTESIAN_POINT('',(161.968822139056,-13.9758967512049,-105.715682761725));
#7100=CARTESIAN_POINT('',(161.968822127923,-13.9758967358958,-105.715682781299));
#7101=CARTESIAN_POINT('',(161.952196010361,-13.9839312710678,-105.712510963822));
#7102=CARTESIAN_POINT('',(161.935572797448,-13.9919656934654,-105.709323712757));
#7103=CARTESIAN_POINT('',(161.918952486837,-13.9999999996597,-105.70612103171));
#7104=CARTESIAN_POINT('',(167.833926116065,-7.74074495600593,-75.2667062929532));
#7105=CARTESIAN_POINT('',(168.905533376028,-7.74074495600593,-77.7611942296608));
#7106=CARTESIAN_POINT('',(169.781824871085,-7.74074495600593,-80.3395585537413));
#7107=CARTESIAN_POINT('',(171.122454534394,-7.74074495600593,-85.6013035903376));
#7108=CARTESIAN_POINT('',(171.586779397463,-7.74074495600593,-88.2846320827536));
#7109=CARTESIAN_POINT('',(172.09215130044,-7.74074495600593,-93.6909106516855));
#7110=CARTESIAN_POINT('',(172.133193324924,-7.74074495600593,-96.413807074416));
#7111=CARTESIAN_POINT('',(171.883399621204,-7.74074495600593,-100.369493630969));
#7112=CARTESIAN_POINT('',(171.759834389329,-7.74074495600593,-101.61281385314));
#7113=CARTESIAN_POINT('',(171.591850003685,-7.74074495600593,-102.850103773974));
#7114=CARTESIAN_POINT('',(164.499050652914,-12.4142040234856,-75.2719326271751));
#7115=CARTESIAN_POINT('',(165.570657912877,-12.4142040234856,-77.7664205638827));
#7116=CARTESIAN_POINT('',(166.446949407933,-12.4142040234856,-80.3447848879633));
#7117=CARTESIAN_POINT('',(167.787579071243,-12.4142040234856,-85.6065299245596));
#7118=CARTESIAN_POINT('',(168.251903934312,-12.4142040234856,-88.2898584169756));
#7119=CARTESIAN_POINT('',(168.757275837289,-12.4142040234856,-93.6961369859074));
#7120=CARTESIAN_POINT('',(168.798317861773,-12.4142040234856,-96.419033408638));
#7121=CARTESIAN_POINT('',(168.548524158053,-12.4142040234856,-100.374719965191));
#7122=CARTESIAN_POINT('',(168.424958926177,-12.4142040234856,-101.618040187362));
#7123=CARTESIAN_POINT('',(168.256974540534,-12.4142040234856,-102.855330108196));
#7124=CARTESIAN_POINT('',(164.560724994987,-12.3277742553041,-75.2718359726739));
#7125=CARTESIAN_POINT('',(166.408595912011,-12.347293006923,-79.605754619927));
#7126=CARTESIAN_POINT('',(168.906762627288,-12.3733790952733,-88.7285689123009));
#7127=CARTESIAN_POINT('',(168.915161883717,-12.373562353849,-98.077661253691));
#7128=CARTESIAN_POINT('',(168.318823183647,-12.3671782756932,-102.64364402652));
#7129=CARTESIAN_POINT('',(168.318805816318,-12.3671788804174,-102.643641760656));
#7130=CARTESIAN_POINT('',(168.318817120398,-12.3671917545429,-102.643617028647));
#7131=CARTESIAN_POINT('',(168.367917798893,-12.2956183618191,-102.658525307683));
#7132=CARTESIAN_POINT('',(168.417011962443,-12.2240449690952,-102.673432729435));
#7133=CARTESIAN_POINT('',(168.466099611855,-12.1524715763714,-102.688339288242));
#7134=CARTESIAN_POINT('',(168.466052042472,-12.1524629764894,-102.688452935264));
#7135=CARTESIAN_POINT('',(168.466077359951,-12.1524810387229,-102.688456289537));
#7136=CARTESIAN_POINT('',(169.692742711629,-10.5877242594833,-101.855765659386));
#7137=CARTESIAN_POINT('',(170.846855335974,-9.11717340870967,-100.912220941373));
#7138=CARTESIAN_POINT('',(171.910467156837,-7.74082848640203,-99.8573549552689));
#7139=CARTESIAN_POINT('',(171.910508434336,-7.74076521558455,-99.8574049277936));
#7140=CARTESIAN_POINT('',(167.833926116065,-7.74074495600593,-75.2667062929532));
#7141=CARTESIAN_POINT('',(168.905533376028,-7.74074495600593,-77.7611942296608));
#7142=CARTESIAN_POINT('',(169.781824871085,-7.74074495600593,-80.3395585537413));
#7143=CARTESIAN_POINT('',(171.122454534394,-7.74074495600593,-85.6013035903376));
#7144=CARTESIAN_POINT('',(171.586779397463,-7.74074495600593,-88.2846320827536));
#7145=CARTESIAN_POINT('',(172.09215130044,-7.74074495600593,-93.6909106516855));
#7146=CARTESIAN_POINT('',(172.133193324924,-7.74074495600593,-96.413807074416));
#7147=CARTESIAN_POINT('',(171.79099089075,-7.74074495600593,-101.832861071052));
#7148=CARTESIAN_POINT('',(171.40774980314,-7.74074495600593,-104.528964857092));
#7149=CARTESIAN_POINT('',(170.804565760562,-7.74074495600593,-107.234763979322));
#7150=CARTESIAN_POINT('',(170.792007912375,-7.74074495600593,-107.290662556776));
#7151=CARTESIAN_POINT('',(170.779357929723,-7.74074495600593,-107.346540276095));
#7152=CARTESIAN_POINT('',(170.292986861601,-0.453287641535526,-75.2628525138629));
#7153=CARTESIAN_POINT('',(171.364594121565,-0.453287641535526,-77.7573404505705));
#7154=CARTESIAN_POINT('',(172.240885616621,-0.453287641535526,-80.3357047746511));
#7155=CARTESIAN_POINT('',(173.58151527993,-0.453287641535526,-85.5974498112474));
#7156=CARTESIAN_POINT('',(174.045840143,-0.453287641535526,-88.2807783036634));
#7157=CARTESIAN_POINT('',(174.551212045977,-0.453287641535526,-93.6870568725953));
#7158=CARTESIAN_POINT('',(174.592254070461,-0.453287641535526,-96.4099532953258));
#7159=CARTESIAN_POINT('',(174.402519523915,-0.453287641535526,-99.4145542276503));
#7160=CARTESIAN_POINT('',(174.381370273296,-0.453287641535526,-99.7094689660104));
#7161=CARTESIAN_POINT('',(174.357711123458,-0.453287641535526,-100.004182145046));
#7162=CARTESIAN_POINT('',(170.274946306236,-0.988048446216087,-75.2628807865745));
#7163=CARTESIAN_POINT('',(171.3465535662,-0.988048446216087,-77.7573687232821));
#7164=CARTESIAN_POINT('',(172.222845061256,-0.988048446216087,-80.3357330473626));
#7165=CARTESIAN_POINT('',(173.563474724565,-0.988048446216087,-85.5974780839589));
#7166=CARTESIAN_POINT('',(174.027799587634,-0.988048446216087,-88.280806576375));
#7167=CARTESIAN_POINT('',(174.533171490612,-0.988048446216087,-93.6870851453068));
#7168=CARTESIAN_POINT('',(174.574213515096,-0.988048446216087,-96.4099815680373));
#7169=CARTESIAN_POINT('',(174.384478968549,-0.988048446216087,-99.4145825003618));
#7170=CARTESIAN_POINT('',(174.363329717931,-0.988048446216087,-99.7094972387219));
#7171=CARTESIAN_POINT('',(174.339670568093,-0.988048446216087,-100.004210417758));
#7172=CARTESIAN_POINT('',(170.224938885247,-1.52019434707542,-75.262959156966));
#7173=CARTESIAN_POINT('',(171.296546145211,-1.52019434707542,-77.7574470936736));
#7174=CARTESIAN_POINT('',(172.172837640267,-1.52019434707542,-80.3358114177541));
#7175=CARTESIAN_POINT('',(173.513467303576,-1.52019434707542,-85.5975564543504));
#7176=CARTESIAN_POINT('',(173.977792166646,-1.52019434707542,-88.2808849467665));
#7177=CARTESIAN_POINT('',(174.483164069623,-1.52019434707542,-93.6871635156983));
#7178=CARTESIAN_POINT('',(174.524206094107,-1.52019434707542,-96.4100599384288));
#7179=CARTESIAN_POINT('',(174.33447154756,-1.52019434707542,-99.4146608707534));
#7180=CARTESIAN_POINT('',(174.313322296942,-1.52019434707542,-99.7095756091134));
#7181=CARTESIAN_POINT('',(174.289663147104,-1.52019434707542,-100.004288788149));
#7182=CARTESIAN_POINT('',(170.091341218223,-2.38524269901375,-75.2631685279206));
#7183=CARTESIAN_POINT('',(171.162948478187,-2.38524269901375,-77.7576564646282));
#7184=CARTESIAN_POINT('',(172.039239973243,-2.38524269901375,-80.3360207887087));
#7185=CARTESIAN_POINT('',(173.379869636552,-2.38524269901375,-85.597765825305));
#7186=CARTESIAN_POINT('',(173.844194499622,-2.38524269901375,-88.281094317721));
#7187=CARTESIAN_POINT('',(174.349566402599,-2.38524269901375,-93.6873728866529));
#7188=CARTESIAN_POINT('',(174.390608427083,-2.38524269901375,-96.4102693093834));
#7189=CARTESIAN_POINT('',(174.200873880537,-2.38524269901375,-99.4148702417079));
#7190=CARTESIAN_POINT('',(174.179724629918,-2.38524269901375,-99.709784980068));
#7191=CARTESIAN_POINT('',(174.15606548008,-2.38524269901375,-100.004498159104));
#7192=CARTESIAN_POINT('',(170.026045395671,-2.72233597131861,-75.2632708579163));
#7193=CARTESIAN_POINT('',(171.097652655635,-2.72233597131861,-77.7577587946239));
#7194=CARTESIAN_POINT('',(171.973944150691,-2.72233597131861,-80.3361231187045));
#7195=CARTESIAN_POINT('',(173.314573814,-2.72233597131861,-85.5978681553008));
#7196=CARTESIAN_POINT('',(173.778898677069,-2.72233597131861,-88.2811966477168));
#7197=CARTESIAN_POINT('',(174.284270580047,-2.72233597131861,-93.6874752166486));
#7198=CARTESIAN_POINT('',(174.325312604531,-2.72233597131861,-96.4103716393792));
#7199=CARTESIAN_POINT('',(174.135578057984,-2.72233597131861,-99.4149725717037));
#7200=CARTESIAN_POINT('',(174.114428807366,-2.72233597131861,-99.7098873100637));
#7201=CARTESIAN_POINT('',(174.090769657528,-2.72233597131861,-100.004600489099));
#7202=CARTESIAN_POINT('',(169.86877524255,-3.39383037774066,-75.2635173278048));
#7203=CARTESIAN_POINT('',(170.940382502513,-3.39383037774066,-77.7580052645123));
#7204=CARTESIAN_POINT('',(171.81667399757,-3.39383037774066,-80.3363695885929));
#7205=CARTESIAN_POINT('',(173.157303660879,-3.39383037774066,-85.5981146251892));
#7206=CARTESIAN_POINT('',(173.621628523948,-3.39383037774066,-88.2814431176052));
#7207=CARTESIAN_POINT('',(174.127000426925,-3.39383037774066,-93.6877216865371));
#7208=CARTESIAN_POINT('',(174.16804245141,-3.39383037774066,-96.4106181092676));
#7209=CARTESIAN_POINT('',(173.978307904863,-3.39383037774066,-99.4152190415922));
#7210=CARTESIAN_POINT('',(173.957158654244,-3.39383037774066,-99.7101337799522));
#7211=CARTESIAN_POINT('',(173.933499504407,-3.39383037774066,-100.004846958988));
#7212=CARTESIAN_POINT('',(169.776857449205,-3.72771844433282,-75.2636613790937));
#7213=CARTESIAN_POINT('',(170.848464709168,-3.72771844433282,-77.7581493158013));
#7214=CARTESIAN_POINT('',(171.724756204225,-3.72771844433282,-80.3365136398819));
#7215=CARTESIAN_POINT('',(173.065385867534,-3.72771844433282,-85.5982586764782));
#7216=CARTESIAN_POINT('',(173.529710730603,-3.72771844433282,-88.2815871688942));
#7217=CARTESIAN_POINT('',(174.03508263358,-3.72771844433282,-93.687865737826));
#7218=CARTESIAN_POINT('',(174.076124658065,-3.72771844433282,-96.4107621605566));
#7219=CARTESIAN_POINT('',(173.886390111518,-3.72771844433282,-99.4153630928811));
#7220=CARTESIAN_POINT('',(173.865240860899,-3.72771844433282,-99.7102778312412));
#7221=CARTESIAN_POINT('',(173.841581711062,-3.72771844433282,-100.004991010277));
#7222=CARTESIAN_POINT('',(169.256585811695,-5.36833013859687,-75.264476735917));
#7223=CARTESIAN_POINT('',(170.328193071658,-5.36833013859687,-77.7589646726246));
#7224=CARTESIAN_POINT('',(171.204484566715,-5.36833013859687,-80.3373289967052));
#7225=CARTESIAN_POINT('',(172.545114230024,-5.36833013859687,-85.5990740333015));
#7226=CARTESIAN_POINT('',(173.009439093093,-5.36833013859687,-88.2824025257175));
#7227=CARTESIAN_POINT('',(173.51481099607,-5.36833013859687,-93.6886810946493));
#7228=CARTESIAN_POINT('',(173.555853020555,-5.36833013859687,-96.4115775173799));
#7229=CARTESIAN_POINT('',(173.366118474008,-5.36833013859687,-99.4161784497044));
#7230=CARTESIAN_POINT('',(173.344969223389,-5.36833013859687,-99.7110931880645));
#7231=CARTESIAN_POINT('',(173.321310073552,-5.36833013859687,-100.0058063671));
#7232=CARTESIAN_POINT('',(168.640101806489,-6.61097890280864,-75.2654428743799));
#7233=CARTESIAN_POINT('',(169.711709066452,-6.61097890280864,-77.7599308110875));
#7234=CARTESIAN_POINT('',(170.588000561509,-6.61097890280864,-80.338295135168));
#7235=CARTESIAN_POINT('',(171.928630224818,-6.61097890280864,-85.6000401717643));
#7236=CARTESIAN_POINT('',(172.392955087887,-6.61097890280864,-88.2833686641803));
#7237=CARTESIAN_POINT('',(172.898326990864,-6.61097890280864,-93.6896472331122));
#7238=CARTESIAN_POINT('',(172.939369015349,-6.61097890280864,-96.4125436558427));
#7239=CARTESIAN_POINT('',(172.749634468802,-6.61097890280864,-99.4171445881672));
#7240=CARTESIAN_POINT('',(172.728485218183,-6.61097890280864,-99.7120593265273));
#7241=CARTESIAN_POINT('',(172.704826068346,-6.61097890280864,-100.006772505563));
#7242=CARTESIAN_POINT('',(167.833926116065,-7.74074495600593,-75.2667062929532));
#7243=CARTESIAN_POINT('',(168.905533376028,-7.74074495600593,-77.7611942296608));
#7244=CARTESIAN_POINT('',(169.781824871085,-7.74074495600593,-80.3395585537413));
#7245=CARTESIAN_POINT('',(171.122454534394,-7.74074495600593,-85.6013035903376));
#7246=CARTESIAN_POINT('',(171.586779397463,-7.74074495600593,-88.2846320827536));
#7247=CARTESIAN_POINT('',(172.09215130044,-7.74074495600593,-93.6909106516855));
#7248=CARTESIAN_POINT('',(172.133193324924,-7.74074495600593,-96.413807074416));
#7249=CARTESIAN_POINT('',(171.943458778378,-7.74074495600593,-99.4184080067405));
#7250=CARTESIAN_POINT('',(171.922309527759,-7.74074495600593,-99.7133227451006));
#7251=CARTESIAN_POINT('',(171.898650377922,-7.74074495600593,-100.008035924136));
#7252=CARTESIAN_POINT('',(167.824834946918,-7.75348522392507,-75.2667205404083));
#7253=CARTESIAN_POINT('',(168.896442206881,-7.75348522392507,-77.7612084771159));
#7254=CARTESIAN_POINT('',(169.772733701938,-7.75348522392507,-80.3395728011964));
#7255=CARTESIAN_POINT('',(171.113363365247,-7.75348522392507,-85.6013178377927));
#7256=CARTESIAN_POINT('',(171.577688228316,-7.75348522392507,-88.2846463302087));
#7257=CARTESIAN_POINT('',(172.083060131293,-7.75348522392507,-93.6909248991406));
#7258=CARTESIAN_POINT('',(172.124102155778,-7.75348522392507,-96.4138213218711));
#7259=CARTESIAN_POINT('',(171.934367609231,-7.75348522392507,-99.4184222541956));
#7260=CARTESIAN_POINT('',(171.913218358612,-7.75348522392507,-99.7133369925557));
#7261=CARTESIAN_POINT('',(171.889559208775,-7.75348522392507,-100.008050171591));
#7262=CARTESIAN_POINT('',(167.815743777771,-7.76622549184421,-75.2667347878634));
#7263=CARTESIAN_POINT('',(168.887351037734,-7.76622549184421,-77.761222724571));
#7264=CARTESIAN_POINT('',(169.763642532791,-7.76622549184421,-80.3395870486515));
#7265=CARTESIAN_POINT('',(171.1042721961,-7.76622549184421,-85.6013320852478));
#7266=CARTESIAN_POINT('',(171.568597059169,-7.76622549184421,-88.2846605776638));
#7267=CARTESIAN_POINT('',(172.073968962146,-7.76622549184421,-93.6909391465957));
#7268=CARTESIAN_POINT('',(172.115010986631,-7.76622549184421,-96.4138355693262));
#7269=CARTESIAN_POINT('',(171.925276440084,-7.76622549184421,-99.4184365016507));
#7270=CARTESIAN_POINT('',(171.904127189465,-7.76622549184421,-99.7133512400108));
#7271=CARTESIAN_POINT('',(171.880468039628,-7.76622549184421,-100.008064419046));
#7272=CARTESIAN_POINT('',(167.806652608624,-7.77896575976335,-75.2667490353185));
#7273=CARTESIAN_POINT('',(168.878259868588,-7.77896575976335,-77.7612369720261));
#7274=CARTESIAN_POINT('',(169.754551363644,-7.77896575976335,-80.3396012961066));
#7275=CARTESIAN_POINT('',(171.095181026953,-7.77896575976335,-85.6013463327029));
#7276=CARTESIAN_POINT('',(171.559505890023,-7.77896575976335,-88.284674825119));
#7277=CARTESIAN_POINT('',(172.064877793,-7.77896575976335,-93.6909533940508));
#7278=CARTESIAN_POINT('',(172.105919817484,-7.77896575976335,-96.4138498167813));
#7279=CARTESIAN_POINT('',(171.916185270937,-7.77896575976335,-99.4184507491059));
#7280=CARTESIAN_POINT('',(171.895036020319,-7.77896575976335,-99.7133654874659));
#7281=CARTESIAN_POINT('',(171.871376870481,-7.77896575976335,-100.008078666502));
#7282=CARTESIAN_POINT('',(171.910505431667,-7.74076112887708,-99.8574814326599));
#7283=CARTESIAN_POINT('',(172.05521322369,-7.55321866177057,-99.7166089505203));
#7284=CARTESIAN_POINT('',(172.363472104691,-7.13294240821654,-99.4228157692837));
#7285=CARTESIAN_POINT('',(172.890237848609,-6.28887249683944,-98.9069040356269));
#7286=CARTESIAN_POINT('',(173.264975217861,-5.55782318057971,-98.5119467324262));
#7287=CARTESIAN_POINT('',(173.516068187087,-4.99293636930855,-98.2423402991684));
#7288=CARTESIAN_POINT('',(173.661197809502,-4.62932676087856,-98.0835088548823));
#7289=CARTESIAN_POINT('',(173.759308299989,-4.36496116066268,-97.9750785312513));
#7290=CARTESIAN_POINT('',(173.88462350035,-4.00540506803488,-97.835675828093));
#7291=CARTESIAN_POINT('',(174.06767022682,-3.4156168756135,-97.630711288868));
#7292=CARTESIAN_POINT('',(174.364658267854,-2.19772069958328,-97.2914211016914));
#7293=CARTESIAN_POINT('',(174.48128377872,-1.17807886997943,-97.1483978799896));
#7294=CARTESIAN_POINT('',(174.507322790445,-0.499746807292533,-97.1158027708844));
#7295=CARTESIAN_POINT('',(174.507339473632,-0.499772666181832,-97.1152481997206));
#7296=CARTESIAN_POINT('',(174.507326329391,-0.499654607072041,-97.1157983408822));
#7297=CARTESIAN_POINT('',(174.690852987823,-0.499672310586639,-89.641865798033));
#7298=CARTESIAN_POINT('',(173.242268417844,-0.499690014098293,-82.132025517557));
#7299=CARTESIAN_POINT('',(170.291340321008,-0.499707717607003,-75.2628550942806));
#7300=CARTESIAN_POINT('',(169.168425511791,-6.00000000000008,-103.352215407093));
#7301=CARTESIAN_POINT('',(169.172867408485,-6.00000000000008,-103.31841015811));
#7302=CARTESIAN_POINT('',(169.17730930518,-6.00000000000008,-103.284604909127));
#7303=CARTESIAN_POINT('',(169.181751201874,-6.00000000000008,-103.250799660144));
#7304=CARTESIAN_POINT('',(169.757018936763,-6.00000000000008,-98.8726994144806));
#7305=CARTESIAN_POINT('',(169.748683095176,-6.00000000000008,-94.4189151845372));
#7306=CARTESIAN_POINT('',(168.861390840016,-6.00000000000008,-87.8554920757576));
#7307=CARTESIAN_POINT('',(168.420476888754,-6.00000000000008,-85.6873820052209));
#7308=CARTESIAN_POINT('',(167.547133586327,-6.00000000000008,-82.4930524124327));
#7309=CARTESIAN_POINT('',(167.220731775583,-6.00000000000008,-81.4379201547831));
#7310=CARTESIAN_POINT('',(166.679272440032,-6.00000000000008,-79.8731637984327));
#7311=CARTESIAN_POINT('',(166.49014558487,-6.00000000000008,-79.3545676907715));
#7312=CARTESIAN_POINT('',(166.1936484851,-6.00000000000008,-78.5815801526047));
#7313=CARTESIAN_POINT('',(166.09268177465,-6.00000000000008,-78.3247353124795));
#7314=CARTESIAN_POINT('',(165.938050477368,-6.00000000000008,-77.940746426712));
#7315=CARTESIAN_POINT('',(165.885976513284,-6.00000000000008,-77.8129631867144));
#7316=CARTESIAN_POINT('',(165.807072865437,-6.00000000000008,-77.621614326681));
#7317=CARTESIAN_POINT('',(165.780639532927,-6.00000000000008,-77.5578857061739));
#7318=CARTESIAN_POINT('',(165.727509072182,-6.00000000000008,-77.4305381946298));
#7319=CARTESIAN_POINT('',(165.700805965216,-6.00000000000008,-77.3668752114026));
#7320=CARTESIAN_POINT('',(165.646157982918,-6.00000000000008,-77.2374627801144));
#7321=CARTESIAN_POINT('',(165.618343910509,-6.00000000000008,-77.1716617886845));
#7322=CARTESIAN_POINT('',(165.562704682975,-6.00000000000008,-77.0399677702109));
#7323=CARTESIAN_POINT('',(165.534885069208,-6.00000000000008,-76.9741207609745));
#7324=CARTESIAN_POINT('',(165.483021213702,-6.00000000000008,-76.8513627744222));
#7325=CARTESIAN_POINT('',(165.458976971961,-6.00000000000008,-76.794451797105));
#7326=CARTESIAN_POINT('',(165.43493273022,-6.00000000000008,-76.7375408197877));
#7327=CARTESIAN_POINT('',(170.329808686148,-4.27668118612788,-103.849820269308));
#7328=CARTESIAN_POINT('',(170.334588407911,-4.27668118612788,-103.815222075884));
#7329=CARTESIAN_POINT('',(170.339368129673,-4.27668118612788,-103.78062388246));
#7330=CARTESIAN_POINT('',(170.344147851435,-4.27668118612788,-103.746025689036));
#7331=CARTESIAN_POINT('',(170.963167135448,-4.27668118612788,-99.2652316204413));
#7332=CARTESIAN_POINT('',(170.984886899402,-4.27668118612788,-94.7029457965707));
#7333=CARTESIAN_POINT('',(170.120581265847,-4.27668118612788,-87.9736820623347));
#7334=CARTESIAN_POINT('',(169.683661451465,-4.27668118612788,-85.7497852659653));
#7335=CARTESIAN_POINT('',(168.810755121155,-4.27668118612788,-82.4717436987189));
#7336=CARTESIAN_POINT('',(168.483574235025,-4.27668118612788,-81.3887025385142));
#7337=CARTESIAN_POINT('',(167.939561735878,-4.27668118612788,-79.7821673890793));
#7338=CARTESIAN_POINT('',(167.749353131974,-4.27668118612788,-79.2496591023507));
#7339=CARTESIAN_POINT('',(167.450888241445,-4.27668118612788,-78.4558357584386));
#7340=CARTESIAN_POINT('',(167.349208076529,-4.27668118612788,-78.1920510586738));
#7341=CARTESIAN_POINT('',(167.193420452752,-4.27668118612788,-77.7976618975461));
#7342=CARTESIAN_POINT('',(167.140946689255,-4.27668118612788,-77.6664134846492));
#7343=CARTESIAN_POINT('',(167.061421826023,-4.27668118612788,-77.4698694174887));
#7344=CARTESIAN_POINT('',(167.034777835687,-4.27668118612788,-77.4044094866319));
#7345=CARTESIAN_POINT('',(166.98121889065,-4.27668118612788,-77.2736002339847));
#7346=CARTESIAN_POINT('',(166.954187244041,-4.27668118612788,-77.2073418328212));
#7347=CARTESIAN_POINT('',(166.899313733515,-4.27668118612788,-77.0761670994507));
#7348=CARTESIAN_POINT('',(166.871614493486,-4.27668118612788,-77.0112634207257));
#7349=CARTESIAN_POINT('',(166.815975265953,-4.27668118612788,-76.8795694022521));
#7350=CARTESIAN_POINT('',(166.788155652186,-4.27668118612788,-76.8137223930157));
#7351=CARTESIAN_POINT('',(166.736291796679,-4.27668118612788,-76.6909644064635));
#7352=CARTESIAN_POINT('',(166.712247554939,-4.27668118612788,-76.6340534291462));
#7353=CARTESIAN_POINT('',(166.688203313198,-4.27668118612788,-76.5771424518289));
#7354=CARTESIAN_POINT('',(170.964748357796,-2.21316198937303,-104.12186577057));
#7355=CARTESIAN_POINT('',(170.969712771865,-2.21316198937303,-104.086834066575));
#7356=CARTESIAN_POINT('',(170.974677185934,-2.21316198937303,-104.051802362579));
#7357=CARTESIAN_POINT('',(170.979641600003,-2.21316198937303,-104.016770658584));
#7358=CARTESIAN_POINT('',(171.622580288781,-2.21316198937303,-99.4798328609852));
#7359=CARTESIAN_POINT('',(171.660731749642,-2.21316198937303,-94.8582281422464));
#7360=CARTESIAN_POINT('',(170.808993129539,-2.21316198937303,-88.0382976973174));
#7361=CARTESIAN_POINT('',(170.374256949306,-2.21316198937303,-85.7839017460054));
#7362=CARTESIAN_POINT('',(169.501589515974,-2.21316198937303,-82.4600940141124));
#7363=CARTESIAN_POINT('',(169.173982701624,-2.21316198937303,-81.361794780762));
#7364=CARTESIAN_POINT('',(168.628574362678,-2.21316198937303,-79.7324187518065));
#7365=CARTESIAN_POINT('',(168.437774356035,-2.21316198937303,-79.1923045391405));
#7366=CARTESIAN_POINT('',(168.138233654829,-2.21316198937303,-78.3870900540868));
#7367=CARTESIAN_POINT('',(168.036163437297,-2.21316198937303,-78.1195112643972));
#7368=CARTESIAN_POINT('',(167.879743638385,-2.21316198937303,-77.7194361698342));
#7369=CARTESIAN_POINT('',(167.827051300594,-2.21316198937303,-77.5862933126304));
#7370=CARTESIAN_POINT('',(167.747186812765,-2.21316198937303,-77.3869089743343));
#7371=CARTESIAN_POINT('',(167.720427653711,-2.21316198937303,-77.3205025189804));
#7372=CARTESIAN_POINT('',(167.666634452073,-2.21316198937303,-77.1878006982232));
#7373=CARTESIAN_POINT('',(167.639423189591,-2.21316198937303,-77.120123356396));
#7374=CARTESIAN_POINT('',(167.584426380551,-2.21316198937303,-76.9879851550416));
#7375=CARTESIAN_POINT('',(167.556789920521,-2.21316198937303,-76.9235720460501));
#7376=CARTESIAN_POINT('',(167.501150692988,-2.21316198937303,-76.7918780275765));
#7377=CARTESIAN_POINT('',(167.473331079221,-2.21316198937303,-76.72603101834));
#7378=CARTESIAN_POINT('',(167.421467223714,-2.21316198937303,-76.6032730317878));
#7379=CARTESIAN_POINT('',(167.397422981974,-2.21316198937303,-76.5463620544705));
#7380=CARTESIAN_POINT('',(167.373378740233,-2.21316198937303,-76.4894510771532));
#7381=CARTESIAN_POINT('',(170.947009092288,0.,-104.114265225837));
#7382=CARTESIAN_POINT('',(170.95196834633,0.,-104.079245633479));
#7383=CARTESIAN_POINT('',(170.956927600372,0.,-104.044226041121));
#7384=CARTESIAN_POINT('',(170.961886854414,0.,-104.009206448764));
#7385=CARTESIAN_POINT('',(171.60415727077,0.,-99.4738372230461));
#7386=CARTESIAN_POINT('',(171.641849654577,0.,-94.8538897855778));
#7387=CARTESIAN_POINT('',(170.789759930899,0.,-88.0364924330441));
#7388=CARTESIAN_POINT('',(170.354962743191,0.,-85.7829485825402));
#7389=CARTESIAN_POINT('',(169.482288635435,0.,-82.4604194888898));
#7390=CARTESIAN_POINT('',(169.154693720883,0.,-81.3625465432999));
#7391=CARTESIAN_POINT('',(168.609324379615,0.,-79.7338086543825));
#7392=CARTESIAN_POINT('',(168.418540895881,0.,-79.1939069399202));
#7393=CARTESIAN_POINT('',(168.119030251217,0.,-78.3890107063259));
#7394=CARTESIAN_POINT('',(168.016970931173,0.,-78.1215379178385));
#7395=CARTESIAN_POINT('',(167.860568794289,0.,-77.721621679758));
#7396=CARTESIAN_POINT('',(167.807882563137,0.,-77.5885317504969));
#7397=CARTESIAN_POINT('',(167.728027563912,0.,-77.3892267651316));
#7398=CARTESIAN_POINT('',(167.7012716225,0.,-77.3228467542576));
#7399=CARTESIAN_POINT('',(167.647484965641,0.,-77.1901978090249));
#7400=CARTESIAN_POINT('',(167.620278721358,0.,-77.1225601102793));
#7401=CARTESIAN_POINT('',(167.565285357094,0.,-76.9904488267804));
#7402=CARTESIAN_POINT('',(167.537647143085,0.,-76.9260220120037));
#7403=CARTESIAN_POINT('',(167.482007915551,0.,-76.7943279935301));
#7404=CARTESIAN_POINT('',(167.454188301785,0.,-76.7284809842936));
#7405=CARTESIAN_POINT('',(167.402324446278,0.,-76.6057229977414));
#7406=CARTESIAN_POINT('',(167.378280204538,0.,-76.5488120204241));
#7407=CARTESIAN_POINT('',(167.354235962797,0.,-76.4919010431068));
#7408=CARTESIAN_POINT('',(171.312830745032,7.22787708732771E-16,-100.821173695827));
#7409=CARTESIAN_POINT('',(171.294867059696,-0.168229132454532,-101.067089282486));
#7410=CARTESIAN_POINT('',(171.270977038611,-0.334825483869947,-101.313536094432));
#7411=CARTESIAN_POINT('',(171.241336151328,-0.500000000574871,-101.560388419829));
#7412=CARTESIAN_POINT('',(152.231539198145,-12.2841432311126,-21.3202332198701));
#7413=CARTESIAN_POINT('',(151.392665427324,-12.2841432311071,-22.7710275974542));
#7414=CARTESIAN_POINT('',(150.553791656499,-12.2841432311132,-24.2218219750321));
#7415=CARTESIAN_POINT('',(149.160087843852,-12.2841432311278,-26.6321699030679));
#7416=CARTESIAN_POINT('',(148.611949972824,-12.2841432311144,-27.5801496457872));
#7417=CARTESIAN_POINT('',(147.983258667968,-12.284143231123,-28.6674429216478));
#7418=CARTESIAN_POINT('',(147.904339414989,-12.2825039694446,-28.8053305054021));
#7419=CARTESIAN_POINT('',(147.788714423276,-12.2874226338782,-29.0007592959815));
#7420=CARTESIAN_POINT('',(147.731729786949,-12.2898460003358,-29.1000707540309));
#7421=CARTESIAN_POINT('',(147.559231890686,-12.2971803103918,-29.41107797136));
#7422=CARTESIAN_POINT('',(147.44336654364,-12.3021045918923,-29.6343638012516));
#7423=CARTESIAN_POINT('',(147.112987413699,-12.3161513766672,-30.3241003477593));
#7424=CARTESIAN_POINT('',(146.916984251859,-12.3244955112941,-30.8073648600218));
#7425=CARTESIAN_POINT('',(146.102037501049,-12.3593883492885,-33.2484183506259));
#7426=CARTESIAN_POINT('',(145.953526021843,-12.3658878650871,-35.3491075566485));
#7427=CARTESIAN_POINT('',(146.505383591188,-12.3426071184246,-38.3770487899531));
#7428=CARTESIAN_POINT('',(146.815837783246,-12.3293170003533,-39.3620698588889));
#7429=CARTESIAN_POINT('',(147.356288958844,-12.3064941241532,-40.5380937418885));
#7430=CARTESIAN_POINT('',(147.471629081779,-12.3016300960894,-40.7699325227149));
#7431=CARTESIAN_POINT('',(147.720157278516,-12.2911552097104,-41.2322096661799));
#7432=CARTESIAN_POINT('',(147.852023572146,-12.2855998958736,-41.4584407471684));
#7433=CARTESIAN_POINT('',(148.027044824084,-12.2782256567243,-41.7419894122362));
#7434=CARTESIAN_POINT('',(148.083208411626,-12.2758592019009,-41.8303631447438));
#7435=CARTESIAN_POINT('',(148.170176437434,-12.2721944517912,-41.9633527570118));
#7436=CARTESIAN_POINT('',(148.201688690167,-12.271920547294,-42.0124700611406));
#7437=CARTESIAN_POINT('',(148.235009354424,-12.2719653955309,-42.0647042112176));
#7438=CARTESIAN_POINT('',(152.209958037172,-12.2980521822231,-21.3077546287173));
#7439=CARTESIAN_POINT('',(151.371084266351,-12.2980521822176,-22.7585490063014));
#7440=CARTESIAN_POINT('',(150.532210495525,-12.2980521822237,-24.2093433838792));
#7441=CARTESIAN_POINT('',(149.138506682878,-12.2980521822382,-26.6196913119151));
#7442=CARTESIAN_POINT('',(148.590368811851,-12.2980521822249,-27.5676710546344));
#7443=CARTESIAN_POINT('',(147.961677506994,-12.2980521822334,-28.654964330495));
#7444=CARTESIAN_POINT('',(147.88285137828,-12.2964262086167,-28.7927326600287));
#7445=CARTESIAN_POINT('',(147.766946970247,-12.3013050017368,-28.9885185371642));
#7446=CARTESIAN_POINT('',(147.709824611414,-12.3037087240806,-29.0880124897774));
#7447=CARTESIAN_POINT('',(147.536909688252,-12.3109835812954,-29.3995946091969));
#7448=CARTESIAN_POINT('',(147.42076405177,-12.3158679459498,-29.6232977252141));
#7449=CARTESIAN_POINT('',(147.089584367886,-12.3298008657178,-30.3143386333684));
#7450=CARTESIAN_POINT('',(146.893104217831,-12.3380773617384,-30.7985367121271));
#7451=CARTESIAN_POINT('',(146.076158804123,-12.3726873539927,-33.2444077049292));
#7452=CARTESIAN_POINT('',(145.927271908075,-12.3791341838975,-35.3495082472948));
#7453=CARTESIAN_POINT('',(146.48048577666,-12.3560421539,-38.3835751060289));
#7454=CARTESIAN_POINT('',(146.791710019724,-12.3428597671999,-39.3705755593054));
#7455=CARTESIAN_POINT('',(147.333469971061,-12.3202218961093,-40.5488370386795));
#7456=CARTESIAN_POINT('',(147.449088548823,-12.3153972964697,-40.7811114671173));
#7457=CARTESIAN_POINT('',(147.698215387839,-12.3050073208391,-41.2442458021094));
#7458=CARTESIAN_POINT('',(147.830398647959,-12.2994970390761,-41.470890031839));
#7459=CARTESIAN_POINT('',(148.005840227572,-12.2921825764382,-41.7549503282925));
#7460=CARTESIAN_POINT('',(148.062138636546,-12.2898353043957,-41.8434824949652));
#7461=CARTESIAN_POINT('',(148.149315367703,-12.2862002612121,-41.9767089356851));
#7462=CARTESIAN_POINT('',(148.180843218866,-12.2859285770192,-42.0258439122083));
#7463=CARTESIAN_POINT('',(148.214161328739,-12.2859730617107,-42.0780751322462));
#7464=CARTESIAN_POINT('',(149.569211834795,-14.,-19.7808306491352));
#7465=CARTESIAN_POINT('',(148.730338063979,-14.,-21.231625026721));
#7466=CARTESIAN_POINT('',(147.891464293158,-14.,-22.6824194042917));
#7467=CARTESIAN_POINT('',(146.497760480487,-14.,-25.0927673323283));
#7468=CARTESIAN_POINT('',(145.949622609494,-14.,-26.0407470750546));
#7469=CARTESIAN_POINT('',(145.320931304609,-14.,-27.128040350907));
#7470=CARTESIAN_POINT('',(145.253500186039,-14.,-27.2512163176698));
#7471=CARTESIAN_POINT('',(145.103405421646,-14.,-27.4906965524884));
#7472=CARTESIAN_POINT('',(145.029430856131,-14.,-27.6125211770673));
#7473=CARTESIAN_POINT('',(144.805487065654,-14.,-27.9944503234099));
#7474=CARTESIAN_POINT('',(144.655044235268,-14.,-28.2692140266153));
#7475=CARTESIAN_POINT('',(144.225905975886,-14.,-29.1198611797249));
#7476=CARTESIAN_POINT('',(143.971059882465,-14.,-29.7182937142958));
#7477=CARTESIAN_POINT('',(142.909551098817,-14.,-32.7536510952378));
#7478=CARTESIAN_POINT('',(142.714726887227,-14.,-35.3985381536994));
#7479=CARTESIAN_POINT('',(143.433902265992,-14.,-39.1821579261932));
#7480=CARTESIAN_POINT('',(143.839352638708,-14.,-40.4113627579551));
#7481=CARTESIAN_POINT('',(144.541258958719,-14.,-41.8634243417743));
#7482=CARTESIAN_POINT('',(144.690950241228,-14.,-42.1490061329042));
#7483=CARTESIAN_POINT('',(145.013329039563,-14.,-42.7170294158391));
#7484=CARTESIAN_POINT('',(145.184297426075,-14.,-42.994227967943));
#7485=CARTESIAN_POINT('',(145.411171767425,-14.,-43.3408932669824));
#7486=CARTESIAN_POINT('',(145.483967397498,-14.,-43.4488119912381));
#7487=CARTESIAN_POINT('',(145.596682043895,-14.,-43.6110175881759));
#7488=CARTESIAN_POINT('',(145.63011857329,-14.,-43.662315020577));
#7489=CARTESIAN_POINT('',(145.663124119744,-14.,-43.7141877107988));
#7490=CARTESIAN_POINT('',(151.292634386488,-12.2980521822474,-22.8942245375944));
#7491=CARTESIAN_POINT('',(150.694503514579,-12.8653681214811,-21.8973397505184));
#7492=CARTESIAN_POINT('',(150.096372642668,-13.4326840607164,-20.9004549634432));
#7493=CARTESIAN_POINT('',(149.498241770755,-13.9999999999502,-19.9035701763662));
#7494=CARTESIAN_POINT('',(148.146399151253,-12.2829950108158,-41.9604267079253));
#7495=CARTESIAN_POINT('',(147.16233789483,-12.858829946957,-42.3043088932184));
#7496=CARTESIAN_POINT('',(146.173698403734,-13.4326055488933,-42.6510285783877));
#7497=CARTESIAN_POINT('',(145.122625334733,-14.,-42.8898229063637));
#7498=CARTESIAN_POINT('',(154.324632498251,-14.,-59.2890827818854));
#7499=CARTESIAN_POINT('',(153.737957770281,-14.,-57.9389414770788));
#7500=CARTESIAN_POINT('',(153.160252770726,-14.,-56.6374256177383));
#7501=CARTESIAN_POINT('',(151.783615032055,-14.,-53.8005542752081));
#7502=CARTESIAN_POINT('',(150.988633900051,-14.,-52.2803881963172));
#7503=CARTESIAN_POINT('',(149.309143142434,-14.,-49.2913282432689));
#7504=CARTESIAN_POINT('',(148.423565121988,-14.,-47.8206139622249));
#7505=CARTESIAN_POINT('',(147.0328000944,-14.,-45.660635408846));
#7506=CARTESIAN_POINT('',(146.558854959156,-14.,-44.9483799825323));
#7507=CARTESIAN_POINT('',(145.745112837985,-14.,-43.7643105722894));
#7508=CARTESIAN_POINT('',(145.403675765131,-14.,-43.2838232451697));
#7509=CARTESIAN_POINT('',(145.056228413163,-14.,-42.7967104288265));
#7510=CARTESIAN_POINT('',(157.162682135867,-12.3268281573257,-58.0528245406463));
#7511=CARTESIAN_POINT('',(156.56387900481,-12.3252548033739,-56.6812827209548));
#7512=CARTESIAN_POINT('',(155.950608702841,-12.3199586689266,-55.320327185743));
#7513=CARTESIAN_POINT('',(154.510412454755,-12.3109545108205,-52.3863380374362));
#7514=CARTESIAN_POINT('',(153.678906400565,-12.305771865274,-50.814962756178));
#7515=CARTESIAN_POINT('',(151.922582135528,-12.2948542854232,-47.7268976066489));
#7516=CARTESIAN_POINT('',(150.996646267845,-12.2891123015694,-46.2083272505572));
#7517=CARTESIAN_POINT('',(149.542702450933,-12.2801159317283,-43.979394675748));
#7518=CARTESIAN_POINT('',(149.047259208497,-12.2770535385179,-43.2446282579481));
#7519=CARTESIAN_POINT('',(148.196654853334,-12.2718014547777,-42.0235250641452));
#7520=CARTESIAN_POINT('',(147.852307677333,-12.2714553402982,-41.5400063431596));
#7521=CARTESIAN_POINT('',(147.504843443975,-12.2714491192853,-41.0529408992715));
#7522=CARTESIAN_POINT('',(157.180445217761,-12.3163559344056,-58.04508691827));
#7523=CARTESIAN_POINT('',(156.581566176186,-12.3147727329814,-56.6734111547978));
#7524=CARTESIAN_POINT('',(155.968073274382,-12.309443450534,-55.3120835923261));
#7525=CARTESIAN_POINT('',(154.52747921965,-12.3003829362614,-52.3774865929393));
#7526=CARTESIAN_POINT('',(153.695744559457,-12.295167853031,-50.8057907981695));
#7527=CARTESIAN_POINT('',(151.938939400828,-12.2841819410896,-47.7171059845621));
#7528=CARTESIAN_POINT('',(151.01275093723,-12.2784040187066,-46.1982361018628));
#7529=CARTESIAN_POINT('',(149.558411690304,-12.2693513414451,-43.9688719504125));
#7530=CARTESIAN_POINT('',(149.062833893266,-12.2662697810078,-43.2339646384648));
#7531=CARTESIAN_POINT('',(148.211998820898,-12.2609848249766,-42.0126296537441));
#7532=CARTESIAN_POINT('',(147.867633430839,-12.2606365441996,-41.5290919595536));
#7533=CARTESIAN_POINT('',(147.520169091822,-12.26063028425,-41.0420268121651));
#7534=CARTESIAN_POINT('',(157.11750242761,-12.3277587449938,-57.9454258329341));
#7535=CARTESIAN_POINT('',(156.166059253075,-12.8851724947129,-58.3462004084486));
#7536=CARTESIAN_POINT('',(155.21461607854,-13.442586244432,-58.746974983963));
#7537=CARTESIAN_POINT('',(154.263172904006,-13.9999999941511,-59.1477495594774));
#7538=CARTESIAN_POINT('',(141.353865063088,-14.,-29.0974560852573));
#7539=CARTESIAN_POINT('',(161.715077831854,-14.,-76.4942977510748));
#7540=CARTESIAN_POINT('',(162.663626886232,-13.4425914184347,-76.0868104916078));
#7541=CARTESIAN_POINT('',(163.612175940609,-12.8851828368694,-75.6793232321408));
#7542=CARTESIAN_POINT('',(164.560724994987,-12.3277742553041,-75.2718359726739));
#7543=CARTESIAN_POINT('',(165.094405871963,-14.,-102.942800605182));
#7544=CARTESIAN_POINT('',(165.731158898136,-14.,-98.4888274663635));
#7545=CARTESIAN_POINT('',(165.765217820783,-14.,-93.9493991383674));
#7546=CARTESIAN_POINT('',(164.908575907111,-14.,-87.2522910737324));
#7547=CARTESIAN_POINT('',(164.473543670542,-14.,-85.0425435750904));
#7548=CARTESIAN_POINT('',(163.308012377154,-14.,-80.6926972149192));
#7549=CARTESIAN_POINT('',(162.571489065386,-14.,-78.541859942606));
#7550=CARTESIAN_POINT('',(161.715077831854,-14.,-76.4942977510745));
#7551=CARTESIAN_POINT('',(168.21445254028,-12.3660600203572,-103.399955294725));
#7552=CARTESIAN_POINT('',(168.903550837929,-12.3734491837129,-98.6609329946613));
#7553=CARTESIAN_POINT('',(168.940559737959,-12.3739261665712,-93.825898338895));
#7554=CARTESIAN_POINT('',(168.013778806945,-12.3642045837765,-86.6991951003683));
#7555=CARTESIAN_POINT('',(167.543138997076,-12.359247524077,-84.3487883935685));
#7556=CARTESIAN_POINT('',(166.282525709437,-12.345933782833,-79.7258711335972));
#7557=CARTESIAN_POINT('',(165.486362542987,-12.3375516100003,-77.4427873053215));
#7558=CARTESIAN_POINT('',(164.560724994987,-12.3277742553041,-75.2718359726739));
#7559=CARTESIAN_POINT('',(165.094405871963,-14.,-102.942800605182));
#7560=CARTESIAN_POINT('',(165.845719120284,-13.6065441052106,-103.052884335106));
#7561=CARTESIAN_POINT('',(166.597032368606,-13.2130882104211,-103.162968065031));
#7562=CARTESIAN_POINT('',(167.348345616927,-12.8196323156316,-103.273051794955));
#7563=CARTESIAN_POINT('',(167.348259638452,-12.8194513419604,-103.273043597935));
#7564=CARTESIAN_POINT('',(167.348348267167,-12.8196314425457,-103.273045351493));
#7565=CARTESIAN_POINT('',(167.672896591139,-12.6687246361192,-103.067718995106));
#7566=CARTESIAN_POINT('',(167.996414385455,-12.5179127297326,-102.857924649315));
#7567=CARTESIAN_POINT('',(168.318785059502,-12.3671794594389,-102.643665308293));
#7568=CARTESIAN_POINT('',(167.361881632262,-12.812543627352,-103.275035119747));
#7569=CARTESIAN_POINT('',(167.27842326477,-12.8118794689482,-103.851522233804));
#7570=CARTESIAN_POINT('',(167.185981081489,-12.8111446810595,-104.423009480267));
#7571=CARTESIAN_POINT('',(167.083540389896,-12.8103305752468,-104.994469800525));
#7572=CARTESIAN_POINT('',(166.601525316499,-13.210735294049,-103.163626383719));
#7573=CARTESIAN_POINT('',(166.519644076262,-13.2102938489573,-103.731526070702));
#7574=CARTESIAN_POINT('',(166.428947623517,-13.2098054586802,-104.294515490373));
#7575=CARTESIAN_POINT('',(166.328441271544,-13.2092643482869,-104.85749315781));
#7576=CARTESIAN_POINT('',(165.841169000736,-13.608926960746,-103.052217647691));
#7577=CARTESIAN_POINT('',(165.760864887753,-13.6087082289665,-103.611529907599));
#7578=CARTESIAN_POINT('',(165.671914165546,-13.6084662363009,-104.166021500478));
#7579=CARTESIAN_POINT('',(165.573342153192,-13.6081981213269,-104.720516515094));
#7580=CARTESIAN_POINT('',(165.080812684973,-14.007118627443,-102.940808911663));
#7581=CARTESIAN_POINT('',(165.002085699245,-14.0071226089756,-103.491533744497));
#7582=CARTESIAN_POINT('',(164.914880707575,-14.0071270139217,-104.037527510584));
#7583=CARTESIAN_POINT('',(164.81824303484,-14.007131894367,-104.583539872379));
#7584=CARTESIAN_POINT('',(164.833407091977,-14.0000362339276,-104.576177169101));
#7585=CARTESIAN_POINT('',(164.857795166601,-13.9873086742643,-104.578868016041));
#7586=CARTESIAN_POINT('',(164.882187422174,-13.9745821140959,-104.581525270864));
#7587=CARTESIAN_POINT('',(164.906583861516,-13.9618565557927,-104.584148919031));
#7588=CARTESIAN_POINT('',(164.906475949805,-13.9617255405161,-104.584516887362));
#7589=CARTESIAN_POINT('',(164.906537582649,-13.9618459455261,-104.584527788017));
#7590=CARTESIAN_POINT('',(165.716988538348,-13.5811578475911,-104.20715201026));
#7591=CARTESIAN_POINT('',(166.531931343155,-13.2004461758159,-103.773609735046));
#7592=CARTESIAN_POINT('',(167.348356229207,-12.819626077707,-103.273062375779));
#7593=CARTESIAN_POINT('',(120.230587300974,8.62515050626933,-87.4835471917919));
#7594=CARTESIAN_POINT('',(120.518025811991,8.62515050631439,-90.7617901918854));
#7595=CARTESIAN_POINT('',(120.805464323009,8.62515050635946,-94.0400331919788));
#7596=CARTESIAN_POINT('',(121.092902834027,8.62515050640452,-97.3182761920723));
#7597=CARTESIAN_POINT('',(121.098671755452,8.62515050640542,-97.3840708770305));
#7598=CARTESIAN_POINT('',(121.104440676876,8.62515050640633,-97.4498655619888));
#7599=CARTESIAN_POINT('',(121.1102095983,8.62515050640723,-97.515660246947));
#7600=CARTESIAN_POINT('',(121.116491553317,8.62515050640822,-97.5873060921082));
#7601=CARTESIAN_POINT('',(121.122773508334,8.6251505064092,-97.6589519372694));
#7602=CARTESIAN_POINT('',(121.129055463351,8.62515050641019,-97.7305977824305));
#7603=CARTESIAN_POINT('',(121.130882736073,8.62515050641048,-97.7514378709486));
#7604=CARTESIAN_POINT('',(121.13271000878,8.62515050641076,-97.7722779594666));
#7605=CARTESIAN_POINT('',(121.134537281498,8.62515050641104,-97.7931180479931));
#7606=CARTESIAN_POINT('',(121.157745248168,8.62515050641463,-98.0578054567779));
#7607=CARTESIAN_POINT('',(121.180953214838,8.62515050641823,-98.3224928655628));
#7608=CARTESIAN_POINT('',(121.204161181507,8.62515050642182,-98.5871802743476));
#7609=CARTESIAN_POINT('',(121.254199819345,8.62515050642958,-99.1578721223804));
#7610=CARTESIAN_POINT('',(121.279312183837,8.62515050642411,-99.7290252760281));
#7611=CARTESIAN_POINT('',(121.279966380807,8.62515050642416,-101.099316793854));
#7612=CARTESIAN_POINT('',(121.232196801939,8.62515050642249,-101.899606891864));
#7613=CARTESIAN_POINT('',(121.043615198628,8.62515050642249,-103.499152179964));
#7614=CARTESIAN_POINT('',(120.904049487802,8.62515050642434,-104.300256654327));
#7615=CARTESIAN_POINT('',(120.625939096594,8.62515050642158,-105.501710685481));
#7616=CARTESIAN_POINT('',(120.521875852764,8.62515050641965,-105.902289765768));
#7617=CARTESIAN_POINT('',(120.34882371984,8.62515050642391,-106.503434056952));
#7618=CARTESIAN_POINT('',(120.288314701912,8.62515050642037,-106.70387608132));
#7619=CARTESIAN_POINT('',(120.198943493349,8.62515050642337,-106.986778109903));
#7620=CARTESIAN_POINT('',(120.172430094262,8.62515050642317,-107.069204819418));
#7621=CARTESIAN_POINT('',(120.14543941196,8.6251505064225,-107.151639653311));
#7622=CARTESIAN_POINT('',(119.070351028854,8.6251505063957,-110.435170291433));
#7623=CARTESIAN_POINT('',(117.995262645747,8.6251505063689,-113.718700929555));
#7624=CARTESIAN_POINT('',(116.92017426264,8.6251505063421,-117.002231567677));
#7625=CARTESIAN_POINT('',(120.229490346619,5.71948510457776,-87.4850000319385));
#7626=CARTESIAN_POINT('',(120.516823161627,5.71948510462067,-90.7630046470586));
#7627=CARTESIAN_POINT('',(120.804155976636,5.71948510466358,-94.0410092621787));
#7628=CARTESIAN_POINT('',(121.091488791645,5.7194851047065,-97.3190138772987));
#7629=CARTESIAN_POINT('',(121.097255591739,5.71948510470736,-97.3848037778452));
#7630=CARTESIAN_POINT('',(121.103022391833,5.71948510470822,-97.4505936783917));
#7631=CARTESIAN_POINT('',(121.108789191927,5.71948510470908,-97.5163835789382));
#7632=CARTESIAN_POINT('',(121.115068836962,5.71948510471002,-97.5880242142078));
#7633=CARTESIAN_POINT('',(121.121348481997,5.71948510471096,-97.6596648494774));
#7634=CARTESIAN_POINT('',(121.127628127032,5.7194851047119,-97.731305484747));
#7635=CARTESIAN_POINT('',(121.129454727836,5.71948510471217,-97.7521440578304));
#7636=CARTESIAN_POINT('',(121.131281328628,5.71948510471244,-97.7729826309138));
#7637=CARTESIAN_POINT('',(121.133107929429,5.71948510471271,-97.7938212040028));
#7638=CARTESIAN_POINT('',(121.156307362175,5.71948510471614,-98.0584893654233));
#7639=CARTESIAN_POINT('',(121.17950679492,5.71948510471958,-98.3231575268437));
#7640=CARTESIAN_POINT('',(121.202706227665,5.71948510472301,-98.5878256882642));
#7641=CARTESIAN_POINT('',(121.25272646553,5.71948510473042,-99.1584760371033));
#7642=CARTESIAN_POINT('',(121.277822156208,5.71948510472531,-99.7295868376668));
#7643=CARTESIAN_POINT('',(121.27844062096,5.71948510472534,-101.099774626178));
#7644=CARTESIAN_POINT('',(121.230653875078,5.71948510472369,-101.9000028873));
#7645=CARTESIAN_POINT('',(121.042045754223,5.71948510472369,-103.499424723481));
#7646=CARTESIAN_POINT('',(120.902470755551,5.71948510472553,-104.300468165121));
#7647=CARTESIAN_POINT('',(120.624351723032,5.71948510472277,-105.501831580759));
#7648=CARTESIAN_POINT('',(120.520286493336,5.71948510472094,-105.902380684679));
#7649=CARTESIAN_POINT('',(120.34723264745,5.71948510472505,-106.503480515742));
#7650=CARTESIAN_POINT('',(120.286723269347,5.71948510472157,-106.70390780741));
#7651=CARTESIAN_POINT('',(120.197351839013,5.71948510472456,-106.986789178114));
#7652=CARTESIAN_POINT('',(120.170838409611,5.71948510472436,-107.069209885857));
#7653=CARTESIAN_POINT('',(120.143847730785,5.71948510472369,-107.151638734502));
#7654=CARTESIAN_POINT('',(119.068759486139,5.71948510469692,-110.434930969186));
#7655=CARTESIAN_POINT('',(117.993671241492,5.71948510467015,-113.718223203871));
#7656=CARTESIAN_POINT('',(116.918582996845,5.71948510464337,-117.001515438555));
#7657=CARTESIAN_POINT('',(120.228393392264,2.81381970288618,-87.4864528720852));
#7658=CARTESIAN_POINT('',(120.515620511263,2.81381970292694,-90.7642191022318));
#7659=CARTESIAN_POINT('',(120.802847630263,2.81381970296771,-94.0419853323785));
#7660=CARTESIAN_POINT('',(121.090074749262,2.81381970300848,-97.3197515625251));
#7661=CARTESIAN_POINT('',(121.095839428026,2.81381970300929,-97.3855366786599));
#7662=CARTESIAN_POINT('',(121.10160410679,2.81381970301011,-97.4513217947947));
#7663=CARTESIAN_POINT('',(121.107368785554,2.81381970301093,-97.5171069109294));
#7664=CARTESIAN_POINT('',(121.113646120607,2.81381970301182,-97.5887423363075));
#7665=CARTESIAN_POINT('',(121.11992345566,2.81381970301271,-97.6603777616855));
#7666=CARTESIAN_POINT('',(121.126200790713,2.8138197030136,-97.7320131870635));
#7667=CARTESIAN_POINT('',(121.128026719598,2.81381970301386,-97.7528502447122));
#7668=CARTESIAN_POINT('',(121.129852648477,2.81381970301412,-97.773687302361));
#7669=CARTESIAN_POINT('',(121.13167857736,2.81381970301438,-97.7945243600126));
#7670=CARTESIAN_POINT('',(121.154869476181,2.81381970301765,-98.0591732740687));
#7671=CARTESIAN_POINT('',(121.178060375002,2.81381970302093,-98.3238221881247));
#7672=CARTESIAN_POINT('',(121.201251273823,2.81381970302421,-98.5884711021808));
#7673=CARTESIAN_POINT('',(121.251253111714,2.81381970303127,-99.1590799518263));
#7674=CARTESIAN_POINT('',(121.27633212858,2.81381970302651,-99.7301483993056));
#7675=CARTESIAN_POINT('',(121.276914861113,2.81381970302653,-101.100232458501));
#7676=CARTESIAN_POINT('',(121.229110948217,2.81381970302488,-101.900398882736));
#7677=CARTESIAN_POINT('',(121.040476309818,2.81381970302488,-103.499697266999));
#7678=CARTESIAN_POINT('',(120.9008920233,2.81381970302673,-104.300679675914));
#7679=CARTESIAN_POINT('',(120.62276434947,2.81381970302396,-105.501952476036));
#7680=CARTESIAN_POINT('',(120.518697133909,2.81381970302223,-105.902471603591));
#7681=CARTESIAN_POINT('',(120.345641575059,2.8138197030262,-106.503526974532));
#7682=CARTESIAN_POINT('',(120.285131836782,2.81381970302277,-106.7039395335));
#7683=CARTESIAN_POINT('',(120.195760184677,2.81381970302575,-106.986800246324));
#7684=CARTESIAN_POINT('',(120.16924672496,2.81381970302555,-107.069214952296));
#7685=CARTESIAN_POINT('',(120.14225604961,2.81381970302488,-107.151637815692));
#7686=CARTESIAN_POINT('',(119.067167943423,2.81381970299814,-110.434691646939));
#7687=CARTESIAN_POINT('',(117.992079837236,2.81381970297139,-113.717745478186));
#7688=CARTESIAN_POINT('',(116.916991731049,2.81381970294465,-117.000799309433));
#7689=CARTESIAN_POINT('',(120.227296437909,-0.0918456988053971,-87.4879057122318));
#7690=CARTESIAN_POINT('',(120.514417860899,-0.0918456987667804,-90.7654335574051));
#7691=CARTESIAN_POINT('',(120.801539283889,-0.0918456987281636,-94.0429614025783));
#7692=CARTESIAN_POINT('',(121.08866070688,-0.0918456986895469,-97.3204892477516));
#7693=CARTESIAN_POINT('',(121.094423264314,-0.0918456986887719,-97.3862695794746));
#7694=CARTESIAN_POINT('',(121.100185821748,-0.0918456986879968,-97.4520499111976));
#7695=CARTESIAN_POINT('',(121.105948379182,-0.0918456986872218,-97.5178302429207));
#7696=CARTESIAN_POINT('',(121.112223404253,-0.0918456986863778,-97.5894604584071));
#7697=CARTESIAN_POINT('',(121.118498429324,-0.0918456986855338,-97.6610906738935));
#7698=CARTESIAN_POINT('',(121.124773454395,-0.0918456986846899,-97.7327208893799));
#7699=CARTESIAN_POINT('',(121.12659871136,-0.0918456986844444,-97.7535564315941));
#7700=CARTESIAN_POINT('',(121.128423968326,-0.0918456986841989,-97.7743919738082));
#7701=CARTESIAN_POINT('',(121.130249225292,-0.0918456986839534,-97.7952275160224));
#7702=CARTESIAN_POINT('',(121.153431590188,-0.0918456986808356,-98.059857182714));
#7703=CARTESIAN_POINT('',(121.176613955085,-0.0918456986777178,-98.3244868494057));
#7704=CARTESIAN_POINT('',(121.199796319981,-0.0918456986746,-98.5891165160974));
#7705=CARTESIAN_POINT('',(121.249779757899,-0.0918456986678777,-99.1596838665493));
#7706=CARTESIAN_POINT('',(121.274842100951,-0.0918456986722965,-99.7307099609443));
#7707=CARTESIAN_POINT('',(121.275389101267,-0.0918456986722848,-101.100690290824));
#7708=CARTESIAN_POINT('',(121.227568021355,-0.0918456986739271,-101.900794878173));
#7709=CARTESIAN_POINT('',(121.038906865413,-0.0918456986739271,-103.499969810517));
#7710=CARTESIAN_POINT('',(120.899313291049,-0.0918456986720822,-104.300891186708));
#7711=CARTESIAN_POINT('',(120.621176975908,-0.0918456986748469,-105.502073371313));
#7712=CARTESIAN_POINT('',(120.517107774481,-0.0918456986764735,-105.902562522503));
#7713=CARTESIAN_POINT('',(120.344050502668,-0.0918456986726626,-106.503573433322));
#7714=CARTESIAN_POINT('',(120.283540404218,-0.0918456986760265,-106.703971259589));
#7715=CARTESIAN_POINT('',(120.19416853034,-0.0918456986730591,-106.986811314535));
#7716=CARTESIAN_POINT('',(120.167655040309,-0.0918456986732546,-107.069220018735));
#7717=CARTESIAN_POINT('',(120.140664368435,-0.0918456986739253,-107.151636896882));
#7718=CARTESIAN_POINT('',(119.065576400708,-0.0918456987006422,-110.434452324692));
#7719=CARTESIAN_POINT('',(117.990488432981,-0.0918456987273591,-113.717267752502));
#7720=CARTESIAN_POINT('',(116.915400465254,-0.0918456987540759,-117.000083180311));
#7721=CARTESIAN_POINT('',(120.227285576974,-0.120614663178581,-87.4879200967878));
#7722=CARTESIAN_POINT('',(120.51440595347,-0.120614663139986,-90.7654455817137));
#7723=CARTESIAN_POINT('',(120.801526329965,-0.12061466310139,-94.0429710666397));
#7724=CARTESIAN_POINT('',(121.08864670646,-0.120614663062795,-97.3204965515657));
#7725=CARTESIAN_POINT('',(121.094409242891,-0.12061466306202,-97.3862768359183));
#7726=CARTESIAN_POINT('',(121.100171779321,-0.120614663061245,-97.4520571202709));
#7727=CARTESIAN_POINT('',(121.105934315752,-0.120614663060471,-97.5178374046236));
#7728=CARTESIAN_POINT('',(121.112209317952,-0.120614663059627,-97.5894675685269));
#7729=CARTESIAN_POINT('',(121.118484320152,-0.120614663058784,-97.6610977324302));
#7730=CARTESIAN_POINT('',(121.124759322352,-0.12061466305794,-97.7327278963336));
#7731=CARTESIAN_POINT('',(121.126584572665,-0.120614663057695,-97.7535634235434));
#7732=CARTESIAN_POINT('',(121.128409822978,-0.12061466305745,-97.7743989507532));
#7733=CARTESIAN_POINT('',(121.130235073291,-0.120614663057204,-97.795234477963));
#7734=CARTESIAN_POINT('',(121.153417353693,-0.120614663054088,-98.0598639540868));
#7735=CARTESIAN_POINT('',(121.176599634095,-0.120614663050972,-98.3244934302105));
#7736=CARTESIAN_POINT('',(121.199781914498,-0.120614663047856,-98.5891229063342));
#7737=CARTESIAN_POINT('',(121.249765170238,-0.120614663041137,-99.159689845903));
#7738=CARTESIAN_POINT('',(121.274827348202,-0.120614663045552,-99.7307155209605));
#7739=CARTESIAN_POINT('',(121.275373994733,-0.12061466304554,-101.100694823817));
#7740=CARTESIAN_POINT('',(121.227552744852,-0.120614663047183,-101.900798798919));
#7741=CARTESIAN_POINT('',(121.038891326359,-0.120614663047183,-103.499972508968));
#7742=CARTESIAN_POINT('',(120.899297660036,-0.120614663045338,-104.300893280874));
#7743=CARTESIAN_POINT('',(120.621161259338,-0.120614663048102,-105.502074568296));
#7744=CARTESIAN_POINT('',(120.517092038249,-0.120614663049728,-105.90256342269));
#7745=CARTESIAN_POINT('',(120.344034749476,-0.120614663045919,-106.50357389331));
#7746=CARTESIAN_POINT('',(120.28352464746,-0.120614663049282,-106.703971573709));
#7747=CARTESIAN_POINT('',(120.194152771387,-0.120614663046315,-106.986811424121));
#7748=CARTESIAN_POINT('',(120.167639281055,-0.12061466304651,-107.069220068898));
#7749=CARTESIAN_POINT('',(120.140648609216,-0.120614663047181,-107.151636887785));
#7750=CARTESIAN_POINT('',(119.06556064286,-0.120614663073897,-110.434449955165));
#7751=CARTESIAN_POINT('',(117.990472676503,-0.120614663100614,-113.717263022544));
#7752=CARTESIAN_POINT('',(116.915384710147,-0.120614663127331,-117.000076089924));
#7753=CARTESIAN_POINT('',(120.227274716019,-0.149383627551771,-87.4879344813567));
#7754=CARTESIAN_POINT('',(120.514394046026,-0.149383627513195,-90.7654576060312));
#7755=CARTESIAN_POINT('',(120.801513376033,-0.149383627474619,-94.0429807307058));
#7756=CARTESIAN_POINT('',(121.08863270604,-0.149383627436043,-97.3205038553804));
#7757=CARTESIAN_POINT('',(121.094395221467,-0.149383627435268,-97.3862840923625));
#7758=CARTESIAN_POINT('',(121.100157736895,-0.149383627434494,-97.4520643293446));
#7759=CARTESIAN_POINT('',(121.105920252322,-0.14938362743372,-97.5178445663267));
#7760=CARTESIAN_POINT('',(121.112195231651,-0.149383627432877,-97.5894746786469));
#7761=CARTESIAN_POINT('',(121.11847021098,-0.149383627432034,-97.6611047909671));
#7762=CARTESIAN_POINT('',(121.124745190309,-0.149383627431191,-97.7327349032872));
#7763=CARTESIAN_POINT('',(121.12657043397,-0.149383627430945,-97.7535704154927));
#7764=CARTESIAN_POINT('',(121.12839567763,-0.1493836274307,-97.7744059276982));
#7765=CARTESIAN_POINT('',(121.13022092129,-0.149383627430455,-97.7952414399037));
#7766=CARTESIAN_POINT('',(121.153403117198,-0.14938362742734,-98.0598707254595));
#7767=CARTESIAN_POINT('',(121.176585313106,-0.149383627424226,-98.3245000110152));
#7768=CARTESIAN_POINT('',(121.199767509014,-0.149383627421111,-98.589129296571));
#7769=CARTESIAN_POINT('',(121.249750582576,-0.149383627414396,-99.1596958252567));
#7770=CARTESIAN_POINT('',(121.274812595453,-0.149383627418807,-99.7307210809768));
#7771=CARTESIAN_POINT('',(121.2753588882,-0.149383627418796,-101.100699356811));
#7772=CARTESIAN_POINT('',(121.227537468348,-0.149383627420438,-101.900802719666));
#7773=CARTESIAN_POINT('',(121.038875787306,-0.149383627420438,-103.499975207418));
#7774=CARTESIAN_POINT('',(120.899282029024,-0.149383627418593,-104.30089537504));
#7775=CARTESIAN_POINT('',(120.621145542768,-0.149383627421358,-105.502075765279));
#7776=CARTESIAN_POINT('',(120.517076302017,-0.149383627422983,-105.902564322877));
#7777=CARTESIAN_POINT('',(120.344018996284,-0.149383627419175,-106.503574353298));
#7778=CARTESIAN_POINT('',(120.283508890702,-0.149383627422537,-106.703971887829));
#7779=CARTESIAN_POINT('',(120.194137012433,-0.14938362741957,-106.986811533707));
#7780=CARTESIAN_POINT('',(120.167623521801,-0.149383627419766,-107.069220119061));
#7781=CARTESIAN_POINT('',(120.140632849996,-0.149383627420436,-107.151636878688));
#7782=CARTESIAN_POINT('',(119.065544885011,-0.149383627447153,-110.434447585637));
#7783=CARTESIAN_POINT('',(117.990456920026,-0.14938362747387,-113.717258292587));
#7784=CARTESIAN_POINT('',(116.91536895504,-0.149383627500587,-117.000068999537));
#7785=CARTESIAN_POINT('',(120.227263855065,-0.17815259192496,-87.487948865904));
#7786=CARTESIAN_POINT('',(120.514382138583,-0.178152591886404,-90.765469630334));
#7787=CARTESIAN_POINT('',(120.801500422101,-0.178152591847847,-94.0429903947641));
#7788=CARTESIAN_POINT('',(121.088618705619,-0.178152591809291,-97.3205111591941));
#7789=CARTESIAN_POINT('',(121.094381200044,-0.178152591808517,-97.3862913488059));
#7790=CARTESIAN_POINT('',(121.100143694468,-0.178152591807743,-97.4520715384177));
#7791=CARTESIAN_POINT('',(121.105906188892,-0.178152591806969,-97.5178517280295));
#7792=CARTESIAN_POINT('',(121.11218114535,-0.178152591806126,-97.5894817887666));
#7793=CARTESIAN_POINT('',(121.118456101808,-0.178152591805284,-97.6611118495037));
#7794=CARTESIAN_POINT('',(121.124731058266,-0.178152591804441,-97.7327419102408));
#7795=CARTESIAN_POINT('',(121.126556295274,-0.178152591804196,-97.7535774074421));
#7796=CARTESIAN_POINT('',(121.128381532282,-0.178152591803951,-97.7744129046432));
#7797=CARTESIAN_POINT('',(121.130206769289,-0.178152591803706,-97.7952484018444));
#7798=CARTESIAN_POINT('',(121.153388880703,-0.178152591800593,-98.0598774968322));
#7799=CARTESIAN_POINT('',(121.176570992117,-0.17815259179748,-98.32450659182));
#7800=CARTESIAN_POINT('',(121.199753103531,-0.178152591794367,-98.5891356868078));
#7801=CARTESIAN_POINT('',(121.249735994915,-0.178152591787654,-99.1597018046103));
#7802=CARTESIAN_POINT('',(121.274797842704,-0.178152591792063,-99.730726640993));
#7803=CARTESIAN_POINT('',(121.275343781667,-0.178152591792052,-101.100703889804));
#7804=CARTESIAN_POINT('',(121.227522191845,-0.178152591793694,-101.900806640413));
#7805=CARTESIAN_POINT('',(121.038860248252,-0.178152591793694,-103.499977905869));
#7806=CARTESIAN_POINT('',(120.899266398011,-0.178152591791849,-104.300897469206));
#7807=CARTESIAN_POINT('',(120.621129826199,-0.178152591794613,-105.502076962262));
#7808=CARTESIAN_POINT('',(120.517060565785,-0.178152591796237,-105.902565223064));
#7809=CARTESIAN_POINT('',(120.344003243092,-0.178152591792431,-106.503574813286));
#7810=CARTESIAN_POINT('',(120.283493133944,-0.178152591795793,-106.703972201949));
#7811=CARTESIAN_POINT('',(120.194121253479,-0.178152591792826,-106.986811643293));
#7812=CARTESIAN_POINT('',(120.167607762547,-0.178152591793021,-107.069220169224));
#7813=CARTESIAN_POINT('',(120.140617090777,-0.178152591793692,-107.151636869591));
#7814=CARTESIAN_POINT('',(119.065529127162,-0.178152591820409,-110.43444521611));
#7815=CARTESIAN_POINT('',(117.990441163548,-0.178152591847126,-113.71725356263));
#7816=CARTESIAN_POINT('',(116.915353199933,-0.178152591873843,-117.000061909149));
#7817=CARTESIAN_POINT('',(120.226146775182,-3.13712349825748,-87.4894283593968));
#7818=CARTESIAN_POINT('',(120.513157424136,-3.1371234982209,-90.7667063654478));
#7819=CARTESIAN_POINT('',(120.80016807309,-3.13712349818431,-94.0439843714989));
#7820=CARTESIAN_POINT('',(121.087178722044,-3.13712349814773,-97.32126237755));
#7821=CARTESIAN_POINT('',(121.092939056231,-3.137123498147,-97.3870376949753));
#7822=CARTESIAN_POINT('',(121.098699390418,-3.13712349814626,-97.4528130124007));
#7823=CARTESIAN_POINT('',(121.104459724606,-3.13712349814553,-97.518588329826));
#7824=CARTESIAN_POINT('',(121.110732328715,-3.13712349814473,-97.5902130850903));
#7825=CARTESIAN_POINT('',(121.117004932825,-3.13712349814393,-97.6618378403546));
#7826=CARTESIAN_POINT('',(121.123277536935,-3.13712349814313,-97.7334625956188));
#7827=CARTESIAN_POINT('',(121.1251020897,-3.1371234981429,-97.754296549583));
#7828=CARTESIAN_POINT('',(121.126926642465,-3.13712349814266,-97.7751305035471));
#7829=CARTESIAN_POINT('',(121.12875119523,-3.13712349814243,-97.7959644575112));
#7830=CARTESIAN_POINT('',(121.151924616161,-3.13712349813948,-98.0605739520346));
#7831=CARTESIAN_POINT('',(121.175098037092,-3.13712349813653,-98.3251834465579));
#7832=CARTESIAN_POINT('',(121.198271458023,-3.13712349813358,-98.5897929410813));
#7833=CARTESIAN_POINT('',(121.248235611879,-3.13712349812722,-99.1603167983724));
#7834=CARTESIAN_POINT('',(121.273280479968,-3.13712349813127,-99.731298504688));
#7835=CARTESIAN_POINT('',(121.273790031193,-3.13712349813127,-101.10117012123));
#7836=CARTESIAN_POINT('',(121.225950959421,-3.1371234981329,-101.901209900532));
#7837=CARTESIAN_POINT('',(121.03726201181,-3.1371234981329,-103.500255449298));
#7838=CARTESIAN_POINT('',(120.897658703335,-3.13712349813106,-104.301112860244));
#7839=CARTESIAN_POINT('',(120.619513331683,-3.13712349813382,-105.502200075407));
#7840=CARTESIAN_POINT('',(120.515442048973,-3.13712349813535,-105.902657809917));
#7841=CARTESIAN_POINT('',(120.342382981891,-3.13712349813169,-106.50362212438));
#7842=CARTESIAN_POINT('',(120.281872505961,-3.137123498135,-106.704004510065));
#7843=CARTESIAN_POINT('',(120.192500399657,-3.13712349813204,-106.986822914554));
#7844=CARTESIAN_POINT('',(120.165986877853,-3.13712349813223,-107.069225328608));
#7845=CARTESIAN_POINT('',(120.138996209623,-3.1371234981329,-107.151635933925));
#7846=CARTESIAN_POINT('',(119.063908386996,-3.13712349815963,-110.434201503435));
#7847=CARTESIAN_POINT('',(117.98882056437,-3.13712349818635,-113.716767072945));
#7848=CARTESIAN_POINT('',(116.913732741744,-3.13712349821307,-116.999332642454));
#7849=CARTESIAN_POINT('',(120.807179665071,-5.97344538091693,-86.719885338003));
#7850=CARTESIAN_POINT('',(121.150176342979,-5.97344538087942,-90.1234316957316));
#7851=CARTESIAN_POINT('',(121.493173020888,-5.97344538084191,-93.5269780534601));
#7852=CARTESIAN_POINT('',(121.836169698796,-5.9734453808044,-96.9305244111886));
#7853=CARTESIAN_POINT('',(121.843053678526,-5.97344538080364,-96.998833947834));
#7854=CARTESIAN_POINT('',(121.849937658257,-5.97344538080289,-97.0671434844794));
#7855=CARTESIAN_POINT('',(121.856821637988,-5.97344538080214,-97.1354530211248));
#7856=CARTESIAN_POINT('',(121.864317814103,-5.97344538080132,-97.2098373652216));
#7857=CARTESIAN_POINT('',(121.871813990218,-5.9734453808005,-97.2842217093183));
#7858=CARTESIAN_POINT('',(121.879310166333,-5.97344538079968,-97.3586060534151));
#7859=CARTESIAN_POINT('',(121.881490627369,-5.97344538079944,-97.38024270676));
#7860=CARTESIAN_POINT('',(121.883671088406,-5.9734453807992,-97.4018793601049));
#7861=CARTESIAN_POINT('',(121.885851549442,-5.97344538079896,-97.4235160134498));
#7862=CARTESIAN_POINT('',(121.913545317684,-5.97344538079594,-97.6983204943767));
#7863=CARTESIAN_POINT('',(121.941239085926,-5.97344538079291,-97.9731249753035));
#7864=CARTESIAN_POINT('',(121.968932854168,-5.97344538078988,-98.2479294562304));
#7865=CARTESIAN_POINT('',(122.028643317351,-5.97344538078335,-98.8404346977437));
#7866=CARTESIAN_POINT('',(122.062519798692,-5.97344538078775,-99.4338499824288));
#7867=CARTESIAN_POINT('',(122.081956016282,-5.97344538078775,-100.858665037752));
#7868=CARTESIAN_POINT('',(122.043209986907,-5.97344538078925,-101.691458646005));
#7869=CARTESIAN_POINT('',(121.868566887738,-5.97344538078925,-103.355894326897));
#7870=CARTESIAN_POINT('',(121.733883182299,-5.97344538078741,-104.189079617117));
#7871=CARTESIAN_POINT('',(121.46031493013,-5.97344538079017,-105.43816414313));
#7872=CARTESIAN_POINT('',(121.357295530238,-5.97344538079181,-105.854499787979));
#7873=CARTESIAN_POINT('',(121.185143785376,-5.97344538078798,-106.479013787367));
#7874=CARTESIAN_POINT('',(121.12482408759,-5.97344538079123,-106.687199802728));
#7875=CARTESIAN_POINT('',(121.035569449082,-5.97344538078844,-106.980960294285));
#7876=CARTESIAN_POINT('',(121.009071984801,-5.97344538078858,-107.066541732087));
#7877=CARTESIAN_POINT('',(120.982079475338,-5.97344538078925,-107.15212260987));
#7878=CARTESIAN_POINT('',(119.90691831304,-5.97344538081596,-110.56096594668));
#7879=CARTESIAN_POINT('',(118.831757150742,-5.97344538084266,-113.969809283489));
#7880=CARTESIAN_POINT('',(117.756595988445,-5.97344538086937,-117.378652620299));
#7881=CARTESIAN_POINT('',(121.921995455003,-8.45110076637365,-85.2433506518046));
#7882=CARTESIAN_POINT('',(122.372418360897,-8.4511007663472,-88.8891707694101));
#7883=CARTESIAN_POINT('',(122.822841266791,-8.45110076632075,-92.5349908870155));
#7884=CARTESIAN_POINT('',(123.273264172685,-8.4511007662943,-96.180811004621));
#7885=CARTESIAN_POINT('',(123.282304208213,-8.45110076629377,-96.2539830013416));
#7886=CARTESIAN_POINT('',(123.291344243742,-8.45110076629324,-96.3271549980622));
#7887=CARTESIAN_POINT('',(123.30038427927,-8.45110076629271,-96.4003269947828));
#7888=CARTESIAN_POINT('',(123.310228250499,-8.45110076629213,-96.480006220402));
#7889=CARTESIAN_POINT('',(123.320072221727,-8.45110076629155,-96.5596854460212));
#7890=CARTESIAN_POINT('',(123.329916192956,-8.45110076629097,-96.6393646716404));
#7891=CARTESIAN_POINT('',(123.332779572281,-8.45110076629081,-96.6625414812829));
#7892=CARTESIAN_POINT('',(123.335642951607,-8.45110076629064,-96.6857182909253));
#7893=CARTESIAN_POINT('',(123.338506330932,-8.45110076629047,-96.7088951005678));
#7894=CARTESIAN_POINT('',(123.374873760619,-8.45110076628835,-97.0032609177675));
#7895=CARTESIAN_POINT('',(123.411241190306,-8.45110076628623,-97.2976267349673));
#7896=CARTESIAN_POINT('',(123.447608619993,-8.45110076628412,-97.591992552167));
#7897=CARTESIAN_POINT('',(123.526020342529,-8.45110076627955,-98.2266739410037));
#7898=CARTESIAN_POINT('',(123.576841211304,-8.45110076628234,-98.8631325134529));
#7899=CARTESIAN_POINT('',(123.632592213785,-8.45110076628234,-100.393368096934));
#7900=CARTESIAN_POINT('',(123.611293096255,-8.45110076628358,-101.289006805956));
#7901=CARTESIAN_POINT('',(123.463599907709,-8.45110076628358,-103.078907190555));
#7902=CARTESIAN_POINT('',(123.338355494076,-8.45110076628173,-103.974120307611));
#7903=CARTESIAN_POINT('',(123.073569406984,-8.4511007662845,-105.31529775632));
#7904=CARTESIAN_POINT('',(122.972568265257,-8.4511007662859,-105.762098507316));
#7905=CARTESIAN_POINT('',(122.80215740865,-8.45110076628242,-106.431797523823));
#7906=CARTESIAN_POINT('',(122.742203758805,-8.45110076628543,-106.654956441877));
#7907=CARTESIAN_POINT('',(122.653174506942,-8.45110076628281,-106.969711625856));
#7908=CARTESIAN_POINT('',(122.626707850656,-8.4511007662829,-107.061392687027));
#7909=CARTESIAN_POINT('',(122.599711810137,-8.45110076628357,-107.153056399896));
#7910=CARTESIAN_POINT('',(121.524409999413,-8.45110076631032,-110.804190215484));
#7911=CARTESIAN_POINT('',(120.449108188689,-8.45110076633706,-114.455324031072));
#7912=CARTESIAN_POINT('',(119.373806377966,-8.4511007663638,-118.106457846659));
#7913=CARTESIAN_POINT('',(123.016727972694,-10.884121488352,-83.7934155602146));
#7914=CARTESIAN_POINT('',(123.57264183601,-10.8841214883364,-87.6771449050807));
#7915=CARTESIAN_POINT('',(124.128555699326,-10.8841214883208,-91.5608742499469));
#7916=CARTESIAN_POINT('',(124.684469562643,-10.8841214883052,-95.444603594813));
#7917=CARTESIAN_POINT('',(124.695626812883,-10.8841214883049,-95.5225504549759));
#7918=CARTESIAN_POINT('',(124.706784063123,-10.8841214883046,-95.6004973151389));
#7919=CARTESIAN_POINT('',(124.717941313364,-10.8841214883043,-95.6784441753018));
#7920=CARTESIAN_POINT('',(124.73009078446,-10.8841214883039,-95.7633228957903));
#7921=CARTESIAN_POINT('',(124.742240255556,-10.8841214883036,-95.8482016162788));
#7922=CARTESIAN_POINT('',(124.754389726652,-10.8841214883033,-95.9330803367673));
#7923=CARTESIAN_POINT('',(124.757923721575,-10.8841214883032,-95.9577695569771));
#7924=CARTESIAN_POINT('',(124.761457716499,-10.8841214883031,-95.9824587771868));
#7925=CARTESIAN_POINT('',(124.764991711422,-10.884121488303,-96.0071479973965));
#7926=CARTESIAN_POINT('',(124.809876547587,-10.8841214883017,-96.3207227557512));
#7927=CARTESIAN_POINT('',(124.854761383753,-10.8841214883005,-96.6342975141059));
#7928=CARTESIAN_POINT('',(124.899646219918,-10.8841214882993,-96.9478722724606));
#7929=CARTESIAN_POINT('',(124.996422300871,-10.8841214882966,-97.6239700104043));
#7930=CARTESIAN_POINT('',(125.063882305981,-10.8841214882979,-98.3026964509706));
#7931=CARTESIAN_POINT('',(125.155293886874,-10.8841214882979,-99.9364534244867));
#7932=CARTESIAN_POINT('',(125.151127377173,-10.8841214882988,-100.893805087353));
#7933=CARTESIAN_POINT('',(125.029898599855,-10.8841214882988,-102.806909944127));
#7934=CARTESIAN_POINT('',(124.913923430323,-10.884121488297,-103.763033464185));
#7935=CARTESIAN_POINT('',(124.657761298662,-10.8841214882998,-105.194644792675));
#7936=CARTESIAN_POINT('',(124.558742056421,-10.8841214883009,-105.6713618246));
#7937=CARTESIAN_POINT('',(124.390040726177,-10.8841214882978,-106.385431855583));
#7938=CARTESIAN_POINT('',(124.330446529964,-10.8841214883006,-106.623293941291));
#7939=CARTESIAN_POINT('',(124.241638604433,-10.8841214882981,-106.958665600834));
#7940=CARTESIAN_POINT('',(124.215202201137,-10.8841214882982,-107.056336401393));
#7941=CARTESIAN_POINT('',(124.188202693174,-10.8841214882988,-107.153973367807));
#7942=CARTESIAN_POINT('',(123.112762767789,-10.8841214883256,-111.043032828368));
#7943=CARTESIAN_POINT('',(122.037322842404,-10.8841214883524,-114.932092288929));
#7944=CARTESIAN_POINT('',(120.96188291702,-10.8841214883792,-118.821151749489));
#7945=CARTESIAN_POINT('',(124.111460490385,-13.3171422103303,-82.3434804686246));
#7946=CARTESIAN_POINT('',(124.772865311123,-13.3171422103256,-86.4651190407514));
#7947=CARTESIAN_POINT('',(125.434270131862,-13.3171422103209,-90.5867576128782));
#7948=CARTESIAN_POINT('',(126.0956749526,-13.3171422103161,-94.708396185005));
#7949=CARTESIAN_POINT('',(126.108949417552,-13.317142210316,-94.7911179086103));
#7950=CARTESIAN_POINT('',(126.122223882505,-13.3171422103159,-94.8738396322155));
#7951=CARTESIAN_POINT('',(126.135498347457,-13.3171422103159,-94.9565613558208));
#7952=CARTESIAN_POINT('',(126.14995331842,-13.3171422103157,-95.0466395711786));
#7953=CARTESIAN_POINT('',(126.164408289384,-13.3171422103156,-95.1367177865364));
#7954=CARTESIAN_POINT('',(126.178863260347,-13.3171422103155,-95.2267960018941));
#7955=CARTESIAN_POINT('',(126.183067870869,-13.3171422103155,-95.2529976326712));
#7956=CARTESIAN_POINT('',(126.18727248139,-13.3171422103155,-95.2791992634482));
#7957=CARTESIAN_POINT('',(126.191477091912,-13.3171422103155,-95.3054008942252));
#7958=CARTESIAN_POINT('',(126.244879334555,-13.3171422103151,-95.6381845937348));
#7959=CARTESIAN_POINT('',(126.298281577199,-13.3171422103148,-95.9709682932445));
#7960=CARTESIAN_POINT('',(126.351683819842,-13.3171422103145,-96.3037519927542));
#7961=CARTESIAN_POINT('',(126.466824259213,-13.3171422103137,-97.0212660798049));
#7962=CARTESIAN_POINT('',(126.550923400658,-13.3171422103134,-97.7422603884884));
#7963=CARTESIAN_POINT('',(126.677995559963,-13.3171422103134,-99.4795387520396));
#7964=CARTESIAN_POINT('',(126.690961658091,-13.3171422103141,-100.49860336875));
#7965=CARTESIAN_POINT('',(126.596197292001,-13.3171422103141,-102.534912697699));
#7966=CARTESIAN_POINT('',(126.48949136657,-13.3171422103123,-103.55194662076));
#7967=CARTESIAN_POINT('',(126.24195319034,-13.317142210315,-105.073991829031));
#7968=CARTESIAN_POINT('',(126.144915847585,-13.317142210316,-105.580625141884));
#7969=CARTESIAN_POINT('',(125.977924043704,-13.3171422103132,-106.339066187343));
#7970=CARTESIAN_POINT('',(125.918689301122,-13.3171422103157,-106.591631440704));
#7971=CARTESIAN_POINT('',(125.830102701923,-13.3171422103134,-106.947619575813));
#7972=CARTESIAN_POINT('',(125.803696551619,-13.3171422103134,-107.05128011576));
#7973=CARTESIAN_POINT('',(125.776693576212,-13.3171422103141,-107.154890335718));
#7974=CARTESIAN_POINT('',(124.701115536166,-13.3171422103409,-111.281875441252));
#7975=CARTESIAN_POINT('',(123.625537496119,-13.3171422103677,-115.408860546786));
#7976=CARTESIAN_POINT('',(122.549959456073,-13.3171422103945,-119.535845652319));
#7977=CARTESIAN_POINT('',(125.206193008076,-15.7501629323086,-80.8935453770346));
#7978=CARTESIAN_POINT('',(125.973088786236,-15.7501629323148,-85.253093176422));
#7979=CARTESIAN_POINT('',(126.739984564397,-15.7501629323209,-89.6126409758096));
#7980=CARTESIAN_POINT('',(127.506880342557,-15.7501629323271,-93.972188775197));
#7981=CARTESIAN_POINT('',(127.522272022222,-15.7501629323272,-94.0596853622446));
#7982=CARTESIAN_POINT('',(127.537663701886,-15.7501629323273,-94.1471819492922));
#7983=CARTESIAN_POINT('',(127.553055381551,-15.7501629323274,-94.2346785363398));
#7984=CARTESIAN_POINT('',(127.569815852381,-15.7501629323276,-94.3299562465669));
#7985=CARTESIAN_POINT('',(127.586576323212,-15.7501629323277,-94.4252339567939));
#7986=CARTESIAN_POINT('',(127.603336794042,-15.7501629323278,-94.5205116670209));
#7987=CARTESIAN_POINT('',(127.608212020162,-15.7501629323279,-94.5482257083654));
#7988=CARTESIAN_POINT('',(127.613087246282,-15.7501629323279,-94.5759397497096));
#7989=CARTESIAN_POINT('',(127.617962472402,-15.750162932328,-94.6036537910539));
#7990=CARTESIAN_POINT('',(127.679882121524,-15.7501629323285,-94.9556464317185));
#7991=CARTESIAN_POINT('',(127.741801770645,-15.7501629323291,-95.3076390723831));
#7992=CARTESIAN_POINT('',(127.803721419767,-15.7501629323296,-95.6596317130478));
#7993=CARTESIAN_POINT('',(127.937226217555,-15.7501629323308,-96.4185621492056));
#7994=CARTESIAN_POINT('',(128.037964495334,-15.7501629323289,-97.1818243260061));
#7995=CARTESIAN_POINT('',(128.200697233052,-15.7501629323289,-99.0226240795925));
#7996=CARTESIAN_POINT('',(128.230795939009,-15.7501629323294,-100.103401650147));
#7997=CARTESIAN_POINT('',(128.162495984147,-15.7501629323294,-102.262915451271));
#7998=CARTESIAN_POINT('',(128.065059302817,-15.7501629323275,-103.340859777335));
#7999=CARTESIAN_POINT('',(127.826145082017,-15.7501629323303,-104.953338865386));
#8000=CARTESIAN_POINT('',(127.731089638748,-15.750162932331,-105.489888459168));
#8001=CARTESIAN_POINT('',(127.565807361231,-15.7501629323285,-106.292700519103));
#8002=CARTESIAN_POINT('',(127.50693207228,-15.7501629323309,-106.559968940118));
#8003=CARTESIAN_POINT('',(127.418566799414,-15.7501629323287,-106.936573550791));
#8004=CARTESIAN_POINT('',(127.392190902101,-15.7501629323287,-107.046223830127));
#8005=CARTESIAN_POINT('',(127.365184459249,-15.7501629323294,-107.155807303629));
#8006=CARTESIAN_POINT('',(126.289468304542,-15.7501629323562,-111.520718054136));
#8007=CARTESIAN_POINT('',(125.213752149834,-15.750162932383,-115.885628804642));
#8008=CARTESIAN_POINT('',(124.138035995127,-15.7501629324099,-120.250539555149));
#8009=CARTESIAN_POINT('',(140.756364728133,-15.,-107.25));
#8010=CARTESIAN_POINT('',(130.204889166371,-15.9984123785435,-106.245496539128));
#8011=CARTESIAN_POINT('',(130.185526627519,-15.6656082524217,-106.578289543533));
#8012=CARTESIAN_POINT('',(130.166164088666,-15.3328041262999,-106.911082547938));
#8013=CARTESIAN_POINT('',(130.146801549813,-15.0000000001782,-107.243875552342));
#8014=CARTESIAN_POINT('',(130.583151777185,-15.1220529839732,-107.244127438862));
#8015=CARTESIAN_POINT('',(129.935446094164,-14.9444803101479,-107.243753546047));
#8016=CARTESIAN_POINT('',(129.331848048551,-14.7666395386112,-107.243405114687));
#8017=CARTESIAN_POINT('',(127.852239974683,-14.1962003821468,-107.242551000169));
#8018=CARTESIAN_POINT('',(127.00240520992,-13.7764233843914,-107.242060426873));
#8019=CARTESIAN_POINT('',(124.592943692804,-12.2999314249651,-107.240669547694));
#8020=CARTESIAN_POINT('',(123.170532994039,-11.0229720567383,-107.239848450777));
#8021=CARTESIAN_POINT('',(120.869406455395,-8.04559791791151,-107.238520108753));
#8022=CARTESIAN_POINT('',(119.992017214349,-6.34576866638757,-107.238013629435));
#8023=CARTESIAN_POINT('',(118.983911865613,-3.03503918535661,-107.237431693293));
#8024=CARTESIAN_POINT('',(118.755981934268,-1.45631384336009,-107.237300119083));
#8025=CARTESIAN_POINT('',(118.768064588344,0.123140887387215,-107.237307093883));
#8026=CARTESIAN_POINT('',(130.331787603578,-16.0346042103693,-106.245395929321));
#8027=CARTESIAN_POINT('',(129.6672790244,-15.8468537995337,-106.245281722014));
#8028=CARTESIAN_POINT('',(129.019533103103,-15.646667101874,-106.245411768444));
#8029=CARTESIAN_POINT('',(127.460557413664,-15.0186978247722,-106.246328815387));
#8030=CARTESIAN_POINT('',(126.568216034941,-14.5600551817375,-106.247263272266));
#8031=CARTESIAN_POINT('',(124.047843124605,-12.9581494945575,-106.251448649368));
#8032=CARTESIAN_POINT('',(122.574187894021,-11.5859483243635,-106.256259878855));
#8033=CARTESIAN_POINT('',(120.208884882639,-8.42144961754456,-106.268221516226));
#8034=CARTESIAN_POINT('',(119.317821067918,-6.63045698769505,-106.275263829929));
#8035=CARTESIAN_POINT('',(118.297414734045,-3.16385402565122,-106.284393959469));
#8036=CARTESIAN_POINT('',(118.068120031553,-1.51805929138932,-106.286849725184));
#8037=CARTESIAN_POINT('',(118.080465617788,0.128412340068521,-106.286773087657));
#8038=CARTESIAN_POINT('',(173.846391122924,-0.352282159484494,-98.8779905072006));
#8039=CARTESIAN_POINT('',(173.837157923578,-0.633578389601911,-98.8890605502284));
#8040=CARTESIAN_POINT('',(173.816950763524,-0.912183165232342,-98.9132782397817));
#8041=CARTESIAN_POINT('',(173.71573135925,-1.81384919209583,-99.0336367561339));
#8042=CARTESIAN_POINT('',(173.590855460209,-2.42807396207129,-99.1813921281834));
#8043=CARTESIAN_POINT('',(173.075227670969,-4.19511526460865,-99.7670884968231));
#8044=CARTESIAN_POINT('',(172.547782400704,-5.27610267249647,-100.340384136759));
#8045=CARTESIAN_POINT('',(171.805681349691,-6.36234400324024,-101.0453482388));
#8046=CARTESIAN_POINT('',(171.728976694479,-6.47791556934438,-101.117345222173));
#8047=CARTESIAN_POINT('',(171.644370549823,-6.58551656185312,-101.195612015746));
#8048=CARTESIAN_POINT('',(174.509246520152,-0.447642301118672,-97.1124456451893));
#8049=CARTESIAN_POINT('',(174.497005950287,-0.805088103432505,-97.1270027251645));
#8050=CARTESIAN_POINT('',(174.470232419471,-1.15816518426139,-97.1588302920278));
#8051=CARTESIAN_POINT('',(174.337803254498,-2.29054003534184,-97.3151953459504));
#8052=CARTESIAN_POINT('',(174.176298828607,-3.04469789352942,-97.5049498102243));
#8053=CARTESIAN_POINT('',(173.540054792485,-5.14329316535377,-98.226128035181));
#8054=CARTESIAN_POINT('',(172.918393430994,-6.34290677891586,-98.8992117175477));
#8055=CARTESIAN_POINT('',(172.089143622108,-7.50416310479862,-99.6901483451061));
#8056=CARTESIAN_POINT('',(171.992474848187,-7.634058469415,-99.777438745655));
#8057=CARTESIAN_POINT('',(171.910480350612,-7.74074809866566,-99.8574820364576));
#8058=CARTESIAN_POINT('',(174.513277774768,-0.448222248136944,-97.1017082190404));
#8059=CARTESIAN_POINT('',(174.501018915128,-0.806131165506828,-97.1162865059543));
#8060=CARTESIAN_POINT('',(174.474205449943,-1.1596611608407,-97.148160353429));
#8061=CARTESIAN_POINT('',(174.341586478124,-2.29343910227317,-97.3047443865157));
#8062=CARTESIAN_POINT('',(174.179859290348,-3.0484479845456,-97.4947542745744));
#8063=CARTESIAN_POINT('',(173.542881708411,-5.14905965161212,-98.216756452781));
#8064=CARTESIAN_POINT('',(172.920647357617,-6.349394708254,-98.8904470111094));
#8065=CARTESIAN_POINT('',(172.090867540476,-7.5111072490921,-99.6819064934893));
#8066=CARTESIAN_POINT('',(171.99407735177,-7.64108972603964,-99.7692899032508));
#8067=CARTESIAN_POINT('',(171.912098737318,-7.74777381269782,-99.849343998088));
#8068=CARTESIAN_POINT('',(173.840528391336,-0.499856645287925,-98.8850170971855));
#8069=CARTESIAN_POINT('',(174.06249887337,-0.509479269417052,-98.2952571084225));
#8070=CARTESIAN_POINT('',(174.284829500379,-0.509525854876269,-97.7050858379442));
#8071=CARTESIAN_POINT('',(174.507352186673,-0.499902320409622,-97.1146983494603));
#8072=CARTESIAN_POINT('',(171.910501948924,-7.74084186090351,-99.8573734296048));
#8073=CARTESIAN_POINT('',(171.821801048597,-7.35577495582722,-100.303404855596));
#8074=CARTESIAN_POINT('',(171.733100148271,-6.97070805075087,-100.749436281587));
#8075=CARTESIAN_POINT('',(171.644399247945,-6.58564114567455,-101.195467707578));
#8076=CARTESIAN_POINT('',(171.644494687585,-6.5856529237194,-101.195496013973));
#8077=CARTESIAN_POINT('',(170.405032074356,-8.12311113341973,-102.342248711445));
#8078=CARTESIAN_POINT('',(169.0126108878,-9.83249295312354,-103.379339262468));
#8079=CARTESIAN_POINT('',(167.626482775666,-11.5496700807369,-104.219081282834));
#8080=CARTESIAN_POINT('',(171.910228349872,-7.74113750890742,-99.8575917981966));
#8081=CARTESIAN_POINT('',(170.758122850499,-9.23198892032097,-101.00022010959));
#8082=CARTESIAN_POINT('',(169.452009918022,-10.8938697161438,-102.046853791033));
#8083=CARTESIAN_POINT('',(168.140879271384,-12.5673658988394,-102.905259125587));
#8084=CARTESIAN_POINT('',(168.466026724992,-12.1524449142558,-102.688449580991));
#8085=CARTESIAN_POINT('',(168.174346168216,-11.9481564146002,-103.227234339724));
#8086=CARTESIAN_POINT('',(167.901309942506,-11.737858397657,-103.731754784996));
#8087=CARTESIAN_POINT('',(167.651284910485,-11.5189461081773,-104.20403503614));
#8088=CARTESIAN_POINT('',(168.585737261995,-11.0922198887801,-103.609300445514));
#8089=CARTESIAN_POINT('',(168.557341807652,-11.1051700900484,-103.628123604868));
#8090=CARTESIAN_POINT('',(168.528946353309,-11.1181202913166,-103.646946764221));
#8091=CARTESIAN_POINT('',(168.500550898965,-11.1310704925848,-103.665769923575));
#8092=CARTESIAN_POINT('',(168.126896956286,-11.301481351444,-103.913462657106));
#8093=CARTESIAN_POINT('',(167.784182505611,-11.457819571107,-104.12738643178));
#8094=CARTESIAN_POINT('',(167.421688118003,-11.6233934353278,-104.341785358592));
#8095=CARTESIAN_POINT('',(168.448616580538,-12.3066391172915,-102.554525308541));
#8096=CARTESIAN_POINT('',(168.421814634468,-12.3191370617765,-102.572944381476));
#8097=CARTESIAN_POINT('',(168.395012688398,-12.3316350062615,-102.59136345441));
#8098=CARTESIAN_POINT('',(168.368210742328,-12.3441329507465,-102.609782527345));
#8099=CARTESIAN_POINT('',(168.015525671706,-12.5085925919174,-102.852157913885));
#8100=CARTESIAN_POINT('',(167.691778937073,-12.6594794420161,-103.061933174118));
#8101=CARTESIAN_POINT('',(167.349086073795,-12.8192873824582,-103.272591810663));
#8102=CARTESIAN_POINT('',(167.349097756362,-12.8190949483287,-103.272763857131));
#8103=CARTESIAN_POINT('',(167.373294543576,-12.4205277773284,-103.629104357618));
#8104=CARTESIAN_POINT('',(167.397491330789,-12.0219606063281,-103.985444858105));
#8105=CARTESIAN_POINT('',(167.421688118003,-11.6233934353278,-104.341785358592));
#8106=CARTESIAN_POINT('',(167.421162336723,-11.6224533910861,-104.341795301177));
#8107=CARTESIAN_POINT('',(166.450519209371,-12.0676048400876,-104.915022191271));
#8108=CARTESIAN_POINT('',(165.431467007416,-12.5344109077627,-105.4268554901));
#8109=CARTESIAN_POINT('',(164.407184867017,-13.0085981350957,-105.858240618562));
#8110=CARTESIAN_POINT('',(167.348170945004,-12.8192646529605,-103.27303513994));
#8111=CARTESIAN_POINT('',(166.431230650234,-13.2454365805701,-103.834725951889));
#8112=CARTESIAN_POINT('',(165.464857204762,-13.6983811688137,-104.342216936968));
#8113=CARTESIAN_POINT('',(164.49276994634,-14.1563286119277,-104.772363778164));
#8114=CARTESIAN_POINT('',(164.425512233234,-13.0001255514485,-105.850502928469));
#8115=CARTESIAN_POINT('',(164.586890426659,-13.3298572889175,-105.424648640758));
#8116=CARTESIAN_POINT('',(164.747351985861,-13.6503504836033,-105.00273545327));
#8117=CARTESIAN_POINT('',(164.90641431696,-13.9616051355061,-104.584505986708));
#8118=CARTESIAN_POINT('',(154.779499297891,-13.,-82.9670398665566));
#8119=CARTESIAN_POINT('',(161.968822139056,-13.9758967512049,-105.715682761725));
#8120=CARTESIAN_POINT('',(161.815665606459,-13.6606317204933,-106.094719536131));
#8121=CARTESIAN_POINT('',(161.661823706543,-13.3353178588774,-106.480043763318));
#8122=CARTESIAN_POINT('',(161.507493706017,-12.9999551663572,-106.871872035283));
#8123=CARTESIAN_POINT('',(160.174579641094,-14.7674629434635,-106.201692554719));
#8124=CARTESIAN_POINT('',(160.784848894285,-14.4962214154888,-106.061689372723));
#8125=CARTESIAN_POINT('',(161.381988392825,-14.2329047967477,-105.899727791035));
#8126=CARTESIAN_POINT('',(161.979448875496,-13.9712425030217,-105.712352682104));
#8127=CARTESIAN_POINT('',(159.920448587531,-13.6946633518464,-107.262635771576));
#8128=CARTESIAN_POINT('',(160.558794001242,-13.4131406244281,-107.12764191108));
#8129=CARTESIAN_POINT('',(161.184322871139,-13.1398352020178,-106.969344677436));
#8130=CARTESIAN_POINT('',(161.811037328683,-12.8682528427667,-106.784306095651));
#8131=CARTESIAN_POINT('',(159.918122469481,-13.6848437786016,-107.272346820786));
#8132=CARTESIAN_POINT('',(160.556724870533,-13.4032269450783,-107.137398811724));
#8133=CARTESIAN_POINT('',(161.18251359466,-13.1298300929266,-106.979135118673));
#8134=CARTESIAN_POINT('',(161.809495820341,-12.8581569331096,-106.794117923639));
#8135=CARTESIAN_POINT('',(160.185432811405,-14.7626391444141,-106.199200238787));
#8136=CARTESIAN_POINT('',(160.1961710413,-14.3613941576442,-106.532020107873));
#8137=CARTESIAN_POINT('',(160.210999751689,-13.9587283131677,-106.865085357694));
#8138=CARTESIAN_POINT('',(160.229998210926,-13.5546372863999,-107.19828359008));
#8139=CARTESIAN_POINT('',(157.519040503218,-16.0051063148632,-106.203378733137));
#8140=CARTESIAN_POINT('',(158.580779841417,-15.5103642178027,-106.201714801587));
#8141=CARTESIAN_POINT('',(159.642519179621,-15.0156221207521,-106.200050869909));
#8142=CARTESIAN_POINT('',(160.70425851782,-14.5208800236931,-106.19838693834));
#8143=CARTESIAN_POINT('',(157.061959051303,-15.0208352395631,-107.2004014562));
#8144=CARTESIAN_POINT('',(158.123698389498,-14.5260931424928,-107.198737524608));
#8145=CARTESIAN_POINT('',(159.185437727742,-14.03135104553,-107.197073593016));
#8146=CARTESIAN_POINT('',(160.247177065913,-13.5366089484091,-107.195409661424));
#8147=CARTESIAN_POINT('',(157.106672433702,-14.9999999958439,-107.200331386651));
#8148=CARTESIAN_POINT('',(157.250440833321,-15.3321398213444,-106.867965843272));
#8149=CARTESIAN_POINT('',(157.394209232941,-15.6642796468448,-106.535600299892));
#8150=CARTESIAN_POINT('',(157.537977632561,-15.9964194723453,-106.203234756513));
#8151=CARTESIAN_POINT('',(143.220313937757,-16.,-106.222092512362));
#8152=CARTESIAN_POINT('',(154.978409937726,0.,-44.4604516638662));
#8153=CARTESIAN_POINT('',(157.855116104209,0.,-48.7824406827953));
#8154=CARTESIAN_POINT('',(160.345294540933,0.,-53.3646575817378));
#8155=CARTESIAN_POINT('',(162.404806177283,0.,-58.1280615761511));
#8156=CARTESIAN_POINT('',(155.381764888846,-0.49975977622522,-44.1920327712725));
#8157=CARTESIAN_POINT('',(158.274012830426,-0.499740757087778,-48.5384761544329));
#8158=CARTESIAN_POINT('',(160.777499262844,-0.499723297127461,-53.1463111330406));
#8159=CARTESIAN_POINT('',(162.848087905819,-0.499708280843878,-57.9364483023599));
#8160=CARTESIAN_POINT('',(155.341705534517,-0.386136769595066,-44.3307568078092));
#8161=CARTESIAN_POINT('',(155.374122330342,-0.423986330157983,-44.3132436931341));
#8162=CARTESIAN_POINT('',(155.406541224823,-0.461835887956063,-44.2957342465183));
#8163=CARTESIAN_POINT('',(155.438962217322,-0.499685442989744,-44.2782284682661));
#8164=CARTESIAN_POINT('',(162.848087905819,-0.499708280843878,-57.9364483023599));
#8165=CARTESIAN_POINT('',(162.700185303709,-0.333141822622721,-57.9999836000748));
#8166=CARTESIAN_POINT('',(162.55228347335,-0.166575363352505,-58.0635207663185));
#8167=CARTESIAN_POINT('',(162.404382414775,-8.90303319458958E-6,-58.1270598010747));
#8168=CARTESIAN_POINT('',(162.404390870693,0.,-58.1270561449365));
#8169=CARTESIAN_POINT('',(164.885475003606,0.,-63.902525077948));
#8170=CARTESIAN_POINT('',(167.366559136163,0.,-69.6779940111118));
#8171=CARTESIAN_POINT('',(169.847643268214,0.,-75.4534629444941));
#8172=CARTESIAN_POINT('',(162.848087923488,-0.499707717607004,-57.9364482947228));
#8173=CARTESIAN_POINT('',(165.329172055994,-0.499707717616513,-63.7119172279091));
#8174=CARTESIAN_POINT('',(167.810256188501,-0.499707717609437,-69.4873861610948));
#8175=CARTESIAN_POINT('',(170.291340321008,-0.499707717607003,-75.2628550942806));
#8176=CARTESIAN_POINT('',(170.291340321008,-0.499707717607003,-75.2628550942806));
#8177=CARTESIAN_POINT('',(170.14344130341,-0.333138478404669,-75.3263910443518));
#8178=CARTESIAN_POINT('',(169.995542285812,-0.166569239202334,-75.3899269944229));
#8179=CARTESIAN_POINT('',(169.847643268214,0.,-75.4534629444941));
#8180=CARTESIAN_POINT('',(169.847643268214,0.,-75.4534629444943));
#8181=CARTESIAN_POINT('',(172.774187743283,0.,-82.2632133996755));
#8182=CARTESIAN_POINT('',(174.208071245064,0.,-89.6943345149518));
#8183=CARTESIAN_POINT('',(174.026052946774,0.,-97.1039803572237));
#8184=CARTESIAN_POINT('',(170.291340321008,-0.499707717607003,-75.2628550942806));
#8185=CARTESIAN_POINT('',(173.244272707334,-0.499671827449701,-82.1366895275259));
#8186=CARTESIAN_POINT('',(174.690970202066,-0.499652023722326,-89.6371231199036));
#8187=CARTESIAN_POINT('',(174.507326329391,-0.499654607072042,-97.1157983408822));
#8188=CARTESIAN_POINT('',(170.294116751421,-0.502834634263041,-75.2616623673312));
#8189=CARTESIAN_POINT('',(173.24721425987,-0.502798519523395,-82.1358978055066));
#8190=CARTESIAN_POINT('',(174.693991938051,-0.50277859187437,-89.6367651201014));
#8191=CARTESIAN_POINT('',(174.510337893357,-0.502781191389374,-97.1158722918112));
#8192=CARTESIAN_POINT('',(174.507476512593,-0.499782496031014,-97.1147013997491));
#8193=CARTESIAN_POINT('',(174.351374190016,-0.336335845138405,-97.0565663766442));
#8194=CARTESIAN_POINT('',(174.195174441973,-0.172889213806362,-96.9989218137008));
#8195=CARTESIAN_POINT('',(174.038879554014,-0.00944259856626365,-96.9417679984216));
#8196=CARTESIAN_POINT('',(174.048677628353,0.,-96.9419774655192));
#8197=CARTESIAN_POINT('',(173.825650085112,0.,-97.5359004091868));
#8198=CARTESIAN_POINT('',(173.602910061588,0.,-98.1291958203562));
#8199=CARTESIAN_POINT('',(173.380005708891,0.,-98.7231681330607));
#8200=CARTESIAN_POINT('',(174.507352186673,-0.499902320409623,-97.1146983494603));
#8201=CARTESIAN_POINT('',(174.283770120934,-0.499890795335355,-97.7084396190893));
#8202=CARTESIAN_POINT('',(174.06038405625,-0.499876511795162,-98.301525070189));
#8203=CARTESIAN_POINT('',(173.836676911529,-0.499856298114953,-98.8952388920154));
#8204=CARTESIAN_POINT('',(173.425552005783,0.,-98.6018043978511));
#8205=CARTESIAN_POINT('',(173.563745079895,-0.166640856335055,-98.6963505296412));
#8206=CARTESIAN_POINT('',(173.702141280286,-0.333281712670111,-98.7906287849188));
#8207=CARTESIAN_POINT('',(173.840739807118,-0.499922569005166,-98.884638538096));
#8208=CARTESIAN_POINT('',(154.779499297891,-0.500000000574867,-82.9670398665566));
#8209=CARTESIAN_POINT('',(147.279464437567,-76.3985337744449,-58.4999999957644));
#8210=CARTESIAN_POINT('',(147.279464437567,-11.9999999999998,-58.4999999957644));
#8211=CARTESIAN_POINT('',(147.279464437567,-11.9999999999998,-56.7499999957644));
#8212=CARTESIAN_POINT('',(147.279464437567,-12.526428478989,-58.4999999957644));
#8213=CARTESIAN_POINT('',(147.279464437567,-11.9999999999998,-58.4999999957644));
#8214=CARTESIAN_POINT('',(151.529464432097,-11.9999999999998,-58.4999999957644));
#8215=CARTESIAN_POINT('',(147.27946442872,-11.9999999999998,-58.4999999999988));
#8216=CARTESIAN_POINT('',(153.932468686849,-4.59474033973009,-43.4832047636795));
#8217=CARTESIAN_POINT('',(154.740845466708,-3.4058982678918,-44.0059673293214));
#8218=CARTESIAN_POINT('',(155.299773988989,-1.93073658051618,-44.3317021163392));
#8219=CARTESIAN_POINT('',(155.342519890282,-0.358176636421493,-44.3307749023188));
#8220=CARTESIAN_POINT('',(154.044069711025,-4.6445139201946,-43.4248990699969));
#8221=CARTESIAN_POINT('',(154.847079687706,-3.43782837037552,-43.9512215922056));
#8222=CARTESIAN_POINT('',(155.400903329897,-1.9472913990384,-44.2800778490824));
#8223=CARTESIAN_POINT('',(155.443981366426,-0.360814553808821,-44.2790081605548));
#8224=CARTESIAN_POINT('',(154.427069514439,-3.85210554291167,-43.7565523537527));
#8225=CARTESIAN_POINT('',(154.45335650814,-3.85648143458766,-43.7455614067708));
#8226=CARTESIAN_POINT('',(154.479629116588,-3.86081758105729,-43.7345751840414));
#8227=CARTESIAN_POINT('',(154.505887358957,-3.86511403831529,-43.7235936587351));
#8228=CARTESIAN_POINT('',(153.359219548402,-5.18519673288495,-42.7383034979048));
#8229=CARTESIAN_POINT('',(153.027720969574,-5.51954915143099,-42.4633257564412));
#8230=CARTESIAN_POINT('',(152.685301218696,-5.84080242314654,-42.1916561656693));
#8231=CARTESIAN_POINT('',(152.33034006447,-6.14627901651789,-41.9150732663537));
#8232=CARTESIAN_POINT('',(152.21943884786,-6.24171967374873,-41.8286599231965));
#8233=CARTESIAN_POINT('',(152.10853763125,-6.33716033097956,-41.7422465800393));
#8234=CARTESIAN_POINT('',(151.997636414639,-6.43260098821039,-41.6558332368822));
#8235=CARTESIAN_POINT('',(153.358783264552,-5.18496987135069,-42.7385618971135));
#8236=CARTESIAN_POINT('',(153.027259429982,-5.51929129479424,-42.4635984317119));
#8237=CARTESIAN_POINT('',(152.684809901387,-5.84050658235681,-42.191946729949));
#8238=CARTESIAN_POINT('',(152.329827697689,-6.14594635039054,-41.9153734932825));
#8239=CARTESIAN_POINT('',(152.218919904551,-6.24137550220818,-41.8289631690459));
#8240=CARTESIAN_POINT('',(152.108012111413,-6.33680465402583,-41.7425528448093));
#8241=CARTESIAN_POINT('',(151.997104318275,-6.43223380584348,-41.6561425205727));
#8242=CARTESIAN_POINT('',(153.271526494396,-5.13959756449865,-42.7902417388421));
#8243=CARTESIAN_POINT('',(152.934951511752,-5.46771996744398,-42.51813348585));
#8244=CARTESIAN_POINT('',(152.586546439581,-5.78133842441041,-42.2500595858811));
#8245=CARTESIAN_POINT('',(152.227354341575,-6.07941312491987,-41.9754188790363));
#8246=CARTESIAN_POINT('',(152.115131242818,-6.17254119410036,-41.8896123389203));
#8247=CARTESIAN_POINT('',(152.002908144061,-6.26566926328085,-41.8038057988043));
#8248=CARTESIAN_POINT('',(151.890685045305,-6.35879733246133,-41.7179992586884));
#8249=CARTESIAN_POINT('',(153.271090210545,-5.13937070296439,-42.7905001380507));
#8250=CARTESIAN_POINT('',(152.93448997216,-5.46746211080722,-42.5184061611207));
#8251=CARTESIAN_POINT('',(152.586055122272,-5.78104258362067,-42.2503501501607));
#8252=CARTESIAN_POINT('',(152.226841974794,-6.07908045879252,-41.975719105965));
#8253=CARTESIAN_POINT('',(152.114612299509,-6.17219702255982,-41.8899155847697));
#8254=CARTESIAN_POINT('',(152.002382624225,-6.26531358632712,-41.8041120635743));
#8255=CARTESIAN_POINT('',(151.89015294894,-6.35843015009442,-41.7183085423789));
#8256=CARTESIAN_POINT('',(151.966009942075,-6.29628914764767,-41.7755931840751));
#8257=CARTESIAN_POINT('',(151.975250501203,-6.3405238318202,-41.7363946466495));
#8258=CARTESIAN_POINT('',(151.984778398198,-6.38526120386086,-41.6970642082884));
#8259=CARTESIAN_POINT('',(151.994593633061,-6.43050126376965,-41.6576018689918));
#8260=CARTESIAN_POINT('',(153.35879468009,-5.18497580727173,-42.7385551359968));
#8261=CARTESIAN_POINT('',(153.329698259922,-5.16984607347832,-42.7557881642928));
#8262=CARTESIAN_POINT('',(153.300601839755,-5.15471633968488,-42.7730211925891));
#8263=CARTESIAN_POINT('',(153.271505419587,-5.13958660589146,-42.7902542208851));
#8264=CARTESIAN_POINT('',(154.513600955688,-3.85669743808165,-43.7285471935882));
#8265=CARTESIAN_POINT('',(154.19287408453,-4.29838960881,-43.4494559436682));
#8266=CARTESIAN_POINT('',(153.848188827454,-4.68104784087086,-43.1474891871752));
#8267=CARTESIAN_POINT('',(153.447616127815,-5.09486351539829,-42.812402105481));
#8268=CARTESIAN_POINT('',(153.403330754233,-5.1401262878448,-42.7755654903769));
#8269=CARTESIAN_POINT('',(153.358833077821,-5.18512239190418,-42.738749161979));
#8270=CARTESIAN_POINT('',(154.442942836324,-3.83087983641435,-43.7700239761774));
#8271=CARTESIAN_POINT('',(154.11753670394,-4.26748699985523,-43.4938957557971));
#8272=CARTESIAN_POINT('',(153.768314632103,-4.64473258337081,-43.1948366206099));
#8273=CARTESIAN_POINT('',(153.36169779945,-5.05115786187027,-42.8633016942259));
#8274=CARTESIAN_POINT('',(153.3167329298,-5.09558764350079,-42.8268636872844));
#8275=CARTESIAN_POINT('',(153.27154579429,-5.13973293492784,-42.7904503391506));
#8276=CARTESIAN_POINT('',(153.672899345578,-6.45332626640101,-44.2728284052498));
#8277=CARTESIAN_POINT('',(153.341548141107,-6.45332626636796,-43.7536512670939));
#8278=CARTESIAN_POINT('',(153.010644672294,-6.45332626718138,-43.2351756636157));
#8279=CARTESIAN_POINT('',(152.433391725514,-6.45332626718312,-42.330707749088));
#8280=CARTESIAN_POINT('',(152.181032226659,-6.45323507549098,-41.9509313435889));
#8281=CARTESIAN_POINT('',(151.7161077144,-6.44972492370749,-41.155105438588));
#8282=CARTESIAN_POINT('',(151.505501641716,-6.44812246976044,-40.7445160480012));
#8283=CARTESIAN_POINT('',(150.566909222134,-6.44092681111817,-38.6397412986772));
#8284=CARTESIAN_POINT('',(150.189645584441,-6.43789005153461,-36.7880751495976));
#8285=CARTESIAN_POINT('',(150.255560966523,-6.43845944184097,-33.0975577918783));
#8286=CARTESIAN_POINT('',(150.698762074358,-6.44204802464376,-31.2588900745824));
#8287=CARTESIAN_POINT('',(151.709701096989,-6.44981870666002,-29.191244091752));
#8288=CARTESIAN_POINT('',(151.941975777986,-6.45132926503439,-28.7925860377679));
#8289=CARTESIAN_POINT('',(152.399614628818,-6.45132926503453,-28.0011202715914));
#8290=CARTESIAN_POINT('',(152.624151276361,-6.45132926504253,-27.6127942597958));
#8291=CARTESIAN_POINT('',(153.159532235152,-6.4513292650235,-26.6868770218536));
#8292=CARTESIAN_POINT('',(153.468056923875,-6.45132926501599,-26.1532974782965));
#8293=CARTESIAN_POINT('',(153.776581612599,-6.4513292650201,-25.6197179347258));
#8294=CARTESIAN_POINT('',(153.4292352902,-6.00000000000009,-44.4283406039101));
#8295=CARTESIAN_POINT('',(153.097884085679,-6.00000000000009,-43.909163465759));
#8296=CARTESIAN_POINT('',(152.766980617347,-6.00000000000009,-43.3906878618997));
#8297=CARTESIAN_POINT('',(152.189727670717,-6.00000000000009,-42.4862199474242));
#8298=CARTESIAN_POINT('',(151.937194683977,-6.00000000000009,-42.1060846242939));
#8299=CARTESIAN_POINT('',(151.468062248831,-6.00000000000009,-41.2885091321857));
#8300=CARTESIAN_POINT('',(151.255702321917,-6.00000000000009,-40.8673763373235));
#8301=CARTESIAN_POINT('',(150.309659775535,-6.00000000000009,-38.710960710479));
#8302=CARTESIAN_POINT('',(149.930361809497,-6.00000000000009,-36.8213977714997));
#8303=CARTESIAN_POINT('',(149.996603971407,-6.00000000000009,-33.0549350504247));
#8304=CARTESIAN_POINT('',(150.442142000302,-6.00000000000009,-31.1781730581285));
#8305=CARTESIAN_POINT('',(151.461358405262,-6.00000000000009,-29.0579866250146));
#8306=CARTESIAN_POINT('',(151.695405916319,-6.00000000000009,-28.6500151863595));
#8307=CARTESIAN_POINT('',(152.153044767142,-6.00000000000009,-27.858549420181));
#8308=CARTESIAN_POINT('',(152.377581414709,-6.00000000000009,-27.470223408379));
#8309=CARTESIAN_POINT('',(152.912962373456,-6.00000000000009,-26.5443061704543));
#8310=CARTESIAN_POINT('',(153.221487062165,-6.00000000000009,-26.010726626868));
#8311=CARTESIAN_POINT('',(153.530011750899,-6.00000000000009,-25.4771470832949));
#8312=CARTESIAN_POINT('',(153.470684502637,-6.00018407280423,-25.57998295049));
#8313=CARTESIAN_POINT('',(153.440746352696,-6.15052457558534,-25.8212977372464));
#8314=CARTESIAN_POINT('',(153.41080820276,-6.30086507836563,-26.0626125240014));
#8315=CARTESIAN_POINT('',(153.380870052821,-6.45120558114868,-26.3039273107515));
#8316=CARTESIAN_POINT('',(112.963587489721,-12.3116515749497,-9.49999999999999));
#8317=CARTESIAN_POINT('',(153.058243389909,-7.3335367646606,-24.8925810952488));
#8318=CARTESIAN_POINT('',(153.208553189299,-6.90904200465642,-25.1430974276865));
#8319=CARTESIAN_POINT('',(153.348347021459,-6.45763922058121,-25.3760871480644));
#8320=CARTESIAN_POINT('',(153.472914976592,-5.99185143533904,-25.5837004067178));
#8321=CARTESIAN_POINT('',(152.96458033818,-7.74074495600593,-25.6217467245651));
#8322=CARTESIAN_POINT('',(153.127644673798,-7.2951812560145,-25.8891062861126));
#8323=CARTESIAN_POINT('',(153.279473412517,-6.82037453330238,-26.1379562949084));
#8324=CARTESIAN_POINT('',(153.414811920074,-6.32973785779836,-26.3597510669502));
#8325=CARTESIAN_POINT('',(153.058243389909,-7.3335367646606,-24.8925810952488));
#8326=CARTESIAN_POINT('',(153.027022372666,-7.46927282844238,-25.1356363050209));
#8327=CARTESIAN_POINT('',(152.995801355423,-7.60500889222416,-25.378691514793));
#8328=CARTESIAN_POINT('',(152.96458033818,-7.74074495600593,-25.6217467245651));
#8329=CARTESIAN_POINT('',(152.96244697539,-7.75001993464363,-25.6383549259191));
#8330=CARTESIAN_POINT('',(152.4059003016,-9.28297039217999,-24.7107771358292));
#8331=CARTESIAN_POINT('',(151.849353627798,-10.8159208497196,-23.783199345752));
#8332=CARTESIAN_POINT('',(151.29280695402,-12.3488713072507,-22.8556215556459));
#8333=CARTESIAN_POINT('',(152.964580338182,-7.74074495600593,-25.6217467245623));
#8334=CARTESIAN_POINT('',(152.408033664391,-9.27369541354184,-24.6941689344719));
#8335=CARTESIAN_POINT('',(151.85148699059,-10.8066458710819,-23.766591144395));
#8336=CARTESIAN_POINT('',(151.294940316812,-12.339596328613,-22.8390133542891));
#8337=CARTESIAN_POINT('',(153.058243389892,-7.33353676469074,-24.8925810952213));
#8338=CARTESIAN_POINT('',(152.501696716089,-8.86648722220698,-23.9650033051059));
#8339=CARTESIAN_POINT('',(151.945150042318,-10.399437679766,-23.0374255150427));
#8340=CARTESIAN_POINT('',(151.388603368526,-11.9323881372979,-22.1098477249463));
#8341=CARTESIAN_POINT('',(151.398561460101,-11.9049596003026,-22.1264445442847));
#8342=CARTESIAN_POINT('',(151.369008073031,-12.0369318757625,-22.3772003377064));
#8343=CARTESIAN_POINT('',(151.339454685961,-12.1689041512223,-22.6279561311281));
#8344=CARTESIAN_POINT('',(151.309901298891,-12.3008764266822,-22.8787119245499));
#8345=CARTESIAN_POINT('',(149.70576576551,-13.5105446392835,-19.3051183852451));
#8346=CARTESIAN_POINT('',(150.330810255973,-12.9177016365189,-20.3468592031819));
#8347=CARTESIAN_POINT('',(150.955854746526,-12.3248586341092,-21.3886000212674));
#8348=CARTESIAN_POINT('',(151.580899236907,-11.7320156310176,-22.4303408390672));
#8349=CARTESIAN_POINT('',(149.428618307335,-14.0660365521481,-19.7875310705928));
#8350=CARTESIAN_POINT('',(150.053662797754,-13.473193549388,-20.8292718885599));
#8351=CARTESIAN_POINT('',(150.678707287524,-12.8803505468013,-21.8710127070141));
#8352=CARTESIAN_POINT('',(151.303751778622,-12.2875075438551,-22.9127535244662));
#8353=CARTESIAN_POINT('',(149.513179102024,-13.9858033823925,-19.928372663975));
#8354=CARTESIAN_POINT('',(149.581080455081,-13.8238689195149,-19.7267975646264));
#8355=CARTESIAN_POINT('',(149.648981808137,-13.6619344566373,-19.5252224652779));
#8356=CARTESIAN_POINT('',(149.716883161193,-13.4999999937597,-19.3236473659294));
#8357=CARTESIAN_POINT('',(148.499688802909,-13.5,-17.2949901132808));
#8358=CARTESIAN_POINT('',(148.22356084322,-14.,-17.8066021630629));
#8359=CARTESIAN_POINT('',(147.79481438031,-13.5,-18.0638500406861));
#8360=CARTESIAN_POINT('',(147.838392251684,-14.,-17.5657526916403));
#8361=CARTESIAN_POINT('',(129.963587490289,-13.5,-15.4999999935073));
#8362=CARTESIAN_POINT('',(130.832853876167,-14.,-16.0779608666275));
#8363=CARTESIAN_POINT('',(130.963587490289,-13.5,-14.5836688194899));
#8364=CARTESIAN_POINT('',(99.6536559896736,-11.9999999999999,-17.2500000000001));
#8365=CARTESIAN_POINT('',(104.974221277921,-11.9999999999999,-38.0281270498634));
#8366=CARTESIAN_POINT('',(105.820436242461,-11.9999999999999,-41.3328063634599));
#8367=CARTESIAN_POINT('',(94.2741898053863,-8.36432626448062,-17.25));
#8368=CARTESIAN_POINT('',(99.5947550936333,-8.36432626448062,-38.0281270498634));
#8369=CARTESIAN_POINT('',(100.440970058173,-8.36432626448062,-41.3328063634599));
#8370=CARTESIAN_POINT('',(91.9437366614811,-2.30414738237672,-17.25));
#8371=CARTESIAN_POINT('',(97.2643019497281,-2.30414738237672,-38.0281270498634));
#8372=CARTESIAN_POINT('',(98.1105169142681,-2.30414738237672,-41.3328063634598));
#8373=CARTESIAN_POINT('',(93.501163775015,3.99912166828777,-17.25));
#8374=CARTESIAN_POINT('',(98.821729063262,3.99912166828777,-38.0281270498634));
#8375=CARTESIAN_POINT('',(99.6679440278021,3.99912166828777,-41.3328063634599));
#8376=CARTESIAN_POINT('',(1.96023752791842E-13,-3.92047505570758E-13,-9.36750674442536E-14));
#8377=MECHANICAL_DESIGN_GEOMETRIC_PRESENTATION_REPRESENTATION('',(#3077),
#8378);
#8378=(
GEOMETRIC_REPRESENTATION_CONTEXT(3)
GLOBAL_UNCERTAINTY_ASSIGNED_CONTEXT((#8380))
GLOBAL_UNIT_ASSIGNED_CONTEXT((#8384,#8383,#8382))
REPRESENTATION_CONTEXT('CZ82_baseBody','TOP_LEVEL_ASSEMBLY_PART')
);
#8379=(
GEOMETRIC_REPRESENTATION_CONTEXT(3)
GLOBAL_UNCERTAINTY_ASSIGNED_CONTEXT((#8381))
GLOBAL_UNIT_ASSIGNED_CONTEXT((#8384,#8383,#8382))
REPRESENTATION_CONTEXT('CZ82_standardGripLeft_Slim_bebop',
'COMPONENT_PART')
);
#8380=UNCERTAINTY_MEASURE_WITH_UNIT(LENGTH_MEASURE(0.005),#8384,
'DISTANCE_ACCURACY_VALUE','Maximum Tolerance applied to model');
#8381=UNCERTAINTY_MEASURE_WITH_UNIT(LENGTH_MEASURE(0.005),#8384,
'DISTANCE_ACCURACY_VALUE','Maximum Tolerance applied to model');
#8382=(
NAMED_UNIT(*)
SI_UNIT($,.STERADIAN.)
SOLID_ANGLE_UNIT()
);
#8383=(
NAMED_UNIT(*)
PLANE_ANGLE_UNIT()
SI_UNIT($,.RADIAN.)
);
#8384=(
LENGTH_UNIT()
NAMED_UNIT(*)
SI_UNIT(.MILLI.,.METRE.)
);
#8385=PRODUCT_DEFINITION_SHAPE('','',#8388);
#8386=PRODUCT_DEFINITION_SHAPE('','',#8389);
#8387=PRODUCT_DEFINITION_SHAPE(' ','NAUO PRDDFN',#19);
#8388=PRODUCT_DEFINITION('','',#8392,#8390);
#8389=PRODUCT_DEFINITION('','',#8393,#8391);
#8390=PRODUCT_DEFINITION_CONTEXT('',#8403,'design');
#8391=PRODUCT_DEFINITION_CONTEXT('',#8403,'design');
#8392=PRODUCT_DEFINITION_FORMATION_WITH_SPECIFIED_SOURCE('','',#8396,
 .NOT_KNOWN.);
#8393=PRODUCT_DEFINITION_FORMATION_WITH_SPECIFIED_SOURCE('','',#8397,
 .NOT_KNOWN.);
#8394=PRODUCT_RELATED_PRODUCT_CATEGORY('','',(#8396));
#8395=PRODUCT_RELATED_PRODUCT_CATEGORY('','',(#8397));
#8396=PRODUCT('CZ82_baseBody','CZ82_baseBody','CZ82_baseBody',(#8400));
#8397=PRODUCT('CZ82_standardGripLeft_Slim_bebop',
'CZ82_standardGripLeft_Slim_bebop','CZ82_standardGripLeft_Slim_bebop',(#8401));
#8398=PRODUCT_CATEGORY('','');
#8399=PRODUCT_CATEGORY('','');
#8400=PRODUCT_CONTEXT('',#8403,'mechanical');
#8401=PRODUCT_CONTEXT('',#8403,'mechanical');
#8402=APPLICATION_PROTOCOL_DEFINITION('international standard',
'automotive_design',2010,#8403);
#8403=APPLICATION_CONTEXT(
'core data for automotive mechanical design processes');
ENDSEC;
END-ISO-10303-21;
