ISO-10303-21;
HEADER;
/* Generated by software containing ST-Developer
 * from STEP Tools, Inc. (www.steptools.com) 
 */
/* OPTION: strings as raw bytes, not using required /X/ escapes */

FILE_DESCRIPTION(
/* description */ ('Unknown'),
/* implementation_level */ '2;1');

FILE_NAME(
/* name */ 'CZ82_standardGripRight_Slim_bebop',
/* time_stamp */ '2026-03-04T18:11:09-05:00',
/* author */ ('Unknown'),
/* organization */ ('Unknown'),
/* preprocessor_version */ 'ST-DEVELOPER v18.1',
/* originating_system */ 'Solid Edge',
/* authorisation */ 'Unknown');

FILE_SCHEMA (('FEATURE_BASED_PROCESS_PLANNING','AP242_MANAGED_MODEL_BASED_3D_ENGINEERING_MIM_LF { 1 0 10303 442 1 1 4 }',
'AUTOMOTIVE_DESIGN {1 0 10303 214 3 1 1}'));
ENDSEC;

DATA;
#10=PROPERTY_DEFINITION_REPRESENTATION(#14,#12);
#11=PROPERTY_DEFINITION_REPRESENTATION(#15,#13);
#12=REPRESENTATION('',(#16),#8640);
#13=REPRESENTATION('',(#17),#8640);
#14=PROPERTY_DEFINITION('pmi validation property','',#8647);
#15=PROPERTY_DEFINITION('pmi validation property','',#8647);
#16=VALUE_REPRESENTATION_ITEM('number of annotations',COUNT_MEASURE(0.));
#17=VALUE_REPRESENTATION_ITEM('number of views',COUNT_MEASURE(0.));
#18=CONTEXT_DEPENDENT_SHAPE_REPRESENTATION(#20,#8649);
#19=NEXT_ASSEMBLY_USAGE_OCCURRENCE('CZ82_standardGripRight_Slim_bebop',
'CZ82_standardGripRight_Slim_bebop','CZ82_standardGripRight_Slim_bebop',
#8650,#8651,'');
#20=(
REPRESENTATION_RELATIONSHIP(' ',' ',#3254,#3255)
REPRESENTATION_RELATIONSHIP_WITH_TRANSFORMATION(#21)
SHAPE_REPRESENTATION_RELATIONSHIP()
);
#21=ITEM_DEFINED_TRANSFORMATION(' ',' ',#3256,#3426);
#22=SHAPE_REPRESENTATION_RELATIONSHIP('','',#3254,#23);
#23=ADVANCED_BREP_SHAPE_REPRESENTATION('',(#3251),#8641);
#24=CONICAL_SURFACE('',#3325,5.,0.785398163397455);
#25=CONICAL_SURFACE('',#3412,0.499999999999995,0.785398163397452);
#26=CONICAL_SURFACE('',#3414,1.5,0.785398163397447);
#27=CONICAL_SURFACE('',#3416,23.8335394781464,0.785398163397464);
#28=CONICAL_SURFACE('',#3418,24.3335394781464,0.785398163397473);
#29=(
BOUNDED_SURFACE()
B_SPLINE_SURFACE(3,3,((#4269,#4270,#4271,#4272,#4273,#4274,#4275,#4276,
#4277,#4278,#4279),(#4280,#4281,#4282,#4283,#4284,#4285,#4286,#4287,#4288,
#4289,#4290),(#4291,#4292,#4293,#4294,#4295,#4296,#4297,#4298,#4299,#4300,
#4301),(#4302,#4303,#4304,#4305,#4306,#4307,#4308,#4309,#4310,#4311,#4312),
(#4313,#4314,#4315,#4316,#4317,#4318,#4319,#4320,#4321,#4322,#4323),(#4324,
#4325,#4326,#4327,#4328,#4329,#4330,#4331,#4332,#4333,#4334),(#4335,#4336,
#4337,#4338,#4339,#4340,#4341,#4342,#4343,#4344,#4345),(#4346,#4347,#4348,
#4349,#4350,#4351,#4352,#4353,#4354,#4355,#4356),(#4357,#4358,#4359,#4360,
#4361,#4362,#4363,#4364,#4365,#4366,#4367),(#4368,#4369,#4370,#4371,#4372,
#4373,#4374,#4375,#4376,#4377,#4378)),.UNSPECIFIED.,.F.,.F.,.F.)
B_SPLINE_SURFACE_WITH_KNOTS((4,3,3,4),(4,2,2,3,4),(0.50176137451042,1.,
1.01,1.02906781444177),(0.53911703521543,0.625,0.75,1.,1.01463830527613),
 .UNSPECIFIED.)
GEOMETRIC_REPRESENTATION_ITEM()
RATIONAL_B_SPLINE_SURFACE(((0.961538938836949,0.961538938836949,0.961538938836948,
0.961538938836949,0.961538938836949,0.961538938836949,0.961538938836949,
0.961538938836949,0.961538938836948,0.961538938836948,0.961538938836948),
(0.961628947535927,0.961628947535927,0.961628947535927,0.961628947535927,
0.961628947535927,0.961628947535927,0.961628947535927,0.961628947535927,
0.961628947535927,0.961628947535927,0.961628947535927),(0.974449301256945,
0.974449301256945,0.974449301256945,0.974449301256945,0.974449301256945,
0.974449301256945,0.974449301256945,0.974449301256945,0.974449301256945,
0.974449301256945,0.974449301256945),(1.,1.,1.,1.,1.,1.,1.,1.,1.,1.,1.),
(1.,1.,1.,1.,1.,1.,1.,1.,1.,1.,1.),(1.,1.,1.,1.,1.,1.,1.,1.,1.,1.,1.),(1.,
1.,1.,1.,1.,1.,1.,1.,1.,1.,1.),(1.,1.,1.,1.,1.,1.,1.,1.,1.,1.,1.),(1.,1.,
1.,1.,1.,1.,1.,1.,1.,1.,1.),(1.,1.,1.,1.,1.,1.,1.,1.,1.,1.,1.)))
REPRESENTATION_ITEM('')
SURFACE()
);
#30=(
BOUNDED_SURFACE()
B_SPLINE_SURFACE(3,3,((#4447,#4448,#4449,#4450,#4451,#4452,#4453,#4454,
#4455,#4456,#4457,#4458,#4459,#4460,#4461,#4462,#4463,#4464,#4465,#4466,
#4467,#4468,#4469,#4470,#4471,#4472,#4473,#4474,#4475,#4476,#4477,#4478),
(#4479,#4480,#4481,#4482,#4483,#4484,#4485,#4486,#4487,#4488,#4489,#4490,
#4491,#4492,#4493,#4494,#4495,#4496,#4497,#4498,#4499,#4500,#4501,#4502,
#4503,#4504,#4505,#4506,#4507,#4508,#4509,#4510),(#4511,#4512,#4513,#4514,
#4515,#4516,#4517,#4518,#4519,#4520,#4521,#4522,#4523,#4524,#4525,#4526,
#4527,#4528,#4529,#4530,#4531,#4532,#4533,#4534,#4535,#4536,#4537,#4538,
#4539,#4540,#4541,#4542),(#4543,#4544,#4545,#4546,#4547,#4548,#4549,#4550,
#4551,#4552,#4553,#4554,#4555,#4556,#4557,#4558,#4559,#4560,#4561,#4562,
#4563,#4564,#4565,#4566,#4567,#4568,#4569,#4570,#4571,#4572,#4573,#4574),
(#4575,#4576,#4577,#4578,#4579,#4580,#4581,#4582,#4583,#4584,#4585,#4586,
#4587,#4588,#4589,#4590,#4591,#4592,#4593,#4594,#4595,#4596,#4597,#4598,
#4599,#4600,#4601,#4602,#4603,#4604,#4605,#4606),(#4607,#4608,#4609,#4610,
#4611,#4612,#4613,#4614,#4615,#4616,#4617,#4618,#4619,#4620,#4621,#4622,
#4623,#4624,#4625,#4626,#4627,#4628,#4629,#4630,#4631,#4632,#4633,#4634,
#4635,#4636,#4637,#4638),(#4639,#4640,#4641,#4642,#4643,#4644,#4645,#4646,
#4647,#4648,#4649,#4650,#4651,#4652,#4653,#4654,#4655,#4656,#4657,#4658,
#4659,#4660,#4661,#4662,#4663,#4664,#4665,#4666,#4667,#4668,#4669,#4670),
(#4671,#4672,#4673,#4674,#4675,#4676,#4677,#4678,#4679,#4680,#4681,#4682,
#4683,#4684,#4685,#4686,#4687,#4688,#4689,#4690,#4691,#4692,#4693,#4694,
#4695,#4696,#4697,#4698,#4699,#4700,#4701,#4702),(#4703,#4704,#4705,#4706,
#4707,#4708,#4709,#4710,#4711,#4712,#4713,#4714,#4715,#4716,#4717,#4718,
#4719,#4720,#4721,#4722,#4723,#4724,#4725,#4726,#4727,#4728,#4729,#4730,
#4731,#4732,#4733,#4734),(#4735,#4736,#4737,#4738,#4739,#4740,#4741,#4742,
#4743,#4744,#4745,#4746,#4747,#4748,#4749,#4750,#4751,#4752,#4753,#4754,
#4755,#4756,#4757,#4758,#4759,#4760,#4761,#4762,#4763,#4764,#4765,#4766),
(#4767,#4768,#4769,#4770,#4771,#4772,#4773,#4774,#4775,#4776,#4777,#4778,
#4779,#4780,#4781,#4782,#4783,#4784,#4785,#4786,#4787,#4788,#4789,#4790,
#4791,#4792,#4793,#4794,#4795,#4796,#4797,#4798),(#4799,#4800,#4801,#4802,
#4803,#4804,#4805,#4806,#4807,#4808,#4809,#4810,#4811,#4812,#4813,#4814,
#4815,#4816,#4817,#4818,#4819,#4820,#4821,#4822,#4823,#4824,#4825,#4826,
#4827,#4828,#4829,#4830),(#4831,#4832,#4833,#4834,#4835,#4836,#4837,#4838,
#4839,#4840,#4841,#4842,#4843,#4844,#4845,#4846,#4847,#4848,#4849,#4850,
#4851,#4852,#4853,#4854,#4855,#4856,#4857,#4858,#4859,#4860,#4861,#4862)),
 .UNSPECIFIED.,.F.,.F.,.F.)
B_SPLINE_SURFACE_WITH_KNOTS((4,3,3,3,4),(4,3,3,3,3,3,2,2,2,2,2,3,4),(-1.02,
-0.01,0.,1.,2.01),(-1.29627130937333,-0.148135654686666,-0.125092450236226,
-0.1,-0.0927011973564145,0.,0.199872815548657,0.48034649206314,0.760820168577397,
0.901057006834513,0.971175425963095,1.,2.14813565468667),.UNSPECIFIED.)
GEOMETRIC_REPRESENTATION_ITEM()
RATIONAL_B_SPLINE_SURFACE(((1.,1.,1.,1.,1.,1.,1.,1.,1.,1.,1.,1.,1.,1.,1.,
1.,1.,1.,1.,1.,1.,1.,1.,1.,1.,1.,1.,1.,1.,1.,1.,1.),(1.,1.,1.,1.,1.,1.,
1.,1.,1.,1.,1.,1.,1.,1.,1.,1.,1.,1.,1.,1.,1.,1.,1.,1.,1.,1.,1.,1.,1.,1.,
1.,1.),(1.,1.,1.,1.,1.,1.,1.,1.,1.,1.,1.,1.,1.,1.,1.,1.,1.,1.,1.,1.,1.,
1.,1.,1.,1.,1.,1.,1.,1.,1.,1.,1.),(1.,1.,1.,1.,1.,1.,1.,1.,1.,1.,1.,1.,
1.,1.,1.,1.,1.,1.,1.,1.,1.,1.,1.,1.,1.,1.,1.,1.,1.,1.,1.,1.),(1.,1.,1.,
1.,1.,1.,1.,1.,1.,1.,1.,1.,1.,1.,1.,1.,1.,1.,1.,1.,1.,1.,1.,1.,1.,1.,1.,
1.,1.,1.,1.,1.),(1.,1.,1.,1.,1.,1.,1.,1.,1.,1.,1.,1.,1.,1.,1.,1.,1.,1.,
1.,1.,1.,1.,1.,1.,1.,1.,1.,1.,1.,1.,1.,1.),(1.,1.,1.,1.,1.,1.,1.,1.,1.,
1.,1.,1.,1.,1.,1.,1.,1.,1.,1.,1.,1.,1.,1.,1.,1.,1.,1.,1.,1.,1.,1.,1.),(0.972262495437916,
0.972262495437916,0.972262495437916,0.972262495437916,0.972262495437916,
0.972262495437916,0.972262495437916,0.972262495437916,0.972262495437916,
0.972262495437916,0.972262495437916,0.972262495437916,0.972262495437916,
0.972262495437916,0.972262495437916,0.972262495437916,0.972262495437916,
0.972262495437916,0.972262495437916,0.972262495437916,0.972262495437916,
0.972262495437916,0.972262495437916,0.972262495437916,0.972262495437916,
0.972262495437916,0.972262495437916,0.972262495437916,0.972262495437916,
0.972262495437916,0.972262495437916,0.972262495437916),(0.972262495437916,
0.972262495437916,0.972262495437916,0.972262495437916,0.972262495437916,
0.972262495437916,0.972262495437916,0.972262495437916,0.972262495437916,
0.972262495437916,0.972262495437916,0.972262495437916,0.972262495437916,
0.972262495437916,0.972262495437916,0.972262495437916,0.972262495437916,
0.972262495437916,0.972262495437916,0.972262495437916,0.972262495437916,
0.972262495437916,0.972262495437916,0.972262495437916,0.972262495437916,
0.972262495437916,0.972262495437916,0.972262495437916,0.972262495437916,
0.972262495437916,0.972262495437916,0.972262495437916),(1.,1.,1.,1.,1.,
1.,1.,1.,1.,1.,1.,1.,1.,1.,1.,1.,1.,1.,1.,1.,1.,1.,1.,1.,1.,1.,1.,1.,1.,
1.,1.,1.),(1.,1.,1.,1.,1.,1.,1.,1.,1.,1.,1.,1.,1.,1.,1.,1.,1.,1.,1.,1.,
1.,1.,1.,1.,1.,1.,1.,1.,1.,1.,1.,1.),(1.,1.,1.,1.,1.,1.,1.,1.,1.,1.,1.,
1.,1.,1.,1.,1.,1.,1.,1.,1.,1.,1.,1.,1.,1.,1.,1.,1.,1.,1.,1.,1.),(1.,1.,
1.,1.,1.,1.,1.,1.,1.,1.,1.,1.,1.,1.,1.,1.,1.,1.,1.,1.,1.,1.,1.,1.,1.,1.,
1.,1.,1.,1.,1.,1.)))
REPRESENTATION_ITEM('')
SURFACE()
);
#31=(
BOUNDED_SURFACE()
B_SPLINE_SURFACE(3,3,((#5008,#5009,#5010,#5011,#5012,#5013,#5014,#5015),
(#5016,#5017,#5018,#5019,#5020,#5021,#5022,#5023),(#5024,#5025,#5026,#5027,
#5028,#5029,#5030,#5031),(#5032,#5033,#5034,#5035,#5036,#5037,#5038,#5039)),
 .UNSPECIFIED.,.F.,.F.,.F.)
B_SPLINE_SURFACE_WITH_KNOTS((4,4),(4,2,2,4),(0.672830112348409,0.785375964870171),
(0.171371744231836,0.265638530752376,0.398457796128564,0.408907227047436),
 .UNSPECIFIED.)
GEOMETRIC_REPRESENTATION_ITEM()
RATIONAL_B_SPLINE_SURFACE(((0.812111853648314,0.812111853648314,0.812111853648314,
0.812111853648314,0.812111853648314,0.812111853648314,0.812111853648314,
0.812111853648314),(0.82318008645569,0.82318008645569,0.82318008645569,
0.82318008645569,0.82318008645569,0.82318008645569,0.82318008645569,0.82318008645569),
(0.837852100109729,0.837852100109729,0.837852100109729,0.837852100109729,
0.837852100109729,0.837852100109729,0.837852100109729,0.837852100109729),
(0.856127894610431,0.856127894610431,0.856127894610431,0.856127894610431,
0.856127894610431,0.856127894610431,0.856127894610431,0.856127894610431)))
REPRESENTATION_ITEM('')
SURFACE()
);
#32=(
BOUNDED_SURFACE()
B_SPLINE_SURFACE(3,3,((#5082,#5083,#5084,#5085,#5086,#5087,#5088,#5089,
#5090,#5091,#5092,#5093,#5094,#5095,#5096,#5097,#5098,#5099,#5100,#5101,
#5102,#5103,#5104,#5105,#5106,#5107,#5108,#5109,#5110,#5111,#5112,#5113,
#5114,#5115),(#5116,#5117,#5118,#5119,#5120,#5121,#5122,#5123,#5124,#5125,
#5126,#5127,#5128,#5129,#5130,#5131,#5132,#5133,#5134,#5135,#5136,#5137,
#5138,#5139,#5140,#5141,#5142,#5143,#5144,#5145,#5146,#5147,#5148,#5149),
(#5150,#5151,#5152,#5153,#5154,#5155,#5156,#5157,#5158,#5159,#5160,#5161,
#5162,#5163,#5164,#5165,#5166,#5167,#5168,#5169,#5170,#5171,#5172,#5173,
#5174,#5175,#5176,#5177,#5178,#5179,#5180,#5181,#5182,#5183),(#5184,#5185,
#5186,#5187,#5188,#5189,#5190,#5191,#5192,#5193,#5194,#5195,#5196,#5197,
#5198,#5199,#5200,#5201,#5202,#5203,#5204,#5205,#5206,#5207,#5208,#5209,
#5210,#5211,#5212,#5213,#5214,#5215,#5216,#5217),(#5218,#5219,#5220,#5221,
#5222,#5223,#5224,#5225,#5226,#5227,#5228,#5229,#5230,#5231,#5232,#5233,
#5234,#5235,#5236,#5237,#5238,#5239,#5240,#5241,#5242,#5243,#5244,#5245,
#5246,#5247,#5248,#5249,#5250,#5251),(#5252,#5253,#5254,#5255,#5256,#5257,
#5258,#5259,#5260,#5261,#5262,#5263,#5264,#5265,#5266,#5267,#5268,#5269,
#5270,#5271,#5272,#5273,#5274,#5275,#5276,#5277,#5278,#5279,#5280,#5281,
#5282,#5283,#5284,#5285),(#5286,#5287,#5288,#5289,#5290,#5291,#5292,#5293,
#5294,#5295,#5296,#5297,#5298,#5299,#5300,#5301,#5302,#5303,#5304,#5305,
#5306,#5307,#5308,#5309,#5310,#5311,#5312,#5313,#5314,#5315,#5316,#5317,
#5318,#5319)),.UNSPECIFIED.,.F.,.F.,.F.)
B_SPLINE_SURFACE_WITH_KNOTS((4,3,4),(4,2,2,2,2,2,2,2,2,2,2,2,2,2,2,2,4),
(0.506909880108272,1.,1.00294839175595),(-0.00549068045609473,-0.00522720224326295,
-0.00261360112163148,-0.00130680056081574,0.,0.0009765625,0.001953125,0.00390625,
0.0078125,0.015625,0.03125,0.0625,0.125,0.25,0.5,0.75,0.957506057336533),
 .UNSPECIFIED.)
GEOMETRIC_REPRESENTATION_ITEM()
RATIONAL_B_SPLINE_SURFACE(((0.630651494693393,0.630651494693393,0.630651494693393,
0.630651494693393,0.630651494693393,0.630651494693393,0.630651494693393,
0.630651494693393,0.630651494693393,0.630651494693393,0.630651494693393,
0.630651494693393,0.630651494693393,0.630651494693393,0.630651494693393,
0.630651494693393,0.630651494693393,0.630651494693393,0.630651494693393,
0.630651494693393,0.630651494693393,0.630651494693393,0.630651494693393,
0.630651494693393,0.630651494693393,0.630651494693393,0.630651494693393,
0.630651494693393,0.630651494693393,0.630651494693393,0.630651494693393,
0.630651494693393,0.630651494693393,0.630651494693393),(0.634007980714528,
0.634007980714528,0.634007980714528,0.634007980714528,0.634007980714528,
0.634007980714528,0.634007980714528,0.634007980714528,0.634007980714528,
0.634007980714528,0.634007980714528,0.634007980714528,0.634007980714528,
0.634007980714528,0.634007980714528,0.634007980714528,0.634007980714528,
0.634007980714528,0.634007980714528,0.634007980714528,0.634007980714528,
0.634007980714528,0.634007980714528,0.634007980714528,0.634007980714528,
0.634007980714528,0.634007980714528,0.634007980714528,0.634007980714528,
0.634007980714528,0.634007980714528,0.634007980714528,0.634007980714528,
0.634007980714528),(0.757124149150064,0.757124149150064,0.757124149150064,
0.757124149150064,0.757124149150064,0.757124149150064,0.757124149150064,
0.757124149150064,0.757124149150064,0.757124149150064,0.757124149150064,
0.757124149150064,0.757124149150064,0.757124149150064,0.757124149150064,
0.757124149150064,0.757124149150064,0.757124149150064,0.757124149150064,
0.757124149150064,0.757124149150064,0.757124149150064,0.757124149150064,
0.757124149150064,0.757124149150064,0.757124149150064,0.757124149150064,
0.757124149150064,0.757124149150064,0.757124149150064,0.757124149150064,
0.757124149150064,0.757124149150064,0.757124149150064),(1.,1.,1.,1.,1.,
1.,1.,1.,1.,1.,1.,1.,1.,1.,1.,1.,1.,1.,1.,1.,1.,1.,1.,1.,1.,1.,1.,1.,1.,
1.,1.,1.,1.,1.),(1.,1.,1.,1.,1.,1.,1.,1.,1.,1.,1.,1.,1.,1.,1.,1.,1.,1.,
1.,1.,1.,1.,1.,1.,1.,1.,1.,1.,1.,1.,1.,1.,1.,1.),(1.,1.,1.,1.,1.,1.,1.,
1.,1.,1.,1.,1.,1.,1.,1.,1.,1.,1.,1.,1.,1.,1.,1.,1.,1.,1.,1.,1.,1.,1.,1.,
1.,1.,1.),(1.,1.,1.,1.,1.,1.,1.,1.,1.,1.,1.,1.,1.,1.,1.,1.,1.,1.,1.,1.,
1.,1.,1.,1.,1.,1.,1.,1.,1.,1.,1.,1.,1.,1.)))
REPRESENTATION_ITEM('')
SURFACE()
);
#33=(
BOUNDED_SURFACE()
B_SPLINE_SURFACE(3,1,((#5358,#5359),(#5360,#5361),(#5362,#5363),(#5364,
#5365),(#5366,#5367),(#5368,#5369),(#5370,#5371)),
 .SURF_OF_LINEAR_EXTRUSION.,.F.,.F.,.F.)
B_SPLINE_SURFACE_WITH_KNOTS((4,3,4),(2,2),(0.,1.,1.00603295059242),(0.907116883855192,
1.),.PIECEWISE_BEZIER_KNOTS.)
GEOMETRIC_REPRESENTATION_ITEM()
RATIONAL_B_SPLINE_SURFACE(((1.,1.),(0.987862095001546,0.987862095001546),
(0.987862095001546,0.987862095001546),(1.,1.),(1.,1.),(1.,1.),(1.,1.)))
REPRESENTATION_ITEM('')
SURFACE()
);
#34=(
BOUNDED_SURFACE()
B_SPLINE_SURFACE(3,3,((#5383,#5384,#5385,#5386,#5387,#5388,#5389,#5390,
#5391,#5392,#5393,#5394,#5395,#5396,#5397,#5398,#5399,#5400,#5401,#5402,
#5403,#5404,#5405,#5406,#5407,#5408,#5409,#5410,#5411,#5412,#5413,#5414),
(#5415,#5416,#5417,#5418,#5419,#5420,#5421,#5422,#5423,#5424,#5425,#5426,
#5427,#5428,#5429,#5430,#5431,#5432,#5433,#5434,#5435,#5436,#5437,#5438,
#5439,#5440,#5441,#5442,#5443,#5444,#5445,#5446),(#5447,#5448,#5449,#5450,
#5451,#5452,#5453,#5454,#5455,#5456,#5457,#5458,#5459,#5460,#5461,#5462,
#5463,#5464,#5465,#5466,#5467,#5468,#5469,#5470,#5471,#5472,#5473,#5474,
#5475,#5476,#5477,#5478),(#5479,#5480,#5481,#5482,#5483,#5484,#5485,#5486,
#5487,#5488,#5489,#5490,#5491,#5492,#5493,#5494,#5495,#5496,#5497,#5498,
#5499,#5500,#5501,#5502,#5503,#5504,#5505,#5506,#5507,#5508,#5509,#5510),
(#5511,#5512,#5513,#5514,#5515,#5516,#5517,#5518,#5519,#5520,#5521,#5522,
#5523,#5524,#5525,#5526,#5527,#5528,#5529,#5530,#5531,#5532,#5533,#5534,
#5535,#5536,#5537,#5538,#5539,#5540,#5541,#5542),(#5543,#5544,#5545,#5546,
#5547,#5548,#5549,#5550,#5551,#5552,#5553,#5554,#5555,#5556,#5557,#5558,
#5559,#5560,#5561,#5562,#5563,#5564,#5565,#5566,#5567,#5568,#5569,#5570,
#5571,#5572,#5573,#5574),(#5575,#5576,#5577,#5578,#5579,#5580,#5581,#5582,
#5583,#5584,#5585,#5586,#5587,#5588,#5589,#5590,#5591,#5592,#5593,#5594,
#5595,#5596,#5597,#5598,#5599,#5600,#5601,#5602,#5603,#5604,#5605,#5606),
(#5607,#5608,#5609,#5610,#5611,#5612,#5613,#5614,#5615,#5616,#5617,#5618,
#5619,#5620,#5621,#5622,#5623,#5624,#5625,#5626,#5627,#5628,#5629,#5630,
#5631,#5632,#5633,#5634,#5635,#5636,#5637,#5638),(#5639,#5640,#5641,#5642,
#5643,#5644,#5645,#5646,#5647,#5648,#5649,#5650,#5651,#5652,#5653,#5654,
#5655,#5656,#5657,#5658,#5659,#5660,#5661,#5662,#5663,#5664,#5665,#5666,
#5667,#5668,#5669,#5670),(#5671,#5672,#5673,#5674,#5675,#5676,#5677,#5678,
#5679,#5680,#5681,#5682,#5683,#5684,#5685,#5686,#5687,#5688,#5689,#5690,
#5691,#5692,#5693,#5694,#5695,#5696,#5697,#5698,#5699,#5700,#5701,#5702)),
 .UNSPECIFIED.,.F.,.F.,.F.)
B_SPLINE_SURFACE_WITH_KNOTS((4,3,3,4),(4,3,3,3,3,3,2,2,2,2,2,3,4),(-1.,
0.,1.,2.),(-1.2636860098764,-0.1318430049382,-0.107781726634834,-0.088569328269438,
-0.0707187878446159,0.,0.199872815548657,0.48034649206314,0.760820168577397,
0.901057006834513,0.971175425963095,1.,2.1318430049382),.UNSPECIFIED.)
GEOMETRIC_REPRESENTATION_ITEM()
RATIONAL_B_SPLINE_SURFACE(((1.,1.,1.,1.,1.,1.,1.,1.,1.,1.,1.,1.,1.,1.,1.,
1.,1.,1.,1.,1.,1.,1.,1.,1.,1.,1.,1.,1.,1.,1.,1.,1.),(1.,1.,1.,1.,1.,1.,
1.,1.,1.,1.,1.,1.,1.,1.,1.,1.,1.,1.,1.,1.,1.,1.,1.,1.,1.,1.,1.,1.,1.,1.,
1.,1.),(1.,1.,1.,1.,1.,1.,1.,1.,1.,1.,1.,1.,1.,1.,1.,1.,1.,1.,1.,1.,1.,
1.,1.,1.,1.,1.,1.,1.,1.,1.,1.,1.),(1.,1.,1.,1.,1.,1.,1.,1.,1.,1.,1.,1.,
1.,1.,1.,1.,1.,1.,1.,1.,1.,1.,1.,1.,1.,1.,1.,1.,1.,1.,1.,1.),(0.990572718394811,
0.990572718394811,0.990572718394811,0.990572718394811,0.990572718394811,
0.990572718394811,0.990572718394811,0.990572718394811,0.990572718394811,
0.990572718394811,0.990572718394811,0.990572718394811,0.990572718394811,
0.990572718394811,0.990572718394811,0.990572718394811,0.990572718394811,
0.990572718394811,0.990572718394811,0.990572718394811,0.990572718394811,
0.990572718394811,0.990572718394811,0.990572718394811,0.990572718394811,
0.990572718394811,0.990572718394811,0.990572718394811,0.990572718394811,
0.990572718394811,0.990572718394811,0.990572718394811),(0.990572718394811,
0.990572718394811,0.990572718394811,0.990572718394811,0.990572718394811,
0.990572718394811,0.990572718394811,0.990572718394811,0.990572718394811,
0.990572718394811,0.990572718394811,0.990572718394811,0.990572718394811,
0.990572718394811,0.990572718394811,0.990572718394811,0.990572718394811,
0.990572718394811,0.990572718394811,0.990572718394811,0.990572718394811,
0.990572718394811,0.990572718394811,0.990572718394811,0.990572718394811,
0.990572718394811,0.990572718394811,0.990572718394811,0.990572718394811,
0.990572718394811,0.990572718394811,0.990572718394811),(1.,1.,1.,1.,1.,
1.,1.,1.,1.,1.,1.,1.,1.,1.,1.,1.,1.,1.,1.,1.,1.,1.,1.,1.,1.,1.,1.,1.,1.,
1.,1.,1.),(1.,1.,1.,1.,1.,1.,1.,1.,1.,1.,1.,1.,1.,1.,1.,1.,1.,1.,1.,1.,
1.,1.,1.,1.,1.,1.,1.,1.,1.,1.,1.,1.),(1.,1.,1.,1.,1.,1.,1.,1.,1.,1.,1.,
1.,1.,1.,1.,1.,1.,1.,1.,1.,1.,1.,1.,1.,1.,1.,1.,1.,1.,1.,1.,1.),(1.,1.,
1.,1.,1.,1.,1.,1.,1.,1.,1.,1.,1.,1.,1.,1.,1.,1.,1.,1.,1.,1.,1.,1.,1.,1.,
1.,1.,1.,1.,1.,1.)))
REPRESENTATION_ITEM('')
SURFACE()
);
#35=(
BOUNDED_SURFACE()
B_SPLINE_SURFACE(3,1,((#5954,#5955),(#5956,#5957),(#5958,#5959),(#5960,
#5961),(#5962,#5963),(#5964,#5965),(#5966,#5967)),
 .SURF_OF_LINEAR_EXTRUSION.,.F.,.F.,.F.)
B_SPLINE_SURFACE_WITH_KNOTS((4,1,1,1,4),(2,2),(0.,1.,1.03758726713454,1.07517453426908,
3.74612044081835),(-0.772866057112212,1.45155169382912),.UNSPECIFIED.)
GEOMETRIC_REPRESENTATION_ITEM()
RATIONAL_B_SPLINE_SURFACE(((1.,1.),(0.820267109315542,0.820267109315542),
(0.820267109315539,0.820267109315539),(1.02077485873379,1.02077485873379),
(1.02077485873379,1.02077485873379),(1.02077485873379,1.02077485873379),
(1.02077485873379,1.02077485873379)))
REPRESENTATION_ITEM('')
SURFACE()
);
#36=(
BOUNDED_SURFACE()
B_SPLINE_SURFACE(2,3,((#6016,#6017,#6018,#6019),(#6020,#6021,#6022,#6023),
(#6024,#6025,#6026,#6027)),.UNSPECIFIED.,.F.,.F.,.F.)
B_SPLINE_SURFACE_WITH_KNOTS((3,3),(4,4),(0.660383546036329,1.),(0.,0.949016127245301),
 .PIECEWISE_BEZIER_KNOTS.)
GEOMETRIC_REPRESENTATION_ITEM()
RATIONAL_B_SPLINE_SURFACE(((1.,0.91841363111152,0.914254042061592,0.987521232850215),
(1.,0.91841363111152,0.914254042061592,0.987521232850215),(1.,0.91841363111152,
0.914254042061592,0.987521232850215)))
REPRESENTATION_ITEM('')
SURFACE()
);
#37=(
BOUNDED_SURFACE()
B_SPLINE_SURFACE(3,3,((#6071,#6072,#6073,#6074,#6075,#6076,#6077,#6078,
#6079,#6080),(#6081,#6082,#6083,#6084,#6085,#6086,#6087,#6088,#6089,#6090),
(#6091,#6092,#6093,#6094,#6095,#6096,#6097,#6098,#6099,#6100),(#6101,#6102,
#6103,#6104,#6105,#6106,#6107,#6108,#6109,#6110),(#6111,#6112,#6113,#6114,
#6115,#6116,#6117,#6118,#6119,#6120),(#6121,#6122,#6123,#6124,#6125,#6126,
#6127,#6128,#6129,#6130),(#6131,#6132,#6133,#6134,#6135,#6136,#6137,#6138,
#6139,#6140),(#6141,#6142,#6143,#6144,#6145,#6146,#6147,#6148,#6149,#6150),
(#6151,#6152,#6153,#6154,#6155,#6156,#6157,#6158,#6159,#6160),(#6161,#6162,
#6163,#6164,#6165,#6166,#6167,#6168,#6169,#6170)),.UNSPECIFIED.,.F.,.F.,
 .F.)
B_SPLINE_SURFACE_WITH_KNOTS((4,3,3,4),(4,3,3,4),(-0.0101,0.,1.,1.01),(0.,
1.,1.01,1.44008202946503),.PIECEWISE_BEZIER_KNOTS.)
GEOMETRIC_REPRESENTATION_ITEM()
RATIONAL_B_SPLINE_SURFACE(((1.,0.914030576987875,0.914030576987875,1.,1.,
1.,1.,1.,1.,1.),(1.,0.914030576987875,0.914030576987875,1.,1.,1.,1.,1.,
1.,1.),(1.,0.914030576987875,0.914030576987875,1.,1.,1.,1.,1.,1.,1.),(1.,
0.914030576987875,0.914030576987875,1.,1.,1.,1.,1.,1.,1.),(0.987862095001546,
0.902936160678714,0.902936160678714,0.987862095001546,0.987862095001546,
0.987862095001546,0.987862095001546,0.987862095001546,0.987862095001546,
0.987862095001546),(0.987862095001546,0.902936160678714,0.902936160678714,
0.987862095001546,0.987862095001546,0.987862095001546,0.987862095001546,
0.987862095001546,0.987862095001546,0.987862095001546),(1.,0.914030576987875,
0.914030576987875,1.,1.,1.,1.,1.,1.,1.),(1.,0.914030576987875,0.914030576987875,
1.,1.,1.,1.,1.,1.,1.),(1.,0.914030576987875,0.914030576987875,1.,1.,1.,
1.,1.,1.,1.),(1.,0.914030576987875,0.914030576987875,1.,1.,1.,1.,1.,1.,
1.)))
REPRESENTATION_ITEM('')
SURFACE()
);
#38=(
BOUNDED_SURFACE()
B_SPLINE_SURFACE(3,1,((#6183,#6184),(#6185,#6186),(#6187,#6188),(#6189,
#6190)),.SURF_OF_LINEAR_EXTRUSION.,.F.,.F.,.F.)
B_SPLINE_SURFACE_WITH_KNOTS((4,4),(2,2),(0.196935132255833,0.728855974035169),
(0.000186144715524414,0.706579157012402),.PIECEWISE_BEZIER_KNOTS.)
GEOMETRIC_REPRESENTATION_ITEM()
RATIONAL_B_SPLINE_SURFACE(((0.966052844353964,0.966052844353964),(0.942984261900762,
0.942984261900762),(0.940159958978372,0.940159958978372),(0.957579935586795,
0.957579935586795)))
REPRESENTATION_ITEM('')
SURFACE()
);
#39=(
BOUNDED_SURFACE()
B_SPLINE_SURFACE(3,1,((#6301,#6302),(#6303,#6304),(#6305,#6306),(#6307,
#6308)),.SURF_OF_LINEAR_EXTRUSION.,.F.,.F.,.F.)
B_SPLINE_SURFACE_WITH_KNOTS((4,4),(2,2),(0.,0.490148822214973),(-0.0691239879198444,
0.910377055828122),.PIECEWISE_BEZIER_KNOTS.)
GEOMETRIC_REPRESENTATION_ITEM()
RATIONAL_B_SPLINE_SURFACE(((1.,1.),(0.758572911043735,0.758572911043735),
(0.635481025390173,0.635481025390173),(0.630724343039313,0.630724343039313)))
REPRESENTATION_ITEM('')
SURFACE()
);
#40=(
BOUNDED_SURFACE()
B_SPLINE_SURFACE(3,3,((#6318,#6319,#6320,#6321,#6322,#6323,#6324,#6325,
#6326,#6327),(#6328,#6329,#6330,#6331,#6332,#6333,#6334,#6335,#6336,#6337),
(#6338,#6339,#6340,#6341,#6342,#6343,#6344,#6345,#6346,#6347),(#6348,#6349,
#6350,#6351,#6352,#6353,#6354,#6355,#6356,#6357),(#6358,#6359,#6360,#6361,
#6362,#6363,#6364,#6365,#6366,#6367),(#6368,#6369,#6370,#6371,#6372,#6373,
#6374,#6375,#6376,#6377),(#6378,#6379,#6380,#6381,#6382,#6383,#6384,#6385,
#6386,#6387),(#6388,#6389,#6390,#6391,#6392,#6393,#6394,#6395,#6396,#6397),
(#6398,#6399,#6400,#6401,#6402,#6403,#6404,#6405,#6406,#6407),(#6408,#6409,
#6410,#6411,#6412,#6413,#6414,#6415,#6416,#6417)),.UNSPECIFIED.,.F.,.F.,
 .F.)
B_SPLINE_SURFACE_WITH_KNOTS((4,3,3,4),(4,2,2,2,4),(-0.0177773941459546,
-0.01,0.,0.0987751084731798),(0.00023345915864711,0.0128026791415849,0.0256053582831699,
0.0512107165663398,0.0726824267405776),.UNSPECIFIED.)
GEOMETRIC_REPRESENTATION_ITEM()
RATIONAL_B_SPLINE_SURFACE(((1.,1.,1.,1.,1.,1.,1.,1.,1.,1.),(1.,1.,1.,1.,
1.,1.,1.,1.,1.,1.),(1.,1.,1.,1.,1.,1.,1.,1.,1.,1.),(1.,1.,1.,1.,1.,1.,1.,
1.,1.,1.),(1.,1.,1.,1.,1.,1.,1.,1.,1.,1.),(1.,1.,1.,1.,1.,1.,1.,1.,1.,1.),
(1.,1.,1.,1.,1.,1.,1.,1.,1.,1.),(0.98682998553691,0.98682998553691,0.986829985536909,
0.986829985536909,0.986829985536909,0.986829985536909,0.986829985536909,
0.986829985536909,0.98682998553691,0.98682998553691),(0.974960840681004,
0.974960840681004,0.974960840681004,0.974960840681004,0.974960840681004,
0.974960840681004,0.974960840681004,0.974960840681004,0.974960840681004,
0.974960840681004),(0.964392565432284,0.964392565432283,0.964392565432284,
0.964392565432283,0.964392565432283,0.964392565432283,0.964392565432283,
0.964392565432283,0.964392565432283,0.964392565432283)))
REPRESENTATION_ITEM('')
SURFACE()
);
#41=(
BOUNDED_SURFACE()
B_SPLINE_SURFACE(3,3,((#6450,#6451,#6452,#6453,#6454,#6455,#6456,#6457,
#6458,#6459),(#6460,#6461,#6462,#6463,#6464,#6465,#6466,#6467,#6468,#6469),
(#6470,#6471,#6472,#6473,#6474,#6475,#6476,#6477,#6478,#6479),(#6480,#6481,
#6482,#6483,#6484,#6485,#6486,#6487,#6488,#6489)),.UNSPECIFIED.,.F.,.F.,
 .F.)
B_SPLINE_SURFACE_WITH_KNOTS((4,4),(4,2,2,2,4),(0.0980762113533171,0.205309937944494),
(-0.00512075404668752,0.,0.0128026791415849,0.0256053582831699,0.0310519769949639),
 .UNSPECIFIED.)
GEOMETRIC_REPRESENTATION_ITEM()
RATIONAL_B_SPLINE_SURFACE(((0.964617092752041,0.964617092752041,0.964617092752041,
0.964617092752041,0.964617092752041,0.964617092752041,0.964617092752041,
0.964617092752041,0.964617092752041,0.964617092752041),(0.953123816575447,
0.953123816575447,0.953123816575447,0.953123816575447,0.953123816575447,
0.953123816575447,0.953123816575447,0.953123816575447,0.953123816575447,
0.953123816575447),(0.94316375001467,0.94316375001467,0.94316375001467,
0.94316375001467,0.94316375001467,0.94316375001467,0.94316375001467,0.94316375001467,
0.94316375001467,0.94316375001467),(0.934736893069711,0.934736893069711,
0.934736893069711,0.934736893069711,0.934736893069711,0.934736893069711,
0.934736893069711,0.934736893069711,0.934736893069711,0.934736893069711)))
REPRESENTATION_ITEM('')
SURFACE()
);
#42=(
BOUNDED_SURFACE()
B_SPLINE_SURFACE(3,1,((#6673,#6674,#6675),(#6676,#6677,#6678),(#6679,#6680,
#6681),(#6682,#6683,#6684),(#6685,#6686,#6687),(#6688,#6689,#6690),(#6691,
#6692,#6693)),.SURF_OF_LINEAR_EXTRUSION.,.F.,.F.,.F.)
B_SPLINE_SURFACE_WITH_KNOTS((4,3,4),(2,1,2),(-0.00116400211631477,0.,0.508443786520492),
(-0.0127625498886291,0.,0.984799237021252),.PIECEWISE_BEZIER_KNOTS.)
GEOMETRIC_REPRESENTATION_ITEM()
RATIONAL_B_SPLINE_SURFACE(((1.,1.,1.),(1.,1.,1.),(1.,1.,1.),(1.,1.,1.),
(0.932207495130601,0.932207495130601,0.932207495130601),(0.898883668134708,
0.898883668134708,0.898883668134708),(0.900028519012321,0.900028519012321,
0.900028519012321)))
REPRESENTATION_ITEM('')
SURFACE()
);
#43=(
BOUNDED_SURFACE()
B_SPLINE_SURFACE(3,3,((#7078,#7079,#7080,#7081,#7082,#7083,#7084,#7085,
#7086,#7087,#7088,#7089,#7090,#7091,#7092,#7093,#7094,#7095,#7096,#7097,
#7098,#7099,#7100,#7101,#7102),(#7103,#7104,#7105,#7106,#7107,#7108,#7109,
#7110,#7111,#7112,#7113,#7114,#7115,#7116,#7117,#7118,#7119,#7120,#7121,
#7122,#7123,#7124,#7125,#7126,#7127),(#7128,#7129,#7130,#7131,#7132,#7133,
#7134,#7135,#7136,#7137,#7138,#7139,#7140,#7141,#7142,#7143,#7144,#7145,
#7146,#7147,#7148,#7149,#7150,#7151,#7152),(#7153,#7154,#7155,#7156,#7157,
#7158,#7159,#7160,#7161,#7162,#7163,#7164,#7165,#7166,#7167,#7168,#7169,
#7170,#7171,#7172,#7173,#7174,#7175,#7176,#7177)),.UNSPECIFIED.,.F.,.F.,
 .F.)
B_SPLINE_SURFACE_WITH_KNOTS((4,4),(4,3,2,2,2,2,2,2,2,2,2,4),(0.0108285075651734,
0.507851485512042),(-0.00245968542935225,0.,0.5,0.75,0.875,0.9375,0.96875,
0.984375,0.9921875,1.,1.00810444115278,1.01591162194448),.UNSPECIFIED.)
GEOMETRIC_REPRESENTATION_ITEM()
RATIONAL_B_SPLINE_SURFACE(((0.995715499604366,0.995715499604366,0.995715499604366,
0.995715499604366,0.995715499604366,0.995715499604366,0.995715499604366,
0.995715499604366,0.995715499604366,0.995715499604366,0.995715499604366,
0.995715499604366,0.995715499604366,0.995715499604366,0.995715499604366,
0.995715499604366,0.995715499604366,0.995715499604366,0.995715499604366,
0.995715499604366,0.995715499604366,0.995715499604366,0.995715499604366,
0.995715499604366,0.995715499604366),(0.930880973765254,0.930880973765254,
0.930880973765254,0.930880973765254,0.930880973765254,0.930880973765254,
0.930880973765254,0.930880973765254,0.930880973765254,0.930880973765254,
0.930880973765254,0.930880973765254,0.930880973765254,0.930880973765254,
0.930880973765254,0.930880973765254,0.930880973765254,0.930880973765254,
0.930880973765254,0.930880973765254,0.930880973765254,0.930880973765254,
0.930880973765254,0.930880973765254,0.930880973765254),(0.898984026673765,
0.898984026673765,0.898984026673765,0.898984026673765,0.898984026673765,
0.898984026673765,0.898984026673765,0.898984026673765,0.898984026673765,
0.898984026673765,0.898984026673765,0.898984026673765,0.898984026673765,
0.898984026673765,0.898984026673765,0.898984026673765,0.898984026673765,
0.898984026673765,0.898984026673765,0.898984026673765,0.898984026673765,
0.898984026673765,0.898984026673765,0.898984026673765,0.898984026673765),
(0.900024658329898,0.900024658329898,0.900024658329898,0.900024658329898,
0.900024658329898,0.900024658329898,0.900024658329898,0.900024658329898,
0.900024658329898,0.900024658329898,0.900024658329898,0.900024658329898,
0.900024658329898,0.900024658329898,0.900024658329898,0.900024658329898,
0.900024658329898,0.900024658329898,0.900024658329898,0.900024658329898,
0.900024658329898,0.900024658329898,0.900024658329898,0.900024658329898,
0.900024658329899)))
REPRESENTATION_ITEM('')
SURFACE()
);
#44=(
BOUNDED_SURFACE()
B_SPLINE_SURFACE(1,3,((#7835,#7836,#7837,#7838),(#7839,#7840,#7841,#7842),
(#7843,#7844,#7845,#7846),(#7847,#7848,#7849,#7850)),
 .SURF_OF_REVOLUTION.,.F.,.F.,.F.)
B_SPLINE_SURFACE_WITH_KNOTS((2,1,1,2),(4,4),(-0.0436218428588628,-0.0332889533256067,
0.,1.),(0.,1.),.PIECEWISE_BEZIER_KNOTS.)
GEOMETRIC_REPRESENTATION_ITEM()
RATIONAL_B_SPLINE_SURFACE(((1.,0.993915808621031,0.993915808621031,1.),
(1.,0.993915808621031,0.993915808621031,1.),(1.,0.993915808621031,0.993915808621031,
1.),(1.,0.993915808621031,0.993915808621031,1.)))
REPRESENTATION_ITEM('')
SURFACE()
);
#45=(
BOUNDED_SURFACE()
B_SPLINE_SURFACE(1,3,((#7859,#7860,#7861,#7862,#7863,#7864,#7865,#7866,
#7867,#7868,#7869,#7870,#7871),(#7872,#7873,#7874,#7875,#7876,#7877,#7878,
#7879,#7880,#7881,#7882,#7883,#7884),(#7885,#7886,#7887,#7888,#7889,#7890,
#7891,#7892,#7893,#7894,#7895,#7896,#7897),(#7898,#7899,#7900,#7901,#7902,
#7903,#7904,#7905,#7906,#7907,#7908,#7909,#7910)),.RULED_SURF.,.F.,.F.,
 .F.)
B_SPLINE_SURFACE_WITH_KNOTS((2,1,1,2),(4,3,3,3,4),(-0.0333333333341015,
-0.01,0.,1.),(-0.601694202614665,-0.585835844172936,-0.50185811047099,0.,
1.),.PIECEWISE_BEZIER_KNOTS.)
GEOMETRIC_REPRESENTATION_ITEM()
RATIONAL_B_SPLINE_SURFACE(((1.,1.,1.,1.,1.,1.,1.,1.,1.,1.,0.995297931147671,
0.995297931147671,1.),(1.,1.,1.,1.,1.,1.,1.,1.,1.,1.,0.995297931147671,
0.995297931147671,1.),(1.,1.,1.,1.,1.,1.,1.,1.,1.,1.,0.995297931147671,
0.995297931147671,1.),(1.,1.,1.,1.,1.,1.,1.,1.,1.,1.,0.995297931147671,
0.995297931147671,1.)))
REPRESENTATION_ITEM('')
SURFACE()
);
#46=(
BOUNDED_SURFACE()
B_SPLINE_SURFACE(3,2,((#8175,#8176,#8177),(#8178,#8179,#8180),(#8181,#8182,
#8183),(#8184,#8185,#8186),(#8187,#8188,#8189),(#8190,#8191,#8192),(#8193,
#8194,#8195)),.UNSPECIFIED.,.F.,.F.,.F.)
B_SPLINE_SURFACE_WITH_KNOTS((4,1,1,1,4),(3,3),(-0.000199650714197664,0.000863639521206687,
0.00192692975661104,0.00299021999201539,0.00405351022741974),(0.763898242422171,
1.),.UNSPECIFIED.)
GEOMETRIC_REPRESENTATION_ITEM()
RATIONAL_B_SPLINE_SURFACE(((0.987054713379026,0.991526825235304,1.),(0.987054713379026,
0.991526825235304,1.),(0.987054266230362,0.991526532559763,1.),(0.987056278399193,
0.991527849599598,1.),(0.987058806092174,0.991529504069291,1.),(0.987056431959054,
0.991527950110276,1.),(0.98705551143592,0.991527347593421,1.)))
REPRESENTATION_ITEM('')
SURFACE()
);
#47=(
BOUNDED_SURFACE()
B_SPLINE_SURFACE(3,1,((#8589,#8590,#8591),(#8592,#8593,#8594),(#8595,#8596,
#8597),(#8598,#8599,#8600),(#8601,#8602,#8603),(#8604,#8605,#8606),(#8607,
#8608,#8609)),.SURF_OF_LINEAR_EXTRUSION.,.F.,.F.,.F.)
B_SPLINE_SURFACE_WITH_KNOTS((4,3,4),(2,1,2),(0.,1.,1.01),(-0.117407970509346,
0.,1.),.PIECEWISE_BEZIER_KNOTS.)
GEOMETRIC_REPRESENTATION_ITEM()
RATIONAL_B_SPLINE_SURFACE(((1.,1.,1.),(0.988138319250334,0.988138319250334,
0.988138319250334),(0.988138319250334,0.988138319250334,0.988138319250334),
(1.,1.,1.),(1.,1.,1.),(1.,1.,1.),(1.,1.,1.)))
REPRESENTATION_ITEM('')
SURFACE()
);
#48=CYLINDRICAL_SURFACE('',#3270,5.25);
#49=CYLINDRICAL_SURFACE('',#3273,26.9012383162301);
#50=CYLINDRICAL_SURFACE('',#3275,14.645);
#51=CYLINDRICAL_SURFACE('',#3277,2.25);
#52=CYLINDRICAL_SURFACE('',#3302,8.);
#53=CYLINDRICAL_SURFACE('',#3306,8.);
#54=CYLINDRICAL_SURFACE('',#3307,8.);
#55=CYLINDRICAL_SURFACE('',#3312,8.);
#56=CYLINDRICAL_SURFACE('',#3334,7.75);
#57=CYLINDRICAL_SURFACE('',#3346,5.);
#58=CYLINDRICAL_SURFACE('',#3381,20.8707254144945);
#59=CYLINDRICAL_SURFACE('',#3383,2.5);
#60=CYLINDRICAL_SURFACE('',#3387,24.8335394781464);
#61=CYLINDRICAL_SURFACE('',#3390,3.);
#62=CYLINDRICAL_SURFACE('',#3393,3.);
#63=CYLINDRICAL_SURFACE('',#3404,0.999999999999999);
#64=CYLINDRICAL_SURFACE('',#3406,0.999999999999999);
#65=CYLINDRICAL_SURFACE('',#3419,1.75);
#66=CYLINDRICAL_SURFACE('',#3421,4.24999999453077);
#67=ELLIPSE('',#3260,4.76465770866697,4.24999999453077);
#68=ELLIPSE('',#3298,2.58710724266335,2.5);
#69=ELLIPSE('',#3380,1.53907322309014,0.999999999999999);
#70=ELLIPSE('',#3382,29.5156629377431,20.8707254144945);
#71=ELLIPSE('',#3386,35.1199283317224,24.8335394781464);
#72=CIRCLE('',#3258,4.24999999453077);
#73=CIRCLE('',#3264,26.9012383162301);
#74=CIRCLE('',#3265,20.8707254144945);
#75=CIRCLE('',#3266,5.);
#76=CIRCLE('',#3267,0.999999999999999);
#77=CIRCLE('',#3268,0.999999999999999);
#78=CIRCLE('',#3276,14.651630350832);
#79=CIRCLE('',#3300,8.);
#80=CIRCLE('',#3301,8.);
#81=CIRCLE('',#3303,8.);
#82=CIRCLE('',#3305,8.);
#83=CIRCLE('',#3308,8.);
#84=CIRCLE('',#3309,8.);
#85=CIRCLE('',#3311,8.);
#86=CIRCLE('',#3313,8.);
#87=CIRCLE('',#3317,4.);
#88=CIRCLE('',#3318,3.);
#89=CIRCLE('',#3319,3.);
#90=CIRCLE('',#3326,5.);
#91=CIRCLE('',#3327,4.);
#92=CIRCLE('',#3328,4.);
#93=CIRCLE('',#3333,7.75);
#94=CIRCLE('',#3335,10.8730579980772);
#95=CIRCLE('',#3342,1.20000000000008);
#96=CIRCLE('',#3364,24.3335394781464);
#97=CIRCLE('',#3366,1.75);
#98=CIRCLE('',#3367,3.);
#99=CIRCLE('',#3368,3.);
#100=CIRCLE('',#3371,47.5465159549911);
#101=CIRCLE('',#3372,47.4228004892566);
#102=CIRCLE('',#3373,20.8707254144945);
#103=CIRCLE('',#3374,24.8335394781464);
#104=CIRCLE('',#3378,0.999999999999999);
#105=CIRCLE('',#3388,24.8335394781464);
#106=CIRCLE('',#3389,24.8335394781464);
#107=CIRCLE('',#3391,3.);
#108=CIRCLE('',#3394,3.);
#109=CIRCLE('',#3401,4.24999999453077);
#110=CIRCLE('',#3402,0.499999999999993);
#111=CIRCLE('',#3403,23.8335394781464);
#112=CIRCLE('',#3405,0.999999999999999);
#113=CIRCLE('',#3407,0.999999999999999);
#114=CIRCLE('',#3420,1.75);
#115=CIRCLE('',#3422,4.24999999453077);
#116=PLANE('',#3257);
#117=PLANE('',#3259);
#118=PLANE('',#3261);
#119=PLANE('',#3262);
#120=PLANE('',#3263);
#121=PLANE('',#3269);
#122=PLANE('',#3271);
#123=PLANE('',#3272);
#124=PLANE('',#3274);
#125=PLANE('',#3278);
#126=PLANE('',#3279);
#127=PLANE('',#3280);
#128=PLANE('',#3281);
#129=PLANE('',#3282);
#130=PLANE('',#3283);
#131=PLANE('',#3284);
#132=PLANE('',#3285);
#133=PLANE('',#3286);
#134=PLANE('',#3287);
#135=PLANE('',#3288);
#136=PLANE('',#3289);
#137=PLANE('',#3290);
#138=PLANE('',#3291);
#139=PLANE('',#3292);
#140=PLANE('',#3293);
#141=PLANE('',#3294);
#142=PLANE('',#3295);
#143=PLANE('',#3296);
#144=PLANE('',#3297);
#145=PLANE('',#3299);
#146=PLANE('',#3304);
#147=PLANE('',#3310);
#148=PLANE('',#3314);
#149=PLANE('',#3315);
#150=PLANE('',#3316);
#151=PLANE('',#3320);
#152=PLANE('',#3321);
#153=PLANE('',#3322);
#154=PLANE('',#3323);
#155=PLANE('',#3324);
#156=PLANE('',#3329);
#157=PLANE('',#3330);
#158=PLANE('',#3331);
#159=PLANE('',#3332);
#160=PLANE('',#3336);
#161=PLANE('',#3337);
#162=PLANE('',#3338);
#163=PLANE('',#3339);
#164=PLANE('',#3340);
#165=PLANE('',#3341);
#166=PLANE('',#3343);
#167=PLANE('',#3344);
#168=PLANE('',#3345);
#169=PLANE('',#3347);
#170=PLANE('',#3348);
#171=PLANE('',#3349);
#172=PLANE('',#3350);
#173=PLANE('',#3351);
#174=PLANE('',#3352);
#175=PLANE('',#3353);
#176=PLANE('',#3354);
#177=PLANE('',#3355);
#178=PLANE('',#3356);
#179=PLANE('',#3357);
#180=PLANE('',#3358);
#181=PLANE('',#3359);
#182=PLANE('',#3360);
#183=PLANE('',#3361);
#184=PLANE('',#3362);
#185=PLANE('',#3363);
#186=PLANE('',#3365);
#187=PLANE('',#3369);
#188=PLANE('',#3370);
#189=PLANE('',#3375);
#190=PLANE('',#3376);
#191=PLANE('',#3377);
#192=PLANE('',#3379);
#193=PLANE('',#3384);
#194=PLANE('',#3385);
#195=PLANE('',#3392);
#196=PLANE('',#3395);
#197=PLANE('',#3396);
#198=PLANE('',#3397);
#199=PLANE('',#3398);
#200=PLANE('',#3399);
#201=PLANE('',#3400);
#202=PLANE('',#3408);
#203=PLANE('',#3409);
#204=PLANE('',#3410);
#205=PLANE('',#3411);
#206=PLANE('',#3413);
#207=PLANE('',#3415);
#208=PLANE('',#3417);
#209=PLANE('',#3423);
#210=PLANE('',#3424);
#211=PLANE('',#3425);
#212=LINE('',#4032,#454);
#213=LINE('',#4041,#455);
#214=LINE('',#4056,#456);
#215=LINE('',#4058,#457);
#216=LINE('',#4060,#458);
#217=LINE('',#4062,#459);
#218=LINE('',#4064,#460);
#219=LINE('',#4066,#461);
#220=LINE('',#4068,#462);
#221=LINE('',#4070,#463);
#222=LINE('',#4072,#464);
#223=LINE('',#4074,#465);
#224=LINE('',#4076,#466);
#225=LINE('',#4104,#467);
#226=LINE('',#4106,#468);
#227=LINE('',#4108,#469);
#228=LINE('',#4111,#470);
#229=LINE('',#4113,#471);
#230=LINE('',#4115,#472);
#231=LINE('',#4121,#473);
#232=LINE('',#4123,#474);
#233=LINE('',#4125,#475);
#234=LINE('',#4127,#476);
#235=LINE('',#4129,#477);
#236=LINE('',#4131,#478);
#237=LINE('',#4133,#479);
#238=LINE('',#4145,#480);
#239=LINE('',#4148,#481);
#240=LINE('',#4150,#482);
#241=LINE('',#4152,#483);
#242=LINE('',#4154,#484);
#243=LINE('',#4156,#485);
#244=LINE('',#4158,#486);
#245=LINE('',#4160,#487);
#246=LINE('',#4169,#488);
#247=LINE('',#4173,#489);
#248=LINE('',#4175,#490);
#249=LINE('',#4191,#491);
#250=LINE('',#4193,#492);
#251=LINE('',#4197,#493);
#252=LINE('',#4199,#494);
#253=LINE('',#4210,#495);
#254=LINE('',#4214,#496);
#255=LINE('',#4218,#497);
#256=LINE('',#4219,#498);
#257=LINE('',#4222,#499);
#258=LINE('',#4224,#500);
#259=LINE('',#4226,#501);
#260=LINE('',#4228,#502);
#261=LINE('',#4231,#503);
#262=LINE('',#4232,#504);
#263=LINE('',#4246,#505);
#264=LINE('',#4256,#506);
#265=LINE('',#4263,#507);
#266=LINE('',#4437,#508);
#267=LINE('',#4446,#509);
#268=LINE('',#4963,#510);
#269=LINE('',#4970,#511);
#270=LINE('',#4982,#512);
#271=LINE('',#4988,#513);
#272=LINE('',#4990,#514);
#273=LINE('',#4992,#515);
#274=LINE('',#5060,#516);
#275=LINE('',#5717,#517);
#276=LINE('',#5730,#518);
#277=LINE('',#5732,#519);
#278=LINE('',#5735,#520);
#279=LINE('',#5737,#521);
#280=LINE('',#5739,#522);
#281=LINE('',#5741,#523);
#282=LINE('',#5744,#524);
#283=LINE('',#5746,#525);
#284=LINE('',#5748,#526);
#285=LINE('',#5750,#527);
#286=LINE('',#5753,#528);
#287=LINE('',#5755,#529);
#288=LINE('',#5757,#530);
#289=LINE('',#5759,#531);
#290=LINE('',#5762,#532);
#291=LINE('',#5764,#533);
#292=LINE('',#5766,#534);
#293=LINE('',#5768,#535);
#294=LINE('',#5770,#536);
#295=LINE('',#5772,#537);
#296=LINE('',#5774,#538);
#297=LINE('',#5776,#539);
#298=LINE('',#5788,#540);
#299=LINE('',#5790,#541);
#300=LINE('',#5792,#542);
#301=LINE('',#5794,#543);
#302=LINE('',#5796,#544);
#303=LINE('',#5798,#545);
#304=LINE('',#5800,#546);
#305=LINE('',#5802,#547);
#306=LINE('',#5804,#548);
#307=LINE('',#5806,#549);
#308=LINE('',#5808,#550);
#309=LINE('',#5810,#551);
#310=LINE('',#5816,#552);
#311=LINE('',#5818,#553);
#312=LINE('',#5820,#554);
#313=LINE('',#5822,#555);
#314=LINE('',#5824,#556);
#315=LINE('',#5826,#557);
#316=LINE('',#5828,#558);
#317=LINE('',#5830,#559);
#318=LINE('',#5831,#560);
#319=LINE('',#5833,#561);
#320=LINE('',#5840,#562);
#321=LINE('',#5842,#563);
#322=LINE('',#5844,#564);
#323=LINE('',#5847,#565);
#324=LINE('',#5849,#566);
#325=LINE('',#5851,#567);
#326=LINE('',#5853,#568);
#327=LINE('',#5861,#569);
#328=LINE('',#5863,#570);
#329=LINE('',#5867,#571);
#330=LINE('',#5873,#572);
#331=LINE('',#5875,#573);
#332=LINE('',#5881,#574);
#333=LINE('',#5883,#575);
#334=LINE('',#5885,#576);
#335=LINE('',#5888,#577);
#336=LINE('',#5890,#578);
#337=LINE('',#5892,#579);
#338=LINE('',#5899,#580);
#339=LINE('',#5903,#581);
#340=LINE('',#5905,#582);
#341=LINE('',#5907,#583);
#342=LINE('',#5909,#584);
#343=LINE('',#5911,#585);
#344=LINE('',#5913,#586);
#345=LINE('',#5915,#587);
#346=LINE('',#5917,#588);
#347=LINE('',#5919,#589);
#348=LINE('',#5921,#590);
#349=LINE('',#5923,#591);
#350=LINE('',#5951,#592);
#351=LINE('',#5953,#593);
#352=LINE('',#5968,#594);
#353=LINE('',#5970,#595);
#354=LINE('',#5977,#596);
#355=LINE('',#5984,#597);
#356=LINE('',#5986,#598);
#357=LINE('',#5994,#599);
#358=LINE('',#6002,#600);
#359=LINE('',#6005,#601);
#360=LINE('',#6007,#602);
#361=LINE('',#6009,#603);
#362=LINE('',#6040,#604);
#363=LINE('',#6047,#605);
#364=LINE('',#6065,#606);
#365=LINE('',#6066,#607);
#366=LINE('',#6068,#608);
#367=LINE('',#6070,#609);
#368=LINE('',#6177,#610);
#369=LINE('',#6192,#611);
#370=LINE('',#6200,#612);
#371=LINE('',#6202,#613);
#372=LINE('',#6213,#614);
#373=LINE('',#6215,#615);
#374=LINE('',#6217,#616);
#375=LINE('',#6219,#617);
#376=LINE('',#6224,#618);
#377=LINE('',#6230,#619);
#378=LINE('',#6232,#620);
#379=LINE('',#6234,#621);
#380=LINE('',#6236,#622);
#381=LINE('',#6239,#623);
#382=LINE('',#6240,#624);
#383=LINE('',#6242,#625);
#384=LINE('',#6244,#626);
#385=LINE('',#6246,#627);
#386=LINE('',#6248,#628);
#387=LINE('',#6250,#629);
#388=LINE('',#6252,#630);
#389=LINE('',#6254,#631);
#390=LINE('',#6256,#632);
#391=LINE('',#6258,#633);
#392=LINE('',#6260,#634);
#393=LINE('',#6262,#635);
#394=LINE('',#6264,#636);
#395=LINE('',#6266,#637);
#396=LINE('',#6268,#638);
#397=LINE('',#6270,#639);
#398=LINE('',#6272,#640);
#399=LINE('',#6274,#641);
#400=LINE('',#6276,#642);
#401=LINE('',#6287,#643);
#402=LINE('',#6288,#644);
#403=LINE('',#6290,#645);
#404=LINE('',#6292,#646);
#405=LINE('',#6293,#647);
#406=LINE('',#6300,#648);
#407=LINE('',#6672,#649);
#408=LINE('',#6709,#650);
#409=LINE('',#6717,#651);
#410=LINE('',#6755,#652);
#411=LINE('',#6769,#653);
#412=LINE('',#6771,#654);
#413=LINE('',#6780,#655);
#414=LINE('',#7066,#656);
#415=LINE('',#7069,#657);
#416=LINE('',#7071,#658);
#417=LINE('',#7073,#659);
#418=LINE('',#7075,#660);
#419=LINE('',#7077,#661);
#420=LINE('',#7376,#662);
#421=LINE('',#7381,#663);
#422=LINE('',#7385,#664);
#423=LINE('',#7387,#665);
#424=LINE('',#7389,#666);
#425=LINE('',#7431,#667);
#426=LINE('',#7433,#668);
#427=LINE('',#7443,#669);
#428=LINE('',#7451,#670);
#429=LINE('',#7528,#671);
#430=LINE('',#7714,#672);
#431=LINE('',#7716,#673);
#432=LINE('',#7718,#674);
#433=LINE('',#7719,#675);
#434=LINE('',#7737,#676);
#435=LINE('',#7924,#677);
#436=LINE('',#7926,#678);
#437=LINE('',#7928,#679);
#438=LINE('',#7969,#680);
#439=LINE('',#7972,#681);
#440=LINE('',#7976,#682);
#441=LINE('',#7978,#683);
#442=LINE('',#7979,#684);
#443=LINE('',#8152,#685);
#444=LINE('',#8154,#686);
#445=LINE('',#8157,#687);
#446=LINE('',#8161,#688);
#447=LINE('',#8168,#689);
#448=LINE('',#8170,#690);
#449=LINE('',#8202,#691);
#450=LINE('',#8277,#692);
#451=LINE('',#8279,#693);
#452=LINE('',#8281,#694);
#453=LINE('',#8620,#695);
#454=VECTOR('',#3429,1000.);
#455=VECTOR('',#3434,1000.);
#456=VECTOR('',#3435,1000.);
#457=VECTOR('',#3436,1000.);
#458=VECTOR('',#3437,1000.);
#459=VECTOR('',#3438,1000.);
#460=VECTOR('',#3439,1000.);
#461=VECTOR('',#3440,1000.);
#462=VECTOR('',#3441,1000.);
#463=VECTOR('',#3442,1000.);
#464=VECTOR('',#3443,1000.);
#465=VECTOR('',#3444,1000.);
#466=VECTOR('',#3445,1000.);
#467=VECTOR('',#3450,1000.);
#468=VECTOR('',#3451,1000.);
#469=VECTOR('',#3454,1000.);
#470=VECTOR('',#3455,1000.);
#471=VECTOR('',#3456,1000.);
#472=VECTOR('',#3457,1000.);
#473=VECTOR('',#3458,1000.);
#474=VECTOR('',#3459,1000.);
#475=VECTOR('',#3460,1000.);
#476=VECTOR('',#3463,1000.);
#477=VECTOR('',#3464,1000.);
#478=VECTOR('',#3465,1000.);
#479=VECTOR('',#3466,1000.);
#480=VECTOR('',#3469,1000.);
#481=VECTOR('',#3470,1000.);
#482=VECTOR('',#3471,1000.);
#483=VECTOR('',#3472,1000.);
#484=VECTOR('',#3473,1000.);
#485=VECTOR('',#3474,1000.);
#486=VECTOR('',#3475,1000.);
#487=VECTOR('',#3476,1000.);
#488=VECTOR('',#3477,1000.);
#489=VECTOR('',#3480,1000.);
#490=VECTOR('',#3481,1000.);
#491=VECTOR('',#3484,1000.);
#492=VECTOR('',#3485,1000.);
#493=VECTOR('',#3488,1000.);
#494=VECTOR('',#3489,1000.);
#495=VECTOR('',#3490,1000.);
#496=VECTOR('',#3493,1000.);
#497=VECTOR('',#3496,1000.);
#498=VECTOR('',#3497,1000.);
#499=VECTOR('',#3498,1000.);
#500=VECTOR('',#3499,1000.);
#501=VECTOR('',#3500,1000.);
#502=VECTOR('',#3503,1000.);
#503=VECTOR('',#3504,1000.);
#504=VECTOR('',#3505,1000.);
#505=VECTOR('',#3508,1000.);
#506=VECTOR('',#3509,1000.);
#507=VECTOR('',#3512,1000.);
#508=VECTOR('',#3515,1000.);
#509=VECTOR('',#3516,1000.);
#510=VECTOR('',#3519,1000.);
#511=VECTOR('',#3520,1000.);
#512=VECTOR('',#3521,1000.);
#513=VECTOR('',#3524,1000.);
#514=VECTOR('',#3525,1000.);
#515=VECTOR('',#3528,1000.);
#516=VECTOR('',#3529,1000.);
#517=VECTOR('',#3534,1000.);
#518=VECTOR('',#3535,1000.);
#519=VECTOR('',#3538,1000.);
#520=VECTOR('',#3539,1000.);
#521=VECTOR('',#3540,1000.);
#522=VECTOR('',#3541,1000.);
#523=VECTOR('',#3544,1000.);
#524=VECTOR('',#3545,1000.);
#525=VECTOR('',#3546,1000.);
#526=VECTOR('',#3547,1000.);
#527=VECTOR('',#3550,1000.);
#528=VECTOR('',#3551,1000.);
#529=VECTOR('',#3552,1000.);
#530=VECTOR('',#3553,1000.);
#531=VECTOR('',#3556,1000.);
#532=VECTOR('',#3557,1000.);
#533=VECTOR('',#3558,1000.);
#534=VECTOR('',#3559,1000.);
#535=VECTOR('',#3562,1000.);
#536=VECTOR('',#3563,1000.);
#537=VECTOR('',#3564,1000.);
#538=VECTOR('',#3567,1000.);
#539=VECTOR('',#3568,1000.);
#540=VECTOR('',#3573,1000.);
#541=VECTOR('',#3576,1000.);
#542=VECTOR('',#3577,1000.);
#543=VECTOR('',#3578,1000.);
#544=VECTOR('',#3581,1000.);
#545=VECTOR('',#3582,1000.);
#546=VECTOR('',#3585,1000.);
#547=VECTOR('',#3588,1000.);
#548=VECTOR('',#3589,1000.);
#549=VECTOR('',#3592,1000.);
#550=VECTOR('',#3593,1000.);
#551=VECTOR('',#3596,1000.);
#552=VECTOR('',#3599,1000.);
#553=VECTOR('',#3602,1000.);
#554=VECTOR('',#3603,1000.);
#555=VECTOR('',#3606,1000.);
#556=VECTOR('',#3607,1000.);
#557=VECTOR('',#3610,1000.);
#558=VECTOR('',#3611,1000.);
#559=VECTOR('',#3614,1000.);
#560=VECTOR('',#3615,1000.);
#561=VECTOR('',#3618,1000.);
#562=VECTOR('',#3619,1000.);
#563=VECTOR('',#3620,1000.);
#564=VECTOR('',#3621,1000.);
#565=VECTOR('',#3624,1000.);
#566=VECTOR('',#3625,1000.);
#567=VECTOR('',#3626,1000.);
#568=VECTOR('',#3629,1000.);
#569=VECTOR('',#3638,1000.);
#570=VECTOR('',#3641,1000.);
#571=VECTOR('',#3646,1000.);
#572=VECTOR('',#3653,1000.);
#573=VECTOR('',#3656,1000.);
#574=VECTOR('',#3663,1000.);
#575=VECTOR('',#3666,1000.);
#576=VECTOR('',#3669,1000.);
#577=VECTOR('',#3670,1000.);
#578=VECTOR('',#3671,1000.);
#579=VECTOR('',#3672,1000.);
#580=VECTOR('',#3679,1000.);
#581=VECTOR('',#3684,1000.);
#582=VECTOR('',#3685,1000.);
#583=VECTOR('',#3686,1000.);
#584=VECTOR('',#3689,1000.);
#585=VECTOR('',#3690,1000.);
#586=VECTOR('',#3693,1000.);
#587=VECTOR('',#3694,1000.);
#588=VECTOR('',#3697,1000.);
#589=VECTOR('',#3700,1000.);
#590=VECTOR('',#3701,1000.);
#591=VECTOR('',#3702,1000.);
#592=VECTOR('',#3713,1000.);
#593=VECTOR('',#3714,1000.);
#594=VECTOR('',#3715,1000.);
#595=VECTOR('',#3716,1000.);
#596=VECTOR('',#3719,1000.);
#597=VECTOR('',#3720,1000.);
#598=VECTOR('',#3723,1000.);
#599=VECTOR('',#3726,1000.);
#600=VECTOR('',#3727,1000.);
#601=VECTOR('',#3730,1000.);
#602=VECTOR('',#3731,1000.);
#603=VECTOR('',#3734,1000.);
#604=VECTOR('',#3739,1000.);
#605=VECTOR('',#3740,1000.);
#606=VECTOR('',#3741,1000.);
#607=VECTOR('',#3742,1000.);
#608=VECTOR('',#3743,1000.);
#609=VECTOR('',#3744,1000.);
#610=VECTOR('',#3747,1000.);
#611=VECTOR('',#3752,1000.);
#612=VECTOR('',#3753,1000.);
#613=VECTOR('',#3754,1000.);
#614=VECTOR('',#3755,1000.);
#615=VECTOR('',#3758,1000.);
#616=VECTOR('',#3759,1000.);
#617=VECTOR('',#3760,1000.);
#618=VECTOR('',#3765,1000.);
#619=VECTOR('',#3766,1000.);
#620=VECTOR('',#3769,1000.);
#621=VECTOR('',#3770,1000.);
#622=VECTOR('',#3773,1000.);
#623=VECTOR('',#3778,1000.);
#624=VECTOR('',#3779,1000.);
#625=VECTOR('',#3782,1000.);
#626=VECTOR('',#3783,1000.);
#627=VECTOR('',#3784,1000.);
#628=VECTOR('',#3787,1000.);
#629=VECTOR('',#3788,1000.);
#630=VECTOR('',#3789,1000.);
#631=VECTOR('',#3792,1000.);
#632=VECTOR('',#3793,1000.);
#633=VECTOR('',#3796,1000.);
#634=VECTOR('',#3797,1000.);
#635=VECTOR('',#3800,1000.);
#636=VECTOR('',#3801,1000.);
#637=VECTOR('',#3804,1000.);
#638=VECTOR('',#3805,1000.);
#639=VECTOR('',#3808,1000.);
#640=VECTOR('',#3809,1000.);
#641=VECTOR('',#3812,1000.);
#642=VECTOR('',#3813,1000.);
#643=VECTOR('',#3816,1000.);
#644=VECTOR('',#3817,1000.);
#645=VECTOR('',#3820,1000.);
#646=VECTOR('',#3823,1000.);
#647=VECTOR('',#3824,1000.);
#648=VECTOR('',#3825,1000.);
#649=VECTOR('',#3830,1000.);
#650=VECTOR('',#3831,1000.);
#651=VECTOR('',#3832,1000.);
#652=VECTOR('',#3833,1000.);
#653=VECTOR('',#3836,1000.);
#654=VECTOR('',#3837,1000.);
#655=VECTOR('',#3838,1000.);
#656=VECTOR('',#3841,1000.);
#657=VECTOR('',#3842,1000.);
#658=VECTOR('',#3843,1000.);
#659=VECTOR('',#3844,1000.);
#660=VECTOR('',#3847,1000.);
#661=VECTOR('',#3848,1000.);
#662=VECTOR('',#3857,1000.);
#663=VECTOR('',#3860,1000.);
#664=VECTOR('',#3865,1000.);
#665=VECTOR('',#3866,1000.);
#666=VECTOR('',#3867,1000.);
#667=VECTOR('',#3870,1000.);
#668=VECTOR('',#3871,1000.);
#669=VECTOR('',#3872,1000.);
#670=VECTOR('',#3879,1000.);
#671=VECTOR('',#3884,1000.);
#672=VECTOR('',#3887,1000.);
#673=VECTOR('',#3888,1000.);
#674=VECTOR('',#3889,1000.);
#675=VECTOR('',#3890,1000.);
#676=VECTOR('',#3895,1000.);
#677=VECTOR('',#3904,1000.);
#678=VECTOR('',#3907,1000.);
#679=VECTOR('',#3910,1000.);
#680=VECTOR('',#3923,1000.);
#681=VECTOR('',#3928,1000.);
#682=VECTOR('',#3935,1000.);
#683=VECTOR('',#3938,1000.);
#684=VECTOR('',#3939,1000.);
#685=VECTOR('',#3946,1000.);
#686=VECTOR('',#3947,1000.);
#687=VECTOR('',#3952,1000.);
#688=VECTOR('',#3955,1000.);
#689=VECTOR('',#3966,1000.);
#690=VECTOR('',#3969,1000.);
#691=VECTOR('',#3974,1000.);
#692=VECTOR('',#3977,1000.);
#693=VECTOR('',#3980,1000.);
#694=VECTOR('',#3983,1000.);
#695=VECTOR('',#4006,1000.);
#696=(
BOUNDED_CURVE()
B_SPLINE_CURVE(3,(#4027,#4028,#4029,#4030),.UNSPECIFIED.,.F.,.F.)
B_SPLINE_CURVE_WITH_KNOTS((4,4),(0.,1.),.PIECEWISE_BEZIER_KNOTS.)
CURVE()
GEOMETRIC_REPRESENTATION_ITEM()
RATIONAL_B_SPLINE_CURVE((1.,1.,1.,1.))
REPRESENTATION_ITEM('')
);
#697=(
BOUNDED_CURVE()
B_SPLINE_CURVE(3,(#4043,#4044,#4045,#4046,#4047,#4048,#4049,#4050,#4051,
#4052,#4053,#4054),.UNSPECIFIED.,.F.,.F.)
B_SPLINE_CURVE_WITH_KNOTS((4,2,2,2,2,4),(0.36539584770895,0.523214294254418,
0.681032740799887,0.838851187345356,0.996669633890825,1.),.UNSPECIFIED.)
CURVE()
GEOMETRIC_REPRESENTATION_ITEM()
RATIONAL_B_SPLINE_CURVE((1.,1.,1.,1.,1.,1.,1.,1.,1.,1.,1.,1.))
REPRESENTATION_ITEM('')
);
#698=(
BOUNDED_CURVE()
B_SPLINE_CURVE(3,(#4877,#4878,#4879,#4880,#4881,#4882,#4883,#4884,#4885,
#4886,#4887,#4888,#4889,#4890,#4891,#4892,#4893,#4894,#4895,#4896,#4897,
#4898,#4899,#4900,#4901,#4902,#4903,#4904,#4905,#4906,#4907,#4908,#4909,
#4910,#4911,#4912,#4913,#4914,#4915,#4916,#4917,#4918,#4919,#4920,#4921,
#4922,#4923,#4924,#4925,#4926,#4927,#4928,#4929,#4930,#4931,#4932,#4933,
#4934,#4935,#4936,#4937,#4938,#4939,#4940,#4941,#4942,#4943,#4944,#4945,
#4946,#4947,#4948,#4949,#4950,#4951,#4952,#4953,#4954,#4955,#4956),
 .UNSPECIFIED.,.F.,.F.)
B_SPLINE_CURVE_WITH_KNOTS((4,3,3,3,3,3,3,3,3,3,3,3,2,2,2,2,2,3,3,3,3,3,
3,3,3,3,3,3,4),(-8.460801970185,-6.39292459245,-4.8022496865,-3.578653605,
-2.63742585,-1.9134045,-1.356465,-0.92805,-0.5985,-0.345,-0.15,0.,0.199872815548657,
0.48034649206314,0.760820168577397,0.901057006834513,0.971175425963095,
1.,1.15,1.345,1.5985,1.92805,2.356465,2.9134045,3.63742585,4.578653605,
5.8022496865,7.39292459245,9.460801970185),.UNSPECIFIED.)
CURVE()
GEOMETRIC_REPRESENTATION_ITEM()
RATIONAL_B_SPLINE_CURVE((1.,1.,1.,1.,1.,1.,1.,1.,1.,1.,1.,1.,1.,1.,1.,1.,
1.,1.,1.,1.,1.,1.,1.,1.,1.,1.,1.,1.,1.,1.,1.,1.,1.,1.,1.,1.,1.,1.,1.,1.,
1.,1.,1.,1.,1.,1.,1.,1.,1.,1.,1.,1.,1.,1.,1.,1.,1.,1.,1.,1.,1.,1.,1.,1.,
1.,1.,1.,1.,1.,1.,1.,1.,1.,1.,1.,1.,1.,1.,1.,1.))
REPRESENTATION_ITEM('')
);
#699=(
BOUNDED_CURVE()
B_SPLINE_CURVE(3,(#8021,#8022,#8023,#8024,#8025,#8026,#8027,#8028,#8029,
#8030,#8031,#8032),.UNSPECIFIED.,.F.,.F.)
B_SPLINE_CURVE_WITH_KNOTS((4,2,2,2,2,4),(0.36539584770895,0.523214294254418,
0.681032740799887,0.838851187345356,0.996669633890825,1.),.UNSPECIFIED.)
CURVE()
GEOMETRIC_REPRESENTATION_ITEM()
RATIONAL_B_SPLINE_CURVE((1.,1.,1.,1.,1.,1.,1.,1.,1.,1.,1.,1.))
REPRESENTATION_ITEM('')
);
#700=ORIENTED_EDGE('',*,*,#1666,.F.);
#701=ORIENTED_EDGE('',*,*,#1667,.F.);
#702=ORIENTED_EDGE('',*,*,#1668,.T.);
#703=ORIENTED_EDGE('',*,*,#1669,.T.);
#704=ORIENTED_EDGE('',*,*,#1667,.T.);
#705=ORIENTED_EDGE('',*,*,#1670,.T.);
#706=ORIENTED_EDGE('',*,*,#1671,.T.);
#707=ORIENTED_EDGE('',*,*,#1672,.T.);
#708=ORIENTED_EDGE('',*,*,#1673,.T.);
#709=ORIENTED_EDGE('',*,*,#1674,.T.);
#710=ORIENTED_EDGE('',*,*,#1675,.T.);
#711=ORIENTED_EDGE('',*,*,#1676,.T.);
#712=ORIENTED_EDGE('',*,*,#1677,.T.);
#713=ORIENTED_EDGE('',*,*,#1678,.T.);
#714=ORIENTED_EDGE('',*,*,#1679,.T.);
#715=ORIENTED_EDGE('',*,*,#1680,.T.);
#716=ORIENTED_EDGE('',*,*,#1681,.T.);
#717=ORIENTED_EDGE('',*,*,#1682,.T.);
#718=ORIENTED_EDGE('',*,*,#1683,.F.);
#719=ORIENTED_EDGE('',*,*,#1684,.T.);
#720=ORIENTED_EDGE('',*,*,#1685,.F.);
#721=ORIENTED_EDGE('',*,*,#1686,.T.);
#722=ORIENTED_EDGE('',*,*,#1687,.F.);
#723=ORIENTED_EDGE('',*,*,#1671,.F.);
#724=ORIENTED_EDGE('',*,*,#1688,.F.);
#725=ORIENTED_EDGE('',*,*,#1689,.T.);
#726=ORIENTED_EDGE('',*,*,#1690,.T.);
#727=ORIENTED_EDGE('',*,*,#1691,.T.);
#728=ORIENTED_EDGE('',*,*,#1692,.T.);
#729=ORIENTED_EDGE('',*,*,#1683,.T.);
#730=ORIENTED_EDGE('',*,*,#1693,.T.);
#731=ORIENTED_EDGE('',*,*,#1694,.T.);
#732=ORIENTED_EDGE('',*,*,#1695,.T.);
#733=ORIENTED_EDGE('',*,*,#1696,.T.);
#734=ORIENTED_EDGE('',*,*,#1694,.F.);
#735=ORIENTED_EDGE('',*,*,#1697,.T.);
#736=ORIENTED_EDGE('',*,*,#1698,.F.);
#737=ORIENTED_EDGE('',*,*,#1699,.T.);
#738=ORIENTED_EDGE('',*,*,#1700,.T.);
#739=ORIENTED_EDGE('',*,*,#1701,.T.);
#740=ORIENTED_EDGE('',*,*,#1702,.T.);
#741=ORIENTED_EDGE('',*,*,#1703,.F.);
#742=ORIENTED_EDGE('',*,*,#1704,.F.);
#743=ORIENTED_EDGE('',*,*,#1705,.T.);
#744=ORIENTED_EDGE('',*,*,#1706,.F.);
#745=ORIENTED_EDGE('',*,*,#1707,.F.);
#746=ORIENTED_EDGE('',*,*,#1708,.F.);
#747=ORIENTED_EDGE('',*,*,#1709,.F.);
#748=ORIENTED_EDGE('',*,*,#1710,.T.);
#749=ORIENTED_EDGE('',*,*,#1711,.T.);
#750=ORIENTED_EDGE('',*,*,#1712,.T.);
#751=ORIENTED_EDGE('',*,*,#1713,.T.);
#752=ORIENTED_EDGE('',*,*,#1714,.F.);
#753=ORIENTED_EDGE('',*,*,#1715,.T.);
#754=ORIENTED_EDGE('',*,*,#1716,.T.);
#755=ORIENTED_EDGE('',*,*,#1717,.T.);
#756=ORIENTED_EDGE('',*,*,#1718,.T.);
#757=ORIENTED_EDGE('',*,*,#1719,.F.);
#758=ORIENTED_EDGE('',*,*,#1720,.F.);
#759=ORIENTED_EDGE('',*,*,#1721,.F.);
#760=ORIENTED_EDGE('',*,*,#1722,.T.);
#761=ORIENTED_EDGE('',*,*,#1723,.T.);
#762=ORIENTED_EDGE('',*,*,#1724,.T.);
#763=ORIENTED_EDGE('',*,*,#1725,.T.);
#764=ORIENTED_EDGE('',*,*,#1726,.F.);
#765=ORIENTED_EDGE('',*,*,#1727,.F.);
#766=ORIENTED_EDGE('',*,*,#1728,.T.);
#767=ORIENTED_EDGE('',*,*,#1729,.T.);
#768=ORIENTED_EDGE('',*,*,#1730,.T.);
#769=ORIENTED_EDGE('',*,*,#1731,.T.);
#770=ORIENTED_EDGE('',*,*,#1732,.T.);
#771=ORIENTED_EDGE('',*,*,#1733,.F.);
#772=ORIENTED_EDGE('',*,*,#1734,.T.);
#773=ORIENTED_EDGE('',*,*,#1698,.T.);
#774=ORIENTED_EDGE('',*,*,#1735,.T.);
#775=ORIENTED_EDGE('',*,*,#1736,.T.);
#776=ORIENTED_EDGE('',*,*,#1737,.T.);
#777=ORIENTED_EDGE('',*,*,#1738,.F.);
#778=ORIENTED_EDGE('',*,*,#1739,.F.);
#779=ORIENTED_EDGE('',*,*,#1740,.F.);
#780=ORIENTED_EDGE('',*,*,#1741,.F.);
#781=ORIENTED_EDGE('',*,*,#1742,.T.);
#782=ORIENTED_EDGE('',*,*,#1743,.T.);
#783=ORIENTED_EDGE('',*,*,#1738,.T.);
#784=ORIENTED_EDGE('',*,*,#1744,.T.);
#785=ORIENTED_EDGE('',*,*,#1739,.T.);
#786=ORIENTED_EDGE('',*,*,#1743,.F.);
#787=ORIENTED_EDGE('',*,*,#1745,.T.);
#788=ORIENTED_EDGE('',*,*,#1746,.F.);
#789=ORIENTED_EDGE('',*,*,#1746,.T.);
#790=ORIENTED_EDGE('',*,*,#1747,.T.);
#791=ORIENTED_EDGE('',*,*,#1748,.T.);
#792=ORIENTED_EDGE('',*,*,#1749,.T.);
#793=ORIENTED_EDGE('',*,*,#1750,.T.);
#794=ORIENTED_EDGE('',*,*,#1751,.F.);
#795=ORIENTED_EDGE('',*,*,#1752,.T.);
#796=ORIENTED_EDGE('',*,*,#1753,.F.);
#797=ORIENTED_EDGE('',*,*,#1754,.F.);
#798=ORIENTED_EDGE('',*,*,#1755,.T.);
#799=ORIENTED_EDGE('',*,*,#1740,.T.);
#800=ORIENTED_EDGE('',*,*,#1744,.F.);
#801=ORIENTED_EDGE('',*,*,#1750,.F.);
#802=ORIENTED_EDGE('',*,*,#1756,.F.);
#803=ORIENTED_EDGE('',*,*,#1754,.T.);
#804=ORIENTED_EDGE('',*,*,#1757,.T.);
#805=ORIENTED_EDGE('',*,*,#1758,.F.);
#806=ORIENTED_EDGE('',*,*,#1759,.T.);
#807=ORIENTED_EDGE('',*,*,#1760,.T.);
#808=ORIENTED_EDGE('',*,*,#1761,.T.);
#809=ORIENTED_EDGE('',*,*,#1762,.T.);
#810=ORIENTED_EDGE('',*,*,#1712,.F.);
#811=ORIENTED_EDGE('',*,*,#1763,.T.);
#812=ORIENTED_EDGE('',*,*,#1764,.F.);
#813=ORIENTED_EDGE('',*,*,#1765,.T.);
#814=ORIENTED_EDGE('',*,*,#1761,.F.);
#815=ORIENTED_EDGE('',*,*,#1766,.F.);
#816=ORIENTED_EDGE('',*,*,#1764,.T.);
#817=ORIENTED_EDGE('',*,*,#1767,.F.);
#818=ORIENTED_EDGE('',*,*,#1768,.F.);
#819=ORIENTED_EDGE('',*,*,#1769,.T.);
#820=ORIENTED_EDGE('',*,*,#1770,.F.);
#821=ORIENTED_EDGE('',*,*,#1736,.F.);
#822=ORIENTED_EDGE('',*,*,#1755,.F.);
#823=ORIENTED_EDGE('',*,*,#1756,.T.);
#824=ORIENTED_EDGE('',*,*,#1771,.F.);
#825=ORIENTED_EDGE('',*,*,#1741,.T.);
#826=ORIENTED_EDGE('',*,*,#1737,.F.);
#827=ORIENTED_EDGE('',*,*,#1770,.T.);
#828=ORIENTED_EDGE('',*,*,#1772,.T.);
#829=ORIENTED_EDGE('',*,*,#1773,.F.);
#830=ORIENTED_EDGE('',*,*,#1774,.T.);
#831=ORIENTED_EDGE('',*,*,#1775,.T.);
#832=ORIENTED_EDGE('',*,*,#1776,.F.);
#833=ORIENTED_EDGE('',*,*,#1700,.F.);
#834=ORIENTED_EDGE('',*,*,#1777,.T.);
#835=ORIENTED_EDGE('',*,*,#1778,.T.);
#836=ORIENTED_EDGE('',*,*,#1751,.T.);
#837=ORIENTED_EDGE('',*,*,#1749,.F.);
#838=ORIENTED_EDGE('',*,*,#1779,.T.);
#839=ORIENTED_EDGE('',*,*,#1780,.T.);
#840=ORIENTED_EDGE('',*,*,#1777,.F.);
#841=ORIENTED_EDGE('',*,*,#1781,.T.);
#842=ORIENTED_EDGE('',*,*,#1782,.T.);
#843=ORIENTED_EDGE('',*,*,#1783,.T.);
#844=ORIENTED_EDGE('',*,*,#1784,.F.);
#845=ORIENTED_EDGE('',*,*,#1785,.F.);
#846=ORIENTED_EDGE('',*,*,#1775,.F.);
#847=ORIENTED_EDGE('',*,*,#1786,.T.);
#848=ORIENTED_EDGE('',*,*,#1787,.T.);
#849=ORIENTED_EDGE('',*,*,#1758,.T.);
#850=ORIENTED_EDGE('',*,*,#1788,.T.);
#851=ORIENTED_EDGE('',*,*,#1710,.F.);
#852=ORIENTED_EDGE('',*,*,#1771,.T.);
#853=ORIENTED_EDGE('',*,*,#1759,.F.);
#854=ORIENTED_EDGE('',*,*,#1787,.F.);
#855=ORIENTED_EDGE('',*,*,#1789,.T.);
#856=ORIENTED_EDGE('',*,*,#1790,.T.);
#857=ORIENTED_EDGE('',*,*,#1791,.F.);
#858=ORIENTED_EDGE('',*,*,#1792,.T.);
#859=ORIENTED_EDGE('',*,*,#1793,.T.);
#860=ORIENTED_EDGE('',*,*,#1794,.T.);
#861=ORIENTED_EDGE('',*,*,#1795,.T.);
#862=ORIENTED_EDGE('',*,*,#1796,.T.);
#863=ORIENTED_EDGE('',*,*,#1797,.F.);
#864=ORIENTED_EDGE('',*,*,#1798,.F.);
#865=ORIENTED_EDGE('',*,*,#1799,.F.);
#866=ORIENTED_EDGE('',*,*,#1800,.F.);
#867=ORIENTED_EDGE('',*,*,#1801,.F.);
#868=ORIENTED_EDGE('',*,*,#1802,.F.);
#869=ORIENTED_EDGE('',*,*,#1803,.F.);
#870=ORIENTED_EDGE('',*,*,#1804,.F.);
#871=ORIENTED_EDGE('',*,*,#1805,.F.);
#872=ORIENTED_EDGE('',*,*,#1806,.F.);
#873=ORIENTED_EDGE('',*,*,#1807,.T.);
#874=ORIENTED_EDGE('',*,*,#1808,.T.);
#875=ORIENTED_EDGE('',*,*,#1794,.F.);
#876=ORIENTED_EDGE('',*,*,#1809,.T.);
#877=ORIENTED_EDGE('',*,*,#1810,.T.);
#878=ORIENTED_EDGE('',*,*,#1811,.T.);
#879=ORIENTED_EDGE('',*,*,#1795,.F.);
#880=ORIENTED_EDGE('',*,*,#1811,.F.);
#881=ORIENTED_EDGE('',*,*,#1812,.T.);
#882=ORIENTED_EDGE('',*,*,#1813,.T.);
#883=ORIENTED_EDGE('',*,*,#1814,.F.);
#884=ORIENTED_EDGE('',*,*,#1796,.F.);
#885=ORIENTED_EDGE('',*,*,#1813,.F.);
#886=ORIENTED_EDGE('',*,*,#1815,.T.);
#887=ORIENTED_EDGE('',*,*,#1814,.T.);
#888=ORIENTED_EDGE('',*,*,#1816,.T.);
#889=ORIENTED_EDGE('',*,*,#1809,.F.);
#890=ORIENTED_EDGE('',*,*,#1793,.F.);
#891=ORIENTED_EDGE('',*,*,#1808,.F.);
#892=ORIENTED_EDGE('',*,*,#1817,.T.);
#893=ORIENTED_EDGE('',*,*,#1818,.T.);
#894=ORIENTED_EDGE('',*,*,#1819,.F.);
#895=ORIENTED_EDGE('',*,*,#1820,.T.);
#896=ORIENTED_EDGE('',*,*,#1805,.T.);
#897=ORIENTED_EDGE('',*,*,#1819,.T.);
#898=ORIENTED_EDGE('',*,*,#1821,.F.);
#899=ORIENTED_EDGE('',*,*,#1697,.F.);
#900=ORIENTED_EDGE('',*,*,#1693,.F.);
#901=ORIENTED_EDGE('',*,*,#1682,.F.);
#902=ORIENTED_EDGE('',*,*,#1822,.T.);
#903=ORIENTED_EDGE('',*,*,#1823,.T.);
#904=ORIENTED_EDGE('',*,*,#1822,.F.);
#905=ORIENTED_EDGE('',*,*,#1681,.F.);
#906=ORIENTED_EDGE('',*,*,#1824,.T.);
#907=ORIENTED_EDGE('',*,*,#1825,.T.);
#908=ORIENTED_EDGE('',*,*,#1826,.T.);
#909=ORIENTED_EDGE('',*,*,#1824,.F.);
#910=ORIENTED_EDGE('',*,*,#1680,.F.);
#911=ORIENTED_EDGE('',*,*,#1827,.T.);
#912=ORIENTED_EDGE('',*,*,#1828,.T.);
#913=ORIENTED_EDGE('',*,*,#1825,.F.);
#914=ORIENTED_EDGE('',*,*,#1679,.F.);
#915=ORIENTED_EDGE('',*,*,#1829,.T.);
#916=ORIENTED_EDGE('',*,*,#1816,.F.);
#917=ORIENTED_EDGE('',*,*,#1827,.F.);
#918=ORIENTED_EDGE('',*,*,#1678,.F.);
#919=ORIENTED_EDGE('',*,*,#1830,.T.);
#920=ORIENTED_EDGE('',*,*,#1831,.T.);
#921=ORIENTED_EDGE('',*,*,#1829,.F.);
#922=ORIENTED_EDGE('',*,*,#1677,.F.);
#923=ORIENTED_EDGE('',*,*,#1832,.T.);
#924=ORIENTED_EDGE('',*,*,#1833,.T.);
#925=ORIENTED_EDGE('',*,*,#1830,.F.);
#926=ORIENTED_EDGE('',*,*,#1676,.F.);
#927=ORIENTED_EDGE('',*,*,#1834,.T.);
#928=ORIENTED_EDGE('',*,*,#1835,.T.);
#929=ORIENTED_EDGE('',*,*,#1832,.F.);
#930=ORIENTED_EDGE('',*,*,#1675,.F.);
#931=ORIENTED_EDGE('',*,*,#1674,.F.);
#932=ORIENTED_EDGE('',*,*,#1836,.T.);
#933=ORIENTED_EDGE('',*,*,#1817,.F.);
#934=ORIENTED_EDGE('',*,*,#1837,.T.);
#935=ORIENTED_EDGE('',*,*,#1834,.F.);
#936=ORIENTED_EDGE('',*,*,#1818,.F.);
#937=ORIENTED_EDGE('',*,*,#1838,.T.);
#938=ORIENTED_EDGE('',*,*,#1839,.T.);
#939=ORIENTED_EDGE('',*,*,#1840,.T.);
#940=ORIENTED_EDGE('',*,*,#1841,.F.);
#941=ORIENTED_EDGE('',*,*,#1842,.F.);
#942=ORIENTED_EDGE('',*,*,#1843,.F.);
#943=ORIENTED_EDGE('',*,*,#1713,.F.);
#944=ORIENTED_EDGE('',*,*,#1762,.F.);
#945=ORIENTED_EDGE('',*,*,#1765,.F.);
#946=ORIENTED_EDGE('',*,*,#1766,.T.);
#947=ORIENTED_EDGE('',*,*,#1844,.F.);
#948=ORIENTED_EDGE('',*,*,#1845,.F.);
#949=ORIENTED_EDGE('',*,*,#1846,.T.);
#950=ORIENTED_EDGE('',*,*,#1821,.T.);
#951=ORIENTED_EDGE('',*,*,#1847,.F.);
#952=ORIENTED_EDGE('',*,*,#1848,.F.);
#953=ORIENTED_EDGE('',*,*,#1797,.T.);
#954=ORIENTED_EDGE('',*,*,#1849,.F.);
#955=ORIENTED_EDGE('',*,*,#1850,.T.);
#956=ORIENTED_EDGE('',*,*,#1798,.T.);
#957=ORIENTED_EDGE('',*,*,#1848,.T.);
#958=ORIENTED_EDGE('',*,*,#1851,.F.);
#959=ORIENTED_EDGE('',*,*,#1799,.T.);
#960=ORIENTED_EDGE('',*,*,#1850,.F.);
#961=ORIENTED_EDGE('',*,*,#1852,.F.);
#962=ORIENTED_EDGE('',*,*,#1853,.F.);
#963=ORIENTED_EDGE('',*,*,#1849,.T.);
#964=ORIENTED_EDGE('',*,*,#1800,.T.);
#965=ORIENTED_EDGE('',*,*,#1853,.T.);
#966=ORIENTED_EDGE('',*,*,#1854,.F.);
#967=ORIENTED_EDGE('',*,*,#1855,.T.);
#968=ORIENTED_EDGE('',*,*,#1804,.T.);
#969=ORIENTED_EDGE('',*,*,#1856,.T.);
#970=ORIENTED_EDGE('',*,*,#1857,.F.);
#971=ORIENTED_EDGE('',*,*,#1858,.F.);
#972=ORIENTED_EDGE('',*,*,#1859,.F.);
#973=ORIENTED_EDGE('',*,*,#1801,.T.);
#974=ORIENTED_EDGE('',*,*,#1855,.F.);
#975=ORIENTED_EDGE('',*,*,#1860,.T.);
#976=ORIENTED_EDGE('',*,*,#1802,.T.);
#977=ORIENTED_EDGE('',*,*,#1859,.T.);
#978=ORIENTED_EDGE('',*,*,#1861,.F.);
#979=ORIENTED_EDGE('',*,*,#1803,.T.);
#980=ORIENTED_EDGE('',*,*,#1860,.F.);
#981=ORIENTED_EDGE('',*,*,#1862,.F.);
#982=ORIENTED_EDGE('',*,*,#1856,.F.);
#983=ORIENTED_EDGE('',*,*,#1862,.T.);
#984=ORIENTED_EDGE('',*,*,#1861,.T.);
#985=ORIENTED_EDGE('',*,*,#1858,.T.);
#986=ORIENTED_EDGE('',*,*,#1857,.T.);
#987=ORIENTED_EDGE('',*,*,#1854,.T.);
#988=ORIENTED_EDGE('',*,*,#1852,.T.);
#989=ORIENTED_EDGE('',*,*,#1851,.T.);
#990=ORIENTED_EDGE('',*,*,#1847,.T.);
#991=ORIENTED_EDGE('',*,*,#1863,.T.);
#992=ORIENTED_EDGE('',*,*,#1864,.T.);
#993=ORIENTED_EDGE('',*,*,#1865,.T.);
#994=ORIENTED_EDGE('',*,*,#1866,.T.);
#995=ORIENTED_EDGE('',*,*,#1867,.F.);
#996=ORIENTED_EDGE('',*,*,#1868,.T.);
#997=ORIENTED_EDGE('',*,*,#1869,.T.);
#998=ORIENTED_EDGE('',*,*,#1870,.T.);
#999=ORIENTED_EDGE('',*,*,#1864,.F.);
#1000=ORIENTED_EDGE('',*,*,#1871,.F.);
#1001=ORIENTED_EDGE('',*,*,#1872,.T.);
#1002=ORIENTED_EDGE('',*,*,#1873,.T.);
#1003=ORIENTED_EDGE('',*,*,#1865,.F.);
#1004=ORIENTED_EDGE('',*,*,#1873,.F.);
#1005=ORIENTED_EDGE('',*,*,#1874,.T.);
#1006=ORIENTED_EDGE('',*,*,#1875,.T.);
#1007=ORIENTED_EDGE('',*,*,#1866,.F.);
#1008=ORIENTED_EDGE('',*,*,#1875,.F.);
#1009=ORIENTED_EDGE('',*,*,#1876,.T.);
#1010=ORIENTED_EDGE('',*,*,#1877,.T.);
#1011=ORIENTED_EDGE('',*,*,#1878,.T.);
#1012=ORIENTED_EDGE('',*,*,#1871,.T.);
#1013=ORIENTED_EDGE('',*,*,#1863,.F.);
#1014=ORIENTED_EDGE('',*,*,#1877,.F.);
#1015=ORIENTED_EDGE('',*,*,#1731,.F.);
#1016=ORIENTED_EDGE('',*,*,#1879,.F.);
#1017=ORIENTED_EDGE('',*,*,#1880,.T.);
#1018=ORIENTED_EDGE('',*,*,#1881,.T.);
#1019=ORIENTED_EDGE('',*,*,#1882,.T.);
#1020=ORIENTED_EDGE('',*,*,#1883,.T.);
#1021=ORIENTED_EDGE('',*,*,#1884,.T.);
#1022=ORIENTED_EDGE('',*,*,#1885,.T.);
#1023=ORIENTED_EDGE('',*,*,#1867,.T.);
#1024=ORIENTED_EDGE('',*,*,#1886,.T.);
#1025=ORIENTED_EDGE('',*,*,#1887,.T.);
#1026=ORIENTED_EDGE('',*,*,#1888,.T.);
#1027=ORIENTED_EDGE('',*,*,#1732,.F.);
#1028=ORIENTED_EDGE('',*,*,#1881,.F.);
#1029=ORIENTED_EDGE('',*,*,#1889,.T.);
#1030=ORIENTED_EDGE('',*,*,#1890,.T.);
#1031=ORIENTED_EDGE('',*,*,#1891,.F.);
#1032=ORIENTED_EDGE('',*,*,#1791,.T.);
#1033=ORIENTED_EDGE('',*,*,#1892,.F.);
#1034=ORIENTED_EDGE('',*,*,#1893,.F.);
#1035=ORIENTED_EDGE('',*,*,#1894,.T.);
#1036=ORIENTED_EDGE('',*,*,#1893,.T.);
#1037=ORIENTED_EDGE('',*,*,#1895,.F.);
#1038=ORIENTED_EDGE('',*,*,#1707,.T.);
#1039=ORIENTED_EDGE('',*,*,#1896,.T.);
#1040=ORIENTED_EDGE('',*,*,#1897,.T.);
#1041=ORIENTED_EDGE('',*,*,#1695,.F.);
#1042=ORIENTED_EDGE('',*,*,#1696,.F.);
#1043=ORIENTED_EDGE('',*,*,#1898,.T.);
#1044=ORIENTED_EDGE('',*,*,#1899,.T.);
#1045=ORIENTED_EDGE('',*,*,#1900,.T.);
#1046=ORIENTED_EDGE('',*,*,#1901,.F.);
#1047=ORIENTED_EDGE('',*,*,#1902,.T.);
#1048=ORIENTED_EDGE('',*,*,#1702,.F.);
#1049=ORIENTED_EDGE('',*,*,#1903,.F.);
#1050=ORIENTED_EDGE('',*,*,#1904,.T.);
#1051=ORIENTED_EDGE('',*,*,#1703,.T.);
#1052=ORIENTED_EDGE('',*,*,#1902,.F.);
#1053=ORIENTED_EDGE('',*,*,#1905,.F.);
#1054=ORIENTED_EDGE('',*,*,#1906,.T.);
#1055=ORIENTED_EDGE('',*,*,#1907,.T.);
#1056=ORIENTED_EDGE('',*,*,#1908,.T.);
#1057=ORIENTED_EDGE('',*,*,#1898,.F.);
#1058=ORIENTED_EDGE('',*,*,#1701,.F.);
#1059=ORIENTED_EDGE('',*,*,#1776,.T.);
#1060=ORIENTED_EDGE('',*,*,#1901,.T.);
#1061=ORIENTED_EDGE('',*,*,#1909,.T.);
#1062=ORIENTED_EDGE('',*,*,#1910,.F.);
#1063=ORIENTED_EDGE('',*,*,#1911,.T.);
#1064=ORIENTED_EDGE('',*,*,#1912,.F.);
#1065=ORIENTED_EDGE('',*,*,#1913,.F.);
#1066=ORIENTED_EDGE('',*,*,#1914,.T.);
#1067=ORIENTED_EDGE('',*,*,#1915,.F.);
#1068=ORIENTED_EDGE('',*,*,#1784,.T.);
#1069=ORIENTED_EDGE('',*,*,#1916,.T.);
#1070=ORIENTED_EDGE('',*,*,#1772,.F.);
#1071=ORIENTED_EDGE('',*,*,#1769,.F.);
#1072=ORIENTED_EDGE('',*,*,#1768,.T.);
#1073=ORIENTED_EDGE('',*,*,#1792,.F.);
#1074=ORIENTED_EDGE('',*,*,#1891,.T.);
#1075=ORIENTED_EDGE('',*,*,#1894,.F.);
#1076=ORIENTED_EDGE('',*,*,#1917,.T.);
#1077=ORIENTED_EDGE('',*,*,#1918,.F.);
#1078=ORIENTED_EDGE('',*,*,#1919,.T.);
#1079=ORIENTED_EDGE('',*,*,#1905,.T.);
#1080=ORIENTED_EDGE('',*,*,#1907,.F.);
#1081=ORIENTED_EDGE('',*,*,#1785,.T.);
#1082=ORIENTED_EDGE('',*,*,#1915,.T.);
#1083=ORIENTED_EDGE('',*,*,#1914,.F.);
#1084=ORIENTED_EDGE('',*,*,#1913,.T.);
#1085=ORIENTED_EDGE('',*,*,#1920,.T.);
#1086=ORIENTED_EDGE('',*,*,#1706,.T.);
#1087=ORIENTED_EDGE('',*,*,#1921,.T.);
#1088=ORIENTED_EDGE('',*,*,#1917,.F.);
#1089=ORIENTED_EDGE('',*,*,#1896,.F.);
#1090=ORIENTED_EDGE('',*,*,#1922,.T.);
#1091=ORIENTED_EDGE('',*,*,#1789,.F.);
#1092=ORIENTED_EDGE('',*,*,#1786,.F.);
#1093=ORIENTED_EDGE('',*,*,#1709,.T.);
#1094=ORIENTED_EDGE('',*,*,#1790,.F.);
#1095=ORIENTED_EDGE('',*,*,#1922,.F.);
#1096=ORIENTED_EDGE('',*,*,#1708,.T.);
#1097=ORIENTED_EDGE('',*,*,#1895,.T.);
#1098=ORIENTED_EDGE('',*,*,#1892,.T.);
#1099=ORIENTED_EDGE('',*,*,#1923,.T.);
#1100=ORIENTED_EDGE('',*,*,#1924,.T.);
#1101=ORIENTED_EDGE('',*,*,#1925,.F.);
#1102=ORIENTED_EDGE('',*,*,#1926,.T.);
#1103=ORIENTED_EDGE('',*,*,#1927,.F.);
#1104=ORIENTED_EDGE('',*,*,#1928,.F.);
#1105=ORIENTED_EDGE('',*,*,#1691,.F.);
#1106=ORIENTED_EDGE('',*,*,#1929,.T.);
#1107=ORIENTED_EDGE('',*,*,#1930,.F.);
#1108=ORIENTED_EDGE('',*,*,#1931,.T.);
#1109=ORIENTED_EDGE('',*,*,#1932,.F.);
#1110=ORIENTED_EDGE('',*,*,#1726,.T.);
#1111=ORIENTED_EDGE('',*,*,#1933,.T.);
#1112=ORIENTED_EDGE('',*,*,#1934,.T.);
#1113=ORIENTED_EDGE('',*,*,#1935,.F.);
#1114=ORIENTED_EDGE('',*,*,#1923,.F.);
#1115=ORIENTED_EDGE('',*,*,#1936,.T.);
#1116=ORIENTED_EDGE('',*,*,#1730,.F.);
#1117=ORIENTED_EDGE('',*,*,#1937,.F.);
#1118=ORIENTED_EDGE('',*,*,#1938,.T.);
#1119=ORIENTED_EDGE('',*,*,#1879,.T.);
#1120=ORIENTED_EDGE('',*,*,#1938,.F.);
#1121=ORIENTED_EDGE('',*,*,#1939,.F.);
#1122=ORIENTED_EDGE('',*,*,#1889,.F.);
#1123=ORIENTED_EDGE('',*,*,#1880,.F.);
#1124=ORIENTED_EDGE('',*,*,#1872,.F.);
#1125=ORIENTED_EDGE('',*,*,#1878,.F.);
#1126=ORIENTED_EDGE('',*,*,#1876,.F.);
#1127=ORIENTED_EDGE('',*,*,#1874,.F.);
#1128=ORIENTED_EDGE('',*,*,#1937,.T.);
#1129=ORIENTED_EDGE('',*,*,#1729,.F.);
#1130=ORIENTED_EDGE('',*,*,#1890,.F.);
#1131=ORIENTED_EDGE('',*,*,#1939,.T.);
#1132=ORIENTED_EDGE('',*,*,#1720,.T.);
#1133=ORIENTED_EDGE('',*,*,#1940,.F.);
#1134=ORIENTED_EDGE('',*,*,#1882,.F.);
#1135=ORIENTED_EDGE('',*,*,#1941,.T.);
#1136=ORIENTED_EDGE('',*,*,#1820,.F.);
#1137=ORIENTED_EDGE('',*,*,#1846,.F.);
#1138=ORIENTED_EDGE('',*,*,#1942,.F.);
#1139=ORIENTED_EDGE('',*,*,#1943,.F.);
#1140=ORIENTED_EDGE('',*,*,#1944,.T.);
#1141=ORIENTED_EDGE('',*,*,#1806,.T.);
#1142=ORIENTED_EDGE('',*,*,#1944,.F.);
#1143=ORIENTED_EDGE('',*,*,#1945,.T.);
#1144=ORIENTED_EDGE('',*,*,#1946,.F.);
#1145=ORIENTED_EDGE('',*,*,#1947,.F.);
#1146=ORIENTED_EDGE('',*,*,#1837,.F.);
#1147=ORIENTED_EDGE('',*,*,#1807,.F.);
#1148=ORIENTED_EDGE('',*,*,#1947,.T.);
#1149=ORIENTED_EDGE('',*,*,#1948,.F.);
#1150=ORIENTED_EDGE('',*,*,#1949,.F.);
#1151=ORIENTED_EDGE('',*,*,#1835,.F.);
#1152=ORIENTED_EDGE('',*,*,#1833,.F.);
#1153=ORIENTED_EDGE('',*,*,#1949,.T.);
#1154=ORIENTED_EDGE('',*,*,#1950,.F.);
#1155=ORIENTED_EDGE('',*,*,#1951,.F.);
#1156=ORIENTED_EDGE('',*,*,#1951,.T.);
#1157=ORIENTED_EDGE('',*,*,#1952,.F.);
#1158=ORIENTED_EDGE('',*,*,#1953,.F.);
#1159=ORIENTED_EDGE('',*,*,#1810,.F.);
#1160=ORIENTED_EDGE('',*,*,#1831,.F.);
#1161=ORIENTED_EDGE('',*,*,#1954,.F.);
#1162=ORIENTED_EDGE('',*,*,#1955,.F.);
#1163=ORIENTED_EDGE('',*,*,#1812,.F.);
#1164=ORIENTED_EDGE('',*,*,#1953,.T.);
#1165=ORIENTED_EDGE('',*,*,#1955,.T.);
#1166=ORIENTED_EDGE('',*,*,#1956,.F.);
#1167=ORIENTED_EDGE('',*,*,#1957,.F.);
#1168=ORIENTED_EDGE('',*,*,#1828,.F.);
#1169=ORIENTED_EDGE('',*,*,#1815,.F.);
#1170=ORIENTED_EDGE('',*,*,#1957,.T.);
#1171=ORIENTED_EDGE('',*,*,#1958,.F.);
#1172=ORIENTED_EDGE('',*,*,#1959,.F.);
#1173=ORIENTED_EDGE('',*,*,#1826,.F.);
#1174=ORIENTED_EDGE('',*,*,#1753,.T.);
#1175=ORIENTED_EDGE('',*,*,#1960,.T.);
#1176=ORIENTED_EDGE('',*,*,#1961,.T.);
#1177=ORIENTED_EDGE('',*,*,#1943,.T.);
#1178=ORIENTED_EDGE('',*,*,#1962,.T.);
#1179=ORIENTED_EDGE('',*,*,#1844,.T.);
#1180=ORIENTED_EDGE('',*,*,#1767,.T.);
#1181=ORIENTED_EDGE('',*,*,#1763,.F.);
#1182=ORIENTED_EDGE('',*,*,#1760,.F.);
#1183=ORIENTED_EDGE('',*,*,#1711,.F.);
#1184=ORIENTED_EDGE('',*,*,#1788,.F.);
#1185=ORIENTED_EDGE('',*,*,#1757,.F.);
#1186=ORIENTED_EDGE('',*,*,#1963,.F.);
#1187=ORIENTED_EDGE('',*,*,#1735,.F.);
#1188=ORIENTED_EDGE('',*,*,#1823,.F.);
#1189=ORIENTED_EDGE('',*,*,#1959,.T.);
#1190=ORIENTED_EDGE('',*,*,#1946,.T.);
#1191=ORIENTED_EDGE('',*,*,#1964,.T.);
#1192=ORIENTED_EDGE('',*,*,#1779,.F.);
#1193=ORIENTED_EDGE('',*,*,#1782,.F.);
#1194=ORIENTED_EDGE('',*,*,#1965,.F.);
#1195=ORIENTED_EDGE('',*,*,#1966,.T.);
#1196=ORIENTED_EDGE('',*,*,#1967,.T.);
#1197=ORIENTED_EDGE('',*,*,#1733,.T.);
#1198=ORIENTED_EDGE('',*,*,#1963,.T.);
#1199=ORIENTED_EDGE('',*,*,#1958,.T.);
#1200=ORIENTED_EDGE('',*,*,#1956,.T.);
#1201=ORIENTED_EDGE('',*,*,#1954,.T.);
#1202=ORIENTED_EDGE('',*,*,#1952,.T.);
#1203=ORIENTED_EDGE('',*,*,#1950,.T.);
#1204=ORIENTED_EDGE('',*,*,#1948,.T.);
#1205=ORIENTED_EDGE('',*,*,#1748,.F.);
#1206=ORIENTED_EDGE('',*,*,#1968,.T.);
#1207=ORIENTED_EDGE('',*,*,#1965,.T.);
#1208=ORIENTED_EDGE('',*,*,#1781,.F.);
#1209=ORIENTED_EDGE('',*,*,#1734,.F.);
#1210=ORIENTED_EDGE('',*,*,#1967,.F.);
#1211=ORIENTED_EDGE('',*,*,#1966,.F.);
#1212=ORIENTED_EDGE('',*,*,#1968,.F.);
#1213=ORIENTED_EDGE('',*,*,#1747,.F.);
#1214=ORIENTED_EDGE('',*,*,#1745,.F.);
#1215=ORIENTED_EDGE('',*,*,#1742,.F.);
#1216=ORIENTED_EDGE('',*,*,#1773,.T.);
#1217=ORIENTED_EDGE('',*,*,#1916,.F.);
#1218=ORIENTED_EDGE('',*,*,#1783,.F.);
#1219=ORIENTED_EDGE('',*,*,#1774,.F.);
#1220=ORIENTED_EDGE('',*,*,#1699,.F.);
#1221=ORIENTED_EDGE('',*,*,#1845,.T.);
#1222=ORIENTED_EDGE('',*,*,#1962,.F.);
#1223=ORIENTED_EDGE('',*,*,#1942,.T.);
#1224=ORIENTED_EDGE('',*,*,#1969,.F.);
#1225=ORIENTED_EDGE('',*,*,#1970,.T.);
#1226=ORIENTED_EDGE('',*,*,#1971,.T.);
#1227=ORIENTED_EDGE('',*,*,#1972,.T.);
#1228=ORIENTED_EDGE('',*,*,#1973,.F.);
#1229=ORIENTED_EDGE('',*,*,#1974,.F.);
#1230=ORIENTED_EDGE('',*,*,#1975,.T.);
#1231=ORIENTED_EDGE('',*,*,#1976,.T.);
#1232=ORIENTED_EDGE('',*,*,#1977,.T.);
#1233=ORIENTED_EDGE('',*,*,#1969,.T.);
#1234=ORIENTED_EDGE('',*,*,#1978,.F.);
#1235=ORIENTED_EDGE('',*,*,#1979,.T.);
#1236=ORIENTED_EDGE('',*,*,#1980,.F.);
#1237=ORIENTED_EDGE('',*,*,#1981,.T.);
#1238=ORIENTED_EDGE('',*,*,#1982,.T.);
#1239=ORIENTED_EDGE('',*,*,#1983,.T.);
#1240=ORIENTED_EDGE('',*,*,#1984,.T.);
#1241=ORIENTED_EDGE('',*,*,#1985,.T.);
#1242=ORIENTED_EDGE('',*,*,#1986,.F.);
#1243=ORIENTED_EDGE('',*,*,#1985,.F.);
#1244=ORIENTED_EDGE('',*,*,#1987,.T.);
#1245=ORIENTED_EDGE('',*,*,#1988,.T.);
#1246=ORIENTED_EDGE('',*,*,#1989,.F.);
#1247=ORIENTED_EDGE('',*,*,#1990,.T.);
#1248=ORIENTED_EDGE('',*,*,#1991,.T.);
#1249=ORIENTED_EDGE('',*,*,#1974,.T.);
#1250=ORIENTED_EDGE('',*,*,#1973,.T.);
#1251=ORIENTED_EDGE('',*,*,#1992,.T.);
#1252=ORIENTED_EDGE('',*,*,#1993,.F.);
#1253=ORIENTED_EDGE('',*,*,#1994,.T.);
#1254=ORIENTED_EDGE('',*,*,#1995,.F.);
#1255=ORIENTED_EDGE('',*,*,#1996,.T.);
#1256=ORIENTED_EDGE('',*,*,#1997,.T.);
#1257=ORIENTED_EDGE('',*,*,#1998,.F.);
#1258=ORIENTED_EDGE('',*,*,#1999,.F.);
#1259=ORIENTED_EDGE('',*,*,#2000,.T.);
#1260=ORIENTED_EDGE('',*,*,#2001,.F.);
#1261=ORIENTED_EDGE('',*,*,#1989,.T.);
#1262=ORIENTED_EDGE('',*,*,#1999,.T.);
#1263=ORIENTED_EDGE('',*,*,#2002,.F.);
#1264=ORIENTED_EDGE('',*,*,#2003,.F.);
#1265=ORIENTED_EDGE('',*,*,#1986,.T.);
#1266=ORIENTED_EDGE('',*,*,#2001,.T.);
#1267=ORIENTED_EDGE('',*,*,#2004,.F.);
#1268=ORIENTED_EDGE('',*,*,#2005,.F.);
#1269=ORIENTED_EDGE('',*,*,#2006,.T.);
#1270=ORIENTED_EDGE('',*,*,#2007,.T.);
#1271=ORIENTED_EDGE('',*,*,#2003,.T.);
#1272=ORIENTED_EDGE('',*,*,#2008,.T.);
#1273=ORIENTED_EDGE('',*,*,#2009,.T.);
#1274=ORIENTED_EDGE('',*,*,#1979,.F.);
#1275=ORIENTED_EDGE('',*,*,#1978,.T.);
#1276=ORIENTED_EDGE('',*,*,#2007,.F.);
#1277=ORIENTED_EDGE('',*,*,#2010,.T.);
#1278=ORIENTED_EDGE('',*,*,#2011,.T.);
#1279=ORIENTED_EDGE('',*,*,#2012,.F.);
#1280=ORIENTED_EDGE('',*,*,#2013,.T.);
#1281=ORIENTED_EDGE('',*,*,#2014,.F.);
#1282=ORIENTED_EDGE('',*,*,#2015,.T.);
#1283=ORIENTED_EDGE('',*,*,#2013,.F.);
#1284=ORIENTED_EDGE('',*,*,#2016,.T.);
#1285=ORIENTED_EDGE('',*,*,#2017,.F.);
#1286=ORIENTED_EDGE('',*,*,#2018,.T.);
#1287=ORIENTED_EDGE('',*,*,#2019,.F.);
#1288=ORIENTED_EDGE('',*,*,#1994,.F.);
#1289=ORIENTED_EDGE('',*,*,#2020,.F.);
#1290=ORIENTED_EDGE('',*,*,#2019,.T.);
#1291=ORIENTED_EDGE('',*,*,#2021,.T.);
#1292=ORIENTED_EDGE('',*,*,#2022,.T.);
#1293=ORIENTED_EDGE('',*,*,#2023,.T.);
#1294=ORIENTED_EDGE('',*,*,#2024,.T.);
#1295=ORIENTED_EDGE('',*,*,#2025,.T.);
#1296=ORIENTED_EDGE('',*,*,#1995,.T.);
#1297=ORIENTED_EDGE('',*,*,#1988,.F.);
#1298=ORIENTED_EDGE('',*,*,#2026,.T.);
#1299=ORIENTED_EDGE('',*,*,#2027,.T.);
#1300=ORIENTED_EDGE('',*,*,#2000,.F.);
#1301=ORIENTED_EDGE('',*,*,#2028,.T.);
#1302=ORIENTED_EDGE('',*,*,#2029,.T.);
#1303=ORIENTED_EDGE('',*,*,#2030,.T.);
#1304=ORIENTED_EDGE('',*,*,#2031,.T.);
#1305=ORIENTED_EDGE('',*,*,#2032,.T.);
#1306=ORIENTED_EDGE('',*,*,#2033,.F.);
#1307=ORIENTED_EDGE('',*,*,#2029,.F.);
#1308=ORIENTED_EDGE('',*,*,#2034,.T.);
#1309=ORIENTED_EDGE('',*,*,#2035,.F.);
#1310=ORIENTED_EDGE('',*,*,#1993,.T.);
#1311=ORIENTED_EDGE('',*,*,#2036,.T.);
#1312=ORIENTED_EDGE('',*,*,#2037,.T.);
#1313=ORIENTED_EDGE('',*,*,#2038,.T.);
#1314=ORIENTED_EDGE('',*,*,#2039,.T.);
#1315=ORIENTED_EDGE('',*,*,#2040,.F.);
#1316=ORIENTED_EDGE('',*,*,#2041,.F.);
#1317=ORIENTED_EDGE('',*,*,#2042,.F.);
#1318=ORIENTED_EDGE('',*,*,#2043,.F.);
#1319=ORIENTED_EDGE('',*,*,#2044,.F.);
#1320=ORIENTED_EDGE('',*,*,#2045,.F.);
#1321=ORIENTED_EDGE('',*,*,#2046,.F.);
#1322=ORIENTED_EDGE('',*,*,#2020,.T.);
#1323=ORIENTED_EDGE('',*,*,#2047,.T.);
#1324=ORIENTED_EDGE('',*,*,#2048,.T.);
#1325=ORIENTED_EDGE('',*,*,#2049,.T.);
#1326=ORIENTED_EDGE('',*,*,#2050,.F.);
#1327=ORIENTED_EDGE('',*,*,#1998,.T.);
#1328=ORIENTED_EDGE('',*,*,#2051,.T.);
#1329=ORIENTED_EDGE('',*,*,#2050,.T.);
#1330=ORIENTED_EDGE('',*,*,#2052,.T.);
#1331=ORIENTED_EDGE('',*,*,#2053,.F.);
#1332=ORIENTED_EDGE('',*,*,#2054,.F.);
#1333=ORIENTED_EDGE('',*,*,#2002,.T.);
#1334=ORIENTED_EDGE('',*,*,#2053,.T.);
#1335=ORIENTED_EDGE('',*,*,#2055,.T.);
#1336=ORIENTED_EDGE('',*,*,#2056,.F.);
#1337=ORIENTED_EDGE('',*,*,#2004,.T.);
#1338=ORIENTED_EDGE('',*,*,#2054,.T.);
#1339=ORIENTED_EDGE('',*,*,#2057,.T.);
#1340=ORIENTED_EDGE('',*,*,#2058,.T.);
#1341=ORIENTED_EDGE('',*,*,#2059,.T.);
#1342=ORIENTED_EDGE('',*,*,#2005,.T.);
#1343=ORIENTED_EDGE('',*,*,#2056,.T.);
#1344=ORIENTED_EDGE('',*,*,#2060,.T.);
#1345=ORIENTED_EDGE('',*,*,#2061,.T.);
#1346=ORIENTED_EDGE('',*,*,#2062,.F.);
#1347=ORIENTED_EDGE('',*,*,#2063,.F.);
#1348=ORIENTED_EDGE('',*,*,#2014,.T.);
#1349=ORIENTED_EDGE('',*,*,#2015,.F.);
#1350=ORIENTED_EDGE('',*,*,#2064,.F.);
#1351=ORIENTED_EDGE('',*,*,#2038,.F.);
#1352=ORIENTED_EDGE('',*,*,#2065,.T.);
#1353=ORIENTED_EDGE('',*,*,#2066,.T.);
#1354=ORIENTED_EDGE('',*,*,#2067,.T.);
#1355=ORIENTED_EDGE('',*,*,#2063,.T.);
#1356=ORIENTED_EDGE('',*,*,#2068,.F.);
#1357=ORIENTED_EDGE('',*,*,#2069,.T.);
#1358=ORIENTED_EDGE('',*,*,#2011,.F.);
#1359=ORIENTED_EDGE('',*,*,#1724,.F.);
#1360=ORIENTED_EDGE('',*,*,#2070,.T.);
#1361=ORIENTED_EDGE('',*,*,#2039,.F.);
#1362=ORIENTED_EDGE('',*,*,#2064,.T.);
#1363=ORIENTED_EDGE('',*,*,#2016,.F.);
#1364=ORIENTED_EDGE('',*,*,#2012,.T.);
#1365=ORIENTED_EDGE('',*,*,#2069,.F.);
#1366=ORIENTED_EDGE('',*,*,#2071,.F.);
#1367=ORIENTED_EDGE('',*,*,#2072,.F.);
#1368=ORIENTED_EDGE('',*,*,#2040,.T.);
#1369=ORIENTED_EDGE('',*,*,#2070,.F.);
#1370=ORIENTED_EDGE('',*,*,#1723,.F.);
#1371=ORIENTED_EDGE('',*,*,#2042,.T.);
#1372=ORIENTED_EDGE('',*,*,#2073,.F.);
#1373=ORIENTED_EDGE('',*,*,#1717,.F.);
#1374=ORIENTED_EDGE('',*,*,#2074,.T.);
#1375=ORIENTED_EDGE('',*,*,#2043,.T.);
#1376=ORIENTED_EDGE('',*,*,#2074,.F.);
#1377=ORIENTED_EDGE('',*,*,#1716,.F.);
#1378=ORIENTED_EDGE('',*,*,#2075,.T.);
#1379=ORIENTED_EDGE('',*,*,#2076,.F.);
#1380=ORIENTED_EDGE('',*,*,#2044,.T.);
#1381=ORIENTED_EDGE('',*,*,#2075,.F.);
#1382=ORIENTED_EDGE('',*,*,#1715,.F.);
#1383=ORIENTED_EDGE('',*,*,#2077,.F.);
#1384=ORIENTED_EDGE('',*,*,#2078,.F.);
#1385=ORIENTED_EDGE('',*,*,#2079,.T.);
#1386=ORIENTED_EDGE('',*,*,#2077,.T.);
#1387=ORIENTED_EDGE('',*,*,#1714,.T.);
#1388=ORIENTED_EDGE('',*,*,#1843,.T.);
#1389=ORIENTED_EDGE('',*,*,#2080,.F.);
#1390=ORIENTED_EDGE('',*,*,#2078,.T.);
#1391=ORIENTED_EDGE('',*,*,#2079,.F.);
#1392=ORIENTED_EDGE('',*,*,#1842,.T.);
#1393=ORIENTED_EDGE('',*,*,#2081,.T.);
#1394=ORIENTED_EDGE('',*,*,#2045,.T.);
#1395=ORIENTED_EDGE('',*,*,#2076,.T.);
#1396=ORIENTED_EDGE('',*,*,#2080,.T.);
#1397=ORIENTED_EDGE('',*,*,#1841,.T.);
#1398=ORIENTED_EDGE('',*,*,#2082,.T.);
#1399=ORIENTED_EDGE('',*,*,#2083,.T.);
#1400=ORIENTED_EDGE('',*,*,#2017,.T.);
#1401=ORIENTED_EDGE('',*,*,#2046,.T.);
#1402=ORIENTED_EDGE('',*,*,#2081,.F.);
#1403=ORIENTED_EDGE('',*,*,#1840,.F.);
#1404=ORIENTED_EDGE('',*,*,#2084,.T.);
#1405=ORIENTED_EDGE('',*,*,#2085,.T.);
#1406=ORIENTED_EDGE('',*,*,#2086,.T.);
#1407=ORIENTED_EDGE('',*,*,#2087,.T.);
#1408=ORIENTED_EDGE('',*,*,#2088,.T.);
#1409=ORIENTED_EDGE('',*,*,#2089,.F.);
#1410=ORIENTED_EDGE('',*,*,#2030,.F.);
#1411=ORIENTED_EDGE('',*,*,#2033,.T.);
#1412=ORIENTED_EDGE('',*,*,#2090,.F.);
#1413=ORIENTED_EDGE('',*,*,#1870,.F.);
#1414=ORIENTED_EDGE('',*,*,#2091,.F.);
#1415=ORIENTED_EDGE('',*,*,#2031,.F.);
#1416=ORIENTED_EDGE('',*,*,#2089,.T.);
#1417=ORIENTED_EDGE('',*,*,#1869,.F.);
#1418=ORIENTED_EDGE('',*,*,#2034,.F.);
#1419=ORIENTED_EDGE('',*,*,#2032,.F.);
#1420=ORIENTED_EDGE('',*,*,#2091,.T.);
#1421=ORIENTED_EDGE('',*,*,#1868,.F.);
#1422=ORIENTED_EDGE('',*,*,#2092,.F.);
#1423=ORIENTED_EDGE('',*,*,#2093,.F.);
#1424=ORIENTED_EDGE('',*,*,#1886,.F.);
#1425=ORIENTED_EDGE('',*,*,#2090,.T.);
#1426=ORIENTED_EDGE('',*,*,#2035,.T.);
#1427=ORIENTED_EDGE('',*,*,#2092,.T.);
#1428=ORIENTED_EDGE('',*,*,#1885,.F.);
#1429=ORIENTED_EDGE('',*,*,#2041,.T.);
#1430=ORIENTED_EDGE('',*,*,#2072,.T.);
#1431=ORIENTED_EDGE('',*,*,#1722,.F.);
#1432=ORIENTED_EDGE('',*,*,#2094,.F.);
#1433=ORIENTED_EDGE('',*,*,#1887,.F.);
#1434=ORIENTED_EDGE('',*,*,#2093,.T.);
#1435=ORIENTED_EDGE('',*,*,#1884,.F.);
#1436=ORIENTED_EDGE('',*,*,#2095,.F.);
#1437=ORIENTED_EDGE('',*,*,#1718,.F.);
#1438=ORIENTED_EDGE('',*,*,#2073,.T.);
#1439=ORIENTED_EDGE('',*,*,#1940,.T.);
#1440=ORIENTED_EDGE('',*,*,#1719,.T.);
#1441=ORIENTED_EDGE('',*,*,#2095,.T.);
#1442=ORIENTED_EDGE('',*,*,#1883,.F.);
#1443=ORIENTED_EDGE('',*,*,#2096,.T.);
#1444=ORIENTED_EDGE('',*,*,#2097,.T.);
#1445=ORIENTED_EDGE('',*,*,#1672,.F.);
#1446=ORIENTED_EDGE('',*,*,#1687,.T.);
#1447=ORIENTED_EDGE('',*,*,#2098,.T.);
#1448=ORIENTED_EDGE('',*,*,#2099,.T.);
#1449=ORIENTED_EDGE('',*,*,#2100,.T.);
#1450=ORIENTED_EDGE('',*,*,#1927,.T.);
#1451=ORIENTED_EDGE('',*,*,#2101,.T.);
#1452=ORIENTED_EDGE('',*,*,#1668,.F.);
#1453=ORIENTED_EDGE('',*,*,#1684,.F.);
#1454=ORIENTED_EDGE('',*,*,#1692,.F.);
#1455=ORIENTED_EDGE('',*,*,#1928,.T.);
#1456=ORIENTED_EDGE('',*,*,#1921,.F.);
#1457=ORIENTED_EDGE('',*,*,#1705,.F.);
#1458=ORIENTED_EDGE('',*,*,#2102,.F.);
#1459=ORIENTED_EDGE('',*,*,#1918,.T.);
#1460=ORIENTED_EDGE('',*,*,#1704,.T.);
#1461=ORIENTED_EDGE('',*,*,#1906,.F.);
#1462=ORIENTED_EDGE('',*,*,#1919,.F.);
#1463=ORIENTED_EDGE('',*,*,#2102,.T.);
#1464=ORIENTED_EDGE('',*,*,#2103,.F.);
#1465=ORIENTED_EDGE('',*,*,#2104,.T.);
#1466=ORIENTED_EDGE('',*,*,#2105,.T.);
#1467=ORIENTED_EDGE('',*,*,#1925,.T.);
#1468=ORIENTED_EDGE('',*,*,#1686,.F.);
#1469=ORIENTED_EDGE('',*,*,#2106,.T.);
#1470=ORIENTED_EDGE('',*,*,#1669,.F.);
#1471=ORIENTED_EDGE('',*,*,#2101,.F.);
#1472=ORIENTED_EDGE('',*,*,#1926,.F.);
#1473=ORIENTED_EDGE('',*,*,#2105,.F.);
#1474=ORIENTED_EDGE('',*,*,#2107,.T.);
#1475=ORIENTED_EDGE('',*,*,#2108,.T.);
#1476=ORIENTED_EDGE('',*,*,#2109,.T.);
#1477=ORIENTED_EDGE('',*,*,#2058,.F.);
#1478=ORIENTED_EDGE('',*,*,#2057,.F.);
#1479=ORIENTED_EDGE('',*,*,#2055,.F.);
#1480=ORIENTED_EDGE('',*,*,#2052,.F.);
#1481=ORIENTED_EDGE('',*,*,#2049,.F.);
#1482=ORIENTED_EDGE('',*,*,#2110,.T.);
#1483=ORIENTED_EDGE('',*,*,#2098,.F.);
#1484=ORIENTED_EDGE('',*,*,#2062,.T.);
#1485=ORIENTED_EDGE('',*,*,#2111,.T.);
#1486=ORIENTED_EDGE('',*,*,#1930,.T.);
#1487=ORIENTED_EDGE('',*,*,#1725,.F.);
#1488=ORIENTED_EDGE('',*,*,#2071,.T.);
#1489=ORIENTED_EDGE('',*,*,#2068,.T.);
#1490=ORIENTED_EDGE('',*,*,#1932,.T.);
#1491=ORIENTED_EDGE('',*,*,#2112,.T.);
#1492=ORIENTED_EDGE('',*,*,#2113,.T.);
#1493=ORIENTED_EDGE('',*,*,#1727,.T.);
#1494=ORIENTED_EDGE('',*,*,#1690,.F.);
#1495=ORIENTED_EDGE('',*,*,#2114,.T.);
#1496=ORIENTED_EDGE('',*,*,#1903,.T.);
#1497=ORIENTED_EDGE('',*,*,#1728,.F.);
#1498=ORIENTED_EDGE('',*,*,#2113,.F.);
#1499=ORIENTED_EDGE('',*,*,#2115,.T.);
#1500=ORIENTED_EDGE('',*,*,#1936,.F.);
#1501=ORIENTED_EDGE('',*,*,#1929,.F.);
#1502=ORIENTED_EDGE('',*,*,#1935,.T.);
#1503=ORIENTED_EDGE('',*,*,#2116,.T.);
#1504=ORIENTED_EDGE('',*,*,#2103,.T.);
#1505=ORIENTED_EDGE('',*,*,#1924,.F.);
#1506=ORIENTED_EDGE('',*,*,#2094,.T.);
#1507=ORIENTED_EDGE('',*,*,#1721,.T.);
#1508=ORIENTED_EDGE('',*,*,#1941,.F.);
#1509=ORIENTED_EDGE('',*,*,#1888,.F.);
#1510=ORIENTED_EDGE('',*,*,#1689,.F.);
#1511=ORIENTED_EDGE('',*,*,#2117,.T.);
#1512=ORIENTED_EDGE('',*,*,#1904,.F.);
#1513=ORIENTED_EDGE('',*,*,#2114,.F.);
#1514=ORIENTED_EDGE('',*,*,#2037,.F.);
#1515=ORIENTED_EDGE('',*,*,#2118,.T.);
#1516=ORIENTED_EDGE('',*,*,#2008,.F.);
#1517=ORIENTED_EDGE('',*,*,#2119,.F.);
#1518=ORIENTED_EDGE('',*,*,#2065,.F.);
#1519=ORIENTED_EDGE('',*,*,#2119,.T.);
#1520=ORIENTED_EDGE('',*,*,#2010,.F.);
#1521=ORIENTED_EDGE('',*,*,#2120,.F.);
#1522=ORIENTED_EDGE('',*,*,#2066,.F.);
#1523=ORIENTED_EDGE('',*,*,#2120,.T.);
#1524=ORIENTED_EDGE('',*,*,#2006,.F.);
#1525=ORIENTED_EDGE('',*,*,#2121,.F.);
#1526=ORIENTED_EDGE('',*,*,#2067,.F.);
#1527=ORIENTED_EDGE('',*,*,#2121,.T.);
#1528=ORIENTED_EDGE('',*,*,#2059,.F.);
#1529=ORIENTED_EDGE('',*,*,#2122,.F.);
#1530=ORIENTED_EDGE('',*,*,#2060,.F.);
#1531=ORIENTED_EDGE('',*,*,#2122,.T.);
#1532=ORIENTED_EDGE('',*,*,#2109,.F.);
#1533=ORIENTED_EDGE('',*,*,#2123,.F.);
#1534=ORIENTED_EDGE('',*,*,#2061,.F.);
#1535=ORIENTED_EDGE('',*,*,#2123,.T.);
#1536=ORIENTED_EDGE('',*,*,#2108,.F.);
#1537=ORIENTED_EDGE('',*,*,#2124,.F.);
#1538=ORIENTED_EDGE('',*,*,#2111,.F.);
#1539=ORIENTED_EDGE('',*,*,#2116,.F.);
#1540=ORIENTED_EDGE('',*,*,#1934,.F.);
#1541=ORIENTED_EDGE('',*,*,#2125,.F.);
#1542=ORIENTED_EDGE('',*,*,#1931,.F.);
#1543=ORIENTED_EDGE('',*,*,#2124,.T.);
#1544=ORIENTED_EDGE('',*,*,#2107,.F.);
#1545=ORIENTED_EDGE('',*,*,#2104,.F.);
#1546=ORIENTED_EDGE('',*,*,#2115,.F.);
#1547=ORIENTED_EDGE('',*,*,#2112,.F.);
#1548=ORIENTED_EDGE('',*,*,#2125,.T.);
#1549=ORIENTED_EDGE('',*,*,#1933,.F.);
#1550=ORIENTED_EDGE('',*,*,#1945,.F.);
#1551=ORIENTED_EDGE('',*,*,#1961,.F.);
#1552=ORIENTED_EDGE('',*,*,#2126,.F.);
#1553=ORIENTED_EDGE('',*,*,#1964,.F.);
#1554=ORIENTED_EDGE('',*,*,#2126,.T.);
#1555=ORIENTED_EDGE('',*,*,#1960,.F.);
#1556=ORIENTED_EDGE('',*,*,#1752,.F.);
#1557=ORIENTED_EDGE('',*,*,#1778,.F.);
#1558=ORIENTED_EDGE('',*,*,#1780,.F.);
#1559=ORIENTED_EDGE('',*,*,#2027,.F.);
#1560=ORIENTED_EDGE('',*,*,#2127,.T.);
#1561=ORIENTED_EDGE('',*,*,#2082,.F.);
#1562=ORIENTED_EDGE('',*,*,#2128,.F.);
#1563=ORIENTED_EDGE('',*,*,#2128,.T.);
#1564=ORIENTED_EDGE('',*,*,#2088,.F.);
#1565=ORIENTED_EDGE('',*,*,#2129,.F.);
#1566=ORIENTED_EDGE('',*,*,#1996,.F.);
#1567=ORIENTED_EDGE('',*,*,#2129,.T.);
#1568=ORIENTED_EDGE('',*,*,#2087,.F.);
#1569=ORIENTED_EDGE('',*,*,#2130,.F.);
#1570=ORIENTED_EDGE('',*,*,#2051,.F.);
#1571=ORIENTED_EDGE('',*,*,#1997,.F.);
#1572=ORIENTED_EDGE('',*,*,#2130,.T.);
#1573=ORIENTED_EDGE('',*,*,#2086,.F.);
#1574=ORIENTED_EDGE('',*,*,#2131,.F.);
#1575=ORIENTED_EDGE('',*,*,#2047,.F.);
#1576=ORIENTED_EDGE('',*,*,#2131,.T.);
#1577=ORIENTED_EDGE('',*,*,#2085,.F.);
#1578=ORIENTED_EDGE('',*,*,#2132,.F.);
#1579=ORIENTED_EDGE('',*,*,#2099,.F.);
#1580=ORIENTED_EDGE('',*,*,#2110,.F.);
#1581=ORIENTED_EDGE('',*,*,#2048,.F.);
#1582=ORIENTED_EDGE('',*,*,#2132,.T.);
#1583=ORIENTED_EDGE('',*,*,#2084,.F.);
#1584=ORIENTED_EDGE('',*,*,#2133,.F.);
#1585=ORIENTED_EDGE('',*,*,#2096,.F.);
#1586=ORIENTED_EDGE('',*,*,#2100,.F.);
#1587=ORIENTED_EDGE('',*,*,#2133,.T.);
#1588=ORIENTED_EDGE('',*,*,#1839,.F.);
#1589=ORIENTED_EDGE('',*,*,#2134,.F.);
#1590=ORIENTED_EDGE('',*,*,#2097,.F.);
#1591=ORIENTED_EDGE('',*,*,#1836,.F.);
#1592=ORIENTED_EDGE('',*,*,#1673,.F.);
#1593=ORIENTED_EDGE('',*,*,#2134,.T.);
#1594=ORIENTED_EDGE('',*,*,#1838,.F.);
#1595=ORIENTED_EDGE('',*,*,#1984,.F.);
#1596=ORIENTED_EDGE('',*,*,#2135,.T.);
#1597=ORIENTED_EDGE('',*,*,#1990,.F.);
#1598=ORIENTED_EDGE('',*,*,#2025,.F.);
#1599=ORIENTED_EDGE('',*,*,#2136,.F.);
#1600=ORIENTED_EDGE('',*,*,#2136,.T.);
#1601=ORIENTED_EDGE('',*,*,#2024,.F.);
#1602=ORIENTED_EDGE('',*,*,#2137,.F.);
#1603=ORIENTED_EDGE('',*,*,#1987,.F.);
#1604=ORIENTED_EDGE('',*,*,#2137,.T.);
#1605=ORIENTED_EDGE('',*,*,#2023,.F.);
#1606=ORIENTED_EDGE('',*,*,#2138,.F.);
#1607=ORIENTED_EDGE('',*,*,#2026,.F.);
#1608=ORIENTED_EDGE('',*,*,#2138,.T.);
#1609=ORIENTED_EDGE('',*,*,#2022,.F.);
#1610=ORIENTED_EDGE('',*,*,#2139,.F.);
#1611=ORIENTED_EDGE('',*,*,#2127,.F.);
#1612=ORIENTED_EDGE('',*,*,#2018,.F.);
#1613=ORIENTED_EDGE('',*,*,#2083,.F.);
#1614=ORIENTED_EDGE('',*,*,#2139,.T.);
#1615=ORIENTED_EDGE('',*,*,#2021,.F.);
#1616=ORIENTED_EDGE('',*,*,#2135,.F.);
#1617=ORIENTED_EDGE('',*,*,#1983,.F.);
#1618=ORIENTED_EDGE('',*,*,#2140,.F.);
#1619=ORIENTED_EDGE('',*,*,#1975,.F.);
#1620=ORIENTED_EDGE('',*,*,#1991,.F.);
#1621=ORIENTED_EDGE('',*,*,#1981,.F.);
#1622=ORIENTED_EDGE('',*,*,#1980,.T.);
#1623=ORIENTED_EDGE('',*,*,#2141,.T.);
#1624=ORIENTED_EDGE('',*,*,#1971,.F.);
#1625=ORIENTED_EDGE('',*,*,#1970,.F.);
#1626=ORIENTED_EDGE('',*,*,#2142,.F.);
#1627=ORIENTED_EDGE('',*,*,#2140,.T.);
#1628=ORIENTED_EDGE('',*,*,#1982,.F.);
#1629=ORIENTED_EDGE('',*,*,#2142,.T.);
#1630=ORIENTED_EDGE('',*,*,#1977,.F.);
#1631=ORIENTED_EDGE('',*,*,#1976,.F.);
#1632=ORIENTED_EDGE('',*,*,#2118,.F.);
#1633=ORIENTED_EDGE('',*,*,#2036,.F.);
#1634=ORIENTED_EDGE('',*,*,#1992,.F.);
#1635=ORIENTED_EDGE('',*,*,#1972,.F.);
#1636=ORIENTED_EDGE('',*,*,#2141,.F.);
#1637=ORIENTED_EDGE('',*,*,#2009,.F.);
#1638=ORIENTED_EDGE('',*,*,#2143,.F.);
#1639=ORIENTED_EDGE('',*,*,#2028,.F.);
#1640=ORIENTED_EDGE('',*,*,#2144,.T.);
#1641=ORIENTED_EDGE('',*,*,#1666,.T.);
#1642=ORIENTED_EDGE('',*,*,#2106,.F.);
#1643=ORIENTED_EDGE('',*,*,#1685,.T.);
#1644=ORIENTED_EDGE('',*,*,#1670,.F.);
#1645=ORIENTED_EDGE('',*,*,#2143,.T.);
#1646=ORIENTED_EDGE('',*,*,#2144,.F.);
#1647=ORIENTED_EDGE('',*,*,#1910,.T.);
#1648=ORIENTED_EDGE('',*,*,#2145,.T.);
#1649=ORIENTED_EDGE('',*,*,#2146,.F.);
#1650=ORIENTED_EDGE('',*,*,#1920,.F.);
#1651=ORIENTED_EDGE('',*,*,#1912,.T.);
#1652=ORIENTED_EDGE('',*,*,#1911,.F.);
#1653=ORIENTED_EDGE('',*,*,#2146,.T.);
#1654=ORIENTED_EDGE('',*,*,#2147,.T.);
#1655=ORIENTED_EDGE('',*,*,#1688,.T.);
#1656=ORIENTED_EDGE('',*,*,#1897,.F.);
#1657=ORIENTED_EDGE('',*,*,#1908,.F.);
#1658=ORIENTED_EDGE('',*,*,#2117,.F.);
#1659=ORIENTED_EDGE('',*,*,#2147,.F.);
#1660=ORIENTED_EDGE('',*,*,#2148,.F.);
#1661=ORIENTED_EDGE('',*,*,#1899,.F.);
#1662=ORIENTED_EDGE('',*,*,#1909,.F.);
#1663=ORIENTED_EDGE('',*,*,#1900,.F.);
#1664=ORIENTED_EDGE('',*,*,#2148,.T.);
#1665=ORIENTED_EDGE('',*,*,#2145,.F.);
#1666=EDGE_CURVE('',#2149,#2150,#2461,.T.);
#1667=EDGE_CURVE('',#2151,#2149,#696,.T.);
#1668=EDGE_CURVE('',#2151,#2152,#212,.F.);
#1669=EDGE_CURVE('',#2152,#2150,#2462,.T.);
#1670=EDGE_CURVE('',#2149,#2153,#72,.T.);
#1671=EDGE_CURVE('',#2153,#2154,#213,.T.);
#1672=EDGE_CURVE('',#2154,#2155,#697,.T.);
#1673=EDGE_CURVE('',#2155,#2156,#214,.T.);
#1674=EDGE_CURVE('',#2156,#2157,#215,.T.);
#1675=EDGE_CURVE('',#2157,#2158,#216,.T.);
#1676=EDGE_CURVE('',#2158,#2159,#217,.T.);
#1677=EDGE_CURVE('',#2159,#2160,#218,.T.);
#1678=EDGE_CURVE('',#2160,#2161,#219,.T.);
#1679=EDGE_CURVE('',#2161,#2162,#220,.T.);
#1680=EDGE_CURVE('',#2162,#2163,#221,.T.);
#1681=EDGE_CURVE('',#2163,#2164,#222,.T.);
#1682=EDGE_CURVE('',#2164,#2165,#223,.T.);
#1683=EDGE_CURVE('',#2166,#2165,#224,.T.);
#1684=EDGE_CURVE('',#2166,#2151,#2463,.F.);
#1685=EDGE_CURVE('',#2167,#2153,#67,.F.);
#1686=EDGE_CURVE('',#2167,#2168,#225,.T.);
#1687=EDGE_CURVE('',#2154,#2168,#226,.F.);
#1688=EDGE_CURVE('',#2169,#2170,#227,.F.);
#1689=EDGE_CURVE('',#2169,#2171,#228,.F.);
#1690=EDGE_CURVE('',#2171,#2172,#229,.F.);
#1691=EDGE_CURVE('',#2172,#2173,#230,.F.);
#1692=EDGE_CURVE('',#2173,#2166,#2464,.T.);
#1693=EDGE_CURVE('',#2165,#2174,#231,.T.);
#1694=EDGE_CURVE('',#2174,#2175,#232,.F.);
#1695=EDGE_CURVE('',#2175,#2170,#233,.T.);
#1696=EDGE_CURVE('',#2176,#2175,#234,.T.);
#1697=EDGE_CURVE('',#2174,#2177,#235,.T.);
#1698=EDGE_CURVE('',#2178,#2177,#236,.T.);
#1699=EDGE_CURVE('',#2178,#2179,#237,.T.);
#1700=EDGE_CURVE('',#2179,#2180,#2465,.T.);
#1701=EDGE_CURVE('',#2180,#2176,#2466,.T.);
#1702=EDGE_CURVE('',#2181,#2182,#238,.T.);
#1703=EDGE_CURVE('',#2183,#2182,#239,.T.);
#1704=EDGE_CURVE('',#2184,#2183,#240,.T.);
#1705=EDGE_CURVE('',#2184,#2185,#241,.T.);
#1706=EDGE_CURVE('',#2186,#2185,#242,.T.);
#1707=EDGE_CURVE('',#2187,#2186,#243,.T.);
#1708=EDGE_CURVE('',#2188,#2187,#244,.T.);
#1709=EDGE_CURVE('',#2189,#2188,#245,.T.);
#1710=EDGE_CURVE('',#2189,#2190,#2467,.T.);
#1711=EDGE_CURVE('',#2190,#2191,#246,.F.);
#1712=EDGE_CURVE('',#2191,#2192,#73,.T.);
#1713=EDGE_CURVE('',#2192,#2193,#247,.T.);
#1714=EDGE_CURVE('',#2194,#2193,#248,.T.);
#1715=EDGE_CURVE('',#2194,#2195,#74,.T.);
#1716=EDGE_CURVE('',#2195,#2196,#2468,.T.);
#1717=EDGE_CURVE('',#2196,#2197,#2469,.T.);
#1718=EDGE_CURVE('',#2197,#2198,#249,.T.);
#1719=EDGE_CURVE('',#2199,#2198,#250,.T.);
#1720=EDGE_CURVE('',#2200,#2199,#75,.T.);
#1721=EDGE_CURVE('',#2201,#2200,#251,.T.);
#1722=EDGE_CURVE('',#2201,#2202,#252,.T.);
#1723=EDGE_CURVE('',#2202,#2203,#2470,.T.);
#1724=EDGE_CURVE('',#2203,#2204,#253,.T.);
#1725=EDGE_CURVE('',#2204,#2205,#76,.F.);
#1726=EDGE_CURVE('',#2206,#2205,#254,.T.);
#1727=EDGE_CURVE('',#2207,#2206,#77,.F.);
#1728=EDGE_CURVE('',#2207,#2181,#255,.T.);
#1729=EDGE_CURVE('',#2208,#2209,#256,.T.);
#1730=EDGE_CURVE('',#2209,#2210,#257,.T.);
#1731=EDGE_CURVE('',#2210,#2211,#258,.T.);
#1732=EDGE_CURVE('',#2211,#2208,#259,.T.);
#1733=EDGE_CURVE('',#2212,#2213,#260,.T.);
#1734=EDGE_CURVE('',#2212,#2178,#261,.F.);
#1735=EDGE_CURVE('',#2177,#2213,#262,.F.);
#1736=EDGE_CURVE('',#2214,#2215,#2471,.T.);
#1737=EDGE_CURVE('',#2215,#2216,#2472,.F.);
#1738=EDGE_CURVE('',#2217,#2216,#263,.F.);
#1739=EDGE_CURVE('',#2218,#2217,#2473,.T.);
#1740=EDGE_CURVE('',#2214,#2218,#264,.T.);
#1741=EDGE_CURVE('',#2219,#2216,#2474,.T.);
#1742=EDGE_CURVE('',#2219,#2220,#265,.T.);
#1743=EDGE_CURVE('',#2220,#2217,#2475,.T.);
#1744=EDGE_CURVE('',#2221,#2218,#2476,.T.);
#1745=EDGE_CURVE('',#2220,#2222,#2477,.T.);
#1746=EDGE_CURVE('',#2221,#2222,#2478,.T.);
#1747=EDGE_CURVE('',#2222,#2223,#2479,.T.);
#1748=EDGE_CURVE('',#2223,#2224,#2480,.F.);
#1749=EDGE_CURVE('',#2224,#2225,#2481,.F.);
#1750=EDGE_CURVE('',#2225,#2221,#2482,.T.);
#1751=EDGE_CURVE('',#2226,#2225,#2483,.T.);
#1752=EDGE_CURVE('',#2226,#2227,#2484,.T.);
#1753=EDGE_CURVE('',#2228,#2227,#266,.T.);
#1754=EDGE_CURVE('',#2229,#2228,#2485,.T.);
#1755=EDGE_CURVE('',#2229,#2214,#267,.T.);
#1756=EDGE_CURVE('',#2229,#2230,#2486,.T.);
#1757=EDGE_CURVE('',#2228,#2231,#2487,.T.);
#1758=EDGE_CURVE('',#2232,#2231,#698,.T.);
#1759=EDGE_CURVE('',#2232,#2230,#2488,.T.);
#1760=EDGE_CURVE('',#2191,#2233,#268,.F.);
#1761=EDGE_CURVE('',#2233,#2234,#2489,.T.);
#1762=EDGE_CURVE('',#2234,#2192,#269,.T.);
#1763=EDGE_CURVE('',#2233,#2235,#2490,.T.);
#1764=EDGE_CURVE('',#2236,#2235,#270,.T.);
#1765=EDGE_CURVE('',#2236,#2234,#2491,.F.);
#1766=EDGE_CURVE('',#2236,#2237,#271,.T.);
#1767=EDGE_CURVE('',#2237,#2235,#272,.T.);
#1768=EDGE_CURVE('',#2238,#2239,#273,.F.);
#1769=EDGE_CURVE('',#2238,#2240,#2492,.F.);
#1770=EDGE_CURVE('',#2215,#2240,#2493,.T.);
#1771=EDGE_CURVE('',#2239,#2230,#2494,.T.);
#1772=EDGE_CURVE('',#2240,#2241,#2495,.T.);
#1773=EDGE_CURVE('',#2219,#2241,#2496,.T.);
#1774=EDGE_CURVE('',#2179,#2242,#2497,.T.);
#1775=EDGE_CURVE('',#2242,#2243,#274,.T.);
#1776=EDGE_CURVE('',#2180,#2243,#2498,.F.);
#1777=EDGE_CURVE('',#2224,#2244,#2499,.F.);
#1778=EDGE_CURVE('',#2244,#2226,#2500,.T.);
#1779=EDGE_CURVE('',#2245,#2246,#2501,.T.);
#1780=EDGE_CURVE('',#2246,#2244,#2502,.T.);
#1781=EDGE_CURVE('',#2224,#2247,#2503,.T.);
#1782=EDGE_CURVE('',#2247,#2245,#2504,.F.);
#1783=EDGE_CURVE('',#2242,#2248,#2505,.T.);
#1784=EDGE_CURVE('',#2249,#2248,#2506,.T.);
#1785=EDGE_CURVE('',#2243,#2249,#78,.F.);
#1786=EDGE_CURVE('',#2189,#2250,#2507,.T.);
#1787=EDGE_CURVE('',#2250,#2232,#2508,.T.);
#1788=EDGE_CURVE('',#2231,#2190,#2509,.T.);
#1789=EDGE_CURVE('',#2250,#2251,#275,.F.);
#1790=EDGE_CURVE('',#2251,#2252,#2510,.T.);
#1791=EDGE_CURVE('',#2253,#2252,#2511,.T.);
#1792=EDGE_CURVE('',#2253,#2239,#276,.T.);
#1793=EDGE_CURVE('',#2254,#2255,#277,.T.);
#1794=EDGE_CURVE('',#2255,#2256,#278,.T.);
#1795=EDGE_CURVE('',#2256,#2257,#279,.T.);
#1796=EDGE_CURVE('',#2257,#2254,#280,.T.);
#1797=EDGE_CURVE('',#2258,#2259,#281,.T.);
#1798=EDGE_CURVE('',#2260,#2258,#282,.F.);
#1799=EDGE_CURVE('',#2261,#2260,#283,.T.);
#1800=EDGE_CURVE('',#2259,#2261,#284,.F.);
#1801=EDGE_CURVE('',#2262,#2263,#285,.T.);
#1802=EDGE_CURVE('',#2264,#2262,#286,.F.);
#1803=EDGE_CURVE('',#2265,#2264,#287,.T.);
#1804=EDGE_CURVE('',#2263,#2265,#288,.F.);
#1805=EDGE_CURVE('',#2266,#2267,#289,.T.);
#1806=EDGE_CURVE('',#2268,#2266,#290,.T.);
#1807=EDGE_CURVE('',#2268,#2269,#291,.T.);
#1808=EDGE_CURVE('',#2269,#2267,#292,.T.);
#1809=EDGE_CURVE('',#2255,#2270,#293,.T.);
#1810=EDGE_CURVE('',#2270,#2271,#294,.T.);
#1811=EDGE_CURVE('',#2271,#2256,#295,.T.);
#1812=EDGE_CURVE('',#2271,#2272,#296,.T.);
#1813=EDGE_CURVE('',#2272,#2257,#297,.T.);
#1814=EDGE_CURVE('',#2254,#2273,#2512,.T.);
#1815=EDGE_CURVE('',#2272,#2273,#2513,.T.);
#1816=EDGE_CURVE('',#2273,#2270,#298,.T.);
#1817=EDGE_CURVE('',#2269,#2274,#299,.T.);
#1818=EDGE_CURVE('',#2274,#2275,#300,.T.);
#1819=EDGE_CURVE('',#2267,#2275,#301,.T.);
#1820=EDGE_CURVE('',#2276,#2266,#302,.T.);
#1821=EDGE_CURVE('',#2276,#2275,#303,.T.);
#1822=EDGE_CURVE('',#2164,#2177,#304,.T.);
#1823=EDGE_CURVE('',#2277,#2177,#305,.T.);
#1824=EDGE_CURVE('',#2163,#2277,#306,.F.);
#1825=EDGE_CURVE('',#2162,#2278,#307,.F.);
#1826=EDGE_CURVE('',#2278,#2277,#308,.T.);
#1827=EDGE_CURVE('',#2161,#2273,#309,.F.);
#1828=EDGE_CURVE('',#2273,#2278,#2514,.T.);
#1829=EDGE_CURVE('',#2160,#2270,#310,.T.);
#1830=EDGE_CURVE('',#2159,#2279,#311,.F.);
#1831=EDGE_CURVE('',#2279,#2270,#312,.T.);
#1832=EDGE_CURVE('',#2158,#2280,#313,.F.);
#1833=EDGE_CURVE('',#2280,#2279,#314,.F.);
#1834=EDGE_CURVE('',#2157,#2281,#315,.T.);
#1835=EDGE_CURVE('',#2281,#2280,#316,.F.);
#1836=EDGE_CURVE('',#2156,#2274,#317,.F.);
#1837=EDGE_CURVE('',#2269,#2281,#318,.T.);
#1838=EDGE_CURVE('',#2274,#2282,#319,.T.);
#1839=EDGE_CURVE('',#2282,#2283,#2515,.T.);
#1840=EDGE_CURVE('',#2283,#2284,#320,.T.);
#1841=EDGE_CURVE('',#2285,#2284,#321,.T.);
#1842=EDGE_CURVE('',#2286,#2285,#322,.T.);
#1843=EDGE_CURVE('',#2193,#2286,#68,.F.);
#1844=EDGE_CURVE('',#2287,#2237,#323,.T.);
#1845=EDGE_CURVE('',#2288,#2287,#324,.T.);
#1846=EDGE_CURVE('',#2288,#2276,#325,.T.);
#1847=EDGE_CURVE('',#2289,#2290,#326,.T.);
#1848=EDGE_CURVE('',#2258,#2289,#79,.F.);
#1849=EDGE_CURVE('',#2290,#2259,#80,.F.);
#1850=EDGE_CURVE('',#2291,#2260,#81,.F.);
#1851=EDGE_CURVE('',#2291,#2289,#327,.T.);
#1852=EDGE_CURVE('',#2292,#2291,#328,.T.);
#1853=EDGE_CURVE('',#2261,#2292,#82,.F.);
#1854=EDGE_CURVE('',#2290,#2292,#329,.T.);
#1855=EDGE_CURVE('',#2293,#2263,#83,.F.);
#1856=EDGE_CURVE('',#2265,#2294,#84,.F.);
#1857=EDGE_CURVE('',#2293,#2294,#330,.T.);
#1858=EDGE_CURVE('',#2295,#2293,#331,.T.);
#1859=EDGE_CURVE('',#2262,#2295,#85,.F.);
#1860=EDGE_CURVE('',#2296,#2264,#86,.F.);
#1861=EDGE_CURVE('',#2296,#2295,#332,.T.);
#1862=EDGE_CURVE('',#2294,#2296,#333,.T.);
#1863=EDGE_CURVE('',#2297,#2298,#334,.T.);
#1864=EDGE_CURVE('',#2298,#2299,#335,.T.);
#1865=EDGE_CURVE('',#2299,#2300,#336,.T.);
#1866=EDGE_CURVE('',#2300,#2297,#337,.T.);
#1867=EDGE_CURVE('',#2301,#2302,#87,.F.);
#1868=EDGE_CURVE('',#2301,#2303,#88,.F.);
#1869=EDGE_CURVE('',#2303,#2304,#338,.T.);
#1870=EDGE_CURVE('',#2304,#2302,#89,.F.);
#1871=EDGE_CURVE('',#2305,#2298,#339,.T.);
#1872=EDGE_CURVE('',#2305,#2306,#340,.T.);
#1873=EDGE_CURVE('',#2306,#2299,#341,.T.);
#1874=EDGE_CURVE('',#2306,#2307,#342,.T.);
#1875=EDGE_CURVE('',#2307,#2300,#343,.T.);
#1876=EDGE_CURVE('',#2307,#2308,#344,.T.);
#1877=EDGE_CURVE('',#2308,#2297,#345,.T.);
#1878=EDGE_CURVE('',#2308,#2305,#346,.T.);
#1879=EDGE_CURVE('',#2309,#2210,#347,.T.);
#1880=EDGE_CURVE('',#2309,#2310,#348,.T.);
#1881=EDGE_CURVE('',#2310,#2211,#349,.T.);
#1882=EDGE_CURVE('',#2311,#2312,#90,.T.);
#1883=EDGE_CURVE('',#2312,#2313,#2516,.T.);
#1884=EDGE_CURVE('',#2313,#2314,#2517,.T.);
#1885=EDGE_CURVE('',#2314,#2301,#91,.F.);
#1886=EDGE_CURVE('',#2302,#2315,#92,.F.);
#1887=EDGE_CURVE('',#2315,#2316,#2518,.T.);
#1888=EDGE_CURVE('',#2316,#2311,#2519,.T.);
#1889=EDGE_CURVE('',#2310,#2317,#350,.T.);
#1890=EDGE_CURVE('',#2317,#2208,#351,.T.);
#1891=EDGE_CURVE('',#2253,#2318,#352,.F.);
#1892=EDGE_CURVE('',#2319,#2252,#353,.T.);
#1893=EDGE_CURVE('',#2318,#2319,#2520,.T.);
#1894=EDGE_CURVE('',#2320,#2318,#354,.T.);
#1895=EDGE_CURVE('',#2187,#2319,#2521,.T.);
#1896=EDGE_CURVE('',#2186,#2320,#355,.T.);
#1897=EDGE_CURVE('',#2321,#2170,#356,.T.);
#1898=EDGE_CURVE('',#2176,#2321,#2522,.T.);
#1899=EDGE_CURVE('',#2322,#2323,#357,.T.);
#1900=EDGE_CURVE('',#2323,#2324,#2523,.T.);
#1901=EDGE_CURVE('',#2325,#2324,#358,.T.);
#1902=EDGE_CURVE('',#2325,#2182,#93,.F.);
#1903=EDGE_CURVE('',#2326,#2181,#359,.T.);
#1904=EDGE_CURVE('',#2326,#2322,#360,.T.);
#1905=EDGE_CURVE('',#2327,#2325,#361,.T.);
#1906=EDGE_CURVE('',#2327,#2183,#2524,.T.);
#1907=EDGE_CURVE('',#2243,#2328,#94,.T.);
#1908=EDGE_CURVE('',#2328,#2321,#2525,.T.);
#1909=EDGE_CURVE('',#2324,#2329,#2526,.T.);
#1910=EDGE_CURVE('',#2330,#2329,#362,.T.);
#1911=EDGE_CURVE('',#2330,#2331,#2527,.T.);
#1912=EDGE_CURVE('',#2332,#2331,#363,.T.);
#1913=EDGE_CURVE('',#2333,#2332,#2528,.T.);
#1914=EDGE_CURVE('',#2333,#2334,#2529,.T.);
#1915=EDGE_CURVE('',#2249,#2334,#2530,.T.);
#1916=EDGE_CURVE('',#2248,#2241,#364,.T.);
#1917=EDGE_CURVE('',#2320,#2335,#365,.T.);
#1918=EDGE_CURVE('',#2336,#2335,#366,.T.);
#1919=EDGE_CURVE('',#2336,#2327,#367,.F.);
#1920=EDGE_CURVE('',#2332,#2328,#2531,.T.);
#1921=EDGE_CURVE('',#2185,#2335,#368,.T.);
#1922=EDGE_CURVE('',#2188,#2251,#2532,.T.);
#1923=EDGE_CURVE('',#2337,#2338,#369,.T.);
#1924=EDGE_CURVE('',#2338,#2339,#2533,.T.);
#1925=EDGE_CURVE('',#2340,#2339,#370,.T.);
#1926=EDGE_CURVE('',#2340,#2341,#371,.T.);
#1927=EDGE_CURVE('',#2342,#2341,#2534,.T.);
#1928=EDGE_CURVE('',#2173,#2342,#2535,.T.);
#1929=EDGE_CURVE('',#2172,#2337,#372,.T.);
#1930=EDGE_CURVE('',#2343,#2205,#373,.T.);
#1931=EDGE_CURVE('',#2343,#2344,#374,.T.);
#1932=EDGE_CURVE('',#2206,#2344,#375,.F.);
#1933=EDGE_CURVE('',#2345,#2346,#95,.F.);
#1934=EDGE_CURVE('',#2346,#2347,#376,.T.);
#1935=EDGE_CURVE('',#2338,#2347,#2536,.T.);
#1936=EDGE_CURVE('',#2337,#2345,#377,.T.);
#1937=EDGE_CURVE('',#2348,#2209,#378,.T.);
#1938=EDGE_CURVE('',#2348,#2309,#379,.T.);
#1939=EDGE_CURVE('',#2317,#2348,#380,.T.);
#1940=EDGE_CURVE('',#2312,#2199,#381,.T.);
#1941=EDGE_CURVE('',#2311,#2200,#382,.T.);
#1942=EDGE_CURVE('',#2349,#2288,#383,.T.);
#1943=EDGE_CURVE('',#2350,#2349,#384,.T.);
#1944=EDGE_CURVE('',#2350,#2268,#385,.T.);
#1945=EDGE_CURVE('',#2350,#2351,#386,.T.);
#1946=EDGE_CURVE('',#2352,#2351,#387,.T.);
#1947=EDGE_CURVE('',#2268,#2352,#388,.F.);
#1948=EDGE_CURVE('',#2353,#2352,#389,.T.);
#1949=EDGE_CURVE('',#2280,#2353,#390,.T.);
#1950=EDGE_CURVE('',#2354,#2353,#391,.F.);
#1951=EDGE_CURVE('',#2279,#2354,#392,.T.);
#1952=EDGE_CURVE('',#2355,#2354,#393,.T.);
#1953=EDGE_CURVE('',#2271,#2355,#394,.F.);
#1954=EDGE_CURVE('',#2356,#2355,#395,.T.);
#1955=EDGE_CURVE('',#2272,#2356,#396,.F.);
#1956=EDGE_CURVE('',#2357,#2356,#397,.T.);
#1957=EDGE_CURVE('',#2278,#2357,#398,.T.);
#1958=EDGE_CURVE('',#2358,#2357,#399,.T.);
#1959=EDGE_CURVE('',#2277,#2358,#400,.F.);
#1960=EDGE_CURVE('',#2227,#2359,#2537,.T.);
#1961=EDGE_CURVE('',#2359,#2350,#401,.T.);
#1962=EDGE_CURVE('',#2349,#2287,#402,.F.);
#1963=EDGE_CURVE('',#2213,#2358,#403,.T.);
#1964=EDGE_CURVE('',#2351,#2246,#404,.T.);
#1965=EDGE_CURVE('',#2360,#2247,#405,.T.);
#1966=EDGE_CURVE('',#2360,#2361,#2538,.T.);
#1967=EDGE_CURVE('',#2361,#2212,#406,.F.);
#1968=EDGE_CURVE('',#2223,#2360,#2539,.T.);
#1969=EDGE_CURVE('',#2362,#2363,#2540,.T.);
#1970=EDGE_CURVE('',#2362,#2364,#2541,.T.);
#1971=EDGE_CURVE('',#2364,#2365,#2542,.T.);
#1972=EDGE_CURVE('',#2365,#2366,#2543,.T.);
#1973=EDGE_CURVE('',#2363,#2366,#2544,.T.);
#1974=EDGE_CURVE('',#2367,#2363,#2545,.T.);
#1975=EDGE_CURVE('',#2367,#2368,#2546,.T.);
#1976=EDGE_CURVE('',#2368,#2369,#2547,.T.);
#1977=EDGE_CURVE('',#2369,#2362,#2548,.T.);
#1978=EDGE_CURVE('',#2370,#2371,#2549,.F.);
#1979=EDGE_CURVE('',#2370,#2372,#2550,.T.);
#1980=EDGE_CURVE('',#2373,#2372,#2551,.T.);
#1981=EDGE_CURVE('',#2373,#2374,#2552,.T.);
#1982=EDGE_CURVE('',#2374,#2375,#2553,.T.);
#1983=EDGE_CURVE('',#2375,#2376,#2554,.T.);
#1984=EDGE_CURVE('',#2376,#2377,#2555,.T.);
#1985=EDGE_CURVE('',#2377,#2378,#2556,.F.);
#1986=EDGE_CURVE('',#2371,#2378,#2557,.T.);
#1987=EDGE_CURVE('',#2377,#2379,#2558,.T.);
#1988=EDGE_CURVE('',#2379,#2380,#2559,.F.);
#1989=EDGE_CURVE('',#2378,#2380,#407,.T.);
#1990=EDGE_CURVE('',#2381,#2382,#2560,.T.);
#1991=EDGE_CURVE('',#2382,#2367,#2561,.T.);
#1992=EDGE_CURVE('',#2366,#2383,#2562,.T.);
#1993=EDGE_CURVE('',#2384,#2383,#408,.T.);
#1994=EDGE_CURVE('',#2384,#2385,#2563,.T.);
#1995=EDGE_CURVE('',#2381,#2385,#409,.F.);
#1996=EDGE_CURVE('',#2386,#2387,#2564,.T.);
#1997=EDGE_CURVE('',#2387,#2388,#2565,.T.);
#1998=EDGE_CURVE('',#2389,#2388,#2566,.T.);
#1999=EDGE_CURVE('',#2380,#2389,#410,.F.);
#2000=EDGE_CURVE('',#2380,#2386,#2567,.T.);
#2001=EDGE_CURVE('',#2378,#2390,#411,.F.);
#2002=EDGE_CURVE('',#2390,#2389,#412,.T.);
#2003=EDGE_CURVE('',#2371,#2391,#413,.F.);
#2004=EDGE_CURVE('',#2391,#2390,#2568,.T.);
#2005=EDGE_CURVE('',#2392,#2391,#2569,.T.);
#2006=EDGE_CURVE('',#2392,#2393,#2570,.T.);
#2007=EDGE_CURVE('',#2393,#2371,#2571,.T.);
#2008=EDGE_CURVE('',#2394,#2395,#2572,.F.);
#2009=EDGE_CURVE('',#2395,#2372,#2573,.T.);
#2010=EDGE_CURVE('',#2393,#2394,#2574,.T.);
#2011=EDGE_CURVE('',#2396,#2397,#414,.F.);
#2012=EDGE_CURVE('',#2398,#2397,#415,.F.);
#2013=EDGE_CURVE('',#2398,#2399,#416,.F.);
#2014=EDGE_CURVE('',#2396,#2399,#417,.F.);
#2015=EDGE_CURVE('',#2400,#2399,#418,.T.);
#2016=EDGE_CURVE('',#2398,#2400,#419,.T.);
#2017=EDGE_CURVE('',#2401,#2402,#2575,.T.);
#2018=EDGE_CURVE('',#2401,#2403,#2576,.T.);
#2019=EDGE_CURVE('',#2385,#2403,#2577,.T.);
#2020=EDGE_CURVE('',#2402,#2384,#2578,.T.);
#2021=EDGE_CURVE('',#2403,#2404,#96,.F.);
#2022=EDGE_CURVE('',#2404,#2405,#2579,.T.);
#2023=EDGE_CURVE('',#2405,#2406,#2580,.T.);
#2024=EDGE_CURVE('',#2406,#2407,#2581,.T.);
#2025=EDGE_CURVE('',#2407,#2381,#2582,.T.);
#2026=EDGE_CURVE('',#2379,#2408,#2583,.T.);
#2027=EDGE_CURVE('',#2408,#2386,#2584,.T.);
#2028=EDGE_CURVE('',#2409,#2409,#97,.T.);
#2029=EDGE_CURVE('',#2410,#2411,#420,.T.);
#2030=EDGE_CURVE('',#2411,#2412,#98,.T.);
#2031=EDGE_CURVE('',#2412,#2413,#421,.T.);
#2032=EDGE_CURVE('',#2413,#2410,#99,.T.);
#2033=EDGE_CURVE('',#2411,#2414,#422,.T.);
#2034=EDGE_CURVE('',#2410,#2415,#423,.T.);
#2035=EDGE_CURVE('',#2414,#2415,#424,.T.);
#2036=EDGE_CURVE('',#2383,#2416,#2585,.T.);
#2037=EDGE_CURVE('',#2416,#2417,#2586,.T.);
#2038=EDGE_CURVE('',#2417,#2418,#425,.F.);
#2039=EDGE_CURVE('',#2418,#2419,#426,.T.);
#2040=EDGE_CURVE('',#2420,#2419,#2587,.T.);
#2041=EDGE_CURVE('',#2421,#2420,#427,.T.);
#2042=EDGE_CURVE('',#2422,#2421,#100,.T.);
#2043=EDGE_CURVE('',#2423,#2422,#101,.T.);
#2044=EDGE_CURVE('',#2424,#2423,#102,.T.);
#2045=EDGE_CURVE('',#2425,#2424,#428,.T.);
#2046=EDGE_CURVE('',#2402,#2425,#103,.F.);
#2047=EDGE_CURVE('',#2426,#2427,#2588,.T.);
#2048=EDGE_CURVE('',#2427,#2428,#2589,.T.);
#2049=EDGE_CURVE('',#2428,#2429,#2590,.T.);
#2050=EDGE_CURVE('',#2426,#2429,#2591,.T.);
#2051=EDGE_CURVE('',#2388,#2426,#2592,.T.);
#2052=EDGE_CURVE('',#2429,#2430,#2593,.T.);
#2053=EDGE_CURVE('',#2389,#2430,#2594,.F.);
#2054=EDGE_CURVE('',#2390,#2431,#2595,.T.);
#2055=EDGE_CURVE('',#2430,#2431,#429,.T.);
#2056=EDGE_CURVE('',#2391,#2432,#2596,.T.);
#2057=EDGE_CURVE('',#2431,#2432,#2597,.T.);
#2058=EDGE_CURVE('',#2432,#2433,#2598,.T.);
#2059=EDGE_CURVE('',#2433,#2392,#2599,.T.);
#2060=EDGE_CURVE('',#2434,#2435,#2600,.T.);
#2061=EDGE_CURVE('',#2435,#2436,#430,.T.);
#2062=EDGE_CURVE('',#2437,#2436,#431,.F.);
#2063=EDGE_CURVE('',#2396,#2437,#432,.T.);
#2064=EDGE_CURVE('',#2418,#2400,#433,.T.);
#2065=EDGE_CURVE('',#2417,#2438,#2601,.T.);
#2066=EDGE_CURVE('',#2438,#2439,#2602,.T.);
#2067=EDGE_CURVE('',#2439,#2434,#2603,.T.);
#2068=EDGE_CURVE('',#2440,#2437,#104,.T.);
#2069=EDGE_CURVE('',#2440,#2397,#434,.T.);
#2070=EDGE_CURVE('',#2203,#2419,#2604,.T.);
#2071=EDGE_CURVE('',#2204,#2440,#69,.F.);
#2072=EDGE_CURVE('',#2420,#2202,#2605,.T.);
#2073=EDGE_CURVE('',#2197,#2421,#2606,.T.);
#2074=EDGE_CURVE('',#2196,#2422,#2607,.T.);
#2075=EDGE_CURVE('',#2195,#2423,#2608,.T.);
#2076=EDGE_CURVE('',#2424,#2441,#70,.F.);
#2077=EDGE_CURVE('',#2442,#2194,#2609,.T.);
#2078=EDGE_CURVE('',#2441,#2442,#435,.T.);
#2079=EDGE_CURVE('',#2286,#2442,#436,.F.);
#2080=EDGE_CURVE('',#2441,#2285,#437,.T.);
#2081=EDGE_CURVE('',#2284,#2425,#71,.T.);
#2082=EDGE_CURVE('',#2443,#2444,#2610,.T.);
#2083=EDGE_CURVE('',#2444,#2401,#105,.T.);
#2084=EDGE_CURVE('',#2283,#2445,#2611,.T.);
#2085=EDGE_CURVE('',#2445,#2446,#106,.F.);
#2086=EDGE_CURVE('',#2446,#2447,#2612,.T.);
#2087=EDGE_CURVE('',#2447,#2448,#2613,.T.);
#2088=EDGE_CURVE('',#2448,#2443,#2614,.T.);
#2089=EDGE_CURVE('',#2412,#2304,#438,.T.);
#2090=EDGE_CURVE('',#2302,#2414,#107,.F.);
#2091=EDGE_CURVE('',#2413,#2303,#439,.T.);
#2092=EDGE_CURVE('',#2415,#2301,#108,.F.);
#2093=EDGE_CURVE('',#2315,#2314,#440,.T.);
#2094=EDGE_CURVE('',#2316,#2201,#441,.T.);
#2095=EDGE_CURVE('',#2198,#2313,#442,.T.);
#2096=EDGE_CURVE('',#2449,#2450,#2615,.T.);
#2097=EDGE_CURVE('',#2450,#2155,#2616,.T.);
#2098=EDGE_CURVE('',#2168,#2451,#699,.T.);
#2099=EDGE_CURVE('',#2451,#2452,#2617,.T.);
#2100=EDGE_CURVE('',#2452,#2449,#2618,.T.);
#2101=EDGE_CURVE('',#2341,#2152,#2619,.T.);
#2102=EDGE_CURVE('',#2336,#2184,#2620,.T.);
#2103=EDGE_CURVE('',#2453,#2339,#2621,.T.);
#2104=EDGE_CURVE('',#2453,#2454,#443,.T.);
#2105=EDGE_CURVE('',#2454,#2340,#444,.T.);
#2106=EDGE_CURVE('',#2167,#2150,#109,.F.);
#2107=EDGE_CURVE('',#2454,#2455,#445,.T.);
#2108=EDGE_CURVE('',#2455,#2456,#110,.T.);
#2109=EDGE_CURVE('',#2456,#2433,#446,.T.);
#2110=EDGE_CURVE('',#2428,#2451,#111,.T.);
#2111=EDGE_CURVE('',#2436,#2343,#112,.F.);
#2112=EDGE_CURVE('',#2344,#2457,#113,.T.);
#2113=EDGE_CURVE('',#2457,#2207,#447,.T.);
#2114=EDGE_CURVE('',#2171,#2326,#448,.F.);
#2115=EDGE_CURVE('',#2457,#2345,#2622,.T.);
#2116=EDGE_CURVE('',#2347,#2453,#2623,.T.);
#2117=EDGE_CURVE('',#2169,#2322,#449,.T.);
#2118=EDGE_CURVE('',#2416,#2395,#2624,.T.);
#2119=EDGE_CURVE('',#2438,#2394,#2625,.F.);
#2120=EDGE_CURVE('',#2439,#2393,#2626,.F.);
#2121=EDGE_CURVE('',#2434,#2392,#2627,.F.);
#2122=EDGE_CURVE('',#2435,#2433,#2628,.T.);
#2123=EDGE_CURVE('',#2436,#2456,#450,.T.);
#2124=EDGE_CURVE('',#2343,#2455,#451,.T.);
#2125=EDGE_CURVE('',#2344,#2346,#452,.T.);
#2126=EDGE_CURVE('',#2246,#2359,#2629,.F.);
#2127=EDGE_CURVE('',#2408,#2444,#2630,.T.);
#2128=EDGE_CURVE('',#2386,#2443,#2631,.F.);
#2129=EDGE_CURVE('',#2387,#2448,#2632,.F.);
#2130=EDGE_CURVE('',#2426,#2447,#2633,.F.);
#2131=EDGE_CURVE('',#2427,#2446,#2634,.T.);
#2132=EDGE_CURVE('',#2452,#2445,#2635,.F.);
#2133=EDGE_CURVE('',#2450,#2283,#2636,.F.);
#2134=EDGE_CURVE('',#2155,#2282,#2637,.T.);
#2135=EDGE_CURVE('',#2376,#2382,#2638,.T.);
#2136=EDGE_CURVE('',#2377,#2407,#2639,.F.);
#2137=EDGE_CURVE('',#2379,#2406,#2640,.F.);
#2138=EDGE_CURVE('',#2408,#2405,#2641,.F.);
#2139=EDGE_CURVE('',#2444,#2404,#2642,.T.);
#2140=EDGE_CURVE('',#2368,#2375,#2643,.F.);
#2141=EDGE_CURVE('',#2372,#2365,#2644,.T.);
#2142=EDGE_CURVE('',#2374,#2362,#2645,.F.);
#2143=EDGE_CURVE('',#2458,#2458,#114,.T.);
#2144=EDGE_CURVE('',#2459,#2459,#115,.T.);
#2145=EDGE_CURVE('',#2329,#2460,#2646,.T.);
#2146=EDGE_CURVE('',#2328,#2460,#2647,.F.);
#2147=EDGE_CURVE('',#2460,#2169,#453,.T.);
#2148=EDGE_CURVE('',#2323,#2460,#2648,.F.);
#2149=VERTEX_POINT('',#4025);
#2150=VERTEX_POINT('',#4026);
#2151=VERTEX_POINT('',#4031);
#2152=VERTEX_POINT('',#4033);
#2153=VERTEX_POINT('',#4040);
#2154=VERTEX_POINT('',#4042);
#2155=VERTEX_POINT('',#4055);
#2156=VERTEX_POINT('',#4057);
#2157=VERTEX_POINT('',#4059);
#2158=VERTEX_POINT('',#4061);
#2159=VERTEX_POINT('',#4063);
#2160=VERTEX_POINT('',#4065);
#2161=VERTEX_POINT('',#4067);
#2162=VERTEX_POINT('',#4069);
#2163=VERTEX_POINT('',#4071);
#2164=VERTEX_POINT('',#4073);
#2165=VERTEX_POINT('',#4075);
#2166=VERTEX_POINT('',#4077);
#2167=VERTEX_POINT('',#4103);
#2168=VERTEX_POINT('',#4105);
#2169=VERTEX_POINT('',#4109);
#2170=VERTEX_POINT('',#4110);
#2171=VERTEX_POINT('',#4112);
#2172=VERTEX_POINT('',#4114);
#2173=VERTEX_POINT('',#4116);
#2174=VERTEX_POINT('',#4122);
#2175=VERTEX_POINT('',#4124);
#2176=VERTEX_POINT('',#4128);
#2177=VERTEX_POINT('',#4130);
#2178=VERTEX_POINT('',#4132);
#2179=VERTEX_POINT('',#4134);
#2180=VERTEX_POINT('',#4139);
#2181=VERTEX_POINT('',#4146);
#2182=VERTEX_POINT('',#4147);
#2183=VERTEX_POINT('',#4149);
#2184=VERTEX_POINT('',#4151);
#2185=VERTEX_POINT('',#4153);
#2186=VERTEX_POINT('',#4155);
#2187=VERTEX_POINT('',#4157);
#2188=VERTEX_POINT('',#4159);
#2189=VERTEX_POINT('',#4161);
#2190=VERTEX_POINT('',#4168);
#2191=VERTEX_POINT('',#4170);
#2192=VERTEX_POINT('',#4172);
#2193=VERTEX_POINT('',#4174);
#2194=VERTEX_POINT('',#4176);
#2195=VERTEX_POINT('',#4178);
#2196=VERTEX_POINT('',#4185);
#2197=VERTEX_POINT('',#4190);
#2198=VERTEX_POINT('',#4192);
#2199=VERTEX_POINT('',#4194);
#2200=VERTEX_POINT('',#4196);
#2201=VERTEX_POINT('',#4198);
#2202=VERTEX_POINT('',#4200);
#2203=VERTEX_POINT('',#4209);
#2204=VERTEX_POINT('',#4211);
#2205=VERTEX_POINT('',#4213);
#2206=VERTEX_POINT('',#4215);
#2207=VERTEX_POINT('',#4217);
#2208=VERTEX_POINT('',#4220);
#2209=VERTEX_POINT('',#4221);
#2210=VERTEX_POINT('',#4223);
#2211=VERTEX_POINT('',#4225);
#2212=VERTEX_POINT('',#4229);
#2213=VERTEX_POINT('',#4230);
#2214=VERTEX_POINT('',#4239);
#2215=VERTEX_POINT('',#4240);
#2216=VERTEX_POINT('',#4245);
#2217=VERTEX_POINT('',#4247);
#2218=VERTEX_POINT('',#4255);
#2219=VERTEX_POINT('',#4262);
#2220=VERTEX_POINT('',#4264);
#2221=VERTEX_POINT('',#4385);
#2222=VERTEX_POINT('',#4391);
#2223=VERTEX_POINT('',#4408);
#2224=VERTEX_POINT('',#4413);
#2225=VERTEX_POINT('',#4418);
#2226=VERTEX_POINT('',#4431);
#2227=VERTEX_POINT('',#4436);
#2228=VERTEX_POINT('',#4438);
#2229=VERTEX_POINT('',#4445);
#2230=VERTEX_POINT('',#4870);
#2231=VERTEX_POINT('',#4876);
#2232=VERTEX_POINT('',#4957);
#2233=VERTEX_POINT('',#4964);
#2234=VERTEX_POINT('',#4969);
#2235=VERTEX_POINT('',#4981);
#2236=VERTEX_POINT('',#4983);
#2237=VERTEX_POINT('',#4989);
#2238=VERTEX_POINT('',#4993);
#2239=VERTEX_POINT('',#4994);
#2240=VERTEX_POINT('',#4999);
#2241=VERTEX_POINT('',#5044);
#2242=VERTEX_POINT('',#5059);
#2243=VERTEX_POINT('',#5061);
#2244=VERTEX_POINT('',#5077);
#2245=VERTEX_POINT('',#5325);
#2246=VERTEX_POINT('',#5326);
#2247=VERTEX_POINT('',#5353);
#2248=VERTEX_POINT('',#5376);
#2249=VERTEX_POINT('',#5381);
#2250=VERTEX_POINT('',#5707);
#2251=VERTEX_POINT('',#5718);
#2252=VERTEX_POINT('',#5723);
#2253=VERTEX_POINT('',#5729);
#2254=VERTEX_POINT('',#5733);
#2255=VERTEX_POINT('',#5734);
#2256=VERTEX_POINT('',#5736);
#2257=VERTEX_POINT('',#5738);
#2258=VERTEX_POINT('',#5742);
#2259=VERTEX_POINT('',#5743);
#2260=VERTEX_POINT('',#5745);
#2261=VERTEX_POINT('',#5747);
#2262=VERTEX_POINT('',#5751);
#2263=VERTEX_POINT('',#5752);
#2264=VERTEX_POINT('',#5754);
#2265=VERTEX_POINT('',#5756);
#2266=VERTEX_POINT('',#5760);
#2267=VERTEX_POINT('',#5761);
#2268=VERTEX_POINT('',#5763);
#2269=VERTEX_POINT('',#5765);
#2270=VERTEX_POINT('',#5769);
#2271=VERTEX_POINT('',#5771);
#2272=VERTEX_POINT('',#5775);
#2273=VERTEX_POINT('',#5782);
#2274=VERTEX_POINT('',#5791);
#2275=VERTEX_POINT('',#5793);
#2276=VERTEX_POINT('',#5797);
#2277=VERTEX_POINT('',#5803);
#2278=VERTEX_POINT('',#5807);
#2279=VERTEX_POINT('',#5819);
#2280=VERTEX_POINT('',#5823);
#2281=VERTEX_POINT('',#5827);
#2282=VERTEX_POINT('',#5834);
#2283=VERTEX_POINT('',#5839);
#2284=VERTEX_POINT('',#5841);
#2285=VERTEX_POINT('',#5843);
#2286=VERTEX_POINT('',#5845);
#2287=VERTEX_POINT('',#5848);
#2288=VERTEX_POINT('',#5850);
#2289=VERTEX_POINT('',#5854);
#2290=VERTEX_POINT('',#5855);
#2291=VERTEX_POINT('',#5860);
#2292=VERTEX_POINT('',#5864);
#2293=VERTEX_POINT('',#5870);
#2294=VERTEX_POINT('',#5872);
#2295=VERTEX_POINT('',#5876);
#2296=VERTEX_POINT('',#5880);
#2297=VERTEX_POINT('',#5886);
#2298=VERTEX_POINT('',#5887);
#2299=VERTEX_POINT('',#5889);
#2300=VERTEX_POINT('',#5891);
#2301=VERTEX_POINT('',#5895);
#2302=VERTEX_POINT('',#5896);
#2303=VERTEX_POINT('',#5898);
#2304=VERTEX_POINT('',#5900);
#2305=VERTEX_POINT('',#5904);
#2306=VERTEX_POINT('',#5906);
#2307=VERTEX_POINT('',#5910);
#2308=VERTEX_POINT('',#5914);
#2309=VERTEX_POINT('',#5920);
#2310=VERTEX_POINT('',#5922);
#2311=VERTEX_POINT('',#5926);
#2312=VERTEX_POINT('',#5927);
#2313=VERTEX_POINT('',#5932);
#2314=VERTEX_POINT('',#5937);
#2315=VERTEX_POINT('',#5940);
#2316=VERTEX_POINT('',#5945);
#2317=VERTEX_POINT('',#5952);
#2318=VERTEX_POINT('',#5969);
#2319=VERTEX_POINT('',#5971);
#2320=VERTEX_POINT('',#5978);
#2321=VERTEX_POINT('',#5987);
#2322=VERTEX_POINT('',#5995);
#2323=VERTEX_POINT('',#5996);
#2324=VERTEX_POINT('',#6001);
#2325=VERTEX_POINT('',#6003);
#2326=VERTEX_POINT('',#6006);
#2327=VERTEX_POINT('',#6010);
#2328=VERTEX_POINT('',#6029);
#2329=VERTEX_POINT('',#6039);
#2330=VERTEX_POINT('',#6041);
#2331=VERTEX_POINT('',#6046);
#2332=VERTEX_POINT('',#6048);
#2333=VERTEX_POINT('',#6053);
#2334=VERTEX_POINT('',#6058);
#2335=VERTEX_POINT('',#6067);
#2336=VERTEX_POINT('',#6069);
#2337=VERTEX_POINT('',#6193);
#2338=VERTEX_POINT('',#6194);
#2339=VERTEX_POINT('',#6199);
#2340=VERTEX_POINT('',#6201);
#2341=VERTEX_POINT('',#6203);
#2342=VERTEX_POINT('',#6208);
#2343=VERTEX_POINT('',#6216);
#2344=VERTEX_POINT('',#6218);
#2345=VERTEX_POINT('',#6222);
#2346=VERTEX_POINT('',#6223);
#2347=VERTEX_POINT('',#6225);
#2348=VERTEX_POINT('',#6233);
#2349=VERTEX_POINT('',#6243);
#2350=VERTEX_POINT('',#6245);
#2351=VERTEX_POINT('',#6249);
#2352=VERTEX_POINT('',#6251);
#2353=VERTEX_POINT('',#6255);
#2354=VERTEX_POINT('',#6259);
#2355=VERTEX_POINT('',#6263);
#2356=VERTEX_POINT('',#6267);
#2357=VERTEX_POINT('',#6271);
#2358=VERTEX_POINT('',#6275);
#2359=VERTEX_POINT('',#6286);
#2360=VERTEX_POINT('',#6294);
#2361=VERTEX_POINT('',#6299);
#2362=VERTEX_POINT('',#6422);
#2363=VERTEX_POINT('',#6423);
#2364=VERTEX_POINT('',#6428);
#2365=VERTEX_POINT('',#6433);
#2366=VERTEX_POINT('',#6445);
#2367=VERTEX_POINT('',#6494);
#2368=VERTEX_POINT('',#6499);
#2369=VERTEX_POINT('',#6504);
#2370=VERTEX_POINT('',#6589);
#2371=VERTEX_POINT('',#6590);
#2372=VERTEX_POINT('',#6595);
#2373=VERTEX_POINT('',#6600);
#2374=VERTEX_POINT('',#6605);
#2375=VERTEX_POINT('',#6610);
#2376=VERTEX_POINT('',#6615);
#2377=VERTEX_POINT('',#6620);
#2378=VERTEX_POINT('',#6631);
#2379=VERTEX_POINT('',#6660);
#2380=VERTEX_POINT('',#6671);
#2381=VERTEX_POINT('',#6698);
#2382=VERTEX_POINT('',#6699);
#2383=VERTEX_POINT('',#6708);
#2384=VERTEX_POINT('',#6710);
#2385=VERTEX_POINT('',#6716);
#2386=VERTEX_POINT('',#6742);
#2387=VERTEX_POINT('',#6743);
#2388=VERTEX_POINT('',#6748);
#2389=VERTEX_POINT('',#6754);
#2390=VERTEX_POINT('',#6770);
#2391=VERTEX_POINT('',#6781);
#2392=VERTEX_POINT('',#6839);
#2393=VERTEX_POINT('',#6844);
#2394=VERTEX_POINT('',#7043);
#2395=VERTEX_POINT('',#7044);
#2396=VERTEX_POINT('',#7067);
#2397=VERTEX_POINT('',#7068);
#2398=VERTEX_POINT('',#7070);
#2399=VERTEX_POINT('',#7072);
#2400=VERTEX_POINT('',#7076);
#2401=VERTEX_POINT('',#7182);
#2402=VERTEX_POINT('',#7183);
#2403=VERTEX_POINT('',#7188);
#2404=VERTEX_POINT('',#7202);
#2405=VERTEX_POINT('',#7207);
#2406=VERTEX_POINT('',#7215);
#2407=VERTEX_POINT('',#7220);
#2408=VERTEX_POINT('',#7359);
#2409=VERTEX_POINT('',#7375);
#2410=VERTEX_POINT('',#7377);
#2411=VERTEX_POINT('',#7378);
#2412=VERTEX_POINT('',#7380);
#2413=VERTEX_POINT('',#7382);
#2414=VERTEX_POINT('',#7386);
#2415=VERTEX_POINT('',#7388);
#2416=VERTEX_POINT('',#7425);
#2417=VERTEX_POINT('',#7430);
#2418=VERTEX_POINT('',#7432);
#2419=VERTEX_POINT('',#7434);
#2420=VERTEX_POINT('',#7442);
#2421=VERTEX_POINT('',#7444);
#2422=VERTEX_POINT('',#7446);
#2423=VERTEX_POINT('',#7448);
#2424=VERTEX_POINT('',#7450);
#2425=VERTEX_POINT('',#7452);
#2426=VERTEX_POINT('',#7474);
#2427=VERTEX_POINT('',#7475);
#2428=VERTEX_POINT('',#7480);
#2429=VERTEX_POINT('',#7485);
#2430=VERTEX_POINT('',#7517);
#2431=VERTEX_POINT('',#7527);
#2432=VERTEX_POINT('',#7579);
#2433=VERTEX_POINT('',#7702);
#2434=VERTEX_POINT('',#7712);
#2435=VERTEX_POINT('',#7713);
#2436=VERTEX_POINT('',#7715);
#2437=VERTEX_POINT('',#7717);
#2438=VERTEX_POINT('',#7724);
#2439=VERTEX_POINT('',#7729);
#2440=VERTEX_POINT('',#7736);
#2441=VERTEX_POINT('',#7917);
#2442=VERTEX_POINT('',#7923);
#2443=VERTEX_POINT('',#7944);
#2444=VERTEX_POINT('',#7945);
#2445=VERTEX_POINT('',#7951);
#2446=VERTEX_POINT('',#7953);
#2447=VERTEX_POINT('',#7958);
#2448=VERTEX_POINT('',#7963);
#2449=VERTEX_POINT('',#8015);
#2450=VERTEX_POINT('',#8016);
#2451=VERTEX_POINT('',#8033);
#2452=VERTEX_POINT('',#8038);
#2453=VERTEX_POINT('',#8151);
#2454=VERTEX_POINT('',#8153);
#2455=VERTEX_POINT('',#8158);
#2456=VERTEX_POINT('',#8160);
#2457=VERTEX_POINT('',#8167);
#2458=VERTEX_POINT('',#8584);
#2459=VERTEX_POINT('',#8587);
#2460=VERTEX_POINT('',#8614);
#2461=B_SPLINE_CURVE_WITH_KNOTS('',3,(#4020,#4021,#4022,#4023,#4024),
 .UNSPECIFIED.,.F.,.F.,(4,1,4),(0.,0.00259797328597984,0.00519594657195968),
 .UNSPECIFIED.);
#2462=B_SPLINE_CURVE_WITH_KNOTS('',3,(#4034,#4035,#4036,#4037),
 .UNSPECIFIED.,.F.,.F.,(4,4),(0.,1.),.PIECEWISE_BEZIER_KNOTS.);
#2463=B_SPLINE_CURVE_WITH_KNOTS('',3,(#4078,#4079,#4080,#4081,#4082,#4083,
#4084,#4085,#4086,#4087,#4088,#4089,#4090,#4091,#4092,#4093,#4094,#4095,
#4096,#4097,#4098,#4099,#4100),.UNSPECIFIED.,.F.,.F.,(4,1,1,1,1,1,1,1,1,
1,1,1,1,1,1,1,1,1,1,1,4),(0.,0.125,0.25,0.375,0.4375,0.5,0.5625,0.625,0.65625,
0.671875,0.6875,0.703125,0.71875,0.734375,0.75,0.765625,0.78125,0.8125,
0.875,0.9375,1.),.UNSPECIFIED.);
#2464=B_SPLINE_CURVE_WITH_KNOTS('',3,(#4117,#4118,#4119,#4120),
 .UNSPECIFIED.,.F.,.F.,(4,4),(0.,0.00646535085567966),.UNSPECIFIED.);
#2465=B_SPLINE_CURVE_WITH_KNOTS('',3,(#4135,#4136,#4137,#4138),
 .UNSPECIFIED.,.F.,.F.,(4,4),(6.93889390390723E-18,0.00087758782151744),
 .UNSPECIFIED.);
#2466=B_SPLINE_CURVE_WITH_KNOTS('',3,(#4140,#4141,#4142,#4143),
 .UNSPECIFIED.,.F.,.F.,(4,4),(0.,0.00246806533442811),.UNSPECIFIED.);
#2467=B_SPLINE_CURVE_WITH_KNOTS('',3,(#4162,#4163,#4164,#4165,#4166,#4167),
 .UNSPECIFIED.,.F.,.F.,(4,1,1,4),(0.,0.00300151018810725,0.00600302037621451,
0.012006040752429),.UNSPECIFIED.);
#2468=B_SPLINE_CURVE_WITH_KNOTS('',3,(#4179,#4180,#4181,#4182,#4183,#4184),
 .UNSPECIFIED.,.F.,.F.,(4,1,1,4),(0.,0.00388931903892156,0.00777863807784313,
0.0155572761556863),.UNSPECIFIED.);
#2469=B_SPLINE_CURVE_WITH_KNOTS('',3,(#4186,#4187,#4188,#4189),
 .UNSPECIFIED.,.F.,.F.,(4,4),(0.,0.0101151922875039),.UNSPECIFIED.);
#2470=B_SPLINE_CURVE_WITH_KNOTS('',3,(#4201,#4202,#4203,#4204,#4205,#4206,
#4207,#4208),.UNSPECIFIED.,.F.,.F.,(4,1,1,1,1,4),(0.,0.00393177838412815,
0.00786355676825631,0.00982944596032038,0.0117953351523845,0.0157271135365126),
 .UNSPECIFIED.);
#2471=B_SPLINE_CURVE_WITH_KNOTS('',3,(#4234,#4235,#4236,#4237,#4238),
 .UNSPECIFIED.,.F.,.F.,(4,1,4),(0.,0.00355562178347918,0.00711124356695836),
 .UNSPECIFIED.);
#2472=B_SPLINE_CURVE_WITH_KNOTS('',3,(#4241,#4242,#4243,#4244),
 .UNSPECIFIED.,.F.,.F.,(4,4),(0.00895712910896608,0.0101525489037029),
 .UNSPECIFIED.);
#2473=B_SPLINE_CURVE_WITH_KNOTS('',3,(#4248,#4249,#4250,#4251,#4252,#4253,
#4254),.UNSPECIFIED.,.F.,.F.,(4,1,1,1,4),(0.0101766952884738,0.0122599366971723,
0.0143431781058708,0.0164264195145694,0.0185096609232679),.UNSPECIFIED.);
#2474=B_SPLINE_CURVE_WITH_KNOTS('',3,(#4258,#4259,#4260,#4261),
 .UNSPECIFIED.,.F.,.F.,(4,4),(0.,0.00367963030322835),.UNSPECIFIED.);
#2475=B_SPLINE_CURVE_WITH_KNOTS('',3,(#4265,#4266,#4267,#4268),
 .UNSPECIFIED.,.F.,.F.,(4,4),(0.,0.00341021338195654),.UNSPECIFIED.);
#2476=B_SPLINE_CURVE_WITH_KNOTS('',3,(#4379,#4380,#4381,#4382,#4383,#4384),
 .UNSPECIFIED.,.F.,.F.,(4,1,1,4),(0.000289628194195214,0.00417461543940723,
0.00611710906201324,0.00805960268461925),.UNSPECIFIED.);
#2477=B_SPLINE_CURVE_WITH_KNOTS('',3,(#4386,#4387,#4388,#4389,#4390),
 .UNSPECIFIED.,.F.,.F.,(4,1,4),(-0.00733343054804874,-0.0047050347292594,
-0.00207663891047006),.UNSPECIFIED.);
#2478=B_SPLINE_CURVE_WITH_KNOTS('',3,(#4392,#4393,#4394,#4395),
 .UNSPECIFIED.,.F.,.F.,(4,4),(0.,1.),.UNSPECIFIED.);
#2479=B_SPLINE_CURVE_WITH_KNOTS('',3,(#4404,#4405,#4406,#4407),
 .UNSPECIFIED.,.F.,.F.,(4,4),(0.,1.),.UNSPECIFIED.);
#2480=B_SPLINE_CURVE_WITH_KNOTS('',3,(#4409,#4410,#4411,#4412),
 .UNSPECIFIED.,.F.,.F.,(4,4),(0.,1.),.UNSPECIFIED.);
#2481=B_SPLINE_CURVE_WITH_KNOTS('',3,(#4414,#4415,#4416,#4417),
 .UNSPECIFIED.,.F.,.F.,(4,4),(0.,1.),.UNSPECIFIED.);
#2482=B_SPLINE_CURVE_WITH_KNOTS('',3,(#4419,#4420,#4421,#4422),
 .UNSPECIFIED.,.F.,.F.,(4,4),(1.76810760151903E-5,1.),.UNSPECIFIED.);
#2483=B_SPLINE_CURVE_WITH_KNOTS('',3,(#4424,#4425,#4426,#4427,#4428,#4429,
#4430),.UNSPECIFIED.,.F.,.F.,(4,1,1,1,4),(0.,0.25,0.5,0.75,1.),
 .UNSPECIFIED.);
#2484=B_SPLINE_CURVE_WITH_KNOTS('',3,(#4432,#4433,#4434,#4435),
 .UNSPECIFIED.,.F.,.F.,(4,4),(0.,1.),.UNSPECIFIED.);
#2485=B_SPLINE_CURVE_WITH_KNOTS('',3,(#4439,#4440,#4441,#4442,#4443,#4444),
 .UNSPECIFIED.,.F.,.F.,(4,1,1,4),(0.,0.00262501680183025,0.00525003360366049,
0.010500067207321),.UNSPECIFIED.);
#2486=B_SPLINE_CURVE_WITH_KNOTS('',3,(#4863,#4864,#4865,#4866,#4867,#4868,
#4869),.UNSPECIFIED.,.F.,.F.,(4,1,1,1,4),(0.,0.00113287664757527,0.00226575329515053,
0.00453150659030106,0.00906301318060212),.UNSPECIFIED.);
#2487=B_SPLINE_CURVE_WITH_KNOTS('',3,(#4871,#4872,#4873,#4874,#4875),
 .UNSPECIFIED.,.F.,.F.,(4,1,4),(2.17703192575854E-18,0.00443494302767684,
0.00886988605535368),.UNSPECIFIED.);
#2488=B_SPLINE_CURVE_WITH_KNOTS('',3,(#4958,#4959,#4960,#4961),
 .UNSPECIFIED.,.F.,.F.,(4,4),(0.,0.000307254146891887),.UNSPECIFIED.);
#2489=B_SPLINE_CURVE_WITH_KNOTS('',3,(#4965,#4966,#4967,#4968),
 .UNSPECIFIED.,.F.,.F.,(4,4),(0.00142018520454371,0.00142554672159304),
 .UNSPECIFIED.);
#2490=B_SPLINE_CURVE_WITH_KNOTS('',3,(#4977,#4978,#4979,#4980),
 .UNSPECIFIED.,.F.,.F.,(4,4),(1.80283402908025E-5,0.00258375517944533),
 .UNSPECIFIED.);
#2491=B_SPLINE_CURVE_WITH_KNOTS('',2,(#4984,#4985,#4986),.UNSPECIFIED.,
 .F.,.F.,(3,3),(0.,1.),.UNSPECIFIED.);
#2492=B_SPLINE_CURVE_WITH_KNOTS('',3,(#4995,#4996,#4997,#4998),
 .UNSPECIFIED.,.F.,.F.,(4,4),(-1.61457066703655,1.),.UNSPECIFIED.);
#2493=B_SPLINE_CURVE_WITH_KNOTS('',3,(#5000,#5001,#5002,#5003),
 .UNSPECIFIED.,.F.,.F.,(4,4),(2.6663439076333E-17,0.00322490274035974),
 .UNSPECIFIED.);
#2494=B_SPLINE_CURVE_WITH_KNOTS('',3,(#5004,#5005,#5006,#5007),
 .UNSPECIFIED.,.F.,.F.,(4,4),(0.0010886015530174,0.00236854174429521),
 .UNSPECIFIED.);
#2495=B_SPLINE_CURVE_WITH_KNOTS('',3,(#5040,#5041,#5042,#5043),
 .UNSPECIFIED.,.F.,.F.,(4,4),(0.00417852901993637,0.00967985656818316),
 .UNSPECIFIED.);
#2496=B_SPLINE_CURVE_WITH_KNOTS('',3,(#5045,#5046,#5047,#5048),
 .UNSPECIFIED.,.F.,.F.,(4,4),(0.0053923983718553,0.00845899006958002),
 .UNSPECIFIED.);
#2497=B_SPLINE_CURVE_WITH_KNOTS('',3,(#5055,#5056,#5057,#5058),
 .UNSPECIFIED.,.F.,.F.,(4,4),(0.000503826249230363,0.00335357073394509),
 .UNSPECIFIED.);
#2498=B_SPLINE_CURVE_WITH_KNOTS('',2,(#5062,#5063,#5064),.UNSPECIFIED.,
 .F.,.F.,(3,3),(0.,1.),.UNSPECIFIED.);
#2499=B_SPLINE_CURVE_WITH_KNOTS('',3,(#5073,#5074,#5075,#5076),
 .UNSPECIFIED.,.F.,.F.,(4,4),(0.,1.),.UNSPECIFIED.);
#2500=B_SPLINE_CURVE_WITH_KNOTS('',3,(#5078,#5079,#5080,#5081),
 .UNSPECIFIED.,.F.,.F.,(4,4),(0.,1.),.UNSPECIFIED.);
#2501=B_SPLINE_CURVE_WITH_KNOTS('',3,(#5320,#5321,#5322,#5323,#5324),
 .UNSPECIFIED.,.F.,.F.,(4,1,4),(0.,0.00543940621347246,0.0108788124269449),
 .UNSPECIFIED.);
#2502=B_SPLINE_CURVE_WITH_KNOTS('',3,(#5327,#5328,#5329,#5330,#5331,#5332,
#5333,#5334,#5335,#5336,#5337,#5338,#5339,#5340,#5341,#5342,#5343,#5344,
#5345),.UNSPECIFIED.,.F.,.F.,(4,1,1,1,1,1,1,1,1,1,1,1,1,1,1,1,4),(0.,0.125,
0.25,0.3125,0.375,0.4375,0.46875,0.484375,0.5,0.515625,0.53125,0.5625,0.625,
0.6875,0.75,0.875,1.),.UNSPECIFIED.);
#2503=B_SPLINE_CURVE_WITH_KNOTS('',3,(#5346,#5347,#5348,#5349,#5350,#5351,
#5352),.UNSPECIFIED.,.F.,.F.,(4,1,1,1,4),(0.0220980617551161,0.0273741475751619,
0.0326502333952077,0.0379263192152536,0.0432024050352994),.UNSPECIFIED.);
#2504=B_SPLINE_CURVE_WITH_KNOTS('',3,(#5354,#5355,#5356,#5357),
 .UNSPECIFIED.,.F.,.F.,(4,4),(0.585803399487528,1.),.UNSPECIFIED.);
#2505=B_SPLINE_CURVE_WITH_KNOTS('',3,(#5372,#5373,#5374,#5375),
 .UNSPECIFIED.,.F.,.F.,(4,4),(0.,0.00614171189998827),.UNSPECIFIED.);
#2506=B_SPLINE_CURVE_WITH_KNOTS('',3,(#5377,#5378,#5379,#5380),
 .UNSPECIFIED.,.F.,.F.,(4,4),(0.,0.0976740798787721),.UNSPECIFIED.);
#2507=B_SPLINE_CURVE_WITH_KNOTS('',3,(#5703,#5704,#5705,#5706),
 .UNSPECIFIED.,.F.,.F.,(4,4),(0.,0.00248896942342135),.UNSPECIFIED.);
#2508=B_SPLINE_CURVE_WITH_KNOTS('',3,(#5708,#5709,#5710,#5711),
 .UNSPECIFIED.,.F.,.F.,(4,4),(0.,0.0025066436467865),.UNSPECIFIED.);
#2509=B_SPLINE_CURVE_WITH_KNOTS('',3,(#5712,#5713,#5714,#5715),
 .UNSPECIFIED.,.F.,.F.,(4,4),(0.,0.00479356048367663),.UNSPECIFIED.);
#2510=B_SPLINE_CURVE_WITH_KNOTS('',3,(#5719,#5720,#5721,#5722),
 .UNSPECIFIED.,.F.,.F.,(4,4),(0.,0.000505274807065146),.UNSPECIFIED.);
#2511=B_SPLINE_CURVE_WITH_KNOTS('',3,(#5724,#5725,#5726,#5727,#5728),
 .UNSPECIFIED.,.F.,.F.,(4,1,4),(0.,0.00203891343608641,0.00407782687217283),
 .UNSPECIFIED.);
#2512=B_SPLINE_CURVE_WITH_KNOTS('',3,(#5778,#5779,#5780,#5781),
 .UNSPECIFIED.,.F.,.F.,(4,4),(0.,1.),.UNSPECIFIED.);
#2513=B_SPLINE_CURVE_WITH_KNOTS('',3,(#5783,#5784,#5785,#5786),
 .UNSPECIFIED.,.F.,.F.,(4,4),(0.,0.431758647507693),.UNSPECIFIED.);
#2514=B_SPLINE_CURVE_WITH_KNOTS('',3,(#5811,#5812,#5813,#5814),
 .UNSPECIFIED.,.F.,.F.,(4,4),(0.,1.),.UNSPECIFIED.);
#2515=B_SPLINE_CURVE_WITH_KNOTS('',3,(#5835,#5836,#5837,#5838),
 .UNSPECIFIED.,.F.,.F.,(4,4),(0.,1.),.UNSPECIFIED.);
#2516=B_SPLINE_CURVE_WITH_KNOTS('',3,(#5928,#5929,#5930,#5931),
 .UNSPECIFIED.,.F.,.F.,(4,4),(0.,0.00218378182070121),.UNSPECIFIED.);
#2517=B_SPLINE_CURVE_WITH_KNOTS('',3,(#5933,#5934,#5935,#5936),
 .UNSPECIFIED.,.F.,.F.,(4,4),(7.152448122691E-18,0.00378223735363945),
 .UNSPECIFIED.);
#2518=B_SPLINE_CURVE_WITH_KNOTS('',3,(#5941,#5942,#5943,#5944),
 .UNSPECIFIED.,.F.,.F.,(4,4),(7.75791922889773E-18,0.00378659317822526),
 .UNSPECIFIED.);
#2519=B_SPLINE_CURVE_WITH_KNOTS('',3,(#5946,#5947,#5948,#5949),
 .UNSPECIFIED.,.F.,.F.,(4,4),(0.,0.00218311381231634),.UNSPECIFIED.);
#2520=B_SPLINE_CURVE_WITH_KNOTS('',3,(#5972,#5973,#5974,#5975),
 .UNSPECIFIED.,.F.,.F.,(4,4),(1.73472347597681E-18,0.00262257547638714),
 .UNSPECIFIED.);
#2521=B_SPLINE_CURVE_WITH_KNOTS('',3,(#5979,#5980,#5981,#5982,#5983),
 .UNSPECIFIED.,.F.,.F.,(4,1,4),(0.00206385871932113,0.00442683734023372,
0.00678981596114632),.UNSPECIFIED.);
#2522=B_SPLINE_CURVE_WITH_KNOTS('',3,(#5988,#5989,#5990,#5991,#5992),
 .UNSPECIFIED.,.F.,.F.,(4,1,4),(0.00246261591563726,0.0069595618073343,
0.0114565076990313),.UNSPECIFIED.);
#2523=B_SPLINE_CURVE_WITH_KNOTS('',3,(#5997,#5998,#5999,#6000),
 .UNSPECIFIED.,.F.,.F.,(4,4),(0.,1.),.UNSPECIFIED.);
#2524=B_SPLINE_CURVE_WITH_KNOTS('',3,(#6011,#6012,#6013,#6014,#6015),
 .UNSPECIFIED.,.F.,.F.,(4,1,4),(0.,0.428511923069611,0.857023846139221),
 .UNSPECIFIED.);
#2525=B_SPLINE_CURVE_WITH_KNOTS('',3,(#6030,#6031,#6032,#6033),
 .UNSPECIFIED.,.F.,.F.,(4,4),(0.,0.00319981005053114),.UNSPECIFIED.);
#2526=B_SPLINE_CURVE_WITH_KNOTS('',3,(#6035,#6036,#6037,#6038),
 .UNSPECIFIED.,.F.,.F.,(4,4),(0.,1.),.UNSPECIFIED.);
#2527=B_SPLINE_CURVE_WITH_KNOTS('',3,(#6042,#6043,#6044,#6045),
 .UNSPECIFIED.,.F.,.F.,(4,4),(0.,0.227937211371945),.UNSPECIFIED.);
#2528=B_SPLINE_CURVE_WITH_KNOTS('',3,(#6049,#6050,#6051,#6052),
 .UNSPECIFIED.,.F.,.F.,(4,4),(3.40137597902335E-5,4.54714949033445),
 .UNSPECIFIED.);
#2529=B_SPLINE_CURVE_WITH_KNOTS('',3,(#6054,#6055,#6056,#6057),
 .UNSPECIFIED.,.F.,.F.,(4,4),(0.00195470035174995,0.00349246765927317),
 .UNSPECIFIED.);
#2530=B_SPLINE_CURVE_WITH_KNOTS('',3,(#6059,#6060,#6061,#6062,#6063,#6064),
 .UNSPECIFIED.,.F.,.F.,(4,1,1,4),(-3.48184922460693E-5,0.499032385229907,
0.748565987090984,0.99809958895206),.UNSPECIFIED.);
#2531=B_SPLINE_CURVE_WITH_KNOTS('',3,(#6171,#6172,#6173,#6174,#6175),
 .UNSPECIFIED.,.F.,.F.,(4,1,4),(0.00286658313997764,0.00589941939300149,
0.00893225564602534),.UNSPECIFIED.);
#2532=B_SPLINE_CURVE_WITH_KNOTS('',3,(#6179,#6180,#6181,#6182),
 .UNSPECIFIED.,.F.,.F.,(4,4),(0.00206385871932151,0.0062912201196532),
 .UNSPECIFIED.);
#2533=B_SPLINE_CURVE_WITH_KNOTS('',3,(#6195,#6196,#6197,#6198),
 .UNSPECIFIED.,.F.,.F.,(4,4),(0.,0.00310157838939777),.UNSPECIFIED.);
#2534=B_SPLINE_CURVE_WITH_KNOTS('',3,(#6204,#6205,#6206,#6207),
 .UNSPECIFIED.,.F.,.F.,(4,4),(1.52090376004804E-7,0.00111601705947078),
 .UNSPECIFIED.);
#2535=B_SPLINE_CURVE_WITH_KNOTS('',3,(#6209,#6210,#6211,#6212),
 .UNSPECIFIED.,.F.,.F.,(4,4),(0.,0.552557892341786),.UNSPECIFIED.);
#2536=B_SPLINE_CURVE_WITH_KNOTS('',3,(#6226,#6227,#6228,#6229),
 .UNSPECIFIED.,.F.,.F.,(4,4),(0.0123645764981322,0.0161691627193043),
 .UNSPECIFIED.);
#2537=B_SPLINE_CURVE_WITH_KNOTS('',3,(#6278,#6279,#6280,#6281,#6282,#6283,
#6284,#6285),.UNSPECIFIED.,.F.,.F.,(4,1,1,1,1,4),(0.,0.25,0.5,0.625,0.75,
1.),.UNSPECIFIED.);
#2538=B_SPLINE_CURVE_WITH_KNOTS('',3,(#6295,#6296,#6297,#6298),
 .UNSPECIFIED.,.F.,.F.,(4,4),(0.,1.14915011970679),.UNSPECIFIED.);
#2539=B_SPLINE_CURVE_WITH_KNOTS('',3,(#6309,#6310,#6311,#6312,#6313,#6314,
#6315),.UNSPECIFIED.,.F.,.F.,(4,1,1,1,4),(0.0275930221738342,0.0330630609424516,
0.0385330997110689,0.0440031384796863,0.0494731772483036),.UNSPECIFIED.);
#2540=B_SPLINE_CURVE_WITH_KNOTS('',3,(#6418,#6419,#6420,#6421),
 .UNSPECIFIED.,.F.,.F.,(4,4),(0.58457138700639,0.689933606718002),
 .UNSPECIFIED.);
#2541=B_SPLINE_CURVE_WITH_KNOTS('',3,(#6424,#6425,#6426,#6427),
 .UNSPECIFIED.,.F.,.F.,(4,4),(0.,1.),.UNSPECIFIED.);
#2542=B_SPLINE_CURVE_WITH_KNOTS('',3,(#6429,#6430,#6431,#6432),
 .UNSPECIFIED.,.F.,.F.,(4,4),(0.,1.),.UNSPECIFIED.);
#2543=B_SPLINE_CURVE_WITH_KNOTS('',3,(#6434,#6435,#6436,#6437,#6438,#6439,
#6440,#6441,#6442,#6443,#6444),.UNSPECIFIED.,.F.,.F.,(4,1,1,1,1,1,1,1,4),
(0.,0.25,0.375,0.4375,0.5,0.5625,0.625,0.75,1.),.UNSPECIFIED.);
#2544=B_SPLINE_CURVE_WITH_KNOTS('',3,(#6446,#6447,#6448,#6449),
 .UNSPECIFIED.,.F.,.F.,(4,4),(0.,0.00114128374271166),.UNSPECIFIED.);
#2545=B_SPLINE_CURVE_WITH_KNOTS('',3,(#6490,#6491,#6492,#6493),
 .UNSPECIFIED.,.F.,.F.,(4,4),(0.00405311509330039,0.00464889711813715),
 .UNSPECIFIED.);
#2546=B_SPLINE_CURVE_WITH_KNOTS('',3,(#6495,#6496,#6497,#6498),
 .UNSPECIFIED.,.F.,.F.,(4,4),(0.,1.),.UNSPECIFIED.);
#2547=B_SPLINE_CURVE_WITH_KNOTS('',3,(#6500,#6501,#6502,#6503),
 .UNSPECIFIED.,.F.,.F.,(4,4),(0.,1.),.UNSPECIFIED.);
#2548=B_SPLINE_CURVE_WITH_KNOTS('',3,(#6505,#6506,#6507,#6508),
 .UNSPECIFIED.,.F.,.F.,(4,4),(0.,1.),.UNSPECIFIED.);
#2549=B_SPLINE_CURVE_WITH_KNOTS('',3,(#6579,#6580,#6581,#6582,#6583,#6584,
#6585,#6586,#6587,#6588),.UNSPECIFIED.,.F.,.F.,(4,2,2,2,4),(0.,0.500000000000003,
0.625000000000003,0.750000000000003,1.),.UNSPECIFIED.);
#2550=B_SPLINE_CURVE_WITH_KNOTS('',3,(#6591,#6592,#6593,#6594),
 .UNSPECIFIED.,.F.,.F.,(4,4),(0.,1.),.UNSPECIFIED.);
#2551=B_SPLINE_CURVE_WITH_KNOTS('',3,(#6596,#6597,#6598,#6599),
 .UNSPECIFIED.,.F.,.F.,(4,4),(0.,0.000766089302335498),.UNSPECIFIED.);
#2552=B_SPLINE_CURVE_WITH_KNOTS('',3,(#6601,#6602,#6603,#6604),
 .UNSPECIFIED.,.F.,.F.,(4,4),(0.109584907031055,1.),.UNSPECIFIED.);
#2553=B_SPLINE_CURVE_WITH_KNOTS('',3,(#6606,#6607,#6608,#6609),
 .UNSPECIFIED.,.F.,.F.,(4,4),(0.,1.),.UNSPECIFIED.);
#2554=B_SPLINE_CURVE_WITH_KNOTS('',3,(#6611,#6612,#6613,#6614),
 .UNSPECIFIED.,.F.,.F.,(4,4),(0.,1.),.UNSPECIFIED.);
#2555=B_SPLINE_CURVE_WITH_KNOTS('',3,(#6616,#6617,#6618,#6619),
 .UNSPECIFIED.,.F.,.F.,(4,4),(0.0903063215290646,0.999999987995116),
 .UNSPECIFIED.);
#2556=B_SPLINE_CURVE_WITH_KNOTS('',3,(#6621,#6622,#6623,#6624,#6625,#6626,
#6627,#6628,#6629,#6630),.UNSPECIFIED.,.F.,.F.,(4,2,2,2,4),(0.,0.500000000000003,
0.625000000000003,0.750000000000003,1.),.UNSPECIFIED.);
#2557=B_SPLINE_CURVE_WITH_KNOTS('',3,(#6632,#6633,#6634,#6635),
 .UNSPECIFIED.,.F.,.F.,(4,4),(0.,1.),.PIECEWISE_BEZIER_KNOTS.);
#2558=B_SPLINE_CURVE_WITH_KNOTS('',3,(#6656,#6657,#6658,#6659),
 .UNSPECIFIED.,.F.,.F.,(4,4),(0.,1.),.UNSPECIFIED.);
#2559=B_SPLINE_CURVE_WITH_KNOTS('',3,(#6661,#6662,#6663,#6664,#6665,#6666,
#6667,#6668,#6669,#6670),.UNSPECIFIED.,.F.,.F.,(4,2,2,2,4),(0.,0.500000000000003,
0.625000000000003,0.750000000000003,1.),.UNSPECIFIED.);
#2560=B_SPLINE_CURVE_WITH_KNOTS('',3,(#6694,#6695,#6696,#6697),
 .UNSPECIFIED.,.F.,.F.,(4,4),(2.13569832609052E-17,0.00177730650012188),
 .UNSPECIFIED.);
#2561=B_SPLINE_CURVE_WITH_KNOTS('',3,(#6700,#6701,#6702,#6703),
 .UNSPECIFIED.,.F.,.F.,(4,4),(0.,1.),.UNSPECIFIED.);
#2562=B_SPLINE_CURVE_WITH_KNOTS('',3,(#6704,#6705,#6706,#6707),
 .UNSPECIFIED.,.F.,.F.,(4,4),(0.,1.),.UNSPECIFIED.);
#2563=B_SPLINE_CURVE_WITH_KNOTS('',3,(#6711,#6712,#6713,#6714,#6715),
 .UNSPECIFIED.,.F.,.F.,(4,1,4),(8.67361737988404E-19,0.00317229917499608,
0.00634459834999215),.UNSPECIFIED.);
#2564=B_SPLINE_CURVE_WITH_KNOTS('',3,(#6738,#6739,#6740,#6741),
 .UNSPECIFIED.,.F.,.F.,(4,4),(0.,1.),.UNSPECIFIED.);
#2565=B_SPLINE_CURVE_WITH_KNOTS('',3,(#6744,#6745,#6746,#6747),
 .UNSPECIFIED.,.F.,.F.,(4,4),(0.,1.),.UNSPECIFIED.);
#2566=B_SPLINE_CURVE_WITH_KNOTS('',3,(#6749,#6750,#6751,#6752,#6753),
 .UNSPECIFIED.,.F.,.F.,(4,1,4),(0.,0.48654986016402,0.97309972032804),
 .UNSPECIFIED.);
#2567=B_SPLINE_CURVE_WITH_KNOTS('',3,(#6756,#6757,#6758,#6759,#6760,#6761,
#6762,#6763,#6764,#6765,#6766,#6767),.UNSPECIFIED.,.F.,.F.,(4,2,2,2,2,4),
(0.36539584770895,0.523214294254418,0.681032740799887,0.838851187345356,
0.996669633890825,1.),.UNSPECIFIED.);
#2568=B_SPLINE_CURVE_WITH_KNOTS('',3,(#6782,#6783,#6784,#6785),
 .UNSPECIFIED.,.F.,.F.,(4,4),(0.,0.999999912819859),.UNSPECIFIED.);
#2569=B_SPLINE_CURVE_WITH_KNOTS('',3,(#6818,#6819,#6820,#6821,#6822,#6823,
#6824,#6825,#6826,#6827,#6828,#6829,#6830,#6831,#6832,#6833,#6834,#6835,
#6836,#6837,#6838),.UNSPECIFIED.,.F.,.F.,(4,1,1,1,1,1,1,1,1,1,1,1,1,1,1,
1,1,1,4),(0.0239536551488513,0.0849565517020481,0.145959448255245,0.206962344808442,
0.23746379308504,0.252714517223339,0.267965241361638,0.298466689638237,
0.328968137914835,0.359469586191434,0.374720310329733,0.389971034468032,
0.42047248274463,0.450973931021229,0.511976827574426,0.572979724127622,
0.633982620680819,0.755988413787213,1.),.UNSPECIFIED.);
#2570=B_SPLINE_CURVE_WITH_KNOTS('',3,(#6840,#6841,#6842,#6843),
 .UNSPECIFIED.,.F.,.F.,(4,4),(0.,1.),.UNSPECIFIED.);
#2571=B_SPLINE_CURVE_WITH_KNOTS('',3,(#6845,#6846,#6847,#6848,#6849,#6850,
#6851,#6852,#6853,#6854,#6855,#6856,#6857,#6858,#6859,#6860,#6861,#6862,
#6863,#6864,#6865,#6866,#6867,#6868,#6869,#6870,#6871,#6872,#6873,#6874,
#6875,#6876,#6877,#6878),.UNSPECIFIED.,.F.,.F.,(4,3,3,3,3,2,2,2,3,3,3,3,
4),(-0.92805,-0.5985,-0.345,-0.15,0.,0.25,0.5,0.75,1.,1.15,1.345,1.5985,
1.92805),.UNSPECIFIED.);
#2572=B_SPLINE_CURVE_WITH_KNOTS('',3,(#7039,#7040,#7041,#7042),
 .UNSPECIFIED.,.F.,.F.,(4,4),(0.00246082494759894,0.00290762675101803),
 .UNSPECIFIED.);
#2573=B_SPLINE_CURVE_WITH_KNOTS('',3,(#7045,#7046,#7047,#7048,#7049,#7050,
#7051,#7052,#7053,#7054,#7055,#7056,#7057,#7058,#7059,#7060),
 .UNSPECIFIED.,.F.,.F.,(4,1,1,1,1,1,1,1,1,1,1,1,1,4),(0.,0.122753380978795,
0.24550676195759,0.368260142936386,0.429636833425783,0.460325178670482,
0.491013523915181,0.50635769653753,0.52170186915988,0.552390214404578,0.613766904893976,
0.736520285872771,0.859273666851566,0.982027047830362),.UNSPECIFIED.);
#2574=B_SPLINE_CURVE_WITH_KNOTS('',3,(#7061,#7062,#7063,#7064),
 .UNSPECIFIED.,.F.,.F.,(4,4),(0.,1.),.UNSPECIFIED.);
#2575=B_SPLINE_CURVE_WITH_KNOTS('',3,(#7178,#7179,#7180,#7181),
 .UNSPECIFIED.,.F.,.F.,(4,4),(0.,0.00616644859968608),.UNSPECIFIED.);
#2576=B_SPLINE_CURVE_WITH_KNOTS('',3,(#7184,#7185,#7186,#7187),
 .UNSPECIFIED.,.F.,.F.,(4,4),(0.,0.000894133612937085),.UNSPECIFIED.);
#2577=B_SPLINE_CURVE_WITH_KNOTS('',3,(#7189,#7190,#7191,#7192,#7193),
 .UNSPECIFIED.,.F.,.F.,(4,1,4),(0.00527874169191933,0.0176285369354872,
0.0299783321790551),.UNSPECIFIED.);
#2578=B_SPLINE_CURVE_WITH_KNOTS('',3,(#7194,#7195,#7196,#7197,#7198,#7199),
 .UNSPECIFIED.,.F.,.F.,(4,1,1,4),(0.,0.0129108831724963,0.0193663247587444,
0.0258217663449926),.UNSPECIFIED.);
#2579=B_SPLINE_CURVE_WITH_KNOTS('',3,(#7203,#7204,#7205,#7206),
 .UNSPECIFIED.,.F.,.F.,(4,4),(0.,1.),.UNSPECIFIED.);
#2580=B_SPLINE_CURVE_WITH_KNOTS('',3,(#7208,#7209,#7210,#7211,#7212,#7213,
#7214),.UNSPECIFIED.,.F.,.F.,(4,1,1,1,4),(0.,0.25,0.5,0.75,1.),
 .UNSPECIFIED.);
#2581=B_SPLINE_CURVE_WITH_KNOTS('',3,(#7216,#7217,#7218,#7219),
 .UNSPECIFIED.,.F.,.F.,(4,4),(0.,1.),.UNSPECIFIED.);
#2582=B_SPLINE_CURVE_WITH_KNOTS('',3,(#7221,#7222,#7223,#7224),
 .UNSPECIFIED.,.F.,.F.,(4,4),(0.,0.930098879620742),.UNSPECIFIED.);
#2583=B_SPLINE_CURVE_WITH_KNOTS('',3,(#7355,#7356,#7357,#7358),
 .UNSPECIFIED.,.F.,.F.,(4,4),(0.,1.),.UNSPECIFIED.);
#2584=B_SPLINE_CURVE_WITH_KNOTS('',3,(#7360,#7361,#7362,#7363,#7364,#7365,
#7366,#7367,#7368,#7369,#7370,#7371,#7372),.UNSPECIFIED.,.F.,.F.,(4,1,1,
1,1,1,1,1,1,1,4),(0.057981204369623,0.293485903277217,0.411238252731014,
0.470114427457913,0.499552514821362,0.528990602184812,0.58786677691171,
0.646742951638609,0.764495301092406,0.882247650546203,1.),.UNSPECIFIED.);
#2585=B_SPLINE_CURVE_WITH_KNOTS('',3,(#7391,#7392,#7393,#7394,#7395,#7396,
#7397,#7398,#7399,#7400,#7401,#7402,#7403,#7404,#7405,#7406,#7407,#7408,
#7409,#7410,#7411,#7412,#7413,#7414,#7415,#7416,#7417,#7418,#7419,#7420,
#7421,#7422,#7423,#7424),.UNSPECIFIED.,.F.,.F.,(4,1,1,1,1,1,1,1,1,1,1,1,
1,1,1,1,1,1,1,1,1,1,1,1,1,1,1,1,1,1,1,4),(0.,0.0625,0.125,0.1875,0.25,0.3125,
0.375,0.4375,0.5,0.5625,0.625,0.6875,0.71875,0.734375,0.75,0.765625,0.78125,
0.8125,0.828125,0.84375,0.859375,0.8671875,0.87109375,0.875,0.87890625,
0.8828125,0.890625,0.90625,0.921875,0.9375,0.96875,1.),.UNSPECIFIED.);
#2586=B_SPLINE_CURVE_WITH_KNOTS('',3,(#7426,#7427,#7428,#7429),
 .UNSPECIFIED.,.F.,.F.,(4,4),(0.698594542546425,1.),.UNSPECIFIED.);
#2587=B_SPLINE_CURVE_WITH_KNOTS('',3,(#7435,#7436,#7437,#7438,#7439,#7440,
#7441),.UNSPECIFIED.,.F.,.F.,(4,1,1,1,4),(0.,0.00393169862349602,0.00786339724699204,
0.0117950958704881,0.0157267944939841),.UNSPECIFIED.);
#2588=B_SPLINE_CURVE_WITH_KNOTS('',3,(#7470,#7471,#7472,#7473),
 .UNSPECIFIED.,.F.,.F.,(4,4),(0.,1.),.UNSPECIFIED.);
#2589=B_SPLINE_CURVE_WITH_KNOTS('',3,(#7476,#7477,#7478,#7479),
 .UNSPECIFIED.,.F.,.F.,(4,4),(0.,8.52033282550438E-5),.UNSPECIFIED.);
#2590=B_SPLINE_CURVE_WITH_KNOTS('',3,(#7481,#7482,#7483,#7484),
 .UNSPECIFIED.,.F.,.F.,(4,4),(0.42445767821386,1.),.UNSPECIFIED.);
#2591=B_SPLINE_CURVE_WITH_KNOTS('',3,(#7486,#7487,#7488,#7489),
 .UNSPECIFIED.,.F.,.F.,(4,4),(0.277437653732124,1.),.UNSPECIFIED.);
#2592=B_SPLINE_CURVE_WITH_KNOTS('',3,(#7506,#7507,#7508,#7509),
 .UNSPECIFIED.,.F.,.F.,(4,4),(0.,1.),.UNSPECIFIED.);
#2593=B_SPLINE_CURVE_WITH_KNOTS('',3,(#7510,#7511,#7512,#7513,#7514,#7515,
#7516),.UNSPECIFIED.,.F.,.F.,(4,1,1,1,4),(9.34095353730494E-5,0.25007005715153,
0.500046704767687,0.750023352383843,1.),.UNSPECIFIED.);
#2594=B_SPLINE_CURVE_WITH_KNOTS('',3,(#7518,#7519,#7520,#7521),
 .UNSPECIFIED.,.F.,.F.,(4,4),(0.,1.),.UNSPECIFIED.);
#2595=B_SPLINE_CURVE_WITH_KNOTS('',3,(#7523,#7524,#7525,#7526),
 .UNSPECIFIED.,.F.,.F.,(4,4),(0.000133395534672723,1.),.UNSPECIFIED.);
#2596=B_SPLINE_CURVE_WITH_KNOTS('',3,(#7565,#7566,#7567,#7568,#7569,#7570,
#7571,#7572,#7573,#7574,#7575,#7576,#7577,#7578),.UNSPECIFIED.,.F.,.F.,
(4,1,1,1,1,1,1,1,1,1,1,4),(0.,0.125,0.25,0.375,0.4375,0.46875,0.5,0.53125,
0.5625,0.625,0.75,1.),.UNSPECIFIED.);
#2597=B_SPLINE_CURVE_WITH_KNOTS('',3,(#7580,#7581,#7582,#7583,#7584,#7585,
#7586,#7587,#7588,#7589,#7590,#7591,#7592,#7593),.UNSPECIFIED.,.F.,.F.,
(4,1,1,1,1,1,1,1,1,1,1,4),(5.18385289424652E-8,0.125000045358713,0.187500042118805,
0.218750040498851,0.250000038878897,0.281250037258943,0.312500035638989,
0.375000032399081,0.500000025919265,0.625000019439448,0.750000012959632,
1.),.UNSPECIFIED.);
#2598=B_SPLINE_CURVE_WITH_KNOTS('',3,(#7672,#7673,#7674,#7675,#7676,#7677,
#7678,#7679,#7680,#7681,#7682,#7683,#7684,#7685,#7686,#7687,#7688,#7689,
#7690,#7691,#7692,#7693,#7694,#7695,#7696,#7697,#7698,#7699,#7700,#7701),
 .UNSPECIFIED.,.F.,.F.,(4,1,1,1,1,1,1,1,1,1,1,1,1,1,1,1,1,1,1,1,1,1,1,1,
1,1,1,4),(1.21397142824061E-7,0.121983700196429,0.243967278995715,0.365950857795002,
0.426942647194645,0.487934436594288,0.518430331294109,0.548926225993931,
0.564174173343842,0.579422120693753,0.587046094368708,0.594670068043663,
0.598482054881141,0.602294041718619,0.609918015393574,0.61754198906853,
0.621353975906007,0.625165962743485,0.628977949580963,0.63278993641844,
0.640413910093396,0.655661857443306,0.670909804793217,0.701405699493039,
0.73190159419286,0.792893383592503,0.853885172992147,0.975868751791433),
 .UNSPECIFIED.);
#2599=B_SPLINE_CURVE_WITH_KNOTS('',3,(#7703,#7704,#7705,#7706),
 .UNSPECIFIED.,.F.,.F.,(4,4),(0.,1.),.UNSPECIFIED.);
#2600=B_SPLINE_CURVE_WITH_KNOTS('',3,(#7708,#7709,#7710,#7711),
 .UNSPECIFIED.,.F.,.F.,(4,4),(0.,1.),.UNSPECIFIED.);
#2601=B_SPLINE_CURVE_WITH_KNOTS('',3,(#7720,#7721,#7722,#7723),
 .UNSPECIFIED.,.F.,.F.,(4,4),(0.,1.),.UNSPECIFIED.);
#2602=B_SPLINE_CURVE_WITH_KNOTS('',3,(#7725,#7726,#7727,#7728),
 .UNSPECIFIED.,.F.,.F.,(4,4),(0.,1.),.UNSPECIFIED.);
#2603=B_SPLINE_CURVE_WITH_KNOTS('',3,(#7730,#7731,#7732,#7733),
 .UNSPECIFIED.,.F.,.F.,(4,4),(0.,1.),.UNSPECIFIED.);
#2604=B_SPLINE_CURVE_WITH_KNOTS('',3,(#7739,#7740,#7741,#7742),
 .UNSPECIFIED.,.F.,.F.,(4,4),(0.000285162590521821,0.00883878113419675),
 .UNSPECIFIED.);
#2605=B_SPLINE_CURVE_WITH_KNOTS('',3,(#7831,#7832,#7833,#7834),
 .UNSPECIFIED.,.F.,.F.,(4,4),(3.34581347384322E-17,0.00845685120076163),
 .UNSPECIFIED.);
#2606=B_SPLINE_CURVE_WITH_KNOTS('',3,(#7851,#7852,#7853,#7854),
 .UNSPECIFIED.,.F.,.F.,(4,4),(3.55618312575245E-17,0.00854356356489821),
 .UNSPECIFIED.);
#2607=B_SPLINE_CURVE_WITH_KNOTS('',3,(#7855,#7856,#7857,#7858),
 .UNSPECIFIED.,.F.,.F.,(4,4),(9.0656893519947E-9,0.999999999999999),
 .UNSPECIFIED.);
#2608=B_SPLINE_CURVE_WITH_KNOTS('',3,(#7911,#7912,#7913,#7914),
 .UNSPECIFIED.,.F.,.F.,(4,4),(-0.00135941175520347,0.00750059341597456),
 .UNSPECIFIED.);
#2609=B_SPLINE_CURVE_WITH_KNOTS('',3,(#7918,#7919,#7920,#7921,#7922),
 .UNSPECIFIED.,.F.,.F.,(4,1,4),(0.,0.0019651081294605,0.003930216258921),
 .UNSPECIFIED.);
#2610=B_SPLINE_CURVE_WITH_KNOTS('',3,(#7932,#7933,#7934,#7935,#7936,#7937,
#7938,#7939,#7940,#7941,#7942,#7943),.UNSPECIFIED.,.F.,.F.,(4,1,1,1,1,1,
1,1,1,4),(0.,0.0581006841586808,0.116201368317362,0.145251710396702,0.174302052476042,
0.232402736634723,0.348604104952085,0.464805473269447,0.69720820990417,
0.929610946538893),.UNSPECIFIED.);
#2611=B_SPLINE_CURVE_WITH_KNOTS('',3,(#7947,#7948,#7949,#7950),
 .UNSPECIFIED.,.F.,.F.,(4,4),(0.,1.),.UNSPECIFIED.);
#2612=B_SPLINE_CURVE_WITH_KNOTS('',3,(#7954,#7955,#7956,#7957),
 .UNSPECIFIED.,.F.,.F.,(4,4),(0.,1.),.UNSPECIFIED.);
#2613=B_SPLINE_CURVE_WITH_KNOTS('',3,(#7959,#7960,#7961,#7962),
 .UNSPECIFIED.,.F.,.F.,(4,4),(0.,1.),.UNSPECIFIED.);
#2614=B_SPLINE_CURVE_WITH_KNOTS('',3,(#7964,#7965,#7966,#7967),
 .UNSPECIFIED.,.F.,.F.,(4,4),(0.,1.),.UNSPECIFIED.);
#2615=B_SPLINE_CURVE_WITH_KNOTS('',3,(#8011,#8012,#8013,#8014),
 .UNSPECIFIED.,.F.,.F.,(4,4),(0.,1.),.UNSPECIFIED.);
#2616=B_SPLINE_CURVE_WITH_KNOTS('',3,(#8017,#8018,#8019,#8020),
 .UNSPECIFIED.,.F.,.F.,(4,4),(0.,1.),.UNSPECIFIED.);
#2617=B_SPLINE_CURVE_WITH_KNOTS('',3,(#8034,#8035,#8036,#8037),
 .UNSPECIFIED.,.F.,.F.,(4,4),(0.,5.62083221795004E-5),.UNSPECIFIED.);
#2618=B_SPLINE_CURVE_WITH_KNOTS('',3,(#8039,#8040,#8041,#8042),
 .UNSPECIFIED.,.F.,.F.,(4,4),(0.,1.),.UNSPECIFIED.);
#2619=B_SPLINE_CURVE_WITH_KNOTS('',3,(#8089,#8090,#8091,#8092,#8093,#8094,
#8095,#8096,#8097,#8098,#8099),.UNSPECIFIED.,.F.,.F.,(4,1,1,1,1,1,1,1,4),
(0.00449070438921438,0.00745492437361386,0.0104191443580133,0.0133833643424128,
0.0163475843268123,0.0193118043112118,0.0222760242956112,0.0252402442800107,
0.0282044642644102),.UNSPECIFIED.);
#2620=B_SPLINE_CURVE_WITH_KNOTS('',3,(#8101,#8102,#8103,#8104,#8105,#8106,
#8107,#8108,#8109,#8110,#8111,#8112,#8113,#8114,#8115,#8116,#8117,#8118,
#8119,#8120,#8121,#8122,#8123,#8124,#8125,#8126,#8127,#8128,#8129,#8130,
#8131),.UNSPECIFIED.,.F.,.F.,(4,3,3,3,3,1,1,1,3,3,3,3,4),(-0.92805,-0.5985,
-0.345,-0.15,0.,0.25,0.5,0.75,1.,1.15,1.345,1.5985,1.92805),
 .UNSPECIFIED.);
#2621=B_SPLINE_CURVE_WITH_KNOTS('',3,(#8147,#8148,#8149,#8150),
 .UNSPECIFIED.,.F.,.F.,(4,4),(0.000188146838581843,0.00315300349963853),
 .UNSPECIFIED.);
#2622=B_SPLINE_CURVE_WITH_KNOTS('',3,(#8171,#8172,#8173,#8174),
 .UNSPECIFIED.,.F.,.F.,(4,4),(0.,0.000696052769934078),.UNSPECIFIED.);
#2623=B_SPLINE_CURVE_WITH_KNOTS('',3,(#8196,#8197,#8198,#8199),
 .UNSPECIFIED.,.F.,.F.,(4,4),(7.51277474923203E-16,0.000845898765231957),
 .UNSPECIFIED.);
#2624=B_SPLINE_CURVE_WITH_KNOTS('',3,(#8224,#8225,#8226,#8227),
 .UNSPECIFIED.,.F.,.F.,(4,4),(0.,1.),.UNSPECIFIED.);
#2625=B_SPLINE_CURVE_WITH_KNOTS('',3,(#8228,#8229,#8230,#8231),
 .UNSPECIFIED.,.F.,.F.,(4,4),(0.,1.),.UNSPECIFIED.);
#2626=B_SPLINE_CURVE_WITH_KNOTS('',3,(#8244,#8245,#8246,#8247),
 .UNSPECIFIED.,.F.,.F.,(4,4),(0.,1.),.UNSPECIFIED.);
#2627=B_SPLINE_CURVE_WITH_KNOTS('',3,(#8260,#8261,#8262,#8263),
 .UNSPECIFIED.,.F.,.F.,(4,4),(0.,1.),.UNSPECIFIED.);
#2628=B_SPLINE_CURVE_WITH_KNOTS('',3,(#8272,#8273,#8274,#8275),
 .UNSPECIFIED.,.F.,.F.,(4,4),(0.,1.),.UNSPECIFIED.);
#2629=B_SPLINE_CURVE_WITH_KNOTS('',3,(#8284,#8285,#8286,#8287),
 .UNSPECIFIED.,.F.,.F.,(4,4),(0.,1.),.UNSPECIFIED.);
#2630=B_SPLINE_CURVE_WITH_KNOTS('',3,(#8342,#8343,#8344,#8345),
 .UNSPECIFIED.,.F.,.F.,(4,4),(0.,1.),.UNSPECIFIED.);
#2631=B_SPLINE_CURVE_WITH_KNOTS('',3,(#8346,#8347,#8348,#8349),
 .UNSPECIFIED.,.F.,.F.,(4,4),(0.,1.),.UNSPECIFIED.);
#2632=B_SPLINE_CURVE_WITH_KNOTS('',3,(#8358,#8359,#8360,#8361),
 .UNSPECIFIED.,.F.,.F.,(4,4),(0.,1.),.UNSPECIFIED.);
#2633=B_SPLINE_CURVE_WITH_KNOTS('',3,(#8383,#8384,#8385,#8386),
 .UNSPECIFIED.,.F.,.F.,(4,4),(0.,1.),.UNSPECIFIED.);
#2634=B_SPLINE_CURVE_WITH_KNOTS('',3,(#8395,#8396,#8397,#8398),
 .UNSPECIFIED.,.F.,.F.,(4,4),(0.,1.),.UNSPECIFIED.);
#2635=B_SPLINE_CURVE_WITH_KNOTS('',3,(#8400,#8401,#8402,#8403),
 .UNSPECIFIED.,.F.,.F.,(4,4),(0.,1.),.UNSPECIFIED.);
#2636=B_SPLINE_CURVE_WITH_KNOTS('',3,(#8416,#8417,#8418,#8419),
 .UNSPECIFIED.,.F.,.F.,(4,4),(0.,1.),.UNSPECIFIED.);
#2637=B_SPLINE_CURVE_WITH_KNOTS('',3,(#8428,#8429,#8430,#8431),
 .UNSPECIFIED.,.F.,.F.,(4,4),(0.,1.),.UNSPECIFIED.);
#2638=B_SPLINE_CURVE_WITH_KNOTS('',3,(#8441,#8442,#8443,#8444),
 .UNSPECIFIED.,.F.,.F.,(4,4),(0.,1.),.UNSPECIFIED.);
#2639=B_SPLINE_CURVE_WITH_KNOTS('',3,(#8445,#8446,#8447,#8448),
 .UNSPECIFIED.,.F.,.F.,(4,4),(0.,1.),.UNSPECIFIED.);
#2640=B_SPLINE_CURVE_WITH_KNOTS('',3,(#8457,#8458,#8459,#8460),
 .UNSPECIFIED.,.F.,.F.,(4,4),(0.,1.),.UNSPECIFIED.);
#2641=B_SPLINE_CURVE_WITH_KNOTS('',3,(#8473,#8474,#8475,#8476),
 .UNSPECIFIED.,.F.,.F.,(4,4),(0.,1.),.UNSPECIFIED.);
#2642=B_SPLINE_CURVE_WITH_KNOTS('',3,(#8485,#8486,#8487,#8488),
 .UNSPECIFIED.,.F.,.F.,(4,4),(0.,1.),.UNSPECIFIED.);
#2643=B_SPLINE_CURVE_WITH_KNOTS('',3,(#8498,#8499,#8500,#8501),
 .UNSPECIFIED.,.F.,.F.,(4,4),(0.,1.),.UNSPECIFIED.);
#2644=B_SPLINE_CURVE_WITH_KNOTS('',3,(#8530,#8531,#8532,#8533),
 .UNSPECIFIED.,.F.,.F.,(4,4),(0.,1.),.UNSPECIFIED.);
#2645=B_SPLINE_CURVE_WITH_KNOTS('',3,(#8534,#8535,#8536,#8537),
 .UNSPECIFIED.,.F.,.F.,(4,4),(0.,1.),.UNSPECIFIED.);
#2646=B_SPLINE_CURVE_WITH_KNOTS('',3,(#8610,#8611,#8612,#8613),
 .UNSPECIFIED.,.F.,.F.,(4,4),(0.,1.),.UNSPECIFIED.);
#2647=B_SPLINE_CURVE_WITH_KNOTS('',3,(#8615,#8616,#8617,#8618),
 .UNSPECIFIED.,.F.,.F.,(4,4),(-6.10809119856811,1.),.UNSPECIFIED.);
#2648=B_SPLINE_CURVE_WITH_KNOTS('',3,(#8622,#8623,#8624,#8625),
 .UNSPECIFIED.,.F.,.F.,(4,4),(0.,1.),.UNSPECIFIED.);
#2649=EDGE_LOOP('',(#700,#701,#702,#703));
#2650=EDGE_LOOP('',(#704,#705,#706,#707,#708,#709,#710,#711,#712,#713,#714,
#715,#716,#717,#718,#719));
#2651=EDGE_LOOP('',(#720,#721,#722,#723));
#2652=EDGE_LOOP('',(#724,#725,#726,#727,#728,#729,#730,#731,#732));
#2653=EDGE_LOOP('',(#733,#734,#735,#736,#737,#738,#739));
#2654=EDGE_LOOP('',(#740,#741,#742,#743,#744,#745,#746,#747,#748,#749,#750,
#751,#752,#753,#754,#755,#756,#757,#758,#759,#760,#761,#762,#763,#764,#765,
#766));
#2655=EDGE_LOOP('',(#767,#768,#769,#770));
#2656=EDGE_LOOP('',(#771,#772,#773,#774));
#2657=EDGE_LOOP('',(#775,#776,#777,#778,#779));
#2658=EDGE_LOOP('',(#780,#781,#782,#783));
#2659=EDGE_LOOP('',(#784,#785,#786,#787,#788));
#2660=EDGE_LOOP('',(#789,#790,#791,#792,#793));
#2661=EDGE_LOOP('',(#794,#795,#796,#797,#798,#799,#800,#801));
#2662=EDGE_LOOP('',(#802,#803,#804,#805,#806));
#2663=EDGE_LOOP('',(#807,#808,#809,#810));
#2664=EDGE_LOOP('',(#811,#812,#813,#814));
#2665=EDGE_LOOP('',(#815,#816,#817));
#2666=EDGE_LOOP('',(#818,#819,#820,#821,#822,#823,#824));
#2667=EDGE_LOOP('',(#825,#826,#827,#828,#829));
#2668=EDGE_LOOP('',(#830,#831,#832,#833));
#2669=EDGE_LOOP('',(#834,#835,#836,#837));
#2670=EDGE_LOOP('',(#838,#839,#840,#841,#842));
#2671=EDGE_LOOP('',(#843,#844,#845,#846));
#2672=EDGE_LOOP('',(#847,#848,#849,#850,#851));
#2673=EDGE_LOOP('',(#852,#853,#854,#855,#856,#857,#858));
#2674=EDGE_LOOP('',(#859,#860,#861,#862));
#2675=EDGE_LOOP('',(#863,#864,#865,#866));
#2676=EDGE_LOOP('',(#867,#868,#869,#870));
#2677=EDGE_LOOP('',(#871,#872,#873,#874));
#2678=EDGE_LOOP('',(#875,#876,#877,#878));
#2679=EDGE_LOOP('',(#879,#880,#881,#882));
#2680=EDGE_LOOP('',(#883,#884,#885,#886));
#2681=EDGE_LOOP('',(#887,#888,#889,#890));
#2682=EDGE_LOOP('',(#891,#892,#893,#894));
#2683=EDGE_LOOP('',(#895,#896,#897,#898));
#2684=EDGE_LOOP('',(#899,#900,#901,#902));
#2685=EDGE_LOOP('',(#903,#904,#905,#906));
#2686=EDGE_LOOP('',(#907,#908,#909,#910));
#2687=EDGE_LOOP('',(#911,#912,#913,#914));
#2688=EDGE_LOOP('',(#915,#916,#917,#918));
#2689=EDGE_LOOP('',(#919,#920,#921,#922));
#2690=EDGE_LOOP('',(#923,#924,#925,#926));
#2691=EDGE_LOOP('',(#927,#928,#929,#930));
#2692=EDGE_LOOP('',(#931,#932,#933,#934,#935));
#2693=EDGE_LOOP('',(#936,#937,#938,#939,#940,#941,#942,#943,#944,#945,#946,
#947,#948,#949,#950));
#2694=EDGE_LOOP('',(#951,#952,#953,#954));
#2695=EDGE_LOOP('',(#955,#956,#957,#958));
#2696=EDGE_LOOP('',(#959,#960,#961,#962));
#2697=EDGE_LOOP('',(#963,#964,#965,#966));
#2698=EDGE_LOOP('',(#967,#968,#969,#970));
#2699=EDGE_LOOP('',(#971,#972,#973,#974));
#2700=EDGE_LOOP('',(#975,#976,#977,#978));
#2701=EDGE_LOOP('',(#979,#980,#981,#982));
#2702=EDGE_LOOP('',(#983,#984,#985,#986));
#2703=EDGE_LOOP('',(#987,#988,#989,#990));
#2704=EDGE_LOOP('',(#991,#992,#993,#994));
#2705=EDGE_LOOP('',(#995,#996,#997,#998));
#2706=EDGE_LOOP('',(#999,#1000,#1001,#1002));
#2707=EDGE_LOOP('',(#1003,#1004,#1005,#1006));
#2708=EDGE_LOOP('',(#1007,#1008,#1009,#1010));
#2709=EDGE_LOOP('',(#1011,#1012,#1013,#1014));
#2710=EDGE_LOOP('',(#1015,#1016,#1017,#1018));
#2711=EDGE_LOOP('',(#1019,#1020,#1021,#1022,#1023,#1024,#1025,#1026));
#2712=EDGE_LOOP('',(#1027,#1028,#1029,#1030));
#2713=EDGE_LOOP('',(#1031,#1032,#1033,#1034));
#2714=EDGE_LOOP('',(#1035,#1036,#1037,#1038,#1039));
#2715=EDGE_LOOP('',(#1040,#1041,#1042,#1043));
#2716=EDGE_LOOP('',(#1044,#1045,#1046,#1047,#1048,#1049,#1050));
#2717=EDGE_LOOP('',(#1051,#1052,#1053,#1054));
#2718=EDGE_LOOP('',(#1055,#1056,#1057,#1058,#1059));
#2719=EDGE_LOOP('',(#1060,#1061,#1062,#1063,#1064,#1065,#1066,#1067,#1068,
#1069,#1070,#1071,#1072,#1073,#1074,#1075,#1076,#1077,#1078,#1079));
#2720=EDGE_LOOP('',(#1080,#1081,#1082,#1083,#1084,#1085));
#2721=EDGE_LOOP('',(#1086,#1087,#1088,#1089));
#2722=EDGE_LOOP('',(#1090,#1091,#1092,#1093));
#2723=EDGE_LOOP('',(#1094,#1095,#1096,#1097,#1098));
#2724=EDGE_LOOP('',(#1099,#1100,#1101,#1102,#1103,#1104,#1105,#1106));
#2725=EDGE_LOOP('',(#1107,#1108,#1109,#1110));
#2726=EDGE_LOOP('',(#1111,#1112,#1113,#1114,#1115));
#2727=EDGE_LOOP('',(#1116,#1117,#1118,#1119));
#2728=EDGE_LOOP('',(#1120,#1121,#1122,#1123));
#2729=EDGE_LOOP('',(#1124,#1125,#1126,#1127));
#2730=EDGE_LOOP('',(#1128,#1129,#1130,#1131));
#2731=EDGE_LOOP('',(#1132,#1133,#1134,#1135));
#2732=EDGE_LOOP('',(#1136,#1137,#1138,#1139,#1140,#1141));
#2733=EDGE_LOOP('',(#1142,#1143,#1144,#1145));
#2734=EDGE_LOOP('',(#1146,#1147,#1148,#1149,#1150,#1151));
#2735=EDGE_LOOP('',(#1152,#1153,#1154,#1155));
#2736=EDGE_LOOP('',(#1156,#1157,#1158,#1159,#1160));
#2737=EDGE_LOOP('',(#1161,#1162,#1163,#1164));
#2738=EDGE_LOOP('',(#1165,#1166,#1167,#1168,#1169));
#2739=EDGE_LOOP('',(#1170,#1171,#1172,#1173));
#2740=EDGE_LOOP('',(#1174,#1175,#1176,#1177,#1178,#1179,#1180,#1181,#1182,
#1183,#1184,#1185));
#2741=EDGE_LOOP('',(#1186,#1187,#1188,#1189));
#2742=EDGE_LOOP('',(#1190,#1191,#1192,#1193,#1194,#1195,#1196,#1197,#1198,
#1199,#1200,#1201,#1202,#1203,#1204));
#2743=EDGE_LOOP('',(#1205,#1206,#1207,#1208));
#2744=EDGE_LOOP('',(#1209,#1210,#1211,#1212,#1213,#1214,#1215,#1216,#1217,
#1218,#1219,#1220));
#2745=EDGE_LOOP('',(#1221,#1222,#1223));
#2746=EDGE_LOOP('',(#1224,#1225,#1226,#1227,#1228));
#2747=EDGE_LOOP('',(#1229,#1230,#1231,#1232,#1233));
#2748=EDGE_LOOP('',(#1234,#1235,#1236,#1237,#1238,#1239,#1240,#1241,#1242));
#2749=EDGE_LOOP('',(#1243,#1244,#1245,#1246));
#2750=EDGE_LOOP('',(#1247,#1248,#1249,#1250,#1251,#1252,#1253,#1254));
#2751=EDGE_LOOP('',(#1255,#1256,#1257,#1258,#1259));
#2752=EDGE_LOOP('',(#1260,#1261,#1262,#1263));
#2753=EDGE_LOOP('',(#1264,#1265,#1266,#1267));
#2754=EDGE_LOOP('',(#1268,#1269,#1270,#1271));
#2755=EDGE_LOOP('',(#1272,#1273,#1274,#1275,#1276,#1277));
#2756=EDGE_LOOP('',(#1278,#1279,#1280,#1281));
#2757=EDGE_LOOP('',(#1282,#1283,#1284));
#2758=EDGE_LOOP('',(#1285,#1286,#1287,#1288,#1289));
#2759=EDGE_LOOP('',(#1290,#1291,#1292,#1293,#1294,#1295,#1296));
#2760=EDGE_LOOP('',(#1297,#1298,#1299,#1300));
#2761=EDGE_LOOP('',(#1301));
#2762=EDGE_LOOP('',(#1302,#1303,#1304,#1305));
#2763=EDGE_LOOP('',(#1306,#1307,#1308,#1309));
#2764=EDGE_LOOP('',(#1310,#1311,#1312,#1313,#1314,#1315,#1316,#1317,#1318,
#1319,#1320,#1321,#1322));
#2765=EDGE_LOOP('',(#1323,#1324,#1325,#1326));
#2766=EDGE_LOOP('',(#1327,#1328,#1329,#1330,#1331));
#2767=EDGE_LOOP('',(#1332,#1333,#1334,#1335));
#2768=EDGE_LOOP('',(#1336,#1337,#1338,#1339));
#2769=EDGE_LOOP('',(#1340,#1341,#1342,#1343));
#2770=EDGE_LOOP('',(#1344,#1345,#1346,#1347,#1348,#1349,#1350,#1351,#1352,
#1353,#1354));
#2771=EDGE_LOOP('',(#1355,#1356,#1357,#1358));
#2772=EDGE_LOOP('',(#1359,#1360,#1361,#1362,#1363,#1364,#1365,#1366));
#2773=EDGE_LOOP('',(#1367,#1368,#1369,#1370));
#2774=EDGE_LOOP('',(#1371,#1372,#1373,#1374));
#2775=EDGE_LOOP('',(#1375,#1376,#1377,#1378));
#2776=EDGE_LOOP('',(#1379,#1380,#1381,#1382,#1383,#1384));
#2777=EDGE_LOOP('',(#1385,#1386,#1387,#1388));
#2778=EDGE_LOOP('',(#1389,#1390,#1391,#1392));
#2779=EDGE_LOOP('',(#1393,#1394,#1395,#1396,#1397));
#2780=EDGE_LOOP('',(#1398,#1399,#1400,#1401,#1402,#1403,#1404,#1405,#1406,
#1407,#1408));
#2781=EDGE_LOOP('',(#1409,#1410,#1411,#1412,#1413));
#2782=EDGE_LOOP('',(#1414,#1415,#1416,#1417));
#2783=EDGE_LOOP('',(#1418,#1419,#1420,#1421,#1422));
#2784=EDGE_LOOP('',(#1423,#1424,#1425,#1426,#1427,#1428));
#2785=EDGE_LOOP('',(#1429,#1430,#1431,#1432,#1433,#1434,#1435,#1436,#1437,
#1438));
#2786=EDGE_LOOP('',(#1439,#1440,#1441,#1442));
#2787=EDGE_LOOP('',(#1443,#1444,#1445,#1446,#1447,#1448,#1449));
#2788=EDGE_LOOP('',(#1450,#1451,#1452,#1453,#1454,#1455));
#2789=EDGE_LOOP('',(#1456,#1457,#1458,#1459));
#2790=EDGE_LOOP('',(#1460,#1461,#1462,#1463));
#2791=EDGE_LOOP('',(#1464,#1465,#1466,#1467));
#2792=EDGE_LOOP('',(#1468,#1469,#1470,#1471,#1472,#1473,#1474,#1475,#1476,
#1477,#1478,#1479,#1480,#1481,#1482,#1483));
#2793=EDGE_LOOP('',(#1484,#1485,#1486,#1487,#1488,#1489));
#2794=EDGE_LOOP('',(#1490,#1491,#1492,#1493));
#2795=EDGE_LOOP('',(#1494,#1495,#1496,#1497,#1498,#1499,#1500,#1501));
#2796=EDGE_LOOP('',(#1502,#1503,#1504,#1505));
#2797=EDGE_LOOP('',(#1506,#1507,#1508,#1509));
#2798=EDGE_LOOP('',(#1510,#1511,#1512,#1513));
#2799=EDGE_LOOP('',(#1514,#1515,#1516,#1517,#1518));
#2800=EDGE_LOOP('',(#1519,#1520,#1521,#1522));
#2801=EDGE_LOOP('',(#1523,#1524,#1525,#1526));
#2802=EDGE_LOOP('',(#1527,#1528,#1529,#1530));
#2803=EDGE_LOOP('',(#1531,#1532,#1533,#1534));
#2804=EDGE_LOOP('',(#1535,#1536,#1537,#1538));
#2805=EDGE_LOOP('',(#1539,#1540,#1541,#1542,#1543,#1544,#1545));
#2806=EDGE_LOOP('',(#1546,#1547,#1548,#1549));
#2807=EDGE_LOOP('',(#1550,#1551,#1552,#1553));
#2808=EDGE_LOOP('',(#1554,#1555,#1556,#1557,#1558));
#2809=EDGE_LOOP('',(#1559,#1560,#1561,#1562));
#2810=EDGE_LOOP('',(#1563,#1564,#1565,#1566));
#2811=EDGE_LOOP('',(#1567,#1568,#1569,#1570,#1571));
#2812=EDGE_LOOP('',(#1572,#1573,#1574,#1575));
#2813=EDGE_LOOP('',(#1576,#1577,#1578,#1579,#1580,#1581));
#2814=EDGE_LOOP('',(#1582,#1583,#1584,#1585,#1586));
#2815=EDGE_LOOP('',(#1587,#1588,#1589,#1590));
#2816=EDGE_LOOP('',(#1591,#1592,#1593,#1594));
#2817=EDGE_LOOP('',(#1595,#1596,#1597,#1598,#1599));
#2818=EDGE_LOOP('',(#1600,#1601,#1602,#1603));
#2819=EDGE_LOOP('',(#1604,#1605,#1606,#1607));
#2820=EDGE_LOOP('',(#1608,#1609,#1610,#1611));
#2821=EDGE_LOOP('',(#1612,#1613,#1614,#1615));
#2822=EDGE_LOOP('',(#1616,#1617,#1618,#1619,#1620));
#2823=EDGE_LOOP('',(#1621,#1622,#1623,#1624,#1625,#1626));
#2824=EDGE_LOOP('',(#1627,#1628,#1629,#1630,#1631));
#2825=EDGE_LOOP('',(#1632,#1633,#1634,#1635,#1636,#1637));
#2826=EDGE_LOOP('',(#1638));
#2827=EDGE_LOOP('',(#1639));
#2828=EDGE_LOOP('',(#1640));
#2829=EDGE_LOOP('',(#1641,#1642,#1643,#1644));
#2830=EDGE_LOOP('',(#1645));
#2831=EDGE_LOOP('',(#1646));
#2832=EDGE_LOOP('',(#1647,#1648,#1649,#1650,#1651,#1652));
#2833=EDGE_LOOP('',(#1653,#1654,#1655,#1656,#1657));
#2834=EDGE_LOOP('',(#1658,#1659,#1660,#1661));
#2835=EDGE_LOOP('',(#1662,#1663,#1664,#1665));
#2836=FACE_BOUND('',#2649,.T.);
#2837=FACE_BOUND('',#2650,.T.);
#2838=FACE_BOUND('',#2651,.T.);
#2839=FACE_BOUND('',#2652,.T.);
#2840=FACE_BOUND('',#2653,.T.);
#2841=FACE_BOUND('',#2654,.T.);
#2842=FACE_BOUND('',#2655,.T.);
#2843=FACE_BOUND('',#2656,.T.);
#2844=FACE_BOUND('',#2657,.T.);
#2845=FACE_BOUND('',#2658,.T.);
#2846=FACE_BOUND('',#2659,.T.);
#2847=FACE_BOUND('',#2660,.T.);
#2848=FACE_BOUND('',#2661,.T.);
#2849=FACE_BOUND('',#2662,.T.);
#2850=FACE_BOUND('',#2663,.T.);
#2851=FACE_BOUND('',#2664,.T.);
#2852=FACE_BOUND('',#2665,.T.);
#2853=FACE_BOUND('',#2666,.T.);
#2854=FACE_BOUND('',#2667,.T.);
#2855=FACE_BOUND('',#2668,.T.);
#2856=FACE_BOUND('',#2669,.T.);
#2857=FACE_BOUND('',#2670,.T.);
#2858=FACE_BOUND('',#2671,.T.);
#2859=FACE_BOUND('',#2672,.T.);
#2860=FACE_BOUND('',#2673,.T.);
#2861=FACE_BOUND('',#2674,.T.);
#2862=FACE_BOUND('',#2675,.T.);
#2863=FACE_BOUND('',#2676,.T.);
#2864=FACE_BOUND('',#2677,.T.);
#2865=FACE_BOUND('',#2678,.T.);
#2866=FACE_BOUND('',#2679,.T.);
#2867=FACE_BOUND('',#2680,.T.);
#2868=FACE_BOUND('',#2681,.T.);
#2869=FACE_BOUND('',#2682,.T.);
#2870=FACE_BOUND('',#2683,.T.);
#2871=FACE_BOUND('',#2684,.T.);
#2872=FACE_BOUND('',#2685,.T.);
#2873=FACE_BOUND('',#2686,.T.);
#2874=FACE_BOUND('',#2687,.T.);
#2875=FACE_BOUND('',#2688,.T.);
#2876=FACE_BOUND('',#2689,.T.);
#2877=FACE_BOUND('',#2690,.T.);
#2878=FACE_BOUND('',#2691,.T.);
#2879=FACE_BOUND('',#2692,.T.);
#2880=FACE_BOUND('',#2693,.T.);
#2881=FACE_BOUND('',#2694,.T.);
#2882=FACE_BOUND('',#2695,.T.);
#2883=FACE_BOUND('',#2696,.T.);
#2884=FACE_BOUND('',#2697,.T.);
#2885=FACE_BOUND('',#2698,.T.);
#2886=FACE_BOUND('',#2699,.T.);
#2887=FACE_BOUND('',#2700,.T.);
#2888=FACE_BOUND('',#2701,.T.);
#2889=FACE_BOUND('',#2702,.T.);
#2890=FACE_BOUND('',#2703,.T.);
#2891=FACE_BOUND('',#2704,.T.);
#2892=FACE_BOUND('',#2705,.T.);
#2893=FACE_BOUND('',#2706,.T.);
#2894=FACE_BOUND('',#2707,.T.);
#2895=FACE_BOUND('',#2708,.T.);
#2896=FACE_BOUND('',#2709,.T.);
#2897=FACE_BOUND('',#2710,.T.);
#2898=FACE_BOUND('',#2711,.T.);
#2899=FACE_BOUND('',#2712,.T.);
#2900=FACE_BOUND('',#2713,.T.);
#2901=FACE_BOUND('',#2714,.T.);
#2902=FACE_BOUND('',#2715,.T.);
#2903=FACE_BOUND('',#2716,.T.);
#2904=FACE_BOUND('',#2717,.T.);
#2905=FACE_BOUND('',#2718,.T.);
#2906=FACE_BOUND('',#2719,.T.);
#2907=FACE_BOUND('',#2720,.T.);
#2908=FACE_BOUND('',#2721,.T.);
#2909=FACE_BOUND('',#2722,.T.);
#2910=FACE_BOUND('',#2723,.T.);
#2911=FACE_BOUND('',#2724,.T.);
#2912=FACE_BOUND('',#2725,.T.);
#2913=FACE_BOUND('',#2726,.T.);
#2914=FACE_BOUND('',#2727,.T.);
#2915=FACE_BOUND('',#2728,.T.);
#2916=FACE_BOUND('',#2729,.T.);
#2917=FACE_BOUND('',#2730,.T.);
#2918=FACE_BOUND('',#2731,.T.);
#2919=FACE_BOUND('',#2732,.T.);
#2920=FACE_BOUND('',#2733,.T.);
#2921=FACE_BOUND('',#2734,.T.);
#2922=FACE_BOUND('',#2735,.T.);
#2923=FACE_BOUND('',#2736,.T.);
#2924=FACE_BOUND('',#2737,.T.);
#2925=FACE_BOUND('',#2738,.T.);
#2926=FACE_BOUND('',#2739,.T.);
#2927=FACE_BOUND('',#2740,.T.);
#2928=FACE_BOUND('',#2741,.T.);
#2929=FACE_BOUND('',#2742,.T.);
#2930=FACE_BOUND('',#2743,.T.);
#2931=FACE_BOUND('',#2744,.T.);
#2932=FACE_BOUND('',#2745,.T.);
#2933=FACE_BOUND('',#2746,.T.);
#2934=FACE_BOUND('',#2747,.T.);
#2935=FACE_BOUND('',#2748,.T.);
#2936=FACE_BOUND('',#2749,.T.);
#2937=FACE_BOUND('',#2750,.T.);
#2938=FACE_BOUND('',#2751,.T.);
#2939=FACE_BOUND('',#2752,.T.);
#2940=FACE_BOUND('',#2753,.T.);
#2941=FACE_BOUND('',#2754,.T.);
#2942=FACE_BOUND('',#2755,.T.);
#2943=FACE_BOUND('',#2756,.T.);
#2944=FACE_BOUND('',#2757,.T.);
#2945=FACE_BOUND('',#2758,.T.);
#2946=FACE_BOUND('',#2759,.T.);
#2947=FACE_BOUND('',#2760,.T.);
#2948=FACE_BOUND('',#2761,.T.);
#2949=FACE_BOUND('',#2762,.T.);
#2950=FACE_BOUND('',#2763,.T.);
#2951=FACE_BOUND('',#2764,.T.);
#2952=FACE_BOUND('',#2765,.T.);
#2953=FACE_BOUND('',#2766,.T.);
#2954=FACE_BOUND('',#2767,.T.);
#2955=FACE_BOUND('',#2768,.T.);
#2956=FACE_BOUND('',#2769,.T.);
#2957=FACE_BOUND('',#2770,.T.);
#2958=FACE_BOUND('',#2771,.T.);
#2959=FACE_BOUND('',#2772,.T.);
#2960=FACE_BOUND('',#2773,.T.);
#2961=FACE_BOUND('',#2774,.T.);
#2962=FACE_BOUND('',#2775,.T.);
#2963=FACE_BOUND('',#2776,.T.);
#2964=FACE_BOUND('',#2777,.T.);
#2965=FACE_BOUND('',#2778,.T.);
#2966=FACE_BOUND('',#2779,.T.);
#2967=FACE_BOUND('',#2780,.T.);
#2968=FACE_BOUND('',#2781,.T.);
#2969=FACE_BOUND('',#2782,.T.);
#2970=FACE_BOUND('',#2783,.T.);
#2971=FACE_BOUND('',#2784,.T.);
#2972=FACE_BOUND('',#2785,.T.);
#2973=FACE_BOUND('',#2786,.T.);
#2974=FACE_BOUND('',#2787,.T.);
#2975=FACE_BOUND('',#2788,.T.);
#2976=FACE_BOUND('',#2789,.T.);
#2977=FACE_BOUND('',#2790,.T.);
#2978=FACE_BOUND('',#2791,.T.);
#2979=FACE_BOUND('',#2792,.T.);
#2980=FACE_BOUND('',#2793,.T.);
#2981=FACE_BOUND('',#2794,.T.);
#2982=FACE_BOUND('',#2795,.T.);
#2983=FACE_BOUND('',#2796,.T.);
#2984=FACE_BOUND('',#2797,.T.);
#2985=FACE_BOUND('',#2798,.T.);
#2986=FACE_BOUND('',#2799,.T.);
#2987=FACE_BOUND('',#2800,.T.);
#2988=FACE_BOUND('',#2801,.T.);
#2989=FACE_BOUND('',#2802,.T.);
#2990=FACE_BOUND('',#2803,.T.);
#2991=FACE_BOUND('',#2804,.T.);
#2992=FACE_BOUND('',#2805,.T.);
#2993=FACE_BOUND('',#2806,.T.);
#2994=FACE_BOUND('',#2807,.T.);
#2995=FACE_BOUND('',#2808,.T.);
#2996=FACE_BOUND('',#2809,.T.);
#2997=FACE_BOUND('',#2810,.T.);
#2998=FACE_BOUND('',#2811,.T.);
#2999=FACE_BOUND('',#2812,.T.);
#3000=FACE_BOUND('',#2813,.T.);
#3001=FACE_BOUND('',#2814,.T.);
#3002=FACE_BOUND('',#2815,.T.);
#3003=FACE_BOUND('',#2816,.T.);
#3004=FACE_BOUND('',#2817,.T.);
#3005=FACE_BOUND('',#2818,.T.);
#3006=FACE_BOUND('',#2819,.T.);
#3007=FACE_BOUND('',#2820,.T.);
#3008=FACE_BOUND('',#2821,.T.);
#3009=FACE_BOUND('',#2822,.T.);
#3010=FACE_BOUND('',#2823,.T.);
#3011=FACE_BOUND('',#2824,.T.);
#3012=FACE_BOUND('',#2825,.T.);
#3013=FACE_BOUND('',#2826,.T.);
#3014=FACE_BOUND('',#2827,.T.);
#3015=FACE_BOUND('',#2828,.T.);
#3016=FACE_BOUND('',#2829,.T.);
#3017=FACE_BOUND('',#2830,.T.);
#3018=FACE_BOUND('',#2831,.T.);
#3019=FACE_BOUND('',#2832,.T.);
#3020=FACE_BOUND('',#2833,.T.);
#3021=FACE_BOUND('',#2834,.T.);
#3022=FACE_BOUND('',#2835,.T.);
#3023=B_SPLINE_SURFACE_WITH_KNOTS('',1,3,((#4012,#4013,#4014,#4015),(#4016,
#4017,#4018,#4019)),.SURF_OF_LINEAR_EXTRUSION.,.F.,.F.,.F.,(2,2),(4,4),
(0.,1.),(0.,0.83877313808002),.PIECEWISE_BEZIER_KNOTS.);
#3024=B_SPLINE_SURFACE_WITH_KNOTS('',1,3,((#4396,#4397,#4398,#4399),(#4400,
#4401,#4402,#4403)),.SURF_OF_LINEAR_EXTRUSION.,.F.,.F.,.F.,(2,2),(4,4),
(0.,1.),(0.0742153846824594,0.916723517750364),.PIECEWISE_BEZIER_KNOTS.);
#3025=B_SPLINE_SURFACE_WITH_KNOTS('',2,1,((#4971,#4972),(#4973,#4974),(#4975,
#4976)),.SURF_OF_LINEAR_EXTRUSION.,.F.,.F.,.F.,(3,3),(2,2),(0.660383546053591,
0.959902764313699),(0.,0.00365097752934568),.PIECEWISE_BEZIER_KNOTS.);
#3026=B_SPLINE_SURFACE_WITH_KNOTS('',2,1,((#5049,#5050),(#5051,#5052),(#5053,
#5054)),.SURF_OF_LINEAR_EXTRUSION.,.F.,.F.,.F.,(3,3),(2,2),(0.707486822793544,
1.),(0.956653267628496,1.),.PIECEWISE_BEZIER_KNOTS.);
#3027=B_SPLINE_SURFACE_WITH_KNOTS('',1,3,((#5065,#5066,#5067,#5068),(#5069,
#5070,#5071,#5072)),.RULED_SURF.,.F.,.F.,.F.,(2,2),(4,4),(0.,1.),(0.00672582344633185,
0.997699829834668),.PIECEWISE_BEZIER_KNOTS.);
#3028=B_SPLINE_SURFACE_WITH_KNOTS('',3,3,((#6509,#6510,#6511,#6512,#6513,
#6514,#6515),(#6516,#6517,#6518,#6519,#6520,#6521,#6522),(#6523,#6524,#6525,
#6526,#6527,#6528,#6529),(#6530,#6531,#6532,#6533,#6534,#6535,#6536),(#6537,
#6538,#6539,#6540,#6541,#6542,#6543),(#6544,#6545,#6546,#6547,#6548,#6549,
#6550),(#6551,#6552,#6553,#6554,#6555,#6556,#6557),(#6558,#6559,#6560,#6561,
#6562,#6563,#6564),(#6565,#6566,#6567,#6568,#6569,#6570,#6571),(#6572,#6573,
#6574,#6575,#6576,#6577,#6578)),.UNSPECIFIED.,.F.,.F.,.F.,(4,2,2,2,4),(4,
3,4),(0.0550282029673784,0.249999999999997,0.374999999999997,0.499999999999997,
1.),(-0.0200695380881698,0.,1.),.UNSPECIFIED.);
#3029=B_SPLINE_SURFACE_WITH_KNOTS('',3,1,((#6636,#6637),(#6638,#6639),(#6640,
#6641),(#6642,#6643),(#6644,#6645),(#6646,#6647),(#6648,#6649),(#6650,#6651),
(#6652,#6653),(#6654,#6655)),.SURF_OF_LINEAR_EXTRUSION.,.F.,.F.,.F.,(4,
2,2,2,4),(2,2),(0.0606641491869364,0.249999999999997,0.374999999999997,
0.499999999999997,1.),(0.,1.),.UNSPECIFIED.);
#3030=B_SPLINE_SURFACE_WITH_KNOTS('',1,3,((#6718,#6719,#6720,#6721,#6722,
#6723,#6724,#6725,#6726,#6727),(#6728,#6729,#6730,#6731,#6732,#6733,#6734,
#6735,#6736,#6737)),.SURF_OF_LINEAR_EXTRUSION.,.F.,.F.,.F.,(2,2),(4,2,2,
2,4),(0.,0.746647806537957),(0.36539584770895,0.523214294254418,0.681032740799887,
0.838851187345356,0.911434779830281),.UNSPECIFIED.);
#3031=B_SPLINE_SURFACE_WITH_KNOTS('',1,3,((#6772,#6773,#6774,#6775),(#6776,
#6777,#6778,#6779)),.SURF_OF_LINEAR_EXTRUSION.,.F.,.F.,.F.,(2,2),(4,4),
(0.,0.737233957632697),(0.,1.),.PIECEWISE_BEZIER_KNOTS.);
#3032=B_SPLINE_SURFACE_WITH_KNOTS('',1,3,((#6786,#6787,#6788,#6789,#6790,
#6791,#6792,#6793,#6794,#6795,#6796,#6797,#6798,#6799,#6800,#6801),(#6802,
#6803,#6804,#6805,#6806,#6807,#6808,#6809,#6810,#6811,#6812,#6813,#6814,
#6815,#6816,#6817)),.SURF_OF_LINEAR_EXTRUSION.,.F.,.F.,.F.,(2,2),(4,3,2,
2,2,3,4),(0.,1.),(-0.704826151006768,0.,0.25,0.5,0.75,1.,1.01704826151007),
 .UNSPECIFIED.);
#3033=B_SPLINE_SURFACE_WITH_KNOTS('',3,3,((#6879,#6880,#6881,#6882,#6883,
#6884,#6885,#6886,#6887,#6888,#6889,#6890,#6891,#6892,#6893,#6894),(#6895,
#6896,#6897,#6898,#6899,#6900,#6901,#6902,#6903,#6904,#6905,#6906,#6907,
#6908,#6909,#6910),(#6911,#6912,#6913,#6914,#6915,#6916,#6917,#6918,#6919,
#6920,#6921,#6922,#6923,#6924,#6925,#6926),(#6927,#6928,#6929,#6930,#6931,
#6932,#6933,#6934,#6935,#6936,#6937,#6938,#6939,#6940,#6941,#6942),(#6943,
#6944,#6945,#6946,#6947,#6948,#6949,#6950,#6951,#6952,#6953,#6954,#6955,
#6956,#6957,#6958),(#6959,#6960,#6961,#6962,#6963,#6964,#6965,#6966,#6967,
#6968,#6969,#6970,#6971,#6972,#6973,#6974),(#6975,#6976,#6977,#6978,#6979,
#6980,#6981,#6982,#6983,#6984,#6985,#6986,#6987,#6988,#6989,#6990),(#6991,
#6992,#6993,#6994,#6995,#6996,#6997,#6998,#6999,#7000,#7001,#7002,#7003,
#7004,#7005,#7006),(#7007,#7008,#7009,#7010,#7011,#7012,#7013,#7014,#7015,
#7016,#7017,#7018,#7019,#7020,#7021,#7022),(#7023,#7024,#7025,#7026,#7027,
#7028,#7029,#7030,#7031,#7032,#7033,#7034,#7035,#7036,#7037,#7038)),
 .UNSPECIFIED.,.F.,.F.,.F.,(4,2,2,2,4),(4,3,2,2,2,3,4),(0.,0.249999999999997,
0.374999999999997,0.499999999999997,1.),(-0.704826151007034,0.,0.25,0.5,
0.75,1.,1.01704826151007),.UNSPECIFIED.);
#3034=B_SPLINE_SURFACE_WITH_KNOTS('',3,3,((#7225,#7226,#7227,#7228,#7229,
#7230,#7231,#7232,#7233,#7234),(#7235,#7236,#7237,#7238,#7239,#7240,#7241,
#7242,#7243,#7244),(#7245,#7246,#7247,#7248,#7249,#7250,#7251,#7252,#7253,
#7254),(#7255,#7256,#7257,#7258,#7259,#7260,#7261,#7262,#7263,#7264),(#7265,
#7266,#7267,#7268,#7269,#7270,#7271,#7272,#7273,#7274),(#7275,#7276,#7277,
#7278,#7279,#7280,#7281,#7282,#7283,#7284),(#7285,#7286,#7287,#7288,#7289,
#7290,#7291,#7292,#7293,#7294),(#7295,#7296,#7297,#7298,#7299,#7300,#7301,
#7302,#7303,#7304),(#7305,#7306,#7307,#7308,#7309,#7310,#7311,#7312,#7313,
#7314),(#7315,#7316,#7317,#7318,#7319,#7320,#7321,#7322,#7323,#7324),(#7325,
#7326,#7327,#7328,#7329,#7330,#7331,#7332,#7333,#7334),(#7335,#7336,#7337,
#7338,#7339,#7340,#7341,#7342,#7343,#7344),(#7345,#7346,#7347,#7348,#7349,
#7350,#7351,#7352,#7353,#7354)),.UNSPECIFIED.,.F.,.F.,.F.,(4,2,2,2,3,4),
(4,2,2,2,4),(0.0550216243272337,0.249999999999997,0.374999999999997,0.499999999999997,
1.,1.00563845365142),(0.36539584770895,0.523214294254418,0.681032740799887,
0.838851187345356,0.85603799086629),.UNSPECIFIED.);
#3035=B_SPLINE_SURFACE_WITH_KNOTS('',3,3,((#7454,#7455,#7456,#7457),(#7458,
#7459,#7460,#7461),(#7462,#7463,#7464,#7465),(#7466,#7467,#7468,#7469)),
 .UNSPECIFIED.,.F.,.F.,.F.,(4,4),(4,4),(0.272938236218342,1.00435861930522),
(0.00836028239055825,0.578168367134555),.UNSPECIFIED.);
#3036=B_SPLINE_SURFACE_WITH_KNOTS('',1,3,((#7490,#7491,#7492,#7493,#7494,
#7495,#7496,#7497),(#7498,#7499,#7500,#7501,#7502,#7503,#7504,#7505)),
 .RULED_SURF.,.F.,.F.,.F.,(2,2),(4,2,2,4),(0.,1.),(0.126161985179048,0.553332071040187,
0.766917113970757,0.980502156901326),.UNSPECIFIED.);
#3037=B_SPLINE_SURFACE_WITH_KNOTS('',1,3,((#7529,#7530,#7531,#7532,#7533,
#7534,#7535,#7536,#7537,#7538,#7539,#7540),(#7541,#7542,#7543,#7544,#7545,
#7546,#7547,#7548,#7549,#7550,#7551,#7552),(#7553,#7554,#7555,#7556,#7557,
#7558,#7559,#7560,#7561,#7562,#7563,#7564)),.RULED_SURF.,.F.,.F.,.F.,(2,
1,2),(4,2,2,2,2,4),(0.,1.,1.00612478321486),(0.0759765081839977,0.272508062912433,
0.505993570018107,0.739479077123781,0.856221830676618,0.936197126877788),
 .UNSPECIFIED.);
#3038=B_SPLINE_SURFACE_WITH_KNOTS('',1,3,((#7594,#7595,#7596,#7597,#7598,
#7599,#7600,#7601,#7602,#7603,#7604,#7605,#7606,#7607,#7608,#7609,#7610,
#7611,#7612,#7613,#7614,#7615,#7616,#7617,#7618,#7619),(#7620,#7621,#7622,
#7623,#7624,#7625,#7626,#7627,#7628,#7629,#7630,#7631,#7632,#7633,#7634,
#7635,#7636,#7637,#7638,#7639,#7640,#7641,#7642,#7643,#7644,#7645),(#7646,
#7647,#7648,#7649,#7650,#7651,#7652,#7653,#7654,#7655,#7656,#7657,#7658,
#7659,#7660,#7661,#7662,#7663,#7664,#7665,#7666,#7667,#7668,#7669,#7670,
#7671)),.RULED_SURF.,.F.,.F.,.F.,(2,1,2),(4,2,2,2,2,2,2,2,2,2,2,2,4),(-0.008172372246212,
0.,1.),(0.0998112120743318,0.287673173726271,0.411924838470045,0.427456296563017,
0.442987754655989,0.474050670841932,0.536176503213819,0.784679832701368,
0.908931497445142,0.939994413631085,0.971057329817029,0.986588787910001,
0.993374019288438),.UNSPECIFIED.);
#3039=B_SPLINE_SURFACE_WITH_KNOTS('',1,3,((#7744,#7745,#7746,#7747,#7748,
#7749,#7750,#7751,#7752,#7753,#7754,#7755,#7756,#7757,#7758,#7759,#7760,
#7761,#7762,#7763,#7764,#7765,#7766,#7767,#7768,#7769,#7770,#7771,#7772),
(#7773,#7774,#7775,#7776,#7777,#7778,#7779,#7780,#7781,#7782,#7783,#7784,
#7785,#7786,#7787,#7788,#7789,#7790,#7791,#7792,#7793,#7794,#7795,#7796,
#7797,#7798,#7799,#7800,#7801),(#7802,#7803,#7804,#7805,#7806,#7807,#7808,
#7809,#7810,#7811,#7812,#7813,#7814,#7815,#7816,#7817,#7818,#7819,#7820,
#7821,#7822,#7823,#7824,#7825,#7826,#7827,#7828,#7829,#7830)),
 .RULED_SURF.,.F.,.F.,.F.,(2,1,2),(4,3,2,2,2,2,2,2,2,2,2,2,2,4),(0.0296455624858342,
1.,1.02964556248584),(-0.341785475122563,-0.113151584715849,-0.0565757923579243,
-0.0282878961789622,-0.0141439480894811,-0.00707197404474054,0.,0.0080925768056285,
0.016185153611257,0.032370307222514,0.064740614445028,0.129481228890056,
0.258962457780112,0.406492715623789),.UNSPECIFIED.);
#3040=B_SPLINE_SURFACE_WITH_KNOTS('',1,3,((#7981,#7982,#7983,#7984,#7985,
#7986,#7987,#7988,#7989,#7990),(#7991,#7992,#7993,#7994,#7995,#7996,#7997,
#7998,#7999,#8000),(#8001,#8002,#8003,#8004,#8005,#8006,#8007,#8008,#8009,
#8010)),.SURF_OF_LINEAR_EXTRUSION.,.F.,.F.,.F.,(2,1,2),(4,2,2,2,4),(0.,
1.,1.01205163204794),(0.366617045324294,0.524962783993221,0.683308522662147,
0.841654261331074,0.980190301482358),.UNSPECIFIED.);
#3041=B_SPLINE_SURFACE_WITH_KNOTS('',1,3,((#8043,#8044,#8045,#8046,#8047,
#8048,#8049,#8050,#8051,#8052,#8053,#8054,#8055,#8056,#8057,#8058,#8059,
#8060,#8061,#8062,#8063,#8064,#8065),(#8066,#8067,#8068,#8069,#8070,#8071,
#8072,#8073,#8074,#8075,#8076,#8077,#8078,#8079,#8080,#8081,#8082,#8083,
#8084,#8085,#8086,#8087,#8088)),.SURF_OF_LINEAR_EXTRUSION.,.F.,.F.,.F.,
(2,2),(4,3,2,2,2,2,2,2,2,2,4),(0.,1.),(-0.00607691169218943,0.,0.25,0.375,
0.40625,0.4375,0.5,0.625,0.75,0.875,1.),.UNSPECIFIED.);
#3042=B_SPLINE_SURFACE_WITH_KNOTS('',1,3,((#8132,#8133,#8134,#8135,#8136,
#8137,#8138),(#8139,#8140,#8141,#8142,#8143,#8144,#8145)),
 .SURF_OF_LINEAR_EXTRUSION.,.F.,.F.,.F.,(2,2),(4,1,1,1,4),(0.,1.),(0.,0.25,
0.5,0.75,0.857024009161576),.UNSPECIFIED.);
#3043=B_SPLINE_SURFACE_WITH_KNOTS('',1,3,((#8203,#8204,#8205,#8206,#8207,
#8208,#8209),(#8210,#8211,#8212,#8213,#8214,#8215,#8216),(#8217,#8218,#8219,
#8220,#8221,#8222,#8223)),.RULED_SURF.,.F.,.F.,.F.,(2,1,2),(4,3,4),(-0.567686873663472,
0.,1.),(0.0213288655041621,0.978564236098334,1.02008035844774),
 .PIECEWISE_BEZIER_KNOTS.);
#3044=B_SPLINE_SURFACE_WITH_KNOTS('',1,3,((#8232,#8233,#8234,#8235),(#8236,
#8237,#8238,#8239),(#8240,#8241,#8242,#8243)),.RULED_SURF.,.F.,.F.,.F.,
(2,1,2),(4,4),(-0.0132583597199379,0.,1.),(0.111133132991002,0.942729915409205),
 .PIECEWISE_BEZIER_KNOTS.);
#3045=B_SPLINE_SURFACE_WITH_KNOTS('',1,3,((#8248,#8249,#8250,#8251),(#8252,
#8253,#8254,#8255),(#8256,#8257,#8258,#8259)),
 .SURF_OF_LINEAR_EXTRUSION.,.F.,.F.,.F.,(2,1,2),(4,4),(0.,1.,1.02277699419341),
(0.0815596612550904,0.904591204906101),.PIECEWISE_BEZIER_KNOTS.);
#3046=B_SPLINE_SURFACE_WITH_KNOTS('',1,3,((#8264,#8265,#8266,#8267),(#8268,
#8269,#8270,#8271)),.SURF_OF_LINEAR_EXTRUSION.,.F.,.F.,.F.,(2,2),(4,4),
(0.,1.),(0.0761090729552793,0.922801914154527),.PIECEWISE_BEZIER_KNOTS.);
#3047=B_SPLINE_SURFACE_WITH_KNOTS('',1,3,((#8288,#8289,#8290,#8291,#8292,
#8293,#8294,#8295,#8296,#8297,#8298,#8299),(#8300,#8301,#8302,#8303,#8304,
#8305,#8306,#8307,#8308,#8309,#8310,#8311)),.RULED_SURF.,.F.,.F.,.F.,(2,
2),(4,2,2,2,2,4),(0.,1.),(0.0738098707958804,0.152758649728053,0.268095024503295,
0.498767774053778,0.729440523604262,0.923224658775508),.UNSPECIFIED.);
#3048=B_SPLINE_SURFACE_WITH_KNOTS('',1,3,((#8312,#8313,#8314,#8315,#8316,
#8317,#8318,#8319,#8320,#8321),(#8322,#8323,#8324,#8325,#8326,#8327,#8328,
#8329,#8330,#8331),(#8332,#8333,#8334,#8335,#8336,#8337,#8338,#8339,#8340,
#8341)),.RULED_SURF.,.F.,.F.,.F.,(2,1,2),(4,2,2,2,4),(-0.00608163619239999,
0.,1.),(0.105445085313011,0.157135158543515,0.271599553459415,0.500528343291215,
0.52722349245149),.UNSPECIFIED.);
#3049=B_SPLINE_SURFACE_WITH_KNOTS('',1,3,((#8350,#8351,#8352,#8353),(#8354,
#8355,#8356,#8357)),.RULED_SURF.,.F.,.F.,.F.,(2,2),(4,4),(0.,1.),(0.527223230483737,
0.905007885640905),.PIECEWISE_BEZIER_KNOTS.);
#3050=B_SPLINE_SURFACE_WITH_KNOTS('',1,3,((#8362,#8363,#8364,#8365,#8366,
#8367,#8368),(#8369,#8370,#8371,#8372,#8373,#8374,#8375),(#8376,#8377,#8378,
#8379,#8380,#8381,#8382)),.RULED_SURF.,.F.,.F.,.F.,(2,1,2),(4,3,4),(-0.00602366734648001,
0.,1.),(-0.145184415798367,-0.123174120092627,0.154141401210479),
 .PIECEWISE_BEZIER_KNOTS.);
#3051=B_SPLINE_SURFACE_WITH_KNOTS('',1,3,((#8387,#8388,#8389,#8390),(#8391,
#8392,#8393,#8394)),.RULED_SURF.,.F.,.F.,.F.,(2,2),(4,4),(0.,1.),(0.154141401210274,
0.917118538139761),.PIECEWISE_BEZIER_KNOTS.);
#3052=B_SPLINE_SURFACE_WITH_KNOTS('',1,3,((#8404,#8405,#8406,#8407),(#8408,
#8409,#8410,#8411),(#8412,#8413,#8414,#8415)),.RULED_SURF.,.F.,.F.,.F.,
(2,1,2),(4,4),(-0.00913494164092665,0.,1.),(0.0463573605125944,0.962137050195035),
 .PIECEWISE_BEZIER_KNOTS.);
#3053=B_SPLINE_SURFACE_WITH_KNOTS('',1,3,((#8420,#8421,#8422,#8423),(#8424,
#8425,#8426,#8427)),.SURF_OF_LINEAR_EXTRUSION.,.F.,.F.,.F.,(2,2),(4,4),
(0.,1.),(0.11453366453847,0.92990730689269),.PIECEWISE_BEZIER_KNOTS.);
#3054=B_SPLINE_SURFACE_WITH_KNOTS('',1,3,((#8433,#8434,#8435,#8436),(#8437,
#8438,#8439,#8440)),.RULED_SURF.,.F.,.F.,.F.,(2,2),(4,4),(0.,1.),(0.153403180958758,
0.916613361372981),.PIECEWISE_BEZIER_KNOTS.);
#3055=B_SPLINE_SURFACE_WITH_KNOTS('',1,3,((#8449,#8450,#8451,#8452),(#8453,
#8454,#8455,#8456)),.SURF_OF_LINEAR_EXTRUSION.,.F.,.F.,.F.,(2,2),(4,4),
(0.,1.),(0.0833199106275332,0.916519016902776),.PIECEWISE_BEZIER_KNOTS.);
#3056=B_SPLINE_SURFACE_WITH_KNOTS('',1,3,((#8461,#8462,#8463,#8464),(#8465,
#8466,#8467,#8468),(#8469,#8470,#8471,#8472)),.RULED_SURF.,.F.,.F.,.F.,
(2,1,2),(4,4),(-0.00625749124419486,0.,1.),(0.0832847644934499,0.916716989440228),
 .PIECEWISE_BEZIER_KNOTS.);
#3057=B_SPLINE_SURFACE_WITH_KNOTS('',1,3,((#8477,#8478,#8479,#8480),(#8481,
#8482,#8483,#8484)),.RULED_SURF.,.F.,.F.,.F.,(2,2),(4,4),(0.,1.),(0.0773726782658996,
0.911245151308756),.PIECEWISE_BEZIER_KNOTS.);
#3058=B_SPLINE_SURFACE_WITH_KNOTS('',1,3,((#8490,#8491,#8492,#8493),(#8494,
#8495,#8496,#8497)),.RULED_SURF.,.F.,.F.,.F.,(2,2),(4,4),(0.,1.),(0.059811662294367,
0.9397207862611),.PIECEWISE_BEZIER_KNOTS.);
#3059=B_SPLINE_SURFACE_WITH_KNOTS('',1,3,((#8502,#8503,#8504,#8505,#8506,
#8507,#8508),(#8509,#8510,#8511,#8512,#8513,#8514,#8515),(#8516,#8517,#8518,
#8519,#8520,#8521,#8522),(#8523,#8524,#8525,#8526,#8527,#8528,#8529)),
 .SURF_OF_LINEAR_EXTRUSION.,.F.,.F.,.F.,(2,1,1,2),(4,3,4),(-0.005,0.,1.,
1.005),(0.539991465535132,0.959087713010671,1.08900913608522),
 .PIECEWISE_BEZIER_KNOTS.);
#3060=B_SPLINE_SURFACE_WITH_KNOTS('',1,3,((#8538,#8539,#8540,#8541,#8542,
#8543),(#8544,#8545,#8546,#8547,#8548,#8549)),.RULED_SURF.,.F.,.F.,.F.,
(2,2),(4,2,4),(0.,1.),(0.060535776478051,0.500079244714215,0.53999146553514),
 .UNSPECIFIED.);
#3061=B_SPLINE_SURFACE_WITH_KNOTS('',1,3,((#8550,#8551,#8552,#8553,#8554,
#8555,#8556,#8557,#8558,#8559,#8560,#8561,#8562,#8563,#8564,#8565),(#8566,
#8567,#8568,#8569,#8570,#8571,#8572,#8573,#8574,#8575,#8576,#8577,#8578,
#8579,#8580,#8581)),.RULED_SURF.,.F.,.F.,.F.,(2,2),(4,2,2,2,2,2,2,4),(0.,
1.),(0.0656211967950139,0.145784451387481,0.263671829929273,0.499446587012858,
0.735221344096443,0.79416503336734,0.853108722638236,0.933276334983149),
 .UNSPECIFIED.);
#3062=B_SPLINE_SURFACE_WITH_KNOTS('',1,3,((#8626,#8627,#8628,#8629,#8630,
#8631),(#8632,#8633,#8634,#8635,#8636,#8637)),.RULED_SURF.,.F.,.F.,.F.,
(2,2),(4,2,4),(0.,1.),(0.0773015808108256,0.473668449424932,0.917253236946358),
 .UNSPECIFIED.);
#3063=ADVANCED_FACE('',(#2836),#3023,.T.);
#3064=ADVANCED_FACE('',(#2837),#116,.F.);
#3065=ADVANCED_FACE('',(#2838),#117,.F.);
#3066=ADVANCED_FACE('',(#2839),#118,.F.);
#3067=ADVANCED_FACE('',(#2840),#119,.F.);
#3068=ADVANCED_FACE('',(#2841,#2842),#120,.T.);
#3069=ADVANCED_FACE('',(#2843),#121,.F.);
#3070=ADVANCED_FACE('',(#2844),#48,.F.);
#3071=ADVANCED_FACE('',(#2845),#122,.T.);
#3072=ADVANCED_FACE('',(#2846),#29,.F.);
#3073=ADVANCED_FACE('',(#2847),#3024,.F.);
#3074=ADVANCED_FACE('',(#2848),#123,.F.);
#3075=ADVANCED_FACE('',(#2849),#30,.F.);
#3076=ADVANCED_FACE('',(#2850),#49,.F.);
#3077=ADVANCED_FACE('',(#2851),#3025,.T.);
#3078=ADVANCED_FACE('',(#2852),#124,.T.);
#3079=ADVANCED_FACE('',(#2853),#50,.F.);
#3080=ADVANCED_FACE('',(#2854),#31,.T.);
#3081=ADVANCED_FACE('',(#2855),#3026,.T.);
#3082=ADVANCED_FACE('',(#2856),#3027,.F.);
#3083=ADVANCED_FACE('',(#2857),#32,.T.);
#3084=ADVANCED_FACE('',(#2858),#33,.T.);
#3085=ADVANCED_FACE('',(#2859),#34,.F.);
#3086=ADVANCED_FACE('',(#2860),#51,.T.);
#3087=ADVANCED_FACE('',(#2861),#125,.T.);
#3088=ADVANCED_FACE('',(#2862),#126,.T.);
#3089=ADVANCED_FACE('',(#2863),#127,.T.);
#3090=ADVANCED_FACE('',(#2864),#128,.T.);
#3091=ADVANCED_FACE('',(#2865),#129,.T.);
#3092=ADVANCED_FACE('',(#2866),#130,.T.);
#3093=ADVANCED_FACE('',(#2867),#131,.T.);
#3094=ADVANCED_FACE('',(#2868),#132,.F.);
#3095=ADVANCED_FACE('',(#2869),#133,.F.);
#3096=ADVANCED_FACE('',(#2870),#134,.T.);
#3097=ADVANCED_FACE('',(#2871),#135,.F.);
#3098=ADVANCED_FACE('',(#2872),#136,.F.);
#3099=ADVANCED_FACE('',(#2873),#137,.F.);
#3100=ADVANCED_FACE('',(#2874),#138,.F.);
#3101=ADVANCED_FACE('',(#2875),#139,.F.);
#3102=ADVANCED_FACE('',(#2876),#140,.T.);
#3103=ADVANCED_FACE('',(#2877),#141,.T.);
#3104=ADVANCED_FACE('',(#2878),#142,.T.);
#3105=ADVANCED_FACE('',(#2879),#143,.F.);
#3106=ADVANCED_FACE('',(#2880),#144,.T.);
#3107=ADVANCED_FACE('',(#2881),#145,.F.);
#3108=ADVANCED_FACE('',(#2882),#52,.T.);
#3109=ADVANCED_FACE('',(#2883),#146,.F.);
#3110=ADVANCED_FACE('',(#2884),#53,.T.);
#3111=ADVANCED_FACE('',(#2885),#54,.T.);
#3112=ADVANCED_FACE('',(#2886),#147,.F.);
#3113=ADVANCED_FACE('',(#2887),#55,.T.);
#3114=ADVANCED_FACE('',(#2888),#148,.F.);
#3115=ADVANCED_FACE('',(#2889,#2890,#2891),#149,.T.);
#3116=ADVANCED_FACE('',(#2892),#150,.F.);
#3117=ADVANCED_FACE('',(#2893),#151,.F.);
#3118=ADVANCED_FACE('',(#2894),#152,.F.);
#3119=ADVANCED_FACE('',(#2895),#153,.F.);
#3120=ADVANCED_FACE('',(#2896),#154,.F.);
#3121=ADVANCED_FACE('',(#2897),#155,.F.);
#3122=ADVANCED_FACE('',(#2898),#24,.T.);
#3123=ADVANCED_FACE('',(#2899),#156,.F.);
#3124=ADVANCED_FACE('',(#2900),#35,.F.);
#3125=ADVANCED_FACE('',(#2901),#157,.F.);
#3126=ADVANCED_FACE('',(#2902),#158,.T.);
#3127=ADVANCED_FACE('',(#2903),#159,.F.);
#3128=ADVANCED_FACE('',(#2904),#56,.F.);
#3129=ADVANCED_FACE('',(#2905),#36,.T.);
#3130=ADVANCED_FACE('',(#2906),#160,.F.);
#3131=ADVANCED_FACE('',(#2907),#37,.T.);
#3132=ADVANCED_FACE('',(#2908),#161,.T.);
#3133=ADVANCED_FACE('',(#2909),#162,.F.);
#3134=ADVANCED_FACE('',(#2910),#38,.F.);
#3135=ADVANCED_FACE('',(#2911),#163,.F.);
#3136=ADVANCED_FACE('',(#2912),#164,.F.);
#3137=ADVANCED_FACE('',(#2913),#165,.T.);
#3138=ADVANCED_FACE('',(#2914),#166,.F.);
#3139=ADVANCED_FACE('',(#2915,#2916),#167,.T.);
#3140=ADVANCED_FACE('',(#2917),#168,.F.);
#3141=ADVANCED_FACE('',(#2918),#57,.T.);
#3142=ADVANCED_FACE('',(#2919),#169,.T.);
#3143=ADVANCED_FACE('',(#2920),#170,.F.);
#3144=ADVANCED_FACE('',(#2921),#171,.F.);
#3145=ADVANCED_FACE('',(#2922),#172,.F.);
#3146=ADVANCED_FACE('',(#2923),#173,.F.);
#3147=ADVANCED_FACE('',(#2924),#174,.F.);
#3148=ADVANCED_FACE('',(#2925),#175,.F.);
#3149=ADVANCED_FACE('',(#2926),#176,.T.);
#3150=ADVANCED_FACE('',(#2927),#177,.T.);
#3151=ADVANCED_FACE('',(#2928),#178,.T.);
#3152=ADVANCED_FACE('',(#2929),#179,.T.);
#3153=ADVANCED_FACE('',(#2930),#39,.F.);
#3154=ADVANCED_FACE('',(#2931),#180,.T.);
#3155=ADVANCED_FACE('',(#2932),#181,.F.);
#3156=ADVANCED_FACE('',(#2933),#40,.T.);
#3157=ADVANCED_FACE('',(#2934),#41,.T.);
#3158=ADVANCED_FACE('',(#2935),#3028,.F.);
#3159=ADVANCED_FACE('',(#2936),#3029,.F.);
#3160=ADVANCED_FACE('',(#2937),#42,.T.);
#3161=ADVANCED_FACE('',(#2938),#3030,.F.);
#3162=ADVANCED_FACE('',(#2939),#182,.T.);
#3163=ADVANCED_FACE('',(#2940),#3031,.F.);
#3164=ADVANCED_FACE('',(#2941),#3032,.F.);
#3165=ADVANCED_FACE('',(#2942),#3033,.F.);
#3166=ADVANCED_FACE('',(#2943),#183,.T.);
#3167=ADVANCED_FACE('',(#2944),#184,.T.);
#3168=ADVANCED_FACE('',(#2945),#43,.T.);
#3169=ADVANCED_FACE('',(#2946),#185,.F.);
#3170=ADVANCED_FACE('',(#2947),#3034,.F.);
#3171=ADVANCED_FACE('',(#2948,#2949),#186,.F.);
#3172=ADVANCED_FACE('',(#2950),#187,.T.);
#3173=ADVANCED_FACE('',(#2951),#188,.F.);
#3174=ADVANCED_FACE('',(#2952),#3035,.F.);
#3175=ADVANCED_FACE('',(#2953),#3036,.F.);
#3176=ADVANCED_FACE('',(#2954),#189,.F.);
#3177=ADVANCED_FACE('',(#2955),#3037,.F.);
#3178=ADVANCED_FACE('',(#2956),#3038,.F.);
#3179=ADVANCED_FACE('',(#2957),#190,.F.);
#3180=ADVANCED_FACE('',(#2958),#191,.T.);
#3181=ADVANCED_FACE('',(#2959),#192,.F.);
#3182=ADVANCED_FACE('',(#2960),#3039,.T.);
#3183=ADVANCED_FACE('',(#2961),#44,.T.);
#3184=ADVANCED_FACE('',(#2962),#45,.T.);
#3185=ADVANCED_FACE('',(#2963),#58,.F.);
#3186=ADVANCED_FACE('',(#2964),#59,.F.);
#3187=ADVANCED_FACE('',(#2965),#193,.F.);
#3188=ADVANCED_FACE('',(#2966),#194,.F.);
#3189=ADVANCED_FACE('',(#2967),#60,.T.);
#3190=ADVANCED_FACE('',(#2968),#61,.T.);
#3191=ADVANCED_FACE('',(#2969),#195,.T.);
#3192=ADVANCED_FACE('',(#2970),#62,.T.);
#3193=ADVANCED_FACE('',(#2971),#196,.F.);
#3194=ADVANCED_FACE('',(#2972),#197,.F.);
#3195=ADVANCED_FACE('',(#2973),#198,.T.);
#3196=ADVANCED_FACE('',(#2974),#3040,.T.);
#3197=ADVANCED_FACE('',(#2975),#3041,.T.);
#3198=ADVANCED_FACE('',(#2976),#199,.F.);
#3199=ADVANCED_FACE('',(#2977),#3042,.F.);
#3200=ADVANCED_FACE('',(#2978),#200,.T.);
#3201=ADVANCED_FACE('',(#2979),#201,.T.);
#3202=ADVANCED_FACE('',(#2980),#63,.T.);
#3203=ADVANCED_FACE('',(#2981),#64,.F.);
#3204=ADVANCED_FACE('',(#2982),#202,.F.);
#3205=ADVANCED_FACE('',(#2983),#46,.T.);
#3206=ADVANCED_FACE('',(#2984),#203,.T.);
#3207=ADVANCED_FACE('',(#2985),#204,.F.);
#3208=ADVANCED_FACE('',(#2986),#3043,.T.);
#3209=ADVANCED_FACE('',(#2987),#3044,.T.);
#3210=ADVANCED_FACE('',(#2988),#3045,.T.);
#3211=ADVANCED_FACE('',(#2989),#3046,.T.);
#3212=ADVANCED_FACE('',(#2990),#205,.T.);
#3213=ADVANCED_FACE('',(#2991),#25,.T.);
#3214=ADVANCED_FACE('',(#2992),#206,.T.);
#3215=ADVANCED_FACE('',(#2993),#26,.F.);
#3216=ADVANCED_FACE('',(#2994),#207,.F.);
#3217=ADVANCED_FACE('',(#2995),#3047,.T.);
#3218=ADVANCED_FACE('',(#2996),#3048,.T.);
#3219=ADVANCED_FACE('',(#2997),#3049,.T.);
#3220=ADVANCED_FACE('',(#2998),#3050,.T.);
#3221=ADVANCED_FACE('',(#2999),#3051,.T.);
#3222=ADVANCED_FACE('',(#3000),#27,.T.);
#3223=ADVANCED_FACE('',(#3001),#3052,.T.);
#3224=ADVANCED_FACE('',(#3002),#3053,.T.);
#3225=ADVANCED_FACE('',(#3003),#208,.T.);
#3226=ADVANCED_FACE('',(#3004),#3054,.T.);
#3227=ADVANCED_FACE('',(#3005),#3055,.T.);
#3228=ADVANCED_FACE('',(#3006),#3056,.T.);
#3229=ADVANCED_FACE('',(#3007),#3057,.T.);
#3230=ADVANCED_FACE('',(#3008),#28,.T.);
#3231=ADVANCED_FACE('',(#3009),#3058,.T.);
#3232=ADVANCED_FACE('',(#3010),#3059,.T.);
#3233=ADVANCED_FACE('',(#3011),#3060,.T.);
#3234=ADVANCED_FACE('',(#3012),#3061,.T.);
#3235=ADVANCED_FACE('',(#3013,#3014),#65,.F.);
#3236=ADVANCED_FACE('',(#3015,#3016),#66,.F.);
#3237=ADVANCED_FACE('',(#3017,#3018),#209,.F.);
#3238=ADVANCED_FACE('',(#3019),#47,.F.);
#3239=ADVANCED_FACE('',(#3020),#210,.F.);
#3240=ADVANCED_FACE('',(#3021),#211,.F.);
#3241=ADVANCED_FACE('',(#3022),#3062,.T.);
#3242=CLOSED_SHELL('',(#3063,#3064,#3065,#3066,#3067,#3068,#3069,#3070,
#3071,#3072,#3073,#3074,#3075,#3076,#3077,#3078,#3079,#3080,#3081,#3082,
#3083,#3084,#3085,#3086,#3087,#3088,#3089,#3090,#3091,#3092,#3093,#3094,
#3095,#3096,#3097,#3098,#3099,#3100,#3101,#3102,#3103,#3104,#3105,#3106,
#3107,#3108,#3109,#3110,#3111,#3112,#3113,#3114,#3115,#3116,#3117,#3118,
#3119,#3120,#3121,#3122,#3123,#3124,#3125,#3126,#3127,#3128,#3129,#3130,
#3131,#3132,#3133,#3134,#3135,#3136,#3137,#3138,#3139,#3140,#3141,#3142,
#3143,#3144,#3145,#3146,#3147,#3148,#3149,#3150,#3151,#3152,#3153,#3154,
#3155,#3156,#3157,#3158,#3159,#3160,#3161,#3162,#3163,#3164,#3165,#3166,
#3167,#3168,#3169,#3170,#3171,#3172,#3173,#3174,#3175,#3176,#3177,#3178,
#3179,#3180,#3181,#3182,#3183,#3184,#3185,#3186,#3187,#3188,#3189,#3190,
#3191,#3192,#3193,#3194,#3195,#3196,#3197,#3198,#3199,#3200,#3201,#3202,
#3203,#3204,#3205,#3206,#3207,#3208,#3209,#3210,#3211,#3212,#3213,#3214,
#3215,#3216,#3217,#3218,#3219,#3220,#3221,#3222,#3223,#3224,#3225,#3226,
#3227,#3228,#3229,#3230,#3231,#3232,#3233,#3234,#3235,#3236,#3237,#3238,
#3239,#3240,#3241));
#3243=STYLED_ITEM('',(#3244),#3251);
#3244=PRESENTATION_STYLE_ASSIGNMENT((#3245));
#3245=SURFACE_STYLE_USAGE(.BOTH.,#3246);
#3246=SURFACE_SIDE_STYLE('',(#3247));
#3247=SURFACE_STYLE_FILL_AREA(#3248);
#3248=FILL_AREA_STYLE('',(#3249));
#3249=FILL_AREA_STYLE_COLOUR('',#3250);
#3250=COLOUR_RGB('',0.200000002980232,0.200000002980232,0.200000002980232);
#3251=MANIFOLD_SOLID_BREP('',#3242);
#3252=SHAPE_DEFINITION_REPRESENTATION(#8648,#3254);
#3253=SHAPE_DEFINITION_REPRESENTATION(#8647,#3255);
#3254=SHAPE_REPRESENTATION('CZ82_standardGripRight_Slim_bebop',(#3256),
#8641);
#3255=SHAPE_REPRESENTATION('CZ82_baseBody',(#3256,#3426),#8640);
#3256=AXIS2_PLACEMENT_3D('',#4011,#3427,#3428);
#3257=AXIS2_PLACEMENT_3D('',#4038,#3430,#3431);
#3258=AXIS2_PLACEMENT_3D('',#4039,#3432,#3433);
#3259=AXIS2_PLACEMENT_3D('',#4101,#3446,#3447);
#3260=AXIS2_PLACEMENT_3D('',#4102,#3448,#3449);
#3261=AXIS2_PLACEMENT_3D('',#4107,#3452,#3453);
#3262=AXIS2_PLACEMENT_3D('',#4126,#3461,#3462);
#3263=AXIS2_PLACEMENT_3D('',#4144,#3467,#3468);
#3264=AXIS2_PLACEMENT_3D('',#4171,#3478,#3479);
#3265=AXIS2_PLACEMENT_3D('',#4177,#3482,#3483);
#3266=AXIS2_PLACEMENT_3D('',#4195,#3486,#3487);
#3267=AXIS2_PLACEMENT_3D('',#4212,#3491,#3492);
#3268=AXIS2_PLACEMENT_3D('',#4216,#3494,#3495);
#3269=AXIS2_PLACEMENT_3D('',#4227,#3501,#3502);
#3270=AXIS2_PLACEMENT_3D('',#4233,#3506,#3507);
#3271=AXIS2_PLACEMENT_3D('',#4257,#3510,#3511);
#3272=AXIS2_PLACEMENT_3D('',#4423,#3513,#3514);
#3273=AXIS2_PLACEMENT_3D('',#4962,#3517,#3518);
#3274=AXIS2_PLACEMENT_3D('',#4987,#3522,#3523);
#3275=AXIS2_PLACEMENT_3D('',#4991,#3526,#3527);
#3276=AXIS2_PLACEMENT_3D('',#5382,#3530,#3531);
#3277=AXIS2_PLACEMENT_3D('',#5716,#3532,#3533);
#3278=AXIS2_PLACEMENT_3D('',#5731,#3536,#3537);
#3279=AXIS2_PLACEMENT_3D('',#5740,#3542,#3543);
#3280=AXIS2_PLACEMENT_3D('',#5749,#3548,#3549);
#3281=AXIS2_PLACEMENT_3D('',#5758,#3554,#3555);
#3282=AXIS2_PLACEMENT_3D('',#5767,#3560,#3561);
#3283=AXIS2_PLACEMENT_3D('',#5773,#3565,#3566);
#3284=AXIS2_PLACEMENT_3D('',#5777,#3569,#3570);
#3285=AXIS2_PLACEMENT_3D('',#5787,#3571,#3572);
#3286=AXIS2_PLACEMENT_3D('',#5789,#3574,#3575);
#3287=AXIS2_PLACEMENT_3D('',#5795,#3579,#3580);
#3288=AXIS2_PLACEMENT_3D('',#5799,#3583,#3584);
#3289=AXIS2_PLACEMENT_3D('',#5801,#3586,#3587);
#3290=AXIS2_PLACEMENT_3D('',#5805,#3590,#3591);
#3291=AXIS2_PLACEMENT_3D('',#5809,#3594,#3595);
#3292=AXIS2_PLACEMENT_3D('',#5815,#3597,#3598);
#3293=AXIS2_PLACEMENT_3D('',#5817,#3600,#3601);
#3294=AXIS2_PLACEMENT_3D('',#5821,#3604,#3605);
#3295=AXIS2_PLACEMENT_3D('',#5825,#3608,#3609);
#3296=AXIS2_PLACEMENT_3D('',#5829,#3612,#3613);
#3297=AXIS2_PLACEMENT_3D('',#5832,#3616,#3617);
#3298=AXIS2_PLACEMENT_3D('',#5846,#3622,#3623);
#3299=AXIS2_PLACEMENT_3D('',#5852,#3627,#3628);
#3300=AXIS2_PLACEMENT_3D('',#5856,#3630,#3631);
#3301=AXIS2_PLACEMENT_3D('',#5857,#3632,#3633);
#3302=AXIS2_PLACEMENT_3D('',#5858,#3634,#3635);
#3303=AXIS2_PLACEMENT_3D('',#5859,#3636,#3637);
#3304=AXIS2_PLACEMENT_3D('',#5862,#3639,#3640);
#3305=AXIS2_PLACEMENT_3D('',#5865,#3642,#3643);
#3306=AXIS2_PLACEMENT_3D('',#5866,#3644,#3645);
#3307=AXIS2_PLACEMENT_3D('',#5868,#3647,#3648);
#3308=AXIS2_PLACEMENT_3D('',#5869,#3649,#3650);
#3309=AXIS2_PLACEMENT_3D('',#5871,#3651,#3652);
#3310=AXIS2_PLACEMENT_3D('',#5874,#3654,#3655);
#3311=AXIS2_PLACEMENT_3D('',#5877,#3657,#3658);
#3312=AXIS2_PLACEMENT_3D('',#5878,#3659,#3660);
#3313=AXIS2_PLACEMENT_3D('',#5879,#3661,#3662);
#3314=AXIS2_PLACEMENT_3D('',#5882,#3664,#3665);
#3315=AXIS2_PLACEMENT_3D('',#5884,#3667,#3668);
#3316=AXIS2_PLACEMENT_3D('',#5893,#3673,#3674);
#3317=AXIS2_PLACEMENT_3D('',#5894,#3675,#3676);
#3318=AXIS2_PLACEMENT_3D('',#5897,#3677,#3678);
#3319=AXIS2_PLACEMENT_3D('',#5901,#3680,#3681);
#3320=AXIS2_PLACEMENT_3D('',#5902,#3682,#3683);
#3321=AXIS2_PLACEMENT_3D('',#5908,#3687,#3688);
#3322=AXIS2_PLACEMENT_3D('',#5912,#3691,#3692);
#3323=AXIS2_PLACEMENT_3D('',#5916,#3695,#3696);
#3324=AXIS2_PLACEMENT_3D('',#5918,#3698,#3699);
#3325=AXIS2_PLACEMENT_3D('',#5924,#3703,#3704);
#3326=AXIS2_PLACEMENT_3D('',#5925,#3705,#3706);
#3327=AXIS2_PLACEMENT_3D('',#5938,#3707,#3708);
#3328=AXIS2_PLACEMENT_3D('',#5939,#3709,#3710);
#3329=AXIS2_PLACEMENT_3D('',#5950,#3711,#3712);
#3330=AXIS2_PLACEMENT_3D('',#5976,#3717,#3718);
#3331=AXIS2_PLACEMENT_3D('',#5985,#3721,#3722);
#3332=AXIS2_PLACEMENT_3D('',#5993,#3724,#3725);
#3333=AXIS2_PLACEMENT_3D('',#6004,#3728,#3729);
#3334=AXIS2_PLACEMENT_3D('',#6008,#3732,#3733);
#3335=AXIS2_PLACEMENT_3D('',#6028,#3735,#3736);
#3336=AXIS2_PLACEMENT_3D('',#6034,#3737,#3738);
#3337=AXIS2_PLACEMENT_3D('',#6176,#3745,#3746);
#3338=AXIS2_PLACEMENT_3D('',#6178,#3748,#3749);
#3339=AXIS2_PLACEMENT_3D('',#6191,#3750,#3751);
#3340=AXIS2_PLACEMENT_3D('',#6214,#3756,#3757);
#3341=AXIS2_PLACEMENT_3D('',#6220,#3761,#3762);
#3342=AXIS2_PLACEMENT_3D('',#6221,#3763,#3764);
#3343=AXIS2_PLACEMENT_3D('',#6231,#3767,#3768);
#3344=AXIS2_PLACEMENT_3D('',#6235,#3771,#3772);
#3345=AXIS2_PLACEMENT_3D('',#6237,#3774,#3775);
#3346=AXIS2_PLACEMENT_3D('',#6238,#3776,#3777);
#3347=AXIS2_PLACEMENT_3D('',#6241,#3780,#3781);
#3348=AXIS2_PLACEMENT_3D('',#6247,#3785,#3786);
#3349=AXIS2_PLACEMENT_3D('',#6253,#3790,#3791);
#3350=AXIS2_PLACEMENT_3D('',#6257,#3794,#3795);
#3351=AXIS2_PLACEMENT_3D('',#6261,#3798,#3799);
#3352=AXIS2_PLACEMENT_3D('',#6265,#3802,#3803);
#3353=AXIS2_PLACEMENT_3D('',#6269,#3806,#3807);
#3354=AXIS2_PLACEMENT_3D('',#6273,#3810,#3811);
#3355=AXIS2_PLACEMENT_3D('',#6277,#3814,#3815);
#3356=AXIS2_PLACEMENT_3D('',#6289,#3818,#3819);
#3357=AXIS2_PLACEMENT_3D('',#6291,#3821,#3822);
#3358=AXIS2_PLACEMENT_3D('',#6316,#3826,#3827);
#3359=AXIS2_PLACEMENT_3D('',#6317,#3828,#3829);
#3360=AXIS2_PLACEMENT_3D('',#6768,#3834,#3835);
#3361=AXIS2_PLACEMENT_3D('',#7065,#3839,#3840);
#3362=AXIS2_PLACEMENT_3D('',#7074,#3845,#3846);
#3363=AXIS2_PLACEMENT_3D('',#7200,#3849,#3850);
#3364=AXIS2_PLACEMENT_3D('',#7201,#3851,#3852);
#3365=AXIS2_PLACEMENT_3D('',#7373,#3853,#3854);
#3366=AXIS2_PLACEMENT_3D('',#7374,#3855,#3856);
#3367=AXIS2_PLACEMENT_3D('',#7379,#3858,#3859);
#3368=AXIS2_PLACEMENT_3D('',#7383,#3861,#3862);
#3369=AXIS2_PLACEMENT_3D('',#7384,#3863,#3864);
#3370=AXIS2_PLACEMENT_3D('',#7390,#3868,#3869);
#3371=AXIS2_PLACEMENT_3D('',#7445,#3873,#3874);
#3372=AXIS2_PLACEMENT_3D('',#7447,#3875,#3876);
#3373=AXIS2_PLACEMENT_3D('',#7449,#3877,#3878);
#3374=AXIS2_PLACEMENT_3D('',#7453,#3880,#3881);
#3375=AXIS2_PLACEMENT_3D('',#7522,#3882,#3883);
#3376=AXIS2_PLACEMENT_3D('',#7707,#3885,#3886);
#3377=AXIS2_PLACEMENT_3D('',#7734,#3891,#3892);
#3378=AXIS2_PLACEMENT_3D('',#7735,#3893,#3894);
#3379=AXIS2_PLACEMENT_3D('',#7738,#3896,#3897);
#3380=AXIS2_PLACEMENT_3D('',#7743,#3898,#3899);
#3381=AXIS2_PLACEMENT_3D('',#7915,#3900,#3901);
#3382=AXIS2_PLACEMENT_3D('',#7916,#3902,#3903);
#3383=AXIS2_PLACEMENT_3D('',#7925,#3905,#3906);
#3384=AXIS2_PLACEMENT_3D('',#7927,#3908,#3909);
#3385=AXIS2_PLACEMENT_3D('',#7929,#3911,#3912);
#3386=AXIS2_PLACEMENT_3D('',#7930,#3913,#3914);
#3387=AXIS2_PLACEMENT_3D('',#7931,#3915,#3916);
#3388=AXIS2_PLACEMENT_3D('',#7946,#3917,#3918);
#3389=AXIS2_PLACEMENT_3D('',#7952,#3919,#3920);
#3390=AXIS2_PLACEMENT_3D('',#7968,#3921,#3922);
#3391=AXIS2_PLACEMENT_3D('',#7970,#3924,#3925);
#3392=AXIS2_PLACEMENT_3D('',#7971,#3926,#3927);
#3393=AXIS2_PLACEMENT_3D('',#7973,#3929,#3930);
#3394=AXIS2_PLACEMENT_3D('',#7974,#3931,#3932);
#3395=AXIS2_PLACEMENT_3D('',#7975,#3933,#3934);
#3396=AXIS2_PLACEMENT_3D('',#7977,#3936,#3937);
#3397=AXIS2_PLACEMENT_3D('',#7980,#3940,#3941);
#3398=AXIS2_PLACEMENT_3D('',#8100,#3942,#3943);
#3399=AXIS2_PLACEMENT_3D('',#8146,#3944,#3945);
#3400=AXIS2_PLACEMENT_3D('',#8155,#3948,#3949);
#3401=AXIS2_PLACEMENT_3D('',#8156,#3950,#3951);
#3402=AXIS2_PLACEMENT_3D('',#8159,#3953,#3954);
#3403=AXIS2_PLACEMENT_3D('',#8162,#3956,#3957);
#3404=AXIS2_PLACEMENT_3D('',#8163,#3958,#3959);
#3405=AXIS2_PLACEMENT_3D('',#8164,#3960,#3961);
#3406=AXIS2_PLACEMENT_3D('',#8165,#3962,#3963);
#3407=AXIS2_PLACEMENT_3D('',#8166,#3964,#3965);
#3408=AXIS2_PLACEMENT_3D('',#8169,#3967,#3968);
#3409=AXIS2_PLACEMENT_3D('',#8200,#3970,#3971);
#3410=AXIS2_PLACEMENT_3D('',#8201,#3972,#3973);
#3411=AXIS2_PLACEMENT_3D('',#8276,#3975,#3976);
#3412=AXIS2_PLACEMENT_3D('',#8278,#3978,#3979);
#3413=AXIS2_PLACEMENT_3D('',#8280,#3981,#3982);
#3414=AXIS2_PLACEMENT_3D('',#8282,#3984,#3985);
#3415=AXIS2_PLACEMENT_3D('',#8283,#3986,#3987);
#3416=AXIS2_PLACEMENT_3D('',#8399,#3988,#3989);
#3417=AXIS2_PLACEMENT_3D('',#8432,#3990,#3991);
#3418=AXIS2_PLACEMENT_3D('',#8489,#3992,#3993);
#3419=AXIS2_PLACEMENT_3D('',#8582,#3994,#3995);
#3420=AXIS2_PLACEMENT_3D('',#8583,#3996,#3997);
#3421=AXIS2_PLACEMENT_3D('',#8585,#3998,#3999);
#3422=AXIS2_PLACEMENT_3D('',#8586,#4000,#4001);
#3423=AXIS2_PLACEMENT_3D('',#8588,#4002,#4003);
#3424=AXIS2_PLACEMENT_3D('',#8619,#4004,#4005);
#3425=AXIS2_PLACEMENT_3D('',#8621,#4007,#4008);
#3426=AXIS2_PLACEMENT_3D('',#8638,#4009,#4010);
#3427=DIRECTION('',(0.,0.,1.));
#3428=DIRECTION('',(1.,0.,0.));
#3429=DIRECTION('',(-0.906422949080882,0.422368819270831,-0.00142052359396562));
#3430=DIRECTION('',(0.,-1.,0.));
#3431=DIRECTION('',(0.,0.,1.));
#3432=DIRECTION('',(0.,-1.,0.));
#3433=DIRECTION('',(1.,0.,1.15009148103252E-16));
#3434=DIRECTION('',(0.394709859327591,0.,-0.918805815692083));
#3435=DIRECTION('',(-0.999998771983161,0.,-0.00156717330577201));
#3436=DIRECTION('',(0.0629009982455524,0.,0.998019771557514));
#3437=DIRECTION('',(0.7125114973211,0.,0.701660435100373));
#3438=DIRECTION('',(-0.308534701679744,0.,0.951213087514775));
#3439=DIRECTION('',(-0.93969262078591,0.,0.342020143325665));
#3440=DIRECTION('',(-0.309016994374945,0.,0.951056516295154));
#3441=DIRECTION('',(0.559192903470737,0.,0.829037572555049));
#3442=DIRECTION('',(-0.308534701679743,0.,0.951213087514776));
#3443=DIRECTION('',(-1.,0.,2.86689477775817E-16));
#3444=DIRECTION('',(-0.248029848510275,0.,0.968752390576648));
#3445=DIRECTION('',(-1.,0.,-1.02042557406991E-16));
#3446=DIRECTION('',(-0.415361168594566,-0.891984325925444,-0.178435035593036));
#3447=DIRECTION('',(-0.906532638205242,0.422135731570598,0.));
#3448=DIRECTION('',(-0.415361168594566,-0.891984325925444,-0.178435035593036));
#3449=DIRECTION('',(-0.81956038616648,0.452066325115388,-0.352075007808448));
#3450=DIRECTION('',(0.394709859327591,0.,-0.918805815692083));
#3451=DIRECTION('',(-0.906422949080882,0.422368819270831,-0.00142052359396562));
#3452=DIRECTION('',(2.12158406458557E-17,-0.978147600733806,-0.207911690817759));
#3453=DIRECTION('',(1.,0.,1.02042557406991E-16));
#3454=DIRECTION('',(-0.48563909026678,-0.181747960967045,0.855056929501876));
#3455=DIRECTION('',(-1.,6.73379041655512E-35,-1.02042557406991E-16));
#3456=DIRECTION('',(0.,-0.207911690817759,0.978147600733806));
#3457=DIRECTION('',(-1.,0.,-5.30862489238923E-13));
#3458=DIRECTION('',(-0.421683796850332,-0.188522459653659,0.886928439999543));
#3459=DIRECTION('',(0.242933030966121,0.201683293221958,-0.948845293870797));
#3460=DIRECTION('',(-1.,2.81890901572977E-15,-1.33639667886896E-14));
#3461=DIRECTION('',(0.968752390576648,0.,0.248029848510276));
#3462=DIRECTION('',(0.248029848510276,0.,-0.968752390576648));
#3463=DIRECTION('',(-0.248029848510276,0.,0.968752390576648));
#3464=DIRECTION('',(0.248029848510275,0.,-0.968752390576648));
#3465=DIRECTION('',(-0.248029848510275,0.,0.968752390576648));
#3466=DIRECTION('',(0.,-1.,0.));
#3467=DIRECTION('',(0.,-1.,0.));
#3468=DIRECTION('',(0.,0.,-1.));
#3469=DIRECTION('',(-1.,5.70244535776731E-15,-1.02042557406991E-16));
#3470=DIRECTION('',(-1.02042557406991E-16,0.,1.));
#3471=DIRECTION('',(-0.395750376313322,0.,0.918358121675778));
#3472=DIRECTION('',(1.,-5.70244535776731E-15,1.02042557406991E-16));
#3473=DIRECTION('',(-6.30671763838205E-31,-5.81892107780195E-31,1.));
#3474=DIRECTION('',(-1.,2.17058877683316E-16,-8.07630225923764E-46));
#3475=DIRECTION('',(-0.287614921385866,0.,0.95774613389781));
#3476=DIRECTION('',(1.,0.,5.09095561721474E-15));
#3477=DIRECTION('',(-0.999999833387064,5.58426608060283E-15,0.000577257174133055));
#3478=DIRECTION('',(5.70244535776731E-15,1.,5.81892107780199E-31));
#3479=DIRECTION('',(-1.,5.70244535776731E-15,0.));
#3480=DIRECTION('',(0.999998771983161,0.,0.00156717330577201));
#3481=DIRECTION('',(0.258819045102828,-1.47590146224839E-15,-0.965925826288986));
#3482=DIRECTION('',(0.,-1.,0.));
#3483=DIRECTION('',(-1.,0.,-5.1023529366389E-15));
#3484=DIRECTION('',(-0.349987654576156,1.99578547611367E-15,0.936754312316886));
#3485=DIRECTION('',(0.936754312316887,-5.34179027963994E-15,0.349987654576153));
#3486=DIRECTION('',(-5.70172896883164E-15,-1.,-1.91744027541334E-18));
#3487=DIRECTION('',(-0.349987654576154,1.99373857838369E-15,0.936754312316887));
#3488=DIRECTION('',(-0.936754312316886,5.34179027963994E-15,-0.349987654576154));
#3489=DIRECTION('',(-0.349987654576156,1.99578547611367E-15,0.936754312316886));
#3490=DIRECTION('',(0.239523566119716,-1.36587004769525E-15,0.970890550614895));
#3491=DIRECTION('',(0.,1.,0.));
#3492=DIRECTION('',(0.,0.,1.));
#3493=DIRECTION('',(0.996194698091746,-5.68074583156568E-15,-0.0871557427476582));
#3494=DIRECTION('',(5.70244535776731E-15,1.,5.81892107780199E-31));
#3495=DIRECTION('',(-1.,5.70244535776731E-15,0.));
#3496=DIRECTION('',(-1.02042557406991E-16,0.,1.));
#3497=DIRECTION('',(0.287614921385864,-1.64053064985556E-15,-0.957746133897811));
#3498=DIRECTION('',(-0.95774613389781,5.46148461791148E-15,-0.287614921385865));
#3499=DIRECTION('',(-0.287614921385866,1.64053064985557E-15,0.95774613389781));
#3500=DIRECTION('',(0.957746133897811,-5.46148461791149E-15,0.287614921385863));
#3501=DIRECTION('',(0.685011384667433,-0.707106781186541,0.175383587818289));
#3502=DIRECTION('',(0.248029848510275,0.,-0.968752390576648));
#3503=DIRECTION('',(-0.248029848510275,0.,0.968752390576648));
#3504=DIRECTION('',(0.498826675721632,0.630687942638373,0.594478482873082));
#3505=DIRECTION('',(-0.673427157877514,-0.522731223016673,0.522731223016673));
#3506=DIRECTION('',(-0.973002791880125,0.,-0.230793342610835));
#3507=DIRECTION('',(-0.230793342610835,0.,0.973002791880125));
#3508=DIRECTION('',(-0.973002791880125,0.,-0.230793342610835));
#3509=DIRECTION('',(-0.973002791880125,0.,-0.230793342610835));
#3510=DIRECTION('',(0.,-1.,0.));
#3511=DIRECTION('',(0.,0.,1.));
#3512=DIRECTION('',(-0.642787609686539,0.,-0.766044443118978));
#3513=DIRECTION('',(0.,1.,0.));
#3514=DIRECTION('',(0.,0.,1.));
#3515=DIRECTION('',(-0.999999833387063,0.,0.00057725717413439));
#3516=DIRECTION('',(-0.288196268134091,0.,0.957571360804814));
#3517=DIRECTION('',(0.,-1.,0.));
#3518=DIRECTION('',(0.,0.,1.));
#3519=DIRECTION('',(0.,-1.,0.));
#3520=DIRECTION('',(0.,-1.,0.));
#3521=DIRECTION('',(-7.5889338136377E-5,0.,0.999999997120404));
#3522=DIRECTION('',(0.,1.,0.));
#3523=DIRECTION('',(0.,0.,-1.));
#3524=DIRECTION('',(0.999998771983161,0.,0.00156717330577201));
#3525=DIRECTION('',(-0.999999833387064,0.,0.000577257174132965));
#3526=DIRECTION('',(-0.288196268134091,0.,0.957571360804814));
#3527=DIRECTION('',(0.957571360804814,0.,0.288196268134091));
#3528=DIRECTION('',(-0.288196268134091,0.,0.957571360804814));
#3529=DIRECTION('',(-0.287614921385861,0.,0.957746133897811));
#3530=DIRECTION('',(0.289042873107708,0.,-0.95731615337131));
#3531=DIRECTION('',(0.95731615337131,0.,0.289042873107708));
#3532=DIRECTION('',(-1.,0.,-5.09095561721474E-15));
#3533=DIRECTION('',(-5.09095561721474E-15,0.,1.));
#3534=DIRECTION('',(-1.,0.,-5.09095561721474E-15));
#3535=DIRECTION('',(-1.,0.,-5.09095561721474E-15));
#3536=DIRECTION('',(0.,1.,0.));
#3537=DIRECTION('',(0.,0.,-1.));
#3538=DIRECTION('',(0.309016994374945,0.,-0.951056516295154));
#3539=DIRECTION('',(-0.93969262078591,0.,0.342020143325663));
#3540=DIRECTION('',(-0.309016994374945,0.,0.951056516295155));
#3541=DIRECTION('',(0.558940313015282,0.,0.829207890993796));
#3542=DIRECTION('',(-5.70255687203639E-15,-1.,4.07418409305384E-19));
#3543=DIRECTION('',(-1.,5.70255687203639E-15,0.));
#3544=DIRECTION('',(-0.287614921385864,1.64053064985556E-15,0.957746133897811));
#3545=DIRECTION('',(0.957746133897809,-5.46148461791148E-15,0.287614921385869));
#3546=DIRECTION('',(0.287614921385864,-1.64053064985556E-15,-0.957746133897811));
#3547=DIRECTION('',(-0.957746133897811,5.46148461791149E-15,-0.287614921385864));
#3548=DIRECTION('',(-5.70255687203639E-15,-1.,4.07418409305384E-19));
#3549=DIRECTION('',(-1.,5.70255687203639E-15,0.));
#3550=DIRECTION('',(0.287614921385864,-1.64053064985556E-15,-0.957746133897811));
#3551=DIRECTION('',(-0.957746133897811,5.46148461791148E-15,-0.287614921385864));
#3552=DIRECTION('',(-0.287614921385863,1.64053064985555E-15,0.957746133897811));
#3553=DIRECTION('',(0.957746133897812,-5.46148461791149E-15,0.287614921385861));
#3554=DIRECTION('',(0.702066135372321,0.,-0.712111747946468));
#3555=DIRECTION('',(-0.712111747946468,0.,-0.702066135372321));
#3556=DIRECTION('',(0.712111747946468,0.,0.702066135372321));
#3557=DIRECTION('',(0.,-1.,0.));
#3558=DIRECTION('',(0.712111747946468,0.,0.702066135372321));
#3559=DIRECTION('',(0.,-1.,0.));
#3560=DIRECTION('',(0.342020143325663,0.,0.93969262078591));
#3561=DIRECTION('',(0.93969262078591,0.,-0.342020143325663));
#3562=DIRECTION('',(0.,1.,0.));
#3563=DIRECTION('',(-0.93969262078591,0.,0.342020143325663));
#3564=DIRECTION('',(0.,-1.,0.));
#3565=DIRECTION('',(0.951056516295155,0.,0.309016994374945));
#3566=DIRECTION('',(0.309016994374945,0.,-0.951056516295155));
#3567=DIRECTION('',(-0.309016994374945,0.,0.951056516295155));
#3568=DIRECTION('',(0.,-1.,0.));
#3569=DIRECTION('',(0.829207890993796,0.,-0.558940313015282));
#3570=DIRECTION('',(-0.558940313015282,0.,-0.829207890993796));
#3571=DIRECTION('',(0.951056516295154,0.,0.309016994374945));
#3572=DIRECTION('',(0.309016994374945,0.,-0.951056516295154));
#3573=DIRECTION('',(0.309016994374945,0.,-0.951056516295154));
#3574=DIRECTION('',(0.998019771557514,0.,-0.0629009982455524));
#3575=DIRECTION('',(-0.0629009982455524,0.,-0.998019771557514));
#3576=DIRECTION('',(-0.0629009982455524,0.,-0.998019771557514));
#3577=DIRECTION('',(0.,-1.,0.));
#3578=DIRECTION('',(-0.062900998245564,0.,-0.998019771557514));
#3579=DIRECTION('',(0.,1.,0.));
#3580=DIRECTION('',(0.,0.,-1.));
#3581=DIRECTION('',(0.064567323874024,0.,0.997913353296641));
#3582=DIRECTION('',(0.999998771983161,0.,0.00156717330577201));
#3583=DIRECTION('',(0.685011384667432,-0.707106781186541,0.175383587818289));
#3584=DIRECTION('',(-0.248029848510275,0.,0.968752390576648));
#3585=DIRECTION('',(-0.481160863118824,-0.619872657810758,-0.61987265781076));
#3586=DIRECTION('',(2.0272007383011E-16,-0.707106781186548,0.707106781186547));
#3587=DIRECTION('',(1.,0.,-2.86689477775817E-16));
#3588=DIRECTION('',(-1.,0.,0.));
#3589=DIRECTION('',(0.457159077569553,0.62889012466239,0.628890124662392));
#3590=DIRECTION('',(0.672609224535092,-0.707106781186546,0.218166979789115));
#3591=DIRECTION('',(0.308534701679743,0.,-0.951213087514776));
#3592=DIRECTION('',(0.736434984838487,0.668514757578439,-0.103689594491336));
#3593=DIRECTION('',(-0.308534701679743,0.,0.951213087514776));
#3594=DIRECTION('',(0.586218089412114,-0.707106781186541,-0.395409094035556));
#3595=DIRECTION('',(-0.559192903470737,0.,-0.829037572555049));
#3596=DIRECTION('',(0.736501935200594,0.668469049282121,-0.103508596733009));
#3597=DIRECTION('',(0.672498511963961,-0.707106781186544,0.21850801222441));
#3598=DIRECTION('',(0.309016994374945,0.,-0.951056516295154));
#3599=DIRECTION('',(-0.535001755322168,-0.668469049282121,-0.516645189616682));
#3600=DIRECTION('',(-0.241844762647976,0.707106781186538,-0.664463024388684));
#3601=DIRECTION('',(0.93969262078591,0.,-0.342020143325665));
#3602=DIRECTION('',(0.535162303813904,0.668423309637723,0.516538079631645));
#3603=DIRECTION('',(-0.93969262078591,0.,0.342020143325663));
#3604=DIRECTION('',(-0.672609224535092,0.707106781186546,-0.218166979789116));
#3605=DIRECTION('',(0.308534701679744,0.,-0.951213087514775));
#3606=DIRECTION('',(0.739874676824865,0.647985570303573,-0.180831864646843));
#3607=DIRECTION('',(0.308534701679739,1.14967358514653E-17,-0.951213087514777));
#3608=DIRECTION('',(-0.496148851749778,0.707106781186546,0.503821711429131));
#3609=DIRECTION('',(-0.7125114973211,0.,-0.701660435100373));
#3610=DIRECTION('',(-0.664855728234061,-0.682617938974658,0.303314374905552));
#3611=DIRECTION('',(-0.712311622633786,0.000284777214182631,-0.701863285236349));
#3612=DIRECTION('',(0.705706548226573,-0.707106781186542,-0.0444777224028335));
#3613=DIRECTION('',(-0.0629009982455524,0.,-0.998019771557514));
#3614=DIRECTION('',(0.601288627579646,0.564529173450263,0.565472190887358));
#3615=DIRECTION('',(0.390683154498773,0.336002626530671,0.857011614714397));
#3616=DIRECTION('',(0.00156717330577201,0.,-0.999998771983161));
#3617=DIRECTION('',(-0.999998771983161,0.,-0.00156717330577201));
#3618=DIRECTION('',(0.999998771983161,0.,0.00156717330577201));
#3619=DIRECTION('',(0.,-1.,0.));
#3620=DIRECTION('',(0.719108371200304,-0.69489702863871,0.00112696882723901));
#3621=DIRECTION('',(0.,-1.,0.));
#3622=DIRECTION('',(-0.00156717330577201,0.,0.999998771983161));
#3623=DIRECTION('',(0.999998771983161,-5.73600095427684E-15,0.00156717330577201));
#3624=DIRECTION('',(0.,1.,0.));
#3625=DIRECTION('',(-0.999998771983161,0.,-0.00156717330577201));
#3626=DIRECTION('',(0.,1.,0.));
#3627=DIRECTION('',(0.957746133897811,-5.46162092798832E-15,0.287614921385864));
#3628=DIRECTION('',(0.287614921385864,0.,-0.957746133897811));
#3629=DIRECTION('',(-0.287614921385864,1.64053064985556E-15,0.957746133897811));
#3630=DIRECTION('',(-0.957746133897811,5.46162092798832E-15,-0.287614921385864));
#3631=DIRECTION('',(0.287614921385864,0.,-0.957746133897811));
#3632=DIRECTION('',(-0.957746133897811,5.46162092798832E-15,-0.287614921385864));
#3633=DIRECTION('',(0.287614921385864,0.,-0.957746133897811));
#3634=DIRECTION('',(-0.957746133897809,5.46149499516515E-15,-0.287614921385869));
#3635=DIRECTION('',(-0.287614921385869,0.,0.957746133897809));
#3636=DIRECTION('',(0.957746133897811,-5.46162092798831E-15,0.287614921385864));
#3637=DIRECTION('',(-0.287614921385864,0.,0.957746133897811));
#3638=DIRECTION('',(-0.957746133897809,5.46148461791148E-15,-0.287614921385869));
#3639=DIRECTION('',(-0.957746133897811,5.46162092798831E-15,-0.287614921385864));
#3640=DIRECTION('',(-0.287614921385864,0.,0.957746133897811));
#3641=DIRECTION('',(0.287614921385864,-1.64053064985556E-15,-0.957746133897811));
#3642=DIRECTION('',(0.957746133897811,-5.46162092798831E-15,0.287614921385864));
#3643=DIRECTION('',(-0.287614921385864,0.,0.957746133897811));
#3644=DIRECTION('',(0.957746133897811,-5.46149499516516E-15,0.287614921385864));
#3645=DIRECTION('',(0.287614921385864,0.,-0.957746133897811));
#3646=DIRECTION('',(0.957746133897811,-5.46148461791149E-15,0.287614921385864));
#3647=DIRECTION('',(-0.957746133897812,5.46149499516517E-15,-0.287614921385861));
#3648=DIRECTION('',(-0.287614921385861,0.,0.957746133897812));
#3649=DIRECTION('',(0.957746133897811,-5.46162092798831E-15,0.287614921385864));
#3650=DIRECTION('',(-0.287614921385864,0.,0.957746133897811));
#3651=DIRECTION('',(-0.957746133897811,5.46162092798832E-15,-0.287614921385863));
#3652=DIRECTION('',(0.287614921385863,0.,-0.957746133897811));
#3653=DIRECTION('',(-0.957746133897812,5.46148461791149E-15,-0.287614921385861));
#3654=DIRECTION('',(-0.957746133897811,5.46162092798831E-15,-0.287614921385864));
#3655=DIRECTION('',(-0.287614921385864,0.,0.957746133897811));
#3656=DIRECTION('',(0.287614921385864,-1.64053064985556E-15,-0.957746133897811));
#3657=DIRECTION('',(0.957746133897811,-5.46162092798831E-15,0.287614921385864));
#3658=DIRECTION('',(-0.287614921385864,0.,0.957746133897811));
#3659=DIRECTION('',(0.957746133897811,-5.46149499516516E-15,0.287614921385864));
#3660=DIRECTION('',(0.287614921385864,0.,-0.957746133897811));
#3661=DIRECTION('',(-0.957746133897811,5.46162092798832E-15,-0.287614921385863));
#3662=DIRECTION('',(0.287614921385863,0.,-0.957746133897811));
#3663=DIRECTION('',(0.957746133897811,-5.46148461791149E-15,0.287614921385864));
#3664=DIRECTION('',(0.957746133897811,-5.46162092798832E-15,0.287614921385863));
#3665=DIRECTION('',(0.287614921385863,0.,-0.957746133897811));
#3666=DIRECTION('',(-0.287614921385863,1.64053064985555E-15,0.957746133897811));
#3667=DIRECTION('',(-5.70244535776731E-15,-1.,-5.81892107780199E-31));
#3668=DIRECTION('',(-1.,5.70244535776731E-15,0.));
#3669=DIRECTION('',(-0.287614921385864,1.64053064985556E-15,0.957746133897811));
#3670=DIRECTION('',(-0.957746133897811,5.46148461791149E-15,-0.287614921385864));
#3671=DIRECTION('',(0.287614921385866,-1.64053064985557E-15,-0.95774613389781));
#3672=DIRECTION('',(0.95774613389781,-5.46148461791148E-15,0.287614921385865));
#3673=DIRECTION('',(5.70172896883164E-15,1.,1.91744027541334E-18));
#3674=DIRECTION('',(1.,-5.70172896883164E-15,0.));
#3675=DIRECTION('',(-5.70172896883164E-15,-1.,-1.91744027541334E-18));
#3676=DIRECTION('',(1.,-5.70172896883164E-15,0.));
#3677=DIRECTION('',(-5.70172896883164E-15,-1.,-1.91744027541334E-18));
#3678=DIRECTION('',(1.,-5.70172896883164E-15,0.));
#3679=DIRECTION('',(-0.349987654576154,1.9937385783837E-15,0.936754312316887));
#3680=DIRECTION('',(-5.70172896883164E-15,-1.,-1.91744027541334E-18));
#3681=DIRECTION('',(1.,-5.70172896883164E-15,0.));
#3682=DIRECTION('',(-0.287614921385864,1.63498384970334E-15,0.957746133897811));
#3683=DIRECTION('',(0.957746133897811,0.,0.287614921385864));
#3684=DIRECTION('',(5.70109207999576E-15,1.,4.94421280401858E-18));
#3685=DIRECTION('',(-0.957746133897811,5.46148461791149E-15,-0.287614921385864));
#3686=DIRECTION('',(5.70109207999576E-15,1.,4.94421280401858E-18));
#3687=DIRECTION('',(-0.95774613389781,5.46162092798831E-15,-0.287614921385866));
#3688=DIRECTION('',(-0.287614921385866,0.,0.95774613389781));
#3689=DIRECTION('',(0.287614921385866,-1.64053064985557E-15,-0.95774613389781));
#3690=DIRECTION('',(5.70109207999576E-15,1.,4.94421280401858E-18));
#3691=DIRECTION('',(0.287614921385865,-1.63498384970334E-15,-0.95774613389781));
#3692=DIRECTION('',(-0.95774613389781,0.,-0.287614921385865));
#3693=DIRECTION('',(0.95774613389781,-5.46148461791148E-15,0.287614921385865));
#3694=DIRECTION('',(5.70109207999576E-15,1.,4.94421280401858E-18));
#3695=DIRECTION('',(0.957746133897811,-5.46162092798831E-15,0.287614921385864));
#3696=DIRECTION('',(0.287614921385864,0.,-0.957746133897811));
#3697=DIRECTION('',(-0.287614921385864,1.64053064985556E-15,0.957746133897811));
#3698=DIRECTION('',(0.95774613389781,-5.46162092798831E-15,0.287614921385866));
#3699=DIRECTION('',(0.287614921385866,0.,-0.95774613389781));
#3700=DIRECTION('',(5.70109207999576E-15,1.,4.94421280401858E-18));
#3701=DIRECTION('',(-0.287614921385866,1.64053064985557E-15,0.95774613389781));
#3702=DIRECTION('',(5.70109207999576E-15,1.,4.94421280401858E-18));
#3703=DIRECTION('',(0.,1.,0.));
#3704=DIRECTION('',(0.,0.,-1.));
#3705=DIRECTION('',(0.,-1.,0.));
#3706=DIRECTION('',(0.,0.,-1.));
#3707=DIRECTION('',(-5.70172896883164E-15,-1.,-1.91744027541334E-18));
#3708=DIRECTION('',(1.,-5.70172896883164E-15,0.));
#3709=DIRECTION('',(-5.70172896883164E-15,-1.,-1.91744027541334E-18));
#3710=DIRECTION('',(1.,-5.70172896883164E-15,0.));
#3711=DIRECTION('',(0.287614921385863,-1.63498384970333E-15,-0.957746133897811));
#3712=DIRECTION('',(-0.957746133897811,0.,-0.287614921385863));
#3713=DIRECTION('',(0.957746133897811,-5.46148461791149E-15,0.287614921385863));
#3714=DIRECTION('',(5.70109207999576E-15,1.,4.94421280401858E-18));
#3715=DIRECTION('',(0.287614921385866,0.,-0.95774613389781));
#3716=DIRECTION('',(0.287614921385866,0.,-0.95774613389781));
#3717=DIRECTION('',(7.4743810996646E-46,-2.7730778210842E-31,-1.));
#3718=DIRECTION('',(0.,-1.,2.7730778210842E-31));
#3719=DIRECTION('',(1.,2.37286067685799E-18,7.46780097234909E-46));
#3720=DIRECTION('',(-0.591724706770885,-0.80614010655525,2.23548925017482E-31));
#3721=DIRECTION('',(0.,1.,0.));
#3722=DIRECTION('',(0.,0.,-1.));
#3723=DIRECTION('',(-0.248062125979856,0.,0.968744125997342));
#3724=DIRECTION('',(1.02042557406991E-16,0.,-1.));
#3725=DIRECTION('',(-1.,0.,-1.02042557406991E-16));
#3726=DIRECTION('',(-0.826349921783271,-0.563157000106349,-8.43228593318318E-17));
#3727=DIRECTION('',(-1.,0.,-4.31517525951415E-17));
#3728=DIRECTION('',(-4.31517525951415E-17,0.,1.));
#3729=DIRECTION('',(1.,0.,4.31517525951415E-17));
#3730=DIRECTION('',(0.,-1.,0.));
#3731=DIRECTION('',(-1.,0.,-1.02042557406991E-16));
#3732=DIRECTION('',(-1.02042557406991E-16,0.,1.));
#3733=DIRECTION('',(1.,0.,1.02042557406991E-16));
#3734=DIRECTION('',(-1.02042557406991E-16,0.,1.));
#3735=DIRECTION('',(0.,-1.,0.));
#3736=DIRECTION('',(0.957673574800937,0.,0.287856429714527));
#3737=DIRECTION('',(0.,1.,0.));
#3738=DIRECTION('',(0.,0.,1.));
#3739=DIRECTION('',(-0.248062125979856,0.,0.968744125997342));
#3740=DIRECTION('',(-0.248062125979855,0.,0.968744125997342));
#3741=DIRECTION('',(-0.642787609686539,0.,-0.766044443118978));
#3742=DIRECTION('',(-7.53603280552657E-46,2.7730778210842E-31,1.));
#3743=DIRECTION('',(1.,0.,1.02042557406991E-16));
#3744=DIRECTION('',(0.395750376313323,0.,-0.918358121675778));
#3745=DIRECTION('',(0.80614010655525,-0.591724706770885,1.6408986605339E-31));
#3746=DIRECTION('',(-0.591724706770885,-0.80614010655525,0.));
#3747=DIRECTION('',(-0.591724706770885,-0.80614010655525,2.23548925017482E-31));
#3748=DIRECTION('',(9.89792712303482E-15,0.,1.));
#3749=DIRECTION('',(1.,0.,-9.89792712303482E-15));
#3750=DIRECTION('',(5.30626610826489E-13,0.,-1.));
#3751=DIRECTION('',(-1.,0.,-5.30626610826489E-13));
#3752=DIRECTION('',(1.,0.,5.30626610826489E-13));
#3753=DIRECTION('',(0.,-1.,0.));
#3754=DIRECTION('',(1.,0.,5.36959365859957E-13));
#3755=DIRECTION('',(0.,-1.,0.));
#3756=DIRECTION('',(-0.0871557427476582,0.,-0.996194698091746));
#3757=DIRECTION('',(-0.996194698091746,0.,0.0871557427476582));
#3758=DIRECTION('',(0.,-1.,0.));
#3759=DIRECTION('',(-0.996194698091746,0.,0.0871557427476582));
#3760=DIRECTION('',(0.,-1.,0.));
#3761=DIRECTION('',(0.,1.,0.));
#3762=DIRECTION('',(0.,0.,-1.));
#3763=DIRECTION('',(0.,1.,0.));
#3764=DIRECTION('',(0.,0.,1.));
#3765=DIRECTION('',(0.996194698091745,0.,-0.0871557427476582));
#3766=DIRECTION('',(-5.3314859336302E-13,0.,1.));
#3767=DIRECTION('',(-0.287614921385865,1.63498384970334E-15,0.95774613389781));
#3768=DIRECTION('',(0.95774613389781,0.,0.287614921385865));
#3769=DIRECTION('',(5.70109207999576E-15,1.,4.94421280401858E-18));
#3770=DIRECTION('',(-0.95774613389781,5.46148461791148E-15,-0.287614921385865));
#3771=DIRECTION('',(-5.70255687203639E-15,-1.,4.07418409305384E-19));
#3772=DIRECTION('',(-1.,5.70255687203639E-15,0.));
#3773=DIRECTION('',(0.287614921385864,-1.64053064985556E-15,-0.957746133897811));
#3774=DIRECTION('',(-0.957746133897811,5.46162092798832E-15,-0.287614921385864));
#3775=DIRECTION('',(-0.287614921385864,0.,0.957746133897811));
#3776=DIRECTION('',(5.7036704846371E-15,1.,-3.27909531494965E-18));
#3777=DIRECTION('',(1.,-5.7036704846371E-15,0.));
#3778=DIRECTION('',(5.7036704846371E-15,1.,-3.27909531494965E-18));
#3779=DIRECTION('',(5.7036704846371E-15,1.,-3.27909531494965E-18));
#3780=DIRECTION('',(0.997913353296641,0.,-0.064567323874024));
#3781=DIRECTION('',(-0.064567323874024,0.,-0.997913353296641));
#3782=DIRECTION('',(0.064567323874024,0.,0.997913353296641));
#3783=DIRECTION('',(0.,-1.,0.));
#3784=DIRECTION('',(0.064567323874024,0.,0.997913353296641));
#3785=DIRECTION('',(-0.705631299152661,-0.707106781186548,0.0456559925543904));
#3786=DIRECTION('',(0.064567323874024,0.,0.997913353296641));
#3787=DIRECTION('',(-0.55236829909713,0.58928484097501,0.589603797774065));
#3788=DIRECTION('',(-0.064567323874024,0.,-0.997913353296641));
#3789=DIRECTION('',(0.664556448021972,-0.682773658277184,-0.303619595802397));
#3790=DIRECTION('',(-0.496435725163199,-0.70710678118655,0.503539045935551));
#3791=DIRECTION('',(0.712111747946468,0.,0.702066135372321));
#3792=DIRECTION('',(-0.712111747946468,0.,-0.702066135372321));
#3793=DIRECTION('',(-0.739871502445147,0.648051676475275,0.180607819562571));
#3794=DIRECTION('',(-0.67260922453509,-0.70710678118655,-0.218166979789111));
#3795=DIRECTION('',(0.72456038631241,-0.689211322155122,0.));
#3796=DIRECTION('',(-0.308534701679739,0.,0.951213087514777));
#3797=DIRECTION('',(-0.535162303813902,0.668423309637717,-0.516538079631655));
#3798=DIRECTION('',(-0.241844762647972,-0.707106781186546,-0.664463024388677));
#3799=DIRECTION('',(-0.93969262078591,0.,0.342020143325663));
#3800=DIRECTION('',(0.93969262078591,0.,-0.342020143325663));
#3801=DIRECTION('',(0.53500175532216,-0.668469049282116,0.516645189616696));
#3802=DIRECTION('',(-0.67249851196396,-0.707106781186545,-0.218508012224409));
#3803=DIRECTION('',(-0.309016994374945,0.,0.951056516295155));
#3804=DIRECTION('',(0.309016994374945,0.,-0.951056516295155));
#3805=DIRECTION('',(0.736493246672268,-0.668496514558872,-0.103392976689823));
#3806=DIRECTION('',(-0.586338522735107,-0.70710678118655,0.395230485611636));
#3807=DIRECTION('',(0.558940313015282,0.,0.829207890993796));
#3808=DIRECTION('',(-0.558940313015282,0.,-0.829207890993796));
#3809=DIRECTION('',(-0.736426338491808,0.66854220402611,0.103573980378574));
#3810=DIRECTION('',(0.672609224535092,0.707106781186546,0.218166979789115));
#3811=DIRECTION('',(-0.308534701679743,0.,0.951213087514776));
#3812=DIRECTION('',(0.308534701679743,0.,-0.951213087514776));
#3813=DIRECTION('',(0.457159077569553,-0.628890124662391,0.628890124662391));
#3814=DIRECTION('',(-0.000577257174132965,0.,-0.999999833387064));
#3815=DIRECTION('',(-0.999999833387064,0.,0.000577257174132965));
#3816=DIRECTION('',(0.999999833387064,0.,-0.000577257174132965));
#3817=DIRECTION('',(0.999999833387064,0.,-0.000577257174132965));
#3818=DIRECTION('',(0.,0.707106781186547,0.707106781186547));
#3819=DIRECTION('',(-1.,0.,0.));
#3820=DIRECTION('',(1.,0.,0.));
#3821=DIRECTION('',(0.,1.,0.));
#3822=DIRECTION('',(0.,0.,1.));
#3823=DIRECTION('',(-0.999999833387064,0.,0.000577257174132965));
#3824=DIRECTION('',(0.296255804489448,0.,-0.955108631678256));
#3825=DIRECTION('',(-0.642787609686539,0.,-0.766044443118978));
#3826=DIRECTION('',(-0.766044443118978,0.,0.642787609686539));
#3827=DIRECTION('',(0.642787609686539,0.,0.766044443118978));
#3828=DIRECTION('',(0.,1.,0.));
#3829=DIRECTION('',(0.,0.,-1.));
#3830=DIRECTION('',(0.394709859327591,0.,-0.918805815692083));
#3831=DIRECTION('',(-0.349988417968554,0.,0.936754027099894));
#3832=DIRECTION('',(-0.349988417968554,0.,0.936754027099894));
#3833=DIRECTION('',(0.580856184781397,-0.814005690366396,0.000910303425149933));
#3834=DIRECTION('',(0.768225369688309,0.54855743973996,0.330021994226448));
#3835=DIRECTION('',(0.581115454130782,-0.813821128363214,0.));
#3836=DIRECTION('',(0.580856184781397,-0.814005690366396,0.000910303425149933));
#3837=DIRECTION('',(0.394709859327591,1.85330218316709E-18,-0.918805815692083));
#3838=DIRECTION('',(0.580856184781397,-0.814005690366396,0.000910303425149933));
#3839=DIRECTION('',(-0.363803437426535,-0.707106781186542,0.606339062667617));
#3840=DIRECTION('',(0.,0.650944554951626,0.759125277130744));
#3841=DIRECTION('',(0.857492925821128,0.,0.514495755246554));
#3842=DIRECTION('',(0.486495478512269,-0.699347376789207,-0.523674895297812));
#3843=DIRECTION('',(-0.857492925821128,-7.85046229341893E-17,-0.514495755246554));
#3844=DIRECTION('',(-0.363803437426531,0.707106781186553,0.606339062667607));
#3845=DIRECTION('',(-0.514495755246554,0.,0.857492925821128));
#3846=DIRECTION('',(0.857492925821128,0.,0.514495755246554));
#3847=DIRECTION('',(0.,1.,0.));
#3848=DIRECTION('',(0.659879190921774,-0.638592872461193,0.395927514363662));
#3849=DIRECTION('',(0.,1.,0.));
#3850=DIRECTION('',(0.,0.,1.));
#3851=DIRECTION('',(0.,1.,0.));
#3852=DIRECTION('',(0.,0.,1.));
#3853=DIRECTION('',(5.70172896883164E-15,1.,1.91744027541334E-18));
#3854=DIRECTION('',(1.,-5.70172896883164E-15,0.));
#3855=DIRECTION('',(5.61107688064046E-15,1.,2.44550954410264E-16));
#3856=DIRECTION('',(-0.349987654576154,1.73472347597681E-15,0.936754312316887));
#3857=DIRECTION('',(-0.349987654576154,1.9937385783837E-15,0.936754312316887));
#3858=DIRECTION('',(-5.70172896883164E-15,-1.,-1.91744027541334E-18));
#3859=DIRECTION('',(0.349987654576154,-1.9937385783837E-15,-0.936754312316886));
#3860=DIRECTION('',(0.349987654576154,-1.9937385783837E-15,-0.936754312316887));
#3861=DIRECTION('',(-5.70172896883164E-15,-1.,-1.91744027541334E-18));
#3862=DIRECTION('',(-0.349987654576154,1.99373857838369E-15,0.936754312316887));
#3863=DIRECTION('',(0.936754312316886,-5.34179027963994E-15,0.349987654576154));
#3864=DIRECTION('',(0.349987654576154,0.,-0.936754312316887));
#3865=DIRECTION('',(5.7036704846371E-15,1.,-3.27909531494965E-18));
#3866=DIRECTION('',(5.7036704846371E-15,1.,-3.27909531494965E-18));
#3867=DIRECTION('',(0.349987654576154,-1.9937385783837E-15,-0.936754312316887));
#3868=DIRECTION('',(0.,1.,0.));
#3869=DIRECTION('',(0.,0.,-1.));
#3870=DIRECTION('',(0.514495755246554,0.,-0.857492925821128));
#3871=DIRECTION('',(-0.239523566119715,0.,-0.970890550614895));
#3872=DIRECTION('',(-0.349987654576155,0.,0.936754312316886));
#3873=DIRECTION('',(0.,-1.,0.));
#3874=DIRECTION('',(0.,0.,-1.));
#3875=DIRECTION('',(0.,-1.,0.));
#3876=DIRECTION('',(0.,0.,-1.));
#3877=DIRECTION('',(0.,-1.,0.));
#3878=DIRECTION('',(0.,0.,-1.));
#3879=DIRECTION('',(-0.258819045102828,0.,0.965925826288986));
#3880=DIRECTION('',(0.,-1.,0.));
#3881=DIRECTION('',(0.,0.,-1.));
#3882=DIRECTION('',(-0.436525871199071,-0.879931088137008,-0.187527181773501));
#3883=DIRECTION('',(-0.394709859327591,0.,0.918805815692083));
#3884=DIRECTION('',(-0.394709859327591,0.,0.918805815692083));
#3885=DIRECTION('',(-0.857492925821128,0.,-0.514495755246554));
#3886=DIRECTION('',(-0.514495755246554,0.,0.857492925821128));
#3887=DIRECTION('',(-0.514495755246554,0.,0.857492925821128));
#3888=DIRECTION('',(0.,-1.,0.));
#3889=DIRECTION('',(-0.514495755246554,3.1540426835942E-16,0.857492925821128));
#3890=DIRECTION('',(-0.396927298972009,0.636243878248503,0.66154549860315));
#3891=DIRECTION('',(-1.62274157257567E-16,-1.,2.70456928891992E-16));
#3892=DIRECTION('',(0.,2.70456928891992E-16,1.));
#3893=DIRECTION('',(1.62274157257567E-16,1.,-2.70456928891992E-16));
#3894=DIRECTION('',(0.,2.70456928891992E-16,1.));
#3895=DIRECTION('',(-0.239523566119715,-2.23715591774156E-16,-0.970890550614895));
#3896=DIRECTION('',(0.738027398140357,0.64974166595674,-0.182075059011209));
#3897=DIRECTION('',(0.660786961385324,-0.750573508500766,0.));
#3898=DIRECTION('',(-0.738027398140357,-0.64974166595674,0.182075059011209));
#3899=DIRECTION('',(0.630828043818179,-0.760155094385192,-0.155628440886523));
#3900=DIRECTION('',(0.,1.,0.));
#3901=DIRECTION('',(0.,0.,-1.));
#3902=DIRECTION('',(-0.683012701892162,-0.707106781186546,-0.183012701892437));
#3903=DIRECTION('',(-0.68301270189216,0.707106781186549,-0.183012701892436));
#3904=DIRECTION('',(0.,1.,0.));
#3905=DIRECTION('',(0.258819045102828,-1.47590146224839E-15,-0.965925826288986));
#3906=DIRECTION('',(-0.965925826288986,0.,-0.258819045102828));
#3907=DIRECTION('',(0.258819045102828,-1.47590146224839E-15,-0.965925826288986));
#3908=DIRECTION('',(0.965925826288986,0.,0.258819045102828));
#3909=DIRECTION('',(0.258819045102828,0.,-0.965925826288986));
#3910=DIRECTION('',(0.258819045102828,0.,-0.965925826288986));
#3911=DIRECTION('',(0.683012701892162,0.707106781186546,0.183012701892437));
#3912=DIRECTION('',(0.258819045102828,0.,-0.965925826288986));
#3913=DIRECTION('',(-0.683012701892162,-0.707106781186546,-0.183012701892437));
#3914=DIRECTION('',(0.68301270189216,-0.707106781186549,0.183012701892436));
#3915=DIRECTION('',(0.,-1.,0.));
#3916=DIRECTION('',(0.,0.,1.));
#3917=DIRECTION('',(0.,1.,0.));
#3918=DIRECTION('',(0.,0.,1.));
#3919=DIRECTION('',(0.,1.,0.));
#3920=DIRECTION('',(0.,0.,1.));
#3921=DIRECTION('',(5.7036704846371E-15,1.,-3.27909531494965E-18));
#3922=DIRECTION('',(1.,-5.7036704846371E-15,0.));
#3923=DIRECTION('',(5.7036704846371E-15,1.,-3.27909531494965E-18));
#3924=DIRECTION('',(-5.70172896883164E-15,-1.,-1.91744027541334E-18));
#3925=DIRECTION('',(1.,-5.70172896883164E-15,0.));
#3926=DIRECTION('',(-0.936754312316886,5.34179027963994E-15,-0.349987654576154));
#3927=DIRECTION('',(-0.349987654576154,0.,0.936754312316887));
#3928=DIRECTION('',(5.7036704846371E-15,1.,-3.27909531494965E-18));
#3929=DIRECTION('',(5.7036704846371E-15,1.,-3.27909531494965E-18));
#3930=DIRECTION('',(1.,-5.7036704846371E-15,0.));
#3931=DIRECTION('',(-5.70172896883164E-15,-1.,-1.91744027541334E-18));
#3932=DIRECTION('',(1.,-5.70172896883164E-15,0.));
#3933=DIRECTION('',(5.70172896883164E-15,1.,1.91744027541334E-18));
#3934=DIRECTION('',(1.,-5.70172896883164E-15,0.));
#3935=DIRECTION('',(0.349987654576156,-1.99373857838371E-15,-0.936754312316886));
#3936=DIRECTION('',(0.664714345607932,0.704611743732495,0.248348805789906));
#3937=DIRECTION('',(0.727400719510357,-0.686212935797493,0.));
#3938=DIRECTION('',(-0.660048089450535,0.709593045762325,-0.246605411575751));
#3939=DIRECTION('',(0.660048089450535,-0.709593045762325,0.246605411575751));
#3940=DIRECTION('',(0.349987654576153,-1.99928596207015E-15,-0.936754312316887));
#3941=DIRECTION('',(-0.936754312316887,0.,-0.349987654576153));
#3942=DIRECTION('',(1.02042557406991E-16,0.,-1.));
#3943=DIRECTION('',(-1.,0.,-1.02042557406991E-16));
#3944=DIRECTION('',(-0.999998771983161,0.,-0.00156717330576923));
#3945=DIRECTION('',(-0.00156717330576923,0.,0.999998771983161));
#3946=DIRECTION('',(0.00111034581930858,0.705708549113378,-0.708501383795722));
#3947=DIRECTION('',(0.00156717330577105,0.,-0.999998771983161));
#3948=DIRECTION('',(0.,1.,0.));
#3949=DIRECTION('',(0.,0.,-1.));
#3950=DIRECTION('',(0.,1.,0.));
#3951=DIRECTION('',(0.,0.,1.));
#3952=DIRECTION('',(0.996194698091746,0.,-0.0871557427476582));
#3953=DIRECTION('',(0.,1.,0.));
#3954=DIRECTION('',(0.,0.,1.));
#3955=DIRECTION('',(0.514495755246554,0.,-0.857492925821128));
#3956=DIRECTION('',(0.,1.,0.));
#3957=DIRECTION('',(0.,0.,1.));
#3958=DIRECTION('',(0.,-1.,0.));
#3959=DIRECTION('',(0.,0.,1.));
#3960=DIRECTION('',(0.,1.,0.));
#3961=DIRECTION('',(0.,0.,1.));
#3962=DIRECTION('',(0.,1.,0.));
#3963=DIRECTION('',(0.,0.,-1.));
#3964=DIRECTION('',(0.,1.,0.));
#3965=DIRECTION('',(0.,0.,1.));
#3966=DIRECTION('',(0.,-1.,0.));
#3967=DIRECTION('',(-1.,0.,0.));
#3968=DIRECTION('',(0.,0.,1.));
#3969=DIRECTION('',(0.,0.777145961163351,-0.629320391412428));
#3970=DIRECTION('',(-0.349987654576154,1.99928596207015E-15,0.936754312316886));
#3971=DIRECTION('',(0.936754312316886,0.,0.349987654576154));
#3972=DIRECTION('',(7.93019613556223E-17,-0.629320391412427,-0.777145961163351));
#3973=DIRECTION('',(1.,0.,1.02042557406991E-16));
#3974=DIRECTION('',(-0.169857132781499,-0.765853018387458,0.620175546656));
#3975=DIRECTION('',(0.606339062667605,0.707106781186556,0.363803437426528));
#3976=DIRECTION('',(-0.514495755246554,0.,0.857492925821128));
#3977=DIRECTION('',(-0.606339062667626,0.70710678118654,-0.363803437426525));
#3978=DIRECTION('',(0.,-1.,0.));
#3979=DIRECTION('',(0.,0.,-1.));
#3980=DIRECTION('',(-0.0616284167162106,0.707106781186542,-0.704416026402765));
#3981=DIRECTION('',(0.0616284167162196,0.707106781186546,0.70441602640276));
#3982=DIRECTION('',(-0.996194698091746,0.,0.0871557427476582));
#3983=DIRECTION('',(-0.0616284167162114,0.70710678118655,-0.704416026402757));
#3984=DIRECTION('',(0.,1.,0.));
#3985=DIRECTION('',(0.,0.,1.));
#3986=DIRECTION('',(0.000408182462317997,-0.707106781186558,0.7071066633734));
#3987=DIRECTION('',(0.999999833387064,0.,-0.000577257174132965));
#3988=DIRECTION('',(0.,-1.,0.));
#3989=DIRECTION('',(0.,0.,-1.));
#3990=DIRECTION('',(0.00110815887225593,0.707106780899407,-0.707105913134653));
#3991=DIRECTION('',(-0.999998771983161,0.,-0.00156717330577201));
#3992=DIRECTION('',(0.,1.,0.));
#3993=DIRECTION('',(0.,0.,1.));
#3994=DIRECTION('',(-5.691669190106E-15,-1.,-2.88427931528299E-17));
#3995=DIRECTION('',(1.,-5.691669190106E-15,0.));
#3996=DIRECTION('',(0.,-1.,0.));
#3997=DIRECTION('',(0.,0.,-1.));
#3998=DIRECTION('',(0.,1.,0.));
#3999=DIRECTION('',(0.,0.,1.));
#4000=DIRECTION('',(0.,-1.,0.));
#4001=DIRECTION('',(1.,0.,1.15009148103252E-16));
#4002=DIRECTION('',(0.,-1.,0.));
#4003=DIRECTION('',(0.,0.,-1.));
#4004=DIRECTION('',(0.557391306887935,-0.817889616505769,0.142728785526273));
#4005=DIRECTION('',(0.826349921783271,0.563157000106348,0.));
#4006=DIRECTION('',(0.826349921783271,0.563157000106349,7.05016411025725E-17));
#4007=DIRECTION('',(0.425666401139228,-0.624602725742097,-0.65473624455709));
#4008=DIRECTION('',(-0.826349921783271,-0.563157000106348,-8.26050756786503E-17));
#4009=DIRECTION('',(2.08166817117204E-17,8.77283201440582E-16,1.));
#4010=DIRECTION('',(1.,2.31972022735771E-15,-2.08166817117224E-17));
#4011=CARTESIAN_POINT('',(0.,0.,0.));
#4012=CARTESIAN_POINT('',(137.884264292991,16.,-41.9775919781714));
#4013=CARTESIAN_POINT('',(140.863529259057,16.,-46.1654271403973));
#4014=CARTESIAN_POINT('',(143.471579533681,16.,-50.6162895764827));
#4015=CARTESIAN_POINT('',(145.669788103935,16.,-55.2616348400269));
#4016=CARTESIAN_POINT('',(142.176356453798,14.,-41.9708655176509));
#4017=CARTESIAN_POINT('',(145.155621419864,14.,-46.1587006798768));
#4018=CARTESIAN_POINT('',(147.763671694488,14.,-50.6095631159621));
#4019=CARTESIAN_POINT('',(149.961880264742,14.,-55.2549083795064));
#4020=CARTESIAN_POINT('',(145.39665475813,16.,-54.6898126428203));
#4021=CARTESIAN_POINT('',(146.095995534185,15.5967947676172,-54.3442323706683));
#4022=CARTESIAN_POINT('',(147.664778142951,14.7973324355227,-54.0448287440683));
#4023=CARTESIAN_POINT('',(149.249822608837,14.1951932758412,-54.6376092735586));
#4024=CARTESIAN_POINT('',(149.922504772746,14.0000000000048,-55.1718116386957));
#4025=CARTESIAN_POINT('',(145.39665475813,16.,-54.6898126428203));
#4026=CARTESIAN_POINT('',(149.922504772745,14.,-55.1718116386944));
#4027=CARTESIAN_POINT('',(137.884264292992,16.,-41.9775919781714));
#4028=CARTESIAN_POINT('',(141.436196073668,16.,-46.9704022772366));
#4029=CARTESIAN_POINT('',(144.46048977803,16.,-52.3370749473518));
#4030=CARTESIAN_POINT('',(146.891688181494,16.,-57.9614547691631));
#4031=CARTESIAN_POINT('',(137.884264292991,16.,-41.9775919781714));
#4032=CARTESIAN_POINT('',(142.176356453798,14.,-41.9708655176509));
#4033=CARTESIAN_POINT('',(142.176356453798,14.,-41.9708655176509));
#4034=CARTESIAN_POINT('',(142.176356453798,14.,-41.9708655176509));
#4035=CARTESIAN_POINT('',(145.728288234474,14.,-46.9636758167163));
#4036=CARTESIAN_POINT('',(148.752581938836,14.,-52.3303484868311));
#4037=CARTESIAN_POINT('',(151.183780342301,14.,-57.9547283086425));
#4038=CARTESIAN_POINT('',(143.083440057486,16.,-18.8841371738065));
#4039=CARTESIAN_POINT('',(147.279464437567,16.,-58.4999999957639));
#4040=CARTESIAN_POINT('',(148.823969290947,16.,-62.4594197400442));
#4041=CARTESIAN_POINT('',(146.891688181494,16.,-57.9614547691631));
#4042=CARTESIAN_POINT('',(154.334940579014,16.,-75.2878615687209));
#4043=CARTESIAN_POINT('',(154.334940579015,16.,-75.2878615687209));
#4044=CARTESIAN_POINT('',(155.406547838978,16.,-77.7823495054285));
#4045=CARTESIAN_POINT('',(156.282839334035,16.,-80.360713829509));
#4046=CARTESIAN_POINT('',(157.623468997344,16.,-85.6224588661053));
#4047=CARTESIAN_POINT('',(158.087793860413,16.,-88.3057873585213));
#4048=CARTESIAN_POINT('',(158.59316576339,16.,-93.7120659274532));
#4049=CARTESIAN_POINT('',(158.634207787875,16.,-96.4349623501837));
#4050=CARTESIAN_POINT('',(158.2920053537,16.,-101.85401634682));
#4051=CARTESIAN_POINT('',(157.90876426609,16.,-104.550120132859));
#4052=CARTESIAN_POINT('',(157.305580223512,16.,-107.255919255089));
#4053=CARTESIAN_POINT('',(157.293022375325,16.,-107.311817832544));
#4054=CARTESIAN_POINT('',(157.280372392674,16.,-107.367695551863));
#4055=CARTESIAN_POINT('',(157.530372967845,16.,-106.201513557686));
#4056=CARTESIAN_POINT('',(143.278134466676,16.,-106.222001897462));
#4057=CARTESIAN_POINT('',(143.342733746899,16.,-106.22190065907));
#4058=CARTESIAN_POINT('',(148.824461702603,16.,-19.2459696772484));
#4059=CARTESIAN_POINT('',(144.060883533651,16.,-94.827364703997));
#4060=CARTESIAN_POINT('',(148.874429553388,16.,-90.0871256941244));
#4061=CARTESIAN_POINT('',(149.314576452791,16.,-89.6536819306143));
#4062=CARTESIAN_POINT('',(144.017732893003,16.,-73.3235028967541));
#4063=CARTESIAN_POINT('',(143.867153619566,16.,-72.8592667028293));
#4064=CARTESIAN_POINT('',(141.021949041606,16.,-71.823696926054));
#4065=CARTESIAN_POINT('',(141.480267755998,16.,-71.9905112958998));
#4066=CARTESIAN_POINT('',(126.025785332488,16.,-24.4265051654986));
#4067=CARTESIAN_POINT('',(134.358162679017,16.,-50.0709257504415));
#4068=CARTESIAN_POINT('',(151.544471572594,16.,-24.5911749920191));
#4069=CARTESIAN_POINT('',(135.787974685096,16.,-47.951142277918));
#4070=CARTESIAN_POINT('',(127.951806802936,16.,-23.7922214016189));
#4071=CARTESIAN_POINT('',(130.305518648886,16.,-31.0487196169495));
#4072=CARTESIAN_POINT('',(143.083440057486,16.,-31.0487196169495));
#4073=CARTESIAN_POINT('',(111.636405660305,16.,-31.0487196169495));
#4074=CARTESIAN_POINT('',(110.648089768143,16.,-27.1885657325373));
#4075=CARTESIAN_POINT('',(109.959735800878,16.,-24.5));
#4076=CARTESIAN_POINT('',(143.083440057486,16.,-24.5));
#4077=CARTESIAN_POINT('',(140.126440008072,15.9999999999989,-24.5000000000026));
#4078=CARTESIAN_POINT('',(137.884264292992,16.,-41.9775919781714));
#4079=CARTESIAN_POINT('',(137.457128180625,16.,-41.3083344006619));
#4080=CARTESIAN_POINT('',(136.74033330417,16.,-39.9186884001098));
#4081=CARTESIAN_POINT('',(136.070676353375,16.,-37.6471270369003));
#4082=CARTESIAN_POINT('',(135.867816733326,16.,-35.6824984966977));
#4083=CARTESIAN_POINT('',(135.928484958771,16.,-34.1258028968396));
#4084=CARTESIAN_POINT('',(136.085484202893,16.,-32.9458926944447));
#4085=CARTESIAN_POINT('',(136.347332214694,16.,-31.8011240538325));
#4086=CARTESIAN_POINT('',(136.654312001543,16.,-30.8688000660778));
#4087=CARTESIAN_POINT('',(136.916478341226,16.,-30.2288256344821));
#4088=CARTESIAN_POINT('',(137.073666610297,16.,-29.8789795133126));
#4089=CARTESIAN_POINT('',(137.212887520964,16.,-29.5889905356633));
#4090=CARTESIAN_POINT('',(137.30108360766,16.,-29.4172064849314));
#4091=CARTESIAN_POINT('',(137.435637715392,16.,-29.1660194038531));
#4092=CARTESIAN_POINT('',(137.583125887067,16.,-28.9007639321468));
#4093=CARTESIAN_POINT('',(137.779861106047,16.,-28.5577094682026));
#4094=CARTESIAN_POINT('',(137.914015395982,16.,-28.3264437787418));
#4095=CARTESIAN_POINT('',(138.114716752797,16.,-27.979096275817));
#4096=CARTESIAN_POINT('',(138.455773191404,16.,-27.3894065632651));
#4097=CARTESIAN_POINT('',(138.948317486624,16.,-26.5374880834278));
#4098=CARTESIAN_POINT('',(139.537078599014,16.,-25.5192801989057));
#4099=CARTESIAN_POINT('',(139.930022586678,16.,-24.8396950775514));
#4100=CARTESIAN_POINT('',(140.126440008084,16.,-24.5));
#4101=CARTESIAN_POINT('',(151.183780342301,14.,-57.9547283086426));
#4102=CARTESIAN_POINT('',(147.279464437567,15.9271603095364,-58.4999999957639));
#4103=CARTESIAN_POINT('',(151.522500299101,14.,-58.743200800131));
#4104=CARTESIAN_POINT('',(151.183780342301,14.,-57.9547283086426));
#4105=CARTESIAN_POINT('',(158.627032739821,14.,-75.2811351082003));
#4106=CARTESIAN_POINT('',(158.627032739821,14.,-75.2811351082003));
#4107=CARTESIAN_POINT('',(112.963587489721,12.8116515749497,-9.49999999999999));
#4108=CARTESIAN_POINT('',(102.197448659061,14.0551976641507,-15.3504243737793));
#4109=CARTESIAN_POINT('',(99.1179126493193,12.9017841926562,-9.97851165616848));
#4110=CARTESIAN_POINT('',(101.248343813502,13.70000000022,-13.6793507481999));
#4111=CARTESIAN_POINT('',(129.963587490289,12.9156074204783,-9.98907380093047));
#4112=CARTESIAN_POINT('',(129.963587490289,12.9156074204783,-9.98907380093047));
#4113=CARTESIAN_POINT('',(129.963587490289,12.8116515749497,-9.49999999999999));
#4114=CARTESIAN_POINT('',(129.96358749029,15.0541233005701,-20.0500000000079));
#4115=CARTESIAN_POINT('',(144.975502248395,15.0541233005701,-20.05));
#4116=CARTESIAN_POINT('',(144.725545890928,15.0541068883655,-20.0517738978084));
#4117=CARTESIAN_POINT('',(144.723892320702,15.0548774078062,-20.0535477956167));
#4118=CARTESIAN_POINT('',(143.191408216498,15.3699182718719,-21.5356985304161));
#4119=CARTESIAN_POINT('',(141.658924112276,15.6849591359321,-23.0178492651913));
#4120=CARTESIAN_POINT('',(140.126440008076,15.9999999999988,-24.4999999999955));
#4121=CARTESIAN_POINT('',(111.087669589175,16.5042661199803,-26.872385571249));
#4122=CARTESIAN_POINT('',(107.722952991949,15.,-19.7953698905215));
#4123=CARTESIAN_POINT('',(105.551874253049,13.1975678310845,-11.3155932383491));
#4124=CARTESIAN_POINT('',(106.157067512737,13.7000000000001,-13.6793507481999));
#4125=CARTESIAN_POINT('',(112.963587489721,13.7000000000001,-13.6793507481999));
#4126=CARTESIAN_POINT('',(110.806993295119,16.,-31.8409822806251));
#4127=CARTESIAN_POINT('',(110.806993295119,13.7000000000001,-31.8409822806251));
#4128=CARTESIAN_POINT('',(113.478655362468,13.6999999999982,-42.2759320663116));
#4129=CARTESIAN_POINT('',(114.305891193738,15.,-45.5069411320668));
#4130=CARTESIAN_POINT('',(110.86018032264,15.,-32.0487196169495));
#4131=CARTESIAN_POINT('',(114.305891193738,15.,-45.5069411320668));
#4132=CARTESIAN_POINT('',(114.305891193738,15.,-45.5069411320668));
#4133=CARTESIAN_POINT('',(114.305891193738,16.,-45.5069411320668));
#4134=CARTESIAN_POINT('',(114.305891193738,13.4526365028947,-45.5069411320668));
#4135=CARTESIAN_POINT('',(114.305891193738,13.4526365028946,-45.5069411320668));
#4136=CARTESIAN_POINT('',(114.233363476939,13.460802408242,-45.2236631336555));
#4137=CARTESIAN_POINT('',(114.160835713643,13.4689615951171,-44.9403849536385));
#4138=CARTESIAN_POINT('',(114.088307903599,13.4771140270708,-44.6571065910307));
#4139=CARTESIAN_POINT('',(114.088307903599,13.4771140270708,-44.6571065910307));
#4140=CARTESIAN_POINT('',(114.088307903599,13.4771140270708,-44.6571065910307));
#4141=CARTESIAN_POINT('',(113.883941744564,13.5003379583619,-43.8588953825536));
#4142=CARTESIAN_POINT('',(113.680783144744,13.577252728741,-43.0654006462404));
#4143=CARTESIAN_POINT('',(113.478655362467,13.6999999999974,-42.2759320663119));
#4144=CARTESIAN_POINT('',(124.160941728487,12.,-100.598043522724));
#4145=CARTESIAN_POINT('',(112.963587489721,12.,-9.49999999999999));
#4146=CARTESIAN_POINT('',(129.963587490289,11.9999999999999,-9.49999999999999));
#4147=CARTESIAN_POINT('',(103.310302212852,12.,-9.49999999999999));
#4148=CARTESIAN_POINT('',(103.310302212852,12.,-21.25));
#4149=CARTESIAN_POINT('',(103.310680900591,12.,-21.25));
#4150=CARTESIAN_POINT('',(103.31068090058,12.,-21.25));
#4151=CARTESIAN_POINT('',(105.034410966107,12.,-25.2500000000001));
#4152=CARTESIAN_POINT('',(105.26006321334,12.,-25.25));
#4153=CARTESIAN_POINT('',(105.964477268698,12.,-25.25));
#4154=CARTESIAN_POINT('',(105.964477268698,12.,-33.25));
#4155=CARTESIAN_POINT('',(105.964477268698,12.,-33.25));
#4156=CARTESIAN_POINT('',(120.643731573079,12.,-33.25));
#4157=CARTESIAN_POINT('',(113.689850260723,12.,-33.25));
#4158=CARTESIAN_POINT('',(132.308693495673,11.9999999999999,-95.2499999999999));
#4159=CARTESIAN_POINT('',(132.308693495673,11.9999999999999,-95.2499999999999));
#4160=CARTESIAN_POINT('',(123.560280002039,12.0000000000001,-95.25));
#4161=CARTESIAN_POINT('',(126.223651541957,12.,-95.2499999999999));
#4162=CARTESIAN_POINT('',(126.223651541957,12.,-95.2499999999999));
#4163=CARTESIAN_POINT('',(126.384628016635,12.,-96.2504097180729));
#4164=CARTESIAN_POINT('',(126.697198496603,12.,-98.251900826478));
#4165=CARTESIAN_POINT('',(126.771715185598,12.,-102.249874433963));
#4166=CARTESIAN_POINT('',(126.30968470971,12.,-105.269641955778));
#4167=CARTESIAN_POINT('',(125.796600873734,12.,-107.241364367553));
#4168=CARTESIAN_POINT('',(125.796600873734,11.9999999999999,-107.241364367553));
#4169=CARTESIAN_POINT('',(128.368745698044,11.9999999999999,-107.242849156853));
#4170=CARTESIAN_POINT('',(127.164647063895,12.,-107.242154082162));
#4171=CARTESIAN_POINT('',(101.131418973342,12.0000000000001,-100.463683891048));
#4172=CARTESIAN_POINT('',(127.163317618399,12.,-107.247257866473));
#4173=CARTESIAN_POINT('',(159.593986988601,12.0000000000001,-107.196433324734));
#4174=CARTESIAN_POINT('',(157.006882922949,11.9999999999997,-107.200487770144));
#4175=CARTESIAN_POINT('',(133.506419619549,11.9999999999999,-19.4955647205574));
#4176=CARTESIAN_POINT('',(156.439967482302,12.0000000000001,-105.084730542054));
#4177=CARTESIAN_POINT('',(155.286545225489,12.0000000000001,-84.2459014860656));
#4178=CARTESIAN_POINT('',(160.606244345085,11.9999999999997,-104.427278560096));
#4179=CARTESIAN_POINT('',(160.606244345085,11.9999999999997,-104.427278560096));
#4180=CARTESIAN_POINT('',(160.668446624638,11.9999999999997,-103.132331951403));
#4181=CARTESIAN_POINT('',(160.789250250712,11.9999999999999,-100.542947645664));
#4182=CARTESIAN_POINT('',(161.059664967188,11.9999999999998,-95.3601077410194));
#4183=CARTESIAN_POINT('',(160.67075363916,11.9999999999998,-91.4809704147392));
#4184=CARTESIAN_POINT('',(160.181464718902,11.9999999999998,-88.9324482362737));
#4185=CARTESIAN_POINT('',(160.181464718902,11.9999999999997,-88.9324482362737));
#4186=CARTESIAN_POINT('',(160.180960639426,11.9999999999996,-88.9325450324291));
#4187=CARTESIAN_POINT('',(159.543961694751,11.9999999999996,-85.6152842085428));
#4188=CARTESIAN_POINT('',(158.505882231407,11.9999999999998,-82.3878091207866));
#4189=CARTESIAN_POINT('',(157.089584558185,11.9999999999998,-79.3212005820201));
#4190=CARTESIAN_POINT('',(157.089584558186,11.9999999999997,-79.3212005820202));
#4191=CARTESIAN_POINT('',(158.479761565196,11.9999999999997,-83.0420584156417));
#4192=CARTESIAN_POINT('',(150.760246106861,11.9999999999998,-62.3805027863473));
#4193=CARTESIAN_POINT('',(149.279402710447,11.9999999999998,-62.9337715573484));
#4194=CARTESIAN_POINT('',(149.279402710447,11.9999999999998,-62.9337715573484));
#4195=CARTESIAN_POINT('',(147.529464437566,11.9999999999998,-58.249999995764));
#4196=CARTESIAN_POINT('',(145.779526164686,11.9999999999998,-53.5662284341795));
#4197=CARTESIAN_POINT('',(152.841439669313,11.9999999999998,-50.927775093953));
#4198=CARTESIAN_POINT('',(147.2603695611,11.9999999999998,-53.0129596631784));
#4199=CARTESIAN_POINT('',(158.479761565196,11.9999999999997,-83.0420584156417));
#4200=CARTESIAN_POINT('',(147.1531359943,11.9999999999998,-52.7259452362088));
#4201=CARTESIAN_POINT('',(147.1531359943,11.9999999999998,-52.7259452362088));
#4202=CARTESIAN_POINT('',(146.75592442725,11.9999999999998,-51.4764043815656));
#4203=CARTESIAN_POINT('',(145.964000525952,11.9999999999998,-48.9766081196208));
#4204=CARTESIAN_POINT('',(144.961599485313,11.9999999999998,-45.8554355554827));
#4205=CARTESIAN_POINT('',(144.185920596946,11.9999999999998,-43.3509947013405));
#4206=CARTESIAN_POINT('',(143.511433081494,11.9999999999998,-40.8176223429224));
#4207=CARTESIAN_POINT('',(143.078262192741,11.9999999999998,-38.8968090057908));
#4208=CARTESIAN_POINT('',(142.829846348006,11.9999999999998,-37.6047261443299));
#4209=CARTESIAN_POINT('',(142.829846348006,11.9999999999998,-37.6047261443298));
#4210=CARTESIAN_POINT('',(147.889757243419,11.9999999999998,-17.094762323672));
#4211=CARTESIAN_POINT('',(147.896114389103,12.,-17.0689941173392));
#4212=CARTESIAN_POINT('',(147.79481438031,12.,-18.0638500406861));
#4213=CARTESIAN_POINT('',(147.881970123057,12.,-17.0676553425944));
#4214=CARTESIAN_POINT('',(129.963587490289,12.0000000000001,-15.4999999935073));
#4215=CARTESIAN_POINT('',(130.876431747541,12.0000000000001,-15.5798635175817));
#4216=CARTESIAN_POINT('',(130.963587490289,11.9999999999999,-14.5836688194899));
#4217=CARTESIAN_POINT('',(129.963587490289,11.9999999999999,-14.5836688194899));
#4218=CARTESIAN_POINT('',(129.963587490289,11.9999999999999,-25.));
#4219=CARTESIAN_POINT('',(132.510199285885,11.9999999999999,-28.2167388757474));
#4220=CARTESIAN_POINT('',(132.510199285885,11.9999999999999,-28.2167388757474));
#4221=CARTESIAN_POINT('',(148.329019962108,11.9999999999998,-80.892776240127));
#4222=CARTESIAN_POINT('',(148.329019962108,11.9999999999998,-80.892776240127));
#4223=CARTESIAN_POINT('',(134.920574087538,11.9999999999999,-84.919385139529));
#4224=CARTESIAN_POINT('',(134.920574087538,11.9999999999999,-84.919385139529));
#4225=CARTESIAN_POINT('',(119.101753411316,12.,-32.2433477751495));
#4226=CARTESIAN_POINT('',(119.101753411316,12.,-32.2433477751495));
#4227=CARTESIAN_POINT('',(110.648089768143,16.,-27.1885657325373));
#4228=CARTESIAN_POINT('',(110.648089768143,16.,-27.1885657325373));
#4229=CARTESIAN_POINT('',(115.096815899917,16.,-44.564353772007));
#4230=CARTESIAN_POINT('',(112.148466019429,16.,-33.0487196169495));
#4231=CARTESIAN_POINT('',(104.553168128573,2.66921428932785,-57.129783882553));
#4232=CARTESIAN_POINT('',(109.405139597017,13.8705605214359,-30.9192801383854));
#4233=CARTESIAN_POINT('',(108.836914884763,-6.07153216591882E-15,-56.9387457026332));
#4234=CARTESIAN_POINT('',(110.54869858838,0.,-61.9283837157311));
#4235=CARTESIAN_POINT('',(110.54869858838,1.20280126964339,-61.9283837157311));
#4236=CARTESIAN_POINT('',(110.629798575578,3.54913057083376,-61.0360386609656));
#4237=CARTESIAN_POINT('',(110.507787262207,4.86643650141981,-58.9145369058917));
#4238=CARTESIAN_POINT('',(110.263296937998,5.12616022636416,-57.7654346867497));
#4239=CARTESIAN_POINT('',(110.54869858838,0.,-61.9283837157311));
#4240=CARTESIAN_POINT('',(110.263296937998,5.12616022636416,-57.7654346867497));
#4241=CARTESIAN_POINT('',(109.64021346914,5.24999999999999,-56.7482056888223));
#4242=CARTESIAN_POINT('',(109.874295781387,5.25,-57.0705664586563));
#4243=CARTESIAN_POINT('',(110.085334273769,5.21075281375546,-57.4144935386447));
#4244=CARTESIAN_POINT('',(110.263296937998,5.12616022636412,-57.7654346867497));
#4245=CARTESIAN_POINT('',(109.64021346914,5.25,-56.7482056888223));
#4246=CARTESIAN_POINT('',(109.420059339724,5.25,-56.8004255877183));
#4247=CARTESIAN_POINT('',(109.199905210308,5.25,-56.8526454866143));
#4248=CARTESIAN_POINT('',(109.885915890384,1.24032666963705E-15,-62.0855937829291));
#4249=CARTESIAN_POINT('',(109.886867718641,0.692352112196191,-62.0853680121226));
#4250=CARTESIAN_POINT('',(109.983957694464,2.08434514467127,-61.7708578419106));
#4251=CARTESIAN_POINT('',(110.216463385755,3.80219129169107,-60.5282573603623));
#4252=CARTESIAN_POINT('',(110.138933880034,4.98468922452075,-58.7466123791198));
#4253=CARTESIAN_POINT('',(109.586214172983,5.25,-57.4347320523377));
#4254=CARTESIAN_POINT('',(109.199905210308,5.24999999999999,-56.8526454866143));
#4255=CARTESIAN_POINT('',(109.885915890384,3.38270909901012E-16,-62.0855937829291));
#4256=CARTESIAN_POINT('',(110.04857993347,0.,-62.0470103600039));
#4257=CARTESIAN_POINT('',(79.7325806280229,5.25,-38.549728836454));
#4258=CARTESIAN_POINT('',(107.134139460953,5.25,-54.0539020248066));
#4259=CARTESIAN_POINT('',(108.078814380904,5.25,-54.8503234360471));
#4260=CARTESIAN_POINT('',(108.914202207713,5.25,-55.748396916878));
#4261=CARTESIAN_POINT('',(109.64021346914,5.25,-56.7482056888223));
#4262=CARTESIAN_POINT('',(107.134139460953,5.25,-54.0539020248066));
#4263=CARTESIAN_POINT('',(114.305891193738,5.25,-45.5069411320668));
#4264=CARTESIAN_POINT('',(106.893576138538,5.25,-54.3405942285418));
#4265=CARTESIAN_POINT('',(106.893576138538,5.25,-54.3405942285418));
#4266=CARTESIAN_POINT('',(107.79475596101,5.25,-55.0563842457979));
#4267=CARTESIAN_POINT('',(108.563519792647,5.25,-55.8937461650012));
#4268=CARTESIAN_POINT('',(109.199905210308,5.25,-56.8526454866143));
#4269=CARTESIAN_POINT('',(106.146228690419,-1.33940881255746E-9,-55.1563423817142));
#4270=CARTESIAN_POINT('',(106.532805253141,-1.33940881255746E-9,-55.458438073056));
#4271=CARTESIAN_POINT('',(106.89674732876,-1.33940881255746E-9,-55.7895000700371));
#4272=CARTESIAN_POINT('',(107.724584629447,-1.33940881255746E-9,-56.6648655469445));
#4273=CARTESIAN_POINT('',(108.158319694832,-1.33940881255746E-9,-57.2374186159907));
#4274=CARTESIAN_POINT('',(109.258168376739,-1.33940881255746E-9,-59.0758197136997));
#4275=CARTESIAN_POINT('',(109.719092253773,-1.33940881255746E-9,-60.4625553969834));
#4276=CARTESIAN_POINT('',(109.86519448674,-1.33940881255746E-9,-61.8839938525764));
#4277=CARTESIAN_POINT('',(109.873749243091,-1.33940881255746E-9,-61.9672236527533));
#4278=CARTESIAN_POINT('',(109.882303999441,-1.33940881255746E-9,-62.0504534529301));
#4279=CARTESIAN_POINT('',(109.890858755792,-1.33940881255746E-9,-62.1336832531069));
#4280=CARTESIAN_POINT('',(106.147464829919,1.72706299291543,-55.1542461129863));
#4281=CARTESIAN_POINT('',(106.534146217686,1.72706299291543,-55.4564036276391));
#4282=CARTESIAN_POINT('',(106.898188486314,1.72706299291543,-55.7875353024523));
#4283=CARTESIAN_POINT('',(107.726257637401,1.72706299291543,-56.6630893548399));
#4284=CARTESIAN_POINT('',(108.16011785412,1.72706299291543,-57.2357692426468));
#4285=CARTESIAN_POINT('',(109.260296364125,1.72706299291543,-59.074586990341));
#4286=CARTESIAN_POINT('',(109.721378353954,1.72706299291543,-60.4616488581069));
#4287=CARTESIAN_POINT('',(109.867562391196,1.72706299291543,-61.8834321927446));
#4288=CARTESIAN_POINT('',(109.876121937451,1.72706299291543,-61.9666821867004));
#4289=CARTESIAN_POINT('',(109.884681483705,1.72706299291543,-62.0499321806562));
#4290=CARTESIAN_POINT('',(109.89324102996,1.72706299291543,-62.133182174612));
#4291=CARTESIAN_POINT('',(106.321201156784,3.40844242517184,-54.8596207661056));
#4292=CARTESIAN_POINT('',(106.722615443518,3.40844242517184,-55.1704673930492));
#4293=CARTESIAN_POINT('',(107.100739589826,3.40844242517184,-55.511392113553));
#4294=CARTESIAN_POINT('',(107.961394737145,3.40844242517184,-56.4134499799885));
#4295=CARTESIAN_POINT('',(108.412844662084,3.40844242517184,-57.0039539285519));
#4296=CARTESIAN_POINT('',(109.559379689024,3.40844242517184,-58.9013307935946));
#4297=CARTESIAN_POINT('',(110.042684038704,3.40844242517184,-60.3342370776751));
#4298=CARTESIAN_POINT('',(110.200365462904,3.40844242517184,-61.8044923027549));
#4299=CARTESIAN_POINT('',(110.2095982182,3.40844242517184,-61.8905804820291));
#4300=CARTESIAN_POINT('',(110.218830973495,3.40844242517184,-61.9766686613033));
#4301=CARTESIAN_POINT('',(110.22806372879,3.40844242517184,-62.0627568405775));
#4302=CARTESIAN_POINT('',(106.654167960607,4.98168171284525,-54.2949693667926));
#4303=CARTESIAN_POINT('',(107.083817944319,4.98168171284525,-54.6224687341252));
#4304=CARTESIAN_POINT('',(107.488930101068,4.98168171284525,-54.9821618905803));
#4305=CARTESIAN_POINT('',(108.412036522746,4.98168171284525,-55.9350144895424));
#4306=CARTESIAN_POINT('',(108.897197238237,4.98168171284525,-56.5596783668206));
#4307=CARTESIAN_POINT('',(110.132574832282,4.98168171284525,-58.5692841622774));
#4308=CARTESIAN_POINT('',(110.658468479596,4.98168171284525,-60.0900515692957));
#4309=CARTESIAN_POINT('',(110.838184720905,4.98168171284525,-61.6532034886179));
#4310=CARTESIAN_POINT('',(110.848707685719,4.98168171284525,-61.7447310685699));
#4311=CARTESIAN_POINT('',(110.859230650532,4.98168171284525,-61.836258648522));
#4312=CARTESIAN_POINT('',(110.869753615346,4.98168171284525,-61.927786228474));
#4313=CARTESIAN_POINT('',(106.660680086579,5.01245094361448,-54.283925980484));
#4314=CARTESIAN_POINT('',(107.090882300765,5.01245094361448,-54.6117510401737));
#4315=CARTESIAN_POINT('',(107.496522285878,5.01245094361448,-54.9718112675134));
#4316=CARTESIAN_POINT('',(108.420850122308,5.01245094361448,-55.9256573039387));
#4317=CARTESIAN_POINT('',(108.906670149514,5.01245094361448,-56.5509892771245));
#4318=CARTESIAN_POINT('',(110.14378531614,5.01245094361448,-58.5627900329322));
#4319=CARTESIAN_POINT('',(110.670511919976,5.01245094361448,-60.0852758175606));
#4320=CARTESIAN_POINT('',(110.850659115673,5.01245094361448,-61.65024459961));
#4321=CARTESIAN_POINT('',(110.861207314254,5.01245094361448,-61.7418785627271));
#4322=CARTESIAN_POINT('',(110.871755512835,5.01245094361448,-61.8335125258441));
#4323=CARTESIAN_POINT('',(110.882303711416,5.01245094361448,-61.9251464889611));
#4324=CARTESIAN_POINT('',(106.667192212551,5.04322017438371,-54.2728825941754));
#4325=CARTESIAN_POINT('',(107.09794665721,5.04322017438371,-54.6010333462223));
#4326=CARTESIAN_POINT('',(107.504114470689,5.04322017438371,-54.9614606444465));
#4327=CARTESIAN_POINT('',(108.429663721869,5.04322017438371,-55.9163001183351));
#4328=CARTESIAN_POINT('',(108.916143060791,5.04322017438371,-56.5423001874284));
#4329=CARTESIAN_POINT('',(110.154995799998,5.04322017438371,-58.5562959035869));
#4330=CARTESIAN_POINT('',(110.682555360357,5.04322017438371,-60.0805000658255));
#4331=CARTESIAN_POINT('',(110.86313351044,5.04322017438371,-61.6472857106022));
#4332=CARTESIAN_POINT('',(110.873706942789,5.04322017438371,-61.7390260568842));
#4333=CARTESIAN_POINT('',(110.884280375137,5.04322017438371,-61.8307664031663));
#4334=CARTESIAN_POINT('',(110.894853807486,5.04322017438371,-61.9225067494483));
#4335=CARTESIAN_POINT('',(106.673704338523,5.07398940515294,-54.2618392078668));
#4336=CARTESIAN_POINT('',(107.105011013655,5.07398940515294,-54.5903156522709));
#4337=CARTESIAN_POINT('',(107.511706655499,5.07398940515294,-54.9511100213797));
#4338=CARTESIAN_POINT('',(108.43847732143,5.07398940515294,-55.9069429327314));
#4339=CARTESIAN_POINT('',(108.925615972067,5.07398940515294,-56.5336110977322));
#4340=CARTESIAN_POINT('',(110.166206283855,5.07398940515294,-58.5498017742417));
#4341=CARTESIAN_POINT('',(110.694598800738,5.07398940515294,-60.0757243140904));
#4342=CARTESIAN_POINT('',(110.875607905208,5.07398940515294,-61.6443268215944));
#4343=CARTESIAN_POINT('',(110.886206571324,5.07398940515294,-61.7361735510414));
#4344=CARTESIAN_POINT('',(110.89680523744,5.07398940515294,-61.8280202804884));
#4345=CARTESIAN_POINT('',(110.907403903556,5.07398940515294,-61.9198670099354));
#4346=CARTESIAN_POINT('',(106.686121539489,5.1326596034353,-54.2407818837727));
#4347=CARTESIAN_POINT('',(107.118481197439,5.1326596034353,-54.5698793523199));
#4348=CARTESIAN_POINT('',(107.526183292616,5.1326596034353,-54.9313736453801));
#4349=CARTESIAN_POINT('',(108.455282929529,5.1326596034353,-55.8891008248526));
#4350=CARTESIAN_POINT('',(108.943678743512,5.1326596034353,-56.5170429027329));
#4351=CARTESIAN_POINT('',(110.187582226455,5.1326596034353,-58.5374188889102));
#4352=CARTESIAN_POINT('',(110.71756300938,5.1326596034353,-60.0666179993));
#4353=CARTESIAN_POINT('',(110.899393849679,5.1326596034353,-61.6386848669389));
#4354=CARTESIAN_POINT('',(110.910040631074,5.1326596034353,-61.7307344458309));
#4355=CARTESIAN_POINT('',(110.92068741247,5.1326596034353,-61.8227840247228));
#4356=CARTESIAN_POINT('',(110.931334193865,5.1326596034353,-61.9148336036148));
#4357=CARTESIAN_POINT('',(106.698538740454,5.19132980171766,-54.2197245596786));
#4358=CARTESIAN_POINT('',(107.131951381224,5.19132980171766,-54.5494430523689));
#4359=CARTESIAN_POINT('',(107.540659929733,5.19132980171766,-54.9116372693805));
#4360=CARTESIAN_POINT('',(108.472088537629,5.19132980171766,-55.8712587169739));
#4361=CARTESIAN_POINT('',(108.961741514957,5.19132980171766,-56.5004747077336));
#4362=CARTESIAN_POINT('',(110.208958169055,5.19132980171766,-58.5250360035786));
#4363=CARTESIAN_POINT('',(110.740527218023,5.19132980171766,-60.0575116845095));
#4364=CARTESIAN_POINT('',(110.923179794149,5.19132980171766,-61.6330429122834));
#4365=CARTESIAN_POINT('',(110.933874690824,5.19132980171766,-61.7252953406203));
#4366=CARTESIAN_POINT('',(110.944569587499,5.19132980171766,-61.8175477689572));
#4367=CARTESIAN_POINT('',(110.955264484175,5.19132980171766,-61.9098001972942));
#4368=CARTESIAN_POINT('',(106.71095594142,5.25000000000002,-54.1986672355845));
#4369=CARTESIAN_POINT('',(107.145421565009,5.25000000000002,-54.529006752418));
#4370=CARTESIAN_POINT('',(107.55513656685,5.25000000000002,-54.8919008933809));
#4371=CARTESIAN_POINT('',(108.488894145729,5.25000000000002,-55.8534166090951));
#4372=CARTESIAN_POINT('',(108.979804286402,5.25000000000002,-56.4839065127343));
#4373=CARTESIAN_POINT('',(110.230334111655,5.25000000000002,-58.5126531182471));
#4374=CARTESIAN_POINT('',(110.763491426665,5.25000000000002,-60.048405369719));
#4375=CARTESIAN_POINT('',(110.946965738619,5.25000000000002,-61.6274009576279));
#4376=CARTESIAN_POINT('',(110.957708750574,5.25000000000002,-61.7198562354098));
#4377=CARTESIAN_POINT('',(110.968451762529,5.25000000000002,-61.8123115131917));
#4378=CARTESIAN_POINT('',(110.979194774484,5.25000000000002,-61.9047667909736));
#4379=CARTESIAN_POINT('',(106.368888980664,3.38270909901012E-16,-55.3356214392302));
#4380=CARTESIAN_POINT('',(107.375302870551,3.38270909901012E-16,-56.1703702057926));
#4381=CARTESIAN_POINT('',(108.619162088949,3.38270909901012E-16,-57.7215137194344));
#4382=CARTESIAN_POINT('',(109.593561640088,3.38270909901012E-16,-60.1326679977624));
#4383=CARTESIAN_POINT('',(109.818873569322,3.38270909901012E-16,-61.4333345301184));
#4384=CARTESIAN_POINT('',(109.885915890384,3.38270909901012E-16,-62.0855937829291));
#4385=CARTESIAN_POINT('',(106.368888978412,4.99803810051335E-11,-55.3356214419452));
#4386=CARTESIAN_POINT('',(106.893576138538,5.25000000000002,-54.3405942285418));
#4387=CARTESIAN_POINT('',(106.6765999779,4.4345576773415,-54.5991763474893));
#4388=CARTESIAN_POINT('',(106.313800080726,2.77274496580665,-55.0315444283382));
#4389=CARTESIAN_POINT('',(106.191258100117,1.0083776362002,-55.1775842739737));
#4390=CARTESIAN_POINT('',(106.1846836098,0.135183917200594,-55.1854194464278));
#4391=CARTESIAN_POINT('',(106.1846836098,0.135183917200768,-55.1854194464278));
#4392=CARTESIAN_POINT('',(106.368888978393,-1.33940881255746E-9,-55.3356214373489));
#4393=CARTESIAN_POINT('',(106.30797337774,0.0450630183388151,-55.2850144817271));
#4394=CARTESIAN_POINT('',(106.246570637843,0.0901255426816694,-55.2349450774837));
#4395=CARTESIAN_POINT('',(106.184683609797,0.135183917200735,-55.1854194464249));
#4396=CARTESIAN_POINT('',(105.773007874853,0.499802641127634,-55.0548564903822));
#4397=CARTESIAN_POINT('',(109.857109931358,0.499802641132341,-68.2217246756158));
#4398=CARTESIAN_POINT('',(113.941211987862,0.499802641118206,-81.3885928608494));
#4399=CARTESIAN_POINT('',(118.025314044368,0.499802641127,-94.5554610460831));
#4400=CARTESIAN_POINT('',(106.237145721411,0.,-54.9108901115164));
#4401=CARTESIAN_POINT('',(110.321247777304,0.,-68.0777582969399));
#4402=CARTESIAN_POINT('',(114.405349834893,0.,-81.2446264818372));
#4403=CARTESIAN_POINT('',(118.489451891005,0.,-94.4114946671929));
#4404=CARTESIAN_POINT('',(106.184683609797,0.135183917202589,-55.1854194464317));
#4405=CARTESIAN_POINT('',(106.094350211999,0.256723491844323,-55.2930745977893));
#4406=CARTESIAN_POINT('',(106.0040168142,0.378263066486056,-55.4007297491468));
#4407=CARTESIAN_POINT('',(105.913683416402,0.49980264112779,-55.5083849005044));
#4408=CARTESIAN_POINT('',(105.913683417893,0.499802641077648,-55.5083849051486));
#4409=CARTESIAN_POINT('',(118.025314044368,0.499802641127,-94.5554610460831));
#4410=CARTESIAN_POINT('',(113.988103835045,0.499802641118307,-81.5397689975568));
#4411=CARTESIAN_POINT('',(109.950893625724,0.49980264113202,-68.5240769490306));
#4412=CARTESIAN_POINT('',(105.913683416402,0.499802641127789,-55.5083849005044));
#4413=CARTESIAN_POINT('',(118.025314043542,0.499802635806686,-94.5554610436029));
#4414=CARTESIAN_POINT('',(118.48541293832,9.18245368643685E-5,-94.3987747188648));
#4415=CARTESIAN_POINT('',(118.332046640336,0.166662096733573,-94.4510034946043));
#4416=CARTESIAN_POINT('',(118.178680342352,0.333232368930285,-94.5032322703437));
#4417=CARTESIAN_POINT('',(118.025314044368,0.499802641127,-94.5554610460831));
#4418=CARTESIAN_POINT('',(118.48519623882,0.,-94.3980848052855));
#4419=CARTESIAN_POINT('',(118.485283975775,0.,-94.3980575910176));
#4420=CARTESIAN_POINT('',(114.446485643072,0.,-81.3772455404784));
#4421=CARTESIAN_POINT('',(110.407687310369,0.,-68.3564334899392));
#4422=CARTESIAN_POINT('',(106.368888977665,0.,-55.3356214394));
#4423=CARTESIAN_POINT('',(0.,0.,0.));
#4424=CARTESIAN_POINT('',(118.434046411443,0.,-106.776389285839));
#4425=CARTESIAN_POINT('',(118.780318593409,0.,-105.783600257999));
#4426=CARTESIAN_POINT('',(119.302197332662,0.,-103.765692309093));
#4427=CARTESIAN_POINT('',(119.574179108397,0.,-100.60361854956));
#4428=CARTESIAN_POINT('',(119.331842928319,0.,-97.4209994233552));
#4429=CARTESIAN_POINT('',(118.824918999681,0.,-95.3961916251164));
#4430=CARTESIAN_POINT('',(118.485322736386,0.,-94.3988026977205));
#4431=CARTESIAN_POINT('',(118.434046411443,0.,-106.776389285839));
#4432=CARTESIAN_POINT('',(118.434090272308,0.,-106.776263531907));
#4433=CARTESIAN_POINT('',(118.545263279778,0.,-106.929944631625));
#4434=CARTESIAN_POINT('',(118.656436287248,0.,-107.083625731343));
#4435=CARTESIAN_POINT('',(118.767609294718,0.,-107.237306831061));
#4436=CARTESIAN_POINT('',(118.767609294718,0.,-107.237306831061));
#4437=CARTESIAN_POINT('',(121.099521090873,0.,-107.238652944099));
#4438=CARTESIAN_POINT('',(120.112404512768,-8.51075183654635E-16,-107.238083123878));
#4439=CARTESIAN_POINT('',(121.04280129409,-9.47183658059898E-16,-96.7964695288915));
#4440=CARTESIAN_POINT('',(121.119688389418,-9.47183658059898E-16,-97.6741373822578));
#4441=CARTESIAN_POINT('',(121.313220006224,4.51462526249607E-16,-99.4310835923568));
#4442=CARTESIAN_POINT('',(121.237888002414,-2.61965959603573E-16,-102.927815213192));
#4443=CARTESIAN_POINT('',(120.665657038643,1.24709876434979E-16,-105.548705004402));
#4444=CARTESIAN_POINT('',(120.112404512768,1.24709876434979E-16,-107.238083123878));
#4445=CARTESIAN_POINT('',(121.04280129409,-9.47183658059898E-16,-96.7964695288915));
#4446=CARTESIAN_POINT('',(120.228304416283,0.,-94.0901926964315));
#4447=CARTESIAN_POINT('',(120.230587300974,-8.62515050626933,-87.4835471917919));
#4448=CARTESIAN_POINT('',(120.518025811991,-8.62515050631439,-90.7617901918854));
#4449=CARTESIAN_POINT('',(120.805464323009,-8.62515050635946,-94.0400331919788));
#4450=CARTESIAN_POINT('',(121.092902834027,-8.62515050640452,-97.3182761920723));
#4451=CARTESIAN_POINT('',(121.098671755452,-8.62515050640542,-97.3840708770305));
#4452=CARTESIAN_POINT('',(121.104440676876,-8.62515050640633,-97.4498655619888));
#4453=CARTESIAN_POINT('',(121.1102095983,-8.62515050640723,-97.515660246947));
#4454=CARTESIAN_POINT('',(121.116491553317,-8.62515050640822,-97.5873060921082));
#4455=CARTESIAN_POINT('',(121.122773508334,-8.6251505064092,-97.6589519372694));
#4456=CARTESIAN_POINT('',(121.129055463351,-8.62515050641019,-97.7305977824305));
#4457=CARTESIAN_POINT('',(121.130882736073,-8.62515050641048,-97.7514378709486));
#4458=CARTESIAN_POINT('',(121.13271000878,-8.62515050641076,-97.7722779594666));
#4459=CARTESIAN_POINT('',(121.134537281498,-8.62515050641104,-97.7931180479931));
#4460=CARTESIAN_POINT('',(121.157745248168,-8.62515050641463,-98.0578054567779));
#4461=CARTESIAN_POINT('',(121.180953214838,-8.62515050641823,-98.3224928655628));
#4462=CARTESIAN_POINT('',(121.204161181507,-8.62515050642182,-98.5871802743476));
#4463=CARTESIAN_POINT('',(121.254199819345,-8.62515050642958,-99.1578721223804));
#4464=CARTESIAN_POINT('',(121.279312183837,-8.62515050642411,-99.7290252760281));
#4465=CARTESIAN_POINT('',(121.279966380807,-8.62515050642416,-101.099316793854));
#4466=CARTESIAN_POINT('',(121.232196801939,-8.62515050642249,-101.899606891864));
#4467=CARTESIAN_POINT('',(121.043615198628,-8.62515050642249,-103.499152179964));
#4468=CARTESIAN_POINT('',(120.904049487802,-8.62515050642434,-104.300256654327));
#4469=CARTESIAN_POINT('',(120.625939096594,-8.62515050642158,-105.501710685481));
#4470=CARTESIAN_POINT('',(120.521875852764,-8.62515050641965,-105.902289765768));
#4471=CARTESIAN_POINT('',(120.34882371984,-8.62515050642391,-106.503434056952));
#4472=CARTESIAN_POINT('',(120.288314701912,-8.62515050642037,-106.70387608132));
#4473=CARTESIAN_POINT('',(120.198943493349,-8.62515050642337,-106.986778109903));
#4474=CARTESIAN_POINT('',(120.172430094262,-8.62515050642317,-107.069204819418));
#4475=CARTESIAN_POINT('',(120.14543941196,-8.6251505064225,-107.151639653311));
#4476=CARTESIAN_POINT('',(119.070351028854,-8.6251505063957,-110.435170291433));
#4477=CARTESIAN_POINT('',(117.995262645747,-8.6251505063689,-113.718700929555));
#4478=CARTESIAN_POINT('',(116.92017426264,-8.6251505063421,-117.002231567677));
#4479=CARTESIAN_POINT('',(120.229490346619,-5.71948510457776,-87.4850000319385));
#4480=CARTESIAN_POINT('',(120.516823161627,-5.71948510462067,-90.7630046470586));
#4481=CARTESIAN_POINT('',(120.804155976636,-5.71948510466358,-94.0410092621787));
#4482=CARTESIAN_POINT('',(121.091488791645,-5.7194851047065,-97.3190138772987));
#4483=CARTESIAN_POINT('',(121.097255591739,-5.71948510470736,-97.3848037778452));
#4484=CARTESIAN_POINT('',(121.103022391833,-5.71948510470822,-97.4505936783917));
#4485=CARTESIAN_POINT('',(121.108789191927,-5.71948510470908,-97.5163835789382));
#4486=CARTESIAN_POINT('',(121.115068836962,-5.71948510471002,-97.5880242142078));
#4487=CARTESIAN_POINT('',(121.121348481997,-5.71948510471096,-97.6596648494774));
#4488=CARTESIAN_POINT('',(121.127628127032,-5.7194851047119,-97.731305484747));
#4489=CARTESIAN_POINT('',(121.129454727836,-5.71948510471217,-97.7521440578304));
#4490=CARTESIAN_POINT('',(121.131281328628,-5.71948510471244,-97.7729826309138));
#4491=CARTESIAN_POINT('',(121.133107929429,-5.71948510471271,-97.7938212040028));
#4492=CARTESIAN_POINT('',(121.156307362175,-5.71948510471614,-98.0584893654233));
#4493=CARTESIAN_POINT('',(121.17950679492,-5.71948510471958,-98.3231575268437));
#4494=CARTESIAN_POINT('',(121.202706227665,-5.71948510472301,-98.5878256882642));
#4495=CARTESIAN_POINT('',(121.25272646553,-5.71948510473042,-99.1584760371033));
#4496=CARTESIAN_POINT('',(121.277822156208,-5.71948510472531,-99.7295868376668));
#4497=CARTESIAN_POINT('',(121.27844062096,-5.71948510472534,-101.099774626178));
#4498=CARTESIAN_POINT('',(121.230653875078,-5.71948510472369,-101.9000028873));
#4499=CARTESIAN_POINT('',(121.042045754223,-5.71948510472369,-103.499424723481));
#4500=CARTESIAN_POINT('',(120.902470755551,-5.71948510472553,-104.300468165121));
#4501=CARTESIAN_POINT('',(120.624351723032,-5.71948510472277,-105.501831580759));
#4502=CARTESIAN_POINT('',(120.520286493336,-5.71948510472094,-105.902380684679));
#4503=CARTESIAN_POINT('',(120.34723264745,-5.71948510472505,-106.503480515742));
#4504=CARTESIAN_POINT('',(120.286723269347,-5.71948510472157,-106.70390780741));
#4505=CARTESIAN_POINT('',(120.197351839013,-5.71948510472456,-106.986789178114));
#4506=CARTESIAN_POINT('',(120.170838409611,-5.71948510472436,-107.069209885857));
#4507=CARTESIAN_POINT('',(120.143847730785,-5.71948510472369,-107.151638734502));
#4508=CARTESIAN_POINT('',(119.068759486139,-5.71948510469692,-110.434930969186));
#4509=CARTESIAN_POINT('',(117.993671241492,-5.71948510467015,-113.718223203871));
#4510=CARTESIAN_POINT('',(116.918582996845,-5.71948510464337,-117.001515438555));
#4511=CARTESIAN_POINT('',(120.228393392264,-2.81381970288618,-87.4864528720852));
#4512=CARTESIAN_POINT('',(120.515620511263,-2.81381970292694,-90.7642191022318));
#4513=CARTESIAN_POINT('',(120.802847630263,-2.81381970296771,-94.0419853323785));
#4514=CARTESIAN_POINT('',(121.090074749262,-2.81381970300848,-97.3197515625251));
#4515=CARTESIAN_POINT('',(121.095839428026,-2.81381970300929,-97.3855366786599));
#4516=CARTESIAN_POINT('',(121.10160410679,-2.81381970301011,-97.4513217947947));
#4517=CARTESIAN_POINT('',(121.107368785554,-2.81381970301093,-97.5171069109294));
#4518=CARTESIAN_POINT('',(121.113646120607,-2.81381970301182,-97.5887423363075));
#4519=CARTESIAN_POINT('',(121.11992345566,-2.81381970301271,-97.6603777616855));
#4520=CARTESIAN_POINT('',(121.126200790713,-2.8138197030136,-97.7320131870635));
#4521=CARTESIAN_POINT('',(121.128026719598,-2.81381970301386,-97.7528502447122));
#4522=CARTESIAN_POINT('',(121.129852648477,-2.81381970301412,-97.773687302361));
#4523=CARTESIAN_POINT('',(121.13167857736,-2.81381970301438,-97.7945243600126));
#4524=CARTESIAN_POINT('',(121.154869476181,-2.81381970301765,-98.0591732740687));
#4525=CARTESIAN_POINT('',(121.178060375002,-2.81381970302093,-98.3238221881247));
#4526=CARTESIAN_POINT('',(121.201251273823,-2.81381970302421,-98.5884711021808));
#4527=CARTESIAN_POINT('',(121.251253111714,-2.81381970303127,-99.1590799518263));
#4528=CARTESIAN_POINT('',(121.27633212858,-2.81381970302651,-99.7301483993056));
#4529=CARTESIAN_POINT('',(121.276914861113,-2.81381970302653,-101.100232458501));
#4530=CARTESIAN_POINT('',(121.229110948217,-2.81381970302488,-101.900398882736));
#4531=CARTESIAN_POINT('',(121.040476309818,-2.81381970302488,-103.499697266999));
#4532=CARTESIAN_POINT('',(120.9008920233,-2.81381970302673,-104.300679675914));
#4533=CARTESIAN_POINT('',(120.62276434947,-2.81381970302396,-105.501952476036));
#4534=CARTESIAN_POINT('',(120.518697133909,-2.81381970302223,-105.902471603591));
#4535=CARTESIAN_POINT('',(120.345641575059,-2.8138197030262,-106.503526974532));
#4536=CARTESIAN_POINT('',(120.285131836782,-2.81381970302277,-106.7039395335));
#4537=CARTESIAN_POINT('',(120.195760184677,-2.81381970302575,-106.986800246324));
#4538=CARTESIAN_POINT('',(120.16924672496,-2.81381970302555,-107.069214952296));
#4539=CARTESIAN_POINT('',(120.14225604961,-2.81381970302488,-107.151637815692));
#4540=CARTESIAN_POINT('',(119.067167943423,-2.81381970299814,-110.434691646939));
#4541=CARTESIAN_POINT('',(117.992079837236,-2.81381970297139,-113.717745478186));
#4542=CARTESIAN_POINT('',(116.916991731049,-2.81381970294465,-117.000799309433));
#4543=CARTESIAN_POINT('',(120.227296437909,0.0918456988053971,-87.4879057122318));
#4544=CARTESIAN_POINT('',(120.514417860899,0.0918456987667804,-90.7654335574051));
#4545=CARTESIAN_POINT('',(120.801539283889,0.0918456987281636,-94.0429614025783));
#4546=CARTESIAN_POINT('',(121.08866070688,0.0918456986895469,-97.3204892477516));
#4547=CARTESIAN_POINT('',(121.094423264314,0.0918456986887719,-97.3862695794746));
#4548=CARTESIAN_POINT('',(121.100185821748,0.0918456986879968,-97.4520499111976));
#4549=CARTESIAN_POINT('',(121.105948379182,0.0918456986872218,-97.5178302429207));
#4550=CARTESIAN_POINT('',(121.112223404253,0.0918456986863778,-97.5894604584071));
#4551=CARTESIAN_POINT('',(121.118498429324,0.0918456986855338,-97.6610906738935));
#4552=CARTESIAN_POINT('',(121.124773454395,0.0918456986846899,-97.7327208893799));
#4553=CARTESIAN_POINT('',(121.12659871136,0.0918456986844444,-97.7535564315941));
#4554=CARTESIAN_POINT('',(121.128423968326,0.0918456986841989,-97.7743919738082));
#4555=CARTESIAN_POINT('',(121.130249225292,0.0918456986839534,-97.7952275160224));
#4556=CARTESIAN_POINT('',(121.153431590188,0.0918456986808356,-98.059857182714));
#4557=CARTESIAN_POINT('',(121.176613955085,0.0918456986777178,-98.3244868494057));
#4558=CARTESIAN_POINT('',(121.199796319981,0.0918456986746,-98.5891165160974));
#4559=CARTESIAN_POINT('',(121.249779757899,0.0918456986678777,-99.1596838665493));
#4560=CARTESIAN_POINT('',(121.274842100951,0.0918456986722965,-99.7307099609443));
#4561=CARTESIAN_POINT('',(121.275389101267,0.0918456986722848,-101.100690290824));
#4562=CARTESIAN_POINT('',(121.227568021355,0.0918456986739271,-101.900794878173));
#4563=CARTESIAN_POINT('',(121.038906865413,0.0918456986739271,-103.499969810517));
#4564=CARTESIAN_POINT('',(120.899313291049,0.0918456986720822,-104.300891186708));
#4565=CARTESIAN_POINT('',(120.621176975908,0.0918456986748469,-105.502073371313));
#4566=CARTESIAN_POINT('',(120.517107774481,0.0918456986764735,-105.902562522503));
#4567=CARTESIAN_POINT('',(120.344050502668,0.0918456986726626,-106.503573433322));
#4568=CARTESIAN_POINT('',(120.283540404218,0.0918456986760265,-106.703971259589));
#4569=CARTESIAN_POINT('',(120.19416853034,0.0918456986730591,-106.986811314535));
#4570=CARTESIAN_POINT('',(120.167655040309,0.0918456986732546,-107.069220018735));
#4571=CARTESIAN_POINT('',(120.140664368435,0.0918456986739253,-107.151636896882));
#4572=CARTESIAN_POINT('',(119.065576400708,0.0918456987006422,-110.434452324692));
#4573=CARTESIAN_POINT('',(117.990488432981,0.0918456987273591,-113.717267752502));
#4574=CARTESIAN_POINT('',(116.915400465254,0.0918456987540759,-117.000083180311));
#4575=CARTESIAN_POINT('',(120.227285576974,0.120614663178581,-87.4879200967878));
#4576=CARTESIAN_POINT('',(120.51440595347,0.120614663139986,-90.7654455817137));
#4577=CARTESIAN_POINT('',(120.801526329965,0.12061466310139,-94.0429710666397));
#4578=CARTESIAN_POINT('',(121.08864670646,0.120614663062795,-97.3204965515657));
#4579=CARTESIAN_POINT('',(121.094409242891,0.12061466306202,-97.3862768359183));
#4580=CARTESIAN_POINT('',(121.100171779321,0.120614663061245,-97.4520571202709));
#4581=CARTESIAN_POINT('',(121.105934315752,0.120614663060471,-97.5178374046236));
#4582=CARTESIAN_POINT('',(121.112209317952,0.120614663059627,-97.5894675685269));
#4583=CARTESIAN_POINT('',(121.118484320152,0.120614663058784,-97.6610977324302));
#4584=CARTESIAN_POINT('',(121.124759322352,0.12061466305794,-97.7327278963336));
#4585=CARTESIAN_POINT('',(121.126584572665,0.120614663057695,-97.7535634235434));
#4586=CARTESIAN_POINT('',(121.128409822978,0.12061466305745,-97.7743989507532));
#4587=CARTESIAN_POINT('',(121.130235073291,0.120614663057204,-97.795234477963));
#4588=CARTESIAN_POINT('',(121.153417353693,0.120614663054088,-98.0598639540868));
#4589=CARTESIAN_POINT('',(121.176599634095,0.120614663050972,-98.3244934302105));
#4590=CARTESIAN_POINT('',(121.199781914498,0.120614663047856,-98.5891229063342));
#4591=CARTESIAN_POINT('',(121.249765170238,0.120614663041137,-99.159689845903));
#4592=CARTESIAN_POINT('',(121.274827348202,0.120614663045552,-99.7307155209605));
#4593=CARTESIAN_POINT('',(121.275373994733,0.12061466304554,-101.100694823817));
#4594=CARTESIAN_POINT('',(121.227552744852,0.120614663047183,-101.900798798919));
#4595=CARTESIAN_POINT('',(121.038891326359,0.120614663047183,-103.499972508968));
#4596=CARTESIAN_POINT('',(120.899297660036,0.120614663045338,-104.300893280874));
#4597=CARTESIAN_POINT('',(120.621161259338,0.120614663048102,-105.502074568296));
#4598=CARTESIAN_POINT('',(120.517092038249,0.120614663049728,-105.90256342269));
#4599=CARTESIAN_POINT('',(120.344034749476,0.120614663045919,-106.50357389331));
#4600=CARTESIAN_POINT('',(120.28352464746,0.120614663049282,-106.703971573709));
#4601=CARTESIAN_POINT('',(120.194152771387,0.120614663046315,-106.986811424121));
#4602=CARTESIAN_POINT('',(120.167639281055,0.12061466304651,-107.069220068898));
#4603=CARTESIAN_POINT('',(120.140648609216,0.120614663047181,-107.151636887785));
#4604=CARTESIAN_POINT('',(119.06556064286,0.120614663073897,-110.434449955165));
#4605=CARTESIAN_POINT('',(117.990472676503,0.120614663100614,-113.717263022544));
#4606=CARTESIAN_POINT('',(116.915384710147,0.120614663127331,-117.000076089924));
#4607=CARTESIAN_POINT('',(120.227274716019,0.149383627551771,-87.4879344813567));
#4608=CARTESIAN_POINT('',(120.514394046026,0.149383627513195,-90.7654576060312));
#4609=CARTESIAN_POINT('',(120.801513376033,0.149383627474619,-94.0429807307058));
#4610=CARTESIAN_POINT('',(121.08863270604,0.149383627436043,-97.3205038553804));
#4611=CARTESIAN_POINT('',(121.094395221467,0.149383627435268,-97.3862840923625));
#4612=CARTESIAN_POINT('',(121.100157736895,0.149383627434494,-97.4520643293446));
#4613=CARTESIAN_POINT('',(121.105920252322,0.14938362743372,-97.5178445663267));
#4614=CARTESIAN_POINT('',(121.112195231651,0.149383627432877,-97.5894746786469));
#4615=CARTESIAN_POINT('',(121.11847021098,0.149383627432034,-97.6611047909671));
#4616=CARTESIAN_POINT('',(121.124745190309,0.149383627431191,-97.7327349032872));
#4617=CARTESIAN_POINT('',(121.12657043397,0.149383627430945,-97.7535704154927));
#4618=CARTESIAN_POINT('',(121.12839567763,0.1493836274307,-97.7744059276982));
#4619=CARTESIAN_POINT('',(121.13022092129,0.149383627430455,-97.7952414399037));
#4620=CARTESIAN_POINT('',(121.153403117198,0.14938362742734,-98.0598707254595));
#4621=CARTESIAN_POINT('',(121.176585313106,0.149383627424226,-98.3245000110152));
#4622=CARTESIAN_POINT('',(121.199767509014,0.149383627421111,-98.589129296571));
#4623=CARTESIAN_POINT('',(121.249750582576,0.149383627414396,-99.1596958252567));
#4624=CARTESIAN_POINT('',(121.274812595453,0.149383627418807,-99.7307210809768));
#4625=CARTESIAN_POINT('',(121.2753588882,0.149383627418796,-101.100699356811));
#4626=CARTESIAN_POINT('',(121.227537468348,0.149383627420438,-101.900802719666));
#4627=CARTESIAN_POINT('',(121.038875787306,0.149383627420438,-103.499975207418));
#4628=CARTESIAN_POINT('',(120.899282029024,0.149383627418593,-104.30089537504));
#4629=CARTESIAN_POINT('',(120.621145542768,0.149383627421358,-105.502075765279));
#4630=CARTESIAN_POINT('',(120.517076302017,0.149383627422983,-105.902564322877));
#4631=CARTESIAN_POINT('',(120.344018996284,0.149383627419175,-106.503574353298));
#4632=CARTESIAN_POINT('',(120.283508890702,0.149383627422537,-106.703971887829));
#4633=CARTESIAN_POINT('',(120.194137012433,0.14938362741957,-106.986811533707));
#4634=CARTESIAN_POINT('',(120.167623521801,0.149383627419766,-107.069220119061));
#4635=CARTESIAN_POINT('',(120.140632849996,0.149383627420436,-107.151636878688));
#4636=CARTESIAN_POINT('',(119.065544885011,0.149383627447153,-110.434447585637));
#4637=CARTESIAN_POINT('',(117.990456920026,0.14938362747387,-113.717258292587));
#4638=CARTESIAN_POINT('',(116.91536895504,0.149383627500587,-117.000068999537));
#4639=CARTESIAN_POINT('',(120.227263855065,0.17815259192496,-87.487948865904));
#4640=CARTESIAN_POINT('',(120.514382138583,0.178152591886404,-90.765469630334));
#4641=CARTESIAN_POINT('',(120.801500422101,0.178152591847847,-94.0429903947641));
#4642=CARTESIAN_POINT('',(121.088618705619,0.178152591809291,-97.3205111591941));
#4643=CARTESIAN_POINT('',(121.094381200044,0.178152591808517,-97.3862913488059));
#4644=CARTESIAN_POINT('',(121.100143694468,0.178152591807743,-97.4520715384177));
#4645=CARTESIAN_POINT('',(121.105906188892,0.178152591806969,-97.5178517280295));
#4646=CARTESIAN_POINT('',(121.11218114535,0.178152591806126,-97.5894817887666));
#4647=CARTESIAN_POINT('',(121.118456101808,0.178152591805284,-97.6611118495037));
#4648=CARTESIAN_POINT('',(121.124731058266,0.178152591804441,-97.7327419102408));
#4649=CARTESIAN_POINT('',(121.126556295274,0.178152591804196,-97.7535774074421));
#4650=CARTESIAN_POINT('',(121.128381532282,0.178152591803951,-97.7744129046432));
#4651=CARTESIAN_POINT('',(121.130206769289,0.178152591803706,-97.7952484018444));
#4652=CARTESIAN_POINT('',(121.153388880703,0.178152591800593,-98.0598774968322));
#4653=CARTESIAN_POINT('',(121.176570992117,0.17815259179748,-98.32450659182));
#4654=CARTESIAN_POINT('',(121.199753103531,0.178152591794367,-98.5891356868078));
#4655=CARTESIAN_POINT('',(121.249735994915,0.178152591787654,-99.1597018046103));
#4656=CARTESIAN_POINT('',(121.274797842704,0.178152591792063,-99.730726640993));
#4657=CARTESIAN_POINT('',(121.275343781667,0.178152591792052,-101.100703889804));
#4658=CARTESIAN_POINT('',(121.227522191845,0.178152591793694,-101.900806640413));
#4659=CARTESIAN_POINT('',(121.038860248252,0.178152591793694,-103.499977905869));
#4660=CARTESIAN_POINT('',(120.899266398011,0.178152591791849,-104.300897469206));
#4661=CARTESIAN_POINT('',(120.621129826199,0.178152591794613,-105.502076962262));
#4662=CARTESIAN_POINT('',(120.517060565785,0.178152591796237,-105.902565223064));
#4663=CARTESIAN_POINT('',(120.344003243092,0.178152591792431,-106.503574813286));
#4664=CARTESIAN_POINT('',(120.283493133944,0.178152591795793,-106.703972201949));
#4665=CARTESIAN_POINT('',(120.194121253479,0.178152591792826,-106.986811643293));
#4666=CARTESIAN_POINT('',(120.167607762547,0.178152591793021,-107.069220169224));
#4667=CARTESIAN_POINT('',(120.140617090777,0.178152591793692,-107.151636869591));
#4668=CARTESIAN_POINT('',(119.065529127162,0.178152591820409,-110.43444521611));
#4669=CARTESIAN_POINT('',(117.990441163548,0.178152591847126,-113.71725356263));
#4670=CARTESIAN_POINT('',(116.915353199933,0.178152591873843,-117.000061909149));
#4671=CARTESIAN_POINT('',(120.226146775182,3.13712349825748,-87.4894283593968));
#4672=CARTESIAN_POINT('',(120.513157424136,3.1371234982209,-90.7667063654478));
#4673=CARTESIAN_POINT('',(120.80016807309,3.13712349818431,-94.0439843714989));
#4674=CARTESIAN_POINT('',(121.087178722044,3.13712349814773,-97.32126237755));
#4675=CARTESIAN_POINT('',(121.092939056231,3.137123498147,-97.3870376949753));
#4676=CARTESIAN_POINT('',(121.098699390418,3.13712349814626,-97.4528130124007));
#4677=CARTESIAN_POINT('',(121.104459724606,3.13712349814553,-97.518588329826));
#4678=CARTESIAN_POINT('',(121.110732328715,3.13712349814473,-97.5902130850903));
#4679=CARTESIAN_POINT('',(121.117004932825,3.13712349814393,-97.6618378403546));
#4680=CARTESIAN_POINT('',(121.123277536935,3.13712349814313,-97.7334625956188));
#4681=CARTESIAN_POINT('',(121.1251020897,3.1371234981429,-97.754296549583));
#4682=CARTESIAN_POINT('',(121.126926642465,3.13712349814266,-97.7751305035471));
#4683=CARTESIAN_POINT('',(121.12875119523,3.13712349814243,-97.7959644575112));
#4684=CARTESIAN_POINT('',(121.151924616161,3.13712349813948,-98.0605739520346));
#4685=CARTESIAN_POINT('',(121.175098037092,3.13712349813653,-98.3251834465579));
#4686=CARTESIAN_POINT('',(121.198271458023,3.13712349813358,-98.5897929410813));
#4687=CARTESIAN_POINT('',(121.248235611879,3.13712349812722,-99.1603167983724));
#4688=CARTESIAN_POINT('',(121.273280479968,3.13712349813127,-99.731298504688));
#4689=CARTESIAN_POINT('',(121.273790031193,3.13712349813127,-101.10117012123));
#4690=CARTESIAN_POINT('',(121.225950959421,3.1371234981329,-101.901209900532));
#4691=CARTESIAN_POINT('',(121.03726201181,3.1371234981329,-103.500255449298));
#4692=CARTESIAN_POINT('',(120.897658703335,3.13712349813106,-104.301112860244));
#4693=CARTESIAN_POINT('',(120.619513331683,3.13712349813382,-105.502200075407));
#4694=CARTESIAN_POINT('',(120.515442048973,3.13712349813535,-105.902657809917));
#4695=CARTESIAN_POINT('',(120.342382981891,3.13712349813169,-106.50362212438));
#4696=CARTESIAN_POINT('',(120.281872505961,3.137123498135,-106.704004510065));
#4697=CARTESIAN_POINT('',(120.192500399657,3.13712349813204,-106.986822914554));
#4698=CARTESIAN_POINT('',(120.165986877853,3.13712349813223,-107.069225328608));
#4699=CARTESIAN_POINT('',(120.138996209623,3.1371234981329,-107.151635933925));
#4700=CARTESIAN_POINT('',(119.063908386996,3.13712349815963,-110.434201503435));
#4701=CARTESIAN_POINT('',(117.98882056437,3.13712349818635,-113.716767072945));
#4702=CARTESIAN_POINT('',(116.913732741744,3.13712349821307,-116.999332642454));
#4703=CARTESIAN_POINT('',(120.807179665071,5.97344538091693,-86.719885338003));
#4704=CARTESIAN_POINT('',(121.150176342979,5.97344538087942,-90.1234316957316));
#4705=CARTESIAN_POINT('',(121.493173020888,5.97344538084191,-93.5269780534601));
#4706=CARTESIAN_POINT('',(121.836169698796,5.9734453808044,-96.9305244111886));
#4707=CARTESIAN_POINT('',(121.843053678526,5.97344538080364,-96.998833947834));
#4708=CARTESIAN_POINT('',(121.849937658257,5.97344538080289,-97.0671434844794));
#4709=CARTESIAN_POINT('',(121.856821637988,5.97344538080214,-97.1354530211248));
#4710=CARTESIAN_POINT('',(121.864317814103,5.97344538080132,-97.2098373652216));
#4711=CARTESIAN_POINT('',(121.871813990218,5.9734453808005,-97.2842217093183));
#4712=CARTESIAN_POINT('',(121.879310166333,5.97344538079968,-97.3586060534151));
#4713=CARTESIAN_POINT('',(121.881490627369,5.97344538079944,-97.38024270676));
#4714=CARTESIAN_POINT('',(121.883671088406,5.9734453807992,-97.4018793601049));
#4715=CARTESIAN_POINT('',(121.885851549442,5.97344538079896,-97.4235160134498));
#4716=CARTESIAN_POINT('',(121.913545317684,5.97344538079594,-97.6983204943767));
#4717=CARTESIAN_POINT('',(121.941239085926,5.97344538079291,-97.9731249753035));
#4718=CARTESIAN_POINT('',(121.968932854168,5.97344538078988,-98.2479294562304));
#4719=CARTESIAN_POINT('',(122.028643317351,5.97344538078335,-98.8404346977437));
#4720=CARTESIAN_POINT('',(122.062519798692,5.97344538078775,-99.4338499824288));
#4721=CARTESIAN_POINT('',(122.081956016282,5.97344538078775,-100.858665037752));
#4722=CARTESIAN_POINT('',(122.043209986907,5.97344538078925,-101.691458646005));
#4723=CARTESIAN_POINT('',(121.868566887738,5.97344538078925,-103.355894326897));
#4724=CARTESIAN_POINT('',(121.733883182299,5.97344538078741,-104.189079617117));
#4725=CARTESIAN_POINT('',(121.46031493013,5.97344538079017,-105.43816414313));
#4726=CARTESIAN_POINT('',(121.357295530238,5.97344538079181,-105.854499787979));
#4727=CARTESIAN_POINT('',(121.185143785376,5.97344538078798,-106.479013787367));
#4728=CARTESIAN_POINT('',(121.12482408759,5.97344538079123,-106.687199802728));
#4729=CARTESIAN_POINT('',(121.035569449082,5.97344538078844,-106.980960294285));
#4730=CARTESIAN_POINT('',(121.009071984801,5.97344538078858,-107.066541732087));
#4731=CARTESIAN_POINT('',(120.982079475338,5.97344538078925,-107.15212260987));
#4732=CARTESIAN_POINT('',(119.90691831304,5.97344538081596,-110.56096594668));
#4733=CARTESIAN_POINT('',(118.831757150742,5.97344538084266,-113.969809283489));
#4734=CARTESIAN_POINT('',(117.756595988445,5.97344538086937,-117.378652620299));
#4735=CARTESIAN_POINT('',(121.921995455003,8.45110076637365,-85.2433506518046));
#4736=CARTESIAN_POINT('',(122.372418360897,8.4511007663472,-88.8891707694101));
#4737=CARTESIAN_POINT('',(122.822841266791,8.45110076632075,-92.5349908870155));
#4738=CARTESIAN_POINT('',(123.273264172685,8.4511007662943,-96.180811004621));
#4739=CARTESIAN_POINT('',(123.282304208213,8.45110076629377,-96.2539830013416));
#4740=CARTESIAN_POINT('',(123.291344243742,8.45110076629324,-96.3271549980622));
#4741=CARTESIAN_POINT('',(123.30038427927,8.45110076629271,-96.4003269947828));
#4742=CARTESIAN_POINT('',(123.310228250499,8.45110076629213,-96.480006220402));
#4743=CARTESIAN_POINT('',(123.320072221727,8.45110076629155,-96.5596854460212));
#4744=CARTESIAN_POINT('',(123.329916192956,8.45110076629097,-96.6393646716404));
#4745=CARTESIAN_POINT('',(123.332779572281,8.45110076629081,-96.6625414812829));
#4746=CARTESIAN_POINT('',(123.335642951607,8.45110076629064,-96.6857182909253));
#4747=CARTESIAN_POINT('',(123.338506330932,8.45110076629047,-96.7088951005678));
#4748=CARTESIAN_POINT('',(123.374873760619,8.45110076628835,-97.0032609177675));
#4749=CARTESIAN_POINT('',(123.411241190306,8.45110076628623,-97.2976267349673));
#4750=CARTESIAN_POINT('',(123.447608619993,8.45110076628412,-97.591992552167));
#4751=CARTESIAN_POINT('',(123.526020342529,8.45110076627955,-98.2266739410037));
#4752=CARTESIAN_POINT('',(123.576841211304,8.45110076628234,-98.8631325134529));
#4753=CARTESIAN_POINT('',(123.632592213785,8.45110076628234,-100.393368096934));
#4754=CARTESIAN_POINT('',(123.611293096255,8.45110076628358,-101.289006805956));
#4755=CARTESIAN_POINT('',(123.463599907709,8.45110076628358,-103.078907190555));
#4756=CARTESIAN_POINT('',(123.338355494076,8.45110076628173,-103.974120307611));
#4757=CARTESIAN_POINT('',(123.073569406984,8.4511007662845,-105.31529775632));
#4758=CARTESIAN_POINT('',(122.972568265257,8.4511007662859,-105.762098507316));
#4759=CARTESIAN_POINT('',(122.80215740865,8.45110076628242,-106.431797523823));
#4760=CARTESIAN_POINT('',(122.742203758805,8.45110076628543,-106.654956441877));
#4761=CARTESIAN_POINT('',(122.653174506942,8.45110076628281,-106.969711625856));
#4762=CARTESIAN_POINT('',(122.626707850656,8.4511007662829,-107.061392687027));
#4763=CARTESIAN_POINT('',(122.599711810137,8.45110076628357,-107.153056399896));
#4764=CARTESIAN_POINT('',(121.524409999413,8.45110076631032,-110.804190215484));
#4765=CARTESIAN_POINT('',(120.449108188689,8.45110076633706,-114.455324031072));
#4766=CARTESIAN_POINT('',(119.373806377966,8.4511007663638,-118.106457846659));
#4767=CARTESIAN_POINT('',(123.016727972694,10.884121488352,-83.7934155602146));
#4768=CARTESIAN_POINT('',(123.57264183601,10.8841214883364,-87.6771449050807));
#4769=CARTESIAN_POINT('',(124.128555699326,10.8841214883208,-91.5608742499469));
#4770=CARTESIAN_POINT('',(124.684469562643,10.8841214883052,-95.444603594813));
#4771=CARTESIAN_POINT('',(124.695626812883,10.8841214883049,-95.5225504549759));
#4772=CARTESIAN_POINT('',(124.706784063123,10.8841214883046,-95.6004973151389));
#4773=CARTESIAN_POINT('',(124.717941313364,10.8841214883043,-95.6784441753018));
#4774=CARTESIAN_POINT('',(124.73009078446,10.8841214883039,-95.7633228957903));
#4775=CARTESIAN_POINT('',(124.742240255556,10.8841214883036,-95.8482016162788));
#4776=CARTESIAN_POINT('',(124.754389726652,10.8841214883033,-95.9330803367673));
#4777=CARTESIAN_POINT('',(124.757923721575,10.8841214883032,-95.9577695569771));
#4778=CARTESIAN_POINT('',(124.761457716499,10.8841214883031,-95.9824587771868));
#4779=CARTESIAN_POINT('',(124.764991711422,10.884121488303,-96.0071479973965));
#4780=CARTESIAN_POINT('',(124.809876547587,10.8841214883017,-96.3207227557512));
#4781=CARTESIAN_POINT('',(124.854761383753,10.8841214883005,-96.6342975141059));
#4782=CARTESIAN_POINT('',(124.899646219918,10.8841214882993,-96.9478722724606));
#4783=CARTESIAN_POINT('',(124.996422300871,10.8841214882966,-97.6239700104043));
#4784=CARTESIAN_POINT('',(125.063882305981,10.8841214882979,-98.3026964509706));
#4785=CARTESIAN_POINT('',(125.155293886874,10.8841214882979,-99.9364534244867));
#4786=CARTESIAN_POINT('',(125.151127377173,10.8841214882988,-100.893805087353));
#4787=CARTESIAN_POINT('',(125.029898599855,10.8841214882988,-102.806909944127));
#4788=CARTESIAN_POINT('',(124.913923430323,10.884121488297,-103.763033464185));
#4789=CARTESIAN_POINT('',(124.657761298662,10.8841214882998,-105.194644792675));
#4790=CARTESIAN_POINT('',(124.558742056421,10.8841214883009,-105.6713618246));
#4791=CARTESIAN_POINT('',(124.390040726177,10.8841214882978,-106.385431855583));
#4792=CARTESIAN_POINT('',(124.330446529964,10.8841214883006,-106.623293941291));
#4793=CARTESIAN_POINT('',(124.241638604433,10.8841214882981,-106.958665600834));
#4794=CARTESIAN_POINT('',(124.215202201137,10.8841214882982,-107.056336401393));
#4795=CARTESIAN_POINT('',(124.188202693174,10.8841214882988,-107.153973367807));
#4796=CARTESIAN_POINT('',(123.112762767789,10.8841214883256,-111.043032828368));
#4797=CARTESIAN_POINT('',(122.037322842404,10.8841214883524,-114.932092288929));
#4798=CARTESIAN_POINT('',(120.96188291702,10.8841214883792,-118.821151749489));
#4799=CARTESIAN_POINT('',(124.111460490385,13.3171422103303,-82.3434804686246));
#4800=CARTESIAN_POINT('',(124.772865311123,13.3171422103256,-86.4651190407514));
#4801=CARTESIAN_POINT('',(125.434270131862,13.3171422103209,-90.5867576128782));
#4802=CARTESIAN_POINT('',(126.0956749526,13.3171422103161,-94.708396185005));
#4803=CARTESIAN_POINT('',(126.108949417552,13.317142210316,-94.7911179086103));
#4804=CARTESIAN_POINT('',(126.122223882505,13.3171422103159,-94.8738396322155));
#4805=CARTESIAN_POINT('',(126.135498347457,13.3171422103159,-94.9565613558208));
#4806=CARTESIAN_POINT('',(126.14995331842,13.3171422103157,-95.0466395711786));
#4807=CARTESIAN_POINT('',(126.164408289384,13.3171422103156,-95.1367177865364));
#4808=CARTESIAN_POINT('',(126.178863260347,13.3171422103155,-95.2267960018941));
#4809=CARTESIAN_POINT('',(126.183067870869,13.3171422103155,-95.2529976326712));
#4810=CARTESIAN_POINT('',(126.18727248139,13.3171422103155,-95.2791992634482));
#4811=CARTESIAN_POINT('',(126.191477091912,13.3171422103155,-95.3054008942252));
#4812=CARTESIAN_POINT('',(126.244879334555,13.3171422103151,-95.6381845937348));
#4813=CARTESIAN_POINT('',(126.298281577199,13.3171422103148,-95.9709682932445));
#4814=CARTESIAN_POINT('',(126.351683819842,13.3171422103145,-96.3037519927542));
#4815=CARTESIAN_POINT('',(126.466824259213,13.3171422103137,-97.0212660798049));
#4816=CARTESIAN_POINT('',(126.550923400658,13.3171422103134,-97.7422603884884));
#4817=CARTESIAN_POINT('',(126.677995559963,13.3171422103134,-99.4795387520396));
#4818=CARTESIAN_POINT('',(126.690961658091,13.3171422103141,-100.49860336875));
#4819=CARTESIAN_POINT('',(126.596197292001,13.3171422103141,-102.534912697699));
#4820=CARTESIAN_POINT('',(126.48949136657,13.3171422103123,-103.55194662076));
#4821=CARTESIAN_POINT('',(126.24195319034,13.317142210315,-105.073991829031));
#4822=CARTESIAN_POINT('',(126.144915847585,13.317142210316,-105.580625141884));
#4823=CARTESIAN_POINT('',(125.977924043704,13.3171422103132,-106.339066187343));
#4824=CARTESIAN_POINT('',(125.918689301122,13.3171422103157,-106.591631440704));
#4825=CARTESIAN_POINT('',(125.830102701923,13.3171422103134,-106.947619575813));
#4826=CARTESIAN_POINT('',(125.803696551619,13.3171422103134,-107.05128011576));
#4827=CARTESIAN_POINT('',(125.776693576212,13.3171422103141,-107.154890335718));
#4828=CARTESIAN_POINT('',(124.701115536166,13.3171422103409,-111.281875441252));
#4829=CARTESIAN_POINT('',(123.625537496119,13.3171422103677,-115.408860546786));
#4830=CARTESIAN_POINT('',(122.549959456073,13.3171422103945,-119.535845652319));
#4831=CARTESIAN_POINT('',(125.206193008076,15.7501629323086,-80.8935453770346));
#4832=CARTESIAN_POINT('',(125.973088786236,15.7501629323148,-85.253093176422));
#4833=CARTESIAN_POINT('',(126.739984564397,15.7501629323209,-89.6126409758096));
#4834=CARTESIAN_POINT('',(127.506880342557,15.7501629323271,-93.972188775197));
#4835=CARTESIAN_POINT('',(127.522272022222,15.7501629323272,-94.0596853622446));
#4836=CARTESIAN_POINT('',(127.537663701886,15.7501629323273,-94.1471819492922));
#4837=CARTESIAN_POINT('',(127.553055381551,15.7501629323274,-94.2346785363398));
#4838=CARTESIAN_POINT('',(127.569815852381,15.7501629323276,-94.3299562465669));
#4839=CARTESIAN_POINT('',(127.586576323212,15.7501629323277,-94.4252339567939));
#4840=CARTESIAN_POINT('',(127.603336794042,15.7501629323278,-94.5205116670209));
#4841=CARTESIAN_POINT('',(127.608212020162,15.7501629323279,-94.5482257083654));
#4842=CARTESIAN_POINT('',(127.613087246282,15.7501629323279,-94.5759397497096));
#4843=CARTESIAN_POINT('',(127.617962472402,15.750162932328,-94.6036537910539));
#4844=CARTESIAN_POINT('',(127.679882121524,15.7501629323285,-94.9556464317185));
#4845=CARTESIAN_POINT('',(127.741801770645,15.7501629323291,-95.3076390723831));
#4846=CARTESIAN_POINT('',(127.803721419767,15.7501629323296,-95.6596317130478));
#4847=CARTESIAN_POINT('',(127.937226217555,15.7501629323308,-96.4185621492056));
#4848=CARTESIAN_POINT('',(128.037964495334,15.7501629323289,-97.1818243260061));
#4849=CARTESIAN_POINT('',(128.200697233052,15.7501629323289,-99.0226240795925));
#4850=CARTESIAN_POINT('',(128.230795939009,15.7501629323294,-100.103401650147));
#4851=CARTESIAN_POINT('',(128.162495984147,15.7501629323294,-102.262915451271));
#4852=CARTESIAN_POINT('',(128.065059302817,15.7501629323275,-103.340859777335));
#4853=CARTESIAN_POINT('',(127.826145082017,15.7501629323303,-104.953338865386));
#4854=CARTESIAN_POINT('',(127.731089638748,15.750162932331,-105.489888459168));
#4855=CARTESIAN_POINT('',(127.565807361231,15.7501629323285,-106.292700519103));
#4856=CARTESIAN_POINT('',(127.50693207228,15.7501629323309,-106.559968940118));
#4857=CARTESIAN_POINT('',(127.418566799414,15.7501629323287,-106.936573550791));
#4858=CARTESIAN_POINT('',(127.392190902101,15.7501629323287,-107.046223830127));
#4859=CARTESIAN_POINT('',(127.365184459249,15.7501629323294,-107.155807303629));
#4860=CARTESIAN_POINT('',(126.289468304542,15.7501629323562,-111.520718054136));
#4861=CARTESIAN_POINT('',(125.213752149834,15.750162932383,-115.885628804642));
#4862=CARTESIAN_POINT('',(124.138035995127,15.7501629324099,-120.250539555149));
#4863=CARTESIAN_POINT('',(121.04280129409,-9.47183658059898E-16,-96.7964695288915));
#4864=CARTESIAN_POINT('',(121.042527979331,0.384272362372189,-96.7955614033721));
#4865=CARTESIAN_POINT('',(121.048739817096,1.13936382740039,-96.7122685034817));
#4866=CARTESIAN_POINT('',(121.17132605406,2.63082598382005,-96.5160810360538));
#4867=CARTESIAN_POINT('',(121.6226812472,5.20043516281167,-95.9092677700041));
#4868=CARTESIAN_POINT('',(122.368484561557,7.15884728323753,-94.9739693728992));
#4869=CARTESIAN_POINT('',(122.926359754346,8.29594580329373,-94.1154246708471));
#4870=CARTESIAN_POINT('',(122.926359754346,8.29594580329376,-94.1154246708471));
#4871=CARTESIAN_POINT('',(120.112404512768,-8.51075183267082E-16,-107.238083123878));
#4872=CARTESIAN_POINT('',(120.11158310044,1.49758415092096,-107.238082649712));
#4873=CARTESIAN_POINT('',(120.48928926819,4.445135846734,-107.238300683343));
#4874=CARTESIAN_POINT('',(121.753383422437,7.19512207256229,-107.239030390884));
#4875=CARTESIAN_POINT('',(122.574251904498,8.45110076628421,-107.239504243183));
#4876=CARTESIAN_POINT('',(122.574251904498,8.45110076628421,-107.239504243183));
#4877=CARTESIAN_POINT('',(113.489885434491,8.45110076686424,-16.9920340680395));
#4878=CARTESIAN_POINT('',(114.301130459159,8.45110076681698,-23.5584262131749));
#4879=CARTESIAN_POINT('',(115.112375483827,8.45110076676971,-30.1248183583103));
#4880=CARTESIAN_POINT('',(115.923620508495,8.45110076672245,-36.6912105034458));
#4881=CARTESIAN_POINT('',(116.547655142856,8.4511007666861,-41.7422813843192));
#4882=CARTESIAN_POINT('',(117.171689777216,8.45110076664974,-46.7933522651926));
#4883=CARTESIAN_POINT('',(117.795724411576,8.45110076661339,-51.844423146066));
#4884=CARTESIAN_POINT('',(118.275751053392,8.45110076658542,-55.7298622851994));
#4885=CARTESIAN_POINT('',(118.755777695207,8.45110076655746,-59.6153014243328));
#4886=CARTESIAN_POINT('',(119.235804337023,8.45110076652949,-63.5007405634661));
#4887=CARTESIAN_POINT('',(119.605055599958,8.45110076650798,-66.4895399012611));
#4888=CARTESIAN_POINT('',(119.974306862893,8.45110076648647,-69.478339239056));
#4889=CARTESIAN_POINT('',(120.343558125828,8.45110076646496,-72.4671385768509));
#4890=CARTESIAN_POINT('',(120.627597558855,8.45110076644841,-74.7662149905393));
#4891=CARTESIAN_POINT('',(120.911636991882,8.45110076643186,-77.0652914042277));
#4892=CARTESIAN_POINT('',(121.195676424909,8.45110076641531,-79.3643678179161));
#4893=CARTESIAN_POINT('',(121.414168296468,8.45110076640258,-81.132888136138));
#4894=CARTESIAN_POINT('',(121.632660168027,8.45110076638985,-82.9014084543598));
#4895=CARTESIAN_POINT('',(121.851152039586,8.45110076637713,-84.6699287725816));
#4896=CARTESIAN_POINT('',(122.019222710016,8.45110076636733,-86.0303290173677));
#4897=CARTESIAN_POINT('',(122.187293380446,8.45110076635754,-87.3907292621537));
#4898=CARTESIAN_POINT('',(122.355364050877,8.45110076634775,-88.7511295069397));
#4899=CARTESIAN_POINT('',(122.484649181977,8.45110076634022,-89.7975912336982));
#4900=CARTESIAN_POINT('',(122.613934313077,8.45110076633268,-90.8440529604567));
#4901=CARTESIAN_POINT('',(122.743219444177,8.45110076632515,-91.8905146872152));
#4902=CARTESIAN_POINT('',(122.842669545023,8.45110076631936,-92.6954852462602));
#4903=CARTESIAN_POINT('',(122.942119645869,8.45110076631356,-93.5004558053052));
#4904=CARTESIAN_POINT('',(123.041569746716,8.45110076630777,-94.3054263643502));
#4905=CARTESIAN_POINT('',(123.11806982429,8.45110076630331,-94.9246344866925));
#4906=CARTESIAN_POINT('',(123.194569901864,8.45110076629886,-95.5438426090348));
#4907=CARTESIAN_POINT('',(123.271069979438,8.4511007662944,-96.1630507313771));
#4908=CARTESIAN_POINT('',(123.329916192956,8.45110076629097,-96.6393646716404));
#4909=CARTESIAN_POINT('',(123.388762406475,8.45110076628755,-97.1156786119037));
#4910=CARTESIAN_POINT('',(123.447608619993,8.45110076628412,-97.591992552167));
#4911=CARTESIAN_POINT('',(123.526020342529,8.45110076627955,-98.2266739410037));
#4912=CARTESIAN_POINT('',(123.576841211304,8.45110076628234,-98.8631325134529));
#4913=CARTESIAN_POINT('',(123.632592213785,8.45110076628234,-100.393368096934));
#4914=CARTESIAN_POINT('',(123.611293096255,8.45110076628358,-101.289006805956));
#4915=CARTESIAN_POINT('',(123.463599907709,8.45110076628358,-103.078907190555));
#4916=CARTESIAN_POINT('',(123.338355494076,8.45110076628173,-103.974120307611));
#4917=CARTESIAN_POINT('',(123.073569406984,8.4511007662845,-105.31529775632));
#4918=CARTESIAN_POINT('',(122.972568265257,8.4511007662859,-105.762098507316));
#4919=CARTESIAN_POINT('',(122.80215740865,8.45110076628242,-106.431797523823));
#4920=CARTESIAN_POINT('',(122.742203758805,8.45110076628543,-106.654956441877));
#4921=CARTESIAN_POINT('',(122.653174506942,8.45110076628281,-106.969711625856));
#4922=CARTESIAN_POINT('',(122.626707850656,8.4511007662829,-107.061392687027));
#4923=CARTESIAN_POINT('',(122.599711810137,8.45110076628357,-107.153056399896));
#4924=CARTESIAN_POINT('',(122.459227302971,8.45110076628707,-107.630064556643));
#4925=CARTESIAN_POINT('',(122.318742795804,8.45110076629056,-108.107072713391));
#4926=CARTESIAN_POINT('',(122.178258288638,8.45110076629406,-108.584080870138));
#4927=CARTESIAN_POINT('',(121.995628429322,8.4511007662986,-109.20419147391));
#4928=CARTESIAN_POINT('',(121.812998570006,8.45110076630314,-109.824302077682));
#4929=CARTESIAN_POINT('',(121.63036871069,8.45110076630768,-110.444412681454));
#4930=CARTESIAN_POINT('',(121.392949893579,8.45110076631358,-111.250556466357));
#4931=CARTESIAN_POINT('',(121.155531076469,8.45110076631949,-112.05670025126));
#4932=CARTESIAN_POINT('',(120.918112259358,8.45110076632539,-112.862844036164));
#4933=CARTESIAN_POINT('',(120.609467797114,8.45110076633306,-113.910830956538));
#4934=CARTESIAN_POINT('',(120.30082333487,8.45110076634074,-114.958817876912));
#4935=CARTESIAN_POINT('',(119.992178872626,8.45110076634841,-116.006804797286));
#4936=CARTESIAN_POINT('',(119.590941071709,8.45110076635839,-117.369187793773));
#4937=CARTESIAN_POINT('',(119.189703270791,8.45110076636837,-118.731570790259));
#4938=CARTESIAN_POINT('',(118.788465469874,8.45110076637834,-120.093953786746));
#4939=CARTESIAN_POINT('',(118.266856328682,8.45110076639131,-121.865051682179));
#4940=CARTESIAN_POINT('',(117.745247187489,8.45110076640428,-123.636149577611));
#4941=CARTESIAN_POINT('',(117.223638046297,8.45110076641725,-125.407247473044));
#4942=CARTESIAN_POINT('',(116.545546162747,8.45110076643411,-127.709674737106));
#4943=CARTESIAN_POINT('',(115.867454279197,8.45110076645097,-130.012102001168));
#4944=CARTESIAN_POINT('',(115.189362395647,8.45110076646783,-132.314529265231));
#4945=CARTESIAN_POINT('',(114.307842947031,8.45110076648975,-135.307684708511));
#4946=CARTESIAN_POINT('',(113.426323498416,8.45110076651167,-138.300840151792));
#4947=CARTESIAN_POINT('',(112.544804049801,8.45110076653358,-141.293995595073));
#4948=CARTESIAN_POINT('',(111.398828766601,8.45110076656208,-145.185097671339));
#4949=CARTESIAN_POINT('',(110.252853483402,8.45110076659057,-149.076199747604));
#4950=CARTESIAN_POINT('',(109.106878200202,8.45110076661906,-152.967301823869));
#4951=CARTESIAN_POINT('',(107.617110332042,8.4511007666561,-158.025734523014));
#4952=CARTESIAN_POINT('',(106.127342463883,8.45110076669314,-163.084167222159));
#4953=CARTESIAN_POINT('',(104.637574595723,8.45110076673018,-168.142599921304));
#4954=CARTESIAN_POINT('',(102.700876367116,8.45110076677833,-174.718562430192));
#4955=CARTESIAN_POINT('',(100.764178138508,8.45110076682649,-181.294524939081));
#4956=CARTESIAN_POINT('',(98.8274799099009,8.45110076687464,-187.870487447969));
#4957=CARTESIAN_POINT('',(123.047257768952,8.45110076632508,-94.3514664431955));
#4958=CARTESIAN_POINT('',(123.047257768952,8.45110076632508,-94.3514664431955));
#4959=CARTESIAN_POINT('',(123.004355581845,8.39510430121622,-94.27693111257));
#4960=CARTESIAN_POINT('',(122.964074124325,8.34326507770569,-94.198320835121));
#4961=CARTESIAN_POINT('',(122.926359754346,8.29594580329377,-94.1154246708471));
#4962=CARTESIAN_POINT('',(101.131418973342,21.9581087017393,-100.463683891048));
#4963=CARTESIAN_POINT('',(127.164647063895,21.9581087017393,-107.242154082162));
#4964=CARTESIAN_POINT('',(127.164647063895,12.2296120876227,-107.242154082162));
#4965=CARTESIAN_POINT('',(127.164647063895,12.2296120876241,-107.242154082163));
#4966=CARTESIAN_POINT('',(127.164204075689,12.2292896698419,-107.243855411913));
#4967=CARTESIAN_POINT('',(127.163760927248,12.2289671282739,-107.245556673111));
#4968=CARTESIAN_POINT('',(127.163317618585,12.2286444629166,-107.247257865759));
#4969=CARTESIAN_POINT('',(127.163317618399,12.2286444667446,-107.247257866473));
#4970=CARTESIAN_POINT('',(127.163317618399,21.9581087017393,-107.247257866473));
#4971=CARTESIAN_POINT('',(129.267243656305,13.7000000000001,-107.2439606457));
#4972=CARTESIAN_POINT('',(129.267243266817,13.7000000000001,-107.238828335269));
#4973=CARTESIAN_POINT('',(128.261114198736,13.0278082980895,-107.245537426864));
#4974=CARTESIAN_POINT('',(128.261113809248,13.0278082980895,-107.240405116433));
#4975=CARTESIAN_POINT('',(127.150068320006,12.2190015293467,-107.247278630445));
#4976=CARTESIAN_POINT('',(127.150067930518,12.2190015293467,-107.242146320014));
#4977=CARTESIAN_POINT('',(127.164647063894,12.2296120876237,-107.242154082162));
#4978=CARTESIAN_POINT('',(127.856320310091,12.732882294014,-107.242553355573));
#4979=CARTESIAN_POINT('',(128.555945744919,13.2247843684814,-107.242957219441));
#4980=CARTESIAN_POINT('',(129.267243611316,13.7000000000001,-107.243367821306));
#4981=CARTESIAN_POINT('',(129.267243611316,13.7000000000001,-107.243367821306));
#4982=CARTESIAN_POINT('',(129.267215170436,13.7000000000001,-106.8686000265));
#4983=CARTESIAN_POINT('',(129.267243656305,13.7000000000001,-107.2439606457));
#4984=CARTESIAN_POINT('',(126.850712178596,11.9999999999999,-107.247747773975));
#4985=CARTESIAN_POINT('',(130.607036250264,14.7614111217044,-107.241860955933));
#4986=CARTESIAN_POINT('',(133.193876870751,16.0000000000001,-107.237806923388));
#4987=CARTESIAN_POINT('',(155.41090843621,13.7000000000001,-84.4666151432569));
#4988=CARTESIAN_POINT('',(159.593986988601,13.7000000000001,-107.196433324734));
#4989=CARTESIAN_POINT('',(129.543691793359,13.7000000000001,-107.243527403028));
#4990=CARTESIAN_POINT('',(140.756364728133,13.7000000000001,-107.25));
#4991=CARTESIAN_POINT('',(134.25193699527,-8.67361737988404E-16,-89.8695583496078));
#4992=CARTESIAN_POINT('',(122.505536508131,8.,-93.4048236290087));
#4993=CARTESIAN_POINT('',(113.481301855952,8.,-63.4205746584853));
#4994=CARTESIAN_POINT('',(122.383698424925,8.00000000000009,-93.));
#4995=CARTESIAN_POINT('',(111.600500723798,8.,-57.1713566822066));
#4996=CARTESIAN_POINT('',(112.227434434516,8.,-59.2544293409662));
#4997=CARTESIAN_POINT('',(112.854368145234,8.,-61.3375019997258));
#4998=CARTESIAN_POINT('',(113.481301855952,8.,-63.4205746584853));
#4999=CARTESIAN_POINT('',(111.600500723807,8.,-57.1713566822211));
#5000=CARTESIAN_POINT('',(110.263296937998,5.12616022636416,-57.7654346867499));
#5001=CARTESIAN_POINT('',(110.61134184384,6.13827938444392,-57.6095786605235));
#5002=CARTESIAN_POINT('',(111.057027328454,7.09612918325938,-57.4109738852046));
#5003=CARTESIAN_POINT('',(111.600500723798,7.99999999999999,-57.1713566822066));
#5004=CARTESIAN_POINT('',(122.383698424925,8.00000000000009,-93.));
#5005=CARTESIAN_POINT('',(122.507296043771,8.00000000000009,-93.4106699258668));
#5006=CARTESIAN_POINT('',(122.69948283598,8.11372965704186,-93.7962097255467));
#5007=CARTESIAN_POINT('',(122.926359754346,8.29594580329377,-94.1154246708471));
#5008=CARTESIAN_POINT('',(110.363543215639,5.10757561009333,-57.9449634946039));
#5009=CARTESIAN_POINT('',(110.01860799508,5.10757561009333,-57.3645378155539));
#5010=CARTESIAN_POINT('',(109.634970166951,5.10757561009333,-56.8071377289409));
#5011=CARTESIAN_POINT('',(108.625342404377,5.10757561009333,-55.5318304273298));
#5012=CARTESIAN_POINT('',(107.964514682482,5.10757561009333,-54.8416604998181));
#5013=CARTESIAN_POINT('',(107.188299584042,5.10757561009333,-54.1703313368268));
#5014=CARTESIAN_POINT('',(107.131323135301,5.10757561009333,-54.1217866024037));
#5015=CARTESIAN_POINT('',(107.073990689407,5.10757561009333,-54.0736662253468));
#5016=CARTESIAN_POINT('',(110.691476076062,6.13266720077253,-57.750099785642));
#5017=CARTESIAN_POINT('',(110.337869691759,6.13266720077253,-57.1550830593321));
#5018=CARTESIAN_POINT('',(109.944587773296,6.13266720077253,-56.5836707549625));
#5019=CARTESIAN_POINT('',(108.909579454812,6.13266720077253,-55.2763041048771));
#5020=CARTESIAN_POINT('',(108.232139496642,6.13266720077253,-54.5687843212284));
#5021=CARTESIAN_POINT('',(107.436411493115,6.13266720077253,-53.8805789311892));
#5022=CARTESIAN_POINT('',(107.378002740315,6.13266720077253,-53.8308138535943));
#5023=CARTESIAN_POINT('',(107.319229041117,6.13266720077253,-53.7814838010851));
#5024=CARTESIAN_POINT('',(111.112827883497,7.09988831672193,-57.4997248281935));
#5025=CARTESIAN_POINT('',(110.748080162178,7.09988831672193,-56.8859604712639));
#5026=CARTESIAN_POINT('',(110.342406820397,7.09988831672193,-56.296544258197));
#5027=CARTESIAN_POINT('',(109.274787731855,7.09988831672193,-54.9479854433271));
#5028=CARTESIAN_POINT('',(108.576003173539,7.09988831672193,-54.2181733122978));
#5029=CARTESIAN_POINT('',(107.755203581225,7.09988831672193,-53.5082841277157));
#5030=CARTESIAN_POINT('',(107.694954500794,7.09988831672193,-53.4569510651361));
#5031=CARTESIAN_POINT('',(107.634328975329,7.09988831672193,-53.4060667342982));
#5032=CARTESIAN_POINT('',(111.617474787321,8.00000000000075,-57.1998543996301));
#5033=CARTESIAN_POINT('',(111.239383249434,8.00000000000075,-56.5636362794098));
#5034=CARTESIAN_POINT('',(110.818868880983,8.00000000000075,-55.9526570479328));
#5035=CARTESIAN_POINT('',(109.712192349584,8.00000000000075,-54.5547629791172));
#5036=CARTESIAN_POINT('',(108.987843675518,8.00000000000075,-53.7982516293209));
#5037=CARTESIAN_POINT('',(108.137016207609,8.00000000000075,-53.0623920808145));
#5038=CARTESIAN_POINT('',(108.074562993661,8.00000000000075,-53.0091810655269));
#5039=CARTESIAN_POINT('',(108.011719562932,8.00000000000075,-52.9564351982428));
#5040=CARTESIAN_POINT('',(111.600500723807,8.,-57.1713566822211));
#5041=CARTESIAN_POINT('',(110.657466463995,8.,-55.5916808069054));
#5042=CARTESIAN_POINT('',(109.442684464058,8.,-54.1623055756346));
#5043=CARTESIAN_POINT('',(108.037107291018,8.,-52.9777868693305));
#5044=CARTESIAN_POINT('',(108.037107291018,8.,-52.9777868693305));
#5045=CARTESIAN_POINT('',(107.134139460953,5.25000000000001,-54.0539020248066));
#5046=CARTESIAN_POINT('',(107.372244773354,6.21463162958098,-53.7701391633376));
#5047=CARTESIAN_POINT('',(107.673014719916,7.13146559106643,-53.4116954989776));
#5048=CARTESIAN_POINT('',(108.037107291018,8.00000000000075,-52.9777868693301));
#5049=CARTESIAN_POINT('',(114.74173573417,13.4851995818112,-46.7915625815076));
#5050=CARTESIAN_POINT('',(114.099715857186,13.4851995818112,-44.6536621829321));
#5051=CARTESIAN_POINT('',(113.7856546322,12.8077491407829,-47.0802325550207));
#5052=CARTESIAN_POINT('',(113.143634755216,12.8077491407829,-44.9423321564452));
#5053=CARTESIAN_POINT('',(112.733778964882,11.9999999999999,-47.3978258223683));
#5054=CARTESIAN_POINT('',(112.091759087898,11.9999999999999,-45.2599254237928));
#5055=CARTESIAN_POINT('',(114.305891193738,13.4526365028947,-45.5069411320668));
#5056=CARTESIAN_POINT('',(113.774975019597,12.9832449748077,-46.1396623899661));
#5057=CARTESIAN_POINT('',(113.25026116332,12.4974457294203,-46.7649920132679));
#5058=CARTESIAN_POINT('',(112.729949820486,11.9999999999999,-47.3850749253579));
#5059=CARTESIAN_POINT('',(112.729949820486,11.9999999999999,-47.3850749253579));
#5060=CARTESIAN_POINT('',(126.903022633248,11.9999999999999,-94.5808380188326));
#5061=CARTESIAN_POINT('',(112.091759087898,11.9999999999999,-45.2599254237928));
#5062=CARTESIAN_POINT('',(112.091759087898,11.9999999999999,-45.2599254237928));
#5063=CARTESIAN_POINT('',(115.687753214945,14.7614111217044,-44.1741853884869));
#5064=CARTESIAN_POINT('',(118.164180568228,16.0000000000001,-43.4264766250708));
#5065=CARTESIAN_POINT('',(118.025314044039,0.499802628872868,-94.5554610461852));
#5066=CARTESIAN_POINT('',(119.359585635806,0.499795215429023,-98.4733922475993));
#5067=CARTESIAN_POINT('',(119.321929305712,0.499801938579788,-102.805752713426));
#5068=CARTESIAN_POINT('',(117.950959105966,0.499802571040454,-106.685428594926));
#5069=CARTESIAN_POINT('',(118.485322736386,0.,-94.3988026977205));
#5070=CARTESIAN_POINT('',(119.854455136299,0.,-98.4199231969936));
#5071=CARTESIAN_POINT('',(119.816071692025,0.,-102.865865152424));
#5072=CARTESIAN_POINT('',(118.409016541175,0.,-106.847683892137));
#5073=CARTESIAN_POINT('',(118.086829028953,0.499802485676762,-106.286160982048));
#5074=CARTESIAN_POINT('',(119.322900874221,0.499801495613708,-102.510154993791));
#5075=CARTESIAN_POINT('',(119.313992325905,0.499795468753342,-98.3395128691125));
#5076=CARTESIAN_POINT('',(118.025314044039,0.499802628872868,-94.5554610461852));
#5077=CARTESIAN_POINT('',(118.087092512025,0.499481943131254,-106.286357826212));
#5078=CARTESIAN_POINT('',(118.087453486887,0.499025579000643,-106.286681307927));
#5079=CARTESIAN_POINT('',(118.201724839921,0.334636002508405,-106.451337028472));
#5080=CARTESIAN_POINT('',(118.317179337778,0.168294137494917,-106.614603745878));
#5081=CARTESIAN_POINT('',(118.434090272308,0.,-106.776263531907));
#5082=CARTESIAN_POINT('',(117.998554235669,0.350615459291372,-94.4879543811628));
#5083=CARTESIAN_POINT('',(117.99892082795,0.350615459291372,-94.4890307392339));
#5084=CARTESIAN_POINT('',(117.999287420232,0.350615459291372,-94.490107097305));
#5085=CARTESIAN_POINT('',(118.003290464982,0.350615459291372,-94.5018605076902));
#5086=CARTESIAN_POINT('',(118.006926917452,0.350615459291372,-94.5125375600041));
#5087=CARTESIAN_POINT('',(118.012381596156,0.350615459291372,-94.5285531384751));
#5088=CARTESIAN_POINT('',(118.01419982239,0.350615459291372,-94.5338916646321));
#5089=CARTESIAN_POINT('',(118.01783627486,0.350615459291372,-94.544568716946));
#5090=CARTESIAN_POINT('',(118.019654208678,0.350615459291372,-94.5499067857815));
#5091=CARTESIAN_POINT('',(118.022831693015,0.350615459291372,-94.5592355525594));
#5092=CARTESIAN_POINT('',(118.024189945292,0.350615459291372,-94.5632264077878));
#5093=CARTESIAN_POINT('',(118.02690306277,0.350615459291372,-94.5712084287503));
#5094=CARTESIAN_POINT('',(118.028258254586,0.350615459291372,-94.575199899755));
#5095=CARTESIAN_POINT('',(118.032319728375,0.350615459291372,-94.5871756916433));
#5096=CARTESIAN_POINT('',(118.035021908697,0.350615459291372,-94.5951613914349));
#5097=CARTESIAN_POINT('',(118.043112036017,0.350615459291372,-94.6191239850167));
#5098=CARTESIAN_POINT('',(118.048483569383,0.350615459291372,-94.6351063730922));
#5099=CARTESIAN_POINT('',(118.064532458952,0.350615459291372,-94.6830753433221));
#5100=CARTESIAN_POINT('',(118.075144104576,0.350615459291372,-94.7150837317591));
#5101=CARTESIAN_POINT('',(118.106715755067,0.350615459291372,-94.8111947488985));
#5102=CARTESIAN_POINT('',(118.127412471962,0.350615459291372,-94.8753832319837));
#5103=CARTESIAN_POINT('',(118.188445978198,0.350615459291372,-95.068281029656));
#5104=CARTESIAN_POINT('',(118.227726093266,0.350615459291372,-95.197322727271));
#5105=CARTESIAN_POINT('',(118.341312834461,0.350615459291372,-95.5856875095754));
#5106=CARTESIAN_POINT('',(118.41136528776,0.350615459291372,-95.8462507378906));
#5107=CARTESIAN_POINT('',(118.604309720542,0.350615459291372,-96.6321639012481));
#5108=CARTESIAN_POINT('',(118.709977654854,0.350615459291372,-97.161741081602));
#5109=CARTESIAN_POINT('',(118.956882121571,0.350615459291372,-98.7612784597821));
#5110=CARTESIAN_POINT('',(119.027838039404,0.350615459291372,-99.8419782372342));
#5111=CARTESIAN_POINT('',(118.980314279993,0.350615459291372,-101.999424881967));
#5112=CARTESIAN_POINT('',(118.861839445101,0.350615459291372,-103.075951920519));
#5113=CARTESIAN_POINT('',(118.47497316117,0.350615459291372,-105.012256182175));
#5114=CARTESIAN_POINT('',(118.235503227897,0.350615459291372,-105.877676848746));
#5115=CARTESIAN_POINT('',(117.934654635602,0.350615459291372,-106.721272873541));
#5116=CARTESIAN_POINT('',(118.132753633291,8.64459797934983,-94.3748867317588));
#5117=CARTESIAN_POINT('',(118.133120225573,8.64459797934983,-94.3759630898299));
#5118=CARTESIAN_POINT('',(118.133486817854,8.64459797934983,-94.3770394479011));
#5119=CARTESIAN_POINT('',(118.137489862605,8.64459797934983,-94.3887928582862));
#5120=CARTESIAN_POINT('',(118.141126315074,8.64459797934983,-94.3994699106002));
#5121=CARTESIAN_POINT('',(118.146580993778,8.64459797934983,-94.4154854890711));
#5122=CARTESIAN_POINT('',(118.148399220013,8.64459797934983,-94.4208240152281));
#5123=CARTESIAN_POINT('',(118.152035672482,8.64459797934983,-94.4315010675421));
#5124=CARTESIAN_POINT('',(118.153836348817,8.64459797934983,-94.4368186524355));
#5125=CARTESIAN_POINT('',(118.157043987029,8.64459797934983,-94.4461832106555));
#5126=CARTESIAN_POINT('',(118.158440919642,8.64459797934983,-94.4502199957901));
#5127=CARTESIAN_POINT('',(118.161205582336,8.64459797934983,-94.4582632805382));
#5128=CARTESIAN_POINT('',(118.162586536255,8.64459797934983,-94.4622853922266));
#5129=CARTESIAN_POINT('',(118.166725264817,8.64459797934983,-94.4743531325176));
#5130=CARTESIAN_POINT('',(118.169478906278,8.64459797934983,-94.4824001663804));
#5131=CARTESIAN_POINT('',(118.177723290739,8.64459797934983,-94.5065468674189));
#5132=CARTESIAN_POINT('',(118.183197493837,8.64459797934983,-94.5226521341237));
#5133=CARTESIAN_POINT('',(118.199553886438,8.64459797934983,-94.570990159895));
#5134=CARTESIAN_POINT('',(118.210369859191,8.64459797934983,-94.6032451449009));
#5135=CARTESIAN_POINT('',(118.242552457727,8.64459797934983,-94.7000976197539));
#5136=CARTESIAN_POINT('',(118.263653762194,8.64459797934983,-94.7647826320194));
#5137=CARTESIAN_POINT('',(118.325892828665,8.64459797934983,-94.9591766034847));
#5138=CARTESIAN_POINT('',(118.365965713777,8.64459797934983,-95.0892245323741));
#5139=CARTESIAN_POINT('',(118.481897406567,8.64459797934983,-95.4806336530581));
#5140=CARTESIAN_POINT('',(118.55346867942,8.64459797934983,-95.7432606390158));
#5141=CARTESIAN_POINT('',(118.750831843438,8.64459797934983,-96.5354618327076));
#5142=CARTESIAN_POINT('',(118.859261876634,8.64459797934983,-97.0693601148488));
#5143=CARTESIAN_POINT('',(119.113869686199,8.64459797934983,-98.6821982655309));
#5144=CARTESIAN_POINT('',(119.189182061647,8.64459797934983,-99.7722152200413));
#5145=CARTESIAN_POINT('',(119.148681460248,8.64459797934983,-101.948914836491));
#5146=CARTESIAN_POINT('',(119.032872610145,8.64459797934983,-103.035375707958));
#5147=CARTESIAN_POINT('',(118.649264006746,8.64459797934983,-104.990147085405));
#5148=CARTESIAN_POINT('',(118.410661136746,8.64459797934983,-105.864051182487));
#5149=CARTESIAN_POINT('',(118.110061232094,8.64459797934983,-106.716149303536));
#5150=CARTESIAN_POINT('',(122.232935735095,14.1857475640491,-90.9203410289266));
#5151=CARTESIAN_POINT('',(122.233302327377,14.1857475640491,-90.9214173869977));
#5152=CARTESIAN_POINT('',(122.233668919658,14.1857475640491,-90.9224937450689));
#5153=CARTESIAN_POINT('',(122.237671964409,14.1857475640491,-90.934247155454));
#5154=CARTESIAN_POINT('',(122.241308416878,14.1857475640491,-90.944924207768));
#5155=CARTESIAN_POINT('',(122.246763095582,14.1857475640491,-90.960939786239));
#5156=CARTESIAN_POINT('',(122.248581321817,14.1857475640491,-90.9662783123959));
#5157=CARTESIAN_POINT('',(122.252217774286,14.1857475640491,-90.9769553647099));
#5158=CARTESIAN_POINT('',(122.253491184264,14.1857475640491,-90.9816471055675));
#5159=CARTESIAN_POINT('',(122.257620111124,14.1857475640491,-90.9921051964934));
#5160=CARTESIAN_POINT('',(122.260198840554,14.1857475640491,-90.9975452739141));
#5161=CARTESIAN_POINT('',(122.264538359598,14.1857475640491,-91.0074603455817));
#5162=CARTESIAN_POINT('',(122.266706420715,14.1857475640491,-91.0124186193164));
#5163=CARTESIAN_POINT('',(122.273205507418,14.1857475640491,-91.0272956508711));
#5164=CARTESIAN_POINT('',(122.277531436375,14.1857475640491,-91.0372166190841));
#5165=CARTESIAN_POINT('',(122.290488825376,14.1857475640491,-91.0669883386555));
#5166=CARTESIAN_POINT('',(122.299099887578,14.1857475640491,-91.0868479050448));
#5167=CARTESIAN_POINT('',(122.324851392557,14.1857475640491,-91.1464616515167));
#5168=CARTESIAN_POINT('',(122.341910153668,14.1857475640491,-91.1862508792662));
#5169=CARTESIAN_POINT('',(122.392758992799,14.1857475640491,-91.3057570448273));
#5170=CARTESIAN_POINT('',(122.426221624863,14.1857475640491,-91.3856124683898));
#5171=CARTESIAN_POINT('',(122.525294064582,14.1857475640491,-91.6257189029231));
#5172=CARTESIAN_POINT('',(122.589588381386,14.1857475640491,-91.7865101252602));
#5173=CARTESIAN_POINT('',(122.777165168971,14.1857475640491,-92.2709326421053));
#5174=CARTESIAN_POINT('',(122.895140798752,14.1857475640491,-92.5966134293342));
#5175=CARTESIAN_POINT('',(123.227509060019,14.1857475640491,-93.5809322471687));
#5176=CARTESIAN_POINT('',(123.420329251507,14.1857475640491,-94.2468527628081));
#5177=CARTESIAN_POINT('',(123.91029660091,14.1857475640491,-96.2660682171053));
#5178=CARTESIAN_POINT('',(124.118711433245,14.1857475640491,-97.6407520426362));
#5179=CARTESIAN_POINT('',(124.292788745696,14.1857475640491,-100.405685968913));
#5180=CARTESIAN_POINT('',(124.258433488601,14.1857475640491,-101.795654342223));
#5181=CARTESIAN_POINT('',(123.974356504947,14.1857475640491,-104.314649844208));
#5182=CARTESIAN_POINT('',(123.762244940982,14.1857475640491,-105.447747429183));
#5183=CARTESIAN_POINT('',(123.469243167451,14.1857475640491,-106.559609330879));
#5184=CARTESIAN_POINT('',(127.36116123816,16.,-86.5996330859864));
#5185=CARTESIAN_POINT('',(127.361527830441,16.,-86.6007094440576));
#5186=CARTESIAN_POINT('',(127.361894422723,16.,-86.6017858021287));
#5187=CARTESIAN_POINT('',(127.365897467473,16.,-86.6135392125138));
#5188=CARTESIAN_POINT('',(127.369533919943,16.,-86.6242162648278));
#5189=CARTESIAN_POINT('',(127.374988598647,16.,-86.6402318432987));
#5190=CARTESIAN_POINT('',(127.376806824882,16.,-86.6455703694557));
#5191=CARTESIAN_POINT('',(127.380443277351,16.,-86.6562474217697));
#5192=CARTESIAN_POINT('',(127.381057218869,16.,-86.6601563999925));
#5193=CARTESIAN_POINT('',(127.386338430145,16.,-86.6719822063444));
#5194=CARTESIAN_POINT('',(127.390395269675,16.,-86.6791774251494));
#5195=CARTESIAN_POINT('',(127.396704510621,16.,-86.691433599036));
#5196=CARTESIAN_POINT('',(127.399857031235,16.,-86.6975627598098));
#5197=CARTESIAN_POINT('',(127.409308291407,16.,-86.7159534594764));
#5198=CARTESIAN_POINT('',(127.415600729324,16.,-86.7282182157668));
#5199=CARTESIAN_POINT('',(127.434452819943,16.,-86.7650253212746));
#5200=CARTESIAN_POINT('',(127.446987249561,16.,-86.7895805072512));
#5201=CARTESIAN_POINT('',(127.484489514314,16.,-86.8632971489181));
#5202=CARTESIAN_POINT('',(127.509356325329,16.,-86.9125096888096));
#5203=CARTESIAN_POINT('',(127.583551613151,16.,-87.0603495311545));
#5204=CARTESIAN_POINT('',(127.63247494278,16.,-87.159179060787));
#5205=CARTESIAN_POINT('',(127.777616030026,16.,-87.4564594971309));
#5206=CARTESIAN_POINT('',(127.872204846109,16.,-87.6557023144443));
#5207=CARTESIAN_POINT('',(128.149390385983,16.,-88.2564595838629));
#5208=CARTESIAN_POINT('',(128.325405390783,16.,-88.661003724893));
#5209=CARTESIAN_POINT('',(128.826628733499,16.,-89.8856100410031));
#5210=CARTESIAN_POINT('',(129.124998325286,16.,-90.716654877462));
#5211=CARTESIAN_POINT('',(129.909337184202,16.,-93.2441390867858));
#5212=CARTESIAN_POINT('',(130.284227406404,16.,-94.9748646371956));
#5213=CARTESIAN_POINT('',(130.726684001257,16.,-98.4755215422411));
#5214=CARTESIAN_POINT('',(130.794205290767,16.,-100.245096204413));
#5215=CARTESIAN_POINT('',(130.634615605009,16.,-103.469784398346));
#5216=CARTESIAN_POINT('',(130.455637542885,16.,-104.927063354255));
#5217=CARTESIAN_POINT('',(130.17213898868,16.,-106.363819909801));
#5218=CARTESIAN_POINT('',(127.384377543146,16.0082134137528,-86.5800725433976));
#5219=CARTESIAN_POINT('',(127.384744135427,16.0082134137528,-86.5811489014688));
#5220=CARTESIAN_POINT('',(127.385110727708,16.0082134137528,-86.5822252595399));
#5221=CARTESIAN_POINT('',(127.389113772459,16.0082134137528,-86.593978669925));
#5222=CARTESIAN_POINT('',(127.392750224928,16.0082134137528,-86.604655722239));
#5223=CARTESIAN_POINT('',(127.398204903633,16.0082134137528,-86.62067130071));
#5224=CARTESIAN_POINT('',(127.400023129867,16.0082134137528,-86.6260098268669));
#5225=CARTESIAN_POINT('',(127.403659582337,16.0082134137528,-86.6366868791809));
#5226=CARTESIAN_POINT('',(127.404270538334,16.0082134137528,-86.6405923137108));
#5227=CARTESIAN_POINT('',(127.409556966188,16.0082134137528,-86.6524243119313));
#5228=CARTESIAN_POINT('',(127.413620497362,16.0082134137528,-86.6596274765449));
#5229=CARTESIAN_POINT('',(127.419938655557,16.0082134137528,-86.6718942489793));
#5230=CARTESIAN_POINT('',(127.423095632977,16.0082134137528,-86.6780287105478));
#5231=CARTESIAN_POINT('',(127.432560258116,16.0082134137528,-86.6964353171573));
#5232=CARTESIAN_POINT('',(127.438861598736,16.0082134137528,-86.7087106841548));
#5233=CARTESIAN_POINT('',(127.457740375621,16.0082134137528,-86.7455496399908));
#5234=CARTESIAN_POINT('',(127.470292566957,16.0082134137528,-86.7701260837956));
#5235=CARTESIAN_POINT('',(127.507848029297,16.0082134137528,-86.8439065715464));
#5236=CARTESIAN_POINT('',(127.532750188615,16.0082134137528,-86.8931617722938));
#5237=CARTESIAN_POINT('',(127.60705116958,16.0082134137528,-87.0411298857689));
#5238=CARTESIAN_POINT('',(127.656044492284,16.0082134137528,-87.1400453142436));
#5239=CARTESIAN_POINT('',(127.801394139737,16.0082134137528,-87.4375845865265));
#5240=CARTESIAN_POINT('',(127.89612010391,16.0082134137528,-87.6370014804197));
#5241=CARTESIAN_POINT('',(128.173711317076,16.0082134137528,-88.2382854160496));
#5242=CARTESIAN_POINT('',(128.3499890755,16.0082134137528,-88.6431865842177));
#5243=CARTESIAN_POINT('',(128.851976852437,16.0082134137528,-89.8688807206354));
#5244=CARTESIAN_POINT('',(129.150824283403,16.0082134137528,-90.7006731015598));
#5245=CARTESIAN_POINT('',(129.93649580968,16.0082134137528,-93.2304583256155));
#5246=CARTESIAN_POINT('',(130.312139692855,16.0082134137528,-94.9627957344094));
#5247=CARTESIAN_POINT('',(130.755811284059,16.0082134137528,-98.4667833761882));
#5248=CARTESIAN_POINT('',(130.823793785146,16.0082134137528,-100.238076577331));
#5249=CARTESIAN_POINT('',(130.664767673489,16.0082134137528,-103.465959556039));
#5250=CARTESIAN_POINT('',(130.485939612079,16.0082134137528,-104.924706133365));
#5251=CARTESIAN_POINT('',(130.202484080483,16.0082134137528,-106.362933539475));
#5252=CARTESIAN_POINT('',(127.407593848131,16.0164268275055,-86.5605120008089));
#5253=CARTESIAN_POINT('',(127.407960440413,16.0164268275055,-86.56158835888));
#5254=CARTESIAN_POINT('',(127.408327032694,16.0164268275055,-86.5626647169511));
#5255=CARTESIAN_POINT('',(127.412330077445,16.0164268275055,-86.5744181273363));
#5256=CARTESIAN_POINT('',(127.415966529914,16.0164268275055,-86.5850951796502));
#5257=CARTESIAN_POINT('',(127.421421208618,16.0164268275055,-86.6011107581212));
#5258=CARTESIAN_POINT('',(127.423239434853,16.0164268275055,-86.6064492842782));
#5259=CARTESIAN_POINT('',(127.426875887322,16.0164268275055,-86.6171263365922));
#5260=CARTESIAN_POINT('',(127.4274838578,16.0164268275055,-86.6210282274292));
#5261=CARTESIAN_POINT('',(127.432775502231,16.0164268275055,-86.6328664175183));
#5262=CARTESIAN_POINT('',(127.436845725048,16.0164268275055,-86.6400775279403));
#5263=CARTESIAN_POINT('',(127.443172800492,16.0164268275055,-86.6523548989225));
#5264=CARTESIAN_POINT('',(127.44633423472,16.0164268275055,-86.6584946612857));
#5265=CARTESIAN_POINT('',(127.455812224824,16.0164268275055,-86.6769171748382));
#5266=CARTESIAN_POINT('',(127.462122468148,16.0164268275055,-86.6892031525428));
#5267=CARTESIAN_POINT('',(127.4810279313,16.0164268275055,-86.7260739587071));
#5268=CARTESIAN_POINT('',(127.493597884353,16.0164268275055,-86.75067166034));
#5269=CARTESIAN_POINT('',(127.53120654428,16.0164268275055,-86.8245159941748));
#5270=CARTESIAN_POINT('',(127.556144051901,16.0164268275055,-86.8738138557779));
#5271=CARTESIAN_POINT('',(127.63055072601,16.0164268275055,-87.0219102403834));
#5272=CARTESIAN_POINT('',(127.679614041788,16.0164268275055,-87.1209115677003));
#5273=CARTESIAN_POINT('',(127.825172249448,16.0164268275055,-87.4187096759221));
#5274=CARTESIAN_POINT('',(127.920035361711,16.0164268275055,-87.6183006463952));
#5275=CARTESIAN_POINT('',(128.198032248169,16.0164268275055,-88.2201112482363));
#5276=CARTESIAN_POINT('',(128.374572760216,16.0164268275055,-88.6253694435423));
#5277=CARTESIAN_POINT('',(128.877324971374,16.0164268275055,-89.8521514002676));
#5278=CARTESIAN_POINT('',(129.176650241521,16.0164268275055,-90.6846913256575));
#5279=CARTESIAN_POINT('',(129.963654435158,16.0164268275055,-93.2167775644453));
#5280=CARTESIAN_POINT('',(130.340051979306,16.0164268275055,-94.9507268316231));
#5281=CARTESIAN_POINT('',(130.784938566861,16.0164268275055,-98.4580452101354));
#5282=CARTESIAN_POINT('',(130.853382279526,16.0164268275055,-100.231056950248));
#5283=CARTESIAN_POINT('',(130.694919741969,16.0164268275055,-103.462134713732));
#5284=CARTESIAN_POINT('',(130.516241681273,16.0164268275055,-104.922348912475));
#5285=CARTESIAN_POINT('',(130.232829172285,16.0164268275055,-106.362047169149));
#5286=CARTESIAN_POINT('',(127.430810153117,16.0246402412583,-86.5409514582201));
#5287=CARTESIAN_POINT('',(127.431176745398,16.0246402412583,-86.5420278162912));
#5288=CARTESIAN_POINT('',(127.43154333768,16.0246402412583,-86.5431041743624));
#5289=CARTESIAN_POINT('',(127.435546382431,16.0246402412583,-86.5548575847475));
#5290=CARTESIAN_POINT('',(127.4391828349,16.0246402412583,-86.5655346370615));
#5291=CARTESIAN_POINT('',(127.444637513604,16.0246402412583,-86.5815502155324));
#5292=CARTESIAN_POINT('',(127.446455739839,16.0246402412583,-86.5868887416894));
#5293=CARTESIAN_POINT('',(127.450092192308,16.0246402412583,-86.5975657940034));
#5294=CARTESIAN_POINT('',(127.450697177265,16.0246402412583,-86.6014641411476));
#5295=CARTESIAN_POINT('',(127.455994038274,16.0246402412583,-86.6133085231053));
#5296=CARTESIAN_POINT('',(127.460070952734,16.0246402412583,-86.6205275793358));
#5297=CARTESIAN_POINT('',(127.466406945427,16.0246402412583,-86.6328155488658));
#5298=CARTESIAN_POINT('',(127.469572836462,16.0246402412583,-86.6389606120237));
#5299=CARTESIAN_POINT('',(127.479064191533,16.0246402412583,-86.6573990325191));
#5300=CARTESIAN_POINT('',(127.48538333756,16.0246402412583,-86.6696956209309));
#5301=CARTESIAN_POINT('',(127.504315486978,16.0246402412583,-86.7065982774234));
#5302=CARTESIAN_POINT('',(127.516903201749,16.0246402412583,-86.7312172368844));
#5303=CARTESIAN_POINT('',(127.554565059264,16.0246402412583,-86.8051254168032));
#5304=CARTESIAN_POINT('',(127.579537915187,16.0246402412583,-86.8544659392621));
#5305=CARTESIAN_POINT('',(127.654050282439,16.0246402412583,-87.0026905949978));
#5306=CARTESIAN_POINT('',(127.703183591292,16.0246402412583,-87.1017778211569));
#5307=CARTESIAN_POINT('',(127.848950359158,16.0246402412583,-87.3998347653177));
#5308=CARTESIAN_POINT('',(127.943950619512,16.0246402412583,-87.5995998123706));
#5309=CARTESIAN_POINT('',(128.222353179262,16.0246402412583,-88.201937080423));
#5310=CARTESIAN_POINT('',(128.399156444932,16.0246402412583,-88.6075523028669));
#5311=CARTESIAN_POINT('',(128.902673090312,16.0246402412583,-89.8354220798999));
#5312=CARTESIAN_POINT('',(129.202476199638,16.0246402412583,-90.6687095497553));
#5313=CARTESIAN_POINT('',(129.990813060635,16.0246402412583,-93.203096803275));
#5314=CARTESIAN_POINT('',(130.367964265757,16.0246402412583,-94.9386579288369));
#5315=CARTESIAN_POINT('',(130.814065849663,16.0246402412583,-98.4493070440826));
#5316=CARTESIAN_POINT('',(130.882970773906,16.0246402412583,-100.224037323166));
#5317=CARTESIAN_POINT('',(130.72507181045,16.0246402412583,-103.458309871425));
#5318=CARTESIAN_POINT('',(130.546543750466,16.0246402412583,-104.919991691585));
#5319=CARTESIAN_POINT('',(130.263174264087,16.0246402412583,-106.361160798822));
#5320=CARTESIAN_POINT('',(130.30500496929,16.,-95.3827312322425));
#5321=CARTESIAN_POINT('',(130.615668303529,16.,-97.1850134543146));
#5322=CARTESIAN_POINT('',(130.906280852875,16.,-100.799449075951));
#5323=CARTESIAN_POINT('',(130.541581933908,16.,-104.452503716599));
#5324=CARTESIAN_POINT('',(130.195304276665,16.,-106.245169646728));
#5325=CARTESIAN_POINT('',(130.305027742704,16.,-95.3827273067394));
#5326=CARTESIAN_POINT('',(130.19595169463,15.9980741488189,-106.245272913657));
#5327=CARTESIAN_POINT('',(130.195532753576,16.0000622774026,-106.245170200494));
#5328=CARTESIAN_POINT('',(129.652086969342,15.8519782752286,-106.244735815345));
#5329=CARTESIAN_POINT('',(128.457985031761,15.4677469550157,-106.242671190839));
#5330=CARTESIAN_POINT('',(126.695738272364,14.6412925218389,-106.242091655306));
#5331=CARTESIAN_POINT('',(125.156090306548,13.670374277201,-106.245170136627));
#5332=CARTESIAN_POINT('',(123.954473541479,12.7556435337579,-106.249401516694));
#5333=CARTESIAN_POINT('',(122.940205138581,11.8175927443377,-106.254278628322));
#5334=CARTESIAN_POINT('',(122.233463907331,11.0465822501953,-106.25796027436));
#5335=CARTESIAN_POINT('',(121.844285804287,10.586000561223,-106.259984143356));
#5336=CARTESIAN_POINT('',(121.530888420162,10.1905885511112,-106.261536248796));
#5337=CARTESIAN_POINT('',(121.318476636199,9.90729626647616,-106.262640717563));
#5338=CARTESIAN_POINT('',(121.014247512348,9.48434448489531,-106.264452602057));
#5339=CARTESIAN_POINT('',(120.52690636308,8.75207135227309,-106.2678007002));
#5340=CARTESIAN_POINT('',(119.910078035708,7.6731909333321,-106.272925836079));
#5341=CARTESIAN_POINT('',(119.312695669864,6.37298171632478,-106.278367404349));
#5342=CARTESIAN_POINT('',(118.692961930977,4.65821446809287,-106.283860440574));
#5343=CARTESIAN_POINT('',(118.228058590843,2.61156389742466,-106.286688405201));
#5344=CARTESIAN_POINT('',(118.107500951214,1.16813294929178,-106.286387228699));
#5345=CARTESIAN_POINT('',(118.087573020604,0.507341240910052,-106.286635776306));
#5346=CARTESIAN_POINT('',(118.025314044224,0.499802635810473,-94.5554610461244));
#5347=CARTESIAN_POINT('',(118.072215569768,2.25511530964583,-94.5401452660486));
#5348=CARTESIAN_POINT('',(118.672930398539,5.76538424128294,-94.368115858099));
#5349=CARTESIAN_POINT('',(120.760515029282,10.4559056851757,-92.8643269677569));
#5350=CARTESIAN_POINT('',(123.85678236814,14.0735024721277,-90.4381918719526));
#5351=CARTESIAN_POINT('',(126.401420498436,15.5394364595585,-88.4247521211584));
#5352=CARTESIAN_POINT('',(127.734095975949,16.,-87.3678810892886));
#5353=CARTESIAN_POINT('',(127.734095975949,16.,-87.3678810892887));
#5354=CARTESIAN_POINT('',(130.305083893886,16.,-95.3819912707883));
#5355=CARTESIAN_POINT('',(129.827633012707,16.,-92.6105402715217));
#5356=CARTESIAN_POINT('',(128.959825301259,16.,-89.90433753283));
#5357=CARTESIAN_POINT('',(127.734095977928,16.,-87.3678810803825));
#5358=CARTESIAN_POINT('',(113.467475400032,11.9999999999999,-49.8410054767257));
#5359=CARTESIAN_POINT('',(112.091759087898,11.9999999999999,-45.2599254237928));
#5360=CARTESIAN_POINT('',(111.994312569077,10.9231351677344,-50.2857981564639));
#5361=CARTESIAN_POINT('',(110.618596256943,10.9231351677344,-45.7047181035309));
#5362=CARTESIAN_POINT('',(110.743794195917,9.57356777064441,-50.6633677004221));
#5363=CARTESIAN_POINT('',(109.368077883782,9.57356777064441,-46.0822876474892));
#5364=CARTESIAN_POINT('',(109.761456300187,8.00044057129459,-50.9599653988359));
#5365=CARTESIAN_POINT('',(108.385739988053,8.00044057129459,-46.3788853459029));
#5366=CARTESIAN_POINT('',(109.755601838228,7.99106516861036,-50.9617330390236));
#5367=CARTESIAN_POINT('',(108.379885526094,7.99106516861036,-46.3806529860906));
#5368=CARTESIAN_POINT('',(109.74974737627,7.98168976592612,-50.9635006792112));
#5369=CARTESIAN_POINT('',(108.374031064136,7.98168976592612,-46.3824206262782));
#5370=CARTESIAN_POINT('',(109.743892914312,7.97231436324188,-50.9652683193988));
#5371=CARTESIAN_POINT('',(108.368176602177,7.97231436324188,-46.3841882664659));
#5372=CARTESIAN_POINT('',(112.729949820486,11.9999999999999,-47.3850749253579));
#5373=CARTESIAN_POINT('',(111.589704483671,10.9622826843866,-48.743966401946));
#5374=CARTESIAN_POINT('',(110.565944028924,9.62079019614426,-49.9640366018465));
#5375=CARTESIAN_POINT('',(109.75316504437,8.00030254828216,-50.9326688766734));
#5376=CARTESIAN_POINT('',(109.753233424614,8.00022028564729,-50.9325886320227));
#5377=CARTESIAN_POINT('',(108.385739988053,8.,-46.3788853459029));
#5378=CARTESIAN_POINT('',(108.841571599885,8.,-47.8967863012408));
#5379=CARTESIAN_POINT('',(109.297403211718,8.,-49.4146872565788));
#5380=CARTESIAN_POINT('',(109.75323482355,8.,-50.9325882119167));
#5381=CARTESIAN_POINT('',(108.38498107018,8.00022022833827,-46.3763576346889));
#5382=CARTESIAN_POINT('',(120.133637539763,-0.00428476165707271,-42.8318376445108));
#5383=CARTESIAN_POINT('',(120.033802169033,4.19945922291438,-88.0493256486384));
#5384=CARTESIAN_POINT('',(120.296300281182,4.19945922284486,-91.2340223515491));
#5385=CARTESIAN_POINT('',(120.558798393331,4.19945922277534,-94.4187190544599));
#5386=CARTESIAN_POINT('',(120.82129650548,4.19945922270582,-97.6034157573707));
#5387=CARTESIAN_POINT('',(120.826876820155,4.19945922270434,-97.6711176147362));
#5388=CARTESIAN_POINT('',(120.832457134831,4.19945922270286,-97.7388194721018));
#5389=CARTESIAN_POINT('',(120.838037449506,4.19945922270138,-97.8065213294674));
#5390=CARTESIAN_POINT('',(120.842493207309,4.1994592227002,-97.8605797646588));
#5391=CARTESIAN_POINT('',(120.846948965111,4.19945922269902,-97.9146381998502));
#5392=CARTESIAN_POINT('',(120.851404722914,4.19945922269783,-97.9686966350416));
#5393=CARTESIAN_POINT('',(120.855544637321,4.19945922269674,-98.0189231744009));
#5394=CARTESIAN_POINT('',(120.859684551728,4.19945922269564,-98.0691497137603));
#5395=CARTESIAN_POINT('',(120.863824466135,4.19945922269454,-98.1193762531197));
#5396=CARTESIAN_POINT('',(120.880225635044,4.19945922269018,-98.3183595834051));
#5397=CARTESIAN_POINT('',(120.896626803953,4.19945922268582,-98.5173429136905));
#5398=CARTESIAN_POINT('',(120.913027972862,4.19945922268146,-98.7163262439759));
#5399=CARTESIAN_POINT('',(120.959382667393,4.19945922266914,-99.278713689852));
#5400=CARTESIAN_POINT('',(120.981160782485,4.19945922267908,-99.8413925791692));
#5401=CARTESIAN_POINT('',(120.974665041514,4.19945922267908,-101.190928081765));
#5402=CARTESIAN_POINT('',(120.923460378659,4.19945922268077,-101.978844746593));
#5403=CARTESIAN_POINT('',(120.729572667027,4.19945922268077,-103.553687566028));
#5404=CARTESIAN_POINT('',(120.588148474896,4.19945922267893,-104.342579518499));
#5405=CARTESIAN_POINT('',(120.308308982454,4.19945922268169,-105.525901577232));
#5406=CARTESIAN_POINT('',(120.203848368274,4.19945922268447,-105.920482450003));
#5407=CARTESIAN_POINT('',(120.0304534757,4.19945922267894,-106.5127303629));
#5408=CARTESIAN_POINT('',(119.96987238741,4.19945922268332,-106.710224405484));
#5409=CARTESIAN_POINT('',(119.880456802956,4.19945922267972,-106.988992835412));
#5410=CARTESIAN_POINT('',(119.853937341842,4.1994592226801,-107.070218606427));
#5411=CARTESIAN_POINT('',(119.826947351076,4.19945922268077,-107.151455801453));
#5412=CARTESIAN_POINT('',(118.767142192703,4.19945922270713,-110.341364204357));
#5413=CARTESIAN_POINT('',(117.70733703433,4.19945922273349,-113.531272607261));
#5414=CARTESIAN_POINT('',(116.647531875957,4.19945922275985,-116.721181010164));
#5415=CARTESIAN_POINT('',(120.675983407559,5.61667307073317,-87.2174728657182));
#5416=CARTESIAN_POINT('',(120.99899253821,5.6166730706782,-90.5386320041848));
#5417=CARTESIAN_POINT('',(121.322001668861,5.61667307062323,-93.8597911426514));
#5418=CARTESIAN_POINT('',(121.645010799513,5.61667307056826,-97.180950281118));
#5419=CARTESIAN_POINT('',(121.651877487343,5.61667307056709,-97.2515531244203));
#5420=CARTESIAN_POINT('',(121.658744175172,5.61667307056592,-97.3221559677226));
#5421=CARTESIAN_POINT('',(121.665610863002,5.61667307056475,-97.3927588110248));
#5422=CARTESIAN_POINT('',(121.671093761307,5.61667307056382,-97.4491336193018));
#5423=CARTESIAN_POINT('',(121.676576659613,5.61667307056288,-97.5055084275789));
#5424=CARTESIAN_POINT('',(121.682059557918,5.61667307056195,-97.5618832358559));
#5425=CARTESIAN_POINT('',(121.687153804664,5.61667307056108,-97.6142619537522));
#5426=CARTESIAN_POINT('',(121.692248051409,5.61667307056021,-97.6666406716484));
#5427=CARTESIAN_POINT('',(121.697342298155,5.61667307055935,-97.7190193895447));
#5428=CARTESIAN_POINT('',(121.717524261627,5.6166730705559,-97.9265290419319));
#5429=CARTESIAN_POINT('',(121.7377062251,5.61667307055246,-98.1340386943191));
#5430=CARTESIAN_POINT('',(121.757888188572,5.61667307054901,-98.3415483467063));
#5431=CARTESIAN_POINT('',(121.814928559109,5.61667307053928,-98.9280337735674));
#5432=CARTESIAN_POINT('',(121.846387592092,5.61667307054683,-99.5153058905988));
#5433=CARTESIAN_POINT('',(121.860640765604,5.61667307054683,-100.925074753486));
#5434=CARTESIAN_POINT('',(121.819404617858,5.61667307054837,-101.748898766381));
#5435=CARTESIAN_POINT('',(121.640915080587,5.61667307054837,-103.395427440871));
#5436=CARTESIAN_POINT('',(121.504884147956,5.61667307054653,-104.219759781536));
#5437=CARTESIAN_POINT('',(121.230062457297,5.61667307054929,-105.455700303595));
#5438=CARTESIAN_POINT('',(121.126755000602,5.61667307055161,-105.867687802441));
#5439=CARTESIAN_POINT('',(120.954354786683,5.61667307054676,-106.485752749874));
#5440=CARTESIAN_POINT('',(120.893982844542,5.61667307055069,-106.691801750948));
#5441=CARTESIAN_POINT('',(120.804696037618,5.61667307054741,-106.98256576556));
#5442=CARTESIAN_POINT('',(120.778194178113,5.6166730705477,-107.067276633294));
#5443=CARTESIAN_POINT('',(120.751202170763,5.61667307054837,-107.151989334267));
#5444=CARTESIAN_POINT('',(119.691317827985,5.61667307057473,-110.478369037343));
#5445=CARTESIAN_POINT('',(118.631433485208,5.61667307060109,-113.804748740418));
#5446=CARTESIAN_POINT('',(117.57154914243,5.61667307062745,-117.131128443494));
#5447=CARTESIAN_POINT('',(121.318164646084,7.03388691855196,-86.385620082798));
#5448=CARTESIAN_POINT('',(121.701684795238,7.03388691851154,-89.8432416568204));
#5449=CARTESIAN_POINT('',(122.085204944392,7.03388691847112,-93.3008632308429));
#5450=CARTESIAN_POINT('',(122.468725093546,7.03388691843071,-96.7584848048654));
#5451=CARTESIAN_POINT('',(122.47687815453,7.03388691842985,-96.8319886341043));
#5452=CARTESIAN_POINT('',(122.485031215514,7.03388691842899,-96.9054924633433));
#5453=CARTESIAN_POINT('',(122.493184276498,7.03388691842812,-96.9789962925823));
#5454=CARTESIAN_POINT('',(122.499694315306,7.03388691842744,-97.0376874739449));
#5455=CARTESIAN_POINT('',(122.506204354114,7.03388691842675,-97.0963786553076));
#5456=CARTESIAN_POINT('',(122.512714392922,7.03388691842606,-97.1550698366703));
#5457=CARTESIAN_POINT('',(122.518762972006,7.03388691842543,-97.2096007331034));
#5458=CARTESIAN_POINT('',(122.52481155109,7.03388691842479,-97.2641316295365));
#5459=CARTESIAN_POINT('',(122.530860130175,7.03388691842415,-97.3186625259697));
#5460=CARTESIAN_POINT('',(122.554822888211,7.03388691842162,-97.5346985004587));
#5461=CARTESIAN_POINT('',(122.578785646247,7.03388691841909,-97.7507344749476));
#5462=CARTESIAN_POINT('',(122.602748404283,7.03388691841656,-97.9667704494366));
#5463=CARTESIAN_POINT('',(122.670474450825,7.03388691840941,-98.5773538572827));
#5464=CARTESIAN_POINT('',(122.711614401698,7.03388691841458,-99.1892192020285));
#5465=CARTESIAN_POINT('',(122.746616489694,7.03388691841458,-100.659221425206));
#5466=CARTESIAN_POINT('',(122.715348857056,7.03388691841597,-101.518952786168));
#5467=CARTESIAN_POINT('',(122.552257494148,7.03388691841597,-103.237167315713));
#5468=CARTESIAN_POINT('',(122.421619821016,7.03388691841412,-104.096940044574));
#5469=CARTESIAN_POINT('',(122.151815932141,7.03388691841689,-105.385499029957));
#5470=CARTESIAN_POINT('',(122.049661632929,7.03388691841875,-105.814893154878));
#5471=CARTESIAN_POINT('',(121.878256097667,7.03388691841459,-106.458775136849));
#5472=CARTESIAN_POINT('',(121.818093301674,7.03388691841806,-106.673379096413));
#5473=CARTESIAN_POINT('',(121.72893527228,7.0338869184151,-106.976138695708));
#5474=CARTESIAN_POINT('',(121.702451014384,7.03388691841529,-107.06433466016));
#5475=CARTESIAN_POINT('',(121.67545699045,7.03388691841597,-107.152522867082));
#5476=CARTESIAN_POINT('',(120.615493463267,7.03388691844233,-110.615373870329));
#5477=CARTESIAN_POINT('',(119.555529936085,7.03388691846869,-114.078224873576));
#5478=CARTESIAN_POINT('',(118.495566408903,7.03388691849505,-117.541075876823));
#5479=CARTESIAN_POINT('',(121.960345884609,8.45110076637075,-85.5537672998778));
#5480=CARTESIAN_POINT('',(122.404377052266,8.45110076634488,-89.1478513094561));
#5481=CARTESIAN_POINT('',(122.848408219922,8.45110076631902,-92.7419353190344));
#5482=CARTESIAN_POINT('',(123.292439387579,8.45110076629315,-96.3360193286128));
#5483=CARTESIAN_POINT('',(123.301878821717,8.4511007662926,-96.4124241437884));
#5484=CARTESIAN_POINT('',(123.311318255856,8.45110076629205,-96.488828958964));
#5485=CARTESIAN_POINT('',(123.320757689994,8.4511007662915,-96.5652337741397));
#5486=CARTESIAN_POINT('',(123.328294869305,8.45110076629106,-96.626241328588));
#5487=CARTESIAN_POINT('',(123.335832048616,8.45110076629062,-96.6872488830363));
#5488=CARTESIAN_POINT('',(123.343369227926,8.45110076629018,-96.7482564374847));
#5489=CARTESIAN_POINT('',(123.350372139349,8.45110076628977,-96.8049395124547));
#5490=CARTESIAN_POINT('',(123.357375050772,8.45110076628936,-96.8616225874247));
#5491=CARTESIAN_POINT('',(123.364377962195,8.45110076628896,-96.9183056623947));
#5492=CARTESIAN_POINT('',(123.392121514794,8.45110076628734,-97.1428679589854));
#5493=CARTESIAN_POINT('',(123.419865067394,8.45110076628572,-97.3674302555762));
#5494=CARTESIAN_POINT('',(123.447608619993,8.45110076628411,-97.591992552167));
#5495=CARTESIAN_POINT('',(123.526020342541,8.45110076627954,-98.2266739409981));
#5496=CARTESIAN_POINT('',(123.576841211304,8.45110076628233,-98.8631325134581));
#5497=CARTESIAN_POINT('',(123.632592213785,8.45110076628233,-100.393368096926));
#5498=CARTESIAN_POINT('',(123.611293096255,8.45110076628356,-101.289006805956));
#5499=CARTESIAN_POINT('',(123.463599907709,8.45110076628356,-103.078907190555));
#5500=CARTESIAN_POINT('',(123.338355494076,8.45110076628172,-103.974120307611));
#5501=CARTESIAN_POINT('',(123.073569406984,8.45110076628449,-105.31529775632));
#5502=CARTESIAN_POINT('',(122.972568265257,8.45110076628589,-105.762098507316));
#5503=CARTESIAN_POINT('',(122.80215740865,8.45110076628241,-106.431797523823));
#5504=CARTESIAN_POINT('',(122.742203758805,8.45110076628542,-106.654956441877));
#5505=CARTESIAN_POINT('',(122.653174506942,8.4511007662828,-106.969711625856));
#5506=CARTESIAN_POINT('',(122.626707850656,8.45110076628289,-107.061392687027));
#5507=CARTESIAN_POINT('',(122.599711810137,8.45110076628356,-107.153056399896));
#5508=CARTESIAN_POINT('',(121.53966909855,8.45110076630992,-110.752378703315));
#5509=CARTESIAN_POINT('',(120.479626386963,8.45110076633629,-114.351701006733));
#5510=CARTESIAN_POINT('',(119.419583675376,8.45110076636265,-117.951023310152));
#5511=CARTESIAN_POINT('',(122.608638762659,9.88180223987321,-84.7139977731456));
#5512=CARTESIAN_POINT('',(123.113756832244,9.88180223986203,-88.4458429314228));
#5513=CARTESIAN_POINT('',(123.61887490183,9.88180223985085,-92.1776880897001));
#5514=CARTESIAN_POINT('',(124.123992971416,9.88180223983967,-95.9095332479773));
#5515=CARTESIAN_POINT('',(124.134731021124,9.88180223983943,-95.9888666577758));
#5516=CARTESIAN_POINT('',(124.145469070831,9.8818022398392,-96.0682000675744));
#5517=CARTESIAN_POINT('',(124.156207120539,9.88180223983896,-96.1475334773729));
#5518=CARTESIAN_POINT('',(124.16478121565,9.88180223983877,-96.210879449832));
#5519=CARTESIAN_POINT('',(124.17335531076,9.88180223983858,-96.2742254222911));
#5520=CARTESIAN_POINT('',(124.181929405871,9.88180223983839,-96.3375713947501));
#5521=CARTESIAN_POINT('',(124.189895732014,9.88180223983822,-96.3964271305424));
#5522=CARTESIAN_POINT('',(124.197862058157,9.88180223983804,-96.4552828663347));
#5523=CARTESIAN_POINT('',(124.205828384301,9.88180223983787,-96.514138602127));
#5524=CARTESIAN_POINT('',(124.237388713289,9.88180223983717,-96.747308365836));
#5525=CARTESIAN_POINT('',(124.268949042278,9.88180223983648,-96.980478129545));
#5526=CARTESIAN_POINT('',(124.300509371267,9.88180223983579,-97.213647893254));
#5527=CARTESIAN_POINT('',(124.38970846541,9.88180223983383,-97.8726566035805));
#5528=CARTESIAN_POINT('',(124.45030238537,9.88180223983421,-98.5339424575289));
#5529=CARTESIAN_POINT('',(124.526999769775,9.88180223983421,-100.124984642241));
#5530=CARTESIAN_POINT('',(124.515764037722,9.8818022398353,-101.056872429607));
#5531=CARTESIAN_POINT('',(124.38361556798,9.8818022398353,-102.91914090362));
#5532=CARTESIAN_POINT('',(124.263815741503,9.88180223983345,-103.850131695082));
#5533=CARTESIAN_POINT('',(124.00409521062,9.88180223983621,-105.244428377087));
#5534=CARTESIAN_POINT('',(123.904258200977,9.88180223983715,-105.708801413037));
#5535=CARTESIAN_POINT('',(123.734851489384,9.88180223983437,-106.404563164826));
#5536=CARTESIAN_POINT('',(123.675108976132,9.88180223983692,-106.636358458919));
#5537=CARTESIAN_POINT('',(123.586209727375,9.88180223983462,-106.963223389574));
#5538=CARTESIAN_POINT('',(123.559760840212,9.88180223983462,-107.058422715132));
#5539=CARTESIAN_POINT('',(123.532762763917,9.88180223983529,-107.153595010343));
#5540=CARTESIAN_POINT('',(122.472640114327,9.88180223986165,-110.89068741144));
#5541=CARTESIAN_POINT('',(121.412517464738,9.88180223988801,-114.627779812538));
#5542=CARTESIAN_POINT('',(120.352394815148,9.88180223991438,-118.364872213636));
#5543=CARTESIAN_POINT('',(123.41433815454,11.1359148474981,-83.6703192468157));
#5544=CARTESIAN_POINT('',(123.995378250951,11.1359148474721,-87.5733762660444));
#5545=CARTESIAN_POINT('',(124.576418347362,11.1359148474462,-91.4764332852732));
#5546=CARTESIAN_POINT('',(125.157458443773,11.1359148474202,-95.3794903045019));
#5547=CARTESIAN_POINT('',(125.169810481471,11.1359148474197,-95.462463420706));
#5548=CARTESIAN_POINT('',(125.182162519169,11.1359148474191,-95.5454365369102));
#5549=CARTESIAN_POINT('',(125.194514556867,11.1359148474186,-95.6284096531143));
#5550=CARTESIAN_POINT('',(125.204377385678,11.1359148474182,-95.6946618506091));
#5551=CARTESIAN_POINT('',(125.214240214488,11.1359148474177,-95.760914048104));
#5552=CARTESIAN_POINT('',(125.224103043299,11.1359148474173,-95.8271662455988));
#5553=CARTESIAN_POINT('',(125.233266752121,11.1359148474169,-95.8887222006192));
#5554=CARTESIAN_POINT('',(125.242430460943,11.1359148474165,-95.9502781556396));
#5555=CARTESIAN_POINT('',(125.251594169765,11.135914847416,-96.01183411066));
#5556=CARTESIAN_POINT('',(125.287898189958,11.1359148474144,-96.2557013785443));
#5557=CARTESIAN_POINT('',(125.324202210152,11.1359148474128,-96.4995686464287));
#5558=CARTESIAN_POINT('',(125.360506230345,11.1359148474112,-96.7434359143131));
#5559=CARTESIAN_POINT('',(125.46311243943,11.1359148474066,-97.4326790268973));
#5560=CARTESIAN_POINT('',(125.535852022482,11.1359148474099,-98.1248204995472));
#5561=CARTESIAN_POINT('',(125.638581860266,11.1359148474099,-99.7914339699388));
#5562=CARTESIAN_POINT('',(125.639853042959,11.1359148474108,-100.768372613592));
#5563=CARTESIAN_POINT('',(125.527023764949,11.1359148474108,-102.720581150826));
#5564=CARTESIAN_POINT('',(125.413990546741,11.1359148474089,-103.696036931256));
#5565=CARTESIAN_POINT('',(125.160565559211,11.1359148474117,-105.156350931636));
#5566=CARTESIAN_POINT('',(125.062175349039,11.1359148474126,-105.64256304656));
#5567=CARTESIAN_POINT('',(124.894016602773,11.1359148474098,-106.3707159265));
#5568=CARTESIAN_POINT('',(124.834536493001,11.1359148474122,-106.613244628274));
#5569=CARTESIAN_POINT('',(124.745798813901,11.1359148474102,-106.955159719715));
#5570=CARTESIAN_POINT('',(124.719372009591,11.1359148474101,-107.054731592345));
#5571=CARTESIAN_POINT('',(124.692371404066,11.1359148474108,-107.154264402861));
#5572=CARTESIAN_POINT('',(123.632149440205,11.1359148474371,-111.062579412113));
#5573=CARTESIAN_POINT('',(122.571927476344,11.1359148474635,-114.970894421365));
#5574=CARTESIAN_POINT('',(121.511705512482,11.1359148474899,-118.879209430617));
#5575=CARTESIAN_POINT('',(124.354654015846,12.1779699708991,-82.4522486993793));
#5576=CARTESIAN_POINT('',(125.024305057888,12.1779699708879,-86.5551261569651));
#5577=CARTESIAN_POINT('',(125.69395609993,12.1779699708767,-90.658003614551));
#5578=CARTESIAN_POINT('',(126.363607141972,12.1779699708655,-94.7608810721369));
#5579=CARTESIAN_POINT('',(126.377842914971,12.1779699708653,-94.8481020700322));
#5580=CARTESIAN_POINT('',(126.39207868797,12.1779699708651,-94.9353230679276));
#5581=CARTESIAN_POINT('',(126.406314460969,12.1779699708648,-95.0225440658229));
#5582=CARTESIAN_POINT('',(126.41768141074,12.1779699708646,-95.0921881028631));
#5583=CARTESIAN_POINT('',(126.429048360511,12.1779699708644,-95.1618321399032));
#5584=CARTESIAN_POINT('',(126.440415310281,12.1779699708643,-95.2314761769434));
#5585=CARTESIAN_POINT('',(126.45097652146,12.1779699708641,-95.2961835432434));
#5586=CARTESIAN_POINT('',(126.461537732639,12.1779699708639,-95.3608909095435));
#5587=CARTESIAN_POINT('',(126.472098943818,12.1779699708637,-95.4255982758436));
#5588=CARTESIAN_POINT('',(126.51393947273,12.177969970863,-95.6819505430835));
#5589=CARTESIAN_POINT('',(126.555780001642,12.1779699708623,-95.9383028103233));
#5590=CARTESIAN_POINT('',(126.597620530554,12.1779699708617,-96.1946550775632));
#5591=CARTESIAN_POINT('',(126.715874598145,12.1779699708597,-96.9191845977537));
#5592=CARTESIAN_POINT('',(126.802788776255,12.1779699708606,-97.6473373632402));
#5593=CARTESIAN_POINT('',(126.935900893087,12.1779699708606,-99.4021495083695));
#5594=CARTESIAN_POINT('',(126.951768801188,12.1779699708613,-100.431666664941));
#5595=CARTESIAN_POINT('',(126.861486805401,12.1779699708613,-102.488843568286));
#5596=CARTESIAN_POINT('',(126.756350844411,12.1779699708595,-103.516194100325));
#5597=CARTESIAN_POINT('',(126.510273337839,12.1779699708622,-105.053556412613));
#5598=CARTESIAN_POINT('',(126.413571676365,12.1779699708627,-105.565256751079));
#5599=CARTESIAN_POINT('',(126.246869420959,12.1779699708606,-106.33121307119));
#5600=CARTESIAN_POINT('',(126.187695560302,12.1779699708625,-106.586268651721));
#5601=CARTESIAN_POINT('',(126.099146447928,12.1779699708608,-106.945748671738));
#5602=CARTESIAN_POINT('',(126.07274541526,12.1779699708606,-107.050423710205));
#5603=CARTESIAN_POINT('',(126.045741858977,12.1779699708613,-107.155045645795));
#5604=CARTESIAN_POINT('',(124.985404028889,12.1779699708877,-111.263193291231));
#5605=CARTESIAN_POINT('',(123.925066198802,12.177969970914,-115.371340936668));
#5606=CARTESIAN_POINT('',(122.864728368715,12.1779699709404,-119.479488582104));
#5607=CARTESIAN_POINT('',(125.28610525473,13.2102013472036,-81.2456612460085));
#5608=CARTESIAN_POINT('',(126.043531882066,13.2102013472071,-85.5464753784086));
#5609=CARTESIAN_POINT('',(126.800958509401,13.2102013472105,-89.8472895108088));
#5610=CARTESIAN_POINT('',(127.558385136736,13.210201347214,-94.1481036432089));
#5611=CARTESIAN_POINT('',(127.574486886533,13.210201347214,-94.2395324768186));
#5612=CARTESIAN_POINT('',(127.59058863633,13.2102013472141,-94.3309613104282));
#5613=CARTESIAN_POINT('',(127.606690386127,13.2102013472142,-94.4223901440378));
#5614=CARTESIAN_POINT('',(127.619547277085,13.2102013472143,-94.4953940447967));
#5615=CARTESIAN_POINT('',(127.632404168044,13.2102013472143,-94.5683979455557));
#5616=CARTESIAN_POINT('',(127.645261059003,13.2102013472144,-94.6414018463146));
#5617=CARTESIAN_POINT('',(127.65720659789,13.2102013472144,-94.7092309146528));
#5618=CARTESIAN_POINT('',(127.669152136778,13.2102013472145,-94.7770599829909));
#5619=CARTESIAN_POINT('',(127.681097675666,13.2102013472145,-94.8448890513291));
#5620=CARTESIAN_POINT('',(127.728422519069,13.2102013472148,-95.1136086183197));
#5621=CARTESIAN_POINT('',(127.775747362473,13.210201347215,-95.3823281853103));
#5622=CARTESIAN_POINT('',(127.823072205877,13.2102013472152,-95.6510477523009));
#5623=CARTESIAN_POINT('',(127.956826615205,13.2102013472158,-96.4105310251962));
#5624=CARTESIAN_POINT('',(128.057781760475,13.2102013472145,-97.174355594921));
#5625=CARTESIAN_POINT('',(128.220989734054,13.2102013472145,-99.016534941044));
#5626=CARTESIAN_POINT('',(128.251316760122,13.2102013472149,-100.098134938087));
#5627=CARTESIAN_POINT('',(128.183369486978,13.2102013472149,-102.259290641194));
#5628=CARTESIAN_POINT('',(128.086056333538,13.2102013472131,-103.338046698406));
#5629=CARTESIAN_POINT('',(127.847257041154,13.2102013472158,-104.951730966469));
#5630=CARTESIAN_POINT('',(127.752228009953,13.2102013472159,-105.488679243815));
#5631=CARTESIAN_POINT('',(127.586968514657,13.2102013472145,-106.292082620421));
#5632=CARTESIAN_POINT('',(127.528098016018,13.2102013472159,-106.559546985296));
#5633=CARTESIAN_POINT('',(127.439735692698,13.2102013472145,-106.936426344361));
#5634=CARTESIAN_POINT('',(127.413360188716,13.2102013472142,-107.046156439684));
#5635=CARTESIAN_POINT('',(127.386353709493,13.2102013472149,-107.155819523733));
#5636=CARTESIAN_POINT('',(126.325901105483,13.2102013472413,-111.461915926818));
#5637=CARTESIAN_POINT('',(125.265448501473,13.2102013472676,-115.768012329903));
#5638=CARTESIAN_POINT('',(124.204995897463,13.210201347294,-120.074108732988));
#5639=CARTESIAN_POINT('',(126.217556493614,14.2424327235082,-80.0390737926378));
#5640=CARTESIAN_POINT('',(127.062758706243,14.2424327235262,-84.5378245998522));
#5641=CARTESIAN_POINT('',(127.907960918872,14.2424327235443,-89.0365754070666));
#5642=CARTESIAN_POINT('',(128.7531631315,14.2424327235624,-93.535326214281));
#5643=CARTESIAN_POINT('',(128.771130858095,14.2424327235628,-93.6309628836049));
#5644=CARTESIAN_POINT('',(128.789098584689,14.2424327235632,-93.7265995529288));
#5645=CARTESIAN_POINT('',(128.807066311284,14.2424327235636,-93.8222362222527));
#5646=CARTESIAN_POINT('',(128.821413143431,14.2424327235639,-93.8985999867304));
#5647=CARTESIAN_POINT('',(128.835759975578,14.2424327235642,-93.9749637512081));
#5648=CARTESIAN_POINT('',(128.850106807724,14.2424327235645,-94.0513275156858));
#5649=CARTESIAN_POINT('',(128.863436674321,14.2424327235648,-94.1222782860621));
#5650=CARTESIAN_POINT('',(128.876766540917,14.2424327235651,-94.1932290564383));
#5651=CARTESIAN_POINT('',(128.890096407513,14.2424327235653,-94.2641798268146));
#5652=CARTESIAN_POINT('',(128.942905565409,14.2424327235665,-94.5452666935559));
#5653=CARTESIAN_POINT('',(128.995714723305,14.2424327235676,-94.8263535602972));
#5654=CARTESIAN_POINT('',(129.0485238812,14.2424327235688,-95.1074404270385));
#5655=CARTESIAN_POINT('',(129.197778632266,14.242432723572,-95.9018774526388));
#5656=CARTESIAN_POINT('',(129.312774744695,14.2424327235683,-96.7013738266018));
#5657=CARTESIAN_POINT('',(129.506078575022,14.2424327235683,-98.6309203737185));
#5658=CARTESIAN_POINT('',(129.550864719056,14.2424327235686,-99.7646032112317));
#5659=CARTESIAN_POINT('',(129.505252168556,14.2424327235686,-102.029737714103));
#5660=CARTESIAN_POINT('',(129.415761822666,14.2424327235667,-103.159899296487));
#5661=CARTESIAN_POINT('',(129.184240744468,14.2424327235695,-104.849905520325));
#5662=CARTESIAN_POINT('',(129.090884343541,14.242432723569,-105.412101736551));
#5663=CARTESIAN_POINT('',(128.927067608355,14.2424327235683,-106.252952169653));
#5664=CARTESIAN_POINT('',(128.868500471735,14.2424327235692,-106.53282531887));
#5665=CARTESIAN_POINT('',(128.780324937469,14.2424327235683,-106.927104016984));
#5666=CARTESIAN_POINT('',(128.753974962172,14.2424327235679,-107.041889169162));
#5667=CARTESIAN_POINT('',(128.726965560008,14.2424327235685,-107.15659340167));
#5668=CARTESIAN_POINT('',(127.666398182076,14.2424327235949,-111.660638562404));
#5669=CARTESIAN_POINT('',(126.605830804144,14.2424327236213,-116.164683723138));
#5670=CARTESIAN_POINT('',(125.545263426211,14.2424327236476,-120.668728883872));
#5671=CARTESIAN_POINT('',(127.149007732498,15.2746640998127,-78.832486339267));
#5672=CARTESIAN_POINT('',(128.08198553042,15.2746640998454,-83.5291738212957));
#5673=CARTESIAN_POINT('',(129.014963328342,15.2746640998781,-88.2258613033244));
#5674=CARTESIAN_POINT('',(129.947941126264,15.2746640999108,-92.922548785353));
#5675=CARTESIAN_POINT('',(129.967774829656,15.2746640999115,-93.0223932903912));
#5676=CARTESIAN_POINT('',(129.987608533049,15.2746640999122,-93.1222377954294));
#5677=CARTESIAN_POINT('',(130.007442236441,15.2746640999129,-93.2220823004676));
#5678=CARTESIAN_POINT('',(130.023279009776,15.2746640999135,-93.3018059286641));
#5679=CARTESIAN_POINT('',(130.039115783111,15.274664099914,-93.3815295568605));
#5680=CARTESIAN_POINT('',(130.054952556446,15.2746640999146,-93.461253185057));
#5681=CARTESIAN_POINT('',(130.069666750751,15.2746640999151,-93.5353256574714));
#5682=CARTESIAN_POINT('',(130.084380945056,15.2746640999156,-93.6093981298857));
#5683=CARTESIAN_POINT('',(130.099095139361,15.2746640999162,-93.6834706023001));
#5684=CARTESIAN_POINT('',(130.157388611748,15.2746640999182,-93.9769247687921));
#5685=CARTESIAN_POINT('',(130.215682084136,15.2746640999203,-94.2703789352842));
#5686=CARTESIAN_POINT('',(130.273975556523,15.2746640999223,-94.5638331017762));
#5687=CARTESIAN_POINT('',(130.438730649326,15.2746640999281,-95.3932238800814));
#5688=CARTESIAN_POINT('',(130.567767728914,15.2746640999221,-96.2283920582826));
#5689=CARTESIAN_POINT('',(130.791167415989,15.2746640999221,-98.245305806393));
#5690=CARTESIAN_POINT('',(130.850412677989,15.2746640999222,-99.4310714843769));
#5691=CARTESIAN_POINT('',(130.827134850134,15.2746640999222,-101.800184787011));
#5692=CARTESIAN_POINT('',(130.745467311794,15.2746640999203,-102.981751894568));
#5693=CARTESIAN_POINT('',(130.521224447783,15.2746640999231,-104.748080074181));
#5694=CARTESIAN_POINT('',(130.429540677129,15.2746640999222,-105.335524229288));
#5695=CARTESIAN_POINT('',(130.267166702054,15.2746640999222,-106.213821718884));
#5696=CARTESIAN_POINT('',(130.208902927452,15.2746640999226,-106.506103652444));
#5697=CARTESIAN_POINT('',(130.12091418224,15.274664099922,-106.917781689606));
#5698=CARTESIAN_POINT('',(130.094589735628,15.2746640999215,-107.03762189864));
#5699=CARTESIAN_POINT('',(130.067577410524,15.2746640999222,-107.157367279607));
#5700=CARTESIAN_POINT('',(129.006895258669,15.2746640999485,-111.85936119799));
#5701=CARTESIAN_POINT('',(127.946213106815,15.2746640999749,-116.561355116373));
#5702=CARTESIAN_POINT('',(126.88553095496,15.2746641000013,-121.263349034756));
#5703=CARTESIAN_POINT('',(126.223651541957,12.,-95.2499999999999));
#5704=CARTESIAN_POINT('',(125.581634062946,11.4693160764351,-95.2499999999999));
#5705=CARTESIAN_POINT('',(124.991782729648,10.885873453837,-95.25));
#5706=CARTESIAN_POINT('',(124.453773356678,10.25,-95.25));
#5707=CARTESIAN_POINT('',(124.453773356678,10.25,-95.25));
#5708=CARTESIAN_POINT('',(124.453773356678,10.25,-95.25));
#5709=CARTESIAN_POINT('',(123.907277796556,9.60409671879186,-95.2499999999999));
#5710=CARTESIAN_POINT('',(123.40156297694,8.91394900312425,-94.967550803024));
#5711=CARTESIAN_POINT('',(123.047257768952,8.4511007663251,-94.3514664431955));
#5712=CARTESIAN_POINT('',(122.574251904498,8.45110076628421,-107.239504243183));
#5713=CARTESIAN_POINT('',(123.458871550161,9.80612746619401,-107.240014896305));
#5714=CARTESIAN_POINT('',(124.533039552141,10.9890469537256,-107.240634967594));
#5715=CARTESIAN_POINT('',(125.796600873734,11.9999999999999,-107.241364367553));
#5716=CARTESIAN_POINT('',(155.41090843621,10.2500000000001,-92.9999999999998));
#5717=CARTESIAN_POINT('',(123.560280002039,10.2500000000001,-95.25));
#5718=CARTESIAN_POINT('',(128.477639253827,10.2500000000004,-95.2499999999999));
#5719=CARTESIAN_POINT('',(128.477639253827,10.2500000000004,-95.2499999999999));
#5720=CARTESIAN_POINT('',(128.342023459898,10.1461072191413,-95.25));
#5721=CARTESIAN_POINT('',(128.209492378094,10.0403803509182,-95.2428185700288));
#5722=CARTESIAN_POINT('',(128.079729399762,9.93340200196116,-95.2276143534368));
#5723=CARTESIAN_POINT('',(128.079729399762,9.93340200196113,-95.2276143534368));
#5724=CARTESIAN_POINT('',(125.637158125715,8.00000000000009,-92.9999999999999));
#5725=CARTESIAN_POINT('',(125.835914763768,8.00000000000009,-93.6618516200931));
#5726=CARTESIAN_POINT('',(126.559944636545,8.58693426485391,-94.7905981102027));
#5727=CARTESIAN_POINT('',(127.546096877914,9.50887653880143,-95.1672789944257));
#5728=CARTESIAN_POINT('',(128.079729399762,9.93340200196114,-95.2276143534368));
#5729=CARTESIAN_POINT('',(125.637158125715,8.00000000000009,-93.));
#5730=CARTESIAN_POINT('',(155.41090843621,8.00000000000009,-92.9999999999998));
#5731=CARTESIAN_POINT('',(155.41090843621,13.7000000000001,-84.4666151432569));
#5732=CARTESIAN_POINT('',(134.781346164513,13.7000000000001,-54.6094185744583));
#5733=CARTESIAN_POINT('',(133.256541293224,13.7000000000001,-49.9165517246871));
#5734=CARTESIAN_POINT('',(140.67992889828,13.7000000000001,-72.7633895468398));
#5735=CARTESIAN_POINT('',(140.67992889828,13.7000000000001,-72.7633895468398));
#5736=CARTESIAN_POINT('',(138.854898261274,13.7000000000001,-72.0991327183456));
#5737=CARTESIAN_POINT('',(132.901167226896,13.7000000000001,-53.7754327290718));
#5738=CARTESIAN_POINT('',(132.170885728354,13.7000000000001,-51.5278573835047));
#5739=CARTESIAN_POINT('',(133.256694082304,13.7000000000001,-49.9170219611228));
#5740=CARTESIAN_POINT('',(6.38701017588519E-14,11.2000000000006,-9.91471739754452E-18));
#5741=CARTESIAN_POINT('',(140.856853630406,11.1999999999998,-76.8719889650553));
#5742=CARTESIAN_POINT('',(139.742925829757,11.1999999999998,-73.1626541385745));
#5743=CARTESIAN_POINT('',(129.747147272155,11.1999999999999,-39.8771131008791));
#5744=CARTESIAN_POINT('',(139.742925829757,11.1999999999998,-73.1626541385745));
#5745=CARTESIAN_POINT('',(141.658418097553,11.1999999999998,-72.5874242958028));
#5746=CARTESIAN_POINT('',(130.548711739302,11.1999999999999,-35.5925484316266));
#5747=CARTESIAN_POINT('',(131.66263953995,11.1999999999999,-39.3018832581074));
#5748=CARTESIAN_POINT('',(131.66263953995,11.1999999999999,-39.3018832581074));
#5749=CARTESIAN_POINT('',(6.38701017588519E-14,11.2000000000006,-9.91471739754452E-18));
#5750=CARTESIAN_POINT('',(127.005342125097,11.1999999999999,-37.7007542510679));
#5751=CARTESIAN_POINT('',(128.119269925745,11.1999999999999,-41.4100890775486));
#5752=CARTESIAN_POINT('',(136.964588797804,11.1999999999999,-70.8646455796528));
#5753=CARTESIAN_POINT('',(128.119269925745,11.1999999999999,-41.4100890775486));
#5754=CARTESIAN_POINT('',(126.203777657949,11.1999999999999,-41.9853189203204));
#5755=CARTESIAN_POINT('',(136.163024330657,11.1999999999999,-75.1492102489053));
#5756=CARTESIAN_POINT('',(135.049096530009,11.1999999999999,-71.4398754224245));
#5757=CARTESIAN_POINT('',(135.049096530009,11.1999999999999,-71.4398754224245));
#5758=CARTESIAN_POINT('',(143.086520601112,16.,-94.389112062193));
#5759=CARTESIAN_POINT('',(143.086520601112,13.7000000000001,-94.389112062193));
#5760=CARTESIAN_POINT('',(141.486424742557,13.7000000000001,-95.9666357006959));
#5761=CARTESIAN_POINT('',(143.086520601112,13.7000000000001,-94.3891120621933));
#5762=CARTESIAN_POINT('',(141.486424742557,16.,-95.9666357006959));
#5763=CARTESIAN_POINT('',(141.486424742557,15.,-95.9666357006959));
#5764=CARTESIAN_POINT('',(143.086520601112,15.,-94.389112062193));
#5765=CARTESIAN_POINT('',(143.086520601112,15.,-94.3891120621933));
#5766=CARTESIAN_POINT('',(143.086520601112,16.,-94.3891120621933));
#5767=CARTESIAN_POINT('',(140.67992889828,16.,-72.7633895468398));
#5768=CARTESIAN_POINT('',(140.67992889828,13.355669781726,-72.7633895468398));
#5769=CARTESIAN_POINT('',(140.67992889828,15.,-72.7633895468398));
#5770=CARTESIAN_POINT('',(140.67992889828,15.,-72.7633895468398));
#5771=CARTESIAN_POINT('',(138.854898261274,15.,-72.0991327183456));
#5772=CARTESIAN_POINT('',(138.854898261274,16.,-72.0991327183456));
#5773=CARTESIAN_POINT('',(132.901167226896,16.,-53.7754327290718));
#5774=CARTESIAN_POINT('',(132.901167226896,15.,-53.7754327290718));
#5775=CARTESIAN_POINT('',(132.170885728354,15.,-51.5278573835047));
#5776=CARTESIAN_POINT('',(132.170885728354,16.,-51.5278573835047));
#5777=CARTESIAN_POINT('',(133.256694082304,16.,-49.9170219611228));
#5778=CARTESIAN_POINT('',(133.256864292925,13.7000000000001,-49.9167694475956));
#5779=CARTESIAN_POINT('',(133.256864292925,14.1333333333334,-49.9167694475956));
#5780=CARTESIAN_POINT('',(133.256864292925,14.5666666666667,-49.9167694475956));
#5781=CARTESIAN_POINT('',(133.256864292925,15.,-49.9167694475956));
#5782=CARTESIAN_POINT('',(133.256862110282,15.,-49.9165132977064));
#5783=CARTESIAN_POINT('',(132.170885728354,15.,-51.5278573835047));
#5784=CARTESIAN_POINT('',(132.532913952698,15.,-50.9907755996387));
#5785=CARTESIAN_POINT('',(132.894942177043,15.,-50.4536938157726));
#5786=CARTESIAN_POINT('',(133.256970401387,15.,-49.9166120319065));
#5787=CARTESIAN_POINT('',(134.781346164513,14.,-54.6094185744583));
#5788=CARTESIAN_POINT('',(134.781346164513,15.,-54.6094185744583));
#5789=CARTESIAN_POINT('',(142.277618504218,14.,-107.223571108502));
#5790=CARTESIAN_POINT('',(142.277618504218,15.,-107.223571108502));
#5791=CARTESIAN_POINT('',(142.277618504218,15.,-107.223571108502));
#5792=CARTESIAN_POINT('',(142.277618504218,12.2000000000001,-107.223571108502));
#5793=CARTESIAN_POINT('',(142.277618504218,13.7000000000001,-107.223571108502));
#5794=CARTESIAN_POINT('',(143.08690425436,13.7000000000001,-94.383024821337));
#5795=CARTESIAN_POINT('',(155.41090843621,13.7000000000001,-84.4666151432569));
#5796=CARTESIAN_POINT('',(141.486424742557,13.7000000000001,-95.9666357006959));
#5797=CARTESIAN_POINT('',(140.757920641913,13.7000000000001,-107.225952741349));
#5798=CARTESIAN_POINT('',(159.593986988601,13.7000000000001,-107.196433324734));
#5799=CARTESIAN_POINT('',(110.648089768143,16.,-27.1885657325373));
#5800=CARTESIAN_POINT('',(112.558918504128,17.1884601018007,-29.8602595151488));
#5801=CARTESIAN_POINT('',(110.876912672517,15.,-32.0487196169495));
#5802=CARTESIAN_POINT('',(110.86018032264,15.,-32.0487196169495));
#5803=CARTESIAN_POINT('',(129.578588681883,15.,-32.0487196169495));
#5804=CARTESIAN_POINT('',(125.670042710054,9.62321523496835,-37.4255043819812));
#5805=CARTESIAN_POINT('',(129.578588681883,15.,-32.0487196169495));
#5806=CARTESIAN_POINT('',(130.713761188369,11.3937731429076,-47.2366961276533));
#5807=CARTESIAN_POINT('',(134.686375989644,15.,-47.7960378567875));
#5808=CARTESIAN_POINT('',(129.578588681883,15.,-32.0487196169495));
#5809=CARTESIAN_POINT('',(134.686375989644,15.,-47.7960378567876));
#5810=CARTESIAN_POINT('',(134.441372248017,16.0755232523128,-50.0826200927241));
#5811=CARTESIAN_POINT('',(133.256388504144,15.,-49.9160814882514));
#5812=CARTESIAN_POINT('',(133.733050999311,15.,-49.2094002777634));
#5813=CARTESIAN_POINT('',(134.209713494477,15.,-48.5027190672755));
#5814=CARTESIAN_POINT('',(134.686375989644,15.,-47.7960378567876));
#5815=CARTESIAN_POINT('',(134.781346164513,15.,-54.6094185744583));
#5816=CARTESIAN_POINT('',(138.574813505465,12.3697198723824,-74.7962758513551));
#5817=CARTESIAN_POINT('',(125.827844882671,16.,-66.2934952758614));
#5818=CARTESIAN_POINT('',(140.515706617648,11.8140076736867,-76.0940797418279));
#5819=CARTESIAN_POINT('',(143.066519805488,15.,-73.6320375984338));
#5820=CARTESIAN_POINT('',(140.67992889828,15.,-72.7633895468398));
#5821=CARTESIAN_POINT('',(127.951806802936,16.,-23.7922214016189));
#5822=CARTESIAN_POINT('',(128.808488837788,-1.95932378024627,-84.6418141424831));
#5823=CARTESIAN_POINT('',(148.172769118288,15.,-89.3746141968034));
#5824=CARTESIAN_POINT('',(139.060642885749,15.,-61.2819112357142));
#5825=CARTESIAN_POINT('',(181.5318050062,16.,-57.9270997077236));
#5826=CARTESIAN_POINT('',(145.318601545028,17.2913190640889,-95.4011492654108));
#5827=CARTESIAN_POINT('',(143.08888386903,15.0020325018328,-94.383927942963));
#5828=CARTESIAN_POINT('',(143.085093411465,15.0020340172312,-94.387662801295));
#5829=CARTESIAN_POINT('',(142.277618504218,15.,-107.223571108502));
#5830=CARTESIAN_POINT('',(142.277618504218,15.,-107.223571108502));
#5831=CARTESIAN_POINT('',(143.086520601112,15.0000000000001,-94.389112062193));
#5832=CARTESIAN_POINT('',(159.593986988601,12.2000000000001,-107.196433324734));
#5833=CARTESIAN_POINT('',(157.318045867285,15.,-107.200000123285));
#5834=CARTESIAN_POINT('',(157.106672418292,15.0000000080175,-107.200331382519));
#5835=CARTESIAN_POINT('',(157.106672418292,15.0000000080175,-107.200331382519));
#5836=CARTESIAN_POINT('',(158.147212403591,14.5151362416773,-107.198700674028));
#5837=CARTESIAN_POINT('',(159.18775238889,14.0302724753371,-107.197069965537));
#5838=CARTESIAN_POINT('',(160.228292374189,13.545408708997,-107.195439257046));
#5839=CARTESIAN_POINT('',(160.228292374124,13.5522513064953,-107.195439257046));
#5840=CARTESIAN_POINT('',(160.228292374124,51.4257255443649,-107.195439257046));
#5841=CARTESIAN_POINT('',(160.228292374124,7.38705076271916,-107.195439257046));
#5842=CARTESIAN_POINT('',(157.850313940185,9.6849660896588,-107.199165965945));
#5843=CARTESIAN_POINT('',(159.593986988601,8.00000000000009,-107.196433324734));
#5844=CARTESIAN_POINT('',(159.593986988601,12.0000000000001,-107.196433324734));
#5845=CARTESIAN_POINT('',(159.593986988601,9.49999999999974,-107.196433324734));
#5846=CARTESIAN_POINT('',(157.006882922949,9.49999999999974,-107.200487770144));
#5847=CARTESIAN_POINT('',(129.54369179253,16.,-107.243527403028));
#5848=CARTESIAN_POINT('',(129.54369179253,13.2000000000001,-107.243527403028));
#5849=CARTESIAN_POINT('',(155.44654023054,13.2000000000001,-107.202933100562));
#5850=CARTESIAN_POINT('',(140.757920641913,13.2000000000001,-107.225952741349));
#5851=CARTESIAN_POINT('',(140.757920641913,16.,-107.225952741349));
#5852=CARTESIAN_POINT('',(140.856853630406,11.1999999999998,-76.8719889650553));
#5853=CARTESIAN_POINT('',(140.856853630406,12.1999999999998,-76.8719889650553));
#5854=CARTESIAN_POINT('',(140.856853630406,12.1999999999998,-76.8719889650553));
#5855=CARTESIAN_POINT('',(128.633219471506,12.1999999999999,-36.1677782743983));
#5856=CARTESIAN_POINT('',(139.742925829757,19.1999999999998,-73.1626541385745));
#5857=CARTESIAN_POINT('',(129.747147272155,19.1999999999999,-39.8771131008791));
#5858=CARTESIAN_POINT('',(141.658418097553,19.1999999999998,-72.5874242958028));
#5859=CARTESIAN_POINT('',(141.658418097553,19.1999999999998,-72.5874242958028));
#5860=CARTESIAN_POINT('',(142.772345898201,12.1999999999998,-76.2967591222835));
#5861=CARTESIAN_POINT('',(142.772345898201,12.1999999999998,-76.2967591222835));
#5862=CARTESIAN_POINT('',(130.548711739302,11.1999999999999,-35.5925484316266));
#5863=CARTESIAN_POINT('',(130.548711739302,12.1999999999999,-35.5925484316266));
#5864=CARTESIAN_POINT('',(130.548711739302,12.1999999999999,-35.5925484316266));
#5865=CARTESIAN_POINT('',(131.66263953995,19.1999999999999,-39.3018832581074));
#5866=CARTESIAN_POINT('',(129.747147272155,19.1999999999999,-39.8771131008791));
#5867=CARTESIAN_POINT('',(128.633219471506,12.1999999999999,-36.1677782743983));
#5868=CARTESIAN_POINT('',(136.964588797804,19.1999999999999,-70.8646455796528));
#5869=CARTESIAN_POINT('',(136.964588797804,19.1999999999999,-70.8646455796528));
#5870=CARTESIAN_POINT('',(138.078516598452,12.1999999999999,-74.5739804061336));
#5871=CARTESIAN_POINT('',(135.049096530009,19.1999999999999,-71.4398754224245));
#5872=CARTESIAN_POINT('',(136.163024330657,12.1999999999999,-75.1492102489053));
#5873=CARTESIAN_POINT('',(138.078516598452,12.1999999999999,-74.5739804061336));
#5874=CARTESIAN_POINT('',(127.005342125097,11.1999999999999,-37.7007542510679));
#5875=CARTESIAN_POINT('',(127.005342125097,12.1999999999999,-37.7007542510679));
#5876=CARTESIAN_POINT('',(127.005342125097,12.1999999999999,-37.7007542510679));
#5877=CARTESIAN_POINT('',(128.119269925745,19.1999999999999,-41.4100890775486));
#5878=CARTESIAN_POINT('',(126.203777657949,19.1999999999999,-41.9853189203204));
#5879=CARTESIAN_POINT('',(126.203777657949,19.1999999999999,-41.9853189203204));
#5880=CARTESIAN_POINT('',(125.089849857301,12.1999999999999,-38.2759840938396));
#5881=CARTESIAN_POINT('',(125.089849857301,12.1999999999999,-38.2759840938396));
#5882=CARTESIAN_POINT('',(136.163024330657,11.1999999999999,-75.1492102489053));
#5883=CARTESIAN_POINT('',(136.163024330657,12.1999999999999,-75.1492102489053));
#5884=CARTESIAN_POINT('',(112.963587489721,12.2,-25.));
#5885=CARTESIAN_POINT('',(145.83829785154,12.1999999999998,-79.5525138151031));
#5886=CARTESIAN_POINT('',(145.83829785154,12.1999999999998,-79.5525138151031));
#5887=CARTESIAN_POINT('',(131.169936860861,12.1999999999999,-30.7074609863147));
#5888=CARTESIAN_POINT('',(131.169936860861,12.1999999999999,-30.7074609863147));
#5889=CARTESIAN_POINT('',(121.592475521883,12.1999999999999,-33.5836102001734));
#5890=CARTESIAN_POINT('',(121.592475521883,12.1999999999999,-33.5836102001734));
#5891=CARTESIAN_POINT('',(136.260836512562,12.1999999999999,-82.4286630289617));
#5892=CARTESIAN_POINT('',(136.260836512562,12.1999999999999,-82.4286630289617));
#5893=CARTESIAN_POINT('',(147.529464437566,9.99999999999979,-58.249999995764));
#5894=CARTESIAN_POINT('',(147.529464437566,9.99999999999979,-58.249999995764));
#5895=CARTESIAN_POINT('',(148.929415055871,9.99999999999979,-61.9970172450316));
#5896=CARTESIAN_POINT('',(146.129513819262,9.9999999999998,-54.5029827464965));
#5897=CARTESIAN_POINT('',(147.879452092142,9.99999999999979,-59.1867543080809));
#5898=CARTESIAN_POINT('',(145.069189155192,9.99999999999981,-60.2367172718093));
#5899=CARTESIAN_POINT('',(144.36921384604,9.99999999999981,-58.3632086471755));
#5900=CARTESIAN_POINT('',(144.36921384604,9.99999999999981,-58.3632086471755));
#5901=CARTESIAN_POINT('',(147.17947678299,9.9999999999998,-57.3132456834471));
#5902=CARTESIAN_POINT('',(131.169936860861,11.1999999999999,-30.7074609863147));
#5903=CARTESIAN_POINT('',(131.169936860861,11.1999999999999,-30.7074609863147));
#5904=CARTESIAN_POINT('',(131.169936860861,11.1999999999999,-30.7074609863147));
#5905=CARTESIAN_POINT('',(131.169936860861,11.1999999999999,-30.7074609863147));
#5906=CARTESIAN_POINT('',(121.592475521883,11.1999999999999,-33.5836102001734));
#5907=CARTESIAN_POINT('',(121.592475521883,11.1999999999999,-33.5836102001734));
#5908=CARTESIAN_POINT('',(121.592475521883,11.1999999999999,-33.5836102001734));
#5909=CARTESIAN_POINT('',(121.592475521883,11.1999999999999,-33.5836102001734));
#5910=CARTESIAN_POINT('',(136.260836512562,11.1999999999999,-82.4286630289617));
#5911=CARTESIAN_POINT('',(136.260836512562,11.1999999999999,-82.4286630289617));
#5912=CARTESIAN_POINT('',(136.260836512562,11.1999999999999,-82.4286630289617));
#5913=CARTESIAN_POINT('',(136.260836512562,11.1999999999999,-82.4286630289617));
#5914=CARTESIAN_POINT('',(145.83829785154,11.1999999999998,-79.5525138151031));
#5915=CARTESIAN_POINT('',(145.83829785154,11.1999999999998,-79.5525138151031));
#5916=CARTESIAN_POINT('',(145.83829785154,11.1999999999998,-79.5525138151031));
#5917=CARTESIAN_POINT('',(145.83829785154,11.1999999999998,-79.5525138151031));
#5918=CARTESIAN_POINT('',(134.920574087538,11.1999999999999,-84.919385139529));
#5919=CARTESIAN_POINT('',(134.920574087538,11.1999999999999,-84.919385139529));
#5920=CARTESIAN_POINT('',(134.920574087538,11.1999999999999,-84.919385139529));
#5921=CARTESIAN_POINT('',(134.920574087538,11.1999999999999,-84.919385139529));
#5922=CARTESIAN_POINT('',(119.101753411316,11.2,-32.2433477751495));
#5923=CARTESIAN_POINT('',(119.101753411316,11.2,-32.2433477751495));
#5924=CARTESIAN_POINT('',(147.529464437566,10.9999999999998,-58.249999995764));
#5925=CARTESIAN_POINT('',(147.529464437566,10.9999999999998,-58.249999995764));
#5926=CARTESIAN_POINT('',(145.779526164686,10.9999999999998,-53.5662284341795));
#5927=CARTESIAN_POINT('',(149.279402710447,10.9999999999998,-62.9337715573484));
#5928=CARTESIAN_POINT('',(149.279402710447,10.9999999999998,-62.9337715573484));
#5929=CARTESIAN_POINT('',(149.971505887534,10.9999999999998,-62.6751898091907));
#5930=CARTESIAN_POINT('',(150.640731978259,11.1686303727389,-62.4251553371902));
#5931=CARTESIAN_POINT('',(151.282824464734,11.4381955276601,-62.1852584502397));
#5932=CARTESIAN_POINT('',(151.282824464734,11.4381955276601,-62.1852584502397));
#5933=CARTESIAN_POINT('',(151.282824464734,11.4381955276601,-62.1852584502397));
#5934=CARTESIAN_POINT('',(151.530065772262,10.8214281370708,-61.0971247595598));
#5935=CARTESIAN_POINT('',(151.658346276218,10.2918701527233,-59.9380175812442));
#5936=CARTESIAN_POINT('',(151.504331018855,9.99999999999978,-58.6977004100546));
#5937=CARTESIAN_POINT('',(151.504331018855,9.99999999999977,-58.6977004100546));
#5938=CARTESIAN_POINT('',(147.529464437566,9.99999999999979,-58.249999995764));
#5939=CARTESIAN_POINT('',(147.529464437566,9.99999999999979,-58.249999995764));
#5940=CARTESIAN_POINT('',(150.236998054585,9.99999999999978,-55.3056389933196));
#5941=CARTESIAN_POINT('',(150.236998054585,9.99999999999978,-55.3056389933196));
#5942=CARTESIAN_POINT('',(149.54242635362,10.2908541938336,-54.2718007504547));
#5943=CARTESIAN_POINT('',(148.682340493463,10.8219580940569,-53.4765911103961));
#5944=CARTESIAN_POINT('',(147.782947918973,11.4381955276601,-52.8177153270708));
#5945=CARTESIAN_POINT('',(147.782947918973,11.4381955276601,-52.8177153270708));
#5946=CARTESIAN_POINT('',(147.782947918973,11.4381955276601,-52.8177153270708));
#5947=CARTESIAN_POINT('',(147.138994214075,11.1678489905503,-53.0583075974978));
#5948=CARTESIAN_POINT('',(146.47536796961,10.9999999999998,-53.306249869833));
#5949=CARTESIAN_POINT('',(145.779526164686,10.9999999999998,-53.5662284341795));
#5950=CARTESIAN_POINT('',(119.101753411316,11.2,-32.2433477751495));
#5951=CARTESIAN_POINT('',(119.101753411316,11.2,-32.2433477751495));
#5952=CARTESIAN_POINT('',(132.510199285885,11.1999999999999,-28.2167388757474));
#5953=CARTESIAN_POINT('',(132.510199285885,11.1999999999999,-28.2167388757474));
#5954=CARTESIAN_POINT('',(103.596593167712,3.07467153656152,-25.1080093145347));
#5955=CARTESIAN_POINT('',(134.565777228796,3.07467153656152,-128.234148116906));
#5956=CARTESIAN_POINT('',(103.830020030534,8.30410985432817,-25.1080093145347));
#5957=CARTESIAN_POINT('',(134.799204091617,8.30410985432817,-128.234148116906));
#5958=CARTESIAN_POINT('',(107.712983424017,12.1018351510744,-25.1080093145351));
#5959=CARTESIAN_POINT('',(138.6821674851,12.1018351510744,-128.234148116907));
#5960=CARTESIAN_POINT('',(113.283241153408,12.0841599410399,-25.1080093145346));
#5961=CARTESIAN_POINT('',(144.252425214491,12.0841599410399,-128.234148116906));
#5962=CARTESIAN_POINT('',(124.610915219958,11.7448294726192,-25.1080093145347));
#5963=CARTESIAN_POINT('',(155.580099281042,11.7448294726192,-128.234148116906));
#5964=CARTESIAN_POINT('',(135.783542805362,11.4101435583024,-25.1080093145346));
#5965=CARTESIAN_POINT('',(166.752726866446,11.4101435583024,-128.234148116906));
#5966=CARTESIAN_POINT('',(146.801123909621,11.0801021980896,-25.1080093145346));
#5967=CARTESIAN_POINT('',(177.770307970704,11.0801021980896,-128.234148116906));
#5968=CARTESIAN_POINT('',(120.321819335974,8.00000000000009,-75.3001353625818));
#5969=CARTESIAN_POINT('',(107.693998717838,8.00000000000009,-33.25));
#5970=CARTESIAN_POINT('',(122.095429280432,9.93340200196111,-75.3001353625818));
#5971=CARTESIAN_POINT('',(109.467608662296,9.9334020019611,-33.25));
#5972=CARTESIAN_POINT('',(107.693998717838,8.00000000000009,-33.25));
#5973=CARTESIAN_POINT('',(108.196721891081,8.7305102573148,-33.25));
#5974=CARTESIAN_POINT('',(108.788646247873,9.37427641069717,-33.25));
#5975=CARTESIAN_POINT('',(109.467608662296,9.9334020019611,-33.25));
#5976=CARTESIAN_POINT('',(2.49016385210744E-44,-9.22048375510497E-30,-33.25));
#5977=CARTESIAN_POINT('',(105.344726370545,8.00000000000009,-33.25));
#5978=CARTESIAN_POINT('',(103.028388606396,8.00000000000009,-33.25));
#5979=CARTESIAN_POINT('',(113.689850260724,11.9999999999949,-33.25));
#5980=CARTESIAN_POINT('',(112.917992217694,11.8409123897366,-33.25));
#5981=CARTESIAN_POINT('',(111.389299797758,11.316590346031,-33.25));
#5982=CARTESIAN_POINT('',(110.074530736247,10.452004472283,-33.25));
#5983=CARTESIAN_POINT('',(109.467608662296,9.9334020019611,-33.25));
#5984=CARTESIAN_POINT('',(106.111281701813,12.2,-33.25));
#5985=CARTESIAN_POINT('',(155.41090843621,13.7000000000001,-84.4666151432569));
#5986=CARTESIAN_POINT('',(107.483229839969,13.70000000022,-38.0281270498805));
#5987=CARTESIAN_POINT('',(107.020474020113,13.70000000022,-36.2209508012482));
#5988=CARTESIAN_POINT('',(113.478655362471,13.7000000000001,-42.2759320663104));
#5989=CARTESIAN_POINT('',(112.788516267772,13.7000000000001,-40.9439679389395));
#5990=CARTESIAN_POINT('',(110.951360019904,13.7000000000001,-38.5144125516429));
#5991=CARTESIAN_POINT('',(108.407695031676,13.7000000000001,-36.8298756446556));
#5992=CARTESIAN_POINT('',(107.020474020015,13.7000000000001,-36.2209508014157));
#5993=CARTESIAN_POINT('',(112.963587489721,12.0000000000001,-9.49999999999999));
#5994=CARTESIAN_POINT('',(108.399225049175,18.6975293657427,-9.49999999999999));
#5995=CARTESIAN_POINT('',(99.0288902900527,12.3116515749497,-9.49999999999999));
#5996=CARTESIAN_POINT('',(98.0507510898525,11.6448764248114,-9.49999999999999));
#5997=CARTESIAN_POINT('',(98.0508319904488,11.6447577151063,-9.49999999999999));
#5998=CARTESIAN_POINT('',(96.6090337703739,10.6838731705646,-9.49999999999999));
#5999=CARTESIAN_POINT('',(95.3547664838357,9.46895393219698,-9.49999999999999));
#6000=CARTESIAN_POINT('',(94.2880301308341,8.00000000000338,-9.49999999999999));
#6001=CARTESIAN_POINT('',(94.2880301308317,8.,-9.49999999793128));
#6002=CARTESIAN_POINT('',(84.3133537770365,8.,-9.49999999793128));
#6003=CARTESIAN_POINT('',(98.3457737995518,8.,-9.49999999793128));
#6004=CARTESIAN_POINT('',(105.26006321334,4.49927123267501,-9.49999999793128));
#6005=CARTESIAN_POINT('',(129.963587490289,12.0000000000001,-9.49999999999999));
#6006=CARTESIAN_POINT('',(129.963587490289,12.3116515749497,-9.49999999999999));
#6007=CARTESIAN_POINT('',(98.830778672289,12.3116515749497,-9.49999999999999));
#6008=CARTESIAN_POINT('',(105.26006321334,4.49927123267501,-25.));
#6009=CARTESIAN_POINT('',(98.3457737995518,8.00000000000009,-21.500077515918));
#6010=CARTESIAN_POINT('',(98.3457737995518,8.00000000000009,-21.25));
#6011=CARTESIAN_POINT('',(98.3457737995518,8.00000000000009,-21.25));
#6012=CARTESIAN_POINT('',(98.8404567661904,8.9770483310035,-21.25));
#6013=CARTESIAN_POINT('',(100.250037862819,10.7176754965618,-21.25));
#6014=CARTESIAN_POINT('',(102.250726674205,11.7246243917133,-21.25));
#6015=CARTESIAN_POINT('',(103.310656938646,12.0000921994882,-21.25));
#6016=CARTESIAN_POINT('',(114.405146547629,13.7000000000776,-44.5614433647392));
#6017=CARTESIAN_POINT('',(113.10970795961,13.7000000000776,-40.255150548636));
#6018=CARTESIAN_POINT('',(109.945190724037,13.7000000000776,-37.0456998375399));
#6019=CARTESIAN_POINT('',(105.632319942285,13.7000000000776,-35.7018641072193));
#6020=CARTESIAN_POINT('',(113.3130178618,12.937820653089,-44.8911902430758));
#6021=CARTESIAN_POINT('',(112.12915881154,12.937820653089,-40.9544512330725));
#6022=CARTESIAN_POINT('',(109.236573606197,12.937820653089,-38.0202350801661));
#6023=CARTESIAN_POINT('',(105.294050994935,12.937820653089,-36.7913833541547));
#6024=CARTESIAN_POINT('',(112.091759087898,11.9999999999999,-45.2599254237928));
#6025=CARTESIAN_POINT('',(111.032672412217,11.9999999999999,-41.7364351764897));
#6026=CARTESIAN_POINT('',(108.444171681655,11.9999999999999,-39.1099965075297));
#6027=CARTESIAN_POINT('',(104.915786120796,11.9999999999999,-38.0097241567725));
#6028=CARTESIAN_POINT('',(101.678918765861,11.9999999999999,-48.3898050791983));
#6029=CARTESIAN_POINT('',(104.98583545528,11.9998848874256,-38.0278406388501));
#6030=CARTESIAN_POINT('',(104.995807639828,12.0048231903692,-38.0281270498805));
#6031=CARTESIAN_POINT('',(105.676955655837,12.5724961431444,-37.4351994879566));
#6032=CARTESIAN_POINT('',(106.359842556432,13.1408952999168,-36.8449012796103));
#6033=CARTESIAN_POINT('',(107.02047401981,13.7000000000001,-36.2209508013258));
#6034=CARTESIAN_POINT('',(41.8287509666469,8.,-23.6508300947988));
#6035=CARTESIAN_POINT('',(94.2880301308317,8.,-9.49999999999999));
#6036=CARTESIAN_POINT('',(94.1252720324179,8.,-9.66323789376385));
#6037=CARTESIAN_POINT('',(93.9625139340042,8.,-9.82647578752771));
#6038=CARTESIAN_POINT('',(93.7997558355904,8.,-9.98971368129157));
#6039=CARTESIAN_POINT('',(93.797319340338,8.00000000020235,-9.98972773433334));
#6040=CARTESIAN_POINT('',(100.976991202736,8.00000000040469,-38.0281270498805));
#6041=CARTESIAN_POINT('',(99.190579544446,8.00000000039297,-31.051835725208));
#6042=CARTESIAN_POINT('',(99.1893431730023,8.,-31.05));
#6043=CARTESIAN_POINT('',(99.3838994984778,8.,-31.8097907045731));
#6044=CARTESIAN_POINT('',(99.5784558239532,8.,-32.5695814091463));
#6045=CARTESIAN_POINT('',(99.7730121494287,8.,-33.3293721137194));
#6046=CARTESIAN_POINT('',(99.7736925003469,8.00002246500232,-33.3288949658549));
#6047=CARTESIAN_POINT('',(99.7736799534217,8.,-33.3288981786919));
#6048=CARTESIAN_POINT('',(101.78685740565,8.0002202856473,-41.1872074813022));
#6049=CARTESIAN_POINT('',(103.886506057957,8.,-41.7451230195664));
#6050=CARTESIAN_POINT('',(103.192321811802,8.,-41.5404925179188));
#6051=CARTESIAN_POINT('',(102.487754155886,8.,-41.3677732249267));
#6052=CARTESIAN_POINT('',(101.786918080584,8.,-41.1872345715344));
#6053=CARTESIAN_POINT('',(103.886465562647,8.0002202856473,-41.7452603950087));
#6054=CARTESIAN_POINT('',(103.886420258705,8.,-41.7453967563622));
#6055=CARTESIAN_POINT('',(104.373052340187,8.,-41.9070727091546));
#6056=CARTESIAN_POINT('',(104.846963594282,8.,-42.1251604783307));
#6057=CARTESIAN_POINT('',(105.284922796965,8.,-42.3883086217184));
#6058=CARTESIAN_POINT('',(105.285021511747,8.0001468570982,-42.3881443300518));
#6059=CARTESIAN_POINT('',(108.384981536027,8.,-46.3763574877261));
#6060=CARTESIAN_POINT('',(108.137901476283,8.,-45.5534213106696));
#6061=CARTESIAN_POINT('',(107.566149140669,8.,-44.4303324655501));
#6062=CARTESIAN_POINT('',(106.363821830706,8.,-43.1278838874077));
#6063=CARTESIAN_POINT('',(105.663955231033,8.,-42.6157140531377));
#6064=CARTESIAN_POINT('',(105.285360037077,8.,-42.3882357855451));
#6065=CARTESIAN_POINT('',(114.305891193738,8.,-45.5069411320668));
#6066=CARTESIAN_POINT('',(103.028388606396,8.00000000000009,-33.25));
#6067=CARTESIAN_POINT('',(103.028388606396,8.00000000000009,-25.25));
#6068=CARTESIAN_POINT('',(98.6067937448604,8.00000000000009,-25.25));
#6069=CARTESIAN_POINT('',(100.069503865079,8.00000000000009,-25.25));
#6070=CARTESIAN_POINT('',(98.3457737995518,8.00000000000009,-21.25));
#6071=CARTESIAN_POINT('',(112.135854124028,12.0322329566617,-45.2466117907908));
#6072=CARTESIAN_POINT('',(111.009748941093,12.0322329566617,-41.5002277717496));
#6073=CARTESIAN_POINT('',(108.188629515979,12.0322329566617,-38.7901002303956));
#6074=CARTESIAN_POINT('',(104.400085876362,12.0322329566617,-37.8151934697872));
#6075=CARTESIAN_POINT('',(104.365457429074,12.0322329566617,-37.8062825238981));
#6076=CARTESIAN_POINT('',(104.330828981785,12.0322329566617,-37.797371578009));
#6077=CARTESIAN_POINT('',(104.296200534496,12.0322329566617,-37.7884606321199));
#6078=CARTESIAN_POINT('',(102.806893245785,12.0322329566617,-37.4052168628769));
#6079=CARTESIAN_POINT('',(101.317585957073,12.0322329566617,-37.0219730936339));
#6080=CARTESIAN_POINT('',(99.8282786683619,12.0322329566617,-36.638729324391));
#6081=CARTESIAN_POINT('',(112.121155778651,12.0214886377744,-45.2510496684581));
#6082=CARTESIAN_POINT('',(110.996640544721,12.0214886377744,-41.5099315943941));
#6083=CARTESIAN_POINT('',(108.179492679187,12.0214886377744,-38.8036099470019));
#6084=CARTESIAN_POINT('',(104.396277911667,12.0214886377744,-37.8300674578161));
#6085=CARTESIAN_POINT('',(104.361698171899,12.0214886377744,-37.821168981785));
#6086=CARTESIAN_POINT('',(104.327118432131,12.0214886377744,-37.8122705057539));
#6087=CARTESIAN_POINT('',(104.292538692363,12.0214886377744,-37.8033720297227));
#6088=CARTESIAN_POINT('',(102.805326226572,12.0214886377744,-37.4206645666615));
#6089=CARTESIAN_POINT('',(101.318113760782,12.0214886377744,-37.0379571036002));
#6090=CARTESIAN_POINT('',(99.8309012949922,12.0214886377744,-36.6552496405389));
#6091=CARTESIAN_POINT('',(112.106457433274,12.0107443188872,-45.2554875461255));
#6092=CARTESIAN_POINT('',(110.98353214835,12.0107443188872,-41.5196354170386));
#6093=CARTESIAN_POINT('',(108.170355842395,12.0107443188872,-38.8171196636082));
#6094=CARTESIAN_POINT('',(104.392469946972,12.0107443188872,-37.8449414458451));
#6095=CARTESIAN_POINT('',(104.357938914725,12.0107443188872,-37.8360554396719));
#6096=CARTESIAN_POINT('',(104.323407882477,12.0107443188872,-37.8271694334987));
#6097=CARTESIAN_POINT('',(104.288876850229,12.0107443188872,-37.8182834273256));
#6098=CARTESIAN_POINT('',(102.80375920736,12.0107443188872,-37.436112270446));
#6099=CARTESIAN_POINT('',(101.318641564491,12.0107443188872,-37.0539411135664));
#6100=CARTESIAN_POINT('',(99.8335239216225,12.0107443188872,-36.6717699566868));
#6101=CARTESIAN_POINT('',(112.091759087898,11.9999999999999,-45.2599254237928));
#6102=CARTESIAN_POINT('',(110.970423751979,11.9999999999999,-41.529339239683));
#6103=CARTESIAN_POINT('',(108.161219005603,11.9999999999999,-38.8306293802144));
#6104=CARTESIAN_POINT('',(104.388661982278,11.9999999999999,-37.859815433874));
#6105=CARTESIAN_POINT('',(104.35417965755,11.9999999999999,-37.8509418975588));
#6106=CARTESIAN_POINT('',(104.319697332823,11.9999999999999,-37.8420683612436));
#6107=CARTESIAN_POINT('',(104.285215008095,11.9999999999999,-37.8331948249284));
#6108=CARTESIAN_POINT('',(102.802192188148,11.9999999999999,-37.4515599742305));
#6109=CARTESIAN_POINT('',(101.3191693682,11.9999999999999,-37.0699251235326));
#6110=CARTESIAN_POINT('',(99.8361465482528,11.9999999999999,-36.6882902728347));
#6111=CARTESIAN_POINT('',(110.618596256943,10.9231351677344,-45.7047181035309));
#6112=CARTESIAN_POINT('',(109.656615849603,10.9231351677344,-42.5019188377005));
#6113=CARTESIAN_POINT('',(107.245466381112,10.9231351677344,-40.1846601810319));
#6114=CARTESIAN_POINT('',(104.007003237277,10.9231351677344,-39.350582302576));
#6115=CARTESIAN_POINT('',(103.977402693918,10.9231351677344,-39.342958575731));
#6116=CARTESIAN_POINT('',(103.947802150559,10.9231351677344,-39.335334848886));
#6117=CARTESIAN_POINT('',(103.9182016072,10.9231351677344,-39.327711122041));
#6118=CARTESIAN_POINT('',(102.645135431084,10.9231351677344,-38.9998283306835));
#6119=CARTESIAN_POINT('',(101.372069254967,10.9231351677344,-38.671945539326));
#6120=CARTESIAN_POINT('',(100.099003078851,10.9231351677344,-38.3440627479684));
#6121=CARTESIAN_POINT('',(109.368077883782,9.57356777064441,-46.0822876474892));
#6122=CARTESIAN_POINT('',(108.541368514956,9.57356777064441,-43.3275089429667));
#6123=CARTESIAN_POINT('',(106.468114782135,9.57356777064441,-41.3340513811549));
#6124=CARTESIAN_POINT('',(103.683025966827,9.57356777064441,-40.6160441512181));
#6125=CARTESIAN_POINT('',(103.657569403459,9.57356777064441,-40.6094813455915));
#6126=CARTESIAN_POINT('',(103.632112840091,9.57356777064441,-40.6029185399649));
#6127=CARTESIAN_POINT('',(103.606656276723,9.57356777064441,-40.5963557343383));
#6128=CARTESIAN_POINT('',(102.511815233064,9.57356777064441,-40.314101258051));
#6129=CARTESIAN_POINT('',(101.416974189404,9.57356777064441,-40.0318467817636));
#6130=CARTESIAN_POINT('',(100.322133145745,9.57356777064441,-39.7495923054763));
#6131=CARTESIAN_POINT('',(108.385739988053,8.00044057129459,-46.378885345903));
#6132=CARTESIAN_POINT('',(107.665292046629,8.00044057129459,-43.9760467526852));
#6133=CARTESIAN_POINT('',(105.857470468249,8.00044057129459,-42.2369493770038));
#6134=CARTESIAN_POINT('',(103.428527386919,8.00044057129459,-41.6101208127065));
#6135=CARTESIAN_POINT('',(103.406326104459,8.00044057129459,-41.6043914079635));
#6136=CARTESIAN_POINT('',(103.384124821998,8.00044057129459,-41.5986620032205));
#6137=CARTESIAN_POINT('',(103.361923539537,8.00044057129459,-41.5929325984775));
#6138=CARTESIAN_POINT('',(102.407086277782,8.00044057129459,-41.3465211965292));
#6139=CARTESIAN_POINT('',(101.452249016027,8.00044057129459,-41.1001097945808));
#6140=CARTESIAN_POINT('',(100.497411754273,8.00044057129459,-40.8536983926324));
#6141=CARTESIAN_POINT('',(108.376035844336,7.98490024398606,-46.3818153221402));
#6142=CARTESIAN_POINT('',(107.656637619275,7.98490024398606,-43.9824534118792));
#6143=CARTESIAN_POINT('',(105.851438144537,7.98490024398606,-42.2458687640614));
#6144=CARTESIAN_POINT('',(103.426013291916,7.98490024398606,-41.6199409192406));
#6145=CARTESIAN_POINT('',(103.403844167141,7.98490024398606,-41.614219747349));
#6146=CARTESIAN_POINT('',(103.381675042367,7.98490024398606,-41.6084985754575));
#6147=CARTESIAN_POINT('',(103.359505917592,7.98490024398606,-41.6027774035659));
#6148=CARTESIAN_POINT('',(102.40605170013,7.98490024398606,-41.3567200817626));
#6149=CARTESIAN_POINT('',(101.452597482668,7.98490024398606,-41.1106627599593));
#6150=CARTESIAN_POINT('',(100.499143265207,7.98490024398606,-40.864605438156));
#6151=CARTESIAN_POINT('',(108.366331700619,7.96935991667752,-46.3847452983775));
#6152=CARTESIAN_POINT('',(107.647983191921,7.96935991667752,-43.9888600710732));
#6153=CARTESIAN_POINT('',(105.845405820825,7.96935991667752,-42.2547881511189));
#6154=CARTESIAN_POINT('',(103.423499196913,7.96935991667752,-41.6297610257747));
#6155=CARTESIAN_POINT('',(103.401362229824,7.96935991667752,-41.6240480867345));
#6156=CARTESIAN_POINT('',(103.379225262736,7.96935991667752,-41.6183351476944));
#6157=CARTESIAN_POINT('',(103.357088295647,7.96935991667752,-41.6126222086543));
#6158=CARTESIAN_POINT('',(102.405017122478,7.96935991667752,-41.3669189669961));
#6159=CARTESIAN_POINT('',(101.45294594931,7.96935991667752,-41.1212157253378));
#6160=CARTESIAN_POINT('',(100.500874776141,7.96935991667752,-40.8755124836796));
#6161=CARTESIAN_POINT('',(108.356627556903,7.95381958936899,-46.3876752746148));
#6162=CARTESIAN_POINT('',(107.639328764568,7.95381958936898,-43.9952667302671));
#6163=CARTESIAN_POINT('',(105.839373497113,7.95381958936898,-42.2637075381764));
#6164=CARTESIAN_POINT('',(103.42098510191,7.95381958936899,-41.6395811323088));
#6165=CARTESIAN_POINT('',(103.398880292507,7.95381958936899,-41.6338764261201));
#6166=CARTESIAN_POINT('',(103.376775483105,7.95381958936899,-41.6281717199314));
#6167=CARTESIAN_POINT('',(103.354670673702,7.95381958936899,-41.6224670137427));
#6168=CARTESIAN_POINT('',(102.403982544827,7.95381958936899,-41.3771178522295));
#6169=CARTESIAN_POINT('',(101.453294415951,7.95381958936899,-41.1317686907163));
#6170=CARTESIAN_POINT('',(100.502606287075,7.95381958936899,-40.8864195292032));
#6171=CARTESIAN_POINT('',(101.785884859414,8.00027722513435,-41.1863199797389));
#6172=CARTESIAN_POINT('',(102.223911767665,8.80439616041567,-40.7579091275815));
#6173=CARTESIAN_POINT('',(103.210428560931,10.2818685824889,-39.7877305537249));
#6174=CARTESIAN_POINT('',(104.362829606975,11.4732935231587,-38.6228369423654));
#6175=CARTESIAN_POINT('',(104.990275393757,12.0002142008607,-38.0329250487384));
#6176=CARTESIAN_POINT('',(106.111281701813,12.2,-33.25));
#6177=CARTESIAN_POINT('',(106.111281701813,12.2,-25.25));
#6178=CARTESIAN_POINT('',(128.567133614798,-8.,-95.25));
#6179=CARTESIAN_POINT('',(132.308693495674,11.9999999999948,-95.25));
#6180=CARTESIAN_POINT('',(130.927841858354,11.7153927602487,-95.25));
#6181=CARTESIAN_POINT('',(129.602838659908,11.1119946979064,-95.2499999999999));
#6182=CARTESIAN_POINT('',(128.477639253827,10.2500000000005,-95.2499999999999));
#6183=CARTESIAN_POINT('',(132.308693495675,11.9999999999949,-95.25));
#6184=CARTESIAN_POINT('',(113.689850260724,11.9999999999949,-33.2499999999999));
#6185=CARTESIAN_POINT('',(130.743362820715,11.6773697979881,-95.2499999999999));
#6186=CARTESIAN_POINT('',(112.124519585764,11.6773697979881,-33.2499999999999));
#6187=CARTESIAN_POINT('',(129.30516899596,10.9747707791781,-95.2499999999999));
#6188=CARTESIAN_POINT('',(110.686325761009,10.9747707791781,-33.2499999999999));
#6189=CARTESIAN_POINT('',(128.086451897247,9.9334020019611,-95.25));
#6190=CARTESIAN_POINT('',(109.467608662296,9.9334020019611,-33.2499999999999));
#6191=CARTESIAN_POINT('',(129.963587490292,25.4120385162207,-20.0500000000079));
#6192=CARTESIAN_POINT('',(129.963587490292,13.7000000000001,-20.0500000000079));
#6193=CARTESIAN_POINT('',(129.963587490292,13.7000000000001,-20.0500000000079));
#6194=CARTESIAN_POINT('',(142.881588708555,13.7000000000001,-20.0500000000008));
#6195=CARTESIAN_POINT('',(142.881588708555,13.7000000000001,-20.0500000000008));
#6196=CARTESIAN_POINT('',(143.916069201914,13.7000000000001,-20.0500000000003));
#6197=CARTESIAN_POINT('',(144.952122876136,13.6458432788945,-20.05));
#6198=CARTESIAN_POINT('',(145.976287064025,13.5426890017263,-20.0499999999994));
#6199=CARTESIAN_POINT('',(145.976287064025,13.5426890017263,-20.0499999999994));
#6200=CARTESIAN_POINT('',(145.976287064025,25.3372431142293,-20.0499999999994));
#6201=CARTESIAN_POINT('',(145.976287064025,14.,-20.0499999999994));
#6202=CARTESIAN_POINT('',(145.976287064025,14.,-20.0499999999994));
#6203=CARTESIAN_POINT('',(146.987707847031,14.,-20.0499999999989));
#6204=CARTESIAN_POINT('',(145.976424900061,14.4716581711581,-20.0499999999994));
#6205=CARTESIAN_POINT('',(146.313519215718,14.314438780772,-20.0499999999992));
#6206=CARTESIAN_POINT('',(146.650613531374,14.1572193903861,-20.0499999999981));
#6207=CARTESIAN_POINT('',(146.987707847031,14.,-20.0499999999979));
#6208=CARTESIAN_POINT('',(145.976343024842,14.4714826223863,-20.0507925565151));
#6209=CARTESIAN_POINT('',(144.727199461154,15.0533363689247,-20.0500000000001));
#6210=CARTESIAN_POINT('',(145.143553377594,14.8593265942781,-20.0499999999999));
#6211=CARTESIAN_POINT('',(145.559907294035,14.6653168196314,-20.0499999999996));
#6212=CARTESIAN_POINT('',(145.976261210475,14.4713070449847,-20.0499999999994));
#6213=CARTESIAN_POINT('',(129.963587490292,20.2183109373277,-20.0500000000079));
#6214=CARTESIAN_POINT('',(129.963587490289,12.0000000000001,-15.4999999935073));
#6215=CARTESIAN_POINT('',(147.881970123057,12.0000000000001,-17.0676553425944));
#6216=CARTESIAN_POINT('',(147.881970123057,13.5,-17.0676553425944));
#6217=CARTESIAN_POINT('',(145.971351242268,13.5,-16.9004978502068));
#6218=CARTESIAN_POINT('',(130.876431747541,13.5,-15.5798635175817));
#6219=CARTESIAN_POINT('',(130.876431747541,13.7000000000001,-15.5798635175817));
#6220=CARTESIAN_POINT('',(155.41090843621,13.7000000000001,-84.4666151432569));
#6221=CARTESIAN_POINT('',(130.963587490289,13.7000000000001,-14.5836688194899));
#6222=CARTESIAN_POINT('',(129.963587490289,13.7000000000001,-15.2469937775616));
#6223=CARTESIAN_POINT('',(130.859000598992,13.7000000000001,-15.7791024572001));
#6224=CARTESIAN_POINT('',(161.188139815471,13.7000000000001,-18.4325583131416));
#6225=CARTESIAN_POINT('',(145.128057325517,13.7000000000001,-17.0274831599938));
#6226=CARTESIAN_POINT('',(142.881588708555,13.7000000000001,-20.0500000000008));
#6227=CARTESIAN_POINT('',(143.59479831111,13.7000000000001,-19.0215334765313));
#6228=CARTESIAN_POINT('',(144.36774319204,13.7000000000001,-18.0282253591861));
#6229=CARTESIAN_POINT('',(145.128057325517,13.7000000000001,-17.0274831599939));
#6230=CARTESIAN_POINT('',(129.963587490292,13.7000000000001,-20.0500000000079));
#6231=CARTESIAN_POINT('',(148.329019962108,11.1999999999998,-80.892776240127));
#6232=CARTESIAN_POINT('',(148.329019962108,11.1999999999998,-80.892776240127));
#6233=CARTESIAN_POINT('',(148.329019962108,11.1999999999998,-80.892776240127));
#6234=CARTESIAN_POINT('',(148.329019962108,11.1999999999998,-80.892776240127));
#6235=CARTESIAN_POINT('',(6.38701017588519E-14,11.2000000000006,-9.91471739754452E-18));
#6236=CARTESIAN_POINT('',(132.510199285885,11.1999999999999,-28.2167388757474));
#6237=CARTESIAN_POINT('',(132.510199285885,11.1999999999999,-28.2167388757474));
#6238=CARTESIAN_POINT('',(147.529464437566,9.99999999999979,-58.249999995764));
#6239=CARTESIAN_POINT('',(149.279402710447,9.99999999999978,-62.9337715573484));
#6240=CARTESIAN_POINT('',(145.779526164686,9.9999999999998,-53.5662284341795));
#6241=CARTESIAN_POINT('',(141.486424742557,16.,-95.9666357006959));
#6242=CARTESIAN_POINT('',(141.486424742557,13.2000000000001,-95.9666357006959));
#6243=CARTESIAN_POINT('',(140.756364728133,13.2000000000001,-107.25));
#6244=CARTESIAN_POINT('',(140.756364728133,16.,-107.25));
#6245=CARTESIAN_POINT('',(140.756364728133,15.,-107.25));
#6246=CARTESIAN_POINT('',(141.486424742557,15.,-95.9666357006959));
#6247=CARTESIAN_POINT('',(141.486424742557,15.,-95.9666357006959));
#6248=CARTESIAN_POINT('',(137.304365316803,18.6827075838283,-103.565299110828));
#6249=CARTESIAN_POINT('',(139.819011073857,16.,-106.249458739175));
#6250=CARTESIAN_POINT('',(140.024785565049,16.,-103.069133147111));
#6251=CARTESIAN_POINT('',(140.513105927507,16.,-95.5219501271948));
#6252=CARTESIAN_POINT('',(141.874782845537,14.6009959974321,-96.144067024407));
#6253=CARTESIAN_POINT('',(143.086520601112,15.,-94.389112062193));
#6254=CARTESIAN_POINT('',(117.742247957571,16.,-117.971584331609));
#6255=CARTESIAN_POINT('',(147.031083155111,16.,-89.095920651028));
#6256=CARTESIAN_POINT('',(139.430769767782,22.6570962878256,-87.2406308820058));
#6257=CARTESIAN_POINT('',(139.060642885749,15.,-61.2819112357142));
#6258=CARTESIAN_POINT('',(145.955479856012,16.,-85.7798335804108));
#6259=CARTESIAN_POINT('',(142.26588599141,16.,-74.4048084940383));
#6260=CARTESIAN_POINT('',(142.623125157865,15.5538045481304,-74.0600016350823));
#6261=CARTESIAN_POINT('',(140.67992889828,15.,-72.7633895468398));
#6262=CARTESIAN_POINT('',(113.804059535753,16.,-64.0455508513289));
#6263=CARTESIAN_POINT('',(138.054559403556,16.,-72.8720109692856));
#6264=CARTESIAN_POINT('',(142.215562559708,10.8009482283327,-68.8537769294528));
#6265=CARTESIAN_POINT('',(132.901167226896,15.,-53.7754327290718));
#6266=CARTESIAN_POINT('',(142.59506122667,16.,-86.8462386807969));
#6267=CARTESIAN_POINT('',(131.069169817152,16.,-51.3731924384555));
#6268=CARTESIAN_POINT('',(132.6371901309,14.5767471470599,-51.5933197627466));
#6269=CARTESIAN_POINT('',(133.256694082304,15.,-49.9170219611228));
#6270=CARTESIAN_POINT('',(98.7529548291521,16.,-99.3154500482931));
#6271=CARTESIAN_POINT('',(133.584835452552,16.,-47.641112737992));
#6272=CARTESIAN_POINT('',(134.072802762748,15.5570137514102,-47.7097424351796));
#6273=CARTESIAN_POINT('',(145.955479856012,16.,-85.7798335804106));
#6274=CARTESIAN_POINT('',(133.735162902129,16.,-48.1045725584673));
#6275=CARTESIAN_POINT('',(128.851658714879,16.,-33.0487196169495));
#6276=CARTESIAN_POINT('',(117.265917476002,31.9379056646103,-48.9866252815598));
#6277=CARTESIAN_POINT('',(140.756364728133,-16.,-107.25));
#6278=CARTESIAN_POINT('',(118.767609294718,5.8370669409058E-10,-107.237306831061));
#6279=CARTESIAN_POINT('',(118.768027933302,1.70113807669508,-107.237307072723));
#6280=CARTESIAN_POINT('',(119.314128806057,5.0395217162876,-107.237622313422));
#6281=CARTESIAN_POINT('',(121.312406745922,8.82718420576303,-107.238775833891));
#6282=CARTESIAN_POINT('',(123.557313325408,11.3433561437444,-107.240071722536));
#6283=CARTESIAN_POINT('',(126.209554448363,13.477156679339,-107.241602748006));
#6284=CARTESIAN_POINT('',(128.466544000076,14.5184408699393,-107.242905611634));
#6285=CARTESIAN_POINT('',(130.146834999165,15.0000000002942,-107.24387557183));
#6286=CARTESIAN_POINT('',(130.146834999165,15.,-107.24387557183));
#6287=CARTESIAN_POINT('',(140.756364728133,15.,-107.25));
#6288=CARTESIAN_POINT('',(140.756364728133,13.2000000000001,-107.25));
#6289=CARTESIAN_POINT('',(100.530711683237,16.,-33.0487196169495));
#6290=CARTESIAN_POINT('',(129.578588681883,16.,-33.0487196169495));
#6291=CARTESIAN_POINT('',(100.530711683237,16.,-100.513774356684));
#6292=CARTESIAN_POINT('',(100.527413810707,16.,-106.226777378993));
#6293=CARTESIAN_POINT('',(115.487134935561,16.,-47.8845088675667));
#6294=CARTESIAN_POINT('',(114.629891151845,16.,-45.1208130179926));
#6295=CARTESIAN_POINT('',(114.629891151845,16.,-45.1208130179926));
#6296=CARTESIAN_POINT('',(114.759390831749,16.,-44.9664813092273));
#6297=CARTESIAN_POINT('',(114.888890511653,16.,-44.8121496004621));
#6298=CARTESIAN_POINT('',(115.018390191556,16.,-44.6578178916969));
#6299=CARTESIAN_POINT('',(115.018390191556,16.,-44.6578178916969));
#6300=CARTESIAN_POINT('',(114.305891193738,16.,-45.5069411320668));
#6301=CARTESIAN_POINT('',(114.5512659229,16.,-44.8673306095647));
#6302=CARTESIAN_POINT('',(127.812721204901,16.,-87.6213634977378));
#6303=CARTESIAN_POINT('',(109.347446841586,14.2000139202869,-49.0125764333965));
#6304=CARTESIAN_POINT('',(122.608902123587,14.2000139202869,-91.7666093215696));
#6305=CARTESIAN_POINT('',(105.172383886781,8.7233002580111,-52.3383381493997));
#6306=CARTESIAN_POINT('',(118.433839168782,8.7233002580111,-95.0923710375729));
#6307=CARTESIAN_POINT('',(104.978341999095,0.499802635810473,-52.4929075746645));
#6308=CARTESIAN_POINT('',(118.239797281096,0.499802635810473,-95.2469404628376));
#6309=CARTESIAN_POINT('',(105.913683416399,0.49980264099094,-55.5083849005078));
#6310=CARTESIAN_POINT('',(105.953278360207,2.34277084247594,-55.461197483976));
#6311=CARTESIAN_POINT('',(106.476909218019,5.99616563811477,-54.8371585279856));
#6312=CARTESIAN_POINT('',(108.437645835214,10.7069348503725,-52.5004436203119));
#6313=CARTESIAN_POINT('',(111.253606689618,14.1891422816627,-49.1445121554712));
#6314=CARTESIAN_POINT('',(113.473929223004,15.560855423554,-46.4984347995912));
#6315=CARTESIAN_POINT('',(114.629891151845,16.,-45.1208130179926));
#6316=CARTESIAN_POINT('',(114.305891193738,-16.,-45.5069411320668));
#6317=CARTESIAN_POINT('',(155.41090843621,13.2000000000001,-84.4666151432569));
#6318=CARTESIAN_POINT('',(152.952396208766,6.30216170203444,-43.8409406125293));
#6319=CARTESIAN_POINT('',(152.889788191659,6.30216170203444,-43.7162712234263));
#6320=CARTESIAN_POINT('',(152.827912672206,6.30216170203444,-43.5924846950025));
#6321=CARTESIAN_POINT('',(152.704656781468,6.30216170203444,-43.3445398989863));
#6322=CARTESIAN_POINT('',(152.643293173204,6.30216170203444,-43.2203504693028));
#6323=CARTESIAN_POINT('',(152.461833600255,6.30216170203444,-42.8501792932391));
#6324=CARTESIAN_POINT('',(152.344368637242,6.30216170203444,-42.6065944301201));
#6325=CARTESIAN_POINT('',(152.135528693238,6.30216170203444,-42.1627948564823));
#6326=CARTESIAN_POINT('',(152.04300249154,6.30216170203444,-41.9619257149922));
#6327=CARTESIAN_POINT('',(151.953422011889,6.30216170203444,-41.7620208204499));
#6328=CARTESIAN_POINT('',(152.970714970761,6.27727404076738,-43.8373582906522));
#6329=CARTESIAN_POINT('',(152.908108957021,6.27727404076738,-43.7126991500627));
#6330=CARTESIAN_POINT('',(152.846239769897,6.27727404076738,-43.5889451519523));
#6331=CARTESIAN_POINT('',(152.722994640115,6.27727404076738,-43.3410565320626));
#6332=CARTESIAN_POINT('',(152.661637296093,6.27727404076738,-43.2169001480984));
#6333=CARTESIAN_POINT('',(152.480198886905,6.27727404076738,-42.8468427869118));
#6334=CARTESIAN_POINT('',(152.362751230681,6.27727404076738,-42.6033534047943));
#6335=CARTESIAN_POINT('',(152.153947593118,6.27727404076738,-42.1597676492263));
#6336=CARTESIAN_POINT('',(152.061439767382,6.27727404076738,-41.9590108364155));
#6337=CARTESIAN_POINT('',(151.971878519337,6.27727404076738,-41.7592331454832));
#6338=CARTESIAN_POINT('',(152.989033732755,6.25238637950033,-43.8337759687752));
#6339=CARTESIAN_POINT('',(152.926429722383,6.25238637950033,-43.709127076699));
#6340=CARTESIAN_POINT('',(152.864566867589,6.25238637950033,-43.5854056089021));
#6341=CARTESIAN_POINT('',(152.741332498762,6.25238637950033,-43.337573165139));
#6342=CARTESIAN_POINT('',(152.679981418981,6.25238637950033,-43.213449826894));
#6343=CARTESIAN_POINT('',(152.498564173554,6.25238637950033,-42.8435062805845));
#6344=CARTESIAN_POINT('',(152.381133824119,6.25238637950033,-42.6001123794684));
#6345=CARTESIAN_POINT('',(152.172366492998,6.25238637950033,-42.1567404419703));
#6346=CARTESIAN_POINT('',(152.079877043223,6.25238637950033,-41.9560959578388));
#6347=CARTESIAN_POINT('',(151.990335026785,6.25238637950033,-41.7564454705165));
#6348=CARTESIAN_POINT('',(153.00735249475,6.22749871823327,-43.8301936468981));
#6349=CARTESIAN_POINT('',(152.944750487746,6.22749871823327,-43.7055550033354));
#6350=CARTESIAN_POINT('',(152.88289396528,6.22749871823327,-43.5818660658519));
#6351=CARTESIAN_POINT('',(152.759670357409,6.22749871823327,-43.3340897982153));
#6352=CARTESIAN_POINT('',(152.69832554187,6.22749871823327,-43.2099995056895));
#6353=CARTESIAN_POINT('',(152.516929460204,6.22749871823327,-42.8401697742572));
#6354=CARTESIAN_POINT('',(152.399516417557,6.22749871823327,-42.5968713541426));
#6355=CARTESIAN_POINT('',(152.190785392878,6.22749871823327,-42.1537132347142));
#6356=CARTESIAN_POINT('',(152.098314319065,6.22749871823327,-41.9531810792621));
#6357=CARTESIAN_POINT('',(152.008791534232,6.22749871823327,-41.7536577955498));
#6358=CARTESIAN_POINT('',(153.030906350515,6.19549871823327,-43.8255875772945));
#6359=CARTESIAN_POINT('',(152.968306919396,6.19549871823327,-43.7009621110418));
#6360=CARTESIAN_POINT('',(152.906458538899,6.19549871823327,-43.5773150003101));
#6361=CARTESIAN_POINT('',(152.783248767225,6.19549871823327,-43.3296109626847));
#6362=CARTESIAN_POINT('',(152.721912006108,6.19549871823327,-43.2055631596079));
#6363=CARTESIAN_POINT('',(152.540543136333,6.19549871823327,-42.8358797688073));
#6364=CARTESIAN_POINT('',(152.42315234637,6.19549871823327,-42.5927041160357));
#6365=CARTESIAN_POINT('',(152.214468003705,6.19549871823327,-42.1498209191144));
#6366=CARTESIAN_POINT('',(152.122020557292,6.19549871823327,-41.9494331933738));
#6367=CARTESIAN_POINT('',(152.03252250003,6.19549871823327,-41.7500734652273));
#6368=CARTESIAN_POINT('',(153.054460206281,6.16349871823328,-43.820981507691));
#6369=CARTESIAN_POINT('',(152.991863351047,6.16349871823327,-43.6963692187483));
#6370=CARTESIAN_POINT('',(152.930023112517,6.16349871823327,-43.5727639347684));
#6371=CARTESIAN_POINT('',(152.806827177041,6.16349871823327,-43.325132127154));
#6372=CARTESIAN_POINT('',(152.745498470346,6.16349871823327,-43.2011268135264));
#6373=CARTESIAN_POINT('',(152.564156812463,6.16349871823327,-42.8315897633573));
#6374=CARTESIAN_POINT('',(152.446788275183,6.16349871823327,-42.5885368779287));
#6375=CARTESIAN_POINT('',(152.238150614531,6.16349871823327,-42.1459286035145));
#6376=CARTESIAN_POINT('',(152.14572679552,6.16349871823327,-41.9456853074856));
#6377=CARTESIAN_POINT('',(152.056253465829,6.16349871823327,-41.7464891349049));
#6378=CARTESIAN_POINT('',(153.078014062046,6.13149871823327,-43.8163754380874));
#6379=CARTESIAN_POINT('',(153.015419782698,6.13149871823327,-43.6917763264548));
#6380=CARTESIAN_POINT('',(152.953587686136,6.13149871823327,-43.5682128692266));
#6381=CARTESIAN_POINT('',(152.830405586856,6.13149871823327,-43.3206532916234));
#6382=CARTESIAN_POINT('',(152.769084934583,6.13149871823327,-43.1966904674448));
#6383=CARTESIAN_POINT('',(152.587770488593,6.13149871823327,-42.8272997579073));
#6384=CARTESIAN_POINT('',(152.470424203996,6.13149871823327,-42.5843696398217));
#6385=CARTESIAN_POINT('',(152.261833225357,6.13149871823327,-42.1420362879147));
#6386=CARTESIAN_POINT('',(152.169433033748,6.13149871823327,-41.9419374215973));
#6387=CARTESIAN_POINT('',(152.079984431627,6.13149871823327,-41.7429048045825));
#6388=CARTESIAN_POINT('',(153.313772469502,5.81120003279942,-43.7702717493675));
#6389=CARTESIAN_POINT('',(153.251203973051,5.81120003279942,-43.6458045338312));
#6390=CARTESIAN_POINT('',(153.189453372163,5.81120003279942,-43.5226597345284));
#6391=CARTESIAN_POINT('',(153.066409763999,5.81120003279942,-43.2758231312254));
#6392=CARTESIAN_POINT('',(153.005169731127,5.81120003279942,-43.1522855981304));
#6393=CARTESIAN_POINT('',(152.824127658049,5.81120003279942,-42.7843596608408));
#6394=CARTESIAN_POINT('',(152.707004107989,5.81120003279942,-42.5426583620856));
#6395=CARTESIAN_POINT('',(152.498880385212,5.81120003279942,-42.1030768013546));
#6396=CARTESIAN_POINT('',(152.406716688153,5.81120003279942,-41.9044235802485));
#6397=CARTESIAN_POINT('',(152.31751559254,5.81120003279942,-41.7070280455063));
#6398=CARTESIAN_POINT('',(153.531700550631,5.47509706068111,-43.7276548665842));
#6399=CARTESIAN_POINT('',(153.469155887126,5.47509706068111,-43.6033095718884));
#6400=CARTESIAN_POINT('',(153.407480618422,5.47509706068111,-43.4805517675576));
#6401=CARTESIAN_POINT('',(153.284565027339,5.47509706068111,-43.2343834602602));
#6402=CARTESIAN_POINT('',(153.223399516651,5.47509706068111,-43.111239053632));
#6403=CARTESIAN_POINT('',(153.042609217017,5.47509706068111,-42.7446671083749));
#6404=CARTESIAN_POINT('',(152.925691556158,5.47509706068111,-42.5041016937717));
#6405=CARTESIAN_POINT('',(152.717999750844,5.47509706068111,-42.0670638072075));
#6406=CARTESIAN_POINT('',(152.626054662335,5.47509706068111,-41.8697468976684));
#6407=CARTESIAN_POINT('',(152.537082354399,5.47509706068111,-41.6738646332361));
#6408=CARTESIAN_POINT('',(153.730258081792,5.1239663822324,-43.6888259878672));
#6409=CARTESIAN_POINT('',(153.667735132839,5.1239663822324,-43.564591777071));
#6410=CARTESIAN_POINT('',(153.606128500414,5.1239663822324,-43.442186569642));
#6411=CARTESIAN_POINT('',(153.483329547607,5.1239663822324,-43.1966271568214));
#6412=CARTESIAN_POINT('',(153.422231935194,5.1239663822324,-43.0738409335916));
#6413=CARTESIAN_POINT('',(153.241671030106,5.1239663822324,-42.7085026307075));
#6414=CARTESIAN_POINT('',(153.124940957975,5.1239663822324,-42.4689721371284));
#6415=CARTESIAN_POINT('',(152.917642679116,5.12396638223241,-42.0342518301072));
#6416=CARTESIAN_POINT('',(152.825896768123,5.1239663822324,-41.8381524540048));
#6417=CARTESIAN_POINT('',(152.73713291206,5.1239663822324,-41.6436489527644));
#6418=CARTESIAN_POINT('',(153.284439929422,5.13149871823328,-42.8040356516204));
#6419=CARTESIAN_POINT('',(153.409267175472,5.13149871823328,-43.0581244664686));
#6420=CARTESIAN_POINT('',(153.538153693815,5.13149871823328,-43.3162535089102));
#6421=CARTESIAN_POINT('',(153.670770326499,5.13149871823328,-43.57990831937));
#6422=CARTESIAN_POINT('',(153.284439929481,5.13149871823295,-42.8040356517409));
#6423=CARTESIAN_POINT('',(153.670770326499,5.13149871823324,-43.5799083193701));
#6424=CARTESIAN_POINT('',(153.284484530655,5.13141388325956,-42.8040195469956));
#6425=CARTESIAN_POINT('',(152.972912377212,5.43320881536343,-42.5500623797014));
#6426=CARTESIAN_POINT('',(152.652861478806,5.72161615177511,-42.3011238274205));
#6427=CARTESIAN_POINT('',(152.327120308661,5.99542329904007,-42.0518539869976));
#6428=CARTESIAN_POINT('',(152.324151242929,6.00000000000009,-42.0530390544293));
#6429=CARTESIAN_POINT('',(152.324550739088,5.99757717135566,-42.0498784008539));
#6430=CARTESIAN_POINT('',(152.20458813158,6.09826741092589,-41.9579048233432));
#6431=CARTESIAN_POINT('',(152.083622604109,6.19660738399774,-41.8659092105667));
#6432=CARTESIAN_POINT('',(151.963743595061,6.29552788370354,-41.7733245423451));
#6433=CARTESIAN_POINT('',(151.964129541695,6.29583353015608,-41.7731513797628));
#6434=CARTESIAN_POINT('',(151.96384376407,6.29536229863232,-41.7732555286256));
#6435=CARTESIAN_POINT('',(152.052863661324,6.27874490838018,-41.9423332914556));
#6436=CARTESIAN_POINT('',(152.188339133444,6.25313132097427,-42.1929748625216));
#6437=CARTESIAN_POINT('',(152.357581531458,6.22038640770404,-42.4954490731584));
#6438=CARTESIAN_POINT('',(152.448001419701,6.20275350574852,-42.65502385776));
#6439=CARTESIAN_POINT('',(152.538573111159,6.18485323155367,-42.8128909068172));
#6440=CARTESIAN_POINT('',(152.545861424066,6.18361078067879,-42.8257706406505));
#6441=CARTESIAN_POINT('',(152.605084503045,6.17302469322289,-42.9302638500151));
#6442=CARTESIAN_POINT('',(152.736403857385,6.15102846225089,-43.1629578039744));
#6443=CARTESIAN_POINT('',(152.931488841408,6.1200645490235,-43.5061429644402));
#6444=CARTESIAN_POINT('',(153.098662589009,6.09455439642681,-43.7983143523648));
#6445=CARTESIAN_POINT('',(153.098662589009,6.09455439642683,-43.7983143523648));
#6446=CARTESIAN_POINT('',(153.670770326499,5.13149871823324,-43.5799083193701));
#6447=CARTESIAN_POINT('',(153.496992088789,5.46401607634465,-43.6457529617255));
#6448=CARTESIAN_POINT('',(153.306298567557,5.78527018265422,-43.718719759884));
#6449=CARTESIAN_POINT('',(153.098662589009,6.09455439642681,-43.798314352365));
#6450=CARTESIAN_POINT('',(153.806033749747,5.13149871823326,-43.848944486773));
#6451=CARTESIAN_POINT('',(153.780535908284,5.13149871823326,-43.7981774287787));
#6452=CARTESIAN_POINT('',(153.75496544577,5.13149871823326,-43.7472266029801));
#6453=CARTESIAN_POINT('',(153.665759865166,5.13149871823326,-43.5699707940047));
#6454=CARTESIAN_POINT('',(153.602992845357,5.13149871823326,-43.4452700258624));
#6455=CARTESIAN_POINT('',(153.479061432136,5.13149871823326,-43.1974379064593));
#6456=CARTESIAN_POINT('',(153.417962361728,5.13149871823326,-43.0746439918764));
#6457=CARTESIAN_POINT('',(153.332167828821,5.13149871823326,-42.9010435847043));
#6458=CARTESIAN_POINT('',(153.306726747417,5.13149871823326,-42.8494135083716));
#6459=CARTESIAN_POINT('',(153.281453743329,5.13149871823326,-42.7979564143084));
#6460=CARTESIAN_POINT('',(154.026870065754,4.74176076496669,-43.8057615102297));
#6461=CARTESIAN_POINT('',(154.001377411713,4.74176076496669,-43.7549982887375));
#6462=CARTESIAN_POINT('',(153.975787539642,4.74176076496669,-43.7039889354569));
#6463=CARTESIAN_POINT('',(153.886613601243,4.74176076496669,-43.526894911309));
#6464=CARTESIAN_POINT('',(153.823924563811,4.74176076496669,-43.4025946515164));
#6465=CARTESIAN_POINT('',(153.700124067411,4.74176076496669,-43.1554459658193));
#6466=CARTESIAN_POINT('',(153.63910051235,4.74176076496669,-43.0330504169299));
#6467=CARTESIAN_POINT('',(153.553427202047,4.74176076496669,-42.860101922995));
#6468=CARTESIAN_POINT('',(153.528024044453,4.74176076496669,-42.8086771076312));
#6469=CARTESIAN_POINT('',(153.502790620474,4.74176076496669,-42.757436108357));
#6470=CARTESIAN_POINT('',(154.222599772033,4.3356633195224,-43.7674879532901));
#6471=CARTESIAN_POINT('',(154.197111715661,4.3356633195224,-43.7167281321329));
#6472=CARTESIAN_POINT('',(154.171504640682,4.3356633195224,-43.6656669052878));
#6473=CARTESIAN_POINT('',(154.082358747125,4.3356633195224,-43.488716272849));
#6474=CARTESIAN_POINT('',(154.019738826349,4.3356633195224,-43.3647709881033));
#6475=CARTESIAN_POINT('',(153.896054362996,4.3356633195224,-43.1182280373729));
#6476=CARTESIAN_POINT('',(153.835097738035,4.3356633195224,-42.9961855644702));
#6477=CARTESIAN_POINT('',(153.749531868688,4.33566331952239,-42.8238148685568));
#6478=CARTESIAN_POINT('',(153.724162323393,4.3356633195224,-42.7725719782943));
#6479=CARTESIAN_POINT('',(153.698963979709,4.3356633195224,-42.7215225062578));
#6480=CARTESIAN_POINT('',(154.39145715833,3.91468174105459,-43.7344690880806));
#6481=CARTESIAN_POINT('',(154.3659730684,3.91468174105459,-43.6837122004161));
#6482=CARTESIAN_POINT('',(154.340351152352,3.91468174105459,-43.6326062218843));
#6483=CARTESIAN_POINT('',(154.251229453275,3.91468174105459,-43.4557792944755));
#6484=CARTESIAN_POINT('',(154.188669159922,3.91468174105459,-43.3321402491851));
#6485=CARTESIAN_POINT('',(154.065084799091,3.91468174105459,-43.0861198702463));
#6486=CARTESIAN_POINT('',(154.004185915195,3.91468174105459,-42.9643819984664));
#6487=CARTESIAN_POINT('',(153.918712735911,3.91468174105459,-42.7925097729463));
#6488=CARTESIAN_POINT('',(153.893372188182,3.91468174105459,-42.741423830741));
#6489=CARTESIAN_POINT('',(153.868204108513,3.91468174105459,-42.6905395905917));
#6490=CARTESIAN_POINT('',(153.931481053409,4.59611320863608,-43.4817075269347));
#6491=CARTESIAN_POINT('',(153.849554836118,4.77717742305926,-43.5123545468023));
#6492=CARTESIAN_POINT('',(153.76267194051,4.95564884025171,-43.5450867618133));
#6493=CARTESIAN_POINT('',(153.670770326499,5.13149871823323,-43.5799083193696));
#6494=CARTESIAN_POINT('',(153.931481053409,4.5961132086361,-43.4817075269353));
#6495=CARTESIAN_POINT('',(153.931479511444,4.596109803437,-43.4817008299945));
#6496=CARTESIAN_POINT('',(154.088154296206,4.38652068867871,-43.5690097800927));
#6497=CARTESIAN_POINT('',(154.240665956315,4.16215291846957,-43.6517381308852));
#6498=CARTESIAN_POINT('',(154.385202998253,3.92228069423762,-43.7286867618872));
#6499=CARTESIAN_POINT('',(154.385225878742,3.92229045226068,-43.7286742028668));
#6500=CARTESIAN_POINT('',(154.38520273115,3.92228023229222,-43.7286858235739));
#6501=CARTESIAN_POINT('',(154.27449034498,4.06188012104091,-43.6309276886893));
#6502=CARTESIAN_POINT('',(154.160777093965,4.1995623982312,-43.5339224836841));
#6503=CARTESIAN_POINT('',(154.045374213796,4.33516482887146,-43.4392823602573));
#6504=CARTESIAN_POINT('',(154.045369786183,4.33515264884979,-43.4392615089054));
#6505=CARTESIAN_POINT('',(154.045374213795,4.33516482887242,-43.4392823602566));
#6506=CARTESIAN_POINT('',(153.799177520162,4.60951076077525,-43.2225759312456));
#6507=CARTESIAN_POINT('',(153.544993773687,4.87532258871257,-43.0116143295219));
#6508=CARTESIAN_POINT('',(153.284482821155,5.13149856880218,-42.8041227703123));
#6509=CARTESIAN_POINT('',(153.628451858907,0.453341770609094,-41.6519727367832));
#6510=CARTESIAN_POINT('',(153.699737489066,0.453341770609094,-41.7521761332473));
#6511=CARTESIAN_POINT('',(153.771023119225,0.453341770609094,-41.8523795297114));
#6512=CARTESIAN_POINT('',(153.842308749384,0.453341770609094,-41.9525829261755));
#6513=CARTESIAN_POINT('',(157.39424053006,0.453341770609094,-46.9453932252408));
#6514=CARTESIAN_POINT('',(160.418534234422,0.453341770609094,-52.3120658953558));
#6515=CARTESIAN_POINT('',(162.849732637886,0.453341770609094,-57.9364457171672));
#6516=CARTESIAN_POINT('',(153.610409755163,0.988084355809714,-41.6520010119213));
#6517=CARTESIAN_POINT('',(153.681695385322,0.988084355809714,-41.7522044083854));
#6518=CARTESIAN_POINT('',(153.752981015481,0.988084355809714,-41.8524078048495));
#6519=CARTESIAN_POINT('',(153.82426664564,0.988084355809714,-41.9526112013136));
#6520=CARTESIAN_POINT('',(157.376198426316,0.988084355809714,-46.945421500379));
#6521=CARTESIAN_POINT('',(160.400492130678,0.988084355809714,-52.3120941704938));
#6522=CARTESIAN_POINT('',(162.831690534142,0.988084355809714,-57.9364739923053));
#6523=CARTESIAN_POINT('',(153.560402962027,1.52021213216449,-41.6520793813288));
#6524=CARTESIAN_POINT('',(153.631688592186,1.52021213216449,-41.7522827777929));
#6525=CARTESIAN_POINT('',(153.702974222344,1.52021213216449,-41.852486174257));
#6526=CARTESIAN_POINT('',(153.774259852503,1.52021213216449,-41.9526895707211));
#6527=CARTESIAN_POINT('',(157.326191633179,1.52021213216449,-46.9454998697866));
#6528=CARTESIAN_POINT('',(160.350485337541,1.52021213216449,-52.3121725399013));
#6529=CARTESIAN_POINT('',(162.781683741006,1.52021213216449,-57.9365523617128));
#6530=CARTESIAN_POINT('',(153.426808041724,2.38524269901375,-41.6522887479788));
#6531=CARTESIAN_POINT('',(153.498093671883,2.38524269901375,-41.7524921444429));
#6532=CARTESIAN_POINT('',(153.569379302041,2.38524269901375,-41.852695540907));
#6533=CARTESIAN_POINT('',(153.6406649322,2.38524269901375,-41.9528989373711));
#6534=CARTESIAN_POINT('',(157.192596712876,2.38524269901375,-46.9457092364364));
#6535=CARTESIAN_POINT('',(160.216890417238,2.38524269901375,-52.3123819065515));
#6536=CARTESIAN_POINT('',(162.648088820703,2.38524269901375,-57.9367617283628));
#6537=CARTESIAN_POINT('',(153.361512219171,2.72233597131861,-41.6523910779746));
#6538=CARTESIAN_POINT('',(153.43279784933,2.72233597131861,-41.7525944744387));
#6539=CARTESIAN_POINT('',(153.504083479489,2.72233597131861,-41.8527978709028));
#6540=CARTESIAN_POINT('',(153.575369109648,2.72233597131861,-41.9530012673669));
#6541=CARTESIAN_POINT('',(157.127300890324,2.72233597131861,-46.9458115664321));
#6542=CARTESIAN_POINT('',(160.151594594686,2.72233597131861,-52.3124842365473));
#6543=CARTESIAN_POINT('',(162.58279299815,2.72233597131861,-57.9368640583585));
#6544=CARTESIAN_POINT('',(153.20424206605,3.39383037774066,-41.652637547863));
#6545=CARTESIAN_POINT('',(153.275527696209,3.39383037774066,-41.7528409443271));
#6546=CARTESIAN_POINT('',(153.346813326368,3.39383037774066,-41.8530443407912));
#6547=CARTESIAN_POINT('',(153.418098956527,3.39383037774066,-41.9532477372553));
#6548=CARTESIAN_POINT('',(156.970030737203,3.39383037774066,-46.9460580363207));
#6549=CARTESIAN_POINT('',(159.994324441565,3.39383037774066,-52.3127307064356));
#6550=CARTESIAN_POINT('',(162.425522845029,3.39383037774066,-57.937110528247));
#6551=CARTESIAN_POINT('',(153.112324272705,3.72771844433282,-41.652781599152));
#6552=CARTESIAN_POINT('',(153.183609902864,3.72771844433282,-41.7529849956161));
#6553=CARTESIAN_POINT('',(153.254895533023,3.72771844433282,-41.8531883920802));
#6554=CARTESIAN_POINT('',(153.326181163182,3.72771844433282,-41.9533917885443));
#6555=CARTESIAN_POINT('',(156.878112943858,3.72771844433282,-46.9462020876095));
#6556=CARTESIAN_POINT('',(159.90240664822,3.72771844433282,-52.3128747577246));
#6557=CARTESIAN_POINT('',(162.333605051684,3.72771844433282,-57.9372545795359));
#6558=CARTESIAN_POINT('',(152.592052635195,5.36833013859687,-41.6535969559753));
#6559=CARTESIAN_POINT('',(152.663338265354,5.36833013859687,-41.7538003524394));
#6560=CARTESIAN_POINT('',(152.734623895513,5.36833013859687,-41.8540037489035));
#6561=CARTESIAN_POINT('',(152.805909525672,5.36833013859687,-41.9542071453676));
#6562=CARTESIAN_POINT('',(156.357841306348,5.36833013859687,-46.947017444433));
#6563=CARTESIAN_POINT('',(159.38213501071,5.36833013859687,-52.3136901145478));
#6564=CARTESIAN_POINT('',(161.813333414174,5.36833013859687,-57.9380699363593));
#6565=CARTESIAN_POINT('',(151.975568629989,6.61097890280864,-41.6545630944381));
#6566=CARTESIAN_POINT('',(152.046854260148,6.61097890280864,-41.7547664909022));
#6567=CARTESIAN_POINT('',(152.118139890307,6.61097890280864,-41.8549698873663));
#6568=CARTESIAN_POINT('',(152.189425520466,6.61097890280864,-41.9551732838304));
#6569=CARTESIAN_POINT('',(155.741357301142,6.61097890280864,-46.9479835828959));
#6570=CARTESIAN_POINT('',(158.765651005504,6.61097890280864,-52.3146562530105));
#6571=CARTESIAN_POINT('',(161.196849408968,6.61097890280864,-57.9390360748221));
#6572=CARTESIAN_POINT('',(151.169392939565,7.74074495600593,-41.6558265130114));
#6573=CARTESIAN_POINT('',(151.240678569724,7.74074495600593,-41.7560299094755));
#6574=CARTESIAN_POINT('',(151.311964199883,7.74074495600593,-41.8562333059396));
#6575=CARTESIAN_POINT('',(151.383249830041,7.74074495600593,-41.9564367024037));
#6576=CARTESIAN_POINT('',(154.935181610718,7.74074495600593,-46.9492470014691));
#6577=CARTESIAN_POINT('',(157.95947531508,7.74074495600593,-52.315919671584));
#6578=CARTESIAN_POINT('',(160.390673718544,7.74074495600593,-57.9402994933954));
#6579=CARTESIAN_POINT('',(151.383249830041,7.74074495600593,-41.9564367024037));
#6580=CARTESIAN_POINT('',(152.189425520466,6.61097890280864,-41.9551732838304));
#6581=CARTESIAN_POINT('',(152.805909525672,5.36833013859687,-41.9542071453676));
#6582=CARTESIAN_POINT('',(153.326181163182,3.72771844433282,-41.9533917885443));
#6583=CARTESIAN_POINT('',(153.418098956527,3.39383037774066,-41.9532477372553));
#6584=CARTESIAN_POINT('',(153.575369109648,2.72233597131861,-41.9530012673669));
#6585=CARTESIAN_POINT('',(153.6406649322,2.38524269901375,-41.9528989373711));
#6586=CARTESIAN_POINT('',(153.797235278644,1.37144565322162,-41.9526535642024));
#6587=CARTESIAN_POINT('',(153.84999306404,0.687311703438731,-41.9525708835079));
#6588=CARTESIAN_POINT('',(153.849933753642,-8.08554582662491E-7,-41.9525709764577));
#6589=CARTESIAN_POINT('',(152.193631869642,6.45347230730212,-41.9551666917442));
#6590=CARTESIAN_POINT('',(151.383249830041,7.74074495600593,-41.9564367024037));
#6591=CARTESIAN_POINT('',(152.193015306329,6.45398250531585,-41.954695970723));
#6592=CARTESIAN_POINT('',(152.126203919967,6.44607265109162,-41.8546427914295));
#6593=CARTESIAN_POINT('',(152.059384217656,6.43815862566835,-41.7545896251686));
#6594=CARTESIAN_POINT('',(151.992556196419,6.43024044116598,-41.6545364719448));
#6595=CARTESIAN_POINT('',(152.000770053147,6.44519149451958,-41.6495841614799));
#6596=CARTESIAN_POINT('',(152.494591024998,6.00238303252668,-42.0441151337913));
#6597=CARTESIAN_POINT('',(152.329460219995,6.14751945454273,-41.9141917918114));
#6598=CARTESIAN_POINT('',(152.161859149722,6.28916699413941,-41.7835603059834));
#6599=CARTESIAN_POINT('',(151.992556196419,6.43024044116651,-41.6545364719451));
#6600=CARTESIAN_POINT('',(152.494454798005,6.00160154409547,-42.0434152813986));
#6601=CARTESIAN_POINT('',(152.494349232925,6.00084945373838,-42.0426881771868));
#6602=CARTESIAN_POINT('',(152.797455796152,5.73043874454492,-42.2783845402357));
#6603=CARTESIAN_POINT('',(153.089969583642,5.45559459020067,-42.5149273407381));
#6604=CARTESIAN_POINT('',(153.37177139706,5.1767741183426,-42.7523045340523));
#6605=CARTESIAN_POINT('',(153.371793077601,5.17686939414211,-42.7523932474337));
#6606=CARTESIAN_POINT('',(153.371793077601,5.17686939414211,-42.7523932474337));
#6607=CARTESIAN_POINT('',(153.882161582948,4.66339050912726,-43.1771630358521));
#6608=CARTESIAN_POINT('',(154.234516987154,4.24598916392051,-43.4921035470675));
#6609=CARTESIAN_POINT('',(154.465687368684,3.93771348533325,-43.6941043260339));
#6610=CARTESIAN_POINT('',(154.465785747574,3.93751007680392,-43.6942129370241));
#6611=CARTESIAN_POINT('',(154.465663813138,3.93768828180929,-43.6940579848221));
#6612=CARTESIAN_POINT('',(155.047077112203,2.85062848894434,-44.060289609049));
#6613=CARTESIAN_POINT('',(155.375585327458,1.69592573231206,-44.2496903849174));
#6614=CARTESIAN_POINT('',(155.426652984761,0.499759997674977,-44.2594970680286));
#6615=CARTESIAN_POINT('',(155.426641781826,0.499759822961093,-44.2595107561852));
#6616=CARTESIAN_POINT('',(155.426655860112,0.499760164789134,-44.2595014069401));
#6617=CARTESIAN_POINT('',(158.300073978159,0.499742870143753,-48.5861293888091));
#6618=CARTESIAN_POINT('',(160.78717549722,0.499725575495563,-53.1686965416252));
#6619=CARTESIAN_POINT('',(162.848087820941,0.499708280844563,-57.936448106001));
#6620=CARTESIAN_POINT('',(162.848087382504,0.499722257853119,-57.9364482955707));
#6621=CARTESIAN_POINT('',(160.390673718544,7.74074495600593,-57.9402994933954));
#6622=CARTESIAN_POINT('',(161.196849408968,6.61097890280864,-57.9390360748221));
#6623=CARTESIAN_POINT('',(161.813333414174,5.36833013859687,-57.9380699363593));
#6624=CARTESIAN_POINT('',(162.333605051684,3.72771844433282,-57.9372545795359));
#6625=CARTESIAN_POINT('',(162.425522845029,3.39383037774066,-57.937110528247));
#6626=CARTESIAN_POINT('',(162.58279299815,2.72233597131861,-57.9368640583585));
#6627=CARTESIAN_POINT('',(162.648088820703,2.38524269901375,-57.9367617283628));
#6628=CARTESIAN_POINT('',(162.804659167146,1.37144565322162,-57.9365163551941));
#6629=CARTESIAN_POINT('',(162.857416952542,0.687311703438731,-57.9364336744996));
#6630=CARTESIAN_POINT('',(162.857357642145,-8.08554582662491E-7,-57.9364337674494));
#6631=CARTESIAN_POINT('',(160.390673718544,7.74074495600593,-57.9402994933954));
#6632=CARTESIAN_POINT('',(151.383249830041,7.74074495600593,-41.9564367024037));
#6633=CARTESIAN_POINT('',(154.935181610718,7.74074495600593,-46.9492470014691));
#6634=CARTESIAN_POINT('',(157.95947531508,7.74074495600593,-52.315919671584));
#6635=CARTESIAN_POINT('',(160.390673718544,7.74074495600593,-57.9402994933954));
#6636=CARTESIAN_POINT('',(162.848087923488,0.499707717598062,-57.9364482947228));
#6637=CARTESIAN_POINT('',(170.291340321009,0.499707717598062,-75.2628550942806));
#6638=CARTESIAN_POINT('',(162.82877325883,1.0188440234038,-57.9364785641869));
#6639=CARTESIAN_POINT('',(170.27202565635,1.0188440234038,-75.2628853637446));
#6640=CARTESIAN_POINT('',(162.779330615533,1.53544868050484,-57.9365560494728));
#6641=CARTESIAN_POINT('',(170.222583013054,1.53544868050484,-75.2629628490305));
#6642=CARTESIAN_POINT('',(162.648088820703,2.38524269901375,-57.9367617283628));
#6643=CARTESIAN_POINT('',(170.091341218223,2.38524269901375,-75.2631685279206));
#6644=CARTESIAN_POINT('',(162.58279299815,2.72233597131861,-57.9368640583585));
#6645=CARTESIAN_POINT('',(170.026045395671,2.72233597131861,-75.2632708579163));
#6646=CARTESIAN_POINT('',(162.425522845029,3.39383037774066,-57.937110528247));
#6647=CARTESIAN_POINT('',(169.86877524255,3.39383037774066,-75.2635173278048));
#6648=CARTESIAN_POINT('',(162.333605051684,3.72771844433282,-57.9372545795359));
#6649=CARTESIAN_POINT('',(169.776857449205,3.72771844433282,-75.2636613790937));
#6650=CARTESIAN_POINT('',(161.813333414174,5.36833013859687,-57.9380699363593));
#6651=CARTESIAN_POINT('',(169.256585811695,5.36833013859687,-75.264476735917));
#6652=CARTESIAN_POINT('',(161.196849408968,6.61097890280864,-57.9390360748221));
#6653=CARTESIAN_POINT('',(168.640101806489,6.61097890280864,-75.2654428743799));
#6654=CARTESIAN_POINT('',(160.390673718544,7.74074495600593,-57.9402994933954));
#6655=CARTESIAN_POINT('',(167.833926116065,7.74074495600593,-75.2667062929532));
#6656=CARTESIAN_POINT('',(162.848087923488,0.499707717607004,-57.9364482947228));
#6657=CARTESIAN_POINT('',(165.329172055995,0.499707717607004,-63.7119172279088));
#6658=CARTESIAN_POINT('',(167.810256188501,0.499707717607004,-69.4873861610947));
#6659=CARTESIAN_POINT('',(170.291340321008,0.499707717607004,-75.2628550942806));
#6660=CARTESIAN_POINT('',(170.291340321009,0.499707717598063,-75.2628550942806));
#6661=CARTESIAN_POINT('',(167.833926116065,7.74074495600593,-75.2667062929532));
#6662=CARTESIAN_POINT('',(168.640101806489,6.61097890280864,-75.2654428743799));
#6663=CARTESIAN_POINT('',(169.256585811695,5.36833013859687,-75.264476735917));
#6664=CARTESIAN_POINT('',(169.776857449205,3.72771844433282,-75.2636613790937));
#6665=CARTESIAN_POINT('',(169.86877524255,3.39383037774066,-75.2635173278048));
#6666=CARTESIAN_POINT('',(170.026045395671,2.72233597131861,-75.2632708579163));
#6667=CARTESIAN_POINT('',(170.091341218223,2.38524269901375,-75.2631685279206));
#6668=CARTESIAN_POINT('',(170.247911564667,1.37144565322162,-75.2629231547518));
#6669=CARTESIAN_POINT('',(170.300669350063,0.687311703438731,-75.2628404740573));
#6670=CARTESIAN_POINT('',(170.300610039665,-8.08554582662491E-7,-75.2628405670071));
#6671=CARTESIAN_POINT('',(167.833926116065,7.74074495600593,-75.2667062929532));
#6672=CARTESIAN_POINT('',(160.390673718544,7.74074495600593,-57.9402994933954));
#6673=CARTESIAN_POINT('',(165.812631622518,6.12375467316986,-77.8877955452641));
#6674=CARTESIAN_POINT('',(165.647577245352,6.12375467316986,-77.4460227763315));
#6675=CARTESIAN_POINT('',(152.91145271553,6.12375467316986,-43.3574206099938));
#6676=CARTESIAN_POINT('',(165.815415115909,6.12002986639765,-77.8875580713064));
#6677=CARTESIAN_POINT('',(165.650360738743,6.12002986639765,-77.4457853023739));
#6678=CARTESIAN_POINT('',(152.914236208921,6.12002986639765,-43.3571831360362));
#6679=CARTESIAN_POINT('',(165.8181986093,6.11630505962545,-77.8873205973488));
#6680=CARTESIAN_POINT('',(165.653144232134,6.11630505962545,-77.4455478284163));
#6681=CARTESIAN_POINT('',(152.917019702312,6.11630505962545,-43.3569456620786));
#6682=CARTESIAN_POINT('',(165.820982102691,6.11258025285324,-77.8870831233912));
#6683=CARTESIAN_POINT('',(165.655927725525,6.11258025285324,-77.4453103544586));
#6684=CARTESIAN_POINT('',(152.919803195703,6.11258025285324,-43.3567081881209));
#6685=CARTESIAN_POINT('',(167.125249920802,4.36723908646664,-77.7758094118816));
#6686=CARTESIAN_POINT('',(166.960195543637,4.36723908646664,-77.3340366429491));
#6687=CARTESIAN_POINT('',(154.224071013814,4.36723908646664,-43.2454344766114));
#6688=CARTESIAN_POINT('',(167.838491214155,2.26241318045123,-77.7149591748282));
#6689=CARTESIAN_POINT('',(167.67343683699,2.26241318045123,-77.2731864058957));
#6690=CARTESIAN_POINT('',(154.937312307167,2.26241318045123,-43.184584239558));
#6691=CARTESIAN_POINT('',(167.813111492867,-4.1800692523091E-13,-77.7171244477466));
#6692=CARTESIAN_POINT('',(167.648057115701,-4.18247851412599E-13,-77.275351678814));
#6693=CARTESIAN_POINT('',(154.911932585879,-4.18247851412599E-13,-43.1867495124763));
#6694=CARTESIAN_POINT('',(155.939035073475,5.66876331052513E-5,-45.9358169889083));
#6695=CARTESIAN_POINT('',(155.737675822351,0.125643012604262,-45.3929841877));
#6696=CARTESIAN_POINT('',(155.534458205319,0.254466566463817,-44.8515965472738));
#6697=CARTESIAN_POINT('',(155.329049321101,0.386120755334049,-44.3117276524654));
#6698=CARTESIAN_POINT('',(155.939030193769,-1.08416781760178E-15,-45.9358056841062));
#6699=CARTESIAN_POINT('',(155.329049321101,0.386120755334034,-44.3117276524654));
#6700=CARTESIAN_POINT('',(155.329043440489,0.386014173122012,-44.3117038885141));
#6701=CARTESIAN_POINT('',(155.288923545591,1.84325092013002,-44.3140123870847));
#6702=CARTESIAN_POINT('',(154.801580311474,3.31280177925602,-44.0391844882997));
#6703=CARTESIAN_POINT('',(153.931485600287,4.596113261801,-43.4817197701679));
#6704=CARTESIAN_POINT('',(153.098662589009,6.09455439642641,-43.7983143523645));
#6705=CARTESIAN_POINT('',(153.190099636542,6.06323388109686,-43.9787089580511));
#6706=CARTESIAN_POINT('',(153.281399080439,6.0317153058421,-44.1591153034028));
#6707=CARTESIAN_POINT('',(153.372556644961,5.99999999831926,-44.3395337532045));
#6708=CARTESIAN_POINT('',(153.372556643906,6.00000000000009,-44.3395337537486));
#6709=CARTESIAN_POINT('',(165.831013505656,6.00000000000009,-77.6849504519174));
#6710=CARTESIAN_POINT('',(165.831013505656,6.00000000000009,-77.6849504519174));
#6711=CARTESIAN_POINT('',(165.831013505656,6.00000000000009,-77.6849504519174));
#6712=CARTESIAN_POINT('',(166.390148783994,5.12257900185292,-77.4228662835659));
#6713=CARTESIAN_POINT('',(167.218060319208,3.20661837919201,-76.9843516553933));
#6714=CARTESIAN_POINT('',(167.503029151434,1.07258201967546,-76.8539490912974));
#6715=CARTESIAN_POINT('',(167.485448762599,-4.18609240685133E-13,-76.8401257633601));
#6716=CARTESIAN_POINT('',(167.485448762593,-1.02393627217946E-14,-76.8401257633445));
#6717=CARTESIAN_POINT('',(155.939030193769,-2.16833563520357E-15,-45.9358056841062));
#6718=CARTESIAN_POINT('',(167.833926116065,7.74074495600593,-75.2667062929532));
#6719=CARTESIAN_POINT('',(168.905533376028,7.74074495600593,-77.7611942296608));
#6720=CARTESIAN_POINT('',(169.781824871085,7.74074495600593,-80.3395585537413));
#6721=CARTESIAN_POINT('',(171.122454534394,7.74074495600593,-85.6013035903376));
#6722=CARTESIAN_POINT('',(171.586779397463,7.74074495600593,-88.2846320827536));
#6723=CARTESIAN_POINT('',(172.09215130044,7.74074495600593,-93.6909106516855));
#6724=CARTESIAN_POINT('',(172.133193324924,7.74074495600593,-96.413807074416));
#6725=CARTESIAN_POINT('',(171.883399526035,7.74074495600593,-100.369495138045));
#6726=CARTESIAN_POINT('',(171.759834090455,7.74074495600593,-101.612816860425));
#6727=CARTESIAN_POINT('',(171.591849394216,7.74074495600593,-102.850108263023));
#6728=CARTESIAN_POINT('',(164.499050665986,12.4142040051658,-75.2719326271546));
#6729=CARTESIAN_POINT('',(165.57065792595,12.4142040051658,-77.7664205638623));
#6730=CARTESIAN_POINT('',(166.446949421006,12.4142040051658,-80.3447848879428));
#6731=CARTESIAN_POINT('',(167.787579084315,12.4142040051658,-85.6065299245391));
#6732=CARTESIAN_POINT('',(168.251903947384,12.4142040051658,-88.2898584169551));
#6733=CARTESIAN_POINT('',(168.757275850362,12.4142040051658,-93.6961369858869));
#6734=CARTESIAN_POINT('',(168.798317874846,12.4142040051658,-96.4190334086175));
#6735=CARTESIAN_POINT('',(168.548524075956,12.4142040051658,-100.374721472247));
#6736=CARTESIAN_POINT('',(168.424958640376,12.4142040051658,-101.618043194626));
#6737=CARTESIAN_POINT('',(168.256973944137,12.4142040051658,-102.855334597224));
#6738=CARTESIAN_POINT('',(171.910467167774,7.74082847224974,-99.8573549444208));
#6739=CARTESIAN_POINT('',(170.846860710032,9.11716645419774,-100.912215617341));
#6740=CARTESIAN_POINT('',(169.692745981291,10.5877204824123,-101.855761870354));
#6741=CARTESIAN_POINT('',(168.466069976542,12.1524905568936,-102.688460764385));
#6742=CARTESIAN_POINT('',(171.910508438262,7.74076521219094,-99.8574049083336));
#6743=CARTESIAN_POINT('',(168.466081114425,12.1524858193258,-102.688402208141));
#6744=CARTESIAN_POINT('',(168.466092252309,12.152481081758,-102.688343651897));
#6745=CARTESIAN_POINT('',(168.417007510138,12.2240512213433,-102.673432676993));
#6746=CARTESIAN_POINT('',(168.367916249991,12.2956213609287,-102.658520838634));
#6747=CARTESIAN_POINT('',(168.318818471062,12.3671915005141,-102.643608142488));
#6748=CARTESIAN_POINT('',(168.318806928885,12.3671788923453,-102.643633239165));
#6749=CARTESIAN_POINT('',(164.560724994987,12.3277742553041,-75.2718359726739));
#6750=CARTESIAN_POINT('',(166.408595337336,12.3472930008528,-79.6057532721095));
#6751=CARTESIAN_POINT('',(168.906761652474,12.3733790851183,-88.7285645855745));
#6752=CARTESIAN_POINT('',(168.915162069159,12.3735623557204,-98.077654020389));
#6753=CARTESIAN_POINT('',(168.318824296388,12.3671782876056,-102.643635506594));
#6754=CARTESIAN_POINT('',(164.560724995833,12.3277742554549,-75.2718359753168));
#6755=CARTESIAN_POINT('',(167.833926116065,7.74074495600593,-75.2667062929532));
#6756=CARTESIAN_POINT('',(167.833926116065,7.74074495600593,-75.2667062929532));
#6757=CARTESIAN_POINT('',(168.905533376028,7.74074495600593,-77.7611942296608));
#6758=CARTESIAN_POINT('',(169.781824871085,7.74074495600593,-80.3395585537413));
#6759=CARTESIAN_POINT('',(171.122454534394,7.74074495600593,-85.6013035903376));
#6760=CARTESIAN_POINT('',(171.586779397463,7.74074495600593,-88.2846320827536));
#6761=CARTESIAN_POINT('',(172.09215130044,7.74074495600593,-93.6909106516855));
#6762=CARTESIAN_POINT('',(172.133193324924,7.74074495600593,-96.413807074416));
#6763=CARTESIAN_POINT('',(171.79099089075,7.74074495600593,-101.832861071052));
#6764=CARTESIAN_POINT('',(171.40774980314,7.74074495600593,-104.528964857092));
#6765=CARTESIAN_POINT('',(170.804565760562,7.74074495600593,-107.234763979322));
#6766=CARTESIAN_POINT('',(170.792007912375,7.74074495600593,-107.290662556776));
#6767=CARTESIAN_POINT('',(170.779357929723,7.74074495600593,-107.346540276095));
#6768=CARTESIAN_POINT('',(160.390673718544,7.74074495600593,-57.9402994933954));
#6769=CARTESIAN_POINT('',(160.390673718544,7.74074495600593,-57.9402994933954));
#6770=CARTESIAN_POINT('',(157.116752994535,12.3272362424517,-57.945747943629));
#6771=CARTESIAN_POINT('',(157.625563485353,12.3277742553041,-59.1281634060176));
#6772=CARTESIAN_POINT('',(151.383249830041,7.74074495600593,-41.9564367024037));
#6773=CARTESIAN_POINT('',(154.935181610718,7.74074495600593,-46.9492470014691));
#6774=CARTESIAN_POINT('',(157.95947531508,7.74074495600593,-52.315919671584));
#6775=CARTESIAN_POINT('',(160.390673718544,7.74074495600593,-57.9402994933954));
#6776=CARTESIAN_POINT('',(148.090420995958,12.3552803239221,-41.9615971421901));
#6777=CARTESIAN_POINT('',(151.642352776634,12.3552803239221,-46.9544074412555));
#6778=CARTESIAN_POINT('',(154.666646480996,12.3552803239221,-52.3210801113703));
#6779=CARTESIAN_POINT('',(157.09784488446,12.3552803239221,-57.9454599331817));
#6780=CARTESIAN_POINT('',(151.383249830041,7.74074495600593,-41.9564367024037));
#6781=CARTESIAN_POINT('',(148.144847511895,12.2794752771017,-41.9613549337566));
#6782=CARTESIAN_POINT('',(148.149928452587,12.2718872059963,-41.961503883578));
#6783=CARTESIAN_POINT('',(151.688574055232,12.2905058805196,-46.9543345682932));
#6784=CARTESIAN_POINT('',(154.699581673637,12.309124555043,-52.3210275588171));
#6785=CARTESIAN_POINT('',(157.117494100354,12.3277432295663,-57.9454276662015));
#6786=CARTESIAN_POINT('',(155.958687649269,7.74074495600593,-20.4435730780813));
#6787=CARTESIAN_POINT('',(154.337863412725,7.74074495600593,-23.2467155426718));
#6788=CARTESIAN_POINT('',(152.717039176181,7.74074495600593,-26.0498580072624));
#6789=CARTESIAN_POINT('',(151.096214939637,7.74074495600593,-28.8530004718529));
#6790=CARTESIAN_POINT('',(150.521312804469,7.74074495600593,-29.84726780309));
#6791=CARTESIAN_POINT('',(150.08309880501,7.74074495600593,-30.9203357455618));
#6792=CARTESIAN_POINT('',(149.512219127374,7.74074495600593,-33.1451884084069));
#6793=CARTESIAN_POINT('',(149.379630456739,7.74074495600593,-34.2967257624074));
#6794=CARTESIAN_POINT('',(149.429933294702,7.74074495600593,-36.5931017474857));
#6795=CARTESIAN_POINT('',(149.612820162182,7.74074495600593,-37.7377285106216));
#6796=CARTESIAN_POINT('',(150.280577682932,7.74074495600593,-39.9354484362342));
#6797=CARTESIAN_POINT('',(150.765360570216,7.74074495600593,-40.9882978416816));
#6798=CARTESIAN_POINT('',(151.383249830041,7.74074495600593,-41.9564367024037));
#6799=CARTESIAN_POINT('',(151.425385580785,7.74074495600593,-42.0224570403063));
#6800=CARTESIAN_POINT('',(151.467521331528,7.74074495600593,-42.0884773782089));
#6801=CARTESIAN_POINT('',(151.509657082271,7.74074495600593,-42.1544977161115));
#6802=CARTESIAN_POINT('',(151.492223781195,14.,-20.4505728096226));
#6803=CARTESIAN_POINT('',(149.871399544651,14.,-23.253715274213));
#6804=CARTESIAN_POINT('',(148.250575308107,14.,-26.0568577388035));
#6805=CARTESIAN_POINT('',(146.629751071563,14.,-28.8600002033939));
#6806=CARTESIAN_POINT('',(146.054848936395,14.,-29.854267534631));
#6807=CARTESIAN_POINT('',(145.616634936936,14.,-30.9273354771029));
#6808=CARTESIAN_POINT('',(145.0457552593,14.,-33.1521881399479));
#6809=CARTESIAN_POINT('',(144.913166588665,14.,-34.3037254939484));
#6810=CARTESIAN_POINT('',(144.963469426628,14.,-36.6001014790268));
#6811=CARTESIAN_POINT('',(145.146356294108,14.,-37.7447282421627));
#6812=CARTESIAN_POINT('',(145.814113814858,14.,-39.9424481677752));
#6813=CARTESIAN_POINT('',(146.298896702142,14.,-40.9952975732226));
#6814=CARTESIAN_POINT('',(146.916785961967,14.,-41.9634364339448));
#6815=CARTESIAN_POINT('',(146.958921712711,14.,-42.0294567718473));
#6816=CARTESIAN_POINT('',(147.001057463454,14.,-42.0954771097499));
#6817=CARTESIAN_POINT('',(147.043193214197,14.,-42.1614974476525));
#6818=CARTESIAN_POINT('',(151.301328774944,12.2980521822211,-22.8791879847206));
#6819=CARTESIAN_POINT('',(151.072663959993,12.2980521822213,-23.2746534759783));
#6820=CARTESIAN_POINT('',(150.615348855978,12.2980499208875,-24.0655638214332));
#6821=CARTESIAN_POINT('',(149.929289044627,12.2980600968952,-25.2520531619785));
#6822=CARTESIAN_POINT('',(149.357826738207,12.2980290035481,-26.2404331305412));
#6823=CARTESIAN_POINT('',(148.957307427784,12.298084406247,-26.933003348224));
#6824=CARTESIAN_POINT('',(148.729212753937,12.2979956488678,-27.3276588348577));
#6825=CARTESIAN_POINT('',(148.435450969275,12.2984242958539,-27.8349053550109));
#6826=CARTESIAN_POINT('',(148.128190594085,12.3003353237961,-28.3660331509984));
#6827=CARTESIAN_POINT('',(147.798177512961,12.3045034712301,-28.9229813251163));
#6828=CARTESIAN_POINT('',(147.568208269905,12.3101736695316,-29.3421256317616));
#6829=CARTESIAN_POINT('',(147.446525443902,12.3146682386037,-29.5761895891711));
#6830=CARTESIAN_POINT('',(147.235196240151,12.3237398207054,-30.0035340709716));
#6831=CARTESIAN_POINT('',(147.025417038128,12.332524699726,-30.480318574998));
#6832=CARTESIAN_POINT('',(146.717949679363,12.3455400991714,-31.2822341289202));
#6833=CARTESIAN_POINT('',(146.424172741641,12.3577213793051,-32.2700056514436));
#6834=CARTESIAN_POINT('',(146.182616059113,12.3677992375398,-33.5510241692152));
#6835=CARTESIAN_POINT('',(146.046836955962,12.3737385217697,-35.2424301568995));
#6836=CARTESIAN_POINT('',(146.265844167753,12.3651265807534,-38.1826097570878));
#6837=CARTESIAN_POINT('',(147.21426150603,12.3262731035138,-40.5563234773438));
#6838=CARTESIAN_POINT('',(148.139324469454,12.2867475225676,-41.9615205099263));
#6839=CARTESIAN_POINT('',(151.301328774944,12.2980521822212,-22.8791879847207));
#6840=CARTESIAN_POINT('',(151.310023163308,12.2980521822365,-22.8641514318919));
#6841=CARTESIAN_POINT('',(151.8615422216,10.778949773493,-23.783349862782));
#6842=CARTESIAN_POINT('',(152.413061279891,9.25984736474946,-24.7025482936721));
#6843=CARTESIAN_POINT('',(152.964580338182,7.74074495600593,-25.6217467245623));
#6844=CARTESIAN_POINT('',(152.96458033818,7.74074495600593,-25.621746724565));
#6845=CARTESIAN_POINT('',(157.498670058149,7.74074495600593,-17.7802429107976));
#6846=CARTESIAN_POINT('',(156.74083406357,7.74074495600593,-19.0908861068344));
#6847=CARTESIAN_POINT('',(155.982998068992,7.74074495600593,-20.4015293028711));
#6848=CARTESIAN_POINT('',(155.225162074414,7.74074495600593,-21.7121724989079));
#6849=CARTESIAN_POINT('',(154.642211309353,7.74074495600593,-22.7203595727823));
#6850=CARTESIAN_POINT('',(154.059260544293,7.74074495600593,-23.7285466466568));
#6851=CARTESIAN_POINT('',(153.476309779232,7.74074495600593,-24.7367337205312));
#6852=CARTESIAN_POINT('',(153.027886113801,7.74074495600593,-25.5122622388962));
#6853=CARTESIAN_POINT('',(152.57946244837,7.74074495600593,-26.2877907572611));
#6854=CARTESIAN_POINT('',(152.131038782939,7.74074495600593,-27.0633192756261));
#6855=CARTESIAN_POINT('',(151.786097501838,7.74074495600593,-27.6598796743683));
#6856=CARTESIAN_POINT('',(151.441156220738,7.74074495600593,-28.2564400731106));
#6857=CARTESIAN_POINT('',(151.096214939637,7.74074495600593,-28.8530004718529));
#6858=CARTESIAN_POINT('',(150.521312804469,7.74074495600593,-29.84726780309));
#6859=CARTESIAN_POINT('',(150.08309880501,7.74074495600593,-30.9203357455618));
#6860=CARTESIAN_POINT('',(149.512219127374,7.74074495600593,-33.1451884084069));
#6861=CARTESIAN_POINT('',(149.379630456739,7.74074495600593,-34.2967257624074));
#6862=CARTESIAN_POINT('',(149.429933294702,7.74074495600593,-36.5931017474857));
#6863=CARTESIAN_POINT('',(149.612820162182,7.74074495600593,-37.7377285106216));
#6864=CARTESIAN_POINT('',(150.280577682932,7.74074495600593,-39.9354484362342));
#6865=CARTESIAN_POINT('',(150.765360570216,7.74074495600593,-40.9882978416816));
#6866=CARTESIAN_POINT('',(151.383249830041,7.74074495600593,-41.9564367024037));
#6867=CARTESIAN_POINT('',(151.753983385937,7.74074495600593,-42.537320018837));
#6868=CARTESIAN_POINT('',(152.124716941832,7.74074495600593,-43.1182033352703));
#6869=CARTESIAN_POINT('',(152.495450497728,7.74074495600593,-43.6990866517035));
#6870=CARTESIAN_POINT('',(152.977404120392,7.74074495600593,-44.4542349630668));
#6871=CARTESIAN_POINT('',(153.459357743056,7.74074495600593,-45.20938327443));
#6872=CARTESIAN_POINT('',(153.94131136572,7.74074495600593,-45.9645315857933));
#6873=CARTESIAN_POINT('',(154.567851075184,7.74074495600593,-46.9462243905655));
#6874=CARTESIAN_POINT('',(155.194390784647,7.74074495600593,-47.9279171953377));
#6875=CARTESIAN_POINT('',(155.82093049411,7.74074495600593,-48.9096100001099));
#6876=CARTESIAN_POINT('',(156.635432116413,7.74074495600593,-50.1858106463138));
#6877=CARTESIAN_POINT('',(157.449933738715,7.74074495600593,-51.4620112925177));
#6878=CARTESIAN_POINT('',(158.264435361017,7.74074495600593,-52.7382119387216));
#6879=CARTESIAN_POINT('',(158.425371572872,-8.08554582662491E-7,-20.4397073521323));
#6880=CARTESIAN_POINT('',(156.804547336327,-8.08554582662491E-7,-23.2428498167238));
#6881=CARTESIAN_POINT('',(155.183723099782,-8.08554582662491E-7,-26.0459922813153));
#6882=CARTESIAN_POINT('',(153.562898863237,-8.08554582662491E-7,-28.8491347459068));
#6883=CARTESIAN_POINT('',(152.987996728069,-8.08554582662491E-7,-29.8434020771439));
#6884=CARTESIAN_POINT('',(152.54978272861,-8.08554582662491E-7,-30.9164700196158));
#6885=CARTESIAN_POINT('',(151.978903050975,-8.08554582662491E-7,-33.1413226824608));
#6886=CARTESIAN_POINT('',(151.84631438034,-8.08554582662491E-7,-34.2928600364613));
#6887=CARTESIAN_POINT('',(151.896617218303,-8.08554582662491E-7,-36.5892360215397));
#6888=CARTESIAN_POINT('',(152.079504085783,-8.08554582662491E-7,-37.7338627846756));
#6889=CARTESIAN_POINT('',(152.747261606533,-8.08554582662491E-7,-39.9315827102882));
#6890=CARTESIAN_POINT('',(153.232044493816,-8.08554582662491E-7,-40.9844321157356));
#6891=CARTESIAN_POINT('',(153.849933753642,-8.08554582662491E-7,-41.9525709764577));
#6892=CARTESIAN_POINT('',(153.892069504385,-8.08554582662491E-7,-42.0185913143603));
#6893=CARTESIAN_POINT('',(153.934205255128,-8.08554582662491E-7,-42.0846116522629));
#6894=CARTESIAN_POINT('',(153.976341005871,-8.08554582662491E-7,-42.1506319901655));
#6895=CARTESIAN_POINT('',(158.425430883269,0.687311703438731,-20.4397072591825));
#6896=CARTESIAN_POINT('',(156.804606646724,0.687311703438731,-23.2428497237741));
#6897=CARTESIAN_POINT('',(155.18378241018,0.687311703438731,-26.0459921883656));
#6898=CARTESIAN_POINT('',(153.562958173635,0.687311703438731,-28.8491346529571));
#6899=CARTESIAN_POINT('',(152.988056038467,0.687311703438731,-29.8434019841942));
#6900=CARTESIAN_POINT('',(152.549842039008,0.687311703438731,-30.916469926666));
#6901=CARTESIAN_POINT('',(151.978962361372,0.687311703438731,-33.141322589511));
#6902=CARTESIAN_POINT('',(151.846373690737,0.687311703438731,-34.2928599435115));
#6903=CARTESIAN_POINT('',(151.8966765287,0.687311703438731,-36.5892359285899));
#6904=CARTESIAN_POINT('',(152.079563396181,0.687311703438731,-37.7338626917258));
#6905=CARTESIAN_POINT('',(152.74732091693,0.687311703438731,-39.9315826173384));
#6906=CARTESIAN_POINT('',(153.232103804214,0.687311703438731,-40.9844320227858));
#6907=CARTESIAN_POINT('',(153.84999306404,0.687311703438731,-41.9525708835079));
#6908=CARTESIAN_POINT('',(153.892128814783,0.687311703438731,-42.0185912214105));
#6909=CARTESIAN_POINT('',(153.934264565526,0.687311703438731,-42.0846115593131));
#6910=CARTESIAN_POINT('',(153.976400316269,0.687311703438731,-42.1506318972157));
#6911=CARTESIAN_POINT('',(158.372673097873,1.37144565322162,-20.4397899398772));
#6912=CARTESIAN_POINT('',(156.751848861329,1.37144565322162,-23.2429324044687));
#6913=CARTESIAN_POINT('',(155.131024624784,1.37144565322162,-26.0460748690601));
#6914=CARTESIAN_POINT('',(153.510200388239,1.37144565322162,-28.8492173336515));
#6915=CARTESIAN_POINT('',(152.935298253071,1.37144565322162,-29.8434846648886));
#6916=CARTESIAN_POINT('',(152.497084253612,1.37144565322162,-30.9165526073605));
#6917=CARTESIAN_POINT('',(151.926204575977,1.37144565322162,-33.1414052702055));
#6918=CARTESIAN_POINT('',(151.793615905342,1.37144565322162,-34.292942624206));
#6919=CARTESIAN_POINT('',(151.843918743305,1.37144565322162,-36.5893186092844));
#6920=CARTESIAN_POINT('',(152.026805610785,1.37144565322162,-37.7339453724203));
#6921=CARTESIAN_POINT('',(152.694563131534,1.37144565322162,-39.9316652980329));
#6922=CARTESIAN_POINT('',(153.179346018818,1.37144565322162,-40.9845147034803));
#6923=CARTESIAN_POINT('',(153.797235278644,1.37144565322162,-41.9526535642024));
#6924=CARTESIAN_POINT('',(153.839371029387,1.37144565322162,-42.018673902105));
#6925=CARTESIAN_POINT('',(153.88150678013,1.37144565322162,-42.0846942400076));
#6926=CARTESIAN_POINT('',(153.923642530873,1.37144565322162,-42.1507145779102));
#6927=CARTESIAN_POINT('',(158.21610275143,2.38524269901375,-20.4400353130458));
#6928=CARTESIAN_POINT('',(156.595278514885,2.38524269901375,-23.2431777776373));
#6929=CARTESIAN_POINT('',(154.97445427834,2.38524269901375,-26.0463202422288));
#6930=CARTESIAN_POINT('',(153.353630041796,2.38524269901375,-28.8494627068203));
#6931=CARTESIAN_POINT('',(152.778727906628,2.38524269901375,-29.8437300380574));
#6932=CARTESIAN_POINT('',(152.340513907169,2.38524269901375,-30.9167979805292));
#6933=CARTESIAN_POINT('',(151.769634229533,2.38524269901375,-33.1416506433743));
#6934=CARTESIAN_POINT('',(151.637045558898,2.38524269901375,-34.2931879973748));
#6935=CARTESIAN_POINT('',(151.687348396861,2.38524269901375,-36.5895639824531));
#6936=CARTESIAN_POINT('',(151.870235264341,2.38524269901375,-37.734190745589));
#6937=CARTESIAN_POINT('',(152.537992785091,2.38524269901375,-39.9319106712016));
#6938=CARTESIAN_POINT('',(153.022775672374,2.38524269901375,-40.984760076649));
#6939=CARTESIAN_POINT('',(153.6406649322,2.38524269901375,-41.9528989373711));
#6940=CARTESIAN_POINT('',(153.682800682943,2.38524269901375,-42.0189192752737));
#6941=CARTESIAN_POINT('',(153.724936433686,2.38524269901375,-42.0849396131763));
#6942=CARTESIAN_POINT('',(153.76707218443,2.38524269901375,-42.150959951079));
#6943=CARTESIAN_POINT('',(158.150806928878,2.72233597131861,-20.4401376430413));
#6944=CARTESIAN_POINT('',(156.529982692333,2.72233597131861,-23.2432801076329));
#6945=CARTESIAN_POINT('',(154.909158455788,2.72233597131861,-26.0464225722244));
#6946=CARTESIAN_POINT('',(153.288334219243,2.72233597131861,-28.849565036816));
#6947=CARTESIAN_POINT('',(152.713432084075,2.72233597131861,-29.8438323680531));
#6948=CARTESIAN_POINT('',(152.275218084616,2.72233597131861,-30.916900310525));
#6949=CARTESIAN_POINT('',(151.704338406981,2.72233597131861,-33.14175297337));
#6950=CARTESIAN_POINT('',(151.571749736345,2.72233597131861,-34.2932903273705));
#6951=CARTESIAN_POINT('',(151.622052574309,2.72233597131861,-36.5896663124489));
#6952=CARTESIAN_POINT('',(151.804939441789,2.72233597131861,-37.7342930755848));
#6953=CARTESIAN_POINT('',(152.472696962538,2.72233597131861,-39.9320130011974));
#6954=CARTESIAN_POINT('',(152.957479849822,2.72233597131861,-40.9848624066447));
#6955=CARTESIAN_POINT('',(153.575369109648,2.72233597131861,-41.9530012673669));
#6956=CARTESIAN_POINT('',(153.617504860391,2.72233597131861,-42.0190216052695));
#6957=CARTESIAN_POINT('',(153.659640611134,2.72233597131861,-42.0850419431721));
#6958=CARTESIAN_POINT('',(153.701776361877,2.72233597131861,-42.1510622810747));
#6959=CARTESIAN_POINT('',(157.993536775756,3.39383037774066,-20.44038411293));
#6960=CARTESIAN_POINT('',(156.372712539211,3.39383037774066,-23.2435265775215));
#6961=CARTESIAN_POINT('',(154.751888302667,3.39383037774066,-26.046669042113));
#6962=CARTESIAN_POINT('',(153.131064066122,3.39383037774066,-28.8498115067045));
#6963=CARTESIAN_POINT('',(152.556161930954,3.39383037774066,-29.8440788379416));
#6964=CARTESIAN_POINT('',(152.117947931495,3.39383037774066,-30.9171467804134));
#6965=CARTESIAN_POINT('',(151.547068253859,3.39383037774066,-33.1419994432584));
#6966=CARTESIAN_POINT('',(151.414479583224,3.39383037774066,-34.293536797259));
#6967=CARTESIAN_POINT('',(151.464782421188,3.39383037774066,-36.5899127823373));
#6968=CARTESIAN_POINT('',(151.647669288668,3.39383037774066,-37.7345395454732));
#6969=CARTESIAN_POINT('',(152.315426809417,3.39383037774066,-39.9322594710858));
#6970=CARTESIAN_POINT('',(152.800209696701,3.39383037774066,-40.9851088765333));
#6971=CARTESIAN_POINT('',(153.418098956527,3.39383037774066,-41.9532477372553));
#6972=CARTESIAN_POINT('',(153.46023470727,3.39383037774066,-42.0192680751579));
#6973=CARTESIAN_POINT('',(153.502370458013,3.39383037774066,-42.0852884130605));
#6974=CARTESIAN_POINT('',(153.544506208756,3.39383037774066,-42.1513087509631));
#6975=CARTESIAN_POINT('',(157.901618982411,3.72771844433282,-20.4405281642189));
#6976=CARTESIAN_POINT('',(156.280794745866,3.72771844433282,-23.2436706288104));
#6977=CARTESIAN_POINT('',(154.659970509322,3.72771844433282,-26.0468130934019));
#6978=CARTESIAN_POINT('',(153.039146272777,3.72771844433282,-28.8499555579934));
#6979=CARTESIAN_POINT('',(152.464244137609,3.72771844433282,-29.8442228892305));
#6980=CARTESIAN_POINT('',(152.02603013815,3.72771844433282,-30.9172908317024));
#6981=CARTESIAN_POINT('',(151.455150460514,3.72771844433282,-33.1421434945474));
#6982=CARTESIAN_POINT('',(151.322561789879,3.72771844433282,-34.2936808485479));
#6983=CARTESIAN_POINT('',(151.372864627843,3.72771844433282,-36.5900568336263));
#6984=CARTESIAN_POINT('',(151.555751495323,3.72771844433282,-37.7346835967622));
#6985=CARTESIAN_POINT('',(152.223509016072,3.72771844433282,-39.9324035223748));
#6986=CARTESIAN_POINT('',(152.708291903356,3.72771844433282,-40.9852529278221));
#6987=CARTESIAN_POINT('',(153.326181163182,3.72771844433282,-41.9533917885443));
#6988=CARTESIAN_POINT('',(153.368316913925,3.72771844433282,-42.0194121264469));
#6989=CARTESIAN_POINT('',(153.410452664668,3.72771844433282,-42.0854324643495));
#6990=CARTESIAN_POINT('',(153.452588415411,3.72771844433282,-42.1514528022521));
#6991=CARTESIAN_POINT('',(157.381347344902,5.36833013859687,-20.441343521042));
#6992=CARTESIAN_POINT('',(155.760523108357,5.36833013859687,-23.2444859856336));
#6993=CARTESIAN_POINT('',(154.139698871812,5.36833013859687,-26.0476284502252));
#6994=CARTESIAN_POINT('',(152.518874635267,5.36833013859687,-28.8507709148167));
#6995=CARTESIAN_POINT('',(151.943972500099,5.36833013859687,-29.8450382460539));
#6996=CARTESIAN_POINT('',(151.50575850064,5.36833013859687,-30.9181061885257));
#6997=CARTESIAN_POINT('',(150.934878823005,5.36833013859687,-33.1429588513707));
#6998=CARTESIAN_POINT('',(150.802290152369,5.36833013859687,-34.2944962053712));
#6999=CARTESIAN_POINT('',(150.852592990333,5.36833013859687,-36.5908721904496));
#7000=CARTESIAN_POINT('',(151.035479857813,5.36833013859687,-37.7354989535855));
#7001=CARTESIAN_POINT('',(151.703237378562,5.36833013859687,-39.9332188791981));
#7002=CARTESIAN_POINT('',(152.188020265846,5.36833013859687,-40.9860682846455));
#7003=CARTESIAN_POINT('',(152.805909525672,5.36833013859687,-41.9542071453676));
#7004=CARTESIAN_POINT('',(152.848045276415,5.36833013859687,-42.0202274832702));
#7005=CARTESIAN_POINT('',(152.890181027158,5.36833013859687,-42.0862478211728));
#7006=CARTESIAN_POINT('',(152.932316777901,5.36833013859687,-42.1522681590754));
#7007=CARTESIAN_POINT('',(156.764863339695,6.61097890280864,-20.4423096595048));
#7008=CARTESIAN_POINT('',(155.144039103151,6.61097890280864,-23.2454521240964));
#7009=CARTESIAN_POINT('',(153.523214866606,6.61097890280864,-26.048594588688));
#7010=CARTESIAN_POINT('',(151.902390630061,6.61097890280864,-28.8517370532796));
#7011=CARTESIAN_POINT('',(151.327488494893,6.61097890280864,-29.8460043845167));
#7012=CARTESIAN_POINT('',(150.889274495434,6.61097890280864,-30.9190723269885));
#7013=CARTESIAN_POINT('',(150.318394817799,6.61097890280864,-33.1439249898336));
#7014=CARTESIAN_POINT('',(150.185806147163,6.61097890280864,-34.2954623438341));
#7015=CARTESIAN_POINT('',(150.236108985127,6.61097890280864,-36.5918383289124));
#7016=CARTESIAN_POINT('',(150.418995852607,6.61097890280864,-37.7364650920483));
#7017=CARTESIAN_POINT('',(151.086753373356,6.61097890280864,-39.9341850176609));
#7018=CARTESIAN_POINT('',(151.57153626064,6.61097890280864,-40.9870344231083));
#7019=CARTESIAN_POINT('',(152.189425520466,6.61097890280864,-41.9551732838304));
#7020=CARTESIAN_POINT('',(152.231561271209,6.61097890280864,-42.021193621733));
#7021=CARTESIAN_POINT('',(152.273697021952,6.61097890280864,-42.0872139596356));
#7022=CARTESIAN_POINT('',(152.315832772695,6.61097890280864,-42.1532342975382));
#7023=CARTESIAN_POINT('',(155.958687649271,7.74074495600593,-20.4435730780781));
#7024=CARTESIAN_POINT('',(154.337863412726,7.74074495600593,-23.2467155426697));
#7025=CARTESIAN_POINT('',(152.717039176182,7.74074495600593,-26.0498580072613));
#7026=CARTESIAN_POINT('',(151.096214939637,7.74074495600593,-28.8530004718529));
#7027=CARTESIAN_POINT('',(150.521312804469,7.74074495600593,-29.84726780309));
#7028=CARTESIAN_POINT('',(150.08309880501,7.74074495600593,-30.9203357455618));
#7029=CARTESIAN_POINT('',(149.512219127374,7.74074495600593,-33.1451884084069));
#7030=CARTESIAN_POINT('',(149.379630456739,7.74074495600593,-34.2967257624074));
#7031=CARTESIAN_POINT('',(149.429933294702,7.74074495600593,-36.5931017474857));
#7032=CARTESIAN_POINT('',(149.612820162182,7.74074495600593,-37.7377285106216));
#7033=CARTESIAN_POINT('',(150.280577682932,7.74074495600593,-39.9354484362342));
#7034=CARTESIAN_POINT('',(150.765360570216,7.74074495600593,-40.9882978416816));
#7035=CARTESIAN_POINT('',(151.383249830041,7.74074495600593,-41.9564367024037));
#7036=CARTESIAN_POINT('',(151.425385580785,7.74074495600593,-42.0224570403063));
#7037=CARTESIAN_POINT('',(151.467521331528,7.74074495600593,-42.0884773782089));
#7038=CARTESIAN_POINT('',(151.509657082271,7.74074495600593,-42.1544977161115));
#7039=CARTESIAN_POINT('',(153.307094169443,6.45132926500748,-26.4316753073092));
#7040=CARTESIAN_POINT('',(153.295933338702,6.56854754866957,-26.3393315328917));
#7041=CARTESIAN_POINT('',(153.284104965797,6.68443654228076,-26.2453809999832));
#7042=CARTESIAN_POINT('',(153.271640398692,6.79896267973907,-26.1498680544679));
#7043=CARTESIAN_POINT('',(153.276273111873,6.79562736992245,-26.1452642291702));
#7044=CARTESIAN_POINT('',(153.307094169443,6.45132926500743,-26.4316753073091));
#7045=CARTESIAN_POINT('',(153.307094169199,6.45132926502922,-26.4316753077097));
#7046=CARTESIAN_POINT('',(152.968562843965,6.45132926502922,-27.0171499766846));
#7047=CARTESIAN_POINT('',(152.292026543521,6.45081282240998,-28.1872142762945));
#7048=CARTESIAN_POINT('',(151.276640555101,6.44848603393641,-29.9475942452286));
#7049=CARTESIAN_POINT('',(150.714549421129,6.44525979761174,-31.5480854178197));
#7050=CARTESIAN_POINT('',(150.452893408512,6.4423125896908,-32.705296288788));
#7051=CARTESIAN_POINT('',(150.344864157942,6.44045004221937,-33.3683282657762));
#7052=CARTESIAN_POINT('',(150.292653064768,6.43916848266884,-33.7993585720726));
#7053=CARTESIAN_POINT('',(150.264314673947,6.43817867308449,-34.1124975791603));
#7054=CARTESIAN_POINT('',(150.245094570565,6.43746656038367,-34.3705998092763));
#7055=CARTESIAN_POINT('',(150.219624149465,6.43636386894063,-34.862762815111));
#7056=CARTESIAN_POINT('',(150.217868300598,6.43514760171119,-35.8764817059996));
#7057=CARTESIAN_POINT('',(150.378368624864,6.43602513191055,-37.4661117724115));
#7058=CARTESIAN_POINT('',(150.925401206161,6.44132817287256,-39.5259671625435));
#7059=CARTESIAN_POINT('',(151.587084828558,6.44768278690355,-40.9463701986736));
#7060=CARTESIAN_POINT('',(152.004431721181,6.45156501879766,-41.647377897085));
#7061=CARTESIAN_POINT('',(152.96458033818,7.74074495600593,-25.621746724565));
#7062=CARTESIAN_POINT('',(153.077662456462,7.43175472087323,-25.8071556670936));
#7063=CARTESIAN_POINT('',(153.183053565113,7.11543565341627,-25.9799765714473));
#7064=CARTESIAN_POINT('',(153.280847180604,6.79283104359093,-26.1402092910695));
#7065=CARTESIAN_POINT('',(140.01144092721,10.6461366814406,-28.8019859197813));
#7066=CARTESIAN_POINT('',(139.754193049587,11.1461366814406,-28.3732394568707));
#7067=CARTESIAN_POINT('',(151.072167579141,11.1461366814406,-21.5824547423865));
#7068=CARTESIAN_POINT('',(146.919677844567,11.1461366814406,-24.073948581939));
#7069=CARTESIAN_POINT('',(146.659306496552,11.5204259138555,-23.7936788889349));
#7070=CARTESIAN_POINT('',(147.267498895063,10.6461366814406,-24.4483511411522));
#7071=CARTESIAN_POINT('',(140.01144092721,10.6461366814406,-28.8019859197813));
#7072=CARTESIAN_POINT('',(151.329415456765,10.6461366814406,-22.011201205297));
#7073=CARTESIAN_POINT('',(151.329415456765,10.6461366814406,-22.011201205297));
#7074=CARTESIAN_POINT('',(140.01144092721,11.3961366814406,-28.8019859197813));
#7075=CARTESIAN_POINT('',(151.329415456765,11.3961366814406,-22.011201205297));
#7076=CARTESIAN_POINT('',(151.329415456765,6.71524902727556,-22.011201205297));
#7077=CARTESIAN_POINT('',(142.654421972182,15.1104054197108,-27.2161972935568));
#7078=CARTESIAN_POINT('',(169.179031534059,6.0000000000001,-103.343498786159));
#7079=CARTESIAN_POINT('',(169.181863668341,6.0000000000001,-103.321956172952));
#7080=CARTESIAN_POINT('',(169.184695802622,6.0000000000001,-103.300413559745));
#7081=CARTESIAN_POINT('',(169.187527936904,6.0000000000001,-103.278870946538));
#7082=CARTESIAN_POINT('',(169.763238604558,6.0000000000001,-98.8997310471959));
#7083=CARTESIAN_POINT('',(169.755207040482,6.0000000000001,-94.4448483667519));
#7084=CARTESIAN_POINT('',(168.868147497719,6.0000000000001,-87.8797463174935));
#7085=CARTESIAN_POINT('',(168.427273982376,6.0000000000001,-85.7110714722405));
#7086=CARTESIAN_POINT('',(167.553935103776,6.0000000000001,-82.5158943945728));
#7087=CARTESIAN_POINT('',(167.227525405813,6.0000000000001,-81.4604795922446));
#7088=CARTESIAN_POINT('',(166.686040222496,6.0000000000001,-79.895300274954));
#7089=CARTESIAN_POINT('',(166.496902415906,6.0000000000001,-79.3765633229097));
#7090=CARTESIAN_POINT('',(166.200385394579,6.0000000000001,-78.6033648468163));
#7091=CARTESIAN_POINT('',(166.099411461245,6.0000000000001,-78.3464497488081));
#7092=CARTESIAN_POINT('',(165.944768457522,6.0000000000001,-77.962355572535));
#7093=CARTESIAN_POINT('',(165.892690445942,6.0000000000001,-77.8345372517541));
#7094=CARTESIAN_POINT('',(165.813780509023,6.0000000000001,-77.6431357963839));
#7095=CARTESIAN_POINT('',(165.787345043851,6.0000000000001,-77.5793896484043));
#7096=CARTESIAN_POINT('',(165.734210245208,6.0000000000001,-77.4520070908197));
#7097=CARTESIAN_POINT('',(165.707503812166,6.0000000000001,-77.388317832051));
#7098=CARTESIAN_POINT('',(165.652853546661,6.0000000000001,-77.2588875595355));
#7099=CARTESIAN_POINT('',(165.625040636794,6.0000000000001,-77.1930956523371));
#7100=CARTESIAN_POINT('',(165.570421796512,6.0000000000001,-77.0638168165236));
#7101=CARTESIAN_POINT('',(165.543622569997,6.0000000000001,-77.0003849899471));
#7102=CARTESIAN_POINT('',(165.516823343483,6.0000000000001,-76.9369531633714));
#7103=CARTESIAN_POINT('',(170.336714361122,4.27489022342602,-103.838500929656));
#7104=CARTESIAN_POINT('',(170.339760971823,4.27489022342602,-103.816454896482));
#7105=CARTESIAN_POINT('',(170.342807582523,4.27489022342602,-103.794408863308));
#7106=CARTESIAN_POINT('',(170.345854193224,4.27489022342602,-103.772362830134));
#7107=CARTESIAN_POINT('',(170.965163204115,4.27489022342602,-99.2908887133742));
#7108=CARTESIAN_POINT('',(170.987081999119,4.27489022342602,-94.7278843817313));
#7109=CARTESIAN_POINT('',(170.122928585138,4.27489022342602,-87.9975224352568));
#7110=CARTESIAN_POINT('',(169.686035220306,4.27489022342602,-85.7732562139357));
#7111=CARTESIAN_POINT('',(168.813131783666,4.27489022342602,-82.4946602981115));
#7112=CARTESIAN_POINT('',(168.485945738426,4.27489022342602,-81.4114343225259));
#7113=CARTESIAN_POINT('',(167.941916331989,4.27489022342602,-79.8046225099891));
#7114=CARTESIAN_POINT('',(167.751700564643,4.27489022342602,-79.2720220955006));
#7115=CARTESIAN_POINT('',(167.453222643218,4.27489022342602,-78.4780607749207));
#7116=CARTESIAN_POINT('',(167.351537753739,4.27489022342602,-78.214230118752));
#7117=CARTESIAN_POINT('',(167.19574247266,4.27489022342602,-77.8197720860214));
#7118=CARTESIAN_POINT('',(167.143266061653,4.27489022342602,-77.6885007264233));
#7119=CARTESIAN_POINT('',(167.063737084675,4.27489022342602,-77.491922256112));
#7120=CARTESIAN_POINT('',(167.037091699342,4.27489022342602,-77.426450860355));
#7121=CARTESIAN_POINT('',(166.983529916842,4.27489022342602,-77.2956186837322));
#7122=CARTESIAN_POINT('',(166.956496094613,4.27489022342602,-77.2293430954668));
#7123=CARTESIAN_POINT('',(166.901621090618,4.27489022342602,-77.0981566919659));
#7124=CARTESIAN_POINT('',(166.87392261102,4.27489022342602,-77.0332589553302));
#7125=CARTESIAN_POINT('',(166.819303770738,4.27489022342602,-76.9039801195167));
#7126=CARTESIAN_POINT('',(166.792504544223,4.27489022342602,-76.8405482929403));
#7127=CARTESIAN_POINT('',(166.765705317709,4.27489022342602,-76.7771164663645));
#7128=CARTESIAN_POINT('',(170.967549189088,2.21136629320213,-104.108233350952));
#7129=CARTESIAN_POINT('',(170.970712670482,2.21136629320213,-104.085912998387));
#7130=CARTESIAN_POINT('',(170.973876151876,2.21136629320213,-104.063592645822));
#7131=CARTESIAN_POINT('',(170.977039633271,2.21136629320213,-104.041272293256));
#7132=CARTESIAN_POINT('',(171.620105888126,2.21136629320213,-99.5040350720164));
#7133=CARTESIAN_POINT('',(171.658344981899,2.21136629320213,-94.8821139959606));
#7134=CARTESIAN_POINT('',(170.806673383724,2.21136629320213,-88.0617000107126));
#7135=CARTESIAN_POINT('',(170.371948849167,2.21136629320213,-85.8071414024453));
#7136=CARTESIAN_POINT('',(169.499282689912,2.21136629320213,-82.4830895921504));
#7137=CARTESIAN_POINT('',(169.171673604017,2.21136629320213,-81.3847089850136));
#7138=CARTESIAN_POINT('',(168.626257820831,2.21136629320213,-79.7552111419315));
#7139=CARTESIAN_POINT('',(168.43545466014,2.21136629320213,-79.2150563656251));
#7140=CARTESIAN_POINT('',(168.135908221461,2.21136629320213,-78.4097811297625));
#7141=CARTESIAN_POINT('',(168.033835923715,2.21136629320213,-78.142182105574));
#7142=CARTESIAN_POINT('',(167.87741275331,2.21136629320213,-77.7420766870029));
#7143=CARTESIAN_POINT('',(167.824719249827,2.21136629320213,-77.6089237264194));
#7144=CARTESIAN_POINT('',(167.744852950725,2.21136629320213,-77.4095242404952));
#7145=CARTESIAN_POINT('',(167.718093177457,2.21136629320213,-77.3431127371722));
#7146=CARTESIAN_POINT('',(167.66429872649,2.21136629320213,-77.2104008230414));
#7147=CARTESIAN_POINT('',(167.637086506087,2.21136629320213,-77.1427159137728));
#7148=CARTESIAN_POINT('',(167.582089039477,2.21136629320213,-77.0105725740869));
#7149=CARTESIAN_POINT('',(167.554452914263,2.21136629320213,-76.9461620813835));
#7150=CARTESIAN_POINT('',(167.499834073981,2.21136629320213,-76.81688324557));
#7151=CARTESIAN_POINT('',(167.473034847466,2.21136629320213,-76.7534514189936));
#7152=CARTESIAN_POINT('',(167.446235620952,2.21136629320213,-76.6900195924178));
#7153=CARTESIAN_POINT('',(170.946262734961,-4.1921335435974E-13,-104.099131686684));
#7154=CARTESIAN_POINT('',(170.949422272751,-4.1921335435974E-13,-104.076820590563));
#7155=CARTESIAN_POINT('',(170.952581810542,-4.1921335435974E-13,-104.054509494442));
#7156=CARTESIAN_POINT('',(170.955741348332,-4.1921335435974E-13,-104.03219839832));
#7157=CARTESIAN_POINT('',(171.598005955178,-4.1921335435974E-13,-99.4968428087101));
#7158=CARTESIAN_POINT('',(171.635694348078,-4.1921335435974E-13,-94.8769097785288));
#7159=CARTESIAN_POINT('',(170.783601572143,-4.1921335435974E-13,-88.059534446994));
#7160=CARTESIAN_POINT('',(170.348803854077,-4.1921335435974E-13,-85.8059980040805));
#7161=CARTESIAN_POINT('',(169.476129688298,-4.1921335435974E-13,-82.4834800260496));
#7162=CARTESIAN_POINT('',(169.148534877194,-4.1921335435974E-13,-81.3856107863184));
#7163=CARTESIAN_POINT('',(168.603165874946,-4.1921335435974E-13,-79.7568784449605));
#7164=CARTESIAN_POINT('',(168.412382534851,-4.1921335435974E-13,-79.2169785778145));
#7165=CARTESIAN_POINT('',(168.112872151479,-4.1921335435974E-13,-78.4120851108841));
#7166=CARTESIAN_POINT('',(168.01081292617,-4.1921335435974E-13,-78.1446132438997));
#7167=CARTESIAN_POINT('',(167.854410942828,-4.1921335435974E-13,-77.7446983868104));
#7168=CARTESIAN_POINT('',(167.801724764762,-4.1921335435974E-13,-77.6116089176692));
#7169=CARTESIAN_POINT('',(167.721869848025,-4.1921335435974E-13,-77.4123046221447));
#7170=CARTESIAN_POINT('',(167.695113934585,-4.1921335435974E-13,-77.3459248411612));
#7171=CARTESIAN_POINT('',(167.641327334621,-4.1921335435974E-13,-77.2132763555928));
#7172=CARTESIAN_POINT('',(167.614121133963,-4.1921335435974E-13,-77.1456390014774));
#7173=CARTESIAN_POINT('',(167.559127799646,-4.1921335435974E-13,-77.0135279519842));
#7174=CARTESIAN_POINT('',(167.53148957039,-4.1921335435974E-13,-76.9491010180587));
#7175=CARTESIAN_POINT('',(167.476870730107,-4.1921335435974E-13,-76.8198221822451));
#7176=CARTESIAN_POINT('',(167.450071503593,-4.1921335435974E-13,-76.7563903556687));
#7177=CARTESIAN_POINT('',(167.423272277078,-4.1921335435974E-13,-76.6929585290929));
#7178=CARTESIAN_POINT('',(171.237893082607,0.500000000000001,-101.563436212082));
#7179=CARTESIAN_POINT('',(171.15037413949,2.5932269681799,-101.640893220563));
#7180=CARTESIAN_POINT('',(170.376229562281,4.49375470289216,-102.345758768389));
#7181=CARTESIAN_POINT('',(169.199797919637,6.00000000000008,-103.184845649389));
#7182=CARTESIAN_POINT('',(171.237893082607,0.500000000000001,-101.563436212082));
#7183=CARTESIAN_POINT('',(169.199797919637,6.00000000000009,-103.184845649389));
#7184=CARTESIAN_POINT('',(171.237893082607,0.500000000000001,-101.563436212082));
#7185=CARTESIAN_POINT('',(171.267117245375,0.334826956953341,-101.317000613543));
#7186=CARTESIAN_POINT('',(171.290595044336,0.168230783679162,-101.07098219015));
#7187=CARTESIAN_POINT('',(171.30814960746,-2.93456001818102E-14,-100.825507395393));
#7188=CARTESIAN_POINT('',(171.30814960746,-4.81854430298552E-16,-100.825507395393));
#7189=CARTESIAN_POINT('',(167.485448762593,1.08417246817174E-15,-76.8401257633448));
#7190=CARTESIAN_POINT('',(169.087547828564,1.08417246817174E-15,-80.6321781217996));
#7191=CARTESIAN_POINT('',(171.299803488504,9.03477056809785E-16,-88.6226973127126));
#7192=CARTESIAN_POINT('',(171.630120302958,1.44556329089566E-15,-96.7220541961581));
#7193=CARTESIAN_POINT('',(171.30814960746,1.44556329089566E-15,-100.825507395393));
#7194=CARTESIAN_POINT('',(169.199797919637,6.00000000000009,-103.184845649389));
#7195=CARTESIAN_POINT('',(169.760586743699,6.00000000000009,-98.855330512181));
#7196=CARTESIAN_POINT('',(169.753005447209,6.00000000000008,-92.4053991636882));
#7197=CARTESIAN_POINT('',(168.061187443979,6.00000000000009,-83.8312952783845));
#7198=CARTESIAN_POINT('',(166.663965684717,6.00000000000009,-79.7026085755582));
#7199=CARTESIAN_POINT('',(165.831013505656,6.00000000000009,-77.6849504519174));
#7200=CARTESIAN_POINT('',(0.,0.,0.));
#7201=CARTESIAN_POINT('',(154.779499297891,0.,-82.9670398665566));
#7202=CARTESIAN_POINT('',(173.425552005895,0.,-98.601804397729));
#7203=CARTESIAN_POINT('',(173.425552005895,0.,-98.601804397729));
#7204=CARTESIAN_POINT('',(173.633260546713,0.,-98.048528753645));
#7205=CARTESIAN_POINT('',(173.840969087533,0.,-97.4952531095611));
#7206=CARTESIAN_POINT('',(174.048677628351,0.,-96.9419774654771));
#7207=CARTESIAN_POINT('',(174.03923065997,0.,-96.9417755029921));
#7208=CARTESIAN_POINT('',(174.029783691589,0.,-96.9415735405072));
#7209=CARTESIAN_POINT('',(174.069097952937,0.,-95.1026152612421));
#7210=CARTESIAN_POINT('',(173.952018632269,0.,-91.4394820448075));
#7211=CARTESIAN_POINT('',(173.182823936883,0.,-85.9554918505718));
#7212=CARTESIAN_POINT('',(171.839410080007,0.,-80.5831324743625));
#7213=CARTESIAN_POINT('',(170.573929707855,0.,-77.1434524374267));
#7214=CARTESIAN_POINT('',(169.847643268214,0.,-75.4534629444942));
#7215=CARTESIAN_POINT('',(169.847643268213,0.,-75.4534629444941));
#7216=CARTESIAN_POINT('',(169.847643268213,0.,-75.4534629444941));
#7217=CARTESIAN_POINT('',(167.366559135707,0.,-69.6779940113082));
#7218=CARTESIAN_POINT('',(164.8854750032,0.,-63.9025250781224));
#7219=CARTESIAN_POINT('',(162.404390870693,0.,-58.1270561449365));
#7220=CARTESIAN_POINT('',(162.404382694044,0.,-58.1270596803255));
#7221=CARTESIAN_POINT('',(162.404374517394,0.,-58.1270632157145));
#7222=CARTESIAN_POINT('',(160.57342647608,0.,-53.8924457048639));
#7223=CARTESIAN_POINT('',(158.418311701538,0.,-49.8286931943278));
#7224=CARTESIAN_POINT('',(155.939030193769,0.,-45.9358056841062));
#7225=CARTESIAN_POINT('',(170.292986861601,0.453287641555476,-75.262852513863));
#7226=CARTESIAN_POINT('',(171.364594121564,0.453287641555476,-77.7573404505705));
#7227=CARTESIAN_POINT('',(172.240885616621,0.453287641555476,-80.3357047746511));
#7228=CARTESIAN_POINT('',(173.58151527993,0.453287641555476,-85.5974498112474));
#7229=CARTESIAN_POINT('',(174.045840142999,0.453287641555476,-88.2807783036634));
#7230=CARTESIAN_POINT('',(174.551212045976,0.453287641555476,-93.6870568725953));
#7231=CARTESIAN_POINT('',(174.592254070461,0.453287641555476,-96.4099532953258));
#7232=CARTESIAN_POINT('',(174.402519524605,0.453287641555476,-99.4145542167126));
#7233=CARTESIAN_POINT('',(174.381370274863,0.453287641555476,-99.7094689441466));
#7234=CARTESIAN_POINT('',(174.357711126089,0.453287641555476,-100.004182112273));
#7235=CARTESIAN_POINT('',(170.274946306235,0.988048446229322,-75.2628807865745));
#7236=CARTESIAN_POINT('',(171.346553566198,0.988048446229322,-77.7573687232821));
#7237=CARTESIAN_POINT('',(172.222845061255,0.988048446229322,-80.3357330473626));
#7238=CARTESIAN_POINT('',(173.563474724564,0.988048446229322,-85.5974780839589));
#7239=CARTESIAN_POINT('',(174.027799587633,0.988048446229322,-88.280806576375));
#7240=CARTESIAN_POINT('',(174.53317149061,0.988048446229322,-93.6870851453068));
#7241=CARTESIAN_POINT('',(174.574213515095,0.988048446229322,-96.4099815680373));
#7242=CARTESIAN_POINT('',(174.384478969239,0.988048446229322,-99.4145824894241));
#7243=CARTESIAN_POINT('',(174.363329719497,0.988048446229322,-99.7094972168582));
#7244=CARTESIAN_POINT('',(174.339670570723,0.988048446229322,-100.004210384984));
#7245=CARTESIAN_POINT('',(170.224938885246,1.52019434708198,-75.262959156966));
#7246=CARTESIAN_POINT('',(171.29654614521,1.52019434708198,-77.7574470936736));
#7247=CARTESIAN_POINT('',(172.172837640266,1.52019434708198,-80.3358114177541));
#7248=CARTESIAN_POINT('',(173.513467303575,1.52019434708198,-85.5975564543504));
#7249=CARTESIAN_POINT('',(173.977792166645,1.52019434708198,-88.2808849467665));
#7250=CARTESIAN_POINT('',(174.483164069622,1.52019434708198,-93.6871635156983));
#7251=CARTESIAN_POINT('',(174.524206094106,1.52019434708198,-96.4100599384289));
#7252=CARTESIAN_POINT('',(174.33447154825,1.52019434708198,-99.4146608598156));
#7253=CARTESIAN_POINT('',(174.313322298509,1.52019434708198,-99.7095755872496));
#7254=CARTESIAN_POINT('',(174.289663149734,1.52019434708198,-100.004288755376));
#7255=CARTESIAN_POINT('',(170.091341218223,2.38524269901375,-75.2631685279206));
#7256=CARTESIAN_POINT('',(171.162948478187,2.38524269901375,-77.7576564646282));
#7257=CARTESIAN_POINT('',(172.039239973243,2.38524269901375,-80.3360207887087));
#7258=CARTESIAN_POINT('',(173.379869636552,2.38524269901375,-85.597765825305));
#7259=CARTESIAN_POINT('',(173.844194499622,2.38524269901375,-88.281094317721));
#7260=CARTESIAN_POINT('',(174.349566402599,2.38524269901375,-93.6873728866529));
#7261=CARTESIAN_POINT('',(174.390608427083,2.38524269901375,-96.4102693093834));
#7262=CARTESIAN_POINT('',(174.200873881227,2.38524269901375,-99.4148702307702));
#7263=CARTESIAN_POINT('',(174.179724631486,2.38524269901375,-99.7097849582042));
#7264=CARTESIAN_POINT('',(174.156065482711,2.38524269901375,-100.00449812633));
#7265=CARTESIAN_POINT('',(170.026045395671,2.72233597131861,-75.2632708579163));
#7266=CARTESIAN_POINT('',(171.097652655635,2.72233597131861,-77.7577587946239));
#7267=CARTESIAN_POINT('',(171.973944150691,2.72233597131861,-80.3361231187045));
#7268=CARTESIAN_POINT('',(173.314573814,2.72233597131861,-85.5978681553008));
#7269=CARTESIAN_POINT('',(173.778898677069,2.72233597131861,-88.2811966477168));
#7270=CARTESIAN_POINT('',(174.284270580047,2.72233597131861,-93.6874752166486));
#7271=CARTESIAN_POINT('',(174.325312604531,2.72233597131861,-96.4103716393792));
#7272=CARTESIAN_POINT('',(174.135578058675,2.72233597131861,-99.4149725607659));
#7273=CARTESIAN_POINT('',(174.114428808933,2.72233597131861,-99.7098872882));
#7274=CARTESIAN_POINT('',(174.090769660159,2.72233597131861,-100.004600456326));
#7275=CARTESIAN_POINT('',(169.86877524255,3.39383037774066,-75.2635173278048));
#7276=CARTESIAN_POINT('',(170.940382502513,3.39383037774066,-77.7580052645123));
#7277=CARTESIAN_POINT('',(171.81667399757,3.39383037774066,-80.3363695885929));
#7278=CARTESIAN_POINT('',(173.157303660879,3.39383037774066,-85.5981146251892));
#7279=CARTESIAN_POINT('',(173.621628523948,3.39383037774066,-88.2814431176052));
#7280=CARTESIAN_POINT('',(174.127000426925,3.39383037774066,-93.6877216865371));
#7281=CARTESIAN_POINT('',(174.16804245141,3.39383037774066,-96.4106181092676));
#7282=CARTESIAN_POINT('',(173.978307905554,3.39383037774066,-99.4152190306543));
#7283=CARTESIAN_POINT('',(173.957158655812,3.39383037774066,-99.7101337580884));
#7284=CARTESIAN_POINT('',(173.933499507038,3.39383037774066,-100.004846926215));
#7285=CARTESIAN_POINT('',(169.776857449205,3.72771844433282,-75.2636613790937));
#7286=CARTESIAN_POINT('',(170.848464709168,3.72771844433282,-77.7581493158013));
#7287=CARTESIAN_POINT('',(171.724756204225,3.72771844433282,-80.3365136398819));
#7288=CARTESIAN_POINT('',(173.065385867534,3.72771844433282,-85.5982586764782));
#7289=CARTESIAN_POINT('',(173.529710730603,3.72771844433282,-88.2815871688942));
#7290=CARTESIAN_POINT('',(174.03508263358,3.72771844433282,-93.687865737826));
#7291=CARTESIAN_POINT('',(174.076124658065,3.72771844433282,-96.4107621605566));
#7292=CARTESIAN_POINT('',(173.886390112209,3.72771844433282,-99.4153630819433));
#7293=CARTESIAN_POINT('',(173.865240862467,3.72771844433282,-99.7102778093773));
#7294=CARTESIAN_POINT('',(173.841581713693,3.72771844433282,-100.004990977503));
#7295=CARTESIAN_POINT('',(169.256585811695,5.36833013859687,-75.264476735917));
#7296=CARTESIAN_POINT('',(170.328193071658,5.36833013859687,-77.7589646726246));
#7297=CARTESIAN_POINT('',(171.204484566715,5.36833013859687,-80.3373289967052));
#7298=CARTESIAN_POINT('',(172.545114230024,5.36833013859687,-85.5990740333015));
#7299=CARTESIAN_POINT('',(173.009439093093,5.36833013859687,-88.2824025257175));
#7300=CARTESIAN_POINT('',(173.51481099607,5.36833013859687,-93.6886810946493));
#7301=CARTESIAN_POINT('',(173.555853020555,5.36833013859687,-96.4115775173799));
#7302=CARTESIAN_POINT('',(173.366118474699,5.36833013859687,-99.4161784387666));
#7303=CARTESIAN_POINT('',(173.344969224957,5.36833013859687,-99.7110931662007));
#7304=CARTESIAN_POINT('',(173.321310076183,5.36833013859687,-100.005806334327));
#7305=CARTESIAN_POINT('',(168.640101806489,6.61097890280864,-75.2654428743799));
#7306=CARTESIAN_POINT('',(169.711709066452,6.61097890280864,-77.7599308110875));
#7307=CARTESIAN_POINT('',(170.588000561509,6.61097890280864,-80.338295135168));
#7308=CARTESIAN_POINT('',(171.928630224818,6.61097890280864,-85.6000401717643));
#7309=CARTESIAN_POINT('',(172.392955087887,6.61097890280864,-88.2833686641803));
#7310=CARTESIAN_POINT('',(172.898326990864,6.61097890280864,-93.6896472331122));
#7311=CARTESIAN_POINT('',(172.939369015349,6.61097890280864,-96.4125436558427));
#7312=CARTESIAN_POINT('',(172.749634469493,6.61097890280864,-99.4171445772295));
#7313=CARTESIAN_POINT('',(172.728485219751,6.61097890280864,-99.7120593046635));
#7314=CARTESIAN_POINT('',(172.704826070977,6.61097890280864,-100.00677247279));
#7315=CARTESIAN_POINT('',(167.833926116065,7.74074495600593,-75.2667062929532));
#7316=CARTESIAN_POINT('',(168.905533376028,7.74074495600593,-77.7611942296608));
#7317=CARTESIAN_POINT('',(169.781824871085,7.74074495600593,-80.3395585537413));
#7318=CARTESIAN_POINT('',(171.122454534394,7.74074495600593,-85.6013035903376));
#7319=CARTESIAN_POINT('',(171.586779397463,7.74074495600593,-88.2846320827536));
#7320=CARTESIAN_POINT('',(172.09215130044,7.74074495600593,-93.6909106516855));
#7321=CARTESIAN_POINT('',(172.133193324924,7.74074495600593,-96.413807074416));
#7322=CARTESIAN_POINT('',(171.943458779068,7.74074495600593,-99.4184079958028));
#7323=CARTESIAN_POINT('',(171.922309529327,7.74074495600593,-99.7133227232368));
#7324=CARTESIAN_POINT('',(171.898650380553,7.74074495600593,-100.008035891363));
#7325=CARTESIAN_POINT('',(167.824834947534,7.75348522306174,-75.2667205404073));
#7326=CARTESIAN_POINT('',(168.896442207497,7.75348522306174,-77.7612084771149));
#7327=CARTESIAN_POINT('',(169.772733702554,7.75348522306174,-80.3395728011954));
#7328=CARTESIAN_POINT('',(171.113363365863,7.75348522306174,-85.6013178377917));
#7329=CARTESIAN_POINT('',(171.577688228932,7.75348522306174,-88.2846463302078));
#7330=CARTESIAN_POINT('',(172.083060131909,7.75348522306174,-93.6909248991396));
#7331=CARTESIAN_POINT('',(172.124102156394,7.75348522306174,-96.4138213218702));
#7332=CARTESIAN_POINT('',(171.934367610538,7.75348522306174,-99.4184222432569));
#7333=CARTESIAN_POINT('',(171.913218360796,7.75348522306174,-99.7133369706909));
#7334=CARTESIAN_POINT('',(171.889559212022,7.75348522306174,-100.008050138817));
#7335=CARTESIAN_POINT('',(167.815743779003,7.76622549011754,-75.2667347878614));
#7336=CARTESIAN_POINT('',(168.887351038967,7.76622549011754,-77.761222724569));
#7337=CARTESIAN_POINT('',(169.763642534023,7.76622549011754,-80.3395870486496));
#7338=CARTESIAN_POINT('',(171.104272197332,7.76622549011754,-85.6013320852459));
#7339=CARTESIAN_POINT('',(171.568597060401,7.76622549011754,-88.2846605776619));
#7340=CARTESIAN_POINT('',(172.073968963379,7.76622549011754,-93.6909391465937));
#7341=CARTESIAN_POINT('',(172.115010987863,7.76622549011754,-96.4138355693243));
#7342=CARTESIAN_POINT('',(171.925276442007,7.76622549011754,-99.418436490711));
#7343=CARTESIAN_POINT('',(171.904127192265,7.76622549011754,-99.7133512181451));
#7344=CARTESIAN_POINT('',(171.880468043491,7.76622549011754,-100.008064386271));
#7345=CARTESIAN_POINT('',(167.806652610472,7.77896575717335,-75.2667490353156));
#7346=CARTESIAN_POINT('',(168.878259870436,7.77896575717335,-77.7612369720232));
#7347=CARTESIAN_POINT('',(169.754551365492,7.77896575717335,-80.3396012961037));
#7348=CARTESIAN_POINT('',(171.095181028802,7.77896575717335,-85.6013463327));
#7349=CARTESIAN_POINT('',(171.559505891871,7.77896575717335,-88.2846748251161));
#7350=CARTESIAN_POINT('',(172.064877794848,7.77896575717335,-93.6909533940479));
#7351=CARTESIAN_POINT('',(172.105919819332,7.77896575717335,-96.4138498167784));
#7352=CARTESIAN_POINT('',(171.916185273476,7.77896575717335,-99.4184507381651));
#7353=CARTESIAN_POINT('',(171.895036023735,7.77896575717335,-99.7133654655992));
#7354=CARTESIAN_POINT('',(171.87137687496,7.77896575717335,-100.008078633725));
#7355=CARTESIAN_POINT('',(170.291340321008,0.499707717607004,-75.2628550942806));
#7356=CARTESIAN_POINT('',(173.242268872452,0.499690014098691,-82.1320265757922));
#7357=CARTESIAN_POINT('',(174.690853426647,0.499672310587434,-89.6418681130142));
#7358=CARTESIAN_POINT('',(174.50732624457,0.499654607073233,-97.1158017950891));
#7359=CARTESIAN_POINT('',(174.507339375152,0.49977412956194,-97.1152499957395));
#7360=CARTESIAN_POINT('',(174.507322652494,0.499748190594048,-97.1158062927636));
#7361=CARTESIAN_POINT('',(174.481286945869,1.1779866433259,-97.1484056980097));
#7362=CARTESIAN_POINT('',(174.364691259791,2.19755337999695,-97.2914269887019));
#7363=CARTESIAN_POINT('',(174.067683272722,3.41556204077182,-97.6307355266736));
#7364=CARTESIAN_POINT('',(173.88463851834,4.00536332045813,-97.8356792436189));
#7365=CARTESIAN_POINT('',(173.759272984912,4.36505801655555,-97.975116733886));
#7366=CARTESIAN_POINT('',(173.661279956619,4.62910640873976,-98.0834053450322));
#7367=CARTESIAN_POINT('',(173.516201445152,4.99261792788742,-98.2421848184897));
#7368=CARTESIAN_POINT('',(173.265165729079,5.55743644719881,-98.5117560229172));
#7369=CARTESIAN_POINT('',(172.890149628238,6.28903457269802,-98.906988456287));
#7370=CARTESIAN_POINT('',(172.363661298902,7.1326479937702,-99.4226114402424));
#7371=CARTESIAN_POINT('',(172.055295503778,7.55311205043104,-99.7165286257247));
#7372=CARTESIAN_POINT('',(171.910505436025,7.74076112630253,-99.8574814000718));
#7373=CARTESIAN_POINT('',(147.879452092142,7.99999999999979,-59.1867543080809));
#7374=CARTESIAN_POINT('',(147.279464437567,7.99999999999979,-58.4999999957639));
#7375=CARTESIAN_POINT('',(146.666986042058,7.9999999999998,-56.8606799492093));
#7376=CARTESIAN_POINT('',(150.689715029093,7.99999999999978,-58.1367913443524));
#7377=CARTESIAN_POINT('',(150.689715029093,7.99999999999978,-58.1367913443524));
#7378=CARTESIAN_POINT('',(149.989739719941,7.99999999999978,-56.2632827197186));
#7379=CARTESIAN_POINT('',(147.17947678299,7.9999999999998,-57.3132456834471));
#7380=CARTESIAN_POINT('',(144.36921384604,7.99999999999981,-58.3632086471755));
#7381=CARTESIAN_POINT('',(144.36921384604,7.99999999999981,-58.3632086471755));
#7382=CARTESIAN_POINT('',(145.069189155192,7.99999999999981,-60.2367172718093));
#7383=CARTESIAN_POINT('',(147.879452092142,7.99999999999979,-59.1867543080809));
#7384=CARTESIAN_POINT('',(150.689715029093,7.99999999999978,-58.1367913443524));
#7385=CARTESIAN_POINT('',(149.989739719941,7.99999999999978,-56.2632827197186));
#7386=CARTESIAN_POINT('',(149.989739719941,9.99999999999978,-56.2632827197186));
#7387=CARTESIAN_POINT('',(150.689715029093,7.99999999999978,-58.1367913443524));
#7388=CARTESIAN_POINT('',(150.689715029093,9.99999999999978,-58.1367913443524));
#7389=CARTESIAN_POINT('',(150.689715029093,9.99999999999978,-58.1367913443524));
#7390=CARTESIAN_POINT('',(155.41090843621,6.00000000000009,-84.4666151432569));
#7391=CARTESIAN_POINT('',(153.372556646065,6.00000000000009,-44.3395337529421));
#7392=CARTESIAN_POINT('',(153.15234698838,6.00000000000009,-43.9944985809655));
#7393=CARTESIAN_POINT('',(152.71159315472,6.00000000000009,-43.2989755978493));
#7394=CARTESIAN_POINT('',(152.050472269875,6.00000000000009,-42.2896834561581));
#7395=CARTESIAN_POINT('',(151.386320989125,6.00000000000009,-41.1633328960342));
#7396=CARTESIAN_POINT('',(150.872967156134,6.00000000000009,-40.0232970978591));
#7397=CARTESIAN_POINT('',(150.450915435821,6.00000000000009,-38.7973924539261));
#7398=CARTESIAN_POINT('',(150.159890326283,6.00000000000009,-37.5662885115911));
#7399=CARTESIAN_POINT('',(149.989211197664,6.00000000000009,-36.3103698728105));
#7400=CARTESIAN_POINT('',(149.941876071291,6.00000000000009,-35.0274285824032));
#7401=CARTESIAN_POINT('',(150.016573491709,6.00000000000009,-33.745911859137));
#7402=CARTESIAN_POINT('',(150.213830792847,6.00000000000009,-32.4939025394036));
#7403=CARTESIAN_POINT('',(150.478254522701,6.00000000000009,-31.4734691955817));
#7404=CARTESIAN_POINT('',(150.720033049491,6.00000000000009,-30.7624378545366));
#7405=CARTESIAN_POINT('',(150.86832102363,6.00000000000009,-30.3712046661507));
#7406=CARTESIAN_POINT('',(151.00161102736,6.00000000000009,-30.0454095646581));
#7407=CARTESIAN_POINT('',(151.087310733376,6.00000000000009,-29.8507440544702));
#7408=CARTESIAN_POINT('',(151.240808941287,6.00000000000009,-29.5199550874035));
#7409=CARTESIAN_POINT('',(151.415185600157,6.00000000000009,-29.1733604347735));
#7410=CARTESIAN_POINT('',(151.618320047385,6.00000000000009,-28.7918918860572));
#7411=CARTESIAN_POINT('',(151.784336157929,6.00000000000009,-28.4905006804539));
#7412=CARTESIAN_POINT('',(151.932270194017,6.00000000000009,-28.2294396861025));
#7413=CARTESIAN_POINT('',(152.044950497332,6.00000000000009,-28.0345955793252));
#7414=CARTESIAN_POINT('',(152.10591980434,6.00000000000009,-27.9300072161962));
#7415=CARTESIAN_POINT('',(152.166848600864,6.00000000000009,-27.8262877874057));
#7416=CARTESIAN_POINT('',(152.173713896651,6.00000000000009,-27.8146505391657));
#7417=CARTESIAN_POINT('',(152.203898700789,6.00000000000009,-27.7632282594338));
#7418=CARTESIAN_POINT('',(152.252247448095,6.00000000000009,-27.6806912873537));
#7419=CARTESIAN_POINT('',(152.338939185486,6.00000000000009,-27.5322553159271));
#7420=CARTESIAN_POINT('',(152.461626043378,6.00000000000009,-27.3215456076653));
#7421=CARTESIAN_POINT('',(152.653472012098,6.00000000000009,-26.9913773337532));
#7422=CARTESIAN_POINT('',(152.944711524356,6.00000000000009,-26.489037605782));
#7423=CARTESIAN_POINT('',(153.232897214599,6.00000000000009,-25.9909932825507));
#7424=CARTESIAN_POINT('',(153.390760811026,6.00000000000009,-25.71797530763));
#7425=CARTESIAN_POINT('',(153.390680359195,6.00068855173589,-25.7179689048038));
#7426=CARTESIAN_POINT('',(153.39076084687,6.00000000000009,-25.7179744582963));
#7427=CARTESIAN_POINT('',(153.394325220134,6.00000000000009,-25.6335158799796));
#7428=CARTESIAN_POINT('',(153.397889593398,6.00000000000009,-25.5490573016629));
#7429=CARTESIAN_POINT('',(153.401453966663,6.00000000000009,-25.4645987233462));
#7430=CARTESIAN_POINT('',(153.401453966602,6.00000000000009,-25.4645987233439));
#7431=CARTESIAN_POINT('',(179.963669740519,6.00000000000009,-69.7349583677182));
#7432=CARTESIAN_POINT('',(151.775630931985,6.00000000000009,-22.7548936643537));
#7433=CARTESIAN_POINT('',(151.875514993543,6.00000000000009,-22.3500212207172));
#7434=CARTESIAN_POINT('',(148.598497138931,6.00000000000009,-35.6331637556309));
#7435=CARTESIAN_POINT('',(152.786110571145,6.00000000000009,-50.7796848095329));
#7436=CARTESIAN_POINT('',(152.388959960259,6.00000000000009,-49.5303357096728));
#7437=CARTESIAN_POINT('',(151.599793594106,6.00000000000009,-47.0303413477978));
#7438=CARTESIAN_POINT('',(150.385234911013,6.00000000000009,-43.2881267779591));
#7439=CARTESIAN_POINT('',(149.344448136698,6.00000000000009,-39.4994853877138));
#7440=CARTESIAN_POINT('',(148.785817918186,6.00000000000009,-36.9239577716895));
#7441=CARTESIAN_POINT('',(148.598497138931,6.00000000000009,-35.6331637556309));
#7442=CARTESIAN_POINT('',(152.786110571145,6.00000000000008,-50.7796848095329));
#7443=CARTESIAN_POINT('',(164.151968090786,6.00000000000009,-81.2008036847017));
#7444=CARTESIAN_POINT('',(163.034950006428,6.00000000000009,-78.2110653502863));
#7445=CARTESIAN_POINT('',(119.268104962496,6.00000000000009,-96.7888600083904));
#7446=CARTESIAN_POINT('',(166.4071495379,6.00000000000009,-90.5774466445677));
#7447=CARTESIAN_POINT('',(119.389620777244,6.00000000000009,-96.7640446988078));
#7448=CARTESIAN_POINT('',(166.541968263299,6.00000000000009,-101.821527550793));
#7449=CARTESIAN_POINT('',(155.286545225489,6.00000000000009,-84.2459014860656));
#7450=CARTESIAN_POINT('',(160.901101170835,6.00000000000009,-104.347243253813));
#7451=CARTESIAN_POINT('',(155.563170965806,6.00000000000009,-84.425816521414));
#7452=CARTESIAN_POINT('',(161.572623541924,6.00000000000009,-106.853398861133));
#7453=CARTESIAN_POINT('',(154.779499297891,6.00000000000009,-82.9670398665566));
#7454=CARTESIAN_POINT('',(167.362872504625,12.812024716534,-103.275180304098));
#7455=CARTESIAN_POINT('',(167.27941208195,12.8113602678978,-103.85167860847));
#7456=CARTESIAN_POINT('',(167.186967623784,12.8106251589123,-104.423176928494));
#7457=CARTESIAN_POINT('',(167.084524411538,12.8098106973415,-104.994648302533));
#7458=CARTESIAN_POINT('',(166.602183928149,13.2103903851355,-103.163722884649));
#7459=CARTESIAN_POINT('',(166.520301321901,13.2099487471326,-103.731630009419));
#7460=CARTESIAN_POINT('',(166.42960335712,13.2094601434293,-104.294626789276));
#7461=CARTESIAN_POINT('',(166.329095329759,13.2089187965711,-104.857611803751));
#7462=CARTESIAN_POINT('',(165.841495351673,13.608756053737,-103.052265465201));
#7463=CARTESIAN_POINT('',(165.761190561852,13.6085372263674,-103.611581410368));
#7464=CARTESIAN_POINT('',(165.672239090456,13.6082951279463,-104.166076650059));
#7465=CARTESIAN_POINT('',(165.57366624798,13.6080268958008,-104.720575304969));
#7466=CARTESIAN_POINT('',(165.080806775197,14.0071217223386,-102.940808045752));
#7467=CARTESIAN_POINT('',(165.002079801802,14.0071257056022,-103.491532811318));
#7468=CARTESIAN_POINT('',(164.914874823792,14.0071301124633,-104.037526510841));
#7469=CARTESIAN_POINT('',(164.818237166201,14.0071349950305,-104.583538806187));
#7470=CARTESIAN_POINT('',(167.34934220949,12.8191102698368,-103.273199664002));
#7471=CARTESIAN_POINT('',(166.529783872536,13.2012490485299,-103.777558122613));
#7472=CARTESIAN_POINT('',(165.71510861934,13.5817906702272,-104.210793692146));
#7473=CARTESIAN_POINT('',(164.908559491193,13.9607976122771,-104.584675360147));
#7474=CARTESIAN_POINT('',(167.34886586664,12.8193179609902,-103.273128193634));
#7475=CARTESIAN_POINT('',(164.90857841413,13.9608019577291,-104.58452036778));
#7476=CARTESIAN_POINT('',(164.908597337067,13.960806303181,-104.584365375413));
#7477=CARTESIAN_POINT('',(164.883529506909,13.9738818892503,-104.581671449746));
#7478=CARTESIAN_POINT('',(164.858466092898,13.9869585336888,-104.578942042384));
#7479=CARTESIAN_POINT('',(164.833407091977,14.0000362339277,-104.576177169101));
#7480=CARTESIAN_POINT('',(164.833429119188,14.,-104.57620894409));
#7481=CARTESIAN_POINT('',(164.833387286898,14.,-104.576201549897));
#7482=CARTESIAN_POINT('',(164.929285614359,14.,-104.03366143189));
#7483=CARTESIAN_POINT('',(165.016291809006,14.,-103.489194451594));
#7484=CARTESIAN_POINT('',(165.094405870839,14.,-102.942800609008));
#7485=CARTESIAN_POINT('',(165.094764853859,14.,-102.940288697837));
#7486=CARTESIAN_POINT('',(167.348834112002,12.8193764946945,-103.27312337428));
#7487=CARTESIAN_POINT('',(166.597358031614,13.2129176631297,-103.163015785856));
#7488=CARTESIAN_POINT('',(165.845881951227,13.6064588315649,-103.052908197432));
#7489=CARTESIAN_POINT('',(165.094405870839,14.,-102.942800609008));
#7490=CARTESIAN_POINT('',(165.094405871963,14.,-102.942800605182));
#7491=CARTESIAN_POINT('',(165.731158898136,14.,-98.4888274663635));
#7492=CARTESIAN_POINT('',(165.765217820783,14.,-93.9493991383674));
#7493=CARTESIAN_POINT('',(164.908575907111,14.,-87.2522910737324));
#7494=CARTESIAN_POINT('',(164.473543670542,14.,-85.0425435750904));
#7495=CARTESIAN_POINT('',(163.308012377154,14.,-80.6926972149192));
#7496=CARTESIAN_POINT('',(162.571489065386,14.,-78.541859942606));
#7497=CARTESIAN_POINT('',(161.715077831854,14.,-76.4942977510745));
#7498=CARTESIAN_POINT('',(168.21445254028,12.3660600203572,-103.399955294725));
#7499=CARTESIAN_POINT('',(168.903550837929,12.3734491837129,-98.6609329946613));
#7500=CARTESIAN_POINT('',(168.940559737959,12.3739261665712,-93.825898338895));
#7501=CARTESIAN_POINT('',(168.013778806945,12.3642045837765,-86.6991951003683));
#7502=CARTESIAN_POINT('',(167.543138997076,12.359247524077,-84.3487883935685));
#7503=CARTESIAN_POINT('',(166.282525709437,12.345933782833,-79.7258711335972));
#7504=CARTESIAN_POINT('',(165.486362542987,12.3375516100003,-77.4427873053215));
#7505=CARTESIAN_POINT('',(164.560724994987,12.3277742553041,-75.2718359726739));
#7506=CARTESIAN_POINT('',(168.318786140461,12.3671794606565,-102.643657178087));
#7507=CARTESIAN_POINT('',(167.996412158827,12.5179141271432,-102.857921199288));
#7508=CARTESIAN_POINT('',(167.672891003516,12.6687274316857,-103.067720093162));
#7509=CARTESIAN_POINT('',(167.348339270831,12.8196356390243,-103.273050865114));
#7510=CARTESIAN_POINT('',(165.094764916631,14.,-102.940288706807));
#7511=CARTESIAN_POINT('',(165.414992330497,14.,-100.69956084951));
#7512=CARTESIAN_POINT('',(165.75257908372,14.,-96.2221803337554));
#7513=CARTESIAN_POINT('',(165.342916966965,14.,-89.4628792328946));
#7514=CARTESIAN_POINT('',(164.039527380813,14.,-82.8267211107747));
#7515=CARTESIAN_POINT('',(162.587755928007,14.,-78.5807517875219));
#7516=CARTESIAN_POINT('',(161.715077831854,14.,-76.4942977510745));
#7517=CARTESIAN_POINT('',(161.715077833342,13.9999999998328,-76.4942977538283));
#7518=CARTESIAN_POINT('',(161.715077831854,14.,-76.4942977510748));
#7519=CARTESIAN_POINT('',(162.663626886232,13.4425914184347,-76.0868104916078));
#7520=CARTESIAN_POINT('',(163.612175940609,12.8851828368694,-75.6793232321408));
#7521=CARTESIAN_POINT('',(164.560724994987,12.3277742553041,-75.2718359726739));
#7522=CARTESIAN_POINT('',(141.353865063088,14.,-29.0974560852573));
#7523=CARTESIAN_POINT('',(157.117121672797,12.3279818145093,-57.9455862175505));
#7524=CARTESIAN_POINT('',(156.165805416533,12.8853212077232,-58.3463073315261));
#7525=CARTESIAN_POINT('',(155.214489160269,13.4426606009372,-58.7470284455018));
#7526=CARTESIAN_POINT('',(154.263172904006,13.9999999941511,-59.1477495594774));
#7527=CARTESIAN_POINT('',(154.263172452178,13.9999999986629,-59.1477485144437));
#7528=CARTESIAN_POINT('',(141.353865063088,14.,-29.0974560852573));
#7529=CARTESIAN_POINT('',(154.324630377517,14.,-59.2890779013426));
#7530=CARTESIAN_POINT('',(153.737956378074,14.,-57.9389383405655));
#7531=CARTESIAN_POINT('',(153.160252012612,14.,-56.6374240554751));
#7532=CARTESIAN_POINT('',(151.783615032055,14.,-53.8005542752081));
#7533=CARTESIAN_POINT('',(150.988633900051,14.,-52.2803881963172));
#7534=CARTESIAN_POINT('',(149.309143142434,14.,-49.2913282432689));
#7535=CARTESIAN_POINT('',(148.423565121988,14.,-47.8206139622249));
#7536=CARTESIAN_POINT('',(147.0328000944,14.,-45.660635408846));
#7537=CARTESIAN_POINT('',(146.558854959156,14.,-44.9483799825323));
#7538=CARTESIAN_POINT('',(145.745112843827,14.,-43.7643105807908));
#7539=CARTESIAN_POINT('',(145.403675777191,14.,-43.2838232621408));
#7540=CARTESIAN_POINT('',(145.056228431571,14.,-42.7967104546341));
#7541=CARTESIAN_POINT('',(157.16267997129,12.3268281516383,-58.0528195827439));
#7542=CARTESIAN_POINT('',(156.563877526895,12.3252547906108,-56.6812794411984));
#7543=CARTESIAN_POINT('',(155.950607909726,12.319958663968,-55.3203255699972));
#7544=CARTESIAN_POINT('',(154.510412454755,12.3109545108205,-52.3863380374362));
#7545=CARTESIAN_POINT('',(153.678906400565,12.305771865274,-50.814962756178));
#7546=CARTESIAN_POINT('',(151.922582135528,12.2948542854232,-47.7268976066489));
#7547=CARTESIAN_POINT('',(150.996646267845,12.2891123015694,-46.2083272505572));
#7548=CARTESIAN_POINT('',(149.542702450933,12.2801159317283,-43.979394675748));
#7549=CARTESIAN_POINT('',(149.047259208497,12.2770535385179,-43.2446282579481));
#7550=CARTESIAN_POINT('',(148.196654859441,12.2718014548154,-42.0235250729124));
#7551=CARTESIAN_POINT('',(147.852307689496,12.2714553403104,-41.5400063602378));
#7552=CARTESIAN_POINT('',(147.504843462384,12.2714491192856,-41.0529409250767));
#7553=CARTESIAN_POINT('',(157.180062409805,12.3165803367859,-58.0452477685449));
#7554=CARTESIAN_POINT('',(156.581185681313,12.3149973392631,-56.6735765530815));
#7555=CARTESIAN_POINT('',(155.967698234688,12.3096687749928,-55.312258627301));
#7556=CARTESIAN_POINT('',(154.52711349784,12.3006094733592,-52.3776762695609));
#7557=CARTESIAN_POINT('',(153.695383736419,12.2953950852323,-50.8059873430396));
#7558=CARTESIAN_POINT('',(151.938588882806,12.2844106375717,-47.7173158081449));
#7559=CARTESIAN_POINT('',(151.012405832058,12.2786334853115,-46.1984523439681));
#7560=CARTESIAN_POINT('',(149.558075058758,12.2695820146555,-43.9690974407257));
#7561=CARTESIAN_POINT('',(149.062500145075,12.2665008649505,-43.2341931479831));
#7562=CARTESIAN_POINT('',(148.211670022829,12.2612166133739,-42.0128631390531));
#7563=CARTESIAN_POINT('',(147.867305029131,12.2608683789926,-41.5293258597472));
#7564=CARTESIAN_POINT('',(147.519840698625,12.2608621198654,-41.0422607147314));
#7565=CARTESIAN_POINT('',(148.143164705917,12.2760887892476,-41.9627249211697));
#7566=CARTESIAN_POINT('',(147.941933851176,12.3937382473589,-42.0330591366928));
#7567=CARTESIAN_POINT('',(147.578375320413,12.6063661500166,-42.1601915485479));
#7568=CARTESIAN_POINT('',(147.150809505873,12.8562274049961,-42.3089313298734));
#7569=CARTESIAN_POINT('',(146.888292127223,13.0091865826453,-42.3988526999843));
#7570=CARTESIAN_POINT('',(146.761652103869,13.0826793977779,-42.4413379913399));
#7571=CARTESIAN_POINT('',(146.694061086842,13.1217015942376,-42.4634031954849));
#7572=CARTESIAN_POINT('',(146.678116329982,13.1309176030543,-42.4686404241772));
#7573=CARTESIAN_POINT('',(146.56438061328,13.1961104487902,-42.5043568410291));
#7574=CARTESIAN_POINT('',(146.446191400158,13.2635790996447,-42.5406394446559));
#7575=CARTESIAN_POINT('',(146.222199219282,13.3908677053629,-42.6076681700738));
#7576=CARTESIAN_POINT('',(145.780041481794,13.6395308733797,-42.7321898774441));
#7577=CARTESIAN_POINT('',(145.387682990463,13.8558576821854,-42.8297962156615));
#7578=CARTESIAN_POINT('',(145.122625334742,14.,-42.8898229063574));
#7579=CARTESIAN_POINT('',(145.122623594576,14.,-42.8898200345658));
#7580=CARTESIAN_POINT('',(154.263172452578,14.,-59.1477485142696));
#7581=CARTESIAN_POINT('',(153.897991846799,14.,-58.3086325473984));
#7582=CARTESIAN_POINT('',(153.379002125019,14.,-57.1449667847371));
#7583=CARTESIAN_POINT('',(152.831969290988,14.,-55.9700530504063));
#7584=CARTESIAN_POINT('',(152.526837038421,14.,-55.3320933014157));
#7585=CARTESIAN_POINT('',(152.327136553649,14.,-54.9219766624178));
#7586=CARTESIAN_POINT('',(152.052594613977,14.,-54.3689440300967));
#7587=CARTESIAN_POINT('',(151.706544557025,14.,-53.6842324237793));
#7588=CARTESIAN_POINT('',(151.078013964707,14.,-52.4707062096786));
#7589=CARTESIAN_POINT('',(150.14140279778,14.,-50.7509349487665));
#7590=CARTESIAN_POINT('',(148.999172002026,14.,-48.7842816502847));
#7591=CARTESIAN_POINT('',(147.368842227146,14.,-46.1455103576752));
#7592=CARTESIAN_POINT('',(146.048652270365,14.,-44.1888556513506));
#7593=CARTESIAN_POINT('',(145.122625334736,14.,-42.8898229063492));
#7594=CARTESIAN_POINT('',(152.23153913787,12.2841432311126,-21.3202333241126));
#7595=CARTESIAN_POINT('',(151.392665387141,12.2841432311071,-22.7710276669492));
#7596=CARTESIAN_POINT('',(150.553791636407,12.2841432311132,-24.2218220097796));
#7597=CARTESIAN_POINT('',(149.160087843852,12.2841432311278,-26.6321699030679));
#7598=CARTESIAN_POINT('',(148.611949972824,12.2841432311144,-27.5801496457872));
#7599=CARTESIAN_POINT('',(147.983258667968,12.284143231123,-28.6674429216478));
#7600=CARTESIAN_POINT('',(147.904339414989,12.2825039694446,-28.8053305054021));
#7601=CARTESIAN_POINT('',(147.788714423276,12.2874226338782,-29.0007592959815));
#7602=CARTESIAN_POINT('',(147.731729786949,12.2898460003358,-29.1000707540309));
#7603=CARTESIAN_POINT('',(147.559231890686,12.2971803103918,-29.41107797136));
#7604=CARTESIAN_POINT('',(147.44336654364,12.3021045918923,-29.6343638012516));
#7605=CARTESIAN_POINT('',(147.112987413699,12.3161513766672,-30.3241003477593));
#7606=CARTESIAN_POINT('',(146.916984251859,12.3244955112941,-30.8073648600218));
#7607=CARTESIAN_POINT('',(146.102037501049,12.3593883492885,-33.2484183506259));
#7608=CARTESIAN_POINT('',(145.953526021843,12.3658878650871,-35.3491075566485));
#7609=CARTESIAN_POINT('',(146.505383591188,12.3426071184246,-38.3770487899531));
#7610=CARTESIAN_POINT('',(146.815837783246,12.3293170003533,-39.3620698588889));
#7611=CARTESIAN_POINT('',(147.356288958844,12.3064941241532,-40.5380937418885));
#7612=CARTESIAN_POINT('',(147.471629081779,12.3016300960894,-40.7699325227149));
#7613=CARTESIAN_POINT('',(147.720157278516,12.2911552097104,-41.2322096661799));
#7614=CARTESIAN_POINT('',(147.852023572146,12.2855998958736,-41.4584407471684));
#7615=CARTESIAN_POINT('',(148.027044824084,12.2782256567243,-41.7419894122362));
#7616=CARTESIAN_POINT('',(148.083208411626,12.2758592019009,-41.8303631447438));
#7617=CARTESIAN_POINT('',(148.170173496248,12.27219457573,-41.9633482594153));
#7618=CARTESIAN_POINT('',(148.201681680461,12.2719206082333,-42.012459135309));
#7619=CARTESIAN_POINT('',(148.234998236428,12.2719653805783,-42.0646867824308));
#7620=CARTESIAN_POINT('',(152.209957976897,12.2980521822231,-21.3077547329598));
#7621=CARTESIAN_POINT('',(151.371084226168,12.2980521822176,-22.7585490757964));
#7622=CARTESIAN_POINT('',(150.532210475434,12.2980521822237,-24.2093434186268));
#7623=CARTESIAN_POINT('',(149.138506682878,12.2980521822382,-26.6196913119151));
#7624=CARTESIAN_POINT('',(148.590368811851,12.2980521822249,-27.5676710546344));
#7625=CARTESIAN_POINT('',(147.961677506994,12.2980521822334,-28.654964330495));
#7626=CARTESIAN_POINT('',(147.88285137828,12.2964262086167,-28.7927326600287));
#7627=CARTESIAN_POINT('',(147.766946970247,12.3013050017368,-28.9885185371642));
#7628=CARTESIAN_POINT('',(147.709824611414,12.3037087240806,-29.0880124897774));
#7629=CARTESIAN_POINT('',(147.536909688252,12.3109835812954,-29.3995946091969));
#7630=CARTESIAN_POINT('',(147.42076405177,12.3158679459498,-29.6232977252141));
#7631=CARTESIAN_POINT('',(147.089584367886,12.3298008657178,-30.3143386333684));
#7632=CARTESIAN_POINT('',(146.893104217831,12.3380773617384,-30.7985367121271));
#7633=CARTESIAN_POINT('',(146.076158804123,12.3726873539927,-33.2444077049292));
#7634=CARTESIAN_POINT('',(145.927271908075,12.3791341838975,-35.3495082472948));
#7635=CARTESIAN_POINT('',(146.48048577666,12.3560421539,-38.3835751060289));
#7636=CARTESIAN_POINT('',(146.791710019724,12.3428597671999,-39.3705755593054));
#7637=CARTESIAN_POINT('',(147.333469971061,12.3202218961093,-40.5488370386795));
#7638=CARTESIAN_POINT('',(147.449088548823,12.3153972964697,-40.7811114671173));
#7639=CARTESIAN_POINT('',(147.698215387839,12.3050073208391,-41.2442458021094));
#7640=CARTESIAN_POINT('',(147.830398647959,12.2994970390761,-41.470890031839));
#7641=CARTESIAN_POINT('',(148.005840227572,12.2921825764382,-41.7549503282925));
#7642=CARTESIAN_POINT('',(148.062138636546,12.2898353043957,-41.8434824949652));
#7643=CARTESIAN_POINT('',(148.14931241946,12.2862003841462,-41.9767044300794));
#7644=CARTESIAN_POINT('',(148.180836205689,12.2859286374645,-42.025832982445));
#7645=CARTESIAN_POINT('',(148.214150211594,12.2859730468792,-42.0780577044364));
#7646=CARTESIAN_POINT('',(149.56921177452,14.,-19.7808307533777));
#7647=CARTESIAN_POINT('',(148.730338023796,14.,-21.2316250962161));
#7648=CARTESIAN_POINT('',(147.891464273066,14.,-22.6824194390392));
#7649=CARTESIAN_POINT('',(146.497760480487,14.,-25.0927673323283));
#7650=CARTESIAN_POINT('',(145.949622609494,14.,-26.0407470750546));
#7651=CARTESIAN_POINT('',(145.320931304609,14.,-27.128040350907));
#7652=CARTESIAN_POINT('',(145.253500186039,14.,-27.2512163176698));
#7653=CARTESIAN_POINT('',(145.103405421646,14.,-27.4906965524884));
#7654=CARTESIAN_POINT('',(145.029430856131,14.,-27.6125211770673));
#7655=CARTESIAN_POINT('',(144.805487065654,14.,-27.9944503234099));
#7656=CARTESIAN_POINT('',(144.655044235268,14.,-28.2692140266153));
#7657=CARTESIAN_POINT('',(144.225905975886,14.,-29.1198611797249));
#7658=CARTESIAN_POINT('',(143.971059882465,14.,-29.7182937142958));
#7659=CARTESIAN_POINT('',(142.909551098817,14.,-32.7536510952378));
#7660=CARTESIAN_POINT('',(142.714726887227,14.,-35.3985381536994));
#7661=CARTESIAN_POINT('',(143.433902265992,14.,-39.1821579261932));
#7662=CARTESIAN_POINT('',(143.839352638708,14.,-40.4113627579551));
#7663=CARTESIAN_POINT('',(144.541258958719,14.,-41.8634243417743));
#7664=CARTESIAN_POINT('',(144.690950241228,14.,-42.1490061329042));
#7665=CARTESIAN_POINT('',(145.013329039563,14.,-42.7170294158391));
#7666=CARTESIAN_POINT('',(145.184297426075,14.,-42.994227967943));
#7667=CARTESIAN_POINT('',(145.411171767425,14.,-43.3408932669824));
#7668=CARTESIAN_POINT('',(145.483967397498,14.,-43.4488119912381));
#7669=CARTESIAN_POINT('',(145.596678231981,14.,-43.6110121025196));
#7670=CARTESIAN_POINT('',(145.630111135463,14.,-43.6623036097021));
#7671=CARTESIAN_POINT('',(145.663113106809,14.,-43.7141704025256));
#7672=CARTESIAN_POINT('',(145.122623573396,14.,-42.8898200476156));
#7673=CARTESIAN_POINT('',(144.532675098084,14.,-41.9323007099217));
#7674=CARTESIAN_POINT('',(143.591626688208,14.,-39.9459535375195));
#7675=CARTESIAN_POINT('',(142.893096408369,14.,-36.7009601080647));
#7676=CARTESIAN_POINT('',(142.913948005824,14.,-33.904439640663));
#7677=CARTESIAN_POINT('',(143.301976653321,14.,-31.7636127311021));
#7678=CARTESIAN_POINT('',(143.69961512566,14.,-30.4406277185208));
#7679=CARTESIAN_POINT('',(144.106665210558,14.,-29.4069605124754));
#7680=CARTESIAN_POINT('',(144.390821332135,14.,-28.7879881912429));
#7681=CARTESIAN_POINT('',(144.643230198348,14.,-28.2950974028257));
#7682=CARTESIAN_POINT('',(144.794794585144,14.,-28.0176180017759));
#7683=CARTESIAN_POINT('',(144.929029915435,14.,-27.783085887897));
#7684=CARTESIAN_POINT('',(144.999767762334,14.,-27.6634803367713));
#7685=CARTESIAN_POINT('',(145.116794828159,14.,-27.4675072348536));
#7686=CARTESIAN_POINT('',(145.206716579831,14.,-27.3167124459065));
#7687=CARTESIAN_POINT('',(145.300129451117,14.,-27.1599617980051));
#7688=CARTESIAN_POINT('',(145.356648049234,14.,-27.0649862650501));
#7689=CARTESIAN_POINT('',(145.388214086717,14.,-27.0115267796206));
#7690=CARTESIAN_POINT('',(145.386931788317,14.,-27.0139358893508));
#7691=CARTESIAN_POINT('',(145.443613114396,14.,-26.9158571213172));
#7692=CARTESIAN_POINT('',(145.498969985116,14.,-26.8201365012896));
#7693=CARTESIAN_POINT('',(145.605263245744,14.,-26.6362967462339));
#7694=CARTESIAN_POINT('',(145.752197095829,14.,-26.3821870382953));
#7695=CARTESIAN_POINT('',(145.990033990706,14.,-25.9708565844858));
#7696=CARTESIAN_POINT('',(146.286414259137,14.,-25.4582813712541));
#7697=CARTESIAN_POINT('',(146.760998660203,14.,-24.6375086065053));
#7698=CARTESIAN_POINT('',(147.35507277537,14.,-23.6100844112842));
#7699=CARTESIAN_POINT('',(148.305826899988,14.,-21.9657979198793));
#7700=CARTESIAN_POINT('',(149.018839496873,14.,-20.7326748016122));
#7701=CARTESIAN_POINT('',(149.494193005147,14.,-19.9105723338148));
#7702=CARTESIAN_POINT('',(149.501096002989,13.994838369288,-19.9170442085402));
#7703=CARTESIAN_POINT('',(149.498241770705,14.,-19.9035701762728));
#7704=CARTESIAN_POINT('',(150.096372642639,13.4326840607559,-20.9004549633511));
#7705=CARTESIAN_POINT('',(150.694503514571,12.8653681215103,-21.8973397504276));
#7706=CARTESIAN_POINT('',(151.292634386501,12.2980521822663,-22.894224537505));
#7707=CARTESIAN_POINT('',(148.499688802909,12.0000000000001,-17.2949901132808));
#7708=CARTESIAN_POINT('',(151.398561460178,11.9049596001798,-22.1264445443739));
#7709=CARTESIAN_POINT('',(150.838002023544,12.4366397360802,-21.1921788162039));
#7710=CARTESIAN_POINT('',(150.27744258691,12.9683198719806,-20.2579130880339));
#7711=CARTESIAN_POINT('',(149.716883150276,13.500000007881,-19.323647359864));
#7712=CARTESIAN_POINT('',(151.39856146017,11.9049596001686,-22.1264445443601));
#7713=CARTESIAN_POINT('',(149.716883150276,13.500000007881,-19.323647359864));
#7714=CARTESIAN_POINT('',(148.652309871827,13.5,-17.5493585615995));
#7715=CARTESIAN_POINT('',(148.652307306131,13.5,-17.5493542854396));
#7716=CARTESIAN_POINT('',(148.652307306131,12.0000000000001,-17.5493542854396));
#7717=CARTESIAN_POINT('',(148.652309871827,11.1461366814406,-17.5493585615995));
#7718=CARTESIAN_POINT('',(148.499688802909,11.1461366814406,-17.2949901132809));
#7719=CARTESIAN_POINT('',(148.310555340978,11.5542491991768,-16.979767676579));
#7720=CARTESIAN_POINT('',(153.401453966602,6.00000000054258,-25.4645987233438));
#7721=CARTESIAN_POINT('',(153.385744617093,6.13852781593804,-25.4384164741509));
#7722=CARTESIAN_POINT('',(153.370035267585,6.2770556313335,-25.412234224958));
#7723=CARTESIAN_POINT('',(153.354325918077,6.41558344672895,-25.3860519757651));
#7724=CARTESIAN_POINT('',(153.354325918077,6.41558344672895,-25.3860519757651));
#7725=CARTESIAN_POINT('',(153.354325918077,6.41558344672879,-25.3860519757659));
#7726=CARTESIAN_POINT('',(153.262536178582,6.72932787852507,-25.233069076534));
#7727=CARTESIAN_POINT('',(153.163842002526,7.03531231783574,-25.0685787830282));
#7728=CARTESIAN_POINT('',(153.058243389909,7.33353676466077,-24.8925810952487));
#7729=CARTESIAN_POINT('',(153.058243389909,7.33353676466077,-24.8925810952487));
#7730=CARTESIAN_POINT('',(153.058243389892,7.33353676469074,-24.8925810952213));
#7731=CARTESIAN_POINT('',(152.505016079985,8.85734437651668,-23.9705355782676));
#7732=CARTESIAN_POINT('',(151.951788770077,10.3811519883426,-23.0484900613138));
#7733=CARTESIAN_POINT('',(151.39856146017,11.9049596001686,-22.1264445443601));
#7734=CARTESIAN_POINT('',(137.181714273354,11.1461366814406,-24.0857748277651));
#7735=CARTESIAN_POINT('',(147.79481438031,11.1461366814406,-18.0638500406861));
#7736=CARTESIAN_POINT('',(148.560951081467,11.1461366814406,-17.4211723958745));
#7737=CARTESIAN_POINT('',(146.358245683154,11.1461366814406,-26.3496711304872));
#7738=CARTESIAN_POINT('',(147.72378373394,12.2,-17.0538158268225));
#7739=CARTESIAN_POINT('',(142.829846348006,11.9999999999997,-37.60472614433));
#7740=CARTESIAN_POINT('',(144.752694136887,10.0004756395327,-36.9459864893299));
#7741=CARTESIAN_POINT('',(146.674871780496,8.00985283061587,-36.2581976971752));
#7742=CARTESIAN_POINT('',(148.598497138947,5.99999999998323,-35.6331637556256));
#7743=CARTESIAN_POINT('',(147.79481438031,11.8362791327639,-18.0638500406861));
#7744=CARTESIAN_POINT('',(147.188182607761,11.9999999999998,-52.8361942293624));
#7745=CARTESIAN_POINT('',(146.586133960583,11.9999999999998,-50.9422806489563));
#7746=CARTESIAN_POINT('',(145.984085313406,11.9999999999998,-49.0483670685501));
#7747=CARTESIAN_POINT('',(145.382036666228,11.9999999999998,-47.154453488144));
#7748=CARTESIAN_POINT('',(145.233058843249,11.9999999999998,-46.6858017879157));
#7749=CARTESIAN_POINT('',(145.084081020215,11.9999999999998,-46.2171500877006));
#7750=CARTESIAN_POINT('',(144.860614285721,11.9999999999998,-45.5141725373667));
#7751=CARTESIAN_POINT('',(144.786125374212,11.9999999999998,-45.2798466872563));
#7752=CARTESIAN_POINT('',(144.674392006965,11.9999999999998,-44.9283579120894));
#7753=CARTESIAN_POINT('',(144.637147551215,11.9999999999998,-44.8111949870342));
#7754=CARTESIAN_POINT('',(144.581280867586,11.9999999999998,-44.6354505994507));
#7755=CARTESIAN_POINT('',(144.56265863971,11.9999999999998,-44.5768691369231));
#7756=CARTESIAN_POINT('',(144.525414183961,11.9999999999998,-44.4597062118675));
#7757=CARTESIAN_POINT('',(144.506665607613,11.9999999999998,-44.4026690828096));
#7758=CARTESIAN_POINT('',(144.467004587655,11.9999999999998,-44.2737403445173));
#7759=CARTESIAN_POINT('',(144.446303382423,11.9999999999997,-44.2016631246299));
#7760=CARTESIAN_POINT('',(144.404959683537,11.9999999999999,-44.0615414683855));
#7761=CARTESIAN_POINT('',(144.384460936744,11.9999999999999,-43.9917285812411));
#7762=CARTESIAN_POINT('',(144.323473965335,11.9999999999996,-43.7829902947065));
#7763=CARTESIAN_POINT('',(144.283495022966,11.9999999999998,-43.6447650554436));
#7764=CARTESIAN_POINT('',(144.165514640057,11.9999999999998,-43.2325502011834));
#7765=CARTESIAN_POINT('',(144.089470020534,11.9999999999998,-42.9610177695939));
#7766=CARTESIAN_POINT('',(143.868507650758,11.9999999999998,-42.1536613780255));
#7767=CARTESIAN_POINT('',(143.730773057903,11.9999999999998,-41.6250246150988));
#7768=CARTESIAN_POINT('',(143.340739846774,11.9999999999998,-40.0492352105288));
#7769=CARTESIAN_POINT('',(143.111818696695,11.9999999999998,-39.0122908805926));
#7770=CARTESIAN_POINT('',(142.651697095079,11.9999999999998,-36.7278837126892));
#7771=CARTESIAN_POINT('',(142.437025204546,11.9999999999998,-35.3759800309973));
#7772=CARTESIAN_POINT('',(142.347478123374,11.9999999999998,-33.922708933786));
#7773=CARTESIAN_POINT('',(153.415956382989,6.17787337491511,-53.3440627542366));
#7774=CARTESIAN_POINT('',(152.813907735811,6.17787337491511,-51.4501491738303));
#7775=CARTESIAN_POINT('',(152.211859088634,6.17787337491511,-49.556235593424));
#7776=CARTESIAN_POINT('',(151.609810441456,6.17787337491511,-47.6623220130178));
#7777=CARTESIAN_POINT('',(151.460832618476,6.17787337491511,-47.1936703127895));
#7778=CARTESIAN_POINT('',(151.311854795443,6.17787337491511,-46.7250186125743));
#7779=CARTESIAN_POINT('',(151.088388060949,6.17787337491511,-46.0220410622405));
#7780=CARTESIAN_POINT('',(151.01389914944,6.17787337491511,-45.7877152121301));
#7781=CARTESIAN_POINT('',(150.902165782193,6.17787337491511,-45.4362264369632));
#7782=CARTESIAN_POINT('',(150.864921326442,6.17787337491511,-45.3190635119079));
#7783=CARTESIAN_POINT('',(150.809054642814,6.17787337491511,-45.1433191243245));
#7784=CARTESIAN_POINT('',(150.790432414938,6.17787337491511,-45.0847376617969));
#7785=CARTESIAN_POINT('',(150.753187959189,6.17787337491511,-44.9675747367412));
#7786=CARTESIAN_POINT('',(150.734565383704,6.17787337491511,-44.9089925901417));
#7787=CARTESIAN_POINT('',(150.694634178013,6.17787337491511,-44.7833768585046));
#7788=CARTESIAN_POINT('',(150.673491942159,6.17787337491511,-44.7166707403297));
#7789=CARTESIAN_POINT('',(150.631536702034,6.17787337491511,-44.5838908106923));
#7790=CARTESIAN_POINT('',(150.610723300133,6.17787337491523,-44.517816217011));
#7791=CARTESIAN_POINT('',(150.548764747305,6.17787337491488,-44.3204934582233));
#7792=CARTESIAN_POINT('',(150.508101249812,6.17787337491511,-44.190146317476));
#7793=CARTESIAN_POINT('',(150.387949360912,6.17787337491511,-43.802348273736));
#7794=CARTESIAN_POINT('',(150.310299574143,6.17787337491512,-43.5481407535909));
#7795=CARTESIAN_POINT('',(150.084000561147,6.17787337491512,-42.7956060106323));
#7796=CARTESIAN_POINT('',(149.942001684468,6.17787337491511,-42.3073666146714));
#7797=CARTESIAN_POINT('',(149.536973901149,6.17787337491511,-40.8599141010139));
#7798=CARTESIAN_POINT('',(149.294913845126,6.17787337491511,-39.917966676027));
#7799=CARTESIAN_POINT('',(148.804732020433,6.17787337491511,-37.8203153322756));
#7800=CARTESIAN_POINT('',(148.560468732995,6.17787337491511,-36.6531177774419));
#7801=CARTESIAN_POINT('',(148.398607749928,6.17787337491511,-35.4805704043782));
#7802=CARTESIAN_POINT('',(153.606222794378,6.00000000000008,-53.3595787837477));
#7803=CARTESIAN_POINT('',(153.0041741472,6.00000000000009,-51.4656652033414));
#7804=CARTESIAN_POINT('',(152.402125500023,6.00000000000009,-49.5717516229352));
#7805=CARTESIAN_POINT('',(151.800076852845,6.00000000000009,-47.6778380425289));
#7806=CARTESIAN_POINT('',(151.651099029865,6.00000000000009,-47.2091863423006));
#7807=CARTESIAN_POINT('',(151.502121206832,6.00000000000009,-46.7405346420855));
#7808=CARTESIAN_POINT('',(151.278654472338,6.00000000000009,-46.0375570917517));
#7809=CARTESIAN_POINT('',(151.204165560829,6.00000000000009,-45.8032312416412));
#7810=CARTESIAN_POINT('',(151.092432193582,6.00000000000009,-45.4517424664743));
#7811=CARTESIAN_POINT('',(151.055187737831,6.00000000000009,-45.3345795414191));
#7812=CARTESIAN_POINT('',(150.999321054203,6.00000000000009,-45.1588351538356));
#7813=CARTESIAN_POINT('',(150.980698826327,6.00000000000009,-45.100253691308));
#7814=CARTESIAN_POINT('',(150.943454370578,6.00000000000009,-44.9830907662524));
#7815=CARTESIAN_POINT('',(150.924835644579,6.00000000000009,-44.9244614174014));
#7816=CARTESIAN_POINT('',(150.88489618437,6.00000000000009,-44.7989469023323));
#7817=CARTESIAN_POINT('',(150.863740474471,6.00000000000009,-44.7324048781475));
#7818=CARTESIAN_POINT('',(150.821766550982,6.00000000000008,-44.5998492475976));
#7819=CARTESIAN_POINT('',(150.800943535968,6.00000000000021,-44.5338888635371));
#7820=CARTESIAN_POINT('',(150.738955300091,5.99999999999985,-44.3369148636442));
#7821=CARTESIAN_POINT('',(150.698270888568,6.00000000000009,-44.2068084088286));
#7822=CARTESIAN_POINT('',(150.578052657398,6.00000000000009,-43.8197563297113));
#7823=CARTESIAN_POINT('',(150.500353830727,6.00000000000009,-43.5660781076505));
#7824=CARTESIAN_POINT('',(150.273891776493,6.00000000000009,-42.8152182357973));
#7825=CARTESIAN_POINT('',(150.131762620518,6.00000000000009,-42.3282130307881));
#7826=CARTESIAN_POINT('',(149.726276733943,6.00000000000009,-40.8846813724094));
#7827=CARTESIAN_POINT('',(149.483815267629,6.00000000000009,-39.9456362237175));
#7828=CARTESIAN_POINT('',(148.992715064881,6.00000000000009,-37.8536905079722));
#7829=CARTESIAN_POINT('',(148.747547722623,6.00000000000009,-36.6921359602847));
#7830=CARTESIAN_POINT('',(148.583477457861,6.00000000000009,-35.5281650541116));
#7831=CARTESIAN_POINT('',(152.786110571145,6.00000000000009,-50.779684809532));
#7832=CARTESIAN_POINT('',(150.908452378863,7.99999999999998,-51.4284382850904));
#7833=CARTESIAN_POINT('',(149.030794186582,9.99999999999992,-52.0771917606511));
#7834=CARTESIAN_POINT('',(147.1531359943,11.9999999999998,-52.7259452362092));
#7835=CARTESIAN_POINT('',(159.909573021845,12.261731057153,-88.8618861985298));
#7836=CARTESIAN_POINT('',(159.19287618971,12.261731057153,-85.1873929921547));
#7837=CARTESIAN_POINT('',(157.987422374318,12.261731057153,-81.6430403330865));
#7838=CARTESIAN_POINT('',(156.315214210801,12.261731057153,-78.2935217810022));
#7839=CARTESIAN_POINT('',(159.973905462598,12.1997337199534,-88.8788719455203));
#7840=CARTESIAN_POINT('',(159.25874435284,12.1997337199534,-85.1985622879247));
#7841=CARTESIAN_POINT('',(158.05402822462,12.1997337199534,-81.6482392548603));
#7842=CARTESIAN_POINT('',(156.381746248381,12.1997337199534,-78.2927053806981));
#7843=CARTESIAN_POINT('',(160.181162068861,11.9999999999998,-88.933594076919));
#7844=CARTESIAN_POINT('',(159.470948519062,11.9999999999998,-85.2345458493835));
#7845=CARTESIAN_POINT('',(158.268608960704,11.9999999999998,-81.6649883610725));
#7846=CARTESIAN_POINT('',(156.596089185712,11.9999999999998,-78.2900752246773));
#7847=CARTESIAN_POINT('',(166.4071495379,6.00000000000009,-90.5774466445677));
#7848=CARTESIAN_POINT('',(165.845560665815,6.00000000000009,-86.3154918649226));
#7849=CARTESIAN_POINT('',(164.714613254836,6.00000000000009,-82.168131432239));
#7850=CARTESIAN_POINT('',(163.034950006428,6.00000000000009,-78.2110653502866));
#7851=CARTESIAN_POINT('',(157.089584558186,11.9999999999998,-79.3212005820202));
#7852=CARTESIAN_POINT('',(159.137314515197,10.0243367917937,-79.196698192298));
#7853=CARTESIAN_POINT('',(161.169152122084,8.02242486774902,-78.9551868785397));
#7854=CARTESIAN_POINT('',(163.034950006426,6.00000000000193,-78.2110653502867));
#7855=CARTESIAN_POINT('',(160.181162125304,11.9999999456057,-88.9335940918216));
#7856=CARTESIAN_POINT('',(162.256491262836,9.99999996373714,-89.481544942737));
#7857=CARTESIAN_POINT('',(164.331820400368,7.99999998186861,-90.0294957936523));
#7858=CARTESIAN_POINT('',(166.4071495379,6.00000000000009,-90.5774466445677));
#7859=CARTESIAN_POINT('',(160.420076835894,12.2000000000044,-104.547253929008));
#7860=CARTESIAN_POINT('',(160.422446792789,12.2000000000044,-104.495486417242));
#7861=CARTESIAN_POINT('',(160.424816749685,12.2000000000044,-104.443718905476));
#7862=CARTESIAN_POINT('',(160.42718670658,12.2000000000044,-104.39195139371));
#7863=CARTESIAN_POINT('',(160.43973678292,12.2000000000044,-104.117817199212));
#7864=CARTESIAN_POINT('',(160.45228685926,12.2000000000044,-103.843683004713));
#7865=CARTESIAN_POINT('',(160.464836935599,12.2000000000044,-103.569548810215));
#7866=CARTESIAN_POINT('',(160.539837263906,12.2000000000044,-101.931299445749));
#7867=CARTESIAN_POINT('',(160.614837592212,12.2000000000044,-100.293050081283));
#7868=CARTESIAN_POINT('',(160.689837920518,12.2000000000044,-98.6548007168178));
#7869=CARTESIAN_POINT('',(160.839989227215,12.2000000000044,-95.375011303547));
#7870=CARTESIAN_POINT('',(160.600229852487,12.2000000000044,-92.1005526532451));
#7871=CARTESIAN_POINT('',(159.973941891597,12.2000000000044,-88.8776149559959));
#7872=CARTESIAN_POINT('',(160.542019586887,12.0599999999998,-104.637614257703));
#7873=CARTESIAN_POINT('',(160.544479173474,12.0599999999998,-104.585681109724));
#7874=CARTESIAN_POINT('',(160.546938760062,12.0599999999998,-104.533747961745));
#7875=CARTESIAN_POINT('',(160.54939834665,12.0599999999998,-104.481814813766));
#7876=CARTESIAN_POINT('',(160.562423055874,12.0599999999998,-104.206803494826));
#7877=CARTESIAN_POINT('',(160.575447765098,12.0599999999998,-103.931792175887));
#7878=CARTESIAN_POINT('',(160.588472474322,12.0599999999998,-103.656780856947));
#7879=CARTESIAN_POINT('',(160.666309249291,12.0599999999998,-102.013289721892));
#7880=CARTESIAN_POINT('',(160.744146024261,12.0599999999998,-100.369798586836));
#7881=CARTESIAN_POINT('',(160.82198279923,12.0599999999998,-98.7263074517808));
#7882=CARTESIAN_POINT('',(160.977812696708,12.0599999999998,-95.436023968401));
#7883=CARTESIAN_POINT('',(160.74244768471,12.0599999999998,-92.1504720103463));
#7884=CARTESIAN_POINT('',(160.119207870712,12.0599999999998,-88.9159982521907));
#7885=CARTESIAN_POINT('',(160.594280765882,11.9999999999998,-104.676340112856));
#7886=CARTESIAN_POINT('',(160.596778765195,11.9999999999998,-104.624335977929));
#7887=CARTESIAN_POINT('',(160.599276764508,11.9999999999998,-104.572331843001));
#7888=CARTESIAN_POINT('',(160.60177476382,11.9999999999998,-104.520327708074));
#7889=CARTESIAN_POINT('',(160.615002887138,11.9999999999998,-104.24494047866));
#7890=CARTESIAN_POINT('',(160.628231010455,11.9999999999998,-103.969553249245));
#7891=CARTESIAN_POINT('',(160.641459133772,11.9999999999998,-103.694166019831));
#7892=CARTESIAN_POINT('',(160.72051152874,11.9999999999998,-102.048428411666));
#7893=CARTESIAN_POINT('',(160.799563923708,11.9999999999998,-100.402690803501));
#7894=CARTESIAN_POINT('',(160.878616318676,11.9999999999998,-98.7569531953354));
#7895=CARTESIAN_POINT('',(161.036879897918,11.9999999999998,-95.4621722533376));
#7896=CARTESIAN_POINT('',(160.803398184232,11.9999999999998,-92.1718660205318));
#7897=CARTESIAN_POINT('',(160.181464718902,11.9999999999998,-88.9324482362736));
#7898=CARTESIAN_POINT('',(165.820398665411,6.00000000000009,-108.548925628209));
#7899=CARTESIAN_POINT('',(165.826737937239,6.00000000000009,-108.48982279844));
#7900=CARTESIAN_POINT('',(165.833077209068,6.00000000000009,-108.43071996867));
#7901=CARTESIAN_POINT('',(165.839416480896,6.00000000000009,-108.3716171389));
#7902=CARTESIAN_POINT('',(165.872986013546,6.00000000000009,-108.058638862007));
#7903=CARTESIAN_POINT('',(165.906555546195,6.00000000000009,-107.745660585114));
#7904=CARTESIAN_POINT('',(165.940125078845,6.00000000000009,-107.432682308222));
#7905=CARTESIAN_POINT('',(166.140739473663,6.00000000000009,-105.562297389079));
#7906=CARTESIAN_POINT('',(166.341353868481,6.00000000000009,-103.691912469936));
#7907=CARTESIAN_POINT('',(166.5419682633,6.00000000000009,-101.821527550794));
#7908=CARTESIAN_POINT('',(166.943600018847,6.00000000000009,-98.0770007469964));
#7909=CARTESIAN_POINT('',(166.898448136454,6.00000000000009,-94.3112670390803));
#7910=CARTESIAN_POINT('',(166.4071495379,6.00000000000009,-90.5774466445677));
#7911=CARTESIAN_POINT('',(160.606244345091,12.0000000000051,-104.427278560094));
#7912=CARTESIAN_POINT('',(162.570852269564,9.85621460790051,-103.909418802168));
#7913=CARTESIAN_POINT('',(164.584729454722,7.82521706528647,-103.074942404719));
#7914=CARTESIAN_POINT('',(166.5419682633,6.00000000000009,-101.821527550794));
#7915=CARTESIAN_POINT('',(155.286545225489,6.00000000000009,-84.2459014860656));
#7916=CARTESIAN_POINT('',(155.286545225489,6.22063450914015,-84.2459014860656));
#7917=CARTESIAN_POINT('',(158.949883811269,8.00000000000009,-104.792607541615));
#7918=CARTESIAN_POINT('',(158.949883811269,9.49999999999974,-104.792607541615));
#7919=CARTESIAN_POINT('',(158.949883811269,10.1644637715251,-104.792607541615));
#7920=CARTESIAN_POINT('',(158.406149976165,11.4666044066436,-104.899610908749));
#7921=CARTESIAN_POINT('',(157.10323070608,11.9999999999998,-105.048019143233));
#7922=CARTESIAN_POINT('',(156.439967482301,11.9999999999997,-105.084730542054));
#7923=CARTESIAN_POINT('',(158.949883811269,9.49999999999974,-104.792607541615));
#7924=CARTESIAN_POINT('',(158.949883811269,6.00000000000009,-104.792607541615));
#7925=CARTESIAN_POINT('',(133.506419619549,9.49999999999988,-19.4955647205574));
#7926=CARTESIAN_POINT('',(156.202236352969,9.49999999999976,-94.538247625967));
#7927=CARTESIAN_POINT('',(156.202236352969,12.0000000000001,-94.538247625967));
#7928=CARTESIAN_POINT('',(156.202236352969,8.00000000000009,-94.538247625967));
#7929=CARTESIAN_POINT('',(156.202236352969,8.00000000000009,-94.538247625967));
#7930=CARTESIAN_POINT('',(154.779499297891,6.37940952254121,-82.9670398665566));
#7931=CARTESIAN_POINT('',(154.779499297891,51.4257255443649,-82.9670398665566));
#7932=CARTESIAN_POINT('',(171.644372545434,6.58551334697615,-101.195609019317));
#7933=CARTESIAN_POINT('',(171.701218444448,6.51321317069299,-101.143015813922));
#7934=CARTESIAN_POINT('',(171.830690130206,6.33579058527962,-101.022163574256));
#7935=CARTESIAN_POINT('',(172.020818290598,6.04831245481923,-100.840784433345));
#7936=CARTESIAN_POINT('',(172.207124701426,5.74946978107148,-100.658625274933));
#7937=CARTESIAN_POINT('',(172.3352644252,5.53596069462665,-100.53156305668));
#7938=CARTESIAN_POINT('',(172.56934835732,5.12459323241727,-100.295935312479));
#7939=CARTESIAN_POINT('',(172.876155529449,4.507779266902,-99.9756700459965));
#7940=CARTESIAN_POINT('',(173.279234196244,3.53281568396716,-99.5383337683061));
#7941=CARTESIAN_POINT('',(173.681730903749,2.14023575821291,-99.0761790537373));
#7942=CARTESIAN_POINT('',(173.813847106047,1.04973325001481,-98.916959876579));
#7943=CARTESIAN_POINT('',(173.839978096376,0.499896682196216,-98.8856714341626));
#7944=CARTESIAN_POINT('',(171.644425727546,6.58559292100109,-101.195559815519));
#7945=CARTESIAN_POINT('',(173.840250859064,0.499927540319582,-98.8853471385236));
#7946=CARTESIAN_POINT('',(154.779499297891,0.5,-82.9670398665566));
#7947=CARTESIAN_POINT('',(160.228285600362,13.5590939039937,-107.195440780415));
#7948=CARTESIAN_POINT('',(160.657426214016,13.3727292684768,-107.098930263447));
#7949=CARTESIAN_POINT('',(161.084002033206,13.1863646329599,-106.991015478833));
#7950=CARTESIAN_POINT('',(161.507411088299,12.999999997443,-106.871848712334));
#7951=CARTESIAN_POINT('',(161.507452397124,12.9999775831786,-106.871860373818));
#7952=CARTESIAN_POINT('',(154.779499297891,13.,-82.9670398665566));
#7953=CARTESIAN_POINT('',(164.425891311773,12.9998979085457,-105.850590203831));
#7954=CARTESIAN_POINT('',(164.425654355028,13.0000000548641,-105.850579269943));
#7955=CARTESIAN_POINT('',(165.447239168471,12.5268926054377,-105.419948092625));
#7956=CARTESIAN_POINT('',(166.44971148775,12.0675389102677,-104.916685921254));
#7957=CARTESIAN_POINT('',(167.422024278077,11.6219389693543,-104.341586531645));
#7958=CARTESIAN_POINT('',(167.422321671008,11.622502355746,-104.341654271818));
#7959=CARTESIAN_POINT('',(167.42240554436,11.6230657421378,-104.341361017313));
#7960=CARTESIAN_POINT('',(167.499136222762,11.5881395442283,-104.295974837961));
#7961=CARTESIAN_POINT('',(167.575622504193,11.5532133463189,-104.250175476802));
#7962=CARTESIAN_POINT('',(167.651859953159,11.5182871484094,-104.203965589772));
#7963=CARTESIAN_POINT('',(167.651661541069,11.5185533147094,-104.203948014568));
#7964=CARTESIAN_POINT('',(167.651902699612,11.5183345928683,-104.20393967976));
#7965=CARTESIAN_POINT('',(169.088206211088,9.740285156209,-103.333347532617));
#7966=CARTESIAN_POINT('',(170.426836417774,8.09606445692824,-102.322073343568));
#7967=CARTESIAN_POINT('',(171.644478909658,6.58567249502604,-101.195510611722));
#7968=CARTESIAN_POINT('',(147.17947678299,7.9999999999998,-57.3132456834471));
#7969=CARTESIAN_POINT('',(144.36921384604,7.99999999999981,-58.3632086471755));
#7970=CARTESIAN_POINT('',(147.17947678299,9.9999999999998,-57.3132456834471));
#7971=CARTESIAN_POINT('',(144.36921384604,7.99999999999981,-58.3632086471755));
#7972=CARTESIAN_POINT('',(145.069189155192,7.99999999999981,-60.2367172718093));
#7973=CARTESIAN_POINT('',(147.879452092142,7.99999999999979,-59.1867543080809));
#7974=CARTESIAN_POINT('',(147.879452092142,9.99999999999979,-59.1867543080809));
#7975=CARTESIAN_POINT('',(147.529464437566,9.99999999999979,-58.249999995764));
#7976=CARTESIAN_POINT('',(160.340118267935,9.99999999999972,-82.3469968925659));
#7977=CARTESIAN_POINT('',(164.060831673413,6.00000000000009,-80.9568738464146));
#7978=CARTESIAN_POINT('',(152.841439669317,6.00000000000012,-50.9277750939513));
#7979=CARTESIAN_POINT('',(156.341316215079,6.0000000000001,-60.2953182171202));
#7980=CARTESIAN_POINT('',(149.279402710447,9.99999999999978,-62.9337715573484));
#7981=CARTESIAN_POINT('',(154.334940579014,16.,-75.2878615687209));
#7982=CARTESIAN_POINT('',(155.406547309155,16.,-77.782348272107));
#7983=CARTESIAN_POINT('',(156.282838724391,15.9999999999953,-80.3607119146749));
#7984=CARTESIAN_POINT('',(157.623468490615,16.0000000000047,-85.6224563993709));
#7985=CARTESIAN_POINT('',(158.087793538048,16.0000000000047,-88.3057850374041));
#7986=CARTESIAN_POINT('',(158.593165711679,15.9999999999953,-93.7120642468595));
#7987=CARTESIAN_POINT('',(158.634207822233,15.9999999999953,-96.4349611812453));
#7988=CARTESIAN_POINT('',(158.313410873639,16.0000000000041,-101.515043067487));
#7989=CARTESIAN_POINT('',(158.001334122012,16.000000000001,-103.875322776472));
#7990=CARTESIAN_POINT('',(157.52999889021,16.0000000000002,-106.20336155945));
#7991=CARTESIAN_POINT('',(158.627032739821,14.,-75.2811351082003));
#7992=CARTESIAN_POINT('',(159.698639469962,14.,-77.7756218115865));
#7993=CARTESIAN_POINT('',(160.574930885199,13.9999999999953,-80.3539854541544));
#7994=CARTESIAN_POINT('',(161.915560651422,14.0000000000047,-85.6157299388504));
#7995=CARTESIAN_POINT('',(162.379885698855,14.0000000000047,-88.2990585768836));
#7996=CARTESIAN_POINT('',(162.885257872486,13.9999999999953,-93.705337786339));
#7997=CARTESIAN_POINT('',(162.926299983041,13.9999999999953,-96.4282347207247));
#7998=CARTESIAN_POINT('',(162.605503034446,14.0000000000041,-101.508316606967));
#7999=CARTESIAN_POINT('',(162.293426282819,14.0000000000011,-103.868596315952));
#8000=CARTESIAN_POINT('',(161.822091051017,14.0000000000002,-106.19663509893));
#8001=CARTESIAN_POINT('',(158.678759455259,13.9758967359041,-75.2810540433731));
#8002=CARTESIAN_POINT('',(159.7503661854,13.9758967359041,-77.7755407467593));
#8003=CARTESIAN_POINT('',(160.626657600637,13.9758967358994,-80.3539043893272));
#8004=CARTESIAN_POINT('',(161.96728736686,13.9758967359089,-85.6156488740232));
#8005=CARTESIAN_POINT('',(162.431612414293,13.9758967359089,-88.2989775120564));
#8006=CARTESIAN_POINT('',(162.936984587924,13.9758967358994,-93.7052567215118));
#8007=CARTESIAN_POINT('',(162.978026698479,13.9758967358994,-96.4281536558976));
#8008=CARTESIAN_POINT('',(162.657229749884,13.9758967359083,-101.50823554214));
#8009=CARTESIAN_POINT('',(162.345152998257,13.9758967359052,-103.868515251125));
#8010=CARTESIAN_POINT('',(161.873817766455,13.9758967359043,-106.196554034103));
#8011=CARTESIAN_POINT('',(161.913802348673,14.0000000206594,-105.73283877027));
#8012=CARTESIAN_POINT('',(161.342060098396,14.2505237809012,-105.910372503886));
#8013=CARTESIAN_POINT('',(160.765737507518,14.5047367629622,-106.065789032144));
#8014=CARTESIAN_POINT('',(160.185432685463,14.7626389668424,-106.199200029381));
#8015=CARTESIAN_POINT('',(161.91380239224,14.,-105.73283877868));
#8016=CARTESIAN_POINT('',(160.185432685463,14.7626389668424,-106.199200029381));
#8017=CARTESIAN_POINT('',(160.185432685456,14.7626389668502,-106.199200029331));
#8018=CARTESIAN_POINT('',(159.300288087353,15.1750926444227,-106.200587206022));
#8019=CARTESIAN_POINT('',(158.41514348925,15.5875463219952,-106.201974382713));
#8020=CARTESIAN_POINT('',(157.529998891147,15.9999999995678,-106.203361559404));
#8021=CARTESIAN_POINT('',(158.627032739821,14.,-75.2811351082003));
#8022=CARTESIAN_POINT('',(159.698639999785,14.,-77.775623044908));
#8023=CARTESIAN_POINT('',(160.574931494841,14.,-80.3539873689885));
#8024=CARTESIAN_POINT('',(161.915561158151,14.,-85.6157324055848));
#8025=CARTESIAN_POINT('',(162.37988602122,14.,-88.2990608980008));
#8026=CARTESIAN_POINT('',(162.885257924197,14.,-93.7053394669326));
#8027=CARTESIAN_POINT('',(162.926299948681,14.,-96.4282358896632));
#8028=CARTESIAN_POINT('',(162.584097514507,14.,-101.847289886299));
#8029=CARTESIAN_POINT('',(162.200856426896,14.,-104.543393672339));
#8030=CARTESIAN_POINT('',(161.597672384319,14.,-107.249192794569));
#8031=CARTESIAN_POINT('',(161.585114536132,14.,-107.305091372023));
#8032=CARTESIAN_POINT('',(161.57246455348,14.,-107.360969091342));
#8033=CARTESIAN_POINT('',(161.918952487085,14.,-105.706121031276));
#8034=CARTESIAN_POINT('',(161.918952487085,14.,-105.706121031276));
#8035=CARTESIAN_POINT('',(161.935572797698,13.9919656938046,-105.709323712323));
#8036=CARTESIAN_POINT('',(161.952196010365,13.9839312710657,-105.712510963823));
#8037=CARTESIAN_POINT('',(161.96882212793,13.9758967358925,-105.7156827813));
#8038=CARTESIAN_POINT('',(161.968822139062,13.9758967512016,-105.715682761726));
#8039=CARTESIAN_POINT('',(161.968822131941,13.9758967359045,-105.71568276035));
#8040=CARTESIAN_POINT('',(161.950483153893,13.9839311641562,-105.721401613438));
#8041=CARTESIAN_POINT('',(161.932143226122,13.9919655924078,-105.727120283518));
#8042=CARTESIAN_POINT('',(161.913802348673,14.0000000206594,-105.73283877027));
#8043=CARTESIAN_POINT('',(142.768521683526,16.,-19.9306388241445));
#8044=CARTESIAN_POINT('',(142.744219684426,16.,-19.9726680362691));
#8045=CARTESIAN_POINT('',(142.719917685325,16.,-20.0146972483938));
#8046=CARTESIAN_POINT('',(142.695615686224,16.,-20.0567264605185));
#8047=CARTESIAN_POINT('',(141.695848027428,16.,-21.7857795656788));
#8048=CARTESIAN_POINT('',(140.696080368584,15.9999999999965,-23.5148326708348));
#8049=CARTESIAN_POINT('',(139.196428880424,16.0000000000017,-26.1084123285906));
#8050=CARTESIAN_POINT('',(138.696545050977,16.,-26.9729388811632));
#8051=CARTESIAN_POINT('',(138.071690264261,16.,-28.0535970718952));
#8052=CARTESIAN_POINT('',(137.946719306909,16.,-28.26972871004));
#8053=CARTESIAN_POINT('',(137.696777392195,16.,-28.7019919863293));
#8054=CARTESIAN_POINT('',(137.569726631723,16.,-28.9169728409693));
#8055=CARTESIAN_POINT('',(137.21043930003,16.,-29.5741343007968));
#8056=CARTESIAN_POINT('',(136.997015294029,16.,-30.0264861562712));
#8057=CARTESIAN_POINT('',(136.439011494006,16.,-31.4165509610253));
#8058=CARTESIAN_POINT('',(136.177503175925,16.,-32.3875489387743));
#8059=CARTESIAN_POINT('',(135.890532469675,16.,-34.3640187065863));
#8060=CARTESIAN_POINT('',(135.86454044502,16.0000000000017,-35.3692988537282));
#8061=CARTESIAN_POINT('',(136.050655789638,15.9999999999983,-37.3577919445817));
#8062=CARTESIAN_POINT('',(136.261793247155,16.,-38.3410171076721));
#8063=CARTESIAN_POINT('',(136.910376093608,16.,-40.2299314860107));
#8064=CARTESIAN_POINT('',(137.347002679107,16.,-41.135784423111));
#8065=CARTESIAN_POINT('',(137.884264292991,16.,-41.9775919781714));
#8066=CARTESIAN_POINT('',(147.060613844334,14.,-19.9239123636239));
#8067=CARTESIAN_POINT('',(147.036311845233,14.,-19.9659415757486));
#8068=CARTESIAN_POINT('',(147.012009846132,14.,-20.0079707878733));
#8069=CARTESIAN_POINT('',(146.987707847031,14.,-20.0499999999979));
#8070=CARTESIAN_POINT('',(145.987940188236,14.,-21.7790531051582));
#8071=CARTESIAN_POINT('',(144.988172529391,13.9999999999966,-23.5081062103143));
#8072=CARTESIAN_POINT('',(143.488521041231,14.0000000000018,-26.1016858680701));
#8073=CARTESIAN_POINT('',(142.988637211784,14.,-26.9662124206427));
#8074=CARTESIAN_POINT('',(142.363782425068,14.,-28.0468706113746));
#8075=CARTESIAN_POINT('',(142.238811467717,14.,-28.2630022495194));
#8076=CARTESIAN_POINT('',(141.988869553002,14.,-28.6952655258088));
#8077=CARTESIAN_POINT('',(141.86181879253,14.,-28.9102463804488));
#8078=CARTESIAN_POINT('',(141.502531460837,14.,-29.5674078402762));
#8079=CARTESIAN_POINT('',(141.289107454836,14.,-30.0197596957507));
#8080=CARTESIAN_POINT('',(140.731103654813,14.,-31.4098245005048));
#8081=CARTESIAN_POINT('',(140.469595336732,14.,-32.3808224782538));
#8082=CARTESIAN_POINT('',(140.182624630482,14.,-34.3572922460657));
#8083=CARTESIAN_POINT('',(140.156632605827,14.0000000000009,-35.3625723932077));
#8084=CARTESIAN_POINT('',(140.342747950445,13.9999999999992,-37.3510654840612));
#8085=CARTESIAN_POINT('',(140.553885407962,14.,-38.3342906471516));
#8086=CARTESIAN_POINT('',(141.202468254415,14.,-40.2232050254902));
#8087=CARTESIAN_POINT('',(141.639094839914,14.,-41.1290579625904));
#8088=CARTESIAN_POINT('',(142.176356453798,14.,-41.9708655176509));
#8089=CARTESIAN_POINT('',(146.987707847031,14.,-20.0499999999979));
#8090=CARTESIAN_POINT('',(146.49311534128,14.,-20.905375446818));
#8091=CARTESIAN_POINT('',(145.504261218755,13.9999999999965,-22.6164795586726));
#8092=CARTESIAN_POINT('',(144.018994700995,14.0000000000007,-25.1810164171208));
#8093=CARTESIAN_POINT('',(142.540676852291,13.9999999999999,-27.7529708582948));
#8094=CARTESIAN_POINT('',(141.036549661275,14.0000000000001,-30.2973742778871));
#8095=CARTESIAN_POINT('',(140.227330615196,14.,-33.2307631591272));
#8096=CARTESIAN_POINT('',(140.118636919104,14.0000000000002,-36.2755178834481));
#8097=CARTESIAN_POINT('',(140.748382035322,14.,-39.2761214158299));
#8098=CARTESIAN_POINT('',(141.627025732582,14.,-41.1101474998427));
#8099=CARTESIAN_POINT('',(142.176356453798,14.,-41.9708655176509));
#8100=CARTESIAN_POINT('',(105.26006321334,4.49927123267501,-25.25));
#8101=CARTESIAN_POINT('',(96.8554238945631,1.65187062597912,-25.25));
#8102=CARTESIAN_POINT('',(97.2358631863697,2.40327627409744,-25.25));
#8103=CARTESIAN_POINT('',(97.6163024781764,3.15468192221576,-25.25));
#8104=CARTESIAN_POINT('',(97.996741769983,3.90608757033407,-25.25));
#8105=CARTESIAN_POINT('',(98.289387379065,4.48409191504047,-25.25));
#8106=CARTESIAN_POINT('',(98.582032988147,5.06209625974687,-25.25));
#8107=CARTESIAN_POINT('',(98.874678597229,5.64010060445326,-25.25));
#8108=CARTESIAN_POINT('',(99.0997906042152,6.08471933115049,-25.25));
#8109=CARTESIAN_POINT('',(99.3249026112014,6.52933805784772,-25.25));
#8110=CARTESIAN_POINT('',(99.5500146181875,6.97395678454495,-25.25));
#8111=CARTESIAN_POINT('',(99.7231777004846,7.31597118969666,-25.25));
#8112=CARTESIAN_POINT('',(99.8963407827816,7.65798559484838,-25.25));
#8113=CARTESIAN_POINT('',(100.069503865079,8.00000000000009,-25.25));
#8114=CARTESIAN_POINT('',(100.35810900224,8.57002400858628,-25.25));
#8115=CARTESIAN_POINT('',(101.077033438288,9.63824552909815,-25.25));
#8116=CARTESIAN_POINT('',(102.514944192589,10.9277934624767,-25.25));
#8117=CARTESIAN_POINT('',(104.224658297934,11.8263472381923,-25.25));
#8118=CARTESIAN_POINT('',(105.476422496727,12.1280688850647,-25.25));
#8119=CARTESIAN_POINT('',(106.111281701813,12.2,-25.25));
#8120=CARTESIAN_POINT('',(106.492197224865,12.2431586689612,-25.25));
#8121=CARTESIAN_POINT('',(106.873112747916,12.2863173379224,-25.25));
#8122=CARTESIAN_POINT('',(107.254028270967,12.3294760068836,-25.25));
#8123=CARTESIAN_POINT('',(107.749218450934,12.3855822765332,-25.25));
#8124=CARTESIAN_POINT('',(108.244408630901,12.4416885461828,-25.25));
#8125=CARTESIAN_POINT('',(108.739598810868,12.4977948158323,-25.25));
#8126=CARTESIAN_POINT('',(109.383346044825,12.5707329663767,-25.25));
#8127=CARTESIAN_POINT('',(110.027093278782,12.6436711169212,-25.25));
#8128=CARTESIAN_POINT('',(110.670840512739,12.7166092674656,-25.25));
#8129=CARTESIAN_POINT('',(111.507711916883,12.8114288631733,-25.25));
#8130=CARTESIAN_POINT('',(112.344583321027,12.9062484588811,-25.25));
#8131=CARTESIAN_POINT('',(113.181454725171,13.0010680545888,-25.25));
#8132=CARTESIAN_POINT('',(100.069503865079,8.00000000000009,-25.25));
#8133=CARTESIAN_POINT('',(100.35810900224,8.57002400858628,-25.25));
#8134=CARTESIAN_POINT('',(101.077033438288,9.63824552909815,-25.25));
#8135=CARTESIAN_POINT('',(102.514944192589,10.9277934624767,-25.25));
#8136=CARTESIAN_POINT('',(103.898727540251,11.6550517496529,-25.25));
#8137=CARTESIAN_POINT('',(104.769687969938,11.9312021322801,-25.25));
#8138=CARTESIAN_POINT('',(105.034410966119,12.0000000000033,-25.25));
#8139=CARTESIAN_POINT('',(98.3457737995518,8.00000000000009,-21.25));
#8140=CARTESIAN_POINT('',(98.6343789367135,8.57002400858628,-21.25));
#8141=CARTESIAN_POINT('',(99.3533033727609,9.63824552909815,-21.25));
#8142=CARTESIAN_POINT('',(100.791214127062,10.9277934624767,-21.25));
#8143=CARTESIAN_POINT('',(102.174997474724,11.6550517496529,-21.25));
#8144=CARTESIAN_POINT('',(103.045957904411,11.9312021322801,-21.25));
#8145=CARTESIAN_POINT('',(103.310680900593,12.0000000000033,-21.25));
#8146=CARTESIAN_POINT('',(145.975501020375,25.3372431142293,-19.5484328266942));
#8147=CARTESIAN_POINT('',(145.97164615365,13.6874384352568,-17.08867807125));
#8148=CARTESIAN_POINT('',(145.97319511876,13.6661927779992,-18.0770583623867));
#8149=CARTESIAN_POINT('',(145.97474207508,13.617756091319,-19.0641568626189));
#8150=CARTESIAN_POINT('',(145.976287064025,13.5426890017263,-20.0499999999994));
#8151=CARTESIAN_POINT('',(145.97164615365,13.6874384352568,-17.08867807125));
#8152=CARTESIAN_POINT('',(145.982709762293,20.7191965304854,-24.1482642803686));
#8153=CARTESIAN_POINT('',(145.972137930924,14.,-17.4024765953175));
#8154=CARTESIAN_POINT('',(145.971351242268,14.,-16.9004978502068));
#8155=CARTESIAN_POINT('',(141.889321563394,14.,-28.8674292871));
#8156=CARTESIAN_POINT('',(147.279464437567,14.,-58.4999999957639));
#8157=CARTESIAN_POINT('',(147.838392251684,14.,-17.5657526916403));
#8158=CARTESIAN_POINT('',(147.838392251684,14.,-17.5657526916403));
#8159=CARTESIAN_POINT('',(147.79481438031,14.,-18.0638500406861));
#8160=CARTESIAN_POINT('',(148.22356084322,14.,-17.8066021630629));
#8161=CARTESIAN_POINT('',(149.347555174609,14.,-19.6799260496064));
#8162=CARTESIAN_POINT('',(154.779499297891,14.,-82.9670398665566));
#8163=CARTESIAN_POINT('',(147.79481438031,12.0000000000001,-18.0638500406861));
#8164=CARTESIAN_POINT('',(147.79481438031,13.5,-18.0638500406861));
#8165=CARTESIAN_POINT('',(130.963587490289,12.0000000000001,-14.5836688194899));
#8166=CARTESIAN_POINT('',(130.963587490289,13.5,-14.5836688194899));
#8167=CARTESIAN_POINT('',(129.963587490289,13.5,-14.5836688194899));
#8168=CARTESIAN_POINT('',(129.963587490289,12.0000000000001,-14.5836688194899));
#8169=CARTESIAN_POINT('',(129.963587490289,12.0000000000001,-9.99999999999999));
#8170=CARTESIAN_POINT('',(129.963587490289,12.9156074204783,-9.98907380093047));
#8171=CARTESIAN_POINT('',(129.963587490289,13.5,-14.5836688194899));
#8172=CARTESIAN_POINT('',(129.963587490289,13.5,-14.8191618516466));
#8173=CARTESIAN_POINT('',(129.963587490289,13.5866077208686,-15.0418594262872));
#8174=CARTESIAN_POINT('',(129.963587490289,13.7000000000003,-15.2469937775615));
#8175=CARTESIAN_POINT('',(147.428218836467,13.5407679669804,-18.1634201570951));
#8176=CARTESIAN_POINT('',(146.429453066984,13.7,-17.4046076165801));
#8177=CARTESIAN_POINT('',(145.42267170535,13.7,-16.639705227945));
#8178=CARTESIAN_POINT('',(147.212309006908,13.540767966999,-18.4476054274774));
#8179=CARTESIAN_POINT('',(146.213543237434,13.7000000000119,-17.6887928869511));
#8180=CARTESIAN_POINT('',(145.206761875815,13.7,-16.9238904983046));
#8181=CARTESIAN_POINT('',(146.78221755255,13.5407624952286,-19.0143755463612));
#8182=CARTESIAN_POINT('',(145.782752635138,13.6999999999944,-18.2564550789197));
#8183=CARTESIAN_POINT('',(144.775266217531,13.7,-17.4924517362154));
#8184=CARTESIAN_POINT('',(146.126712183075,13.5407871180428,-19.8741318926188));
#8185=CARTESIAN_POINT('',(145.130393065918,13.700000000002,-19.1121975755078));
#8186=CARTESIAN_POINT('',(144.126078726157,13.7000000000002,-18.3441494102595));
#8187=CARTESIAN_POINT('',(145.513762862469,13.5408180493925,-20.6897147552305));
#8188=CARTESIAN_POINT('',(144.502592800752,13.6999999999986,-19.9476467341041));
#8189=CARTESIAN_POINT('',(143.483310198432,13.7000000000001,-19.1996250951617));
#8190=CARTESIAN_POINT('',(145.125516997296,13.5407889971722,-21.233427382111));
#8191=CARTESIAN_POINT('',(144.10161569537,13.7000000000024,-20.5089178410273));
#8192=CARTESIAN_POINT('',(143.069498235806,13.7000000000001,-19.7785944298047));
#8193=CARTESIAN_POINT('',(144.937904389115,13.5407777327718,-21.5045439193015));
#8194=CARTESIAN_POINT('',(143.906683528525,13.7000000000001,-20.7905286950208));
#8195=CARTESIAN_POINT('',(142.86718711918,13.7000000000001,-20.0707834976324));
#8196=CARTESIAN_POINT('',(145.128057325518,13.7000000000001,-17.0274831599929));
#8197=CARTESIAN_POINT('',(145.409012577339,13.7000000000001,-17.0520635594853));
#8198=CARTESIAN_POINT('',(145.690213384436,13.6957340961595,-17.072383243367));
#8199=CARTESIAN_POINT('',(145.971646153651,13.687438435257,-17.0886780712385));
#8200=CARTESIAN_POINT('',(152.841439669313,9.99999999999976,-50.927775093953));
#8201=CARTESIAN_POINT('',(112.963587489721,12.9156074204783,-9.98907380093047));
#8202=CARTESIAN_POINT('',(99.5610120456182,14.7108858371558,-11.4428615992824));
#8203=CARTESIAN_POINT('',(153.23439246907,6.93588211444564,-26.6003786323938));
#8204=CARTESIAN_POINT('',(153.275046230293,6.63791082772443,-26.6667325998618));
#8205=CARTESIAN_POINT('',(153.311041478298,6.33749222872577,-26.7254493770727));
#8206=CARTESIAN_POINT('',(153.34225683114,6.03516171397013,-26.7763506664255));
#8207=CARTESIAN_POINT('',(153.343610667874,6.02204937919214,-26.7785582991785));
#8208=CARTESIAN_POINT('',(153.344964504608,6.00893704441416,-26.7807659319316));
#8209=CARTESIAN_POINT('',(153.346318341341,5.99582470963618,-26.7829735646847));
#8210=CARTESIAN_POINT('',(153.266395865682,6.83805939095604,-26.1416053391043));
#8211=CARTESIAN_POINT('',(153.305496566012,6.54744593256442,-26.2058786695994));
#8212=CARTESIAN_POINT('',(153.340098376311,6.25453165872892,-26.2627348601209));
#8213=CARTESIAN_POINT('',(153.370095409619,5.9598244802254,-26.312012745182));
#8214=CARTESIAN_POINT('',(153.371396406785,5.94704277610554,-26.3141499694929));
#8215=CARTESIAN_POINT('',(153.372697403952,5.93426107198568,-26.3162871938038));
#8216=CARTESIAN_POINT('',(153.373998401118,5.92147936786582,-26.3184244181148));
#8217=CARTESIAN_POINT('',(153.32277095219,6.66574129091205,-25.3334603659276));
#8218=CARTESIAN_POINT('',(153.359135882212,6.38808890079757,-25.3940685826613));
#8219=CARTESIAN_POINT('',(153.39128310395,6.10839375446232,-25.4476472855822));
#8220=CARTESIAN_POINT('',(153.419134025395,5.82711534559534,-25.4940654880136));
#8221=CARTESIAN_POINT('',(153.420341943842,5.81491605877885,-25.4960786854263));
#8222=CARTESIAN_POINT('',(153.421549862289,5.80271677196236,-25.498091882839));
#8223=CARTESIAN_POINT('',(153.422757780736,5.79051748514587,-25.5001050802516));
#8224=CARTESIAN_POINT('',(153.390754454045,5.9999938265163,-25.7179785186731));
#8225=CARTESIAN_POINT('',(153.364417343251,6.14759307580552,-25.9496095023324));
#8226=CARTESIAN_POINT('',(153.336536724252,6.29804579850687,-26.1875073605621));
#8227=CARTESIAN_POINT('',(153.307094169402,6.45132926522813,-26.4316753076088));
#8228=CARTESIAN_POINT('',(153.272378403442,6.79507399875125,-26.1451120065489));
#8229=CARTESIAN_POINT('',(153.300639428349,6.66545639817111,-25.8934456330292));
#8230=CARTESIAN_POINT('',(153.327937760268,6.53894126244963,-25.6404016715361));
#8231=CARTESIAN_POINT('',(153.354325918077,6.41558344672857,-25.3860519757651));
#8232=CARTESIAN_POINT('',(152.963338519748,7.74614386868769,-25.6314142647739));
#8233=CARTESIAN_POINT('',(153.078726467868,7.43098225762435,-25.8205656997625));
#8234=CARTESIAN_POINT('',(153.185769184002,7.1098471972989,-25.9959935538377));
#8235=CARTESIAN_POINT('',(153.286892771012,6.77466135431235,-26.1616993909468));
#8236=CARTESIAN_POINT('',(152.96458033818,7.74074495600593,-25.621746724565));
#8237=CARTESIAN_POINT('',(153.079848751343,7.42578079873834,-25.8107403065412));
#8238=CARTESIAN_POINT('',(153.186779532175,7.10485302134581,-25.9860205511746));
#8239=CARTESIAN_POINT('',(153.287796907983,6.76988836552841,-26.1515864452777));
#8240=CARTESIAN_POINT('',(153.058243389909,7.33353676466077,-24.8925810952487));
#8241=CARTESIAN_POINT('',(153.164495985131,7.03346538447282,-25.0696687540377));
#8242=CARTESIAN_POINT('',(153.262984145279,6.72817173809619,-25.2338156876953));
#8243=CARTESIAN_POINT('',(153.355990635574,6.40988992795698,-25.3888265049289));
#8244=CARTESIAN_POINT('',(152.96458033818,7.74074495600593,-25.621746724565));
#8245=CARTESIAN_POINT('',(152.995801355423,7.60500889222421,-25.3786915147929));
#8246=CARTESIAN_POINT('',(153.027022372666,7.46927282844249,-25.1356363050208));
#8247=CARTESIAN_POINT('',(153.058243389909,7.33353676466077,-24.8925810952487));
#8248=CARTESIAN_POINT('',(153.058243389892,7.33353676469074,-24.8925810952213));
#8249=CARTESIAN_POINT('',(152.50169671614,8.86648722220708,-23.9650033051897));
#8250=CARTESIAN_POINT('',(151.945150042427,10.3994376797788,-23.037425515225));
#8251=CARTESIAN_POINT('',(151.38860336859,11.9323881371798,-22.1098477250529));
#8252=CARTESIAN_POINT('',(152.964580338182,7.74074495600593,-25.6217467245623));
#8253=CARTESIAN_POINT('',(152.408033664393,9.27369541350163,-24.6941689345181));
#8254=CARTESIAN_POINT('',(151.851486990467,10.8066458710516,-23.7665911446452));
#8255=CARTESIAN_POINT('',(151.294940316832,12.3395963284871,-22.8390133544091));
#8256=CARTESIAN_POINT('',(152.962446975397,7.75001993461503,-25.6383549258678));
#8257=CARTESIAN_POINT('',(152.405900301607,9.28297039211025,-24.7107771358234));
#8258=CARTESIAN_POINT('',(151.849353627676,10.8159208496597,-23.7831993459526));
#8259=CARTESIAN_POINT('',(151.292806954046,12.3488713070961,-22.855621555715));
#8260=CARTESIAN_POINT('',(151.309901298862,12.3008764266699,-22.8787119245386));
#8261=CARTESIAN_POINT('',(151.339454685965,12.1689041511723,-22.6279561311503));
#8262=CARTESIAN_POINT('',(151.369008073067,12.0369318756745,-22.3772003377622));
#8263=CARTESIAN_POINT('',(151.398561460168,11.9049596001766,-22.1264445443744));
#8264=CARTESIAN_POINT('',(149.428632751804,14.0660228518382,-19.7875551447116));
#8265=CARTESIAN_POINT('',(150.052864728278,13.4739505033626,-20.8279417727277));
#8266=CARTESIAN_POINT('',(150.677096704388,12.8818781549828,-21.8683284010156));
#8267=CARTESIAN_POINT('',(151.301328681245,12.2898058064009,-22.90871502874));
#8268=CARTESIAN_POINT('',(149.705780209983,13.5105309389801,-19.3051424593659));
#8269=CARTESIAN_POINT('',(150.330012186487,12.9184585905177,-20.34552908737));
#8270=CARTESIAN_POINT('',(150.954244163023,12.326386242184,-21.3859157154279));
#8271=CARTESIAN_POINT('',(151.578476139484,11.7343138935497,-22.4263023433605));
#8272=CARTESIAN_POINT('',(149.716883161206,13.4999999937513,-19.3236473659341));
#8273=CARTESIAN_POINT('',(149.648981808149,13.6619344566264,-19.5252224652768));
#8274=CARTESIAN_POINT('',(149.581080455092,13.8238689195016,-19.7267975646195));
#8275=CARTESIAN_POINT('',(149.513179102035,13.9858033823767,-19.9283726639621));
#8276=CARTESIAN_POINT('',(151.42662711807,14.,-23.145045957032));
#8277=CARTESIAN_POINT('',(148.652307306131,13.5,-17.5493542854396));
#8278=CARTESIAN_POINT('',(147.79481438031,14.,-18.0638500406861));
#8279=CARTESIAN_POINT('',(147.881970123057,13.5,-17.0676553425944));
#8280=CARTESIAN_POINT('',(142.915769211707,14.,-17.1350789808308));
#8281=CARTESIAN_POINT('',(130.876431747541,13.5,-15.5798635175817));
#8282=CARTESIAN_POINT('',(130.963587490289,14.,-14.5836688194899));
#8283=CARTESIAN_POINT('',(140.756364728133,15.,-107.25));
#8284=CARTESIAN_POINT('',(130.14683499815,15.0000000001789,-107.24387557165));
#8285=CARTESIAN_POINT('',(130.166173397497,15.3323732570362,-106.911513422647));
#8286=CARTESIAN_POINT('',(130.185511796844,15.6647465138934,-106.579151273643));
#8287=CARTESIAN_POINT('',(130.204850196191,15.9971197707507,-106.24678912464));
#8288=CARTESIAN_POINT('',(130.331435926068,16.0344978855298,-106.245395995714));
#8289=CARTESIAN_POINT('',(129.667024633892,15.8467595480219,-106.245281986937));
#8290=CARTESIAN_POINT('',(129.019042439741,15.6464852038782,-106.245411992651));
#8291=CARTESIAN_POINT('',(127.460219421814,15.0185386660093,-106.246329108358));
#8292=CARTESIAN_POINT('',(126.568222600438,14.5600555017146,-106.247263280604));
#8293=CARTESIAN_POINT('',(124.047965100817,12.958234726111,-106.251448408332));
#8294=CARTESIAN_POINT('',(122.574161870604,11.5859233290689,-106.256259970666));
#8295=CARTESIAN_POINT('',(120.208852147963,8.42139600113922,-106.268221721562));
#8296=CARTESIAN_POINT('',(119.31781760643,6.63044653683214,-106.275263859951));
#8297=CARTESIAN_POINT('',(118.297416556047,3.16385911601962,-106.284393943964));
#8298=CARTESIAN_POINT('',(118.068122230554,1.5180525940671,-106.286849703388));
#8299=CARTESIAN_POINT('',(118.080466046684,-0.12840836256603,-106.286773083365));
#8300=CARTESIAN_POINT('',(130.582811502765,15.1219553648622,-107.244127242436));
#8301=CARTESIAN_POINT('',(129.935218130235,14.9444017104849,-107.243753414453));
#8302=CARTESIAN_POINT('',(129.331382823408,14.7664748076353,-107.243404846132));
#8303=CARTESIAN_POINT('',(127.851918519926,14.1960550695204,-107.242550814607));
#8304=CARTESIAN_POINT('',(127.002411372915,13.7764235736864,-107.24206043043));
#8305=CARTESIAN_POINT('',(124.593060528493,12.3000101949655,-107.240669615139));
#8306=CARTESIAN_POINT('',(123.170507848284,11.0229487643681,-107.239848436262));
#8307=CARTESIAN_POINT('',(120.869374437303,8.04554724707885,-107.23852009027));
#8308=CARTESIAN_POINT('',(119.992013797874,6.34575869554491,-107.238013627462));
#8309=CARTESIAN_POINT('',(118.983913662891,3.03504403835159,-107.23743169433));
#8310=CARTESIAN_POINT('',(118.755984113027,1.45630744004039,-107.23730012034));
#8311=CARTESIAN_POINT('',(118.768065013127,-0.123137060437957,-107.237307094128));
#8312=CARTESIAN_POINT('',(174.513277712156,0.448223805464803,-97.1017083071198));
#8313=CARTESIAN_POINT('',(174.501018835841,0.806131964848945,-97.1162866138091));
#8314=CARTESIAN_POINT('',(174.474205414779,1.15966122318145,-97.148160408356));
#8315=CARTESIAN_POINT('',(174.341586626354,2.29343810185267,-97.3047442258795));
#8316=CARTESIAN_POINT('',(174.179859575277,3.04844669215982,-97.4947539549081));
#8317=CARTESIAN_POINT('',(173.54288251337,5.14905759691272,-98.2167555761678));
#8318=CARTESIAN_POINT('',(172.92064859468,6.34939243903255,-98.8904457290504));
#8319=CARTESIAN_POINT('',(172.090868719007,7.51110563774027,-99.6819053981864));
#8320=CARTESIAN_POINT('',(171.994077690452,7.64108931259132,-99.7692894645668));
#8321=CARTESIAN_POINT('',(171.912098741959,7.74777379581824,-99.8493439838907));
#8322=CARTESIAN_POINT('',(174.509246466861,0.447643857759345,-97.1124457085596));
#8323=CARTESIAN_POINT('',(174.497005880304,0.805088904141774,-97.1270028083302));
#8324=CARTESIAN_POINT('',(174.470232393451,1.1581652499693,-97.1588303224525));
#8325=CARTESIAN_POINT('',(174.337803411182,2.29053904275588,-97.315195161607));
#8326=CARTESIAN_POINT('',(174.17629912132,3.04469661112144,-97.5049494676202));
#8327=CARTESIAN_POINT('',(173.540055603073,5.14329112553842,-98.2261271380168));
#8328=CARTESIAN_POINT('',(172.918394672199,6.34290452583611,-98.8992104164574));
#8329=CARTESIAN_POINT('',(172.089144803864,7.50416150994905,-99.6901472316203));
#8330=CARTESIAN_POINT('',(171.992475192696,7.63405807067903,-99.7774382871403));
#8331=CARTESIAN_POINT('',(171.910480359385,7.74074809761336,-99.8574820033632));
#8332=CARTESIAN_POINT('',(173.846391082732,0.352283384506572,-98.8779905553899));
#8333=CARTESIAN_POINT('',(173.837157870771,0.633579021904003,-98.889060613514));
#8334=CARTESIAN_POINT('',(173.816950743256,0.912183220656762,-98.9132782636004));
#8335=CARTESIAN_POINT('',(173.715731479848,1.81384839486491,-99.0336366133541));
#8336=CARTESIAN_POINT('',(173.59085569064,2.42807290662142,-99.181391857392));
#8337=CARTESIAN_POINT('',(173.075228341471,4.19511349835486,-99.7670877533006));
#8338=CARTESIAN_POINT('',(172.547783473191,5.27610062780765,-100.340383010422));
#8339=CARTESIAN_POINT('',(171.805682411715,6.36234250408666,-101.045347242461));
#8340=CARTESIAN_POINT('',(171.72897739279,6.47791493915261,-101.117344574814));
#8341=CARTESIAN_POINT('',(171.644370627998,6.58551651476099,-101.195611943243));
#8342=CARTESIAN_POINT('',(174.507352186696,0.499902320410075,-97.1146983494251));
#8343=CARTESIAN_POINT('',(174.284829583625,0.509525846750084,-97.7050856173692));
#8344=CARTESIAN_POINT('',(174.062499039698,0.509479261331001,-98.2952566674665));
#8345=CARTESIAN_POINT('',(173.84052864038,0.499856645310341,-98.8850164362661));
#8346=CARTESIAN_POINT('',(171.644399321184,6.58564107719005,-101.195467659864));
#8347=CARTESIAN_POINT('',(171.73310019879,6.97070799940795,-100.749436244929));
#8348=CARTESIAN_POINT('',(171.821801076398,7.35577492162581,-100.303404829994));
#8349=CARTESIAN_POINT('',(171.910501954003,7.74084184384374,-99.8573734150598));
#8350=CARTESIAN_POINT('',(171.910228402378,7.74113744096397,-99.857591746123));
#8351=CARTESIAN_POINT('',(170.75817351346,9.23192336212298,-101.000169870346));
#8352=CARTESIAN_POINT('',(169.452081142291,10.8937791494763,-102.046792967805));
#8353=CARTESIAN_POINT('',(168.141010240629,12.5671987323929,-102.905173213678));
#8354=CARTESIAN_POINT('',(171.644494744068,6.58565285365603,-101.195495961714));
#8355=CARTESIAN_POINT('',(170.405086509184,8.12304361199643,-102.342198355387));
#8356=CARTESIAN_POINT('',(169.01268700596,9.8323997634221,-103.379278804654));
#8357=CARTESIAN_POINT('',(167.626621239398,11.5494985558552,-104.218997231425));
#8358=CARTESIAN_POINT('',(167.651422328055,11.5187758987515,-104.203951365942));
#8359=CARTESIAN_POINT('',(167.904258844243,11.739632240123,-103.726670252175));
#8360=CARTESIAN_POINT('',(168.177123746323,11.9500632224908,-103.222125806266));
#8361=CARTESIAN_POINT('',(168.466019290471,12.1524543959607,-102.688454049062));
#8362=CARTESIAN_POINT('',(168.447863435239,12.3139204453577,-102.548126978545));
#8363=CARTESIAN_POINT('',(168.420752758287,12.3265641145452,-102.566760641594));
#8364=CARTESIAN_POINT('',(168.393642081335,12.3392077837327,-102.585394304643));
#8365=CARTESIAN_POINT('',(168.366531404383,12.3518514529202,-102.604027967692));
#8366=CARTESIAN_POINT('',(168.024954370967,12.5111535249498,-102.838800096669));
#8367=CARTESIAN_POINT('',(167.684775316984,12.6697245877073,-103.059490783613));
#8368=CARTESIAN_POINT('',(167.348143908805,12.8267265000291,-103.266461740192));
#8369=CARTESIAN_POINT('',(168.44868943363,12.3066051788708,-102.554480585921));
#8370=CARTESIAN_POINT('',(168.421569042879,12.3192516052202,-102.573116712165));
#8371=CARTESIAN_POINT('',(168.394448652128,12.3318980315696,-102.591752838408));
#8372=CARTESIAN_POINT('',(168.367328261377,12.344544457919,-102.610388964651));
#8373=CARTESIAN_POINT('',(168.025628840359,12.5038812684095,-102.845192128284));
#8374=CARTESIAN_POINT('',(167.68532966722,12.6624868473962,-103.065909154505));
#8375=CARTESIAN_POINT('',(167.34858106361,12.8195228838861,-103.272902239644));
#8376=CARTESIAN_POINT('',(168.585814932711,11.0921844504055,-103.609254531992));
#8377=CARTESIAN_POINT('',(168.557081936438,11.1052885982331,-103.628299577571));
#8378=CARTESIAN_POINT('',(168.528348940166,11.1183927460608,-103.647344623151));
#8379=CARTESIAN_POINT('',(168.499615943893,11.1314968938884,-103.666389668731));
#8380=CARTESIAN_POINT('',(168.137598734016,11.2966006996092,-103.906344952102));
#8381=CARTESIAN_POINT('',(167.777358360739,11.4609363807443,-104.131434609731));
#8382=CARTESIAN_POINT('',(167.421153929902,11.623637432605,-104.342101297523));
#8383=CARTESIAN_POINT('',(167.422412152066,11.6230627239756,-104.341357108781));
#8384=CARTESIAN_POINT('',(167.397963867468,12.0216168421047,-103.985280337719));
#8385=CARTESIAN_POINT('',(167.373529024635,12.4201670462571,-103.629201021102));
#8386=CARTESIAN_POINT('',(167.349107622871,12.8187133365257,-103.273119159931));
#8387=CARTESIAN_POINT('',(167.349165517194,12.8187656048185,-103.273173690857));
#8388=CARTESIAN_POINT('',(166.422133343865,13.2495329388135,-103.843203821952));
#8389=CARTESIAN_POINT('',(165.484789232158,13.6889224620876,-104.335175260032));
#8390=CARTESIAN_POINT('',(164.493008860924,14.1562041099226,-104.772547556583));
#8391=CARTESIAN_POINT('',(167.422237797658,11.621938969354,-104.341947526322));
#8392=CARTESIAN_POINT('',(166.440887554611,12.0719578864732,-104.923772805392));
#8393=CARTESIAN_POINT('',(165.452451945181,12.5246171586911,-105.419876195354));
#8394=CARTESIAN_POINT('',(164.407437451345,13.0084680438562,-105.858437150488));
#8395=CARTESIAN_POINT('',(164.908458645112,13.9606006007647,-104.584657524049));
#8396=CARTESIAN_POINT('',(164.748633170715,13.6491376712268,-105.003501142977));
#8397=CARTESIAN_POINT('',(164.587651971958,13.3288693917144,-105.425392434401));
#8398=CARTESIAN_POINT('',(164.426128268518,12.9997957622274,-105.850601137718));
#8399=CARTESIAN_POINT('',(154.779499297891,14.,-82.9670398665566));
#8400=CARTESIAN_POINT('',(161.507493705949,12.9999551663571,-106.871872035302));
#8401=CARTESIAN_POINT('',(161.661823706476,13.3353178587534,-106.480043763467));
#8402=CARTESIAN_POINT('',(161.815665606423,13.6606317203682,-106.094719536273));
#8403=CARTESIAN_POINT('',(161.968822139062,13.9758967512016,-105.715682761726));
#8404=CARTESIAN_POINT('',(159.918127116126,13.6848633897564,-107.272327425748));
#8405=CARTESIAN_POINT('',(160.55672900358,13.4032467442911,-107.137379325159));
#8406=CARTESIAN_POINT('',(161.182517208422,13.1298500748647,-106.979115565186));
#8407=CARTESIAN_POINT('',(161.809498899031,12.8581770965871,-106.794098327525));
#8408=CARTESIAN_POINT('',(159.920448588469,13.6946633514185,-107.262635771377));
#8409=CARTESIAN_POINT('',(160.558794001836,13.4131406241104,-107.127641910929));
#8410=CARTESIAN_POINT('',(161.184322871427,13.1398352018225,-106.969344677351));
#8411=CARTESIAN_POINT('',(161.811037328682,12.8682528427641,-106.784306095651));
#8412=CARTESIAN_POINT('',(160.174579641995,14.7674629430619,-106.201692554523));
#8413=CARTESIAN_POINT('',(160.784848894872,14.4962214152256,-106.061689372609));
#8414=CARTESIAN_POINT('',(161.381988393143,14.2329047966031,-105.899727790995));
#8415=CARTESIAN_POINT('',(161.979448875497,13.971242503021,-105.712352682106));
#8416=CARTESIAN_POINT('',(160.229988517871,13.554663054756,-107.198267429092));
#8417=CARTESIAN_POINT('',(160.210993554678,13.9587454039565,-106.865074575356));
#8418=CARTESIAN_POINT('',(160.196168072061,14.3614026592354,-106.532014716841));
#8419=CARTESIAN_POINT('',(160.185432812277,14.7626391439077,-106.199200238698));
#8420=CARTESIAN_POINT('',(157.054621268588,15.0242544497936,-107.200412955791));
#8421=CARTESIAN_POINT('',(158.118099154095,14.5287022362296,-107.198746299591));
#8422=CARTESIAN_POINT('',(159.181577039646,14.0331500227614,-107.197079643391));
#8423=CARTESIAN_POINT('',(160.245054925142,13.5375978091716,-107.195412987191));
#8424=CARTESIAN_POINT('',(157.511702720504,16.0085255250959,-106.20339023271));
#8425=CARTESIAN_POINT('',(158.57518060602,15.5129733115502,-106.201723576506));
#8426=CARTESIAN_POINT('',(159.638658491536,15.0174210980052,-106.200056920296));
#8427=CARTESIAN_POINT('',(160.702136377051,14.5218688844583,-106.198390264108));
#8428=CARTESIAN_POINT('',(157.537977632519,15.9964194723529,-106.203234756505));
#8429=CARTESIAN_POINT('',(157.394209232912,15.6642796468497,-106.535600299887));
#8430=CARTESIAN_POINT('',(157.250440833305,15.3321398213466,-106.867965843269));
#8431=CARTESIAN_POINT('',(157.106672433698,14.9999999958435,-107.200331386651));
#8432=CARTESIAN_POINT('',(159.593986988601,15.,-107.196433324734));
#8433=CARTESIAN_POINT('',(155.368981880159,0.499759860279743,-44.1728280883881));
#8434=CARTESIAN_POINT('',(158.266636830922,0.49974080853394,-48.524902255996));
#8435=CARTESIAN_POINT('',(160.774449372923,0.49972331926245,-53.1392554626068));
#8436=CARTESIAN_POINT('',(162.848087905819,0.499708280843877,-57.9364483023599));
#8437=CARTESIAN_POINT('',(154.965695620626,0.,-44.4413550342537));
#8438=CARTESIAN_POINT('',(157.847779313528,0.,-48.7689422508869));
#8439=CARTESIAN_POINT('',(160.342260966926,0.,-53.3576412880208));
#8440=CARTESIAN_POINT('',(162.404806177283,0.,-58.1280615761511));
#8441=CARTESIAN_POINT('',(155.426568314928,0.499682377502604,-44.2595657938036));
#8442=CARTESIAN_POINT('',(155.39402084385,0.461791703389856,-44.2769550763291));
#8443=CARTESIAN_POINT('',(155.361475576201,0.423901026363054,-44.2943482303103));
#8444=CARTESIAN_POINT('',(155.328932512689,0.386010346421712,-44.3117452554102));
#8445=CARTESIAN_POINT('',(162.404382414775,8.90303319414231E-6,-58.1270598010747));
#8446=CARTESIAN_POINT('',(162.55228347335,0.166575363352506,-58.0635207663185));
#8447=CARTESIAN_POINT('',(162.700185303709,0.333141822622722,-57.9999836000748));
#8448=CARTESIAN_POINT('',(162.848087905819,0.499708280843877,-57.9364483023599));
#8449=CARTESIAN_POINT('',(162.848087923488,0.499707717607003,-57.9364482947228));
#8450=CARTESIAN_POINT('',(165.329172055995,0.499707717598858,-63.7119172279091));
#8451=CARTESIAN_POINT('',(167.810256188502,0.499707717575306,-69.4873861610942));
#8452=CARTESIAN_POINT('',(170.291340321008,0.499707717607004,-75.2628550942806));
#8453=CARTESIAN_POINT('',(162.404390870693,0.,-58.1270561449365));
#8454=CARTESIAN_POINT('',(164.885475003109,0.,-63.9025250781614));
#8455=CARTESIAN_POINT('',(167.366559135863,0.,-69.677994011241));
#8456=CARTESIAN_POINT('',(169.847643268213,0.,-75.4534629444941));
#8457=CARTESIAN_POINT('',(169.847643268213,0.,-75.4534629444941));
#8458=CARTESIAN_POINT('',(169.995542285812,0.166569239202335,-75.3899269944229));
#8459=CARTESIAN_POINT('',(170.14344130341,0.333138478404669,-75.3263910443518));
#8460=CARTESIAN_POINT('',(170.291340321008,0.499707717607004,-75.2628550942806));
#8461=CARTESIAN_POINT('',(170.294116751431,0.502834634274586,-75.2616623673268));
#8462=CARTESIAN_POINT('',(173.247214716086,0.502798519541296,-82.1358988674587));
#8463=CARTESIAN_POINT('',(174.69399237737,0.502778591869063,-89.636767429064));
#8464=CARTESIAN_POINT('',(174.510337808543,0.502781191402117,-97.115875746218));
#8465=CARTESIAN_POINT('',(170.291340321008,0.499707717607004,-75.2628550942806));
#8466=CARTESIAN_POINT('',(173.244273163511,0.499671827456019,-82.1366905894166));
#8467=CARTESIAN_POINT('',(174.690970641357,0.499652023705581,-89.637125428736));
#8468=CARTESIAN_POINT('',(174.50732624457,0.499654607073234,-97.1158017950892));
#8469=CARTESIAN_POINT('',(169.847643268214,0.,-75.4534629444942));
#8470=CARTESIAN_POINT('',(172.774188194914,0.,-82.2632144512949));
#8471=CARTESIAN_POINT('',(174.208071681552,0.,-89.6943368027522));
#8472=CARTESIAN_POINT('',(174.026052862704,0.,-97.103983779531));
#8473=CARTESIAN_POINT('',(174.038879553957,0.00944259861942233,-96.9417679983848));
#8474=CARTESIAN_POINT('',(174.195174441931,0.172889213845551,-96.998921813662));
#8475=CARTESIAN_POINT('',(174.351374189995,0.336335845163697,-97.0565663766059));
#8476=CARTESIAN_POINT('',(174.507476512604,0.499782496042485,-97.1147013997136));
#8477=CARTESIAN_POINT('',(173.379566604052,0.,-98.7243382143579));
#8478=CARTESIAN_POINT('',(173.602617541158,0.,-98.1299749849732));
#8479=CARTESIAN_POINT('',(173.82550363584,0.,-97.5362904032583));
#8480=CARTESIAN_POINT('',(174.048677628351,0.,-96.9419774654771));
#8481=CARTESIAN_POINT('',(173.83623622502,0.499856258287804,-98.8964084640323));
#8482=CARTESIAN_POINT('',(174.060090687208,0.499876493038312,-98.3023039590034));
#8483=CARTESIAN_POINT('',(174.28362330779,0.499890787799153,-97.7088294939572));
#8484=CARTESIAN_POINT('',(174.507352186696,0.499902320410075,-97.1146983494251));
#8485=CARTESIAN_POINT('',(173.840739944392,0.499922735099214,-98.8846386337347));
#8486=CARTESIAN_POINT('',(173.702141371716,0.333281823399471,-98.7906288487971));
#8487=CARTESIAN_POINT('',(173.563745125606,0.166640911699729,-98.6963505615926));
#8488=CARTESIAN_POINT('',(173.425552005902,-1.38777878078138E-14,-98.6018043977097));
#8489=CARTESIAN_POINT('',(154.779499297891,0.,-82.9670398665566));
#8490=CARTESIAN_POINT('',(154.028378486706,4.66725229278093,-43.4142349300692));
#8491=CARTESIAN_POINT('',(154.836488574944,3.4544305103047,-43.9409263642158));
#8492=CARTESIAN_POINT('',(155.392013094693,1.95473300611469,-44.2669903757054));
#8493=CARTESIAN_POINT('',(155.431246325069,0.36048364046263,-44.2598173631705));
#8494=CARTESIAN_POINT('',(153.916922230462,4.61734196073873,-43.4724773187869));
#8495=CARTESIAN_POINT('',(154.730359655962,3.42243816557309,-43.9956318153922));
#8496=CARTESIAN_POINT('',(155.290914372855,1.93817409604633,-44.3186128228645));
#8497=CARTESIAN_POINT('',(155.32967630983,0.35791308363123,-44.3116566074984));
#8498=CARTESIAN_POINT('',(154.464786046245,3.93691984678396,-43.6949498669675));
#8499=CARTESIAN_POINT('',(154.438279450711,3.93208142809741,-43.7061866738703));
#8500=CARTESIAN_POINT('',(154.411759400619,3.92720498009981,-43.7174281113465));
#8501=CARTESIAN_POINT('',(154.385225878742,3.92229045226072,-43.7286742028668));
#8502=CARTESIAN_POINT('',(153.284035342019,5.13119945788806,-42.8042677572175));
#8503=CARTESIAN_POINT('',(152.943149785878,5.46196307827148,-42.5272492174247));
#8504=CARTESIAN_POINT('',(152.590335677795,5.7779619544473,-42.2545213785396));
#8505=CARTESIAN_POINT('',(152.226397625702,6.07847500185339,-41.975173862033));
#8506=CARTESIAN_POINT('',(152.11357545198,6.17163518404698,-41.8885750745338));
#8507=CARTESIAN_POINT('',(152.000753278258,6.26479536624057,-41.8019762870345));
#8508=CARTESIAN_POINT('',(151.887931104536,6.35795554843415,-41.7153774995352));
#8509=CARTESIAN_POINT('',(153.28447178339,5.1314262541221,-42.8040091866875));
#8510=CARTESIAN_POINT('',(152.943611697366,5.46222111844834,-42.5269762186643));
#8511=CARTESIAN_POINT('',(152.590827662302,5.77825834183094,-42.2542302691018));
#8512=CARTESIAN_POINT('',(152.226910873219,6.07880862984236,-41.9748729853515));
#8513=CARTESIAN_POINT('',(152.11409529111,6.17198035676456,-41.8882711699697));
#8514=CARTESIAN_POINT('',(152.001279709002,6.26515208368675,-41.8016693545879));
#8515=CARTESIAN_POINT('',(151.888464126893,6.35832381060895,-41.7150675392061));
#8516=CARTESIAN_POINT('',(153.371760057626,5.17678550092954,-42.752295080682));
#8517=CARTESIAN_POINT('',(153.03599399508,5.51382915382022,-42.4723764665845));
#8518=CARTESIAN_POINT('',(152.689224563634,5.83753581855942,-42.1960083815289));
#8519=CARTESIAN_POINT('',(152.329560376473,6.14553422763509,-41.9146976490446));
#8520=CARTESIAN_POINT('',(152.218063117057,6.24101490027972,-41.8274902571611));
#8521=CARTESIAN_POINT('',(152.106565857642,6.33649557292436,-41.7402828652776));
#8522=CARTESIAN_POINT('',(151.995068598226,6.43197624556899,-41.6530754733941));
#8523=CARTESIAN_POINT('',(153.372196498997,5.17701229716357,-42.752036510152));
#8524=CARTESIAN_POINT('',(153.036455906569,5.51408719399708,-42.4721034678241));
#8525=CARTESIAN_POINT('',(152.689716548141,5.83783220594307,-42.195717272091));
#8526=CARTESIAN_POINT('',(152.330073623989,6.14586785562405,-41.9143967723631));
#8527=CARTESIAN_POINT('',(152.218582956187,6.2413600729973,-41.8271863525971));
#8528=CARTESIAN_POINT('',(152.107092288385,6.33685229037055,-41.739975932831));
#8529=CARTESIAN_POINT('',(151.995601620583,6.43234450774379,-41.652765513065));
#8530=CARTESIAN_POINT('',(151.992556196419,6.43024044116657,-41.6545364719451));
#8531=CARTESIAN_POINT('',(151.982792857943,6.3849340997976,-41.6942069705499));
#8532=CARTESIAN_POINT('',(151.973317306368,6.34013179612743,-41.7337452731559));
#8533=CARTESIAN_POINT('',(151.964129541695,6.29583353015607,-41.7731513797628));
#8534=CARTESIAN_POINT('',(153.284460024763,5.13142014376557,-42.8040161531088));
#8535=CARTESIAN_POINT('',(153.313562062755,5.14654298283449,-42.7867745947109));
#8536=CARTESIAN_POINT('',(153.342664100746,5.16166582190337,-42.7695330363132));
#8537=CARTESIAN_POINT('',(153.371766138738,5.17678866097229,-42.7522914779153));
#8538=CARTESIAN_POINT('',(154.400584734049,3.90233525071368,-43.7417785926764));
#8539=CARTESIAN_POINT('',(154.079281155845,4.32109453222535,-43.4676651420948));
#8540=CARTESIAN_POINT('',(153.736301728771,4.68598705243892,-43.1732599521111));
#8541=CARTESIAN_POINT('',(153.349260959904,5.06827881885931,-42.856749422322));
#8542=CARTESIAN_POINT('',(153.316928017856,5.09995974121349,-42.8304266152735));
#8543=CARTESIAN_POINT('',(153.284482695605,5.13149849108583,-42.8041228319919));
#8544=CARTESIAN_POINT('',(154.472170893322,3.92909660138434,-43.6997312851391));
#8545=CARTESIAN_POINT('',(154.155424788289,4.3528687544108,-43.4227246114652));
#8546=CARTESIAN_POINT('',(153.816908635246,4.72310589034425,-43.1254672829877));
#8547=CARTESIAN_POINT('',(153.435591873229,5.11244408970486,-42.8055943810985));
#8548=CARTESIAN_POINT('',(153.403743041251,5.14472192897537,-42.7789875661279));
#8549=CARTESIAN_POINT('',(153.371787692432,5.17686713625558,-42.752396988386));
#8550=CARTESIAN_POINT('',(153.696284536066,6.45132926502659,-25.7585881094976));
#8551=CARTESIAN_POINT('',(153.390038268197,6.45132926502607,-26.288227226886));
#8552=CARTESIAN_POINT('',(153.083796214974,6.45132926503386,-26.8178590552285));
#8553=CARTESIAN_POINT('',(152.327158908909,6.45132926503534,-28.1264291735063));
#8554=CARTESIAN_POINT('',(151.84623378572,6.45087162656347,-28.8923216816426));
#8555=CARTESIAN_POINT('',(150.662914672946,6.44176480495351,-31.3759954265856));
#8556=CARTESIAN_POINT('',(150.241361264107,6.43834554659661,-33.1985969366707));
#8557=CARTESIAN_POINT('',(150.201321957458,6.43798171903576,-36.8623296569491));
#8558=CARTESIAN_POINT('',(150.586116929724,6.44107721608826,-38.6986863123762));
#8559=CARTESIAN_POINT('',(151.523912783039,6.44826278053021,-40.7815850036041));
#8560=CARTESIAN_POINT('',(151.736571445247,6.44988013113607,-41.1929489909194));
#8561=CARTESIAN_POINT('',(152.201876695702,6.45339167662274,-41.9835340684239));
#8562=CARTESIAN_POINT('',(152.44961875873,6.45332626716336,-42.3561330517467));
#8563=CARTESIAN_POINT('',(153.021790608131,6.45332626720839,-43.2526396564989));
#8564=CARTESIAN_POINT('',(153.350542437764,6.45332626742448,-43.7677439682426));
#8565=CARTESIAN_POINT('',(153.679553907098,6.45332626740673,-44.2832550958603));
#8566=CARTESIAN_POINT('',(153.44971467438,6.00000000000009,-25.6160172580796));
#8567=CARTESIAN_POINT('',(153.143468406513,6.00000000000009,-26.1456563754695));
#8568=CARTESIAN_POINT('',(152.837226353311,6.00000000000009,-26.6752882038249));
#8569=CARTESIAN_POINT('',(152.080589047225,6.00000000000009,-27.9838583220883));
#8570=CARTESIAN_POINT('',(151.598972014338,6.00000000000009,-28.7516589868349));
#8571=CARTESIAN_POINT('',(150.406083508949,6.00000000000009,-31.2978297128633));
#8572=CARTESIAN_POINT('',(149.982318277923,6.00000000000009,-33.1580363215311));
#8573=CARTESIAN_POINT('',(149.942112428135,6.00000000000009,-36.8971982286234));
#8574=CARTESIAN_POINT('',(150.328997748242,6.00000000000009,-38.7712303862338));
#8575=CARTESIAN_POINT('',(151.274265499262,6.00000000000009,-40.9053870818562));
#8576=CARTESIAN_POINT('',(151.48870237213,6.00000000000009,-41.327348693568));
#8577=CARTESIAN_POINT('',(151.958237450119,6.00000000000009,-42.1396201650238));
#8578=CARTESIAN_POINT('',(152.205954703915,6.00000000000009,-42.5116452500714));
#8579=CARTESIAN_POINT('',(152.778126553207,6.00000000000009,-43.4081518547989));
#8580=CARTESIAN_POINT('',(153.106878383869,6.00000000000009,-43.9232561659335));
#8581=CARTESIAN_POINT('',(153.435889853182,6.00000000000009,-44.4387672935804));
#8582=CARTESIAN_POINT('',(147.279464437567,29.5929150949363,-58.4999999957639));
#8583=CARTESIAN_POINT('',(147.279464437567,12.,-58.4999999957639));
#8584=CARTESIAN_POINT('',(147.279464437567,12.,-60.2499999957639));
#8585=CARTESIAN_POINT('',(147.279464437567,12.,-58.4999999957639));
#8586=CARTESIAN_POINT('',(147.279464437567,12.,-58.4999999957639));
#8587=CARTESIAN_POINT('',(151.529464432097,12.,-58.4999999957639));
#8588=CARTESIAN_POINT('',(147.27946442872,12.,-58.4999999999988));
#8589=CARTESIAN_POINT('',(101.834665154127,8.00000000040469,-41.3775565492397));
#8590=CARTESIAN_POINT('',(100.976991202736,8.00000000040469,-38.0281270498805));
#8591=CARTESIAN_POINT('',(93.6719168737114,8.00000000040469,-9.49999999999999));
#8592=CARTESIAN_POINT('',(102.910480843028,9.57947879106314,-41.3775565492397));
#8593=CARTESIAN_POINT('',(102.052806891638,9.57947879106314,-38.0281270498805));
#8594=CARTESIAN_POINT('',(94.7477325626128,9.57947879106314,-9.5));
#8595=CARTESIAN_POINT('',(104.263779612955,10.9288175498414,-41.3775565492397));
#8596=CARTESIAN_POINT('',(103.406105661564,10.9288175498414,-38.0281270498805));
#8597=CARTESIAN_POINT('',(96.1010313325394,10.9288175498414,-9.5));
#8598=CARTESIAN_POINT('',(105.846404270004,12.,-41.3775565492397));
#8599=CARTESIAN_POINT('',(104.988730318613,12.,-38.0281270498805));
#8600=CARTESIAN_POINT('',(97.6836559895881,12.,-9.49999999999999));
#8601=CARTESIAN_POINT('',(105.86204279069,12.0105847642591,-41.3775565492397));
#8602=CARTESIAN_POINT('',(105.004368839299,12.0105847642591,-38.0281270498805));
#8603=CARTESIAN_POINT('',(97.6992945102743,12.0105847642591,-9.49999999999999));
#8604=CARTESIAN_POINT('',(105.877681311376,12.0211695285182,-41.3775565492397));
#8605=CARTESIAN_POINT('',(105.020007359985,12.0211695285182,-38.0281270498805));
#8606=CARTESIAN_POINT('',(97.7149330309605,12.0211695285182,-9.49999999999999));
#8607=CARTESIAN_POINT('',(105.893319832062,12.0317542927773,-41.3775565492397));
#8608=CARTESIAN_POINT('',(105.035645880672,12.0317542927773,-38.0281270498805));
#8609=CARTESIAN_POINT('',(97.7305715516467,12.0317542927773,-9.49999999999999));
#8610=CARTESIAN_POINT('',(93.7973208650192,8.00000000040469,-9.98973368859181));
#8611=CARTESIAN_POINT('',(94.8608189369738,9.56074351789753,-9.99146514005312));
#8612=CARTESIAN_POINT('',(96.2460946428768,10.9415235740899,-9.99319659151442));
#8613=CARTESIAN_POINT('',(97.8103900767975,12.0000000000001,-9.99492804297572));
#8614=CARTESIAN_POINT('',(97.7982080336362,11.9971871573657,-9.99133573650709));
#8615=CARTESIAN_POINT('',(97.8088396670412,12.,-9.98887330834725));
#8616=CARTESIAN_POINT('',(100.202136550898,12.,-19.3352912221917));
#8617=CARTESIAN_POINT('',(102.595433434756,12.,-28.6817091360361));
#8618=CARTESIAN_POINT('',(104.988730318613,12.,-38.0281270498805));
#8619=CARTESIAN_POINT('',(107.483229839969,13.70000000022,-38.0281270498805));
#8620=CARTESIAN_POINT('',(105.20664602036,17.0405513223408,-9.99488725549892));
#8621=CARTESIAN_POINT('',(108.399225049175,18.6975293657427,-9.49999999999999));
#8622=CARTESIAN_POINT('',(97.810376816942,12.0000194568844,-9.99490764740774));
#8623=CARTESIAN_POINT('',(97.8904977280009,11.8816440904798,-9.82989103609038));
#8624=CARTESIAN_POINT('',(97.9706186390597,11.7632687240752,-9.66487442477302));
#8625=CARTESIAN_POINT('',(98.0507395501186,11.6448933576706,-9.49985781345566));
#8626=CARTESIAN_POINT('',(93.7798690937222,7.97096881770429,-9.98921762379563));
#8627=CARTESIAN_POINT('',(94.2907968701222,8.70044809104852,-9.98950426893092));
#8628=CARTESIAN_POINT('',(94.8540497749531,9.41536536710298,-9.9909004132074));
#8629=CARTESIAN_POINT('',(96.193458905622,10.782969748363,-9.99287975804122));
#8630=CARTESIAN_POINT('',(96.9733434048427,11.4336253514007,-9.99393924305407));
#8631=CARTESIAN_POINT('',(97.8103900767975,12.0000000000001,-9.99492804297571));
#8632=CARTESIAN_POINT('',(94.1055685683599,7.74450422394934,-9.49999999999999));
#8633=CARTESIAN_POINT('',(94.6101419649599,8.46272357874496,-9.49999999999999));
#8634=CARTESIAN_POINT('',(95.1605532688268,9.14965196935012,-9.49999999999999));
#8635=CARTESIAN_POINT('',(96.4712965045657,10.4725128013121,-9.49999999999999));
#8636=CARTESIAN_POINT('',(97.2337260304821,11.1001985130953,-9.49999999999999));
#8637=CARTESIAN_POINT('',(98.0508319904488,11.6447577151063,-9.49999999999999));
#8638=CARTESIAN_POINT('',(-2.22044604925031E-13,-2.21626563463051E-13,-5.54840461769457E-14));
#8639=MECHANICAL_DESIGN_GEOMETRIC_PRESENTATION_REPRESENTATION('',(#3243),
#8640);
#8640=(
GEOMETRIC_REPRESENTATION_CONTEXT(3)
GLOBAL_UNCERTAINTY_ASSIGNED_CONTEXT((#8642))
GLOBAL_UNIT_ASSIGNED_CONTEXT((#8646,#8645,#8644))
REPRESENTATION_CONTEXT('CZ82_baseBody','TOP_LEVEL_ASSEMBLY_PART')
);
#8641=(
GEOMETRIC_REPRESENTATION_CONTEXT(3)
GLOBAL_UNCERTAINTY_ASSIGNED_CONTEXT((#8643))
GLOBAL_UNIT_ASSIGNED_CONTEXT((#8646,#8645,#8644))
REPRESENTATION_CONTEXT('CZ82_standardGripRight_Slim_bebop',
'COMPONENT_PART')
);
#8642=UNCERTAINTY_MEASURE_WITH_UNIT(LENGTH_MEASURE(0.005),#8646,
'DISTANCE_ACCURACY_VALUE','Maximum Tolerance applied to model');
#8643=UNCERTAINTY_MEASURE_WITH_UNIT(LENGTH_MEASURE(0.005),#8646,
'DISTANCE_ACCURACY_VALUE','Maximum Tolerance applied to model');
#8644=(
NAMED_UNIT(*)
SI_UNIT($,.STERADIAN.)
SOLID_ANGLE_UNIT()
);
#8645=(
NAMED_UNIT(*)
PLANE_ANGLE_UNIT()
SI_UNIT($,.RADIAN.)
);
#8646=(
LENGTH_UNIT()
NAMED_UNIT(*)
SI_UNIT(.MILLI.,.METRE.)
);
#8647=PRODUCT_DEFINITION_SHAPE('','',#8650);
#8648=PRODUCT_DEFINITION_SHAPE('','',#8651);
#8649=PRODUCT_DEFINITION_SHAPE(' ','NAUO PRDDFN',#19);
#8650=PRODUCT_DEFINITION('','',#8654,#8652);
#8651=PRODUCT_DEFINITION('','',#8655,#8653);
#8652=PRODUCT_DEFINITION_CONTEXT('',#8665,'design');
#8653=PRODUCT_DEFINITION_CONTEXT('',#8665,'design');
#8654=PRODUCT_DEFINITION_FORMATION_WITH_SPECIFIED_SOURCE('','',#8658,
 .NOT_KNOWN.);
#8655=PRODUCT_DEFINITION_FORMATION_WITH_SPECIFIED_SOURCE('','',#8659,
 .NOT_KNOWN.);
#8656=PRODUCT_RELATED_PRODUCT_CATEGORY('','',(#8658));
#8657=PRODUCT_RELATED_PRODUCT_CATEGORY('','',(#8659));
#8658=PRODUCT('CZ82_baseBody','CZ82_baseBody','CZ82_baseBody',(#8662));
#8659=PRODUCT('CZ82_standardGripRight_Slim_bebop',
'CZ82_standardGripRight_Slim_bebop','CZ82_standardGripRight_Slim_bebop',
(#8663));
#8660=PRODUCT_CATEGORY('','');
#8661=PRODUCT_CATEGORY('','');
#8662=PRODUCT_CONTEXT('',#8665,'mechanical');
#8663=PRODUCT_CONTEXT('',#8665,'mechanical');
#8664=APPLICATION_PROTOCOL_DEFINITION('international standard',
'automotive_design',2010,#8665);
#8665=APPLICATION_CONTEXT(
'core data for automotive mechanical design processes');
ENDSEC;
END-ISO-10303-21;
