ISO-10303-21;
HEADER;
/* Generated by software containing ST-Developer
 * from STEP Tools, Inc. (www.steptools.com) 
 */
/* OPTION: strings as raw bytes, not using required /X/ escapes */

FILE_DESCRIPTION(
/* description */ ('Unknown'),
/* implementation_level */ '2;1');

FILE_NAME(
/* name */ 'CZ82_magazineExtension_+2',
/* time_stamp */ '2026-03-05T11:09:47-05:00',
/* author */ ('Unknown'),
/* organization */ ('Unknown'),
/* preprocessor_version */ 'ST-DEVELOPER v18.1',
/* originating_system */ 'Solid Edge',
/* authorisation */ 'Unknown');

FILE_SCHEMA (('AUTOMOTIVE_DESIGN {1 0 10303 214 3 1 1}'));
ENDSEC;

DATA;
#10=PROPERTY_DEFINITION_REPRESENTATION(#14,#12);
#11=PROPERTY_DEFINITION_REPRESENTATION(#15,#13);
#12=REPRESENTATION('',(#16),#2573);
#13=REPRESENTATION('',(#17),#2573);
#14=PROPERTY_DEFINITION('pmi validation property','',#2580);
#15=PROPERTY_DEFINITION('pmi validation property','',#2580);
#16=VALUE_REPRESENTATION_ITEM('number of annotations',COUNT_MEASURE(0.));
#17=VALUE_REPRESENTATION_ITEM('number of views',COUNT_MEASURE(0.));
#18=CONTEXT_DEPENDENT_SHAPE_REPRESENTATION(#20,#2582);
#19=NEXT_ASSEMBLY_USAGE_OCCURRENCE('CZ82_magazineExtension_+2',
'CZ82_magazineExtension_+2','CZ82_magazineExtension_+2',#2583,#2584,'');
#20=(
REPRESENTATION_RELATIONSHIP(' ',' ',#1430,#1431)
REPRESENTATION_RELATIONSHIP_WITH_TRANSFORMATION(#21)
SHAPE_REPRESENTATION_RELATIONSHIP()
);
#21=ITEM_DEFINED_TRANSFORMATION(' ',' ',#1432,#1544);
#22=SHAPE_REPRESENTATION_RELATIONSHIP('','',#1430,#23);
#23=ADVANCED_BREP_SHAPE_REPRESENTATION('',(#1427),#2574);
#24=TOROIDAL_SURFACE('',#1529,4.5,0.500000000000003);
#25=TOROIDAL_SURFACE('',#1536,4.49999999999999,0.500000000000003);
#26=B_SPLINE_SURFACE_WITH_KNOTS('',1,3,((#2332,#2333,#2334,#2335,#2336,
#2337),(#2338,#2339,#2340,#2341,#2342,#2343)),.RULED_SURF.,.F.,.F.,.F.,
(2,2),(4,2,4),(0.,1.),(0.0835090479959,0.500000000000002,0.916490952004104),
 .UNSPECIFIED.);
#27=B_SPLINE_SURFACE_WITH_KNOTS('',1,3,((#2358,#2359,#2360,#2361,#2362,
#2363),(#2364,#2365,#2366,#2367,#2368,#2369)),.RULED_SURF.,.F.,.F.,.F.,
(2,2),(4,2,4),(0.,1.),(0.0835090479958974,0.5,0.916490952004102),
 .UNSPECIFIED.);
#28=B_SPLINE_SURFACE_WITH_KNOTS('',1,3,((#2390,#2391,#2392,#2393,#2394,
#2395),(#2396,#2397,#2398,#2399,#2400,#2401),(#2402,#2403,#2404,#2405,#2406,
#2407)),.RULED_SURF.,.F.,.F.,.F.,(2,1,2),(4,2,4),(-0.00600000000000124,
0.,1.),(0.0836751789641517,0.522256200541672,0.924220608998877),
 .UNSPECIFIED.);
#29=B_SPLINE_SURFACE_WITH_KNOTS('',1,3,((#2416,#2417,#2418,#2419,#2420,
#2421),(#2422,#2423,#2424,#2425,#2426,#2427),(#2428,#2429,#2430,#2431,#2432,
#2433)),.RULED_SURF.,.F.,.F.,.F.,(2,1,2),(4,2,4),(-0.00600000001055516,
0.,1.),(0.0757237717455825,0.477699270576556,0.916268396014198),
 .UNSPECIFIED.);
#30=B_SPLINE_SURFACE_WITH_KNOTS('',1,3,((#2452,#2453,#2454,#2455,#2456,
#2457),(#2458,#2459,#2460,#2461,#2462,#2463)),.RULED_SURF.,.F.,.F.,.F.,
(2,2),(4,2,4),(0.,1.),(0.0607668119900771,0.521137995123961,0.643738179160114),
 .UNSPECIFIED.);
#31=B_SPLINE_SURFACE_WITH_KNOTS('',1,3,((#2478,#2479,#2480,#2481,#2482,
#2483,#2484,#2485),(#2486,#2487,#2488,#2489,#2490,#2491,#2492,#2493)),
 .RULED_SURF.,.F.,.F.,.F.,(2,2),(4,2,2,4),(0.,1.),(0.0891352836625012,0.143639030976678,
0.297713561717315,0.914011684679859),.UNSPECIFIED.);
#32=B_SPLINE_SURFACE_WITH_KNOTS('',1,3,((#2545,#2546,#2547,#2548,#2549,
#2550,#2551,#2552,#2553,#2554),(#2555,#2556,#2557,#2558,#2559,#2560,#2561,
#2562,#2563,#2564)),.RULED_SURF.,.F.,.F.,.F.,(2,2),(4,2,2,2,4),(0.,1.),
(0.0786687922246092,0.271006409139697,0.499998497821948,0.728990586504199,
0.921353280949571),.UNSPECIFIED.);
#33=CONICAL_SURFACE('',#1475,3.,0.785398163397399);
#34=CONICAL_SURFACE('',#1499,12.,0.78539816339744);
#35=CONICAL_SURFACE('',#1506,2.5,0.785398163397443);
#36=CONICAL_SURFACE('',#1507,2.50000000000001,0.785398163397452);
#37=CONICAL_SURFACE('',#1508,2.00000000000001,0.786860068221902);
#38=CONICAL_SURFACE('',#1511,2.00000000000001,0.785398392036406);
#39=CONICAL_SURFACE('',#1543,3.49999999999999,0.785398163397459);
#40=ELLIPSE('',#1445,1.03528661426121,1.);
#41=ELLIPSE('',#1448,5.17638090205041,5.);
#42=ELLIPSE('',#1449,5.17638090205042,5.);
#43=ELLIPSE('',#1451,2.82842712474619,2.00000000000001);
#44=ELLIPSE('',#1461,2.8284271247462,2.00000000000001);
#45=ELLIPSE('',#1466,1.03527618041008,1.);
#46=ELLIPSE('',#1471,1.03528661426121,1.);
#47=ELLIPSE('',#1474,1.03527618041008,1.);
#48=ELLIPSE('',#1489,5.17638090205041,5.);
#49=ELLIPSE('',#1491,5.17638090205042,5.);
#50=ELLIPSE('',#1535,0.707106781186548,0.500000000000003);
#51=ELLIPSE('',#1539,0.707106781186551,0.500000000000003);
#52=B_SPLINE_CURVE_WITH_KNOTS('',3,(#1962,#1963,#1964,#1965,#1966,#1967,
#1968,#1969,#1970,#1971,#1972,#1973,#1974,#1975,#1976,#1977,#1978,#1979,
#1980,#1981,#1982,#1983,#1984,#1985,#1986,#1987,#1988,#1989),
 .UNSPECIFIED.,.F.,.F.,(4,1,1,1,1,1,1,1,1,1,1,1,1,1,1,1,1,1,1,1,1,1,1,1,
1,4),(0.,0.0625,0.125,0.1875,0.21875,0.234375,0.25,0.265625,0.28125,0.3125,
0.375,0.4375,0.5,0.5625,0.625,0.65625,0.6875,0.71875,0.734375,0.75,0.765625,
0.78125,0.8125,0.875,0.9375,1.),.UNSPECIFIED.);
#53=B_SPLINE_CURVE_WITH_KNOTS('',3,(#2002,#2003,#2004,#2005,#2006),
 .UNSPECIFIED.,.F.,.F.,(4,1,4),(0.,0.5,1.),.UNSPECIFIED.);
#54=B_SPLINE_CURVE_WITH_KNOTS('',3,(#2007,#2008,#2009,#2010,#2011),
 .UNSPECIFIED.,.F.,.F.,(4,1,4),(0.,0.5,1.),.UNSPECIFIED.);
#55=B_SPLINE_CURVE_WITH_KNOTS('',3,(#2013,#2014,#2015,#2016,#2017),
 .UNSPECIFIED.,.F.,.F.,(4,1,4),(0.,0.5,1.),.UNSPECIFIED.);
#56=B_SPLINE_CURVE_WITH_KNOTS('',3,(#2018,#2019,#2020,#2021,#2022),
 .UNSPECIFIED.,.F.,.F.,(4,1,4),(0.,0.5,1.),.UNSPECIFIED.);
#57=B_SPLINE_CURVE_WITH_KNOTS('',3,(#2024,#2025,#2026,#2027,#2028,#2029,
#2030),.UNSPECIFIED.,.F.,.F.,(4,1,1,1,4),(0.,0.25,0.5,0.75,1.),
 .UNSPECIFIED.);
#58=B_SPLINE_CURVE_WITH_KNOTS('',3,(#2043,#2044,#2045,#2046,#2047,#2048),
 .UNSPECIFIED.,.F.,.F.,(4,1,1,4),(4.04975273105316E-17,0.00365269228488798,
0.00547903842733194,0.00730538456977591),.UNSPECIFIED.);
#59=B_SPLINE_CURVE_WITH_KNOTS('',3,(#2076,#2077,#2078,#2079,#2080,#2081,
#2082,#2083,#2084,#2085,#2086,#2087,#2088,#2089,#2090),.UNSPECIFIED.,.F.,
 .F.,(4,1,1,1,1,1,1,1,1,1,1,1,4),(0.,0.125,0.1875,0.25,0.375,0.4375,0.5,
0.5625,0.625,0.75,0.8125,0.875,1.),.UNSPECIFIED.);
#60=B_SPLINE_CURVE_WITH_KNOTS('',3,(#2096,#2097,#2098,#2099),
 .UNSPECIFIED.,.F.,.F.,(4,4),(0.,0.000716298231822128),.UNSPECIFIED.);
#61=B_SPLINE_CURVE_WITH_KNOTS('',3,(#2111,#2112,#2113,#2114),
 .UNSPECIFIED.,.F.,.F.,(4,4),(0.,0.000716353528812675),.UNSPECIFIED.);
#62=B_SPLINE_CURVE_WITH_KNOTS('',3,(#2156,#2157,#2158,#2159),
 .UNSPECIFIED.,.F.,.F.,(4,4),(9.98483686784218E-17,0.00158003828091335),
 .UNSPECIFIED.);
#63=B_SPLINE_CURVE_WITH_KNOTS('',3,(#2173,#2174,#2175,#2176),
 .UNSPECIFIED.,.F.,.F.,(4,4),(9.54097911787244E-18,0.00158020438116677),
 .UNSPECIFIED.);
#64=B_SPLINE_CURVE_WITH_KNOTS('',3,(#2188,#2189,#2190,#2191,#2192,#2193),
 .UNSPECIFIED.,.F.,.F.,(4,1,1,4),(0.00500761534310341,0.00903015224537944,
0.0110414206965175,0.0130526891476555),.UNSPECIFIED.);
#65=B_SPLINE_CURVE_WITH_KNOTS('',3,(#2195,#2196,#2197,#2198,#2199,#2200,
#2201),.UNSPECIFIED.,.F.,.F.,(4,1,1,1,4),(0.,0.25,0.5,0.75,1.),
 .UNSPECIFIED.);
#66=B_SPLINE_CURVE_WITH_KNOTS('',3,(#2208,#2209,#2210,#2211,#2212),
 .UNSPECIFIED.,.F.,.F.,(4,1,4),(0.,0.00365472541440084,0.00730945082880167),
 .UNSPECIFIED.);
#67=B_SPLINE_CURVE_WITH_KNOTS('',3,(#2229,#2230,#2231,#2232),
 .UNSPECIFIED.,.F.,.F.,(4,4),(0.,0.000260654272585096),.UNSPECIFIED.);
#68=B_SPLINE_CURVE_WITH_KNOTS('',3,(#2262,#2263,#2264,#2265),
 .UNSPECIFIED.,.F.,.F.,(4,4),(0.,0.000260650808037392),.UNSPECIFIED.);
#69=B_SPLINE_CURVE_WITH_KNOTS('',3,(#2276,#2277,#2278,#2279,#2280,#2281),
 .UNSPECIFIED.,.F.,.F.,(4,1,1,4),(0.00496718774190279,0.00898711828769262,
0.0109970835605875,0.0130070488334824),.UNSPECIFIED.);
#70=B_SPLINE_CURVE_WITH_KNOTS('',3,(#2285,#2286,#2287,#2288),
 .UNSPECIFIED.,.F.,.F.,(4,4),(0.,0.000783698747516415),.UNSPECIFIED.);
#71=B_SPLINE_CURVE_WITH_KNOTS('',3,(#2291,#2292,#2293,#2294),
 .UNSPECIFIED.,.F.,.F.,(4,4),(0.,0.000783944386111431),.UNSPECIFIED.);
#72=B_SPLINE_CURVE_WITH_KNOTS('',3,(#2319,#2320,#2321,#2322),
 .UNSPECIFIED.,.F.,.F.,(4,4),(0.,1.),.UNSPECIFIED.);
#73=B_SPLINE_CURVE_WITH_KNOTS('',3,(#2323,#2324,#2325,#2326),
 .UNSPECIFIED.,.F.,.F.,(4,4),(0.,0.00285347680482606),.UNSPECIFIED.);
#74=B_SPLINE_CURVE_WITH_KNOTS('',3,(#2328,#2329,#2330,#2331),
 .UNSPECIFIED.,.F.,.F.,(4,4),(0.,0.00285382323185126),.UNSPECIFIED.);
#75=B_SPLINE_CURVE_WITH_KNOTS('',3,(#2344,#2345,#2346,#2347),
 .UNSPECIFIED.,.F.,.F.,(4,4),(0.,1.),.UNSPECIFIED.);
#76=B_SPLINE_CURVE_WITH_KNOTS('',3,(#2349,#2350,#2351,#2352),
 .UNSPECIFIED.,.F.,.F.,(4,4),(0.,1.),.UNSPECIFIED.);
#77=B_SPLINE_CURVE_WITH_KNOTS('',3,(#2354,#2355,#2356,#2357),
 .UNSPECIFIED.,.F.,.F.,(4,4),(0.,1.),.UNSPECIFIED.);
#78=B_SPLINE_CURVE_WITH_KNOTS('',3,(#2386,#2387,#2388,#2389),
 .UNSPECIFIED.,.F.,.F.,(4,4),(0.,1.),.UNSPECIFIED.);
#79=B_SPLINE_CURVE_WITH_KNOTS('',3,(#2412,#2413,#2414,#2415),
 .UNSPECIFIED.,.F.,.F.,(4,4),(0.,1.),.UNSPECIFIED.);
#80=B_SPLINE_CURVE_WITH_KNOTS('',3,(#2437,#2438,#2439,#2440),
 .UNSPECIFIED.,.F.,.F.,(4,4),(0.,0.000754547552636154),.UNSPECIFIED.);
#81=B_SPLINE_CURVE_WITH_KNOTS('',3,(#2443,#2444,#2445,#2446),
 .UNSPECIFIED.,.F.,.F.,(4,4),(0.,1.),.UNSPECIFIED.);
#82=B_SPLINE_CURVE_WITH_KNOTS('',3,(#2448,#2449,#2450,#2451),
 .UNSPECIFIED.,.F.,.F.,(4,4),(0.,1.),.UNSPECIFIED.);
#83=B_SPLINE_CURVE_WITH_KNOTS('',3,(#2465,#2466,#2467,#2468),
 .UNSPECIFIED.,.F.,.F.,(4,4),(0.,0.000756264871802476),.UNSPECIFIED.);
#84=B_SPLINE_CURVE_WITH_KNOTS('',3,(#2469,#2470,#2471,#2472),
 .UNSPECIFIED.,.F.,.F.,(4,4),(0.,1.),.UNSPECIFIED.);
#85=B_SPLINE_CURVE_WITH_KNOTS('',3,(#2474,#2475,#2476,#2477),
 .UNSPECIFIED.,.F.,.F.,(4,4),(0.,1.),.UNSPECIFIED.);
#86=B_SPLINE_CURVE_WITH_KNOTS('',3,(#2494,#2495,#2496,#2497),
 .UNSPECIFIED.,.F.,.F.,(4,4),(0.,1.),.UNSPECIFIED.);
#87=B_SPLINE_CURVE_WITH_KNOTS('',3,(#2541,#2542,#2543,#2544),
 .UNSPECIFIED.,.F.,.F.,(4,4),(0.,1.),.UNSPECIFIED.);
#88=B_SPLINE_CURVE_WITH_KNOTS('',3,(#2565,#2566,#2567,#2568),
 .UNSPECIFIED.,.F.,.F.,(4,4),(0.,1.),.UNSPECIFIED.);
#89=CYLINDRICAL_SURFACE('',#1438,14.);
#90=CYLINDRICAL_SURFACE('',#1442,2.00000000000001);
#91=CYLINDRICAL_SURFACE('',#1443,2.00000000000001);
#92=CYLINDRICAL_SURFACE('',#1450,2.00000000000001);
#93=CYLINDRICAL_SURFACE('',#1459,2.00000000000001);
#94=CYLINDRICAL_SURFACE('',#1465,1.);
#95=CYLINDRICAL_SURFACE('',#1468,4.99999999999999);
#96=CYLINDRICAL_SURFACE('',#1473,1.);
#97=CYLINDRICAL_SURFACE('',#1478,3.);
#98=CYLINDRICAL_SURFACE('',#1485,5.);
#99=CYLINDRICAL_SURFACE('',#1492,5.);
#100=CYLINDRICAL_SURFACE('',#1493,5.);
#101=CYLINDRICAL_SURFACE('',#1532,0.500000000000003);
#102=CYLINDRICAL_SURFACE('',#1534,0.500000000000003);
#103=CYLINDRICAL_SURFACE('',#1538,0.500000000000003);
#104=CYLINDRICAL_SURFACE('',#1540,0.500000000000003);
#105=CIRCLE('',#1437,2.49999999999979);
#106=CIRCLE('',#1439,14.);
#107=CIRCLE('',#1441,2.50000000000002);
#108=CIRCLE('',#1452,2.00000000000001);
#109=CIRCLE('',#1453,2.00000000000001);
#110=CIRCLE('',#1454,2.00000000000001);
#111=CIRCLE('',#1456,2.50000000000002);
#112=CIRCLE('',#1458,2.49999999999997);
#113=CIRCLE('',#1460,2.00000000000001);
#114=CIRCLE('',#1462,2.00000000000001);
#115=CIRCLE('',#1463,2.00000000000001);
#116=CIRCLE('',#1469,4.99999999999999);
#117=CIRCLE('',#1476,3.49999999999998);
#118=CIRCLE('',#1477,3.);
#119=CIRCLE('',#1479,3.);
#120=CIRCLE('',#1481,3.5);
#121=CIRCLE('',#1482,4.49999999999999);
#122=CIRCLE('',#1483,4.5);
#123=CIRCLE('',#1486,5.);
#124=CIRCLE('',#1495,12.);
#125=CIRCLE('',#1530,0.500000000000003);
#126=CIRCLE('',#1531,0.500000000000003);
#127=CIRCLE('',#1533,0.500000000000003);
#128=CIRCLE('',#1537,0.500000000000003);
#129=ORIENTED_EDGE('',*,*,#531,.T.);
#130=ORIENTED_EDGE('',*,*,#532,.T.);
#131=ORIENTED_EDGE('',*,*,#533,.T.);
#132=ORIENTED_EDGE('',*,*,#534,.T.);
#133=ORIENTED_EDGE('',*,*,#535,.T.);
#134=ORIENTED_EDGE('',*,*,#536,.T.);
#135=ORIENTED_EDGE('',*,*,#537,.T.);
#136=ORIENTED_EDGE('',*,*,#538,.T.);
#137=ORIENTED_EDGE('',*,*,#539,.T.);
#138=ORIENTED_EDGE('',*,*,#540,.T.);
#139=ORIENTED_EDGE('',*,*,#541,.T.);
#140=ORIENTED_EDGE('',*,*,#542,.T.);
#141=ORIENTED_EDGE('',*,*,#543,.T.);
#142=ORIENTED_EDGE('',*,*,#544,.T.);
#143=ORIENTED_EDGE('',*,*,#545,.T.);
#144=ORIENTED_EDGE('',*,*,#546,.T.);
#145=ORIENTED_EDGE('',*,*,#547,.T.);
#146=ORIENTED_EDGE('',*,*,#548,.T.);
#147=ORIENTED_EDGE('',*,*,#549,.T.);
#148=ORIENTED_EDGE('',*,*,#550,.T.);
#149=ORIENTED_EDGE('',*,*,#551,.T.);
#150=ORIENTED_EDGE('',*,*,#552,.F.);
#151=ORIENTED_EDGE('',*,*,#553,.T.);
#152=ORIENTED_EDGE('',*,*,#554,.T.);
#153=ORIENTED_EDGE('',*,*,#555,.T.);
#154=ORIENTED_EDGE('',*,*,#556,.T.);
#155=ORIENTED_EDGE('',*,*,#557,.T.);
#156=ORIENTED_EDGE('',*,*,#558,.F.);
#157=ORIENTED_EDGE('',*,*,#559,.T.);
#158=ORIENTED_EDGE('',*,*,#552,.T.);
#159=ORIENTED_EDGE('',*,*,#560,.T.);
#160=ORIENTED_EDGE('',*,*,#561,.T.);
#161=ORIENTED_EDGE('',*,*,#562,.T.);
#162=ORIENTED_EDGE('',*,*,#558,.T.);
#163=ORIENTED_EDGE('',*,*,#563,.T.);
#164=ORIENTED_EDGE('',*,*,#564,.T.);
#165=ORIENTED_EDGE('',*,*,#565,.T.);
#166=ORIENTED_EDGE('',*,*,#539,.F.);
#167=ORIENTED_EDGE('',*,*,#566,.T.);
#168=ORIENTED_EDGE('',*,*,#564,.F.);
#169=ORIENTED_EDGE('',*,*,#567,.T.);
#170=ORIENTED_EDGE('',*,*,#556,.F.);
#171=ORIENTED_EDGE('',*,*,#568,.T.);
#172=ORIENTED_EDGE('',*,*,#541,.F.);
#173=ORIENTED_EDGE('',*,*,#569,.T.);
#174=ORIENTED_EDGE('',*,*,#570,.T.);
#175=ORIENTED_EDGE('',*,*,#571,.T.);
#176=ORIENTED_EDGE('',*,*,#572,.T.);
#177=ORIENTED_EDGE('',*,*,#573,.T.);
#178=ORIENTED_EDGE('',*,*,#574,.T.);
#179=ORIENTED_EDGE('',*,*,#575,.F.);
#180=ORIENTED_EDGE('',*,*,#576,.T.);
#181=ORIENTED_EDGE('',*,*,#577,.T.);
#182=ORIENTED_EDGE('',*,*,#578,.T.);
#183=ORIENTED_EDGE('',*,*,#579,.F.);
#184=ORIENTED_EDGE('',*,*,#580,.T.);
#185=ORIENTED_EDGE('',*,*,#581,.T.);
#186=ORIENTED_EDGE('',*,*,#582,.T.);
#187=ORIENTED_EDGE('',*,*,#583,.T.);
#188=ORIENTED_EDGE('',*,*,#584,.T.);
#189=ORIENTED_EDGE('',*,*,#585,.T.);
#190=ORIENTED_EDGE('',*,*,#586,.T.);
#191=ORIENTED_EDGE('',*,*,#587,.T.);
#192=ORIENTED_EDGE('',*,*,#588,.T.);
#193=ORIENTED_EDGE('',*,*,#589,.T.);
#194=ORIENTED_EDGE('',*,*,#590,.T.);
#195=ORIENTED_EDGE('',*,*,#591,.T.);
#196=ORIENTED_EDGE('',*,*,#592,.T.);
#197=ORIENTED_EDGE('',*,*,#593,.F.);
#198=ORIENTED_EDGE('',*,*,#594,.F.);
#199=ORIENTED_EDGE('',*,*,#595,.F.);
#200=ORIENTED_EDGE('',*,*,#596,.F.);
#201=ORIENTED_EDGE('',*,*,#597,.F.);
#202=ORIENTED_EDGE('',*,*,#598,.T.);
#203=ORIENTED_EDGE('',*,*,#591,.F.);
#204=ORIENTED_EDGE('',*,*,#599,.T.);
#205=ORIENTED_EDGE('',*,*,#600,.T.);
#206=ORIENTED_EDGE('',*,*,#601,.F.);
#207=ORIENTED_EDGE('',*,*,#602,.F.);
#208=ORIENTED_EDGE('',*,*,#603,.F.);
#209=ORIENTED_EDGE('',*,*,#604,.T.);
#210=ORIENTED_EDGE('',*,*,#593,.T.);
#211=ORIENTED_EDGE('',*,*,#605,.T.);
#212=ORIENTED_EDGE('',*,*,#606,.T.);
#213=ORIENTED_EDGE('',*,*,#607,.F.);
#214=ORIENTED_EDGE('',*,*,#608,.T.);
#215=ORIENTED_EDGE('',*,*,#609,.T.);
#216=ORIENTED_EDGE('',*,*,#597,.T.);
#217=ORIENTED_EDGE('',*,*,#610,.T.);
#218=ORIENTED_EDGE('',*,*,#611,.T.);
#219=ORIENTED_EDGE('',*,*,#612,.T.);
#220=ORIENTED_EDGE('',*,*,#587,.F.);
#221=ORIENTED_EDGE('',*,*,#613,.T.);
#222=ORIENTED_EDGE('',*,*,#614,.F.);
#223=ORIENTED_EDGE('',*,*,#615,.F.);
#224=ORIENTED_EDGE('',*,*,#572,.F.);
#225=ORIENTED_EDGE('',*,*,#616,.F.);
#226=ORIENTED_EDGE('',*,*,#617,.T.);
#227=ORIENTED_EDGE('',*,*,#618,.T.);
#228=ORIENTED_EDGE('',*,*,#619,.T.);
#229=ORIENTED_EDGE('',*,*,#575,.T.);
#230=ORIENTED_EDGE('',*,*,#620,.T.);
#231=ORIENTED_EDGE('',*,*,#621,.F.);
#232=ORIENTED_EDGE('',*,*,#622,.F.);
#233=ORIENTED_EDGE('',*,*,#595,.T.);
#234=ORIENTED_EDGE('',*,*,#623,.T.);
#235=ORIENTED_EDGE('',*,*,#624,.T.);
#236=ORIENTED_EDGE('',*,*,#625,.T.);
#237=ORIENTED_EDGE('',*,*,#626,.F.);
#238=ORIENTED_EDGE('',*,*,#627,.T.);
#239=ORIENTED_EDGE('',*,*,#620,.F.);
#240=ORIENTED_EDGE('',*,*,#574,.F.);
#241=ORIENTED_EDGE('',*,*,#628,.F.);
#242=ORIENTED_EDGE('',*,*,#629,.F.);
#243=ORIENTED_EDGE('',*,*,#628,.T.);
#244=ORIENTED_EDGE('',*,*,#573,.F.);
#245=ORIENTED_EDGE('',*,*,#615,.T.);
#246=ORIENTED_EDGE('',*,*,#630,.F.);
#247=ORIENTED_EDGE('',*,*,#631,.F.);
#248=ORIENTED_EDGE('',*,*,#632,.T.);
#249=ORIENTED_EDGE('',*,*,#616,.T.);
#250=ORIENTED_EDGE('',*,*,#633,.T.);
#251=ORIENTED_EDGE('',*,*,#634,.T.);
#252=ORIENTED_EDGE('',*,*,#635,.T.);
#253=ORIENTED_EDGE('',*,*,#636,.T.);
#254=ORIENTED_EDGE('',*,*,#637,.T.);
#255=ORIENTED_EDGE('',*,*,#626,.T.);
#256=ORIENTED_EDGE('',*,*,#638,.F.);
#257=ORIENTED_EDGE('',*,*,#639,.F.);
#258=ORIENTED_EDGE('',*,*,#601,.T.);
#259=ORIENTED_EDGE('',*,*,#640,.T.);
#260=ORIENTED_EDGE('',*,*,#641,.F.);
#261=ORIENTED_EDGE('',*,*,#642,.T.);
#262=ORIENTED_EDGE('',*,*,#579,.T.);
#263=ORIENTED_EDGE('',*,*,#643,.T.);
#264=ORIENTED_EDGE('',*,*,#644,.T.);
#265=ORIENTED_EDGE('',*,*,#645,.T.);
#266=ORIENTED_EDGE('',*,*,#531,.F.);
#267=ORIENTED_EDGE('',*,*,#646,.T.);
#268=ORIENTED_EDGE('',*,*,#647,.T.);
#269=ORIENTED_EDGE('',*,*,#625,.F.);
#270=ORIENTED_EDGE('',*,*,#648,.T.);
#271=ORIENTED_EDGE('',*,*,#649,.F.);
#272=ORIENTED_EDGE('',*,*,#638,.T.);
#273=ORIENTED_EDGE('',*,*,#650,.F.);
#274=ORIENTED_EDGE('',*,*,#651,.F.);
#275=ORIENTED_EDGE('',*,*,#652,.T.);
#276=ORIENTED_EDGE('',*,*,#651,.T.);
#277=ORIENTED_EDGE('',*,*,#653,.T.);
#278=ORIENTED_EDGE('',*,*,#654,.T.);
#279=ORIENTED_EDGE('',*,*,#655,.T.);
#280=ORIENTED_EDGE('',*,*,#656,.T.);
#281=ORIENTED_EDGE('',*,*,#657,.T.);
#282=ORIENTED_EDGE('',*,*,#658,.T.);
#283=ORIENTED_EDGE('',*,*,#659,.T.);
#284=ORIENTED_EDGE('',*,*,#581,.F.);
#285=ORIENTED_EDGE('',*,*,#660,.T.);
#286=ORIENTED_EDGE('',*,*,#631,.T.);
#287=ORIENTED_EDGE('',*,*,#661,.F.);
#288=ORIENTED_EDGE('',*,*,#662,.T.);
#289=ORIENTED_EDGE('',*,*,#663,.T.);
#290=ORIENTED_EDGE('',*,*,#664,.T.);
#291=ORIENTED_EDGE('',*,*,#665,.T.);
#292=ORIENTED_EDGE('',*,*,#618,.F.);
#293=ORIENTED_EDGE('',*,*,#666,.T.);
#294=ORIENTED_EDGE('',*,*,#641,.T.);
#295=ORIENTED_EDGE('',*,*,#667,.T.);
#296=ORIENTED_EDGE('',*,*,#649,.T.);
#297=ORIENTED_EDGE('',*,*,#668,.T.);
#298=ORIENTED_EDGE('',*,*,#602,.T.);
#299=ORIENTED_EDGE('',*,*,#639,.T.);
#300=ORIENTED_EDGE('',*,*,#606,.F.);
#301=ORIENTED_EDGE('',*,*,#669,.T.);
#302=ORIENTED_EDGE('',*,*,#603,.T.);
#303=ORIENTED_EDGE('',*,*,#668,.F.);
#304=ORIENTED_EDGE('',*,*,#648,.F.);
#305=ORIENTED_EDGE('',*,*,#624,.F.);
#306=ORIENTED_EDGE('',*,*,#670,.F.);
#307=ORIENTED_EDGE('',*,*,#614,.T.);
#308=ORIENTED_EDGE('',*,*,#671,.T.);
#309=ORIENTED_EDGE('',*,*,#608,.F.);
#310=ORIENTED_EDGE('',*,*,#672,.F.);
#311=ORIENTED_EDGE('',*,*,#621,.T.);
#312=ORIENTED_EDGE('',*,*,#629,.T.);
#313=ORIENTED_EDGE('',*,*,#630,.T.);
#314=ORIENTED_EDGE('',*,*,#622,.T.);
#315=ORIENTED_EDGE('',*,*,#672,.T.);
#316=ORIENTED_EDGE('',*,*,#610,.F.);
#317=ORIENTED_EDGE('',*,*,#596,.T.);
#318=ORIENTED_EDGE('',*,*,#607,.T.);
#319=ORIENTED_EDGE('',*,*,#670,.T.);
#320=ORIENTED_EDGE('',*,*,#623,.F.);
#321=ORIENTED_EDGE('',*,*,#594,.T.);
#322=ORIENTED_EDGE('',*,*,#673,.T.);
#323=ORIENTED_EDGE('',*,*,#674,.T.);
#324=ORIENTED_EDGE('',*,*,#675,.T.);
#325=ORIENTED_EDGE('',*,*,#676,.T.);
#326=ORIENTED_EDGE('',*,*,#650,.T.);
#327=ORIENTED_EDGE('',*,*,#544,.F.);
#328=ORIENTED_EDGE('',*,*,#677,.T.);
#329=ORIENTED_EDGE('',*,*,#678,.T.);
#330=ORIENTED_EDGE('',*,*,#679,.F.);
#331=ORIENTED_EDGE('',*,*,#550,.F.);
#332=ORIENTED_EDGE('',*,*,#680,.T.);
#333=ORIENTED_EDGE('',*,*,#584,.F.);
#334=ORIENTED_EDGE('',*,*,#681,.T.);
#335=ORIENTED_EDGE('',*,*,#682,.T.);
#336=ORIENTED_EDGE('',*,*,#678,.F.);
#337=ORIENTED_EDGE('',*,*,#683,.T.);
#338=ORIENTED_EDGE('',*,*,#534,.F.);
#339=ORIENTED_EDGE('',*,*,#684,.F.);
#340=ORIENTED_EDGE('',*,*,#673,.F.);
#341=ORIENTED_EDGE('',*,*,#685,.F.);
#342=ORIENTED_EDGE('',*,*,#557,.F.);
#343=ORIENTED_EDGE('',*,*,#685,.T.);
#344=ORIENTED_EDGE('',*,*,#676,.F.);
#345=ORIENTED_EDGE('',*,*,#686,.F.);
#346=ORIENTED_EDGE('',*,*,#560,.F.);
#347=ORIENTED_EDGE('',*,*,#684,.T.);
#348=ORIENTED_EDGE('',*,*,#569,.F.);
#349=ORIENTED_EDGE('',*,*,#687,.F.);
#350=ORIENTED_EDGE('',*,*,#686,.T.);
#351=ORIENTED_EDGE('',*,*,#675,.F.);
#352=ORIENTED_EDGE('',*,*,#688,.F.);
#353=ORIENTED_EDGE('',*,*,#563,.F.);
#354=ORIENTED_EDGE('',*,*,#687,.T.);
#355=ORIENTED_EDGE('',*,*,#540,.F.);
#356=ORIENTED_EDGE('',*,*,#689,.F.);
#357=ORIENTED_EDGE('',*,*,#674,.F.);
#358=ORIENTED_EDGE('',*,*,#567,.F.);
#359=ORIENTED_EDGE('',*,*,#688,.T.);
#360=ORIENTED_EDGE('',*,*,#689,.T.);
#361=ORIENTED_EDGE('',*,*,#690,.T.);
#362=ORIENTED_EDGE('',*,*,#691,.T.);
#363=ORIENTED_EDGE('',*,*,#644,.F.);
#364=ORIENTED_EDGE('',*,*,#692,.T.);
#365=ORIENTED_EDGE('',*,*,#693,.T.);
#366=ORIENTED_EDGE('',*,*,#694,.T.);
#367=ORIENTED_EDGE('',*,*,#664,.F.);
#368=ORIENTED_EDGE('',*,*,#695,.T.);
#369=ORIENTED_EDGE('',*,*,#696,.T.);
#370=ORIENTED_EDGE('',*,*,#543,.F.);
#371=ORIENTED_EDGE('',*,*,#697,.T.);
#372=ORIENTED_EDGE('',*,*,#577,.F.);
#373=ORIENTED_EDGE('',*,*,#698,.F.);
#374=ORIENTED_EDGE('',*,*,#646,.F.);
#375=ORIENTED_EDGE('',*,*,#698,.T.);
#376=ORIENTED_EDGE('',*,*,#576,.F.);
#377=ORIENTED_EDGE('',*,*,#619,.F.);
#378=ORIENTED_EDGE('',*,*,#667,.F.);
#379=ORIENTED_EDGE('',*,*,#647,.F.);
#380=ORIENTED_EDGE('',*,*,#699,.T.);
#381=ORIENTED_EDGE('',*,*,#700,.T.);
#382=ORIENTED_EDGE('',*,*,#662,.F.);
#383=ORIENTED_EDGE('',*,*,#701,.F.);
#384=ORIENTED_EDGE('',*,*,#636,.F.);
#385=ORIENTED_EDGE('',*,*,#627,.F.);
#386=ORIENTED_EDGE('',*,*,#637,.F.);
#387=ORIENTED_EDGE('',*,*,#701,.T.);
#388=ORIENTED_EDGE('',*,*,#661,.T.);
#389=ORIENTED_EDGE('',*,*,#633,.F.);
#390=ORIENTED_EDGE('',*,*,#671,.F.);
#391=ORIENTED_EDGE('',*,*,#613,.F.);
#392=ORIENTED_EDGE('',*,*,#598,.F.);
#393=ORIENTED_EDGE('',*,*,#609,.F.);
#394=ORIENTED_EDGE('',*,*,#592,.F.);
#395=ORIENTED_EDGE('',*,*,#604,.F.);
#396=ORIENTED_EDGE('',*,*,#669,.F.);
#397=ORIENTED_EDGE('',*,*,#605,.F.);
#398=ORIENTED_EDGE('',*,*,#554,.F.);
#399=ORIENTED_EDGE('',*,*,#702,.T.);
#400=ORIENTED_EDGE('',*,*,#611,.F.);
#401=ORIENTED_EDGE('',*,*,#703,.F.);
#402=ORIENTED_EDGE('',*,*,#697,.F.);
#403=ORIENTED_EDGE('',*,*,#542,.F.);
#404=ORIENTED_EDGE('',*,*,#704,.F.);
#405=ORIENTED_EDGE('',*,*,#578,.F.);
#406=ORIENTED_EDGE('',*,*,#703,.T.);
#407=ORIENTED_EDGE('',*,*,#571,.F.);
#408=ORIENTED_EDGE('',*,*,#705,.F.);
#409=ORIENTED_EDGE('',*,*,#555,.F.);
#410=ORIENTED_EDGE('',*,*,#704,.T.);
#411=ORIENTED_EDGE('',*,*,#568,.F.);
#412=ORIENTED_EDGE('',*,*,#705,.T.);
#413=ORIENTED_EDGE('',*,*,#570,.F.);
#414=ORIENTED_EDGE('',*,*,#600,.F.);
#415=ORIENTED_EDGE('',*,*,#706,.T.);
#416=ORIENTED_EDGE('',*,*,#561,.F.);
#417=ORIENTED_EDGE('',*,*,#707,.F.);
#418=ORIENTED_EDGE('',*,*,#707,.T.);
#419=ORIENTED_EDGE('',*,*,#565,.F.);
#420=ORIENTED_EDGE('',*,*,#708,.F.);
#421=ORIENTED_EDGE('',*,*,#640,.F.);
#422=ORIENTED_EDGE('',*,*,#708,.T.);
#423=ORIENTED_EDGE('',*,*,#566,.F.);
#424=ORIENTED_EDGE('',*,*,#709,.F.);
#425=ORIENTED_EDGE('',*,*,#634,.F.);
#426=ORIENTED_EDGE('',*,*,#538,.F.);
#427=ORIENTED_EDGE('',*,*,#710,.T.);
#428=ORIENTED_EDGE('',*,*,#699,.F.);
#429=ORIENTED_EDGE('',*,*,#635,.F.);
#430=ORIENTED_EDGE('',*,*,#709,.T.);
#431=ORIENTED_EDGE('',*,*,#710,.F.);
#432=ORIENTED_EDGE('',*,*,#537,.F.);
#433=ORIENTED_EDGE('',*,*,#711,.F.);
#434=ORIENTED_EDGE('',*,*,#695,.F.);
#435=ORIENTED_EDGE('',*,*,#663,.F.);
#436=ORIENTED_EDGE('',*,*,#700,.F.);
#437=ORIENTED_EDGE('',*,*,#683,.F.);
#438=ORIENTED_EDGE('',*,*,#677,.F.);
#439=ORIENTED_EDGE('',*,*,#547,.F.);
#440=ORIENTED_EDGE('',*,*,#712,.F.);
#441=ORIENTED_EDGE('',*,*,#535,.F.);
#442=ORIENTED_EDGE('',*,*,#711,.T.);
#443=ORIENTED_EDGE('',*,*,#536,.F.);
#444=ORIENTED_EDGE('',*,*,#713,.F.);
#445=ORIENTED_EDGE('',*,*,#696,.F.);
#446=ORIENTED_EDGE('',*,*,#713,.T.);
#447=ORIENTED_EDGE('',*,*,#712,.T.);
#448=ORIENTED_EDGE('',*,*,#714,.F.);
#449=ORIENTED_EDGE('',*,*,#714,.T.);
#450=ORIENTED_EDGE('',*,*,#546,.F.);
#451=ORIENTED_EDGE('',*,*,#715,.F.);
#452=ORIENTED_EDGE('',*,*,#693,.F.);
#453=ORIENTED_EDGE('',*,*,#665,.F.);
#454=ORIENTED_EDGE('',*,*,#694,.F.);
#455=ORIENTED_EDGE('',*,*,#716,.F.);
#456=ORIENTED_EDGE('',*,*,#582,.F.);
#457=ORIENTED_EDGE('',*,*,#716,.T.);
#458=ORIENTED_EDGE('',*,*,#715,.T.);
#459=ORIENTED_EDGE('',*,*,#717,.F.);
#460=ORIENTED_EDGE('',*,*,#681,.F.);
#461=ORIENTED_EDGE('',*,*,#583,.F.);
#462=ORIENTED_EDGE('',*,*,#717,.T.);
#463=ORIENTED_EDGE('',*,*,#545,.F.);
#464=ORIENTED_EDGE('',*,*,#645,.F.);
#465=ORIENTED_EDGE('',*,*,#691,.F.);
#466=ORIENTED_EDGE('',*,*,#718,.F.);
#467=ORIENTED_EDGE('',*,*,#532,.F.);
#468=ORIENTED_EDGE('',*,*,#682,.F.);
#469=ORIENTED_EDGE('',*,*,#533,.F.);
#470=ORIENTED_EDGE('',*,*,#719,.F.);
#471=ORIENTED_EDGE('',*,*,#551,.F.);
#472=ORIENTED_EDGE('',*,*,#679,.T.);
#473=ORIENTED_EDGE('',*,*,#719,.T.);
#474=ORIENTED_EDGE('',*,*,#718,.T.);
#475=ORIENTED_EDGE('',*,*,#720,.F.);
#476=ORIENTED_EDGE('',*,*,#643,.F.);
#477=ORIENTED_EDGE('',*,*,#586,.F.);
#478=ORIENTED_EDGE('',*,*,#721,.F.);
#479=ORIENTED_EDGE('',*,*,#692,.F.);
#480=ORIENTED_EDGE('',*,*,#720,.T.);
#481=ORIENTED_EDGE('',*,*,#690,.F.);
#482=ORIENTED_EDGE('',*,*,#722,.F.);
#483=ORIENTED_EDGE('',*,*,#548,.F.);
#484=ORIENTED_EDGE('',*,*,#722,.T.);
#485=ORIENTED_EDGE('',*,*,#721,.T.);
#486=ORIENTED_EDGE('',*,*,#723,.F.);
#487=ORIENTED_EDGE('',*,*,#723,.T.);
#488=ORIENTED_EDGE('',*,*,#585,.F.);
#489=ORIENTED_EDGE('',*,*,#680,.F.);
#490=ORIENTED_EDGE('',*,*,#549,.F.);
#491=ORIENTED_EDGE('',*,*,#724,.F.);
#492=ORIENTED_EDGE('',*,*,#666,.F.);
#493=ORIENTED_EDGE('',*,*,#725,.F.);
#494=ORIENTED_EDGE('',*,*,#658,.F.);
#495=ORIENTED_EDGE('',*,*,#725,.T.);
#496=ORIENTED_EDGE('',*,*,#617,.F.);
#497=ORIENTED_EDGE('',*,*,#726,.F.);
#498=ORIENTED_EDGE('',*,*,#659,.F.);
#499=ORIENTED_EDGE('',*,*,#724,.T.);
#500=ORIENTED_EDGE('',*,*,#657,.F.);
#501=ORIENTED_EDGE('',*,*,#727,.F.);
#502=ORIENTED_EDGE('',*,*,#642,.F.);
#503=ORIENTED_EDGE('',*,*,#726,.T.);
#504=ORIENTED_EDGE('',*,*,#632,.F.);
#505=ORIENTED_EDGE('',*,*,#728,.F.);
#506=ORIENTED_EDGE('',*,*,#654,.F.);
#507=ORIENTED_EDGE('',*,*,#727,.T.);
#508=ORIENTED_EDGE('',*,*,#656,.F.);
#509=ORIENTED_EDGE('',*,*,#729,.F.);
#510=ORIENTED_EDGE('',*,*,#580,.F.);
#511=ORIENTED_EDGE('',*,*,#728,.T.);
#512=ORIENTED_EDGE('',*,*,#660,.F.);
#513=ORIENTED_EDGE('',*,*,#729,.T.);
#514=ORIENTED_EDGE('',*,*,#655,.F.);
#515=ORIENTED_EDGE('',*,*,#599,.F.);
#516=ORIENTED_EDGE('',*,*,#590,.F.);
#517=ORIENTED_EDGE('',*,*,#730,.F.);
#518=ORIENTED_EDGE('',*,*,#562,.F.);
#519=ORIENTED_EDGE('',*,*,#706,.F.);
#520=ORIENTED_EDGE('',*,*,#730,.T.);
#521=ORIENTED_EDGE('',*,*,#589,.F.);
#522=ORIENTED_EDGE('',*,*,#731,.F.);
#523=ORIENTED_EDGE('',*,*,#559,.F.);
#524=ORIENTED_EDGE('',*,*,#731,.T.);
#525=ORIENTED_EDGE('',*,*,#588,.F.);
#526=ORIENTED_EDGE('',*,*,#612,.F.);
#527=ORIENTED_EDGE('',*,*,#702,.F.);
#528=ORIENTED_EDGE('',*,*,#553,.F.);
#529=ORIENTED_EDGE('',*,*,#652,.F.);
#530=ORIENTED_EDGE('',*,*,#653,.F.);
#531=EDGE_CURVE('',#732,#733,#856,.T.);
#532=EDGE_CURVE('',#733,#734,#857,.T.);
#533=EDGE_CURVE('',#734,#735,#858,.T.);
#534=EDGE_CURVE('',#735,#736,#859,.T.);
#535=EDGE_CURVE('',#736,#737,#860,.T.);
#536=EDGE_CURVE('',#737,#738,#861,.T.);
#537=EDGE_CURVE('',#738,#739,#862,.T.);
#538=EDGE_CURVE('',#739,#740,#863,.T.);
#539=EDGE_CURVE('',#740,#741,#864,.T.);
#540=EDGE_CURVE('',#741,#742,#865,.T.);
#541=EDGE_CURVE('',#742,#743,#866,.F.);
#542=EDGE_CURVE('',#743,#744,#867,.T.);
#543=EDGE_CURVE('',#744,#732,#868,.F.);
#544=EDGE_CURVE('',#745,#746,#869,.T.);
#545=EDGE_CURVE('',#746,#747,#870,.T.);
#546=EDGE_CURVE('',#747,#748,#871,.F.);
#547=EDGE_CURVE('',#748,#745,#872,.T.);
#548=EDGE_CURVE('',#749,#750,#873,.F.);
#549=EDGE_CURVE('',#750,#751,#874,.T.);
#550=EDGE_CURVE('',#751,#752,#875,.T.);
#551=EDGE_CURVE('',#752,#749,#876,.T.);
#552=EDGE_CURVE('',#753,#754,#877,.F.);
#553=EDGE_CURVE('',#753,#755,#878,.T.);
#554=EDGE_CURVE('',#755,#756,#105,.T.);
#555=EDGE_CURVE('',#756,#757,#879,.T.);
#556=EDGE_CURVE('',#757,#758,#880,.T.);
#557=EDGE_CURVE('',#758,#754,#881,.T.);
#558=EDGE_CURVE('',#759,#760,#882,.F.);
#559=EDGE_CURVE('',#759,#753,#52,.T.);
#560=EDGE_CURVE('',#754,#760,#106,.T.);
#561=EDGE_CURVE('',#761,#762,#107,.T.);
#562=EDGE_CURVE('',#762,#759,#883,.T.);
#563=EDGE_CURVE('',#760,#763,#884,.T.);
#564=EDGE_CURVE('',#763,#764,#885,.F.);
#565=EDGE_CURVE('',#764,#761,#886,.T.);
#566=EDGE_CURVE('',#740,#764,#53,.T.);
#567=EDGE_CURVE('',#763,#741,#54,.T.);
#568=EDGE_CURVE('',#757,#743,#55,.T.);
#569=EDGE_CURVE('',#742,#758,#56,.T.);
#570=EDGE_CURVE('',#765,#766,#57,.T.);
#571=EDGE_CURVE('',#766,#767,#887,.T.);
#572=EDGE_CURVE('',#767,#768,#888,.F.);
#573=EDGE_CURVE('',#768,#769,#889,.T.);
#574=EDGE_CURVE('',#769,#770,#40,.F.);
#575=EDGE_CURVE('',#771,#770,#890,.T.);
#576=EDGE_CURVE('',#771,#772,#58,.T.);
#577=EDGE_CURVE('',#772,#773,#891,.T.);
#578=EDGE_CURVE('',#773,#765,#892,.T.);
#579=EDGE_CURVE('',#774,#775,#893,.T.);
#580=EDGE_CURVE('',#774,#776,#894,.F.);
#581=EDGE_CURVE('',#776,#777,#895,.T.);
#582=EDGE_CURVE('',#777,#778,#896,.T.);
#583=EDGE_CURVE('',#778,#779,#897,.T.);
#584=EDGE_CURVE('',#779,#780,#898,.T.);
#585=EDGE_CURVE('',#780,#781,#899,.T.);
#586=EDGE_CURVE('',#781,#775,#900,.T.);
#587=EDGE_CURVE('',#782,#783,#901,.F.);
#588=EDGE_CURVE('',#783,#784,#902,.T.);
#589=EDGE_CURVE('',#784,#785,#59,.T.);
#590=EDGE_CURVE('',#785,#786,#903,.T.);
#591=EDGE_CURVE('',#786,#787,#904,.F.);
#592=EDGE_CURVE('',#787,#788,#60,.T.);
#593=EDGE_CURVE('',#789,#788,#905,.T.);
#594=EDGE_CURVE('',#790,#789,#41,.T.);
#595=EDGE_CURVE('',#791,#790,#906,.T.);
#596=EDGE_CURVE('',#792,#791,#42,.T.);
#597=EDGE_CURVE('',#793,#792,#907,.T.);
#598=EDGE_CURVE('',#793,#782,#61,.T.);
#599=EDGE_CURVE('',#786,#794,#43,.T.);
#600=EDGE_CURVE('',#794,#795,#108,.F.);
#601=EDGE_CURVE('',#796,#795,#908,.T.);
#602=EDGE_CURVE('',#797,#796,#109,.T.);
#603=EDGE_CURVE('',#798,#797,#909,.T.);
#604=EDGE_CURVE('',#798,#787,#110,.T.);
#605=EDGE_CURVE('',#788,#799,#111,.F.);
#606=EDGE_CURVE('',#799,#800,#910,.T.);
#607=EDGE_CURVE('',#789,#800,#911,.T.);
#608=EDGE_CURVE('',#801,#802,#912,.T.);
#609=EDGE_CURVE('',#802,#793,#112,.F.);
#610=EDGE_CURVE('',#792,#801,#913,.T.);
#611=EDGE_CURVE('',#767,#803,#113,.F.);
#612=EDGE_CURVE('',#803,#783,#44,.T.);
#613=EDGE_CURVE('',#782,#804,#114,.T.);
#614=EDGE_CURVE('',#805,#804,#914,.T.);
#615=EDGE_CURVE('',#768,#805,#115,.T.);
#616=EDGE_CURVE('',#806,#807,#915,.F.);
#617=EDGE_CURVE('',#806,#808,#916,.T.);
#618=EDGE_CURVE('',#808,#809,#917,.T.);
#619=EDGE_CURVE('',#809,#771,#62,.T.);
#620=EDGE_CURVE('',#770,#810,#918,.F.);
#621=EDGE_CURVE('',#811,#810,#919,.T.);
#622=EDGE_CURVE('',#791,#811,#920,.T.);
#623=EDGE_CURVE('',#790,#812,#921,.F.);
#624=EDGE_CURVE('',#812,#813,#922,.T.);
#625=EDGE_CURVE('',#813,#814,#923,.T.);
#626=EDGE_CURVE('',#815,#814,#924,.T.);
#627=EDGE_CURVE('',#815,#807,#63,.T.);
#628=EDGE_CURVE('',#816,#769,#925,.T.);
#629=EDGE_CURVE('',#810,#816,#45,.T.);
#630=EDGE_CURVE('',#816,#805,#926,.T.);
#631=EDGE_CURVE('',#817,#818,#927,.T.);
#632=EDGE_CURVE('',#817,#806,#116,.F.);
#633=EDGE_CURVE('',#807,#818,#64,.F.);
#634=EDGE_CURVE('',#819,#820,#65,.T.);
#635=EDGE_CURVE('',#820,#821,#928,.T.);
#636=EDGE_CURVE('',#821,#822,#929,.T.);
#637=EDGE_CURVE('',#822,#815,#66,.T.);
#638=EDGE_CURVE('',#823,#814,#46,.T.);
#639=EDGE_CURVE('',#796,#823,#930,.T.);
#640=EDGE_CURVE('',#795,#819,#931,.T.);
#641=EDGE_CURVE('',#824,#825,#932,.T.);
#642=EDGE_CURVE('',#824,#774,#933,.F.);
#643=EDGE_CURVE('',#775,#826,#934,.T.);
#644=EDGE_CURVE('',#826,#827,#935,.F.);
#645=EDGE_CURVE('',#827,#733,#936,.F.);
#646=EDGE_CURVE('',#732,#828,#937,.T.);
#647=EDGE_CURVE('',#828,#825,#67,.T.);
#648=EDGE_CURVE('',#813,#829,#47,.F.);
#649=EDGE_CURVE('',#823,#829,#938,.F.);
#650=EDGE_CURVE('',#830,#830,#117,.T.);
#651=EDGE_CURVE('',#831,#831,#118,.T.);
#652=EDGE_CURVE('',#832,#832,#119,.T.);
#653=EDGE_CURVE('',#833,#833,#120,.F.);
#654=EDGE_CURVE('',#834,#835,#121,.T.);
#655=EDGE_CURVE('',#835,#836,#939,.T.);
#656=EDGE_CURVE('',#836,#837,#940,.T.);
#657=EDGE_CURVE('',#837,#838,#941,.T.);
#658=EDGE_CURVE('',#838,#839,#122,.T.);
#659=EDGE_CURVE('',#839,#834,#942,.F.);
#660=EDGE_CURVE('',#776,#817,#943,.F.);
#661=EDGE_CURVE('',#840,#818,#68,.T.);
#662=EDGE_CURVE('',#840,#841,#944,.T.);
#663=EDGE_CURVE('',#841,#842,#945,.T.);
#664=EDGE_CURVE('',#842,#843,#946,.F.);
#665=EDGE_CURVE('',#843,#777,#947,.T.);
#666=EDGE_CURVE('',#808,#824,#123,.F.);
#667=EDGE_CURVE('',#825,#809,#69,.T.);
#668=EDGE_CURVE('',#829,#797,#948,.T.);
#669=EDGE_CURVE('',#799,#798,#70,.T.);
#670=EDGE_CURVE('',#800,#812,#48,.T.);
#671=EDGE_CURVE('',#804,#802,#71,.T.);
#672=EDGE_CURVE('',#811,#801,#49,.T.);
#673=EDGE_CURVE('',#844,#845,#949,.T.);
#674=EDGE_CURVE('',#845,#846,#950,.T.);
#675=EDGE_CURVE('',#846,#847,#951,.T.);
#676=EDGE_CURVE('',#847,#844,#124,.F.);
#677=EDGE_CURVE('',#745,#848,#952,.F.);
#678=EDGE_CURVE('',#848,#849,#953,.T.);
#679=EDGE_CURVE('',#752,#849,#954,.F.);
#680=EDGE_CURVE('',#751,#780,#955,.T.);
#681=EDGE_CURVE('',#779,#746,#956,.T.);
#682=EDGE_CURVE('',#735,#849,#957,.F.);
#683=EDGE_CURVE('',#848,#736,#958,.F.);
#684=EDGE_CURVE('',#845,#758,#72,.F.);
#685=EDGE_CURVE('',#754,#844,#73,.T.);
#686=EDGE_CURVE('',#760,#847,#74,.T.);
#687=EDGE_CURVE('',#845,#742,#75,.T.);
#688=EDGE_CURVE('',#763,#846,#76,.F.);
#689=EDGE_CURVE('',#846,#741,#77,.F.);
#690=EDGE_CURVE('',#850,#851,#959,.F.);
#691=EDGE_CURVE('',#851,#827,#960,.T.);
#692=EDGE_CURVE('',#826,#850,#961,.T.);
#693=EDGE_CURVE('',#852,#853,#962,.F.);
#694=EDGE_CURVE('',#853,#843,#963,.T.);
#695=EDGE_CURVE('',#842,#854,#964,.T.);
#696=EDGE_CURVE('',#854,#852,#965,.T.);
#697=EDGE_CURVE('',#744,#773,#966,.F.);
#698=EDGE_CURVE('',#828,#772,#78,.F.);
#699=EDGE_CURVE('',#821,#855,#967,.F.);
#700=EDGE_CURVE('',#855,#841,#968,.F.);
#701=EDGE_CURVE('',#822,#840,#79,.F.);
#702=EDGE_CURVE('',#755,#803,#80,.T.);
#703=EDGE_CURVE('',#756,#767,#969,.T.);
#704=EDGE_CURVE('',#765,#743,#81,.F.);
#705=EDGE_CURVE('',#757,#766,#82,.F.);
#706=EDGE_CURVE('',#794,#762,#83,.T.);
#707=EDGE_CURVE('',#795,#761,#84,.F.);
#708=EDGE_CURVE('',#819,#764,#85,.F.);
#709=EDGE_CURVE('',#820,#740,#86,.T.);
#710=EDGE_CURVE('',#739,#855,#970,.T.);
#711=EDGE_CURVE('',#854,#738,#971,.T.);
#712=EDGE_CURVE('',#737,#748,#972,.F.);
#713=EDGE_CURVE('',#852,#737,#973,.F.);
#714=EDGE_CURVE('',#852,#748,#974,.F.);
#715=EDGE_CURVE('',#853,#747,#975,.F.);
#716=EDGE_CURVE('',#778,#853,#976,.T.);
#717=EDGE_CURVE('',#778,#747,#977,.T.);
#718=EDGE_CURVE('',#734,#851,#978,.F.);
#719=EDGE_CURVE('',#749,#734,#979,.F.);
#720=EDGE_CURVE('',#749,#851,#980,.F.);
#721=EDGE_CURVE('',#850,#781,#981,.T.);
#722=EDGE_CURVE('',#750,#850,#982,.F.);
#723=EDGE_CURVE('',#750,#781,#983,.T.);
#724=EDGE_CURVE('',#824,#838,#125,.T.);
#725=EDGE_CURVE('',#839,#808,#126,.T.);
#726=EDGE_CURVE('',#834,#806,#127,.T.);
#727=EDGE_CURVE('',#774,#837,#50,.T.);
#728=EDGE_CURVE('',#835,#817,#128,.T.);
#729=EDGE_CURVE('',#776,#836,#51,.T.);
#730=EDGE_CURVE('',#759,#785,#87,.F.);
#731=EDGE_CURVE('',#753,#784,#88,.T.);
#732=VERTEX_POINT('',#1902);
#733=VERTEX_POINT('',#1903);
#734=VERTEX_POINT('',#1905);
#735=VERTEX_POINT('',#1907);
#736=VERTEX_POINT('',#1909);
#737=VERTEX_POINT('',#1911);
#738=VERTEX_POINT('',#1913);
#739=VERTEX_POINT('',#1915);
#740=VERTEX_POINT('',#1917);
#741=VERTEX_POINT('',#1919);
#742=VERTEX_POINT('',#1921);
#743=VERTEX_POINT('',#1923);
#744=VERTEX_POINT('',#1925);
#745=VERTEX_POINT('',#1929);
#746=VERTEX_POINT('',#1930);
#747=VERTEX_POINT('',#1932);
#748=VERTEX_POINT('',#1934);
#749=VERTEX_POINT('',#1938);
#750=VERTEX_POINT('',#1939);
#751=VERTEX_POINT('',#1941);
#752=VERTEX_POINT('',#1943);
#753=VERTEX_POINT('',#1947);
#754=VERTEX_POINT('',#1948);
#755=VERTEX_POINT('',#1950);
#756=VERTEX_POINT('',#1952);
#757=VERTEX_POINT('',#1954);
#758=VERTEX_POINT('',#1956);
#759=VERTEX_POINT('',#1960);
#760=VERTEX_POINT('',#1961);
#761=VERTEX_POINT('',#1993);
#762=VERTEX_POINT('',#1994);
#763=VERTEX_POINT('',#1997);
#764=VERTEX_POINT('',#1999);
#765=VERTEX_POINT('',#2031);
#766=VERTEX_POINT('',#2032);
#767=VERTEX_POINT('',#2034);
#768=VERTEX_POINT('',#2036);
#769=VERTEX_POINT('',#2038);
#770=VERTEX_POINT('',#2040);
#771=VERTEX_POINT('',#2042);
#772=VERTEX_POINT('',#2049);
#773=VERTEX_POINT('',#2051);
#774=VERTEX_POINT('',#2055);
#775=VERTEX_POINT('',#2056);
#776=VERTEX_POINT('',#2058);
#777=VERTEX_POINT('',#2060);
#778=VERTEX_POINT('',#2062);
#779=VERTEX_POINT('',#2064);
#780=VERTEX_POINT('',#2066);
#781=VERTEX_POINT('',#2068);
#782=VERTEX_POINT('',#2072);
#783=VERTEX_POINT('',#2073);
#784=VERTEX_POINT('',#2075);
#785=VERTEX_POINT('',#2091);
#786=VERTEX_POINT('',#2093);
#787=VERTEX_POINT('',#2095);
#788=VERTEX_POINT('',#2100);
#789=VERTEX_POINT('',#2102);
#790=VERTEX_POINT('',#2104);
#791=VERTEX_POINT('',#2106);
#792=VERTEX_POINT('',#2108);
#793=VERTEX_POINT('',#2110);
#794=VERTEX_POINT('',#2117);
#795=VERTEX_POINT('',#2119);
#796=VERTEX_POINT('',#2121);
#797=VERTEX_POINT('',#2123);
#798=VERTEX_POINT('',#2125);
#799=VERTEX_POINT('',#2129);
#800=VERTEX_POINT('',#2131);
#801=VERTEX_POINT('',#2135);
#802=VERTEX_POINT('',#2136);
#803=VERTEX_POINT('',#2141);
#804=VERTEX_POINT('',#2144);
#805=VERTEX_POINT('',#2146);
#806=VERTEX_POINT('',#2150);
#807=VERTEX_POINT('',#2151);
#808=VERTEX_POINT('',#2153);
#809=VERTEX_POINT('',#2155);
#810=VERTEX_POINT('',#2161);
#811=VERTEX_POINT('',#2163);
#812=VERTEX_POINT('',#2166);
#813=VERTEX_POINT('',#2168);
#814=VERTEX_POINT('',#2170);
#815=VERTEX_POINT('',#2172);
#816=VERTEX_POINT('',#2179);
#817=VERTEX_POINT('',#2185);
#818=VERTEX_POINT('',#2186);
#819=VERTEX_POINT('',#2202);
#820=VERTEX_POINT('',#2203);
#821=VERTEX_POINT('',#2205);
#822=VERTEX_POINT('',#2207);
#823=VERTEX_POINT('',#2214);
#824=VERTEX_POINT('',#2219);
#825=VERTEX_POINT('',#2220);
#826=VERTEX_POINT('',#2223);
#827=VERTEX_POINT('',#2225);
#828=VERTEX_POINT('',#2228);
#829=VERTEX_POINT('',#2235);
#830=VERTEX_POINT('',#2239);
#831=VERTEX_POINT('',#2241);
#832=VERTEX_POINT('',#2244);
#833=VERTEX_POINT('',#2247);
#834=VERTEX_POINT('',#2249);
#835=VERTEX_POINT('',#2250);
#836=VERTEX_POINT('',#2252);
#837=VERTEX_POINT('',#2254);
#838=VERTEX_POINT('',#2256);
#839=VERTEX_POINT('',#2258);
#840=VERTEX_POINT('',#2266);
#841=VERTEX_POINT('',#2268);
#842=VERTEX_POINT('',#2270);
#843=VERTEX_POINT('',#2272);
#844=VERTEX_POINT('',#2300);
#845=VERTEX_POINT('',#2301);
#846=VERTEX_POINT('',#2303);
#847=VERTEX_POINT('',#2305);
#848=VERTEX_POINT('',#2309);
#849=VERTEX_POINT('',#2311);
#850=VERTEX_POINT('',#2372);
#851=VERTEX_POINT('',#2373);
#852=VERTEX_POINT('',#2378);
#853=VERTEX_POINT('',#2379);
#854=VERTEX_POINT('',#2382);
#855=VERTEX_POINT('',#2410);
#856=LINE('',#1901,#984);
#857=LINE('',#1904,#985);
#858=LINE('',#1906,#986);
#859=LINE('',#1908,#987);
#860=LINE('',#1910,#988);
#861=LINE('',#1912,#989);
#862=LINE('',#1914,#990);
#863=LINE('',#1916,#991);
#864=LINE('',#1918,#992);
#865=LINE('',#1920,#993);
#866=LINE('',#1922,#994);
#867=LINE('',#1924,#995);
#868=LINE('',#1926,#996);
#869=LINE('',#1928,#997);
#870=LINE('',#1931,#998);
#871=LINE('',#1933,#999);
#872=LINE('',#1935,#1000);
#873=LINE('',#1937,#1001);
#874=LINE('',#1940,#1002);
#875=LINE('',#1942,#1003);
#876=LINE('',#1944,#1004);
#877=LINE('',#1946,#1005);
#878=LINE('',#1949,#1006);
#879=LINE('',#1953,#1007);
#880=LINE('',#1955,#1008);
#881=LINE('',#1957,#1009);
#882=LINE('',#1959,#1010);
#883=LINE('',#1995,#1011);
#884=LINE('',#1996,#1012);
#885=LINE('',#1998,#1013);
#886=LINE('',#2000,#1014);
#887=LINE('',#2033,#1015);
#888=LINE('',#2035,#1016);
#889=LINE('',#2037,#1017);
#890=LINE('',#2041,#1018);
#891=LINE('',#2050,#1019);
#892=LINE('',#2052,#1020);
#893=LINE('',#2054,#1021);
#894=LINE('',#2057,#1022);
#895=LINE('',#2059,#1023);
#896=LINE('',#2061,#1024);
#897=LINE('',#2063,#1025);
#898=LINE('',#2065,#1026);
#899=LINE('',#2067,#1027);
#900=LINE('',#2069,#1028);
#901=LINE('',#2071,#1029);
#902=LINE('',#2074,#1030);
#903=LINE('',#2092,#1031);
#904=LINE('',#2094,#1032);
#905=LINE('',#2101,#1033);
#906=LINE('',#2105,#1034);
#907=LINE('',#2109,#1035);
#908=LINE('',#2120,#1036);
#909=LINE('',#2124,#1037);
#910=LINE('',#2130,#1038);
#911=LINE('',#2132,#1039);
#912=LINE('',#2134,#1040);
#913=LINE('',#2138,#1041);
#914=LINE('',#2145,#1042);
#915=LINE('',#2149,#1043);
#916=LINE('',#2152,#1044);
#917=LINE('',#2154,#1045);
#918=LINE('',#2160,#1046);
#919=LINE('',#2162,#1047);
#920=LINE('',#2164,#1048);
#921=LINE('',#2165,#1049);
#922=LINE('',#2167,#1050);
#923=LINE('',#2169,#1051);
#924=LINE('',#2171,#1052);
#925=LINE('',#2178,#1053);
#926=LINE('',#2182,#1054);
#927=LINE('',#2184,#1055);
#928=LINE('',#2204,#1056);
#929=LINE('',#2206,#1057);
#930=LINE('',#2215,#1058);
#931=LINE('',#2216,#1059);
#932=LINE('',#2218,#1060);
#933=LINE('',#2221,#1061);
#934=LINE('',#2222,#1062);
#935=LINE('',#2224,#1063);
#936=LINE('',#2226,#1064);
#937=LINE('',#2227,#1065);
#938=LINE('',#2236,#1066);
#939=LINE('',#2251,#1067);
#940=LINE('',#2253,#1068);
#941=LINE('',#2255,#1069);
#942=LINE('',#2259,#1070);
#943=LINE('',#2261,#1071);
#944=LINE('',#2267,#1072);
#945=LINE('',#2269,#1073);
#946=LINE('',#2271,#1074);
#947=LINE('',#2273,#1075);
#948=LINE('',#2283,#1076);
#949=LINE('',#2299,#1077);
#950=LINE('',#2302,#1078);
#951=LINE('',#2304,#1079);
#952=LINE('',#2308,#1080);
#953=LINE('',#2310,#1081);
#954=LINE('',#2312,#1082);
#955=LINE('',#2313,#1083);
#956=LINE('',#2314,#1084);
#957=LINE('',#2316,#1085);
#958=LINE('',#2317,#1086);
#959=LINE('',#2371,#1087);
#960=LINE('',#2374,#1088);
#961=LINE('',#2375,#1089);
#962=LINE('',#2377,#1090);
#963=LINE('',#2380,#1091);
#964=LINE('',#2381,#1092);
#965=LINE('',#2383,#1093);
#966=LINE('',#2385,#1094);
#967=LINE('',#2409,#1095);
#968=LINE('',#2411,#1096);
#969=LINE('',#2441,#1097);
#970=LINE('',#2499,#1098);
#971=LINE('',#2501,#1099);
#972=LINE('',#2503,#1100);
#973=LINE('',#2505,#1101);
#974=LINE('',#2507,#1102);
#975=LINE('',#2509,#1103);
#976=LINE('',#2511,#1104);
#977=LINE('',#2513,#1105);
#978=LINE('',#2516,#1106);
#979=LINE('',#2518,#1107);
#980=LINE('',#2520,#1108);
#981=LINE('',#2522,#1109);
#982=LINE('',#2524,#1110);
#983=LINE('',#2526,#1111);
#984=VECTOR('',#1549,1000.);
#985=VECTOR('',#1550,1000.);
#986=VECTOR('',#1551,1000.);
#987=VECTOR('',#1552,1000.);
#988=VECTOR('',#1553,1000.);
#989=VECTOR('',#1554,1000.);
#990=VECTOR('',#1555,1000.);
#991=VECTOR('',#1556,1000.);
#992=VECTOR('',#1557,1000.);
#993=VECTOR('',#1558,1000.);
#994=VECTOR('',#1559,1000.);
#995=VECTOR('',#1560,1000.);
#996=VECTOR('',#1561,1000.);
#997=VECTOR('',#1564,1000.);
#998=VECTOR('',#1565,1000.);
#999=VECTOR('',#1566,1000.);
#1000=VECTOR('',#1567,1000.);
#1001=VECTOR('',#1570,1000.);
#1002=VECTOR('',#1571,1000.);
#1003=VECTOR('',#1572,1000.);
#1004=VECTOR('',#1573,1000.);
#1005=VECTOR('',#1576,1000.);
#1006=VECTOR('',#1577,1000.);
#1007=VECTOR('',#1580,1000.);
#1008=VECTOR('',#1581,1000.);
#1009=VECTOR('',#1582,1000.);
#1010=VECTOR('',#1585,1000.);
#1011=VECTOR('',#1592,1000.);
#1012=VECTOR('',#1593,1000.);
#1013=VECTOR('',#1594,1000.);
#1014=VECTOR('',#1595,1000.);
#1015=VECTOR('',#1602,1000.);
#1016=VECTOR('',#1603,1000.);
#1017=VECTOR('',#1604,1000.);
#1018=VECTOR('',#1607,1000.);
#1019=VECTOR('',#1608,1000.);
#1020=VECTOR('',#1609,1000.);
#1021=VECTOR('',#1612,1000.);
#1022=VECTOR('',#1613,1000.);
#1023=VECTOR('',#1614,1000.);
#1024=VECTOR('',#1615,1000.);
#1025=VECTOR('',#1616,1000.);
#1026=VECTOR('',#1617,1000.);
#1027=VECTOR('',#1618,1000.);
#1028=VECTOR('',#1619,1000.);
#1029=VECTOR('',#1622,1000.);
#1030=VECTOR('',#1623,1000.);
#1031=VECTOR('',#1624,1000.);
#1032=VECTOR('',#1625,1000.);
#1033=VECTOR('',#1626,1000.);
#1034=VECTOR('',#1629,1000.);
#1035=VECTOR('',#1632,1000.);
#1036=VECTOR('',#1639,1000.);
#1037=VECTOR('',#1642,1000.);
#1038=VECTOR('',#1649,1000.);
#1039=VECTOR('',#1650,1000.);
#1040=VECTOR('',#1653,1000.);
#1041=VECTOR('',#1656,1000.);
#1042=VECTOR('',#1665,1000.);
#1043=VECTOR('',#1670,1000.);
#1044=VECTOR('',#1671,1000.);
#1045=VECTOR('',#1672,1000.);
#1046=VECTOR('',#1673,1000.);
#1047=VECTOR('',#1674,1000.);
#1048=VECTOR('',#1675,1000.);
#1049=VECTOR('',#1676,1000.);
#1050=VECTOR('',#1677,1000.);
#1051=VECTOR('',#1678,1000.);
#1052=VECTOR('',#1679,1000.);
#1053=VECTOR('',#1682,1000.);
#1054=VECTOR('',#1687,1000.);
#1055=VECTOR('',#1690,1000.);
#1056=VECTOR('',#1695,1000.);
#1057=VECTOR('',#1696,1000.);
#1058=VECTOR('',#1699,1000.);
#1059=VECTOR('',#1700,1000.);
#1060=VECTOR('',#1703,1000.);
#1061=VECTOR('',#1704,1000.);
#1062=VECTOR('',#1705,1000.);
#1063=VECTOR('',#1706,1000.);
#1064=VECTOR('',#1707,1000.);
#1065=VECTOR('',#1708,1000.);
#1066=VECTOR('',#1713,1000.);
#1067=VECTOR('',#1730,1000.);
#1068=VECTOR('',#1731,1000.);
#1069=VECTOR('',#1732,1000.);
#1070=VECTOR('',#1735,1000.);
#1071=VECTOR('',#1738,1000.);
#1072=VECTOR('',#1739,1000.);
#1073=VECTOR('',#1740,1000.);
#1074=VECTOR('',#1741,1000.);
#1075=VECTOR('',#1742,1000.);
#1076=VECTOR('',#1749,1000.);
#1077=VECTOR('',#1764,1000.);
#1078=VECTOR('',#1765,1000.);
#1079=VECTOR('',#1766,1000.);
#1080=VECTOR('',#1771,1000.);
#1081=VECTOR('',#1772,1000.);
#1082=VECTOR('',#1773,1000.);
#1083=VECTOR('',#1774,1000.);
#1084=VECTOR('',#1775,1000.);
#1085=VECTOR('',#1778,1000.);
#1086=VECTOR('',#1779,1000.);
#1087=VECTOR('',#1790,1000.);
#1088=VECTOR('',#1791,1000.);
#1089=VECTOR('',#1792,1000.);
#1090=VECTOR('',#1795,1000.);
#1091=VECTOR('',#1796,1000.);
#1092=VECTOR('',#1797,1000.);
#1093=VECTOR('',#1798,1000.);
#1094=VECTOR('',#1801,1000.);
#1095=VECTOR('',#1804,1000.);
#1096=VECTOR('',#1805,1000.);
#1097=VECTOR('',#1812,1000.);
#1098=VECTOR('',#1823,1000.);
#1099=VECTOR('',#1826,1000.);
#1100=VECTOR('',#1829,1000.);
#1101=VECTOR('',#1832,1000.);
#1102=VECTOR('',#1835,1000.);
#1103=VECTOR('',#1838,1000.);
#1104=VECTOR('',#1841,1000.);
#1105=VECTOR('',#1844,1000.);
#1106=VECTOR('',#1849,1000.);
#1107=VECTOR('',#1852,1000.);
#1108=VECTOR('',#1855,1000.);
#1109=VECTOR('',#1858,1000.);
#1110=VECTOR('',#1861,1000.);
#1111=VECTOR('',#1864,1000.);
#1112=EDGE_LOOP('',(#129,#130,#131,#132,#133,#134,#135,#136,#137,#138,#139,
#140,#141));
#1113=EDGE_LOOP('',(#142,#143,#144,#145));
#1114=EDGE_LOOP('',(#146,#147,#148,#149));
#1115=EDGE_LOOP('',(#150,#151,#152,#153,#154,#155));
#1116=EDGE_LOOP('',(#156,#157,#158,#159));
#1117=EDGE_LOOP('',(#160,#161,#162,#163,#164,#165));
#1118=EDGE_LOOP('',(#166,#167,#168,#169));
#1119=EDGE_LOOP('',(#170,#171,#172,#173));
#1120=EDGE_LOOP('',(#174,#175,#176,#177,#178,#179,#180,#181,#182));
#1121=EDGE_LOOP('',(#183,#184,#185,#186,#187,#188,#189,#190));
#1122=EDGE_LOOP('',(#191,#192,#193,#194,#195,#196,#197,#198,#199,#200,#201,
#202));
#1123=EDGE_LOOP('',(#203,#204,#205,#206,#207,#208,#209));
#1124=EDGE_LOOP('',(#210,#211,#212,#213));
#1125=EDGE_LOOP('',(#214,#215,#216,#217));
#1126=EDGE_LOOP('',(#218,#219,#220,#221,#222,#223,#224));
#1127=EDGE_LOOP('',(#225,#226,#227,#228,#229,#230,#231,#232,#233,#234,#235,
#236,#237,#238));
#1128=EDGE_LOOP('',(#239,#240,#241,#242));
#1129=EDGE_LOOP('',(#243,#244,#245,#246));
#1130=EDGE_LOOP('',(#247,#248,#249,#250));
#1131=EDGE_LOOP('',(#251,#252,#253,#254,#255,#256,#257,#258,#259));
#1132=EDGE_LOOP('',(#260,#261,#262,#263,#264,#265,#266,#267,#268));
#1133=EDGE_LOOP('',(#269,#270,#271,#272));
#1134=EDGE_LOOP('',(#273));
#1135=EDGE_LOOP('',(#274));
#1136=EDGE_LOOP('',(#275));
#1137=EDGE_LOOP('',(#276));
#1138=EDGE_LOOP('',(#277));
#1139=EDGE_LOOP('',(#278,#279,#280,#281,#282,#283));
#1140=EDGE_LOOP('',(#284,#285,#286,#287,#288,#289,#290,#291));
#1141=EDGE_LOOP('',(#292,#293,#294,#295));
#1142=EDGE_LOOP('',(#296,#297,#298,#299));
#1143=EDGE_LOOP('',(#300,#301,#302,#303,#304,#305,#306));
#1144=EDGE_LOOP('',(#307,#308,#309,#310,#311,#312,#313));
#1145=EDGE_LOOP('',(#314,#315,#316,#317));
#1146=EDGE_LOOP('',(#318,#319,#320,#321));
#1147=EDGE_LOOP('',(#322,#323,#324,#325));
#1148=EDGE_LOOP('',(#326));
#1149=EDGE_LOOP('',(#327,#328,#329,#330,#331,#332,#333,#334));
#1150=EDGE_LOOP('',(#335,#336,#337,#338));
#1151=EDGE_LOOP('',(#339,#340,#341,#342));
#1152=EDGE_LOOP('',(#343,#344,#345,#346));
#1153=EDGE_LOOP('',(#347,#348,#349));
#1154=EDGE_LOOP('',(#350,#351,#352,#353));
#1155=EDGE_LOOP('',(#354,#355,#356,#357));
#1156=EDGE_LOOP('',(#358,#359,#360));
#1157=EDGE_LOOP('',(#361,#362,#363,#364));
#1158=EDGE_LOOP('',(#365,#366,#367,#368,#369));
#1159=EDGE_LOOP('',(#370,#371,#372,#373,#374));
#1160=EDGE_LOOP('',(#375,#376,#377,#378,#379));
#1161=EDGE_LOOP('',(#380,#381,#382,#383,#384));
#1162=EDGE_LOOP('',(#385,#386,#387,#388,#389));
#1163=EDGE_LOOP('',(#390,#391,#392,#393));
#1164=EDGE_LOOP('',(#394,#395,#396,#397));
#1165=EDGE_LOOP('',(#398,#399,#400,#401));
#1166=EDGE_LOOP('',(#402,#403,#404,#405));
#1167=EDGE_LOOP('',(#406,#407,#408,#409));
#1168=EDGE_LOOP('',(#410,#411,#412,#413));
#1169=EDGE_LOOP('',(#414,#415,#416,#417));
#1170=EDGE_LOOP('',(#418,#419,#420,#421));
#1171=EDGE_LOOP('',(#422,#423,#424,#425));
#1172=EDGE_LOOP('',(#426,#427,#428,#429,#430));
#1173=EDGE_LOOP('',(#431,#432,#433,#434,#435,#436));
#1174=EDGE_LOOP('',(#437,#438,#439,#440,#441));
#1175=EDGE_LOOP('',(#442,#443,#444,#445));
#1176=EDGE_LOOP('',(#446,#447,#448));
#1177=EDGE_LOOP('',(#449,#450,#451,#452));
#1178=EDGE_LOOP('',(#453,#454,#455,#456));
#1179=EDGE_LOOP('',(#457,#458,#459));
#1180=EDGE_LOOP('',(#460,#461,#462,#463));
#1181=EDGE_LOOP('',(#464,#465,#466,#467));
#1182=EDGE_LOOP('',(#468,#469,#470,#471,#472));
#1183=EDGE_LOOP('',(#473,#474,#475));
#1184=EDGE_LOOP('',(#476,#477,#478,#479));
#1185=EDGE_LOOP('',(#480,#481,#482,#483));
#1186=EDGE_LOOP('',(#484,#485,#486));
#1187=EDGE_LOOP('',(#487,#488,#489,#490));
#1188=EDGE_LOOP('',(#491,#492,#493,#494));
#1189=EDGE_LOOP('',(#495,#496,#497,#498));
#1190=EDGE_LOOP('',(#499,#500,#501,#502));
#1191=EDGE_LOOP('',(#503,#504,#505,#506));
#1192=EDGE_LOOP('',(#507,#508,#509,#510));
#1193=EDGE_LOOP('',(#511,#512,#513,#514));
#1194=EDGE_LOOP('',(#515,#516,#517,#518,#519));
#1195=EDGE_LOOP('',(#520,#521,#522,#523));
#1196=EDGE_LOOP('',(#524,#525,#526,#527,#528));
#1197=EDGE_LOOP('',(#529));
#1198=EDGE_LOOP('',(#530));
#1199=FACE_BOUND('',#1112,.T.);
#1200=FACE_BOUND('',#1113,.T.);
#1201=FACE_BOUND('',#1114,.T.);
#1202=FACE_BOUND('',#1115,.T.);
#1203=FACE_BOUND('',#1116,.T.);
#1204=FACE_BOUND('',#1117,.T.);
#1205=FACE_BOUND('',#1118,.T.);
#1206=FACE_BOUND('',#1119,.T.);
#1207=FACE_BOUND('',#1120,.T.);
#1208=FACE_BOUND('',#1121,.T.);
#1209=FACE_BOUND('',#1122,.T.);
#1210=FACE_BOUND('',#1123,.T.);
#1211=FACE_BOUND('',#1124,.T.);
#1212=FACE_BOUND('',#1125,.T.);
#1213=FACE_BOUND('',#1126,.T.);
#1214=FACE_BOUND('',#1127,.T.);
#1215=FACE_BOUND('',#1128,.T.);
#1216=FACE_BOUND('',#1129,.T.);
#1217=FACE_BOUND('',#1130,.T.);
#1218=FACE_BOUND('',#1131,.T.);
#1219=FACE_BOUND('',#1132,.T.);
#1220=FACE_BOUND('',#1133,.T.);
#1221=FACE_BOUND('',#1134,.T.);
#1222=FACE_BOUND('',#1135,.T.);
#1223=FACE_BOUND('',#1136,.T.);
#1224=FACE_BOUND('',#1137,.T.);
#1225=FACE_BOUND('',#1138,.T.);
#1226=FACE_BOUND('',#1139,.T.);
#1227=FACE_BOUND('',#1140,.T.);
#1228=FACE_BOUND('',#1141,.T.);
#1229=FACE_BOUND('',#1142,.T.);
#1230=FACE_BOUND('',#1143,.T.);
#1231=FACE_BOUND('',#1144,.T.);
#1232=FACE_BOUND('',#1145,.T.);
#1233=FACE_BOUND('',#1146,.T.);
#1234=FACE_BOUND('',#1147,.T.);
#1235=FACE_BOUND('',#1148,.T.);
#1236=FACE_BOUND('',#1149,.T.);
#1237=FACE_BOUND('',#1150,.T.);
#1238=FACE_BOUND('',#1151,.T.);
#1239=FACE_BOUND('',#1152,.T.);
#1240=FACE_BOUND('',#1153,.T.);
#1241=FACE_BOUND('',#1154,.T.);
#1242=FACE_BOUND('',#1155,.T.);
#1243=FACE_BOUND('',#1156,.T.);
#1244=FACE_BOUND('',#1157,.T.);
#1245=FACE_BOUND('',#1158,.T.);
#1246=FACE_BOUND('',#1159,.T.);
#1247=FACE_BOUND('',#1160,.T.);
#1248=FACE_BOUND('',#1161,.T.);
#1249=FACE_BOUND('',#1162,.T.);
#1250=FACE_BOUND('',#1163,.T.);
#1251=FACE_BOUND('',#1164,.T.);
#1252=FACE_BOUND('',#1165,.T.);
#1253=FACE_BOUND('',#1166,.T.);
#1254=FACE_BOUND('',#1167,.T.);
#1255=FACE_BOUND('',#1168,.T.);
#1256=FACE_BOUND('',#1169,.T.);
#1257=FACE_BOUND('',#1170,.T.);
#1258=FACE_BOUND('',#1171,.T.);
#1259=FACE_BOUND('',#1172,.T.);
#1260=FACE_BOUND('',#1173,.T.);
#1261=FACE_BOUND('',#1174,.T.);
#1262=FACE_BOUND('',#1175,.T.);
#1263=FACE_BOUND('',#1176,.T.);
#1264=FACE_BOUND('',#1177,.T.);
#1265=FACE_BOUND('',#1178,.T.);
#1266=FACE_BOUND('',#1179,.T.);
#1267=FACE_BOUND('',#1180,.T.);
#1268=FACE_BOUND('',#1181,.T.);
#1269=FACE_BOUND('',#1182,.T.);
#1270=FACE_BOUND('',#1183,.T.);
#1271=FACE_BOUND('',#1184,.T.);
#1272=FACE_BOUND('',#1185,.T.);
#1273=FACE_BOUND('',#1186,.T.);
#1274=FACE_BOUND('',#1187,.T.);
#1275=FACE_BOUND('',#1188,.T.);
#1276=FACE_BOUND('',#1189,.T.);
#1277=FACE_BOUND('',#1190,.T.);
#1278=FACE_BOUND('',#1191,.T.);
#1279=FACE_BOUND('',#1192,.T.);
#1280=FACE_BOUND('',#1193,.T.);
#1281=FACE_BOUND('',#1194,.T.);
#1282=FACE_BOUND('',#1195,.T.);
#1283=FACE_BOUND('',#1196,.T.);
#1284=FACE_BOUND('',#1197,.T.);
#1285=FACE_BOUND('',#1198,.T.);
#1286=PLANE('',#1433);
#1287=PLANE('',#1434);
#1288=PLANE('',#1435);
#1289=PLANE('',#1436);
#1290=PLANE('',#1440);
#1291=PLANE('',#1444);
#1292=PLANE('',#1446);
#1293=PLANE('',#1447);
#1294=PLANE('',#1455);
#1295=PLANE('',#1457);
#1296=PLANE('',#1464);
#1297=PLANE('',#1467);
#1298=PLANE('',#1470);
#1299=PLANE('',#1472);
#1300=PLANE('',#1480);
#1301=PLANE('',#1484);
#1302=PLANE('',#1487);
#1303=PLANE('',#1488);
#1304=PLANE('',#1490);
#1305=PLANE('',#1494);
#1306=PLANE('',#1496);
#1307=PLANE('',#1497);
#1308=PLANE('',#1498);
#1309=PLANE('',#1500);
#1310=PLANE('',#1501);
#1311=PLANE('',#1502);
#1312=PLANE('',#1503);
#1313=PLANE('',#1504);
#1314=PLANE('',#1505);
#1315=PLANE('',#1509);
#1316=PLANE('',#1510);
#1317=PLANE('',#1512);
#1318=PLANE('',#1513);
#1319=PLANE('',#1514);
#1320=PLANE('',#1515);
#1321=PLANE('',#1516);
#1322=PLANE('',#1517);
#1323=PLANE('',#1518);
#1324=PLANE('',#1519);
#1325=PLANE('',#1520);
#1326=PLANE('',#1521);
#1327=PLANE('',#1522);
#1328=PLANE('',#1523);
#1329=PLANE('',#1524);
#1330=PLANE('',#1525);
#1331=PLANE('',#1526);
#1332=PLANE('',#1527);
#1333=PLANE('',#1528);
#1334=PLANE('',#1541);
#1335=PLANE('',#1542);
#1336=ADVANCED_FACE('',(#1199),#1286,.T.);
#1337=ADVANCED_FACE('',(#1200),#1287,.T.);
#1338=ADVANCED_FACE('',(#1201),#1288,.T.);
#1339=ADVANCED_FACE('',(#1202),#1289,.F.);
#1340=ADVANCED_FACE('',(#1203),#89,.T.);
#1341=ADVANCED_FACE('',(#1204),#1290,.F.);
#1342=ADVANCED_FACE('',(#1205),#90,.T.);
#1343=ADVANCED_FACE('',(#1206),#91,.T.);
#1344=ADVANCED_FACE('',(#1207),#1291,.F.);
#1345=ADVANCED_FACE('',(#1208),#1292,.F.);
#1346=ADVANCED_FACE('',(#1209),#1293,.T.);
#1347=ADVANCED_FACE('',(#1210),#92,.F.);
#1348=ADVANCED_FACE('',(#1211),#1294,.T.);
#1349=ADVANCED_FACE('',(#1212),#1295,.T.);
#1350=ADVANCED_FACE('',(#1213),#93,.F.);
#1351=ADVANCED_FACE('',(#1214),#1296,.T.);
#1352=ADVANCED_FACE('',(#1215),#94,.F.);
#1353=ADVANCED_FACE('',(#1216),#1297,.F.);
#1354=ADVANCED_FACE('',(#1217),#95,.F.);
#1355=ADVANCED_FACE('',(#1218),#1298,.F.);
#1356=ADVANCED_FACE('',(#1219),#1299,.F.);
#1357=ADVANCED_FACE('',(#1220),#96,.F.);
#1358=ADVANCED_FACE('',(#1221,#1222),#33,.F.);
#1359=ADVANCED_FACE('',(#1223,#1224),#97,.F.);
#1360=ADVANCED_FACE('',(#1225,#1226),#1300,.T.);
#1361=ADVANCED_FACE('',(#1227),#1301,.F.);
#1362=ADVANCED_FACE('',(#1228),#98,.F.);
#1363=ADVANCED_FACE('',(#1229),#1302,.F.);
#1364=ADVANCED_FACE('',(#1230),#1303,.T.);
#1365=ADVANCED_FACE('',(#1231),#1304,.T.);
#1366=ADVANCED_FACE('',(#1232),#99,.F.);
#1367=ADVANCED_FACE('',(#1233),#100,.F.);
#1368=ADVANCED_FACE('',(#1234,#1235),#1305,.F.);
#1369=ADVANCED_FACE('',(#1236),#1306,.F.);
#1370=ADVANCED_FACE('',(#1237),#1307,.T.);
#1371=ADVANCED_FACE('',(#1238),#1308,.F.);
#1372=ADVANCED_FACE('',(#1239),#34,.T.);
#1373=ADVANCED_FACE('',(#1240),#26,.T.);
#1374=ADVANCED_FACE('',(#1241),#1309,.F.);
#1375=ADVANCED_FACE('',(#1242),#1310,.T.);
#1376=ADVANCED_FACE('',(#1243),#27,.T.);
#1377=ADVANCED_FACE('',(#1244),#1311,.T.);
#1378=ADVANCED_FACE('',(#1245),#1312,.T.);
#1379=ADVANCED_FACE('',(#1246),#1313,.F.);
#1380=ADVANCED_FACE('',(#1247),#28,.T.);
#1381=ADVANCED_FACE('',(#1248),#1314,.F.);
#1382=ADVANCED_FACE('',(#1249),#29,.T.);
#1383=ADVANCED_FACE('',(#1250),#35,.F.);
#1384=ADVANCED_FACE('',(#1251),#36,.F.);
#1385=ADVANCED_FACE('',(#1252),#37,.F.);
#1386=ADVANCED_FACE('',(#1253),#1315,.T.);
#1387=ADVANCED_FACE('',(#1254),#1316,.F.);
#1388=ADVANCED_FACE('',(#1255),#30,.T.);
#1389=ADVANCED_FACE('',(#1256),#38,.F.);
#1390=ADVANCED_FACE('',(#1257),#1317,.F.);
#1391=ADVANCED_FACE('',(#1258),#31,.T.);
#1392=ADVANCED_FACE('',(#1259),#1318,.T.);
#1393=ADVANCED_FACE('',(#1260),#1319,.T.);
#1394=ADVANCED_FACE('',(#1261),#1320,.F.);
#1395=ADVANCED_FACE('',(#1262),#1321,.F.);
#1396=ADVANCED_FACE('',(#1263),#1322,.T.);
#1397=ADVANCED_FACE('',(#1264),#1323,.F.);
#1398=ADVANCED_FACE('',(#1265),#1324,.T.);
#1399=ADVANCED_FACE('',(#1266),#1325,.T.);
#1400=ADVANCED_FACE('',(#1267),#1326,.T.);
#1401=ADVANCED_FACE('',(#1268),#1327,.F.);
#1402=ADVANCED_FACE('',(#1269),#1328,.F.);
#1403=ADVANCED_FACE('',(#1270),#1329,.T.);
#1404=ADVANCED_FACE('',(#1271),#1330,.T.);
#1405=ADVANCED_FACE('',(#1272),#1331,.F.);
#1406=ADVANCED_FACE('',(#1273),#1332,.T.);
#1407=ADVANCED_FACE('',(#1274),#1333,.T.);
#1408=ADVANCED_FACE('',(#1275),#24,.F.);
#1409=ADVANCED_FACE('',(#1276),#101,.F.);
#1410=ADVANCED_FACE('',(#1277),#102,.F.);
#1411=ADVANCED_FACE('',(#1278),#25,.F.);
#1412=ADVANCED_FACE('',(#1279),#103,.F.);
#1413=ADVANCED_FACE('',(#1280),#104,.F.);
#1414=ADVANCED_FACE('',(#1281),#1334,.T.);
#1415=ADVANCED_FACE('',(#1282),#32,.T.);
#1416=ADVANCED_FACE('',(#1283),#1335,.T.);
#1417=ADVANCED_FACE('',(#1284,#1285),#39,.F.);
#1418=CLOSED_SHELL('',(#1336,#1337,#1338,#1339,#1340,#1341,#1342,#1343,
#1344,#1345,#1346,#1347,#1348,#1349,#1350,#1351,#1352,#1353,#1354,#1355,
#1356,#1357,#1358,#1359,#1360,#1361,#1362,#1363,#1364,#1365,#1366,#1367,
#1368,#1369,#1370,#1371,#1372,#1373,#1374,#1375,#1376,#1377,#1378,#1379,
#1380,#1381,#1382,#1383,#1384,#1385,#1386,#1387,#1388,#1389,#1390,#1391,
#1392,#1393,#1394,#1395,#1396,#1397,#1398,#1399,#1400,#1401,#1402,#1403,
#1404,#1405,#1406,#1407,#1408,#1409,#1410,#1411,#1412,#1413,#1414,#1415,
#1416,#1417));
#1419=STYLED_ITEM('',(#1420),#1427);
#1420=PRESENTATION_STYLE_ASSIGNMENT((#1421));
#1421=SURFACE_STYLE_USAGE(.BOTH.,#1422);
#1422=SURFACE_SIDE_STYLE('',(#1423));
#1423=SURFACE_STYLE_FILL_AREA(#1424);
#1424=FILL_AREA_STYLE('',(#1425));
#1425=FILL_AREA_STYLE_COLOUR('',#1426);
#1426=COLOUR_RGB('',0.200000002980232,0.200000002980232,0.200000002980232);
#1427=MANIFOLD_SOLID_BREP('',#1418);
#1428=SHAPE_DEFINITION_REPRESENTATION(#2581,#1430);
#1429=SHAPE_DEFINITION_REPRESENTATION(#2580,#1431);
#1430=SHAPE_REPRESENTATION('CZ82_magazineExtension_+2',(#1432),#2574);
#1431=SHAPE_REPRESENTATION('CZ82_Grips',(#1432,#1544),#2573);
#1432=AXIS2_PLACEMENT_3D('',#1899,#1545,#1546);
#1433=AXIS2_PLACEMENT_3D('',#1900,#1547,#1548);
#1434=AXIS2_PLACEMENT_3D('',#1927,#1562,#1563);
#1435=AXIS2_PLACEMENT_3D('',#1936,#1568,#1569);
#1436=AXIS2_PLACEMENT_3D('',#1945,#1574,#1575);
#1437=AXIS2_PLACEMENT_3D('',#1951,#1578,#1579);
#1438=AXIS2_PLACEMENT_3D('',#1958,#1583,#1584);
#1439=AXIS2_PLACEMENT_3D('',#1990,#1586,#1587);
#1440=AXIS2_PLACEMENT_3D('',#1991,#1588,#1589);
#1441=AXIS2_PLACEMENT_3D('',#1992,#1590,#1591);
#1442=AXIS2_PLACEMENT_3D('',#2001,#1596,#1597);
#1443=AXIS2_PLACEMENT_3D('',#2012,#1598,#1599);
#1444=AXIS2_PLACEMENT_3D('',#2023,#1600,#1601);
#1445=AXIS2_PLACEMENT_3D('',#2039,#1605,#1606);
#1446=AXIS2_PLACEMENT_3D('',#2053,#1610,#1611);
#1447=AXIS2_PLACEMENT_3D('',#2070,#1620,#1621);
#1448=AXIS2_PLACEMENT_3D('',#2103,#1627,#1628);
#1449=AXIS2_PLACEMENT_3D('',#2107,#1630,#1631);
#1450=AXIS2_PLACEMENT_3D('',#2115,#1633,#1634);
#1451=AXIS2_PLACEMENT_3D('',#2116,#1635,#1636);
#1452=AXIS2_PLACEMENT_3D('',#2118,#1637,#1638);
#1453=AXIS2_PLACEMENT_3D('',#2122,#1640,#1641);
#1454=AXIS2_PLACEMENT_3D('',#2126,#1643,#1644);
#1455=AXIS2_PLACEMENT_3D('',#2127,#1645,#1646);
#1456=AXIS2_PLACEMENT_3D('',#2128,#1647,#1648);
#1457=AXIS2_PLACEMENT_3D('',#2133,#1651,#1652);
#1458=AXIS2_PLACEMENT_3D('',#2137,#1654,#1655);
#1459=AXIS2_PLACEMENT_3D('',#2139,#1657,#1658);
#1460=AXIS2_PLACEMENT_3D('',#2140,#1659,#1660);
#1461=AXIS2_PLACEMENT_3D('',#2142,#1661,#1662);
#1462=AXIS2_PLACEMENT_3D('',#2143,#1663,#1664);
#1463=AXIS2_PLACEMENT_3D('',#2147,#1666,#1667);
#1464=AXIS2_PLACEMENT_3D('',#2148,#1668,#1669);
#1465=AXIS2_PLACEMENT_3D('',#2177,#1680,#1681);
#1466=AXIS2_PLACEMENT_3D('',#2180,#1683,#1684);
#1467=AXIS2_PLACEMENT_3D('',#2181,#1685,#1686);
#1468=AXIS2_PLACEMENT_3D('',#2183,#1688,#1689);
#1469=AXIS2_PLACEMENT_3D('',#2187,#1691,#1692);
#1470=AXIS2_PLACEMENT_3D('',#2194,#1693,#1694);
#1471=AXIS2_PLACEMENT_3D('',#2213,#1697,#1698);
#1472=AXIS2_PLACEMENT_3D('',#2217,#1701,#1702);
#1473=AXIS2_PLACEMENT_3D('',#2233,#1709,#1710);
#1474=AXIS2_PLACEMENT_3D('',#2234,#1711,#1712);
#1475=AXIS2_PLACEMENT_3D('',#2237,#1714,#1715);
#1476=AXIS2_PLACEMENT_3D('',#2238,#1716,#1717);
#1477=AXIS2_PLACEMENT_3D('',#2240,#1718,#1719);
#1478=AXIS2_PLACEMENT_3D('',#2242,#1720,#1721);
#1479=AXIS2_PLACEMENT_3D('',#2243,#1722,#1723);
#1480=AXIS2_PLACEMENT_3D('',#2245,#1724,#1725);
#1481=AXIS2_PLACEMENT_3D('',#2246,#1726,#1727);
#1482=AXIS2_PLACEMENT_3D('',#2248,#1728,#1729);
#1483=AXIS2_PLACEMENT_3D('',#2257,#1733,#1734);
#1484=AXIS2_PLACEMENT_3D('',#2260,#1736,#1737);
#1485=AXIS2_PLACEMENT_3D('',#2274,#1743,#1744);
#1486=AXIS2_PLACEMENT_3D('',#2275,#1745,#1746);
#1487=AXIS2_PLACEMENT_3D('',#2282,#1747,#1748);
#1488=AXIS2_PLACEMENT_3D('',#2284,#1750,#1751);
#1489=AXIS2_PLACEMENT_3D('',#2289,#1752,#1753);
#1490=AXIS2_PLACEMENT_3D('',#2290,#1754,#1755);
#1491=AXIS2_PLACEMENT_3D('',#2295,#1756,#1757);
#1492=AXIS2_PLACEMENT_3D('',#2296,#1758,#1759);
#1493=AXIS2_PLACEMENT_3D('',#2297,#1760,#1761);
#1494=AXIS2_PLACEMENT_3D('',#2298,#1762,#1763);
#1495=AXIS2_PLACEMENT_3D('',#2306,#1767,#1768);
#1496=AXIS2_PLACEMENT_3D('',#2307,#1769,#1770);
#1497=AXIS2_PLACEMENT_3D('',#2315,#1776,#1777);
#1498=AXIS2_PLACEMENT_3D('',#2318,#1780,#1781);
#1499=AXIS2_PLACEMENT_3D('',#2327,#1782,#1783);
#1500=AXIS2_PLACEMENT_3D('',#2348,#1784,#1785);
#1501=AXIS2_PLACEMENT_3D('',#2353,#1786,#1787);
#1502=AXIS2_PLACEMENT_3D('',#2370,#1788,#1789);
#1503=AXIS2_PLACEMENT_3D('',#2376,#1793,#1794);
#1504=AXIS2_PLACEMENT_3D('',#2384,#1799,#1800);
#1505=AXIS2_PLACEMENT_3D('',#2408,#1802,#1803);
#1506=AXIS2_PLACEMENT_3D('',#2434,#1806,#1807);
#1507=AXIS2_PLACEMENT_3D('',#2435,#1808,#1809);
#1508=AXIS2_PLACEMENT_3D('',#2436,#1810,#1811);
#1509=AXIS2_PLACEMENT_3D('',#2442,#1813,#1814);
#1510=AXIS2_PLACEMENT_3D('',#2447,#1815,#1816);
#1511=AXIS2_PLACEMENT_3D('',#2464,#1817,#1818);
#1512=AXIS2_PLACEMENT_3D('',#2473,#1819,#1820);
#1513=AXIS2_PLACEMENT_3D('',#2498,#1821,#1822);
#1514=AXIS2_PLACEMENT_3D('',#2500,#1824,#1825);
#1515=AXIS2_PLACEMENT_3D('',#2502,#1827,#1828);
#1516=AXIS2_PLACEMENT_3D('',#2504,#1830,#1831);
#1517=AXIS2_PLACEMENT_3D('',#2506,#1833,#1834);
#1518=AXIS2_PLACEMENT_3D('',#2508,#1836,#1837);
#1519=AXIS2_PLACEMENT_3D('',#2510,#1839,#1840);
#1520=AXIS2_PLACEMENT_3D('',#2512,#1842,#1843);
#1521=AXIS2_PLACEMENT_3D('',#2514,#1845,#1846);
#1522=AXIS2_PLACEMENT_3D('',#2515,#1847,#1848);
#1523=AXIS2_PLACEMENT_3D('',#2517,#1850,#1851);
#1524=AXIS2_PLACEMENT_3D('',#2519,#1853,#1854);
#1525=AXIS2_PLACEMENT_3D('',#2521,#1856,#1857);
#1526=AXIS2_PLACEMENT_3D('',#2523,#1859,#1860);
#1527=AXIS2_PLACEMENT_3D('',#2525,#1862,#1863);
#1528=AXIS2_PLACEMENT_3D('',#2527,#1865,#1866);
#1529=AXIS2_PLACEMENT_3D('',#2528,#1867,#1868);
#1530=AXIS2_PLACEMENT_3D('',#2529,#1869,#1870);
#1531=AXIS2_PLACEMENT_3D('',#2530,#1871,#1872);
#1532=AXIS2_PLACEMENT_3D('',#2531,#1873,#1874);
#1533=AXIS2_PLACEMENT_3D('',#2532,#1875,#1876);
#1534=AXIS2_PLACEMENT_3D('',#2533,#1877,#1878);
#1535=AXIS2_PLACEMENT_3D('',#2534,#1879,#1880);
#1536=AXIS2_PLACEMENT_3D('',#2535,#1881,#1882);
#1537=AXIS2_PLACEMENT_3D('',#2536,#1883,#1884);
#1538=AXIS2_PLACEMENT_3D('',#2537,#1885,#1886);
#1539=AXIS2_PLACEMENT_3D('',#2538,#1887,#1888);
#1540=AXIS2_PLACEMENT_3D('',#2539,#1889,#1890);
#1541=AXIS2_PLACEMENT_3D('',#2540,#1891,#1892);
#1542=AXIS2_PLACEMENT_3D('',#2569,#1893,#1894);
#1543=AXIS2_PLACEMENT_3D('',#2570,#1895,#1896);
#1544=AXIS2_PLACEMENT_3D('',#2571,#1897,#1898);
#1545=DIRECTION('',(0.,0.,1.));
#1546=DIRECTION('',(1.,0.,0.));
#1547=DIRECTION('',(0.965925826289068,1.49554959086684E-16,0.258819045102521));
#1548=DIRECTION('',(0.258819045102521,0.,-0.965925826289068));
#1549=DIRECTION('',(0.258819045102521,-3.98986399474664E-14,-0.965925826289068));
#1550=DIRECTION('',(-1.03829486834029E-15,-1.,4.45280519160972E-15));
#1551=DIRECTION('',(0.258819045102521,-4.1270416004384E-15,-0.965925826289068));
#1552=DIRECTION('',(-9.8568524309529E-16,-1.,4.25646339722823E-15));
#1553=DIRECTION('',(-0.258819045102521,4.1270416004384E-15,0.965925826289068));
#1554=DIRECTION('',(-1.03829486834029E-15,-1.,4.45280519160972E-15));
#1555=DIRECTION('',(-0.258819045102521,1.91055095135849E-17,0.965925826289068));
#1556=DIRECTION('',(-9.8568524309529E-16,-1.,4.25646339722823E-15));
#1557=DIRECTION('',(0.258819045102521,-4.46830455177584E-15,-0.965925826289068));
#1558=DIRECTION('',(-1.44458997431433E-16,1.,-3.87076717011621E-17));
#1559=DIRECTION('',(0.258819045102521,5.91645678915759E-31,-0.965925826289068));
#1560=DIRECTION('',(-9.8568524309529E-16,-1.,4.25646339722823E-15));
#1561=DIRECTION('',(-0.186157693456367,0.694742968352689,0.694749970198992));
#1562=DIRECTION('',(6.04564798107625E-17,1.,-4.25642859955286E-15));
#1563=DIRECTION('',(0.,4.25642859955286E-15,1.));
#1564=DIRECTION('',(-0.999999999292751,6.06165632266993E-17,3.76098071306518E-5));
#1565=DIRECTION('',(-0.258819045102521,4.09928602482277E-15,0.965925826289068));
#1566=DIRECTION('',(-0.999999999292751,6.06165632266925E-17,3.76098071290435E-5));
#1567=DIRECTION('',(0.258819045102521,-4.1270416004384E-15,-0.965925826289068));
#1568=DIRECTION('',(-6.04564798107625E-17,-1.,4.25642859955286E-15));
#1569=DIRECTION('',(0.,-4.25642859955286E-15,-1.));
#1570=DIRECTION('',(0.999999999292751,-6.06165632266925E-17,-3.76098071290435E-5));
#1571=DIRECTION('',(0.258819045102521,-4.09928602482277E-15,-0.965925826289068));
#1572=DIRECTION('',(0.999999999292751,-6.06165632266993E-17,-3.76098071306518E-5));
#1573=DIRECTION('',(-0.258819045102521,4.1270416004384E-15,0.965925826289068));
#1574=DIRECTION('',(7.30611402426007E-16,-1.,1.95766735261018E-16));
#1575=DIRECTION('',(1.,7.30611402426007E-16,0.));
#1576=DIRECTION('',(-0.258819045102521,0.,0.965925826289068));
#1577=DIRECTION('',(1.,7.30611402426007E-16,0.));
#1578=DIRECTION('',(7.30611402426007E-16,-1.,1.95766735261018E-16));
#1579=DIRECTION('',(1.,7.30611402426007E-16,0.));
#1580=DIRECTION('',(0.999999999292751,7.30604039160127E-16,-3.76098071306341E-5));
#1581=DIRECTION('',(0.258819045102521,5.91645678915759E-31,-0.965925826289068));
#1582=DIRECTION('',(-0.965925826289068,-7.5638458206765E-16,-0.25881904510252));
#1583=DIRECTION('',(-0.258819045102521,0.,0.965925826289068));
#1584=DIRECTION('',(0.965925826289068,0.,0.258819045102521));
#1585=DIRECTION('',(-0.258819045102521,0.,0.965925826289068));
#1586=DIRECTION('',(-0.258819045102522,0.,0.965925826289068));
#1587=DIRECTION('',(0.965925826289068,0.,0.258819045102522));
#1588=DIRECTION('',(0.,1.,-4.62592926927148E-15));
#1589=DIRECTION('',(0.,4.62592926927148E-15,1.));
#1590=DIRECTION('',(0.,1.,-4.62592926927148E-15));
#1591=DIRECTION('',(0.,4.62592926927148E-15,1.));
#1592=DIRECTION('',(-1.,0.,0.));
#1593=DIRECTION('',(0.965925826289068,1.19727859618465E-15,0.25881904510252));
#1594=DIRECTION('',(0.258819045102521,-4.46830455177584E-15,-0.965925826289068));
#1595=DIRECTION('',(-0.999999999292751,1.73980307617256E-19,3.76098071306341E-5));
#1596=DIRECTION('',(-0.258819045102521,4.46830455177584E-15,0.965925826289068));
#1597=DIRECTION('',(0.965925826289068,0.,0.258819045102521));
#1598=DIRECTION('',(-0.258819045102521,-5.91645678915759E-31,0.965925826289068));
#1599=DIRECTION('',(0.965925826289068,0.,0.258819045102521));
#1600=DIRECTION('',(-3.76098071306341E-5,-4.25642632278596E-15,-0.999999999292751));
#1601=DIRECTION('',(-0.999999999292751,0.,3.76098071306341E-5));
#1602=DIRECTION('',(-0.999999999292751,-7.30604039160127E-16,3.76098071306341E-5));
#1603=DIRECTION('',(-1.18634334116412E-15,1.,-1.98435644826032E-16));
#1604=DIRECTION('',(-0.999999999292751,-6.19544098124974E-17,3.76098071143416E-5));
#1605=DIRECTION('',(-3.76098071306341E-5,-4.25642632278596E-15,-0.999999999292751));
#1606=DIRECTION('',(0.999999999292751,1.59447555886591E-14,-3.76098071306341E-5));
#1607=DIRECTION('',(1.14051749022461E-15,1.,-4.25646922043918E-15));
#1608=DIRECTION('',(0.999999999292751,-7.60325608081883E-15,-3.76098071306341E-5));
#1609=DIRECTION('',(9.8568524309529E-16,1.,-4.25646339722823E-15));
#1610=DIRECTION('',(0.965925826289068,1.49554959086684E-16,0.258819045102521));
#1611=DIRECTION('',(0.258819045102521,0.,-0.965925826289068));
#1612=DIRECTION('',(-0.258819045102521,1.96786747989924E-15,0.965925826289068));
#1613=DIRECTION('',(-1.44458997431433E-16,1.,-3.87076717011621E-17));
#1614=DIRECTION('',(-0.258819045102521,1.91055095135848E-17,0.965925826289068));
#1615=DIRECTION('',(1.03829486834029E-15,1.,-4.45280519160972E-15));
#1616=DIRECTION('',(0.258819045102521,-4.16074501551199E-15,-0.965925826289068));
#1617=DIRECTION('',(9.8568524309529E-16,1.,-4.25646339722823E-15));
#1618=DIRECTION('',(-0.258819045102521,4.13298943989635E-15,0.965925826289068));
#1619=DIRECTION('',(1.03829486834029E-15,1.,-4.45280519160972E-15));
#1620=DIRECTION('',(0.,0.,1.));
#1621=DIRECTION('',(1.,0.,0.));
#1622=DIRECTION('',(1.18634334116412E-15,-1.,1.98435644826032E-16));
#1623=DIRECTION('',(-1.,-7.30611402426007E-16,0.));
#1624=DIRECTION('',(1.,0.,0.));
#1625=DIRECTION('',(-8.73286709437752E-19,-1.,4.62918841964068E-15));
#1626=DIRECTION('',(1.,-7.54227598250788E-17,0.));
#1627=DIRECTION('',(0.,0.,1.));
#1628=DIRECTION('',(1.,-7.61769874233295E-15,0.));
#1629=DIRECTION('',(0.,-1.,0.));
#1630=DIRECTION('',(0.,0.,1.));
#1631=DIRECTION('',(1.,-7.61769874233295E-15,0.));
#1632=DIRECTION('',(-1.,7.61769874233295E-15,0.));
#1633=DIRECTION('',(-8.73286709437752E-19,-1.,4.62918841964068E-15));
#1634=DIRECTION('',(0.,-4.62918841964068E-15,-1.));
#1635=DIRECTION('',(0.,-0.707106781186546,0.707106781186549));
#1636=DIRECTION('',(-1.23501390832704E-18,-0.707106781186549,-0.707106781186546));
#1637=DIRECTION('',(0.,1.,0.));
#1638=DIRECTION('',(0.,0.,1.));
#1639=DIRECTION('',(-8.73286709437752E-19,-1.,4.62918841964068E-15));
#1640=DIRECTION('',(-6.19544098563146E-17,-1.,0.));
#1641=DIRECTION('',(1.,-6.19544098563146E-17,0.));
#1642=DIRECTION('',(-8.73286709437752E-19,-1.,4.62918841964068E-15));
#1643=DIRECTION('',(0.,1.,0.));
#1644=DIRECTION('',(0.,0.,1.));
#1645=DIRECTION('',(7.54227598250788E-17,1.,0.));
#1646=DIRECTION('',(-1.,7.54227598250788E-17,0.));
#1647=DIRECTION('',(7.54227598250788E-17,1.,0.));
#1648=DIRECTION('',(-1.,7.54227598250788E-17,0.));
#1649=DIRECTION('',(-1.,7.54227598250788E-17,0.));
#1650=DIRECTION('',(0.258819045102521,-1.97160551436929E-15,-0.965925826289068));
#1651=DIRECTION('',(-7.61769874233295E-15,-1.,0.));
#1652=DIRECTION('',(1.,-7.61769874233295E-15,0.));
#1653=DIRECTION('',(1.,-7.61769874233295E-15,0.));
#1654=DIRECTION('',(-7.61769874233295E-15,-1.,0.));
#1655=DIRECTION('',(1.,-7.61769874233295E-15,0.));
#1656=DIRECTION('',(0.258819045102521,-1.97160551436929E-15,-0.965925826289068));
#1657=DIRECTION('',(1.18634334116412E-15,-1.,1.98435644826032E-16));
#1658=DIRECTION('',(1.,1.18634334116412E-15,0.));
#1659=DIRECTION('',(5.56736930072593E-14,-1.,0.));
#1660=DIRECTION('',(1.,5.56736930072593E-14,0.));
#1661=DIRECTION('',(-5.16620277067644E-16,0.707106781186549,0.707106781186546));
#1662=DIRECTION('',(1.16112256563767E-15,-0.707106781186546,0.707106781186549));
#1663=DIRECTION('',(0.,-1.,0.));
#1664=DIRECTION('',(0.,0.,-1.));
#1665=DIRECTION('',(1.18634334116412E-15,-1.,1.98435644826032E-16));
#1666=DIRECTION('',(-6.19544098563146E-17,1.,0.));
#1667=DIRECTION('',(-1.,-6.19544098563146E-17,0.));
#1668=DIRECTION('',(0.965925826289068,0.,0.258819045102521));
#1669=DIRECTION('',(0.258819045102521,0.,-0.965925826289068));
#1670=DIRECTION('',(0.258819045102521,-1.97160551436929E-15,-0.965925826289068));
#1671=DIRECTION('',(0.,1.,0.));
#1672=DIRECTION('',(-0.258819045102521,1.97160551436929E-15,0.965925826289068));
#1673=DIRECTION('',(0.258819045102521,1.60349811989015E-17,-0.965925826289068));
#1674=DIRECTION('',(0.,1.,0.));
#1675=DIRECTION('',(0.258819045102521,-1.97160551436929E-15,-0.965925826289068));
#1676=DIRECTION('',(-0.258819045102521,1.97160551436929E-15,0.965925826289068));
#1677=DIRECTION('',(0.,-1.,0.));
#1678=DIRECTION('',(0.258819045102521,-1.60349811989015E-17,-0.965925826289068));
#1679=DIRECTION('',(-1.14051749022461E-15,-1.,4.25646922043918E-15));
#1680=DIRECTION('',(0.258819045102521,1.60349811989015E-17,-0.965925826289068));
#1681=DIRECTION('',(-0.965925826289068,0.,-0.258819045102521));
#1682=DIRECTION('',(0.258819045102521,1.60349811989015E-17,-0.965925826289068));
#1683=DIRECTION('',(0.,0.,-1.));
#1684=DIRECTION('',(1.,6.19544098563145E-17,0.));
#1685=DIRECTION('',(-6.19544098563146E-17,1.,0.));
#1686=DIRECTION('',(-1.,-6.19544098563146E-17,0.));
#1687=DIRECTION('',(1.,6.19544098563146E-17,0.));
#1688=DIRECTION('',(-0.258819045102521,1.97160551436929E-15,0.965925826289068));
#1689=DIRECTION('',(0.965925826289068,2.59566790223799E-16,0.258819045102521));
#1690=DIRECTION('',(-0.258819045102521,1.97160551436929E-15,0.965925826289068));
#1691=DIRECTION('',(-0.25881904510252,0.,0.965925826289068));
#1692=DIRECTION('',(0.965925826289068,0.,0.25881904510252));
#1693=DIRECTION('',(-3.76098071306341E-5,-4.25642632278596E-15,-0.999999999292751));
#1694=DIRECTION('',(-0.999999999292751,0.,3.76098071306341E-5));
#1695=DIRECTION('',(9.8568524309529E-16,1.,-4.25646339722823E-15));
#1696=DIRECTION('',(-0.999999999292751,7.38180202021245E-17,3.76098071306341E-5));
#1697=DIRECTION('',(-3.76098071306341E-5,-4.25642632278596E-15,-0.999999999292751));
#1698=DIRECTION('',(0.999999999292751,1.58208641584719E-14,-3.76098071306341E-5));
#1699=DIRECTION('',(-0.999999999292751,6.19544098124974E-17,3.76098071216413E-5));
#1700=DIRECTION('',(0.999999999292751,-1.73980307617256E-19,-3.76098071306341E-5));
#1701=DIRECTION('',(7.60325608619623E-15,1.,0.));
#1702=DIRECTION('',(-1.,7.60325608619623E-15,0.));
#1703=DIRECTION('',(-0.258819045102521,1.97160551436929E-15,0.965925826289068));
#1704=DIRECTION('',(-0.965925826289068,7.34418141754648E-15,-0.25881904510252));
#1705=DIRECTION('',(0.608776347834129,-4.62868247180215E-15,0.793341892451004));
#1706=DIRECTION('',(-0.999999999292751,1.08981019564954E-14,3.76098071306341E-5));
#1707=DIRECTION('',(-0.793341892450992,6.03198157221244E-15,0.608776347834144));
#1708=DIRECTION('',(-0.999999999292751,7.60325608081884E-15,3.76098071306341E-5));
#1709=DIRECTION('',(0.258819045102521,-1.60349811989015E-17,-0.965925826289068));
#1710=DIRECTION('',(-0.965925826289068,0.,-0.258819045102521));
#1711=DIRECTION('',(0.,0.,-1.));
#1712=DIRECTION('',(1.,-6.19544098563145E-17,0.));
#1713=DIRECTION('',(0.258819045102521,-1.60349811989015E-17,-0.965925826289068));
#1714=DIRECTION('',(0.258819045102537,0.,-0.965925826289064));
#1715=DIRECTION('',(-0.965925826289064,0.,-0.258819045102537));
#1716=DIRECTION('',(-0.25881904510252,0.,0.965925826289068));
#1717=DIRECTION('',(0.965925826289068,0.,0.25881904510252));
#1718=DIRECTION('',(0.258819045102537,0.,-0.965925826289064));
#1719=DIRECTION('',(-0.965925826289064,0.,-0.258819045102537));
#1720=DIRECTION('',(-0.25881904510252,0.,0.965925826289068));
#1721=DIRECTION('',(0.965925826289068,0.,0.25881904510252));
#1722=DIRECTION('',(-0.258819045102513,0.,0.96592582628907));
#1723=DIRECTION('',(0.965925826289071,0.,0.258819045102513));
#1724=DIRECTION('',(-0.25881904510252,0.,0.965925826289068));
#1725=DIRECTION('',(0.965925826289068,0.,0.25881904510252));
#1726=DIRECTION('',(-0.25881904510252,0.,0.965925826289068));
#1727=DIRECTION('',(0.965925826289068,0.,0.25881904510252));
#1728=DIRECTION('',(-0.25881904510252,0.,0.965925826289068));
#1729=DIRECTION('',(0.965925826289068,0.,0.25881904510252));
#1730=DIRECTION('',(0.965925826289068,-7.1302732209189E-17,0.25881904510252));
#1731=DIRECTION('',(-1.44458997431433E-16,1.,-3.87076717011621E-17));
#1732=DIRECTION('',(-0.965925826289068,7.34418141754648E-15,-0.25881904510252));
#1733=DIRECTION('',(-0.25881904510252,0.,0.965925826289068));
#1734=DIRECTION('',(0.965925826289068,0.,0.25881904510252));
#1735=DIRECTION('',(0.,1.,0.));
#1736=DIRECTION('',(-7.38180202543322E-17,-1.,0.));
#1737=DIRECTION('',(1.,-7.38180202543322E-17,0.));
#1738=DIRECTION('',(0.965925826289068,-7.13027322091891E-17,0.25881904510252));
#1739=DIRECTION('',(0.999999999292751,-7.38180202021245E-17,-3.76098071306341E-5));
#1740=DIRECTION('',(0.258819045102521,-1.91055095135848E-17,-0.965925826289068));
#1741=DIRECTION('',(0.999999999292751,2.63004345743359E-14,-3.76098071306341E-5));
#1742=DIRECTION('',(-0.608776347834129,4.49386647747781E-17,-0.793341892451004));
#1743=DIRECTION('',(-0.258819045102521,1.97160551436929E-15,0.965925826289068));
#1744=DIRECTION('',(0.965925826289068,2.59566790223799E-16,0.258819045102521));
#1745=DIRECTION('',(-0.25881904510252,0.,0.965925826289068));
#1746=DIRECTION('',(0.965925826289068,0.,0.25881904510252));
#1747=DIRECTION('',(-6.19544098563146E-17,-1.,0.));
#1748=DIRECTION('',(1.,-6.19544098563146E-17,0.));
#1749=DIRECTION('',(1.,-6.19544098563146E-17,0.));
#1750=DIRECTION('',(0.,0.,-1.));
#1751=DIRECTION('',(-1.,0.,0.));
#1752=DIRECTION('',(0.,0.,-1.));
#1753=DIRECTION('',(1.,-7.61769874233295E-15,0.));
#1754=DIRECTION('',(0.,0.,-1.));
#1755=DIRECTION('',(-1.,0.,0.));
#1756=DIRECTION('',(0.,0.,-1.));
#1757=DIRECTION('',(1.,-7.61769874233295E-15,0.));
#1758=DIRECTION('',(0.258819045102521,-1.97160551436929E-15,-0.965925826289068));
#1759=DIRECTION('',(-0.965925826289068,-2.59566790223799E-16,-0.258819045102521));
#1760=DIRECTION('',(0.258819045102521,-1.97160551436929E-15,-0.965925826289068));
#1761=DIRECTION('',(-0.965925826289068,-2.59566790223799E-16,-0.258819045102521));
#1762=DIRECTION('',(-0.25881904510252,0.,0.965925826289068));
#1763=DIRECTION('',(0.965925826289068,0.,0.25881904510252));
#1764=DIRECTION('',(0.965925826289068,7.5638458206765E-16,0.25881904510252));
#1765=DIRECTION('',(1.44458997431433E-16,-1.,3.87076717011621E-17));
#1766=DIRECTION('',(-0.965925826289068,-1.19727859618464E-15,-0.25881904510252));
#1767=DIRECTION('',(-0.25881904510252,0.,0.965925826289068));
#1768=DIRECTION('',(0.965925826289068,0.,0.25881904510252));
#1769=DIRECTION('',(-3.76098071306518E-5,-4.25642632278596E-15,-0.999999999292751));
#1770=DIRECTION('',(-0.999999999292751,0.,3.76098071306518E-5));
#1771=DIRECTION('',(-0.719258094978934,0.694742968352692,2.7051158245484E-5));
#1772=DIRECTION('',(9.8568524309529E-16,1.,-4.25646339722823E-15));
#1773=DIRECTION('',(-0.719258094978936,-0.69474296835269,2.70511582514068E-5));
#1774=DIRECTION('',(-0.719258094978943,0.694742968352683,2.7051158245474E-5));
#1775=DIRECTION('',(0.719258094978943,0.694742968352683,-2.70511582513968E-5));
#1776=DIRECTION('',(0.608776347834135,2.7767688642999E-15,0.793341892450999));
#1777=DIRECTION('',(0.793341892450999,0.,-0.608776347834135));
#1778=DIRECTION('',(0.67765619135984,0.519978643979165,-0.520004130865578));
#1779=DIRECTION('',(-0.677656191359839,0.51997864397917,0.520004130865574));
#1780=DIRECTION('',(-0.183012701892218,-0.707106781186549,0.683012701892218));
#1781=DIRECTION('',(0.965925826289068,7.5638458206765E-16,0.25881904510252));
#1782=DIRECTION('',(-0.258819045102522,0.,0.965925826289068));
#1783=DIRECTION('',(0.965925826289068,0.,0.258819045102522));
#1784=DIRECTION('',(-0.18301270189222,0.707106781186549,0.683012701892218));
#1785=DIRECTION('',(-0.965925826289068,-1.19727859618465E-15,-0.25881904510252));
#1786=DIRECTION('',(0.866025403784442,1.05751325730272E-16,-0.499999999999994));
#1787=DIRECTION('',(1.44458997431433E-16,-1.,3.87076717011621E-17));
#1788=DIRECTION('',(3.76098071290435E-5,4.45276613839074E-15,0.999999999292751));
#1789=DIRECTION('',(0.999999999292751,0.,-3.76098071290435E-5));
#1790=DIRECTION('',(-0.999999999292751,6.0613005378263E-17,3.76098071290435E-5));
#1791=DIRECTION('',(1.03829486834029E-15,1.,-4.45280519160973E-15));
#1792=DIRECTION('',(-1.03829486834029E-15,-1.,4.45280519160973E-15));
#1793=DIRECTION('',(3.76098071290435E-5,4.45276613839074E-15,0.999999999292751));
#1794=DIRECTION('',(0.999999999292751,0.,-3.76098071290435E-5));
#1795=DIRECTION('',(0.999999999292751,-6.06130053782647E-17,-3.76098071290435E-5));
#1796=DIRECTION('',(-1.03829486834029E-15,-1.,4.45280519160973E-15));
#1797=DIRECTION('',(0.719258094978933,-0.694742968352693,-2.70511582441993E-5));
#1798=DIRECTION('',(1.03829486834029E-15,1.,-4.45280519160973E-15));
#1799=DIRECTION('',(-2.65941496558133E-5,0.707106781186545,-0.707106780686449));
#1800=DIRECTION('',(-0.999999999292751,7.60325608081884E-15,3.76098071306341E-5));
#1801=DIRECTION('',(0.677656191359803,-0.519978643979185,-0.520004130865606));
#1802=DIRECTION('',(-2.65941496612418E-5,-0.707106781186545,-0.707106780686449));
#1803=DIRECTION('',(-0.999999999292751,7.38180202021245E-17,3.76098071306341E-5));
#1804=DIRECTION('',(-0.677656131250804,-0.51997868314753,0.520004170031696));
#1805=DIRECTION('',(0.47691416876357,-0.621520382108048,0.621502445897696));
#1806=DIRECTION('',(0.,-1.,0.));
#1807=DIRECTION('',(0.,0.,-1.));
#1808=DIRECTION('',(0.,1.,0.));
#1809=DIRECTION('',(0.,0.,1.));
#1810=DIRECTION('',(-5.56736930072593E-14,1.,0.));
#1811=DIRECTION('',(-1.,-5.56736930072593E-14,0.));
#1812=DIRECTION('',(2.66329993640198E-5,-0.706072303137978,0.708139747530185));
#1813=DIRECTION('',(0.60877634783418,2.77676886429971E-15,0.793341892450965));
#1814=DIRECTION('',(9.8568524309529E-16,1.,-4.25646339722823E-15));
#1815=DIRECTION('',(-2.65552231710396E-5,-0.708140277452172,-0.706071771666862));
#1816=DIRECTION('',(-0.999999999292751,-7.30604039160127E-16,3.76098071306341E-5));
#1817=DIRECTION('',(0.,-1.,0.));
#1818=DIRECTION('',(0.,0.,-1.));
#1819=DIRECTION('',(-2.65941435807305E-5,0.707106942858675,-0.707106619014283));
#1820=DIRECTION('',(0.999999999292751,-1.73980307617256E-19,-3.76098071306341E-5));
#1821=DIRECTION('',(0.608776410679894,2.77676859708526E-15,0.79334184422587));
#1822=DIRECTION('',(9.8568524309529E-16,1.,-4.25646339722823E-15));
#1823=DIRECTION('',(-0.677656169083071,0.519978604810789,0.520004199062547));
#1824=DIRECTION('',(0.683012701892225,0.707106781186542,0.183012701892221));
#1825=DIRECTION('',(-0.258819045102521,1.91055095135848E-17,0.965925826289068));
#1826=DIRECTION('',(0.677656122318337,-0.519978522586177,-0.520004342225689));
#1827=DIRECTION('',(-0.683012701892224,-0.707106781186543,-0.183012701892218));
#1828=DIRECTION('',(0.258819045102521,-4.1270416004384E-15,-0.965925826289068));
#1829=DIRECTION('',(0.715972430027613,-0.697724311837957,0.0237542440545609));
#1830=DIRECTION('',(-0.608776542609434,-2.90050667174391E-15,-0.793341742988798));
#1831=DIRECTION('',(-1.03829486834029E-15,-1.,4.45280519160972E-15));
#1832=DIRECTION('',(-0.793341742988798,3.99288252561363E-15,0.608776542609434));
#1833=DIRECTION('',(0.510026405600817,0.545993842144236,0.664653135049016));
#1834=DIRECTION('',(0.,-0.772709850787722,0.634759392601336));
#1835=DIRECTION('',(-0.162335786717876,-0.697724362419553,0.697730468330656));
#1836=DIRECTION('',(-2.65941496601076E-5,-0.70710678118655,-0.707106780686445));
#1837=DIRECTION('',(0.,0.707106780936495,-0.7071067814366));
#1838=DIRECTION('',(-0.20965535478946,-0.691387636623611,0.691395522210061));
#1839=DIRECTION('',(-0.793341892451004,3.53448529793627E-15,0.608776347834129));
#1840=DIRECTION('',(0.608776347834129,0.,0.793341892451004));
#1841=DIRECTION('',(0.608776347834129,-5.0705797935692E-14,0.793341892451004));
#1842=DIRECTION('',(-0.604670766428711,0.647363016601418,0.463998263965748));
#1843=DIRECTION('',(-0.730793213806714,-0.682598914922998,0.));
#1844=DIRECTION('',(0.722098703017491,0.691387636623607,-0.0235923509740274));
#1845=DIRECTION('',(-0.683012701892216,0.70710678118655,-0.183012701892222));
#1846=DIRECTION('',(-0.719254596676407,-0.694746590606863,0.));
#1847=DIRECTION('',(-0.608776347834144,-2.90050753950412E-15,-0.793341892450992));
#1848=DIRECTION('',(-1.03829486834029E-15,-1.,4.45280519160972E-15));
#1849=DIRECTION('',(0.793341892450992,1.86517583834155E-14,-0.608776347834144));
#1850=DIRECTION('',(-0.683012701892223,0.707106781186543,-0.183012701892224));
#1851=DIRECTION('',(0.258819045102521,-4.1270416004384E-15,-0.965925826289068));
#1852=DIRECTION('',(-0.715972430027608,-0.697724311837961,-0.0237542440546008));
#1853=DIRECTION('',(0.510026287862596,-0.54599372760597,0.66465331948621));
#1854=DIRECTION('',(0.,-0.772710002495291,-0.634759207923546));
#1855=DIRECTION('',(0.162336221451559,-0.697724311837939,-0.697730417765418));
#1856=DIRECTION('',(-0.793341892451004,3.53448529793627E-15,0.608776347834129));
#1857=DIRECTION('',(0.608776347834129,0.,0.793341892451004));
#1858=DIRECTION('',(-0.608776347834129,-3.60728465116799E-14,-0.793341892451004));
#1859=DIRECTION('',(-2.65941496600213E-5,0.707106781186564,-0.707106780686431));
#1860=DIRECTION('',(0.,0.707106780936481,0.707106781436614));
#1861=DIRECTION('',(0.209655354789459,-0.691387636623597,-0.691395522210075));
#1862=DIRECTION('',(-0.60467076642871,-0.647363016601427,0.463998263965736));
#1863=DIRECTION('',(0.730793213806719,-0.682598914922992,0.));
#1864=DIRECTION('',(-0.722098703017492,0.691387636623604,0.0235923509740367));
#1865=DIRECTION('',(-0.683012701892216,-0.707106781186552,-0.183012701892216));
#1866=DIRECTION('',(0.719254596676408,-0.694746590606862,0.));
#1867=DIRECTION('',(-0.25881904510252,0.,0.965925826289068));
#1868=DIRECTION('',(0.965925826289068,0.,0.25881904510252));
#1869=DIRECTION('',(-0.965925826289056,0.,-0.258819045102565));
#1870=DIRECTION('',(-0.258819045102565,0.,0.965925826289056));
#1871=DIRECTION('',(0.,1.,0.));
#1872=DIRECTION('',(0.,0.,1.));
#1873=DIRECTION('',(0.,-1.,0.));
#1874=DIRECTION('',(0.,0.,-1.));
#1875=DIRECTION('',(0.,1.,0.));
#1876=DIRECTION('',(0.,0.,1.));
#1877=DIRECTION('',(-0.965925826289068,7.34418141754648E-15,-0.25881904510252));
#1878=DIRECTION('',(-0.25881904510252,0.,0.965925826289068));
#1879=DIRECTION('',(-0.683012701892217,0.70710678118655,-0.183012701892218));
#1880=DIRECTION('',(0.683012701892222,0.707106781186545,0.18301270189222));
#1881=DIRECTION('',(-0.25881904510252,0.,0.965925826289068));
#1882=DIRECTION('',(0.965925826289068,0.,0.25881904510252));
#1883=DIRECTION('',(-0.965925826289074,6.79869977755245E-14,-0.258819045102499));
#1884=DIRECTION('',(-0.258819045102499,0.,0.965925826289074));
#1885=DIRECTION('',(-1.44458997431433E-16,1.,-3.87076717011621E-17));
#1886=DIRECTION('',(-1.,-1.44458997431433E-16,0.));
#1887=DIRECTION('',(0.683012701892219,0.707106781186547,0.183012701892219));
#1888=DIRECTION('',(0.683012701892219,-0.707106781186547,0.183012701892219));
#1889=DIRECTION('',(0.965925826289068,-7.13027322091891E-17,0.25881904510252));
#1890=DIRECTION('',(0.25881904510252,0.,-0.965925826289068));
#1891=DIRECTION('',(0.,-0.707106781186546,0.707106781186549));
#1892=DIRECTION('',(1.,0.,0.));
#1893=DIRECTION('',(-5.16620277067644E-16,0.707106781186549,0.707106781186546));
#1894=DIRECTION('',(-1.,-7.30611402426007E-16,0.));
#1895=DIRECTION('',(-0.258819045102513,0.,0.96592582628907));
#1896=DIRECTION('',(0.965925826289071,0.,0.258819045102513));
#1897=DIRECTION('',(0.,0.,1.));
#1898=DIRECTION('',(1.,0.,0.));
#1899=CARTESIAN_POINT('',(0.,0.,0.));
#1900=CARTESIAN_POINT('',(163.136480590426,-5.99579290030832,-111.356774573566));
#1901=CARTESIAN_POINT('',(162.438049938294,9.3500000000603,-108.750197845227));
#1902=CARTESIAN_POINT('',(162.57202588475,9.35000000006028,-109.25020288439));
#1903=CARTESIAN_POINT('',(163.085098073819,9.3500000000602,-111.165012410969));
#1904=CARTESIAN_POINT('',(163.085098073819,-5.99579290030832,-111.165012410969));
#1905=CARTESIAN_POINT('',(163.085098073819,2.75,-111.165012410969));
#1906=CARTESIAN_POINT('',(163.136480590426,2.75,-111.356774573566));
#1907=CARTESIAN_POINT('',(163.666062744547,2.74999999999999,-113.333202079529));
#1908=CARTESIAN_POINT('',(163.666062744547,-5.99579290030833,-113.333202079529));
#1909=CARTESIAN_POINT('',(163.666062744547,-2.75000000000002,-113.333202079529));
#1910=CARTESIAN_POINT('',(163.136480590426,-2.75000000000001,-111.356774573566));
#1911=CARTESIAN_POINT('',(163.085098073819,-2.75000000000001,-111.165012410969));
#1912=CARTESIAN_POINT('',(163.085098073819,-5.99579290030832,-111.165012410969));
#1913=CARTESIAN_POINT('',(163.085098073819,-9.84999999995979,-111.165012410969));
#1914=CARTESIAN_POINT('',(162.572026428955,-9.84999999995979,-109.250202964413));
#1915=CARTESIAN_POINT('',(162.567460010335,-9.84999999995979,-109.233160858114));
#1916=CARTESIAN_POINT('',(162.567460010335,-11.0999999999739,-109.233160858114));
#1917=CARTESIAN_POINT('',(162.567459983614,-11.0999999999739,-109.233160758391));
#1918=CARTESIAN_POINT('',(167.352294312233,-11.099999999974,-127.090405578597));
#1919=CARTESIAN_POINT('',(165.540560996516,-11.099999999974,-120.328924794574));
#1920=CARTESIAN_POINT('',(165.540560996516,11.1040697676568,-120.328924794574));
#1921=CARTESIAN_POINT('',(165.540560996516,11.1040697676568,-120.328924794574));
#1922=CARTESIAN_POINT('',(162.38847204809,11.1040697676568,-108.565168689074));
#1923=CARTESIAN_POINT('',(162.567459983614,11.1040697676568,-109.233160758391));
#1924=CARTESIAN_POINT('',(162.567459983614,9.85000000006023,-109.233160758391));
#1925=CARTESIAN_POINT('',(162.567459983614,9.36704195432445,-109.233160758391));
#1926=CARTESIAN_POINT('',(164.848734964673,0.853293623311685,-117.746994893737));
#1927=CARTESIAN_POINT('',(162.437900021835,-2.25000000000002,-112.750197842417));
#1928=CARTESIAN_POINT('',(162.437896260854,-2.25000000000002,-112.850197842347));
#1929=CARTESIAN_POINT('',(163.019009915232,-2.25000000000002,-112.850219697919));
#1930=CARTESIAN_POINT('',(161.610970377902,-2.25000000000002,-112.850166741824));
#1931=CARTESIAN_POINT('',(161.641371935623,-2.25000000000002,-112.963626899867));
#1932=CARTESIAN_POINT('',(161.163981653629,-2.25000000000002,-111.181982112427));
#1933=CARTESIAN_POINT('',(162.437959000324,-2.25000000000001,-111.18203002647));
#1934=CARTESIAN_POINT('',(162.572021190959,-2.25000000000001,-111.182035068523));
#1935=CARTESIAN_POINT('',(162.955077469694,-2.25000000000002,-112.61162056292));
#1936=CARTESIAN_POINT('',(159.994573870976,2.24999999999998,-112.750105949392));
#1937=CARTESIAN_POINT('',(159.994632849465,2.24999999999999,-111.181938133444));
#1938=CARTESIAN_POINT('',(162.572021190959,2.24999999999999,-111.182035068523));
#1939=CARTESIAN_POINT('',(161.163981653629,2.24999999999999,-111.181982112427));
#1940=CARTESIAN_POINT('',(161.477677145124,2.24999999999998,-112.352709624792));
#1941=CARTESIAN_POINT('',(161.610970377902,2.24999999999998,-112.850166741824));
#1942=CARTESIAN_POINT('',(159.994570109995,2.24999999999998,-112.850105949321));
#1943=CARTESIAN_POINT('',(163.019009915232,2.24999999999998,-112.850219697919));
#1944=CARTESIAN_POINT('',(162.791382679195,2.24999999999999,-112.000703287845));
#1945=CARTESIAN_POINT('',(123.168551916825,13.1040697676568,-85.4350020348405));
#1946=CARTESIAN_POINT('',(140.2410938005,13.1040697676568,-142.832856948707));
#1947=CARTESIAN_POINT('',(130.974113092443,13.1040697676568,-108.248014113476));
#1948=CARTESIAN_POINT('',(136.309853712994,13.1040697676568,-128.161269205384));
#1949=CARTESIAN_POINT('',(156.952639857854,13.1040697676568,-108.249999999986));
#1950=CARTESIAN_POINT('',(157.402083931677,13.1040697676568,-108.249999999986));
#1951=CARTESIAN_POINT('',(159.40214667701,13.1040697676568,-106.750083664076));
#1952=CARTESIAN_POINT('',(159.402052652492,13.1040697676568,-109.250083662308));
#1953=CARTESIAN_POINT('',(123.167656287451,13.1040697676568,-109.248720893648));
#1954=CARTESIAN_POINT('',(160.501392385385,13.1033391552776,-109.249898120452));
#1955=CARTESIAN_POINT('',(165.420442659655,13.1040697676568,-127.608043668802));
#1956=CARTESIAN_POINT('',(163.608709343938,13.1040697676568,-120.846562884779));
#1957=CARTESIAN_POINT('',(134.730419010405,13.1040697676568,-128.58447745844));
#1958=CARTESIAN_POINT('',(144.99085284978,-0.00394452504962431,-141.56016284721));
#1959=CARTESIAN_POINT('',(140.210414697005,-13.0999999999741,-142.841077389713));
#1960=CARTESIAN_POINT('',(130.941055043075,-13.0989884667905,-108.245879250093));
#1961=CARTESIAN_POINT('',(136.2791746095,-13.0999999999741,-128.16948964639));
#1962=CARTESIAN_POINT('',(130.940685804709,-13.1000000003709,-108.245978187215));
#1963=CARTESIAN_POINT('',(130.163207896331,-12.816310150155,-108.244832881186));
#1964=CARTESIAN_POINT('',(128.708069499539,-12.1373636406623,-108.243963756703));
#1965=CARTESIAN_POINT('',(126.851378053834,-10.8817752317356,-108.24019266389));
#1966=CARTESIAN_POINT('',(125.575047450051,-9.70606024790025,-108.234234901575));
#1967=CARTESIAN_POINT('',(124.82469265401,-8.85851512639105,-108.2302165218));
#1968=CARTESIAN_POINT('',(124.425377247396,-8.35694323718389,-108.228322474183));
#1969=CARTESIAN_POINT('',(124.167990224778,-8.01340745750559,-108.227342578323));
#1970=CARTESIAN_POINT('',(123.838507453634,-7.53843552282546,-108.226384825579));
#1971=CARTESIAN_POINT('',(123.457070519588,-6.93567987578798,-108.22531129041));
#1972=CARTESIAN_POINT('',(122.842483788997,-5.82796916855474,-108.223639238374));
#1973=CARTESIAN_POINT('',(122.178562939963,-4.22146710098906,-108.221250007504));
#1974=CARTESIAN_POINT('',(121.665418346354,-2.08525891288749,-108.217566848619));
#1975=CARTESIAN_POINT('',(121.509121491812,0.0158520467671003,-108.21510413451));
#1976=CARTESIAN_POINT('',(121.672713959021,2.10364038780258,-108.217571898907));
#1977=CARTESIAN_POINT('',(122.085870174962,3.8429997749785,-108.220584064765));
#1978=CARTESIAN_POINT('',(122.594248441979,5.2165996763204,-108.222724880274));
#1979=CARTESIAN_POINT('',(123.04160640779,6.18363063246686,-108.2241557306));
#1980=CARTESIAN_POINT('',(123.478546776467,6.96369435631418,-108.22537571801));
#1981=CARTESIAN_POINT('',(123.859604204212,7.56228035679159,-108.226463774316));
#1982=CARTESIAN_POINT('',(124.187805545288,8.0328157891776,-108.227417595897));
#1983=CARTESIAN_POINT('',(124.446423788377,8.37632637804233,-108.228395881096));
#1984=CARTESIAN_POINT('',(124.846515547699,8.8763423044632,-108.230289260654));
#1985=CARTESIAN_POINT('',(125.598666040533,9.72190227471224,-108.234309633438));
#1986=CARTESIAN_POINT('',(126.877462706632,10.8944136206,-108.240271051574));
#1987=CARTESIAN_POINT('',(128.737447463108,12.1460852636049,-108.24403188896));
#1988=CARTESIAN_POINT('',(130.194917457464,12.822027731573,-108.244886518223));
#1989=CARTESIAN_POINT('',(130.97358098278,13.1040697703848,-108.246028225083));
#1990=CARTESIAN_POINT('',(141.059612762274,-0.00394452504962431,-126.888575103887));
#1991=CARTESIAN_POINT('',(117.152932939061,-13.0999999999739,-108.249999999986));
#1992=CARTESIAN_POINT('',(159.402530028407,-13.0999999999739,-106.751514350968));
#1993=CARTESIAN_POINT('',(159.326796790424,-13.0998569245384,-109.250223841811));
#1994=CARTESIAN_POINT('',(157.401395160467,-13.0999999999739,-108.249999999986));
#1995=CARTESIAN_POINT('',(130.673814252675,-13.0999999999739,-108.249999999986));
#1996=CARTESIAN_POINT('',(123.414020603121,-13.099999999974,-131.616697272901));
#1997=CARTESIAN_POINT('',(163.608709343938,-13.099999999974,-120.846562884779));
#1998=CARTESIAN_POINT('',(160.45700374691,-13.0999999999739,-109.084237466171));
#1999=CARTESIAN_POINT('',(160.501453178742,-13.0999999999739,-109.250125004138));
#2000=CARTESIAN_POINT('',(117.152895385868,-13.0999999999739,-109.248494679651));
#2001=CARTESIAN_POINT('',(161.204628937848,-11.0999999999739,-111.874412663771));
#2002=CARTESIAN_POINT('',(162.567459983614,-11.0999999999739,-109.233160758391));
#2003=CARTESIAN_POINT('',(162.567459983614,-11.5024738251486,-109.233160758391));
#2004=CARTESIAN_POINT('',(162.304579397756,-12.4589357697768,-109.214162620702));
#2005=CARTESIAN_POINT('',(161.168926844677,-13.1000000028623,-109.250149470057));
#2006=CARTESIAN_POINT('',(160.501453154819,-13.0999999999739,-109.250124949473));
#2007=CARTESIAN_POINT('',(163.608709343938,-13.099999999974,-120.846562884779));
#2008=CARTESIAN_POINT('',(164.114466923901,-13.099999999974,-120.711045549662));
#2009=CARTESIAN_POINT('',(165.121955535236,-12.666627736921,-120.441089789871));
#2010=CARTESIAN_POINT('',(165.540560996516,-11.6235987755723,-120.328924794574));
#2011=CARTESIAN_POINT('',(165.540560996516,-11.099999999974,-120.328924794574));
#2012=CARTESIAN_POINT('',(152.046842250358,11.1040697676568,-77.6970874611791));
#2013=CARTESIAN_POINT('',(160.501392385331,13.1040697676568,-109.249898120466));
#2014=CARTESIAN_POINT('',(161.168051462748,13.1040697676924,-109.250221953176));
#2015=CARTESIAN_POINT('',(162.303383022335,12.4645651094599,-109.21444266984));
#2016=CARTESIAN_POINT('',(162.567459983614,11.5074079127559,-109.233160758391));
#2017=CARTESIAN_POINT('',(162.567459983614,11.1040697676568,-109.233160758391));
#2018=CARTESIAN_POINT('',(165.540560996516,11.1040697676568,-120.328924794574));
#2019=CARTESIAN_POINT('',(165.540560996516,11.6276685432551,-120.328924794574));
#2020=CARTESIAN_POINT('',(165.121955535236,12.6706975046039,-120.441089789871));
#2021=CARTESIAN_POINT('',(164.114466923901,13.1040697676568,-120.711045549662));
#2022=CARTESIAN_POINT('',(163.608709343938,13.1040697676568,-120.846562884779));
#2023=CARTESIAN_POINT('',(159.87540879771,0.00101744194150263,-108.750101464788));
#2024=CARTESIAN_POINT('',(161.938050461417,11.1040697676569,-108.750179040343));
#2025=CARTESIAN_POINT('',(161.938050459496,11.2948872738532,-108.750179040343));
#2026=CARTESIAN_POINT('',(161.871461739831,11.6513106375748,-108.750176535954));
#2027=CARTESIAN_POINT('',(161.541994871515,12.1443254284022,-108.750164144769));
#2028=CARTESIAN_POINT('',(161.07239713841,12.4936758907019,-108.750146483288));
#2029=CARTESIAN_POINT('',(160.702837798751,12.5868032381539,-108.750132584233));
#2030=CARTESIAN_POINT('',(160.500857383502,12.6020900668372,-108.750124987788));
#2031=CARTESIAN_POINT('',(161.938050461417,11.1040697676569,-108.750179040343));
#2032=CARTESIAN_POINT('',(160.500857383502,12.6020900668372,-108.750124987788));
#2033=CARTESIAN_POINT('',(159.87540879771,12.6055302870989,-108.750101464788));
#2034=CARTESIAN_POINT('',(159.402071457396,12.6055295394738,-108.750083662662));
#2035=CARTESIAN_POINT('',(159.402071457396,11.4750000000474,-108.750083662662));
#2036=CARTESIAN_POINT('',(159.402071457396,11.4750000000474,-108.750083662662));
#2037=CARTESIAN_POINT('',(130.106816990171,11.4750000000474,-108.748981873791));
#2038=CARTESIAN_POINT('',(130.450020245195,11.4750000000474,-108.748994781599));
#2039=CARTESIAN_POINT('',(130.450020245195,10.4750000000474,-108.748994781599));
#2040=CARTESIAN_POINT('',(129.414733981267,10.4750000000474,-108.748955844682));
#2041=CARTESIAN_POINT('',(129.414733631666,-5.09999999996674,-108.748955844669));
#2042=CARTESIAN_POINT('',(129.414733631666,5.91163652202227,-108.748955844669));
#2043=CARTESIAN_POINT('',(129.414733631666,5.91163652202228,-108.748955844669));
#2044=CARTESIAN_POINT('',(129.777203613508,7.08866230229621,-108.748969477095));
#2045=CARTESIAN_POINT('',(130.917318044072,8.635128747423,-108.749012356579));
#2046=CARTESIAN_POINT('',(133.164131821972,9.6937546633373,-108.749096858812));
#2047=CARTESIAN_POINT('',(134.368296425792,9.86408047234114,-108.74914214721));
#2048=CARTESIAN_POINT('',(134.983983104052,9.85000000006045,-108.749165303068));
#2049=CARTESIAN_POINT('',(134.983983104052,9.85000000006045,-108.749165303068));
#2050=CARTESIAN_POINT('',(159.875408797711,9.85000000006026,-108.750101464788));
#2051=CARTESIAN_POINT('',(161.938050461417,9.85000000006024,-108.750179040343));
#2052=CARTESIAN_POINT('',(161.938050461417,11.1040697676568,-108.750179040343));
#2053=CARTESIAN_POINT('',(160.72287463385,-5.99579290030832,-111.467599955615));
#2054=CARTESIAN_POINT('',(160.72287463385,9.35000000006027,-111.467599955615));
#2055=CARTESIAN_POINT('',(163.131520113604,9.35000000006024,-120.456787263478));
#2056=CARTESIAN_POINT('',(160.641771922961,9.35000000006025,-111.164920517944));
#2057=CARTESIAN_POINT('',(163.131520113604,-5.99579290030832,-120.456787263478));
#2058=CARTESIAN_POINT('',(163.131520113604,-9.34999999995979,-120.456787263478));
#2059=CARTESIAN_POINT('',(159.731277267834,-9.34999999995979,-107.76690820499));
#2060=CARTESIAN_POINT('',(160.641771922961,-9.34999999995979,-111.164920517944));
#2061=CARTESIAN_POINT('',(160.641771922961,-5.99579290030832,-111.164920517944));
#2062=CARTESIAN_POINT('',(160.641771922961,-2.74999999999999,-111.164920517944));
#2063=CARTESIAN_POINT('',(161.158409022478,-2.75000000000002,-113.093036422418));
#2064=CARTESIAN_POINT('',(161.093327071138,-2.75000000000001,-112.850147273359));
#2065=CARTESIAN_POINT('',(161.093327071138,-5.99579290030833,-112.850147273359));
#2066=CARTESIAN_POINT('',(161.093327071138,2.74999999999997,-112.850147273359));
#2067=CARTESIAN_POINT('',(160.99471423198,2.74999999999997,-112.482119147343));
#2068=CARTESIAN_POINT('',(160.641771922961,2.74999999999998,-111.164920517944));
#2069=CARTESIAN_POINT('',(160.641771922961,-5.99579290030832,-111.164920517944));
#2070=CARTESIAN_POINT('',(135.106845159235,-5.09999999996674,-107.249999999986));
#2071=CARTESIAN_POINT('',(157.465633403859,10.6000000000497,-107.249999999986));
#2072=CARTESIAN_POINT('',(157.465633403859,10.6000000000497,-107.249999999986));
#2073=CARTESIAN_POINT('',(157.465633403859,12.1040697676568,-107.249999999986));
#2074=CARTESIAN_POINT('',(130.706696016698,12.1040697676568,-107.249999999986));
#2075=CARTESIAN_POINT('',(130.888070692095,12.1040697679499,-107.249999999986));
#2076=CARTESIAN_POINT('',(130.888070692095,12.1040697679499,-107.249999999986));
#2077=CARTESIAN_POINT('',(129.642499276246,11.6320281700358,-107.249999999986));
#2078=CARTESIAN_POINT('',(127.914348405721,10.678349159186,-107.249999999986));
#2079=CARTESIAN_POINT('',(125.906171805426,8.91335379429496,-107.249999999986));
#2080=CARTESIAN_POINT('',(124.235281643508,6.90975507671314,-107.249999999986));
#2081=CARTESIAN_POINT('',(123.036940278963,4.53772561960492,-107.249999999986));
#2082=CARTESIAN_POINT('',(122.40829758352,1.96000099813933,-107.249999999986));
#2083=CARTESIAN_POINT('',(122.252650341415,0.0127478905626992,-107.249999999986));
#2084=CARTESIAN_POINT('',(122.402806022138,-1.9323777275756,-107.249999999986));
#2085=CARTESIAN_POINT('',(123.024978095129,-4.5148172987507,-107.249999999986));
#2086=CARTESIAN_POINT('',(124.217786975545,-6.88987733950699,-107.249999999986));
#2087=CARTESIAN_POINT('',(125.881447542579,-8.89575395411424,-107.249999999986));
#2088=CARTESIAN_POINT('',(127.887073107415,-10.6675981533914,-107.249999999986));
#2089=CARTESIAN_POINT('',(129.611498797595,-11.6246443764064,-107.249999999986));
#2090=CARTESIAN_POINT('',(130.856530844982,-12.1000000002879,-107.249999999986));
#2091=CARTESIAN_POINT('',(130.856530844982,-12.0999999999739,-107.249999999986));
#2092=CARTESIAN_POINT('',(156.952731657577,-12.0999999999739,-107.249999999986));
#2093=CARTESIAN_POINT('',(157.465647983025,-12.0999999999739,-107.249999999986));
#2094=CARTESIAN_POINT('',(157.465647983025,-12.0999999999739,-107.249999999986));
#2095=CARTESIAN_POINT('',(157.465647983025,-10.5999999999667,-107.249999999986));
#2096=CARTESIAN_POINT('',(157.465647983025,-10.5999999999667,-107.249999999986));
#2097=CARTESIAN_POINT('',(157.294129177722,-10.4338941527484,-107.249999999986));
#2098=CARTESIAN_POINT('',(157.123268911471,-10.2671127546689,-107.249999999986));
#2099=CARTESIAN_POINT('',(156.952731657577,-10.0999999999667,-107.249999999986));
#2100=CARTESIAN_POINT('',(156.952731657577,-10.0999999999667,-107.249999999986));
#2101=CARTESIAN_POINT('',(135.106845159235,-10.0999999999667,-107.249999999986));
#2102=CARTESIAN_POINT('',(134.189470525644,-10.0999999999667,-107.249999999986));
#2103=CARTESIAN_POINT('',(134.189470525644,-5.09999999996673,-107.249999999986));
#2104=CARTESIAN_POINT('',(129.0130899727,-5.09999999996673,-107.249999999986));
#2105=CARTESIAN_POINT('',(129.013089623593,-5.09999999996673,-107.249999999986));
#2106=CARTESIAN_POINT('',(129.0130899727,5.10000000004986,-107.249999999986));
#2107=CARTESIAN_POINT('',(134.189470525644,5.10000000004986,-107.249999999986));
#2108=CARTESIAN_POINT('',(134.189470525644,10.1000000000499,-107.249999999986));
#2109=CARTESIAN_POINT('',(158.106845159235,10.1000000000497,-107.249999999986));
#2110=CARTESIAN_POINT('',(156.952639857854,10.1000000000497,-107.249999999986));
#2111=CARTESIAN_POINT('',(156.952639857854,10.1000000000497,-107.249999999986));
#2112=CARTESIAN_POINT('',(157.123200227045,10.2671155150136,-107.249999999986));
#2113=CARTESIAN_POINT('',(157.294085539745,10.4338976421309,-107.249999999986));
#2114=CARTESIAN_POINT('',(157.465633403859,10.6000000000497,-107.249999999986));
#2115=CARTESIAN_POINT('',(159.402530028407,-9.94014120476745,-106.751514350968));
#2116=CARTESIAN_POINT('',(159.402530028407,-11.6015143509552,-106.751514350968));
#2117=CARTESIAN_POINT('',(157.669605923861,-12.6000002286128,-107.750000228625));
#2118=CARTESIAN_POINT('',(159.402530028407,-12.6000002286128,-106.751514350968));
#2119=CARTESIAN_POINT('',(159.3268199298,-12.6000002286128,-108.750080832466));
#2120=CARTESIAN_POINT('',(159.3268199298,-12.2874476409692,-108.750080832466));
#2121=CARTESIAN_POINT('',(159.3268199298,-11.4749999999693,-108.750080832466));
#2122=CARTESIAN_POINT('',(159.402530028407,-11.4749999999693,-106.751514350968));
#2123=CARTESIAN_POINT('',(157.840069281958,-11.4749999999693,-107.999999999986));
#2124=CARTESIAN_POINT('',(157.840069281958,-10.0999999999667,-107.999999999986));
#2125=CARTESIAN_POINT('',(157.840069281958,-10.5999999999667,-107.999999999986));
#2126=CARTESIAN_POINT('',(159.402530028407,-10.5999999999667,-106.751514350968));
#2127=CARTESIAN_POINT('',(135.106845159235,-10.0999999999667,-107.499999999986));
#2128=CARTESIAN_POINT('',(159.402530028407,-10.0999999999667,-106.751514350968));
#2129=CARTESIAN_POINT('',(157.236592913855,-10.0999999999667,-107.999999999986));
#2130=CARTESIAN_POINT('',(135.106845159235,-10.0999999999667,-107.999999999986));
#2131=CARTESIAN_POINT('',(134.390432419967,-10.0999999999667,-107.999999999986));
#2132=CARTESIAN_POINT('',(134.276915526115,-10.0999999999667,-107.576349184612));
#2133=CARTESIAN_POINT('',(158.106845159235,10.1000000000497,-107.499999999986));
#2134=CARTESIAN_POINT('',(158.106845159235,10.1000000000497,-107.999999999986));
#2135=CARTESIAN_POINT('',(134.390432419967,10.1000000000499,-107.999999999986));
#2136=CARTESIAN_POINT('',(157.237034866219,10.1000000000497,-107.999999999986));
#2137=CARTESIAN_POINT('',(159.40214667701,10.1000000000497,-106.750083664076));
#2138=CARTESIAN_POINT('',(134.276915526115,10.1000000000499,-107.576349184612));
#2139=CARTESIAN_POINT('',(159.40214667701,24.5938091123975,-106.750083664076));
#2140=CARTESIAN_POINT('',(159.40214667701,12.6055295394738,-106.750083664076));
#2141=CARTESIAN_POINT('',(157.670891094817,12.6055295394737,-107.751459771803));
#2142=CARTESIAN_POINT('',(159.40214667701,11.6041534317465,-106.750083664076));
#2143=CARTESIAN_POINT('',(159.40214667701,10.6000000000497,-106.750083664076));
#2144=CARTESIAN_POINT('',(157.840830196208,10.6000000000497,-107.999999999986));
#2145=CARTESIAN_POINT('',(157.840830196208,11.4750000000474,-107.999999999986));
#2146=CARTESIAN_POINT('',(157.840830196208,11.4750000000474,-107.999999999986));
#2147=CARTESIAN_POINT('',(159.40214667701,11.4750000000474,-106.750083664076));
#2148=CARTESIAN_POINT('',(129.10654465756,-5.09999999996673,-107.598778934973));
#2149=CARTESIAN_POINT('',(131.258755585239,-4.3499999999598,-115.630939465676));
#2150=CARTESIAN_POINT('',(134.60028791367,-4.34999999995983,-128.101707890516));
#2151=CARTESIAN_POINT('',(129.476962766074,-4.34999779795102,-108.981198135991));
#2152=CARTESIAN_POINT('',(134.60028791367,4.35000000006041,-128.101707890516));
#2153=CARTESIAN_POINT('',(134.60028791367,4.35000000006041,-128.101707890516));
#2154=CARTESIAN_POINT('',(129.10654465756,4.35000000006045,-107.598778934973));
#2155=CARTESIAN_POINT('',(129.476960865214,4.34999778219381,-108.98119104188));
#2156=CARTESIAN_POINT('',(129.476960865213,4.34999778219381,-108.98119104188));
#2157=CARTESIAN_POINT('',(129.476514769364,4.88261729177745,-108.979526189508));
#2158=CARTESIAN_POINT('',(129.453775759915,5.401975861928,-108.894663050931));
#2159=CARTESIAN_POINT('',(129.414733631666,5.91163652202222,-108.748955844669));
#2160=CARTESIAN_POINT('',(129.10654465756,10.4750000000474,-107.598778934973));
#2161=CARTESIAN_POINT('',(129.214051867024,10.4750000000474,-107.999999999986));
#2162=CARTESIAN_POINT('',(129.214051517917,-5.09999999996673,-107.999999999986));
#2163=CARTESIAN_POINT('',(129.214051867024,5.10000000004985,-107.999999999986));
#2164=CARTESIAN_POINT('',(129.10654465756,5.10000000004986,-107.598778934973));
#2165=CARTESIAN_POINT('',(129.447286394669,-5.09999999996674,-108.870444410124));
#2166=CARTESIAN_POINT('',(129.214051867024,-5.09999999996673,-107.999999999986));
#2167=CARTESIAN_POINT('',(129.214051517917,0.,-107.999999999986));
#2168=CARTESIAN_POINT('',(129.214051867024,-10.4749999999693,-107.999999999986));
#2169=CARTESIAN_POINT('',(129.10654465756,-10.4749999999693,-107.598778934973));
#2170=CARTESIAN_POINT('',(129.414733981267,-10.4749999999693,-108.748955844682));
#2171=CARTESIAN_POINT('',(129.414733631666,0.00101744194153738,-108.748955844669));
#2172=CARTESIAN_POINT('',(129.414733631666,-5.91180346422676,-108.748955844669));
#2173=CARTESIAN_POINT('',(129.414733631666,-5.91180346422674,-108.748955844669));
#2174=CARTESIAN_POINT('',(129.453782898781,-5.40209020036454,-108.894689693541));
#2175=CARTESIAN_POINT('',(129.476520858059,-4.88267489587528,-108.979548912828));
#2176=CARTESIAN_POINT('',(129.476962766074,-4.34999779795099,-108.98119813599));
#2177=CARTESIAN_POINT('',(130.239783178005,10.4750000000474,-107.964379365213));
#2178=CARTESIAN_POINT('',(130.239783178005,11.4750000000474,-107.964379365213));
#2179=CARTESIAN_POINT('',(130.249327698327,11.4750000000474,-107.999999999986));
#2180=CARTESIAN_POINT('',(130.249327698327,10.4750000000474,-107.999999999986));
#2181=CARTESIAN_POINT('',(130.106845159235,11.4750000000474,-107.999999999986));
#2182=CARTESIAN_POINT('',(-7.10926853104146E-16,11.4750000000474,-107.999999999986));
#2183=CARTESIAN_POINT('',(136.088384716684,-4.3499999999598,-114.336844240164));
#2184=CARTESIAN_POINT('',(136.088384716684,-9.3499999999598,-114.336844240164));
#2185=CARTESIAN_POINT('',(139.429917045116,-9.3499999999598,-126.807612665003));
#2186=CARTESIAN_POINT('',(134.72339532188,-9.34999999995979,-109.24263446696));
#2187=CARTESIAN_POINT('',(139.429917045116,-4.34999999995983,-126.807612665003));
#2188=CARTESIAN_POINT('',(134.72339532188,-9.34999999995979,-109.24263446696));
#2189=CARTESIAN_POINT('',(133.385544344101,-9.34999999995979,-109.176224860262));
#2190=CARTESIAN_POINT('',(131.369158592379,-8.58161256987435,-109.085313129817));
#2191=CARTESIAN_POINT('',(129.762851521991,-6.36017120772284,-108.986277909829));
#2192=CARTESIAN_POINT('',(129.476408499946,-5.01764972219962,-108.979130722703));
#2193=CARTESIAN_POINT('',(129.476962766075,-4.34999779795103,-108.981198135991));
#2194=CARTESIAN_POINT('',(159.87540879771,0.00101744194150263,-108.750101464788));
#2195=CARTESIAN_POINT('',(160.501471548948,-12.5999995822593,-108.750125010887));
#2196=CARTESIAN_POINT('',(160.704433368975,-12.583451784981,-108.750132644242));
#2197=CARTESIAN_POINT('',(161.075245695946,-12.4886036175261,-108.750146590422));
#2198=CARTESIAN_POINT('',(161.542597875695,-12.141365264123,-108.750164167447));
#2199=CARTESIAN_POINT('',(161.8716808591,-11.6482859590765,-108.750176544195));
#2200=CARTESIAN_POINT('',(161.938050459262,-11.2913037949999,-108.750179040343));
#2201=CARTESIAN_POINT('',(161.938050461417,-11.0999999999738,-108.750179040343));
#2202=CARTESIAN_POINT('',(160.501471548948,-12.5999995822593,-108.750125010887));
#2203=CARTESIAN_POINT('',(161.938050461417,-11.0999999999738,-108.750179040343));
#2204=CARTESIAN_POINT('',(161.938050461417,-9.84999999995978,-108.750179040343));
#2205=CARTESIAN_POINT('',(161.938050461417,-9.84999999995979,-108.750179040343));
#2206=CARTESIAN_POINT('',(159.87540879771,-9.84999999995979,-108.750101464788));
#2207=CARTESIAN_POINT('',(134.983983104052,-9.84999999995978,-108.749165303067));
#2208=CARTESIAN_POINT('',(134.983983104052,-9.84999999995978,-108.749165303067));
#2209=CARTESIAN_POINT('',(133.752975148191,-9.87815258849753,-108.749119005096));
#2210=CARTESIAN_POINT('',(131.291958686479,-9.13367089983824,-108.749026446741));
#2211=CARTESIAN_POINT('',(129.777345613752,-7.08916426862973,-108.748969482435));
#2212=CARTESIAN_POINT('',(129.414733631666,-5.91180346422676,-108.748955844669));
#2213=CARTESIAN_POINT('',(130.450020245195,-10.4749999999693,-108.748994781599));
#2214=CARTESIAN_POINT('',(130.450020245195,-11.4749999999693,-108.748994781599));
#2215=CARTESIAN_POINT('',(158.106816950565,-11.4749999999693,-108.750034948389));
#2216=CARTESIAN_POINT('',(159.87540879771,-12.6000002286128,-108.750101464788));
#2217=CARTESIAN_POINT('',(134.606845159235,9.35000000006045,-114.49897949878));
#2218=CARTESIAN_POINT('',(136.088384716685,9.35000000006044,-114.336844240164));
#2219=CARTESIAN_POINT('',(139.429917045116,9.35000000006041,-126.807612665003));
#2220=CARTESIAN_POINT('',(134.72339215293,9.35000000006045,-109.242622640277));
#2221=CARTESIAN_POINT('',(138.007088005005,9.35000000006042,-127.188858557268));
#2222=CARTESIAN_POINT('',(149.382760014829,9.35000000006034,-125.837379206762));
#2223=CARTESIAN_POINT('',(161.012362400056,9.35000000006025,-110.681976409703));
#2224=CARTESIAN_POINT('',(162.955688028499,9.35000000006023,-110.682049497805));
#2225=CARTESIAN_POINT('',(162.455688551622,9.35000000006023,-110.682030692921));
#2226=CARTESIAN_POINT('',(146.771330471953,9.35000000006036,-98.6465308400588));
#2227=CARTESIAN_POINT('',(134.607042604268,9.35000000006045,-109.249151126762));
#2228=CARTESIAN_POINT('',(134.983964299148,9.35000000006045,-109.249165302714));
#2229=CARTESIAN_POINT('',(134.983964299148,9.35000000006045,-109.249165302714));
#2230=CARTESIAN_POINT('',(134.897052239611,9.35000000006045,-109.249162033967));
#2231=CARTESIAN_POINT('',(134.81019592264,9.35000000006045,-109.246938727076));
#2232=CARTESIAN_POINT('',(134.72339215293,9.35000000006045,-109.242622640277));
#2233=CARTESIAN_POINT('',(130.072470483849,-10.4749999999693,-107.33995988987));
#2234=CARTESIAN_POINT('',(130.249327698327,-10.4749999999693,-107.999999999986));
#2235=CARTESIAN_POINT('',(130.249327698327,-11.4749999999693,-107.999999999986));
#2236=CARTESIAN_POINT('',(132.115427525023,-11.4749999999693,-114.964379365213));
#2237=CARTESIAN_POINT('',(149.354597988831,-1.73472347597681E-15,-126.218854781818));
#2238=CARTESIAN_POINT('',(149.484007511382,-1.73472347597681E-15,-126.701817694963));
#2239=CARTESIAN_POINT('',(152.864747903394,-1.73472347597681E-15,-125.795951037104));
#2240=CARTESIAN_POINT('',(149.354597988831,-1.73472347597681E-15,-126.218854781818));
#2241=CARTESIAN_POINT('',(146.456820509964,-1.73472347597681E-15,-126.995311917126));
#2242=CARTESIAN_POINT('',(154.642106404914,-1.73472347597681E-15,-145.952104836087));
#2243=CARTESIAN_POINT('',(149.095778943728,-1.73472347597681E-15,-125.252928955529));
#2244=CARTESIAN_POINT('',(151.993556422596,-1.73472347597681E-15,-124.476471820221));
#2245=CARTESIAN_POINT('',(141.059612762275,-0.00394452504962431,-126.888575103887));
#2246=CARTESIAN_POINT('',(148.966369421177,-1.73472347597681E-15,-124.769966042384));
#2247=CARTESIAN_POINT('',(152.347109813189,-1.73472347597681E-15,-123.864099384526));
#2248=CARTESIAN_POINT('',(139.559326567667,-4.34999999995983,-127.290575578147));
#2249=CARTESIAN_POINT('',(135.212660349366,-4.34999999995983,-128.455261281109));
#2250=CARTESIAN_POINT('',(139.559326567667,-8.84999999995982,-127.290575578147));
#2251=CARTESIAN_POINT('',(141.059612762275,-8.84999999995978,-126.888575103887));
#2252=CARTESIAN_POINT('',(162.777966723011,-8.84999999995978,-121.069159699174));
#2253=CARTESIAN_POINT('',(162.777966723011,-0.00394452504962095,-121.069159699174));
#2254=CARTESIAN_POINT('',(162.777966723011,8.85000000006024,-121.069159699174));
#2255=CARTESIAN_POINT('',(141.059612762275,8.8500000000604,-126.888575103887));
#2256=CARTESIAN_POINT('',(139.559326567667,8.85000000006041,-127.290575578147));
#2257=CARTESIAN_POINT('',(139.559326567667,4.35000000006041,-127.290575578147));
#2258=CARTESIAN_POINT('',(135.212660349366,4.35000000006041,-128.455261281109));
#2259=CARTESIAN_POINT('',(135.212660349366,-4.34999999995983,-128.455261281109));
#2260=CARTESIAN_POINT('',(134.606845159235,-9.34999999995978,-114.49897949878));
#2261=CARTESIAN_POINT('',(138.007088005005,-9.34999999995978,-127.188858557268));
#2262=CARTESIAN_POINT('',(134.983964299149,-9.34999999995979,-109.249165302714));
#2263=CARTESIAN_POINT('',(134.897053492906,-9.34999999995979,-109.249162034011));
#2264=CARTESIAN_POINT('',(134.810198215104,-9.34999999995978,-109.246943277205));
#2265=CARTESIAN_POINT('',(134.72339532188,-9.34999999995978,-109.24263446696));
#2266=CARTESIAN_POINT('',(134.983964299148,-9.34999999995455,-109.249165302719));
#2267=CARTESIAN_POINT('',(134.607042604267,-9.34999999995978,-109.249151126762));
#2268=CARTESIAN_POINT('',(162.054383100754,-9.34999999995979,-109.250183415945));
#2269=CARTESIAN_POINT('',(162.47272565956,-9.34999999995979,-110.81145910038));
#2270=CARTESIAN_POINT('',(162.438045244504,-9.3499999999598,-110.68203002936));
#2271=CARTESIAN_POINT('',(160.51236240041,-9.34999999995987,-110.681957604799));
#2272=CARTESIAN_POINT('',(161.012362400056,-9.34999999995985,-110.681976409703));
#2273=CARTESIAN_POINT('',(149.382760014829,-9.34999999995979,-125.837379206762));
#2274=CARTESIAN_POINT('',(136.088384716684,4.35000000006043,-114.336844240164));
#2275=CARTESIAN_POINT('',(139.429917045116,4.35000000006041,-126.807612665003));
#2276=CARTESIAN_POINT('',(134.72339215293,9.35000000006045,-109.242622640277));
#2277=CARTESIAN_POINT('',(133.386239511687,9.35000000006046,-109.176136278187));
#2278=CARTESIAN_POINT('',(131.369204570964,8.58175289328283,-109.085376395536));
#2279=CARTESIAN_POINT('',(129.762812399266,6.36018817661504,-108.986214714386));
#2280=CARTESIAN_POINT('',(129.476401459422,5.01744384333091,-108.979104454938));
#2281=CARTESIAN_POINT('',(129.476960865213,4.3499977821938,-108.98119104188));
#2282=CARTESIAN_POINT('',(158.106845159235,-11.4749999999693,-107.999999999986));
#2283=CARTESIAN_POINT('',(158.106845159235,-11.4749999999693,-107.999999999986));
#2284=CARTESIAN_POINT('',(0.,0.,-107.999999999986));
#2285=CARTESIAN_POINT('',(157.236592913855,-10.0999999999667,-107.999999999986));
#2286=CARTESIAN_POINT('',(157.434080190567,-10.2710980088795,-107.999999999986));
#2287=CARTESIAN_POINT('',(157.634124559883,-10.4391097278765,-107.999999999986));
#2288=CARTESIAN_POINT('',(157.840069281958,-10.5999999999667,-107.999999999986));
#2289=CARTESIAN_POINT('',(134.390432419967,-5.09999999996674,-107.999999999986));
#2290=CARTESIAN_POINT('',(0.,0.,-107.999999999986));
#2291=CARTESIAN_POINT('',(157.840830196208,10.6000000000497,-107.999999999986));
#2292=CARTESIAN_POINT('',(157.634763172306,10.4391320797657,-107.999999999986));
#2293=CARTESIAN_POINT('',(157.434616628558,10.2711146429445,-107.999999999986));
#2294=CARTESIAN_POINT('',(157.237034866219,10.1000000000497,-107.999999999986));
#2295=CARTESIAN_POINT('',(134.390432419967,5.10000000004985,-107.999999999986));
#2296=CARTESIAN_POINT('',(134.276915526115,5.10000000004985,-107.576349184612));
#2297=CARTESIAN_POINT('',(134.276915526115,-5.09999999996674,-107.576349184612));
#2298=CARTESIAN_POINT('',(141.57725085248,-0.00394452504962431,-128.820426756465));
#2299=CARTESIAN_POINT('',(141.57725085248,11.1040697676568,-128.820426756465));
#2300=CARTESIAN_POINT('',(137.191903084403,11.1040697676568,-129.995477149451));
#2301=CARTESIAN_POINT('',(164.126347434143,11.1040697676568,-122.778414537357));
#2302=CARTESIAN_POINT('',(164.126347434143,-11.0999999999739,-122.778414537357));
#2303=CARTESIAN_POINT('',(164.126347434143,-11.099999999974,-122.778414537357));
#2304=CARTESIAN_POINT('',(141.57725085248,-11.099999999974,-128.820426756465));
#2305=CARTESIAN_POINT('',(137.163746344982,-11.099999999974,-130.00302172504));
#2306=CARTESIAN_POINT('',(141.57725085248,-0.00394452504962431,-128.820426756465));
#2307=CARTESIAN_POINT('',(-0.00424404440449151,-4.79886906049424E-13,-112.844088424776));
#2308=CARTESIAN_POINT('',(77.5575061174442,80.2986417780235,-112.847005507242));
#2309=CARTESIAN_POINT('',(163.03665322235,-2.26704195426423,-112.850220361481));
#2310=CARTESIAN_POINT('',(163.03665322235,-5.99579290030833,-112.850220361481));
#2311=CARTESIAN_POINT('',(163.03665322235,2.26704195426423,-112.850220361481));
#2312=CARTESIAN_POINT('',(163.329601973259,2.55000586694399,-112.850231379227));
#2313=CARTESIAN_POINT('',(79.1265385504325,81.9230400543888,-112.84706451825));
#2314=CARTESIAN_POINT('',(79.1265385504321,-81.9230400543893,-112.847064518249));
#2315=CARTESIAN_POINT('',(163.666062744547,-5.99579290030833,-113.333202079529));
#2316=CARTESIAN_POINT('',(162.72640766516,2.02898456441832,-112.612151303191));
#2317=CARTESIAN_POINT('',(162.909108401508,-2.16917435734202,-112.752347967553));
#2318=CARTESIAN_POINT('',(141.57725085248,11.1040697676568,-128.820426756465));
#2319=CARTESIAN_POINT('',(163.608709343938,13.1040697676568,-120.846562884779));
#2320=CARTESIAN_POINT('',(163.781255374006,12.4374031009901,-121.490513435638));
#2321=CARTESIAN_POINT('',(163.953801404074,11.7707364343235,-122.134463986498));
#2322=CARTESIAN_POINT('',(164.126347434143,11.1040697676568,-122.778414537357));
#2323=CARTESIAN_POINT('',(136.309853712994,13.1040697676568,-128.161269205384));
#2324=CARTESIAN_POINT('',(136.599404600889,12.4369557610508,-128.774331519462));
#2325=CARTESIAN_POINT('',(136.89305673167,11.7702525978658,-129.385869572413));
#2326=CARTESIAN_POINT('',(137.191903084403,11.1040697676568,-129.995477149451));
#2327=CARTESIAN_POINT('',(141.57725085248,-0.00394452504962431,-128.820426756465));
#2328=CARTESIAN_POINT('',(136.2791746095,-13.0999999999741,-128.16948964639));
#2329=CARTESIAN_POINT('',(136.569535165491,-12.4328796765506,-128.782341550206));
#2330=CARTESIAN_POINT('',(136.864025455565,-11.7661759889451,-129.393655561971));
#2331=CARTESIAN_POINT('',(137.163746344982,-11.099999999974,-130.00302172504));
#2332=CARTESIAN_POINT('',(165.540560996516,11.1040697676568,-120.328924794574));
#2333=CARTESIAN_POINT('',(165.540560996516,11.626370681005,-120.328924794573));
#2334=CARTESIAN_POINT('',(165.333311446631,12.1470721022749,-120.384457144097));
#2335=CARTESIAN_POINT('',(164.616104002739,12.8895505092919,-120.576632299494));
#2336=CARTESIAN_POINT('',(164.112262369343,13.1040697676568,-120.711636258278));
#2337=CARTESIAN_POINT('',(163.608709343938,13.1040697676568,-120.846562884779));
#2338=CARTESIAN_POINT('',(164.126347434143,11.1040697676568,-122.778414537357));
#2339=CARTESIAN_POINT('',(164.126347434143,11.1040697676568,-122.778414537357));
#2340=CARTESIAN_POINT('',(164.126347434143,11.1040697676568,-122.778414537357));
#2341=CARTESIAN_POINT('',(164.126347434143,11.1040697676568,-122.778414537357));
#2342=CARTESIAN_POINT('',(164.126347434143,11.1040697676568,-122.778414537357));
#2343=CARTESIAN_POINT('',(164.126347434143,11.1040697676568,-122.778414537357));
#2344=CARTESIAN_POINT('',(164.126347434143,11.1040697676568,-122.778414537357));
#2345=CARTESIAN_POINT('',(164.597751954934,11.1040697676568,-121.961917956429));
#2346=CARTESIAN_POINT('',(165.069156475725,11.1040697676568,-121.145421375501));
#2347=CARTESIAN_POINT('',(165.540560996516,11.1040697676568,-120.328924794574));
#2348=CARTESIAN_POINT('',(141.57725085248,-11.099999999974,-128.820426756465));
#2349=CARTESIAN_POINT('',(164.126347434143,-11.099999999974,-122.778414537357));
#2350=CARTESIAN_POINT('',(163.953801404074,-11.7666666666407,-122.134463986498));
#2351=CARTESIAN_POINT('',(163.781255374006,-12.4333333333073,-121.490513435638));
#2352=CARTESIAN_POINT('',(163.608709343938,-13.099999999974,-120.846562884779));
#2353=CARTESIAN_POINT('',(165.540560996516,-5.99579290030832,-120.328924794574));
#2354=CARTESIAN_POINT('',(165.540560996516,-11.099999999974,-120.328924794574));
#2355=CARTESIAN_POINT('',(165.069156475725,-11.099999999974,-121.145421375501));
#2356=CARTESIAN_POINT('',(164.597751954934,-11.099999999974,-121.961917956429));
#2357=CARTESIAN_POINT('',(164.126347434143,-11.099999999974,-122.778414537357));
#2358=CARTESIAN_POINT('',(163.608709343938,-13.099999999974,-120.846562884779));
#2359=CARTESIAN_POINT('',(164.113213285234,-13.099999999974,-120.711381461128));
#2360=CARTESIAN_POINT('',(164.616172235826,-12.8854394775764,-120.576614016493));
#2361=CARTESIAN_POINT('',(165.333351304624,-12.1429316945038,-120.38444646418));
#2362=CARTESIAN_POINT('',(165.540560996516,-11.6213164527484,-120.328924794575));
#2363=CARTESIAN_POINT('',(165.540560996516,-11.0999999999739,-120.328924794574));
#2364=CARTESIAN_POINT('',(164.126347434143,-11.099999999974,-122.778414537357));
#2365=CARTESIAN_POINT('',(164.126347434143,-11.099999999974,-122.778414537357));
#2366=CARTESIAN_POINT('',(164.126347434143,-11.099999999974,-122.778414537357));
#2367=CARTESIAN_POINT('',(164.126347434143,-11.099999999974,-122.778414537357));
#2368=CARTESIAN_POINT('',(164.126347434143,-11.099999999974,-122.778414537357));
#2369=CARTESIAN_POINT('',(164.126347434143,-11.099999999974,-122.778414537357));
#2370=CARTESIAN_POINT('',(161.123193807432,4.67500000005522,-110.681980578051));
#2371=CARTESIAN_POINT('',(161.123193807432,2.74999999999999,-110.681980578051));
#2372=CARTESIAN_POINT('',(161.012362400056,2.74999999999999,-110.681976409703));
#2373=CARTESIAN_POINT('',(162.455688551622,2.74999999999998,-110.682030692921));
#2374=CARTESIAN_POINT('',(162.455688551622,4.67500000005521,-110.682030692921));
#2375=CARTESIAN_POINT('',(161.012362400056,4.67500000005522,-110.681976409703));
#2376=CARTESIAN_POINT('',(161.123193807432,4.67500000005522,-110.681980578051));
#2377=CARTESIAN_POINT('',(161.123193807432,-2.75000000000001,-110.681980578051));
#2378=CARTESIAN_POINT('',(162.455688871592,-2.75000000000002,-110.682030692933));
#2379=CARTESIAN_POINT('',(161.012362400056,-2.75000000000002,-110.681976409703));
#2380=CARTESIAN_POINT('',(161.012362400056,4.67500000005522,-110.681976409703));
#2381=CARTESIAN_POINT('',(161.967155360532,-8.8951598833988,-110.682012319282));
#2382=CARTESIAN_POINT('',(162.455688871592,-9.36704226328857,-110.682030692933));
#2383=CARTESIAN_POINT('',(162.455688871592,4.67500000005521,-110.682030692933));
#2384=CARTESIAN_POINT('',(134.607042604268,9.35000000006045,-109.249151126762));
#2385=CARTESIAN_POINT('',(149.739175217081,19.2104318658015,-99.3892883706362));
#2386=CARTESIAN_POINT('',(134.983983104052,9.85000000006045,-108.749165303068));
#2387=CARTESIAN_POINT('',(134.983976835751,9.68333333339378,-108.915831969616));
#2388=CARTESIAN_POINT('',(134.98397056745,9.51666666672711,-109.082498636165));
#2389=CARTESIAN_POINT('',(134.983964299148,9.35000000006045,-109.249165302714));
#2390=CARTESIAN_POINT('',(134.983964186319,9.34700000006045,-109.252165302712));
#2391=CARTESIAN_POINT('',(133.565103876463,9.34678729410631,-109.252111939639));
#2392=CARTESIAN_POINT('',(132.164707654066,8.759106955328,-109.24765138678));
#2393=CARTESIAN_POINT('',(130.306994474494,6.83375200095332,-109.238569518692));
#2394=CARTESIAN_POINT('',(129.798478749924,5.57303293708322,-109.234840909963));
#2395=CARTESIAN_POINT('',(129.807509529057,4.30221365473872,-109.234840905815));
#2396=CARTESIAN_POINT('',(134.983964299148,9.35000000006045,-109.249165302714));
#2397=CARTESIAN_POINT('',(133.564321008853,9.35000000006046,-109.249111910193));
#2398=CARTESIAN_POINT('',(132.1629246214,8.76218947192213,-109.244677609287));
#2399=CARTESIAN_POINT('',(130.303704812893,6.83567274186321,-109.235649434036));
#2400=CARTESIAN_POINT('',(129.794697712489,5.57399871310062,-109.231942930983));
#2401=CARTESIAN_POINT('',(129.80373406923,4.30217900486054,-109.231942929096));
#2402=CARTESIAN_POINT('',(134.983983104052,9.85000000006045,-108.749165303068));
#2403=CARTESIAN_POINT('',(133.433843073876,9.88545099241873,-108.7491070026));
#2404=CARTESIAN_POINT('',(131.865752510498,9.27594223760944,-108.749048027016));
#2405=CARTESIAN_POINT('',(129.755427879451,7.15579622684508,-108.748968658114));
#2406=CARTESIAN_POINT('',(129.164524806603,5.7349613826672,-108.748946434363));
#2407=CARTESIAN_POINT('',(129.174490764859,4.29640402516515,-108.748946809181));
#2408=CARTESIAN_POINT('',(159.87540879771,-9.84999999995979,-108.750101464788));
#2409=CARTESIAN_POINT('',(160.990821291574,-10.5768273002084,-108.023316114474));
#2410=CARTESIAN_POINT('',(162.252755203385,-9.60852095216138,-108.991669924297));
#2411=CARTESIAN_POINT('',(161.855213551437,-9.09043980547806,-109.509736119882));
#2412=CARTESIAN_POINT('',(134.983964299148,-9.34999999995978,-109.249165302714));
#2413=CARTESIAN_POINT('',(134.98397056745,-9.51666666662645,-109.082498636165));
#2414=CARTESIAN_POINT('',(134.983976835751,-9.68333333329312,-108.915831969616));
#2415=CARTESIAN_POINT('',(134.983983104052,-9.84999999995979,-108.749165303067));
#2416=CARTESIAN_POINT('',(129.807504517266,-4.30217804778837,-109.234840849505));
#2417=CARTESIAN_POINT('',(129.798422169469,-5.57398625752789,-109.234840392709));
#2418=CARTESIAN_POINT('',(130.307580607277,-6.83459127543733,-109.238572906592));
#2419=CARTESIAN_POINT('',(132.164942844674,-8.75909768660552,-109.247651966289));
#2420=CARTESIAN_POINT('',(133.563647974233,-9.34678707360313,-109.252111884826));
#2421=CARTESIAN_POINT('',(134.983964186319,-9.34699999995451,-109.252165302717));
#2422=CARTESIAN_POINT('',(129.803729050621,-4.30214337563361,-109.231942873115));
#2423=CARTESIAN_POINT('',(129.794641067086,-5.57495280015165,-109.231942416794));
#2424=CARTESIAN_POINT('',(130.304291452385,-6.83651257871363,-109.235652801876));
#2425=CARTESIAN_POINT('',(132.163159968525,-8.76218013655329,-109.244678185393));
#2426=CARTESIAN_POINT('',(133.56286421045,-9.3499999999598,-109.249111855342));
#2427=CARTESIAN_POINT('',(134.983964299148,-9.34999999995979,-109.249165302714));
#2428=CARTESIAN_POINT('',(129.174484610764,-4.29636468318318,-108.748946808949));
#2429=CARTESIAN_POINT('',(129.164457337631,-5.73604323716131,-108.748946431826));
#2430=CARTESIAN_POINT('',(129.756098971249,-7.15672979086668,-108.748968683353));
#2431=CARTESIAN_POINT('',(131.86601394417,-9.27592179361112,-108.749048036849));
#2432=CARTESIAN_POINT('',(133.432236913419,-9.88548772512996,-108.749106942192));
#2433=CARTESIAN_POINT('',(134.983983104052,-9.84999999995978,-108.749165303067));
#2434=CARTESIAN_POINT('',(159.40214667701,10.1000000000497,-106.750083664076));
#2435=CARTESIAN_POINT('',(159.402530028407,-10.0999999999667,-106.751514350968));
#2436=CARTESIAN_POINT('',(159.40214667701,12.6055295394738,-106.750083664076));
#2437=CARTESIAN_POINT('',(157.402083931677,13.1040697676568,-108.249999999986));
#2438=CARTESIAN_POINT('',(157.486491889859,12.9364893032344,-108.082419535564));
#2439=CARTESIAN_POINT('',(157.575394800035,12.7701206520476,-107.916050884377));
#2440=CARTESIAN_POINT('',(157.670891094817,12.6055295394737,-107.751459771803));
#2441=CARTESIAN_POINT('',(159.402052652492,13.1040697676568,-109.250083662308));
#2442=CARTESIAN_POINT('',(162.567459983614,-5.99579290030831,-109.233160758391));
#2443=CARTESIAN_POINT('',(162.567459983614,11.1040697676569,-109.233160758391));
#2444=CARTESIAN_POINT('',(162.357656809548,11.1040697676569,-109.072166852375));
#2445=CARTESIAN_POINT('',(162.147853635483,11.1040697676569,-108.911172946359));
#2446=CARTESIAN_POINT('',(161.938050461417,11.1040697676569,-108.750179040343));
#2447=CARTESIAN_POINT('',(159.87540879771,12.6055302870989,-108.750101464788));
#2448=CARTESIAN_POINT('',(160.500857448195,12.603815208815,-108.748404885019));
#2449=CARTESIAN_POINT('',(160.501035768315,12.7702860889195,-108.91536346443));
#2450=CARTESIAN_POINT('',(160.501214088435,12.936756969024,-109.082322043842));
#2451=CARTESIAN_POINT('',(160.501392408555,13.1032278491286,-109.249280623254));
#2452=CARTESIAN_POINT('',(161.938050461417,11.1040697676569,-108.750179040343));
#2453=CARTESIAN_POINT('',(161.938050455462,11.6958071859621,-108.750179040343));
#2454=CARTESIAN_POINT('',(161.54235971214,12.2655717904423,-108.75016415849));
#2455=CARTESIAN_POINT('',(160.821940143883,12.55391552815,-108.750137063649));
#2456=CARTESIAN_POINT('',(160.662189039507,12.5898797276146,-108.750131055441));
#2457=CARTESIAN_POINT('',(160.500857383502,12.6020900668372,-108.750124987788));
#2458=CARTESIAN_POINT('',(162.567459983614,11.104069767657,-109.233160758391));
#2459=CARTESIAN_POINT('',(162.567459982979,12.0041520065393,-109.233160756019));
#2460=CARTESIAN_POINT('',(161.915407764365,12.7661102474901,-109.244734253498));
#2461=CARTESIAN_POINT('',(160.924598855542,13.0732374694082,-109.249611735398));
#2462=CARTESIAN_POINT('',(160.711639246115,13.1034220483905,-109.250000248845));
#2463=CARTESIAN_POINT('',(160.501392385331,13.1026085428984,-109.249898120466));
#2464=CARTESIAN_POINT('',(159.402530028407,-12.6000002286128,-106.751514350968));
#2465=CARTESIAN_POINT('',(157.669605923861,-12.6000002286128,-107.750000228625));
#2466=CARTESIAN_POINT('',(157.574212220385,-12.7650602048331,-107.915060204846));
#2467=CARTESIAN_POINT('',(157.485516469423,-12.9319166448317,-108.081916644844));
#2468=CARTESIAN_POINT('',(157.401395160467,-13.0999999999739,-108.249999999986));
#2469=CARTESIAN_POINT('',(159.326801124897,-13.0999999999739,-109.250080832112));
#2470=CARTESIAN_POINT('',(159.326807393198,-12.9333334095202,-109.083414165564));
#2471=CARTESIAN_POINT('',(159.326813661499,-12.7666668190665,-108.916747499015));
#2472=CARTESIAN_POINT('',(159.3268199298,-12.6000002286128,-108.750080832466));
#2473=CARTESIAN_POINT('',(159.87540879771,-12.6000002286128,-108.750101464788));
#2474=CARTESIAN_POINT('',(160.501453154822,-13.0999998551165,-109.250124865691));
#2475=CARTESIAN_POINT('',(160.501459286201,-12.9333332052231,-109.083458139698));
#2476=CARTESIAN_POINT('',(160.501465417581,-12.7666665553296,-108.916791413704));
#2477=CARTESIAN_POINT('',(160.50147154896,-12.5999999054362,-108.75012468771));
#2478=CARTESIAN_POINT('',(160.501471548943,-12.5999995822598,-108.750125010887));
#2479=CARTESIAN_POINT('',(160.552213403822,-12.5958625188065,-108.750126919278));
#2480=CARTESIAN_POINT('',(160.602710009163,-12.5893637821474,-108.750128818446));
#2481=CARTESIAN_POINT('',(160.794222799605,-12.5555686019969,-108.750136021205));
#2482=CARTESIAN_POINT('',(160.933111446747,-12.51165063315,-108.75014124478));
#2483=CARTESIAN_POINT('',(161.586037850318,-12.2025473766816,-108.750165801216));
#2484=CARTESIAN_POINT('',(161.938050455135,-11.6576482566088,-108.750179040343));
#2485=CARTESIAN_POINT('',(161.938050461417,-11.0999999999738,-108.750179040343));
#2486=CARTESIAN_POINT('',(160.501453154812,-13.0999997713349,-109.250124949473));
#2487=CARTESIAN_POINT('',(160.567631375618,-13.0999995664484,-109.250127380623));
#2488=CARTESIAN_POINT('',(160.633993095877,-13.0969350324533,-109.250078539748));
#2489=CARTESIAN_POINT('',(160.887710538737,-13.0732766644534,-109.249693478592));
#2490=CARTESIAN_POINT('',(161.076094798,-13.0306105209282,-109.2489842566));
#2491=CARTESIAN_POINT('',(161.984717628897,-12.6853433284059,-109.243610768093));
#2492=CARTESIAN_POINT('',(162.567459982944,-11.9459758708573,-109.233160755889));
#2493=CARTESIAN_POINT('',(162.567459983614,-11.0999999999738,-109.233160758391));
#2494=CARTESIAN_POINT('',(161.938050461417,-11.0999999999739,-108.750179040343));
#2495=CARTESIAN_POINT('',(162.147853644389,-11.0999999999739,-108.9111729796));
#2496=CARTESIAN_POINT('',(162.357656827362,-11.0999999999739,-109.072166918857));
#2497=CARTESIAN_POINT('',(162.567460010335,-11.0999999999739,-109.233160858114));
#2498=CARTESIAN_POINT('',(162.567460010335,-5.99579290030831,-109.233160858114));
#2499=CARTESIAN_POINT('',(161.209365737511,-8.80790815839953,-108.19101772298));
#2500=CARTESIAN_POINT('',(161.527945715049,-9.34999999995979,-107.285492345492));
#2501=CARTESIAN_POINT('',(161.727004109473,-8.80790848797305,-110.122869153716));
#2502=CARTESIAN_POINT('',(162.955077469694,-2.25000000000002,-112.61162056292));
#2503=CARTESIAN_POINT('',(162.572021190959,-2.25000000000001,-111.182035068523));
#2504=CARTESIAN_POINT('',(163.085098073819,-5.99579290030832,-111.165012410969));
#2505=CARTESIAN_POINT('',(162.770393435478,-2.75000000000001,-110.923521523384));
#2506=CARTESIAN_POINT('',(162.572021190959,-2.25000000000001,-111.182035068523));
#2507=CARTESIAN_POINT('',(162.568487691333,-2.26518709351215,-111.166847842106));
#2508=CARTESIAN_POINT('',(162.437959000324,-2.25000000000001,-111.18203002647));
#2509=CARTESIAN_POINT('',(161.012362400056,-2.75000000000001,-110.681976409703));
#2510=CARTESIAN_POINT('',(160.641771922961,-5.99579290030832,-111.164920517944));
#2511=CARTESIAN_POINT('',(161.012362400056,-2.75000000000002,-110.681976409703));
#2512=CARTESIAN_POINT('',(161.012362400056,-2.75000000000001,-110.681976409703));
#2513=CARTESIAN_POINT('',(161.443257726478,-1.98260161918962,-111.191106597905));
#2514=CARTESIAN_POINT('',(161.641371935623,-2.25000000000002,-112.963626899867));
#2515=CARTESIAN_POINT('',(163.085098073819,-5.99579290030832,-111.165012410969));
#2516=CARTESIAN_POINT('',(163.085098073819,2.74999999999999,-111.165012410969));
#2517=CARTESIAN_POINT('',(163.136480590426,2.74999999999999,-111.356774573566));
#2518=CARTESIAN_POINT('',(163.085098073819,2.75,-111.165012410969));
#2519=CARTESIAN_POINT('',(163.085098073819,2.75,-111.165012410969));
#2520=CARTESIAN_POINT('',(162.504088170694,2.54197747361497,-110.890055039754));
#2521=CARTESIAN_POINT('',(160.641771922961,-5.99579290030832,-111.164920517944));
#2522=CARTESIAN_POINT('',(161.012362400056,2.74999999999999,-110.681976409703));
#2523=CARTESIAN_POINT('',(159.994632849465,2.24999999999999,-111.181938133444));
#2524=CARTESIAN_POINT('',(161.012362400056,2.74999999999998,-110.681976409703));
#2525=CARTESIAN_POINT('',(161.012362400056,2.74999999999999,-110.681976409703));
#2526=CARTESIAN_POINT('',(161.347495328372,2.07429121484621,-111.187977856506));
#2527=CARTESIAN_POINT('',(161.477677145124,2.24999999999998,-112.352709624792));
#2528=CARTESIAN_POINT('',(139.429917045116,4.35000000006041,-126.807612665003));
#2529=CARTESIAN_POINT('',(139.429917045116,8.85000000006041,-126.807612665003));
#2530=CARTESIAN_POINT('',(135.083250826815,4.35000000006041,-127.972298367964));
#2531=CARTESIAN_POINT('',(135.083250826815,-5.09999999996673,-127.972298367964));
#2532=CARTESIAN_POINT('',(135.083250826815,-4.34999999995983,-127.972298367964));
#2533=CARTESIAN_POINT('',(140.930203239723,8.8500000000604,-126.405612190742));
#2534=CARTESIAN_POINT('',(162.64855720046,8.85000000006023,-120.58619678603));
#2535=CARTESIAN_POINT('',(139.429917045116,-4.34999999995983,-126.807612665003));
#2536=CARTESIAN_POINT('',(139.429917045116,-8.84999999995982,-126.807612665003));
#2537=CARTESIAN_POINT('',(162.64855720046,-0.00394452504962095,-120.58619678603));
#2538=CARTESIAN_POINT('',(162.64855720046,-8.84999999995978,-120.58619678603));
#2539=CARTESIAN_POINT('',(140.930203239723,-8.84999999995978,-126.405612190742));
#2540=CARTESIAN_POINT('',(117.152932939061,-13.0999999999739,-108.249999999986));
#2541=CARTESIAN_POINT('',(130.856530844175,-12.1000000001634,-107.250000000176));
#2542=CARTESIAN_POINT('',(130.882860996896,-12.4323694204583,-107.582369420471));
#2543=CARTESIAN_POINT('',(130.909191149616,-12.7647388407532,-107.914738840766));
#2544=CARTESIAN_POINT('',(130.935521302336,-13.0971082610482,-108.247108261061));
#2545=CARTESIAN_POINT('',(131.137037299744,-13.1682266957999,-108.246099700018));
#2546=CARTESIAN_POINT('',(128.620313533126,-12.2843634437072,-108.242070974539));
#2547=CARTESIAN_POINT('',(126.352489807479,-10.7209393670148,-108.235327917871));
#2548=CARTESIAN_POINT('',(122.685931063985,-6.23405089279438,-108.221751148905));
#2549=CARTESIAN_POINT('',(121.558366181723,-3.11684590589776,-108.21590643076));
#2550=CARTESIAN_POINT('',(121.566506533352,3.14407648055588,-108.215945330893));
#2551=CARTESIAN_POINT('',(122.701561890838,6.25745949210507,-108.221823812301));
#2552=CARTESIAN_POINT('',(126.379982676257,10.7363473498183,-108.235417150348));
#2553=CARTESIAN_POINT('',(128.651733383538,12.2943410152829,-108.242147787879));
#2554=CARTESIAN_POINT('',(131.171046969195,13.1721880446703,-108.246153116752));
#2555=CARTESIAN_POINT('',(131.437787084025,-12.3071618274744,-107.249999999986));
#2556=CARTESIAN_POINT('',(129.060915383764,-11.5195639413164,-107.249999999986));
#2557=CARTESIAN_POINT('',(126.89824475085,-10.0823218296077,-107.249999999986));
#2558=CARTESIAN_POINT('',(123.388219986379,-5.89061086783082,-107.249999999986));
#2559=CARTESIAN_POINT('',(122.299696923674,-2.94623056221959,-107.249999999986));
#2560=CARTESIAN_POINT('',(122.307536858628,2.97153626246599,-107.249999999986));
#2561=CARTESIAN_POINT('',(123.403266164461,5.91217345411931,-107.249999999986));
#2562=CARTESIAN_POINT('',(126.924493600331,10.0960161196971,-107.249999999986));
#2563=CARTESIAN_POINT('',(129.090769755132,11.527977579087,-107.249999999986));
#2564=CARTESIAN_POINT('',(131.469905670612,12.3098213081049,-107.249999999986));
#2565=CARTESIAN_POINT('',(130.968528634166,13.102283725195,-108.248213957525));
#2566=CARTESIAN_POINT('',(130.941709319885,12.769545739361,-107.915475971691));
#2567=CARTESIAN_POINT('',(130.914890005605,12.436807753527,-107.582737985857));
#2568=CARTESIAN_POINT('',(130.888070691324,12.1040697676929,-107.250000000023));
#2569=CARTESIAN_POINT('',(123.168551916825,13.1040697676568,-108.249999999986));
#2570=CARTESIAN_POINT('',(148.966369421177,-1.73472347597681E-15,-124.769966042384));
#2571=CARTESIAN_POINT('',(0.,0.,0.));
#2572=MECHANICAL_DESIGN_GEOMETRIC_PRESENTATION_REPRESENTATION('',(#1419),
#2573);
#2573=(
GEOMETRIC_REPRESENTATION_CONTEXT(3)
GLOBAL_UNCERTAINTY_ASSIGNED_CONTEXT((#2575))
GLOBAL_UNIT_ASSIGNED_CONTEXT((#2579,#2578,#2577))
REPRESENTATION_CONTEXT('CZ82_Grips','TOP_LEVEL_ASSEMBLY_PART')
);
#2574=(
GEOMETRIC_REPRESENTATION_CONTEXT(3)
GLOBAL_UNCERTAINTY_ASSIGNED_CONTEXT((#2576))
GLOBAL_UNIT_ASSIGNED_CONTEXT((#2579,#2578,#2577))
REPRESENTATION_CONTEXT('CZ82_magazineExtension_+2','COMPONENT_PART')
);
#2575=UNCERTAINTY_MEASURE_WITH_UNIT(LENGTH_MEASURE(0.005),#2579,
'DISTANCE_ACCURACY_VALUE','Maximum Tolerance applied to model');
#2576=UNCERTAINTY_MEASURE_WITH_UNIT(LENGTH_MEASURE(0.005),#2579,
'DISTANCE_ACCURACY_VALUE','Maximum Tolerance applied to model');
#2577=(
NAMED_UNIT(*)
SI_UNIT($,.STERADIAN.)
SOLID_ANGLE_UNIT()
);
#2578=(
NAMED_UNIT(*)
PLANE_ANGLE_UNIT()
SI_UNIT($,.RADIAN.)
);
#2579=(
LENGTH_UNIT()
NAMED_UNIT(*)
SI_UNIT(.MILLI.,.METRE.)
);
#2580=PRODUCT_DEFINITION_SHAPE('','',#2583);
#2581=PRODUCT_DEFINITION_SHAPE('','',#2584);
#2582=PRODUCT_DEFINITION_SHAPE(' ','NAUO PRDDFN',#19);
#2583=PRODUCT_DEFINITION('','',#2587,#2585);
#2584=PRODUCT_DEFINITION('','',#2588,#2586);
#2585=PRODUCT_DEFINITION_CONTEXT('',#2598,'design');
#2586=PRODUCT_DEFINITION_CONTEXT('',#2598,'design');
#2587=PRODUCT_DEFINITION_FORMATION_WITH_SPECIFIED_SOURCE('','',#2591,
 .NOT_KNOWN.);
#2588=PRODUCT_DEFINITION_FORMATION_WITH_SPECIFIED_SOURCE('','',#2592,
 .NOT_KNOWN.);
#2589=PRODUCT_RELATED_PRODUCT_CATEGORY('','',(#2591));
#2590=PRODUCT_RELATED_PRODUCT_CATEGORY('','',(#2592));
#2591=PRODUCT('CZ82_Grips','CZ82_Grips','CZ82_Grips',(#2595));
#2592=PRODUCT('CZ82_magazineExtension_+2','CZ82_magazineExtension_+2',
'CZ82_magazineExtension_+2',(#2596));
#2593=PRODUCT_CATEGORY('','');
#2594=PRODUCT_CATEGORY('','');
#2595=PRODUCT_CONTEXT('',#2598,'mechanical');
#2596=PRODUCT_CONTEXT('',#2598,'mechanical');
#2597=APPLICATION_PROTOCOL_DEFINITION('international standard',
'automotive_design',2010,#2598);
#2598=APPLICATION_CONTEXT(
'core data for automotive mechanical design processes');
ENDSEC;
END-ISO-10303-21;
