ISO-10303-21;
HEADER;
/* Generated by software containing ST-Developer
 * from STEP Tools, Inc. (www.steptools.com) 
 */
/* OPTION: strings as raw bytes, not using required /X/ escapes */

FILE_DESCRIPTION(
/* description */ ('Unknown'),
/* implementation_level */ '2;1');

FILE_NAME(
/* name */ 'CZ82_magazineExtension_springRetainer_+2',
/* time_stamp */ '2026-03-05T11:10:07-05:00',
/* author */ ('Unknown'),
/* organization */ ('Unknown'),
/* preprocessor_version */ 'ST-DEVELOPER v18.1',
/* originating_system */ 'Solid Edge',
/* authorisation */ 'Unknown');

FILE_SCHEMA (('AUTOMOTIVE_DESIGN {1 0 10303 214 3 1 1}'));
ENDSEC;

DATA;
#10=PROPERTY_DEFINITION_REPRESENTATION(#14,#12);
#11=PROPERTY_DEFINITION_REPRESENTATION(#15,#13);
#12=REPRESENTATION('',(#16),#2613);
#13=REPRESENTATION('',(#17),#2613);
#14=PROPERTY_DEFINITION('pmi validation property','',#2620);
#15=PROPERTY_DEFINITION('pmi validation property','',#2620);
#16=VALUE_REPRESENTATION_ITEM('number of annotations',COUNT_MEASURE(0.));
#17=VALUE_REPRESENTATION_ITEM('number of views',COUNT_MEASURE(0.));
#18=CONTEXT_DEPENDENT_SHAPE_REPRESENTATION(#20,#2622);
#19=NEXT_ASSEMBLY_USAGE_OCCURRENCE(
'CZ82_magazineExtension_springRetainer_+2',
'CZ82_magazineExtension_springRetainer_+2',
'CZ82_magazineExtension_springRetainer_+2',#2623,#2624,'');
#20=(
REPRESENTATION_RELATIONSHIP(' ',' ',#1572,#1573)
REPRESENTATION_RELATIONSHIP_WITH_TRANSFORMATION(#21)
SHAPE_REPRESENTATION_RELATIONSHIP()
);
#21=ITEM_DEFINED_TRANSFORMATION(' ',' ',#1574,#1699);
#22=SHAPE_REPRESENTATION_RELATIONSHIP('','',#1572,#23);
#23=ADVANCED_BREP_SHAPE_REPRESENTATION('',(#1569),#2614);
#24=ELLIPSE('',#1664,0.866205806953528,0.612500000000003);
#25=ELLIPSE('',#1665,0.866205806953519,0.612500000000003);
#26=ELLIPSE('',#1667,0.866205806953528,0.612500000000003);
#27=ELLIPSE('',#1668,0.866205806953519,0.612500000000003);
#28=ELLIPSE('',#1670,0.866205806953522,0.612500000000003);
#29=ELLIPSE('',#1671,0.866205806953525,0.612500000000003);
#30=ELLIPSE('',#1673,0.866205806953525,0.612500000000003);
#31=ELLIPSE('',#1674,0.866205806953522,0.612500000000003);
#32=ELLIPSE('',#1678,0.353553390593268,0.249999999999997);
#33=ELLIPSE('',#1679,1.41421356237309,0.999999999999997);
#34=ELLIPSE('',#1680,0.353553390593268,0.249999999999997);
#35=ELLIPSE('',#1682,0.353553390593267,0.249999999999997);
#36=ELLIPSE('',#1683,1.41421356237308,0.999999999999997);
#37=ELLIPSE('',#1684,0.353553390593267,0.249999999999997);
#38=ELLIPSE('',#1686,0.353553390593271,0.249999999999997);
#39=ELLIPSE('',#1687,0.353553390593271,0.249999999999997);
#40=ELLIPSE('',#1688,1.4142135623731,0.999999999999997);
#41=ELLIPSE('',#1690,0.353553390593269,0.249999999999997);
#42=ELLIPSE('',#1691,0.353553390593269,0.249999999999997);
#43=ELLIPSE('',#1692,1.41421356237309,0.999999999999997);
#44=B_SPLINE_SURFACE_WITH_KNOTS('',1,3,((#2457,#2458,#2459,#2460),(#2461,
#2462,#2463,#2464)),.RULED_SURF.,.F.,.F.,.F.,(2,2),(4,4),(0.,1.),(0.0666439256823685,
0.905385929487196),.PIECEWISE_BEZIER_KNOTS.);
#45=B_SPLINE_SURFACE_WITH_KNOTS('',1,3,((#2484,#2485,#2486,#2487),(#2488,
#2489,#2490,#2491)),.RULED_SURF.,.F.,.F.,.F.,(2,2),(4,4),(0.,1.),(0.0918740510945701,
0.90622088318413),.PIECEWISE_BEZIER_KNOTS.);
#46=CONICAL_SURFACE('',#1626,2.,0.785398163397449);
#47=CONICAL_SURFACE('',#1627,2.,0.785398163397449);
#48=CONICAL_SURFACE('',#1630,5.5,0.785398163397443);
#49=CONICAL_SURFACE('',#1631,5.5,0.785398163397414);
#50=CONICAL_SURFACE('',#1634,2.49999999999999,0.785398163397454);
#51=CONICAL_SURFACE('',#1636,5.5,0.785398163397442);
#52=CONICAL_SURFACE('',#1638,5.49999999999999,0.785398163397479);
#53=CONICAL_SURFACE('',#1640,2.49999999999999,0.785398163397454);
#54=CONICAL_SURFACE('',#1645,2.49999999997564,0.78539816337309);
#55=CONICAL_SURFACE('',#1654,2.49999999998097,0.785398163378419);
#56=B_SPLINE_CURVE_WITH_KNOTS('',3,(#2340,#2341,#2342,#2343),
 .UNSPECIFIED.,.F.,.F.,(4,4),(0.,1.),.UNSPECIFIED.);
#57=B_SPLINE_CURVE_WITH_KNOTS('',3,(#2346,#2347,#2348,#2349),
 .UNSPECIFIED.,.F.,.F.,(4,4),(0.,7.69675736019403E-5),.UNSPECIFIED.);
#58=B_SPLINE_CURVE_WITH_KNOTS('',3,(#2355,#2356,#2357,#2358),
 .UNSPECIFIED.,.F.,.F.,(4,4),(0.,1.),.UNSPECIFIED.);
#59=B_SPLINE_CURVE_WITH_KNOTS('',3,(#2365,#2366,#2367,#2368),
 .UNSPECIFIED.,.F.,.F.,(4,4),(0.,7.71972988041997E-5),.UNSPECIFIED.);
#60=B_SPLINE_CURVE_WITH_KNOTS('',3,(#2390,#2391,#2392,#2393),
 .UNSPECIFIED.,.F.,.F.,(4,4),(0.,1.),.UNSPECIFIED.);
#61=B_SPLINE_CURVE_WITH_KNOTS('',3,(#2397,#2398,#2399,#2400),
 .UNSPECIFIED.,.F.,.F.,(4,4),(0.,1.),.UNSPECIFIED.);
#62=B_SPLINE_CURVE_WITH_KNOTS('',3,(#2453,#2454,#2455,#2456),
 .UNSPECIFIED.,.F.,.F.,(4,4),(0.,1.),.UNSPECIFIED.);
#63=B_SPLINE_CURVE_WITH_KNOTS('',3,(#2465,#2466,#2467,#2468),
 .UNSPECIFIED.,.F.,.F.,(4,4),(0.,1.),.UNSPECIFIED.);
#64=B_SPLINE_CURVE_WITH_KNOTS('',3,(#2476,#2477,#2478,#2479),
 .UNSPECIFIED.,.F.,.F.,(4,4),(0.,1.),.UNSPECIFIED.);
#65=B_SPLINE_CURVE_WITH_KNOTS('',3,(#2492,#2493,#2494,#2495),
 .UNSPECIFIED.,.F.,.F.,(4,4),(0.,1.),.UNSPECIFIED.);
#66=CYLINDRICAL_SURFACE('',#1598,6.);
#67=CYLINDRICAL_SURFACE('',#1601,6.);
#68=CYLINDRICAL_SURFACE('',#1604,3.);
#69=CYLINDRICAL_SURFACE('',#1607,1.5);
#70=CYLINDRICAL_SURFACE('',#1618,2.);
#71=CYLINDRICAL_SURFACE('',#1663,0.612500000000003);
#72=CYLINDRICAL_SURFACE('',#1666,0.612500000000003);
#73=CYLINDRICAL_SURFACE('',#1669,0.612500000000003);
#74=CYLINDRICAL_SURFACE('',#1672,0.612500000000003);
#75=CYLINDRICAL_SURFACE('',#1693,0.999999999999997);
#76=CYLINDRICAL_SURFACE('',#1694,0.999999999999997);
#77=CYLINDRICAL_SURFACE('',#1695,0.249999999999997);
#78=CYLINDRICAL_SURFACE('',#1696,0.249999999999997);
#79=CYLINDRICAL_SURFACE('',#1697,0.249999999999997);
#80=CYLINDRICAL_SURFACE('',#1698,0.249999999999997);
#81=CIRCLE('',#1576,5.4999999999999);
#82=CIRCLE('',#1577,5.50000000000002);
#83=CIRCLE('',#1588,5.49999999999992);
#84=CIRCLE('',#1589,5.50000000000001);
#85=CIRCLE('',#1591,2.49999999997564);
#86=CIRCLE('',#1592,2.);
#87=CIRCLE('',#1593,2.5);
#88=CIRCLE('',#1595,2.49999999998097);
#89=CIRCLE('',#1596,2.49999999999999);
#90=CIRCLE('',#1597,2.);
#91=CIRCLE('',#1599,6.);
#92=CIRCLE('',#1600,6.);
#93=CIRCLE('',#1602,6.);
#94=CIRCLE('',#1603,6.);
#95=CIRCLE('',#1605,3.);
#96=CIRCLE('',#1606,3.);
#97=CIRCLE('',#1608,1.5);
#98=CIRCLE('',#1609,1.5);
#99=CIRCLE('',#1619,2.);
#100=CIRCLE('',#1620,2.);
#101=ORIENTED_EDGE('',*,*,#541,.T.);
#102=ORIENTED_EDGE('',*,*,#542,.T.);
#103=ORIENTED_EDGE('',*,*,#543,.T.);
#104=ORIENTED_EDGE('',*,*,#544,.T.);
#105=ORIENTED_EDGE('',*,*,#545,.T.);
#106=ORIENTED_EDGE('',*,*,#546,.T.);
#107=ORIENTED_EDGE('',*,*,#547,.T.);
#108=ORIENTED_EDGE('',*,*,#548,.T.);
#109=ORIENTED_EDGE('',*,*,#549,.T.);
#110=ORIENTED_EDGE('',*,*,#550,.T.);
#111=ORIENTED_EDGE('',*,*,#551,.T.);
#112=ORIENTED_EDGE('',*,*,#552,.T.);
#113=ORIENTED_EDGE('',*,*,#553,.T.);
#114=ORIENTED_EDGE('',*,*,#554,.T.);
#115=ORIENTED_EDGE('',*,*,#555,.F.);
#116=ORIENTED_EDGE('',*,*,#556,.T.);
#117=ORIENTED_EDGE('',*,*,#557,.T.);
#118=ORIENTED_EDGE('',*,*,#558,.T.);
#119=ORIENTED_EDGE('',*,*,#559,.F.);
#120=ORIENTED_EDGE('',*,*,#560,.T.);
#121=ORIENTED_EDGE('',*,*,#561,.T.);
#122=ORIENTED_EDGE('',*,*,#562,.F.);
#123=ORIENTED_EDGE('',*,*,#563,.T.);
#124=ORIENTED_EDGE('',*,*,#564,.F.);
#125=ORIENTED_EDGE('',*,*,#565,.T.);
#126=ORIENTED_EDGE('',*,*,#566,.T.);
#127=ORIENTED_EDGE('',*,*,#567,.T.);
#128=ORIENTED_EDGE('',*,*,#564,.T.);
#129=ORIENTED_EDGE('',*,*,#568,.F.);
#130=ORIENTED_EDGE('',*,*,#569,.T.);
#131=ORIENTED_EDGE('',*,*,#570,.T.);
#132=ORIENTED_EDGE('',*,*,#560,.F.);
#133=ORIENTED_EDGE('',*,*,#571,.T.);
#134=ORIENTED_EDGE('',*,*,#572,.T.);
#135=ORIENTED_EDGE('',*,*,#573,.T.);
#136=ORIENTED_EDGE('',*,*,#562,.T.);
#137=ORIENTED_EDGE('',*,*,#574,.T.);
#138=ORIENTED_EDGE('',*,*,#575,.T.);
#139=ORIENTED_EDGE('',*,*,#576,.T.);
#140=ORIENTED_EDGE('',*,*,#577,.T.);
#141=ORIENTED_EDGE('',*,*,#578,.T.);
#142=ORIENTED_EDGE('',*,*,#579,.T.);
#143=ORIENTED_EDGE('',*,*,#580,.T.);
#144=ORIENTED_EDGE('',*,*,#581,.T.);
#145=ORIENTED_EDGE('',*,*,#582,.T.);
#146=ORIENTED_EDGE('',*,*,#583,.T.);
#147=ORIENTED_EDGE('',*,*,#584,.T.);
#148=ORIENTED_EDGE('',*,*,#585,.T.);
#149=ORIENTED_EDGE('',*,*,#586,.T.);
#150=ORIENTED_EDGE('',*,*,#587,.T.);
#151=ORIENTED_EDGE('',*,*,#588,.T.);
#152=ORIENTED_EDGE('',*,*,#589,.T.);
#153=ORIENTED_EDGE('',*,*,#590,.T.);
#154=ORIENTED_EDGE('',*,*,#591,.T.);
#155=ORIENTED_EDGE('',*,*,#592,.T.);
#156=ORIENTED_EDGE('',*,*,#593,.T.);
#157=ORIENTED_EDGE('',*,*,#594,.T.);
#158=ORIENTED_EDGE('',*,*,#595,.T.);
#159=ORIENTED_EDGE('',*,*,#596,.T.);
#160=ORIENTED_EDGE('',*,*,#597,.T.);
#161=ORIENTED_EDGE('',*,*,#598,.T.);
#162=ORIENTED_EDGE('',*,*,#599,.T.);
#163=ORIENTED_EDGE('',*,*,#600,.T.);
#164=ORIENTED_EDGE('',*,*,#601,.T.);
#165=ORIENTED_EDGE('',*,*,#602,.T.);
#166=ORIENTED_EDGE('',*,*,#603,.T.);
#167=ORIENTED_EDGE('',*,*,#604,.T.);
#168=ORIENTED_EDGE('',*,*,#605,.T.);
#169=ORIENTED_EDGE('',*,*,#606,.T.);
#170=ORIENTED_EDGE('',*,*,#607,.T.);
#171=ORIENTED_EDGE('',*,*,#608,.T.);
#172=ORIENTED_EDGE('',*,*,#609,.T.);
#173=ORIENTED_EDGE('',*,*,#610,.T.);
#174=ORIENTED_EDGE('',*,*,#611,.T.);
#175=ORIENTED_EDGE('',*,*,#612,.T.);
#176=ORIENTED_EDGE('',*,*,#613,.T.);
#177=ORIENTED_EDGE('',*,*,#614,.T.);
#178=ORIENTED_EDGE('',*,*,#615,.T.);
#179=ORIENTED_EDGE('',*,*,#616,.T.);
#180=ORIENTED_EDGE('',*,*,#617,.T.);
#181=ORIENTED_EDGE('',*,*,#618,.T.);
#182=ORIENTED_EDGE('',*,*,#619,.T.);
#183=ORIENTED_EDGE('',*,*,#620,.T.);
#184=ORIENTED_EDGE('',*,*,#621,.T.);
#185=ORIENTED_EDGE('',*,*,#622,.T.);
#186=ORIENTED_EDGE('',*,*,#623,.T.);
#187=ORIENTED_EDGE('',*,*,#624,.T.);
#188=ORIENTED_EDGE('',*,*,#625,.T.);
#189=ORIENTED_EDGE('',*,*,#626,.T.);
#190=ORIENTED_EDGE('',*,*,#627,.T.);
#191=ORIENTED_EDGE('',*,*,#628,.T.);
#192=ORIENTED_EDGE('',*,*,#629,.T.);
#193=ORIENTED_EDGE('',*,*,#630,.T.);
#194=ORIENTED_EDGE('',*,*,#631,.T.);
#195=ORIENTED_EDGE('',*,*,#600,.F.);
#196=ORIENTED_EDGE('',*,*,#632,.T.);
#197=ORIENTED_EDGE('',*,*,#628,.F.);
#198=ORIENTED_EDGE('',*,*,#633,.T.);
#199=ORIENTED_EDGE('',*,*,#614,.F.);
#200=ORIENTED_EDGE('',*,*,#634,.T.);
#201=ORIENTED_EDGE('',*,*,#598,.F.);
#202=ORIENTED_EDGE('',*,*,#635,.T.);
#203=ORIENTED_EDGE('',*,*,#557,.F.);
#204=ORIENTED_EDGE('',*,*,#636,.T.);
#205=ORIENTED_EDGE('',*,*,#602,.F.);
#206=ORIENTED_EDGE('',*,*,#637,.T.);
#207=ORIENTED_EDGE('',*,*,#594,.F.);
#208=ORIENTED_EDGE('',*,*,#638,.T.);
#209=ORIENTED_EDGE('',*,*,#545,.F.);
#210=ORIENTED_EDGE('',*,*,#639,.T.);
#211=ORIENTED_EDGE('',*,*,#640,.T.);
#212=ORIENTED_EDGE('',*,*,#641,.T.);
#213=ORIENTED_EDGE('',*,*,#642,.T.);
#214=ORIENTED_EDGE('',*,*,#568,.T.);
#215=ORIENTED_EDGE('',*,*,#559,.T.);
#216=ORIENTED_EDGE('',*,*,#567,.F.);
#217=ORIENTED_EDGE('',*,*,#643,.T.);
#218=ORIENTED_EDGE('',*,*,#644,.T.);
#219=ORIENTED_EDGE('',*,*,#645,.T.);
#220=ORIENTED_EDGE('',*,*,#555,.T.);
#221=ORIENTED_EDGE('',*,*,#646,.T.);
#222=ORIENTED_EDGE('',*,*,#647,.T.);
#223=ORIENTED_EDGE('',*,*,#620,.F.);
#224=ORIENTED_EDGE('',*,*,#648,.T.);
#225=ORIENTED_EDGE('',*,*,#649,.T.);
#226=ORIENTED_EDGE('',*,*,#588,.F.);
#227=ORIENTED_EDGE('',*,*,#650,.T.);
#228=ORIENTED_EDGE('',*,*,#651,.T.);
#229=ORIENTED_EDGE('',*,*,#652,.T.);
#230=ORIENTED_EDGE('',*,*,#586,.F.);
#231=ORIENTED_EDGE('',*,*,#653,.T.);
#232=ORIENTED_EDGE('',*,*,#654,.T.);
#233=ORIENTED_EDGE('',*,*,#610,.F.);
#234=ORIENTED_EDGE('',*,*,#655,.T.);
#235=ORIENTED_EDGE('',*,*,#656,.T.);
#236=ORIENTED_EDGE('',*,*,#657,.T.);
#237=ORIENTED_EDGE('',*,*,#618,.F.);
#238=ORIENTED_EDGE('',*,*,#658,.T.);
#239=ORIENTED_EDGE('',*,*,#645,.F.);
#240=ORIENTED_EDGE('',*,*,#624,.F.);
#241=ORIENTED_EDGE('',*,*,#659,.T.);
#242=ORIENTED_EDGE('',*,*,#660,.T.);
#243=ORIENTED_EDGE('',*,*,#640,.F.);
#244=ORIENTED_EDGE('',*,*,#661,.T.);
#245=ORIENTED_EDGE('',*,*,#570,.F.);
#246=ORIENTED_EDGE('',*,*,#662,.T.);
#247=ORIENTED_EDGE('',*,*,#663,.T.);
#248=ORIENTED_EDGE('',*,*,#571,.F.);
#249=ORIENTED_EDGE('',*,*,#561,.F.);
#250=ORIENTED_EDGE('',*,*,#664,.T.);
#251=ORIENTED_EDGE('',*,*,#665,.T.);
#252=ORIENTED_EDGE('',*,*,#565,.F.);
#253=ORIENTED_EDGE('',*,*,#563,.F.);
#254=ORIENTED_EDGE('',*,*,#573,.F.);
#255=ORIENTED_EDGE('',*,*,#584,.F.);
#256=ORIENTED_EDGE('',*,*,#666,.T.);
#257=ORIENTED_EDGE('',*,*,#667,.T.);
#258=ORIENTED_EDGE('',*,*,#668,.T.);
#259=ORIENTED_EDGE('',*,*,#669,.T.);
#260=ORIENTED_EDGE('',*,*,#670,.T.);
#261=ORIENTED_EDGE('',*,*,#671,.F.);
#262=ORIENTED_EDGE('',*,*,#597,.F.);
#263=ORIENTED_EDGE('',*,*,#672,.F.);
#264=ORIENTED_EDGE('',*,*,#590,.F.);
#265=ORIENTED_EDGE('',*,*,#672,.T.);
#266=ORIENTED_EDGE('',*,*,#596,.F.);
#267=ORIENTED_EDGE('',*,*,#673,.F.);
#268=ORIENTED_EDGE('',*,*,#653,.F.);
#269=ORIENTED_EDGE('',*,*,#591,.F.);
#270=ORIENTED_EDGE('',*,*,#589,.F.);
#271=ORIENTED_EDGE('',*,*,#649,.F.);
#272=ORIENTED_EDGE('',*,*,#674,.F.);
#273=ORIENTED_EDGE('',*,*,#592,.F.);
#274=ORIENTED_EDGE('',*,*,#671,.T.);
#275=ORIENTED_EDGE('',*,*,#673,.T.);
#276=ORIENTED_EDGE('',*,*,#595,.F.);
#277=ORIENTED_EDGE('',*,*,#675,.F.);
#278=ORIENTED_EDGE('',*,*,#611,.F.);
#279=ORIENTED_EDGE('',*,*,#654,.F.);
#280=ORIENTED_EDGE('',*,*,#648,.F.);
#281=ORIENTED_EDGE('',*,*,#631,.F.);
#282=ORIENTED_EDGE('',*,*,#676,.F.);
#283=ORIENTED_EDGE('',*,*,#593,.F.);
#284=ORIENTED_EDGE('',*,*,#674,.T.);
#285=ORIENTED_EDGE('',*,*,#675,.T.);
#286=ORIENTED_EDGE('',*,*,#639,.F.);
#287=ORIENTED_EDGE('',*,*,#677,.F.);
#288=ORIENTED_EDGE('',*,*,#612,.F.);
#289=ORIENTED_EDGE('',*,*,#676,.T.);
#290=ORIENTED_EDGE('',*,*,#630,.F.);
#291=ORIENTED_EDGE('',*,*,#678,.F.);
#292=ORIENTED_EDGE('',*,*,#638,.F.);
#293=ORIENTED_EDGE('',*,*,#677,.T.);
#294=ORIENTED_EDGE('',*,*,#550,.F.);
#295=ORIENTED_EDGE('',*,*,#679,.F.);
#296=ORIENTED_EDGE('',*,*,#613,.F.);
#297=ORIENTED_EDGE('',*,*,#678,.T.);
#298=ORIENTED_EDGE('',*,*,#629,.F.);
#299=ORIENTED_EDGE('',*,*,#680,.F.);
#300=ORIENTED_EDGE('',*,*,#546,.F.);
#301=ORIENTED_EDGE('',*,*,#679,.T.);
#302=ORIENTED_EDGE('',*,*,#549,.F.);
#303=ORIENTED_EDGE('',*,*,#681,.F.);
#304=ORIENTED_EDGE('',*,*,#634,.F.);
#305=ORIENTED_EDGE('',*,*,#680,.T.);
#306=ORIENTED_EDGE('',*,*,#632,.F.);
#307=ORIENTED_EDGE('',*,*,#682,.F.);
#308=ORIENTED_EDGE('',*,*,#547,.F.);
#309=ORIENTED_EDGE('',*,*,#681,.T.);
#310=ORIENTED_EDGE('',*,*,#548,.F.);
#311=ORIENTED_EDGE('',*,*,#682,.T.);
#312=ORIENTED_EDGE('',*,*,#599,.F.);
#313=ORIENTED_EDGE('',*,*,#661,.F.);
#314=ORIENTED_EDGE('',*,*,#558,.F.);
#315=ORIENTED_EDGE('',*,*,#683,.F.);
#316=ORIENTED_EDGE('',*,*,#625,.F.);
#317=ORIENTED_EDGE('',*,*,#683,.T.);
#318=ORIENTED_EDGE('',*,*,#637,.F.);
#319=ORIENTED_EDGE('',*,*,#684,.F.);
#320=ORIENTED_EDGE('',*,*,#626,.F.);
#321=ORIENTED_EDGE('',*,*,#684,.T.);
#322=ORIENTED_EDGE('',*,*,#607,.F.);
#323=ORIENTED_EDGE('',*,*,#685,.F.);
#324=ORIENTED_EDGE('',*,*,#627,.F.);
#325=ORIENTED_EDGE('',*,*,#685,.T.);
#326=ORIENTED_EDGE('',*,*,#606,.F.);
#327=ORIENTED_EDGE('',*,*,#686,.F.);
#328=ORIENTED_EDGE('',*,*,#633,.F.);
#329=ORIENTED_EDGE('',*,*,#686,.T.);
#330=ORIENTED_EDGE('',*,*,#605,.F.);
#331=ORIENTED_EDGE('',*,*,#687,.F.);
#332=ORIENTED_EDGE('',*,*,#601,.F.);
#333=ORIENTED_EDGE('',*,*,#687,.T.);
#334=ORIENTED_EDGE('',*,*,#604,.F.);
#335=ORIENTED_EDGE('',*,*,#688,.F.);
#336=ORIENTED_EDGE('',*,*,#635,.F.);
#337=ORIENTED_EDGE('',*,*,#688,.T.);
#338=ORIENTED_EDGE('',*,*,#603,.F.);
#339=ORIENTED_EDGE('',*,*,#689,.F.);
#340=ORIENTED_EDGE('',*,*,#615,.F.);
#341=ORIENTED_EDGE('',*,*,#689,.T.);
#342=ORIENTED_EDGE('',*,*,#636,.F.);
#343=ORIENTED_EDGE('',*,*,#690,.F.);
#344=ORIENTED_EDGE('',*,*,#616,.F.);
#345=ORIENTED_EDGE('',*,*,#690,.T.);
#346=ORIENTED_EDGE('',*,*,#556,.F.);
#347=ORIENTED_EDGE('',*,*,#658,.F.);
#348=ORIENTED_EDGE('',*,*,#617,.F.);
#349=ORIENTED_EDGE('',*,*,#566,.F.);
#350=ORIENTED_EDGE('',*,*,#665,.F.);
#351=ORIENTED_EDGE('',*,*,#691,.F.);
#352=ORIENTED_EDGE('',*,*,#577,.F.);
#353=ORIENTED_EDGE('',*,*,#692,.F.);
#354=ORIENTED_EDGE('',*,*,#643,.F.);
#355=ORIENTED_EDGE('',*,*,#572,.F.);
#356=ORIENTED_EDGE('',*,*,#663,.F.);
#357=ORIENTED_EDGE('',*,*,#693,.F.);
#358=ORIENTED_EDGE('',*,*,#578,.F.);
#359=ORIENTED_EDGE('',*,*,#691,.T.);
#360=ORIENTED_EDGE('',*,*,#664,.F.);
#361=ORIENTED_EDGE('',*,*,#692,.T.);
#362=ORIENTED_EDGE('',*,*,#576,.F.);
#363=ORIENTED_EDGE('',*,*,#694,.F.);
#364=ORIENTED_EDGE('',*,*,#656,.F.);
#365=ORIENTED_EDGE('',*,*,#644,.F.);
#366=ORIENTED_EDGE('',*,*,#695,.F.);
#367=ORIENTED_EDGE('',*,*,#670,.F.);
#368=ORIENTED_EDGE('',*,*,#696,.F.);
#369=ORIENTED_EDGE('',*,*,#655,.F.);
#370=ORIENTED_EDGE('',*,*,#609,.F.);
#371=ORIENTED_EDGE('',*,*,#696,.T.);
#372=ORIENTED_EDGE('',*,*,#669,.F.);
#373=ORIENTED_EDGE('',*,*,#697,.F.);
#374=ORIENTED_EDGE('',*,*,#651,.F.);
#375=ORIENTED_EDGE('',*,*,#569,.F.);
#376=ORIENTED_EDGE('',*,*,#642,.F.);
#377=ORIENTED_EDGE('',*,*,#698,.F.);
#378=ORIENTED_EDGE('',*,*,#579,.F.);
#379=ORIENTED_EDGE('',*,*,#693,.T.);
#380=ORIENTED_EDGE('',*,*,#662,.F.);
#381=ORIENTED_EDGE('',*,*,#694,.T.);
#382=ORIENTED_EDGE('',*,*,#575,.F.);
#383=ORIENTED_EDGE('',*,*,#699,.F.);
#384=ORIENTED_EDGE('',*,*,#619,.F.);
#385=ORIENTED_EDGE('',*,*,#657,.F.);
#386=ORIENTED_EDGE('',*,*,#695,.T.);
#387=ORIENTED_EDGE('',*,*,#608,.F.);
#388=ORIENTED_EDGE('',*,*,#700,.F.);
#389=ORIENTED_EDGE('',*,*,#585,.F.);
#390=ORIENTED_EDGE('',*,*,#697,.T.);
#391=ORIENTED_EDGE('',*,*,#668,.F.);
#392=ORIENTED_EDGE('',*,*,#701,.F.);
#393=ORIENTED_EDGE('',*,*,#650,.F.);
#394=ORIENTED_EDGE('',*,*,#587,.F.);
#395=ORIENTED_EDGE('',*,*,#652,.F.);
#396=ORIENTED_EDGE('',*,*,#641,.F.);
#397=ORIENTED_EDGE('',*,*,#660,.F.);
#398=ORIENTED_EDGE('',*,*,#702,.F.);
#399=ORIENTED_EDGE('',*,*,#580,.F.);
#400=ORIENTED_EDGE('',*,*,#698,.T.);
#401=ORIENTED_EDGE('',*,*,#700,.T.);
#402=ORIENTED_EDGE('',*,*,#699,.T.);
#403=ORIENTED_EDGE('',*,*,#703,.F.);
#404=ORIENTED_EDGE('',*,*,#701,.T.);
#405=ORIENTED_EDGE('',*,*,#667,.F.);
#406=ORIENTED_EDGE('',*,*,#704,.F.);
#407=ORIENTED_EDGE('',*,*,#646,.F.);
#408=ORIENTED_EDGE('',*,*,#659,.F.);
#409=ORIENTED_EDGE('',*,*,#623,.F.);
#410=ORIENTED_EDGE('',*,*,#705,.F.);
#411=ORIENTED_EDGE('',*,*,#581,.F.);
#412=ORIENTED_EDGE('',*,*,#702,.T.);
#413=ORIENTED_EDGE('',*,*,#703,.T.);
#414=ORIENTED_EDGE('',*,*,#574,.F.);
#415=ORIENTED_EDGE('',*,*,#706,.F.);
#416=ORIENTED_EDGE('',*,*,#582,.F.);
#417=ORIENTED_EDGE('',*,*,#704,.T.);
#418=ORIENTED_EDGE('',*,*,#666,.F.);
#419=ORIENTED_EDGE('',*,*,#707,.F.);
#420=ORIENTED_EDGE('',*,*,#621,.F.);
#421=ORIENTED_EDGE('',*,*,#647,.F.);
#422=ORIENTED_EDGE('',*,*,#706,.T.);
#423=ORIENTED_EDGE('',*,*,#705,.T.);
#424=ORIENTED_EDGE('',*,*,#708,.F.);
#425=ORIENTED_EDGE('',*,*,#707,.T.);
#426=ORIENTED_EDGE('',*,*,#583,.F.);
#427=ORIENTED_EDGE('',*,*,#708,.T.);
#428=ORIENTED_EDGE('',*,*,#622,.F.);
#429=ORIENTED_EDGE('',*,*,#709,.T.);
#430=ORIENTED_EDGE('',*,*,#710,.T.);
#431=ORIENTED_EDGE('',*,*,#711,.T.);
#432=ORIENTED_EDGE('',*,*,#712,.T.);
#433=ORIENTED_EDGE('',*,*,#713,.T.);
#434=ORIENTED_EDGE('',*,*,#714,.T.);
#435=ORIENTED_EDGE('',*,*,#715,.T.);
#436=ORIENTED_EDGE('',*,*,#716,.T.);
#437=ORIENTED_EDGE('',*,*,#717,.T.);
#438=ORIENTED_EDGE('',*,*,#718,.T.);
#439=ORIENTED_EDGE('',*,*,#719,.T.);
#440=ORIENTED_EDGE('',*,*,#720,.T.);
#441=ORIENTED_EDGE('',*,*,#721,.F.);
#442=ORIENTED_EDGE('',*,*,#722,.T.);
#443=ORIENTED_EDGE('',*,*,#723,.F.);
#444=ORIENTED_EDGE('',*,*,#724,.T.);
#445=ORIENTED_EDGE('',*,*,#725,.T.);
#446=ORIENTED_EDGE('',*,*,#726,.T.);
#447=ORIENTED_EDGE('',*,*,#727,.T.);
#448=ORIENTED_EDGE('',*,*,#728,.T.);
#449=ORIENTED_EDGE('',*,*,#729,.T.);
#450=ORIENTED_EDGE('',*,*,#730,.T.);
#451=ORIENTED_EDGE('',*,*,#731,.T.);
#452=ORIENTED_EDGE('',*,*,#732,.T.);
#453=ORIENTED_EDGE('',*,*,#554,.F.);
#454=ORIENTED_EDGE('',*,*,#733,.T.);
#455=ORIENTED_EDGE('',*,*,#725,.F.);
#456=ORIENTED_EDGE('',*,*,#734,.T.);
#457=ORIENTED_EDGE('',*,*,#735,.T.);
#458=ORIENTED_EDGE('',*,*,#736,.T.);
#459=ORIENTED_EDGE('',*,*,#737,.T.);
#460=ORIENTED_EDGE('',*,*,#727,.F.);
#461=ORIENTED_EDGE('',*,*,#738,.T.);
#462=ORIENTED_EDGE('',*,*,#739,.T.);
#463=ORIENTED_EDGE('',*,*,#740,.T.);
#464=ORIENTED_EDGE('',*,*,#729,.F.);
#465=ORIENTED_EDGE('',*,*,#731,.F.);
#466=ORIENTED_EDGE('',*,*,#741,.T.);
#467=ORIENTED_EDGE('',*,*,#543,.F.);
#468=ORIENTED_EDGE('',*,*,#742,.T.);
#469=ORIENTED_EDGE('',*,*,#743,.T.);
#470=ORIENTED_EDGE('',*,*,#744,.T.);
#471=ORIENTED_EDGE('',*,*,#745,.T.);
#472=ORIENTED_EDGE('',*,*,#552,.F.);
#473=ORIENTED_EDGE('',*,*,#746,.T.);
#474=ORIENTED_EDGE('',*,*,#747,.T.);
#475=ORIENTED_EDGE('',*,*,#748,.T.);
#476=ORIENTED_EDGE('',*,*,#541,.F.);
#477=ORIENTED_EDGE('',*,*,#711,.F.);
#478=ORIENTED_EDGE('',*,*,#749,.T.);
#479=ORIENTED_EDGE('',*,*,#738,.F.);
#480=ORIENTED_EDGE('',*,*,#732,.F.);
#481=ORIENTED_EDGE('',*,*,#742,.F.);
#482=ORIENTED_EDGE('',*,*,#542,.F.);
#483=ORIENTED_EDGE('',*,*,#748,.F.);
#484=ORIENTED_EDGE('',*,*,#750,.T.);
#485=ORIENTED_EDGE('',*,*,#715,.F.);
#486=ORIENTED_EDGE('',*,*,#751,.T.);
#487=ORIENTED_EDGE('',*,*,#719,.F.);
#488=ORIENTED_EDGE('',*,*,#752,.T.);
#489=ORIENTED_EDGE('',*,*,#721,.T.);
#490=ORIENTED_EDGE('',*,*,#753,.T.);
#491=ORIENTED_EDGE('',*,*,#743,.F.);
#492=ORIENTED_EDGE('',*,*,#551,.F.);
#493=ORIENTED_EDGE('',*,*,#734,.F.);
#494=ORIENTED_EDGE('',*,*,#728,.F.);
#495=ORIENTED_EDGE('',*,*,#737,.F.);
#496=ORIENTED_EDGE('',*,*,#754,.T.);
#497=ORIENTED_EDGE('',*,*,#723,.T.);
#498=ORIENTED_EDGE('',*,*,#755,.T.);
#499=ORIENTED_EDGE('',*,*,#717,.F.);
#500=ORIENTED_EDGE('',*,*,#756,.T.);
#501=ORIENTED_EDGE('',*,*,#735,.F.);
#502=ORIENTED_EDGE('',*,*,#726,.F.);
#503=ORIENTED_EDGE('',*,*,#733,.F.);
#504=ORIENTED_EDGE('',*,*,#553,.F.);
#505=ORIENTED_EDGE('',*,*,#745,.F.);
#506=ORIENTED_EDGE('',*,*,#757,.T.);
#507=ORIENTED_EDGE('',*,*,#740,.F.);
#508=ORIENTED_EDGE('',*,*,#758,.T.);
#509=ORIENTED_EDGE('',*,*,#709,.F.);
#510=ORIENTED_EDGE('',*,*,#759,.T.);
#511=ORIENTED_EDGE('',*,*,#713,.F.);
#512=ORIENTED_EDGE('',*,*,#760,.T.);
#513=ORIENTED_EDGE('',*,*,#746,.F.);
#514=ORIENTED_EDGE('',*,*,#544,.F.);
#515=ORIENTED_EDGE('',*,*,#741,.F.);
#516=ORIENTED_EDGE('',*,*,#730,.F.);
#517=ORIENTED_EDGE('',*,*,#757,.F.);
#518=ORIENTED_EDGE('',*,*,#744,.F.);
#519=ORIENTED_EDGE('',*,*,#753,.F.);
#520=ORIENTED_EDGE('',*,*,#724,.F.);
#521=ORIENTED_EDGE('',*,*,#750,.F.);
#522=ORIENTED_EDGE('',*,*,#747,.F.);
#523=ORIENTED_EDGE('',*,*,#760,.F.);
#524=ORIENTED_EDGE('',*,*,#716,.F.);
#525=ORIENTED_EDGE('',*,*,#756,.F.);
#526=ORIENTED_EDGE('',*,*,#720,.F.);
#527=ORIENTED_EDGE('',*,*,#754,.F.);
#528=ORIENTED_EDGE('',*,*,#736,.F.);
#529=ORIENTED_EDGE('',*,*,#759,.F.);
#530=ORIENTED_EDGE('',*,*,#712,.F.);
#531=ORIENTED_EDGE('',*,*,#751,.F.);
#532=ORIENTED_EDGE('',*,*,#714,.F.);
#533=ORIENTED_EDGE('',*,*,#758,.F.);
#534=ORIENTED_EDGE('',*,*,#739,.F.);
#535=ORIENTED_EDGE('',*,*,#749,.F.);
#536=ORIENTED_EDGE('',*,*,#710,.F.);
#537=ORIENTED_EDGE('',*,*,#755,.F.);
#538=ORIENTED_EDGE('',*,*,#722,.F.);
#539=ORIENTED_EDGE('',*,*,#752,.F.);
#540=ORIENTED_EDGE('',*,*,#718,.F.);
#541=EDGE_CURVE('',#761,#762,#899,.T.);
#542=EDGE_CURVE('',#762,#763,#900,.T.);
#543=EDGE_CURVE('',#763,#764,#901,.F.);
#544=EDGE_CURVE('',#764,#761,#902,.T.);
#545=EDGE_CURVE('',#765,#766,#903,.F.);
#546=EDGE_CURVE('',#766,#767,#904,.T.);
#547=EDGE_CURVE('',#767,#768,#81,.F.);
#548=EDGE_CURVE('',#768,#769,#905,.T.);
#549=EDGE_CURVE('',#769,#770,#82,.F.);
#550=EDGE_CURVE('',#770,#765,#906,.T.);
#551=EDGE_CURVE('',#771,#772,#907,.T.);
#552=EDGE_CURVE('',#772,#773,#908,.T.);
#553=EDGE_CURVE('',#773,#774,#909,.T.);
#554=EDGE_CURVE('',#774,#771,#910,.T.);
#555=EDGE_CURVE('',#775,#776,#911,.F.);
#556=EDGE_CURVE('',#775,#777,#912,.T.);
#557=EDGE_CURVE('',#777,#778,#913,.F.);
#558=EDGE_CURVE('',#778,#779,#914,.T.);
#559=EDGE_CURVE('',#780,#779,#915,.F.);
#560=EDGE_CURVE('',#780,#781,#916,.T.);
#561=EDGE_CURVE('',#781,#782,#917,.F.);
#562=EDGE_CURVE('',#783,#782,#918,.T.);
#563=EDGE_CURVE('',#783,#784,#919,.T.);
#564=EDGE_CURVE('',#776,#784,#920,.T.);
#565=EDGE_CURVE('',#784,#785,#921,.T.);
#566=EDGE_CURVE('',#785,#786,#922,.T.);
#567=EDGE_CURVE('',#786,#776,#923,.T.);
#568=EDGE_CURVE('',#787,#780,#924,.T.);
#569=EDGE_CURVE('',#787,#788,#925,.T.);
#570=EDGE_CURVE('',#788,#781,#926,.T.);
#571=EDGE_CURVE('',#782,#789,#927,.T.);
#572=EDGE_CURVE('',#789,#790,#928,.T.);
#573=EDGE_CURVE('',#790,#783,#929,.T.);
#574=EDGE_CURVE('',#791,#792,#930,.T.);
#575=EDGE_CURVE('',#792,#793,#931,.T.);
#576=EDGE_CURVE('',#793,#794,#932,.T.);
#577=EDGE_CURVE('',#794,#795,#933,.T.);
#578=EDGE_CURVE('',#795,#796,#934,.T.);
#579=EDGE_CURVE('',#796,#797,#935,.T.);
#580=EDGE_CURVE('',#797,#798,#936,.T.);
#581=EDGE_CURVE('',#798,#791,#937,.T.);
#582=EDGE_CURVE('',#799,#800,#938,.T.);
#583=EDGE_CURVE('',#800,#801,#939,.T.);
#584=EDGE_CURVE('',#801,#802,#940,.T.);
#585=EDGE_CURVE('',#802,#799,#941,.T.);
#586=EDGE_CURVE('',#803,#804,#942,.T.);
#587=EDGE_CURVE('',#804,#805,#943,.T.);
#588=EDGE_CURVE('',#805,#806,#944,.T.);
#589=EDGE_CURVE('',#806,#807,#945,.F.);
#590=EDGE_CURVE('',#807,#808,#946,.T.);
#591=EDGE_CURVE('',#808,#803,#947,.T.);
#592=EDGE_CURVE('',#809,#810,#948,.T.);
#593=EDGE_CURVE('',#810,#811,#949,.T.);
#594=EDGE_CURVE('',#811,#812,#950,.T.);
#595=EDGE_CURVE('',#812,#813,#951,.T.);
#596=EDGE_CURVE('',#813,#814,#952,.T.);
#597=EDGE_CURVE('',#814,#809,#953,.T.);
#598=EDGE_CURVE('',#815,#816,#954,.F.);
#599=EDGE_CURVE('',#816,#817,#955,.T.);
#600=EDGE_CURVE('',#817,#818,#956,.T.);
#601=EDGE_CURVE('',#818,#815,#957,.T.);
#602=EDGE_CURVE('',#819,#820,#958,.T.);
#603=EDGE_CURVE('',#820,#821,#959,.T.);
#604=EDGE_CURVE('',#821,#822,#83,.F.);
#605=EDGE_CURVE('',#822,#823,#960,.T.);
#606=EDGE_CURVE('',#823,#824,#84,.F.);
#607=EDGE_CURVE('',#824,#819,#961,.T.);
#608=EDGE_CURVE('',#825,#826,#962,.T.);
#609=EDGE_CURVE('',#826,#827,#85,.F.);
#610=EDGE_CURVE('',#827,#828,#963,.T.);
#611=EDGE_CURVE('',#828,#829,#964,.T.);
#612=EDGE_CURVE('',#829,#830,#86,.F.);
#613=EDGE_CURVE('',#830,#831,#965,.T.);
#614=EDGE_CURVE('',#831,#832,#966,.T.);
#615=EDGE_CURVE('',#832,#833,#967,.T.);
#616=EDGE_CURVE('',#833,#834,#87,.T.);
#617=EDGE_CURVE('',#834,#835,#968,.T.);
#618=EDGE_CURVE('',#835,#836,#969,.T.);
#619=EDGE_CURVE('',#836,#825,#970,.T.);
#620=EDGE_CURVE('',#837,#838,#971,.T.);
#621=EDGE_CURVE('',#838,#839,#88,.T.);
#622=EDGE_CURVE('',#839,#840,#972,.T.);
#623=EDGE_CURVE('',#840,#841,#973,.T.);
#624=EDGE_CURVE('',#841,#842,#974,.T.);
#625=EDGE_CURVE('',#842,#843,#975,.T.);
#626=EDGE_CURVE('',#843,#844,#89,.F.);
#627=EDGE_CURVE('',#844,#845,#976,.T.);
#628=EDGE_CURVE('',#845,#846,#977,.F.);
#629=EDGE_CURVE('',#846,#847,#978,.T.);
#630=EDGE_CURVE('',#847,#848,#90,.T.);
#631=EDGE_CURVE('',#848,#837,#979,.T.);
#632=EDGE_CURVE('',#817,#846,#91,.T.);
#633=EDGE_CURVE('',#845,#818,#92,.T.);
#634=EDGE_CURVE('',#831,#816,#93,.T.);
#635=EDGE_CURVE('',#815,#832,#94,.T.);
#636=EDGE_CURVE('',#777,#820,#95,.F.);
#637=EDGE_CURVE('',#819,#778,#96,.T.);
#638=EDGE_CURVE('',#811,#766,#97,.F.);
#639=EDGE_CURVE('',#765,#812,#98,.T.);
#640=EDGE_CURVE('',#779,#849,#980,.T.);
#641=EDGE_CURVE('',#849,#850,#981,.T.);
#642=EDGE_CURVE('',#850,#787,#982,.F.);
#643=EDGE_CURVE('',#786,#851,#983,.T.);
#644=EDGE_CURVE('',#851,#852,#984,.T.);
#645=EDGE_CURVE('',#852,#775,#985,.T.);
#646=EDGE_CURVE('',#853,#854,#56,.T.);
#647=EDGE_CURVE('',#854,#838,#57,.T.);
#648=EDGE_CURVE('',#837,#855,#986,.T.);
#649=EDGE_CURVE('',#855,#806,#987,.F.);
#650=EDGE_CURVE('',#805,#853,#988,.F.);
#651=EDGE_CURVE('',#856,#857,#58,.T.);
#652=EDGE_CURVE('',#857,#804,#989,.T.);
#653=EDGE_CURVE('',#803,#858,#990,.T.);
#654=EDGE_CURVE('',#858,#828,#991,.T.);
#655=EDGE_CURVE('',#827,#856,#59,.T.);
#656=EDGE_CURVE('',#852,#859,#992,.F.);
#657=EDGE_CURVE('',#859,#836,#993,.T.);
#658=EDGE_CURVE('',#835,#775,#994,.T.);
#659=EDGE_CURVE('',#841,#860,#995,.T.);
#660=EDGE_CURVE('',#860,#849,#996,.T.);
#661=EDGE_CURVE('',#779,#842,#997,.T.);
#662=EDGE_CURVE('',#788,#861,#998,.T.);
#663=EDGE_CURVE('',#861,#789,#999,.T.);
#664=EDGE_CURVE('',#790,#862,#1000,.F.);
#665=EDGE_CURVE('',#862,#785,#1001,.T.);
#666=EDGE_CURVE('',#801,#863,#99,.F.);
#667=EDGE_CURVE('',#863,#864,#60,.T.);
#668=EDGE_CURVE('',#864,#865,#1002,.T.);
#669=EDGE_CURVE('',#865,#866,#61,.T.);
#670=EDGE_CURVE('',#866,#802,#100,.T.);
#671=EDGE_CURVE('',#809,#807,#1003,.F.);
#672=EDGE_CURVE('',#808,#814,#1004,.F.);
#673=EDGE_CURVE('',#858,#813,#1005,.T.);
#674=EDGE_CURVE('',#810,#855,#1006,.F.);
#675=EDGE_CURVE('',#829,#812,#1007,.T.);
#676=EDGE_CURVE('',#811,#848,#1008,.T.);
#677=EDGE_CURVE('',#830,#765,#1009,.T.);
#678=EDGE_CURVE('',#766,#847,#1010,.T.);
#679=EDGE_CURVE('',#831,#770,#1011,.T.);
#680=EDGE_CURVE('',#767,#846,#1012,.T.);
#681=EDGE_CURVE('',#816,#769,#1013,.T.);
#682=EDGE_CURVE('',#768,#817,#1014,.T.);
#683=EDGE_CURVE('',#843,#778,#1015,.T.);
#684=EDGE_CURVE('',#844,#819,#1016,.T.);
#685=EDGE_CURVE('',#845,#824,#1017,.T.);
#686=EDGE_CURVE('',#818,#823,#1018,.T.);
#687=EDGE_CURVE('',#815,#822,#1019,.T.);
#688=EDGE_CURVE('',#832,#821,#1020,.T.);
#689=EDGE_CURVE('',#833,#820,#1021,.T.);
#690=EDGE_CURVE('',#834,#777,#1022,.T.);
#691=EDGE_CURVE('',#795,#862,#1023,.F.);
#692=EDGE_CURVE('',#851,#794,#1024,.T.);
#693=EDGE_CURVE('',#796,#861,#1025,.T.);
#694=EDGE_CURVE('',#859,#793,#1026,.T.);
#695=EDGE_CURVE('',#802,#826,#1027,.T.);
#696=EDGE_CURVE('',#856,#866,#62,.F.);
#697=EDGE_CURVE('',#857,#865,#63,.T.);
#698=EDGE_CURVE('',#797,#850,#1028,.F.);
#699=EDGE_CURVE('',#825,#792,#1029,.T.);
#700=EDGE_CURVE('',#799,#825,#1030,.T.);
#701=EDGE_CURVE('',#853,#864,#64,.F.);
#702=EDGE_CURVE('',#798,#860,#1031,.T.);
#703=EDGE_CURVE('',#799,#792,#1032,.T.);
#704=EDGE_CURVE('',#854,#863,#65,.T.);
#705=EDGE_CURVE('',#791,#840,#1033,.F.);
#706=EDGE_CURVE('',#800,#791,#1034,.F.);
#707=EDGE_CURVE('',#839,#801,#1035,.T.);
#708=EDGE_CURVE('',#800,#840,#1036,.T.);
#709=EDGE_CURVE('',#867,#868,#1037,.F.);
#710=EDGE_CURVE('',#868,#869,#1038,.F.);
#711=EDGE_CURVE('',#869,#870,#1039,.F.);
#712=EDGE_CURVE('',#870,#867,#1040,.F.);
#713=EDGE_CURVE('',#871,#872,#1041,.T.);
#714=EDGE_CURVE('',#872,#873,#1042,.T.);
#715=EDGE_CURVE('',#873,#874,#1043,.T.);
#716=EDGE_CURVE('',#874,#871,#1044,.T.);
#717=EDGE_CURVE('',#875,#876,#1045,.T.);
#718=EDGE_CURVE('',#876,#877,#1046,.T.);
#719=EDGE_CURVE('',#877,#878,#1047,.T.);
#720=EDGE_CURVE('',#878,#875,#1048,.F.);
#721=EDGE_CURVE('',#879,#880,#1049,.T.);
#722=EDGE_CURVE('',#879,#881,#1050,.F.);
#723=EDGE_CURVE('',#882,#881,#1051,.T.);
#724=EDGE_CURVE('',#882,#880,#1052,.T.);
#725=EDGE_CURVE('',#883,#884,#1053,.F.);
#726=EDGE_CURVE('',#884,#885,#1054,.T.);
#727=EDGE_CURVE('',#885,#886,#1055,.T.);
#728=EDGE_CURVE('',#886,#883,#1056,.T.);
#729=EDGE_CURVE('',#887,#888,#1057,.F.);
#730=EDGE_CURVE('',#888,#889,#1058,.F.);
#731=EDGE_CURVE('',#889,#890,#1059,.T.);
#732=EDGE_CURVE('',#890,#887,#1060,.F.);
#733=EDGE_CURVE('',#774,#884,#24,.F.);
#734=EDGE_CURVE('',#883,#771,#25,.F.);
#735=EDGE_CURVE('',#885,#891,#26,.F.);
#736=EDGE_CURVE('',#891,#892,#1061,.F.);
#737=EDGE_CURVE('',#892,#886,#27,.F.);
#738=EDGE_CURVE('',#887,#893,#28,.T.);
#739=EDGE_CURVE('',#893,#894,#1062,.T.);
#740=EDGE_CURVE('',#894,#888,#29,.T.);
#741=EDGE_CURVE('',#889,#764,#30,.T.);
#742=EDGE_CURVE('',#763,#890,#31,.T.);
#743=EDGE_CURVE('',#772,#895,#1063,.T.);
#744=EDGE_CURVE('',#895,#896,#1064,.F.);
#745=EDGE_CURVE('',#896,#773,#1065,.T.);
#746=EDGE_CURVE('',#761,#897,#1066,.T.);
#747=EDGE_CURVE('',#897,#898,#1067,.F.);
#748=EDGE_CURVE('',#898,#762,#1068,.T.);
#749=EDGE_CURVE('',#869,#893,#32,.T.);
#750=EDGE_CURVE('',#898,#874,#33,.T.);
#751=EDGE_CURVE('',#873,#870,#34,.T.);
#752=EDGE_CURVE('',#877,#879,#35,.F.);
#753=EDGE_CURVE('',#880,#895,#36,.F.);
#754=EDGE_CURVE('',#892,#878,#37,.F.);
#755=EDGE_CURVE('',#881,#876,#38,.F.);
#756=EDGE_CURVE('',#875,#891,#39,.F.);
#757=EDGE_CURVE('',#896,#882,#40,.F.);
#758=EDGE_CURVE('',#894,#868,#41,.T.);
#759=EDGE_CURVE('',#867,#872,#42,.T.);
#760=EDGE_CURVE('',#871,#897,#43,.T.);
#761=VERTEX_POINT('',#2125);
#762=VERTEX_POINT('',#2126);
#763=VERTEX_POINT('',#2128);
#764=VERTEX_POINT('',#2130);
#765=VERTEX_POINT('',#2133);
#766=VERTEX_POINT('',#2134);
#767=VERTEX_POINT('',#2136);
#768=VERTEX_POINT('',#2138);
#769=VERTEX_POINT('',#2140);
#770=VERTEX_POINT('',#2142);
#771=VERTEX_POINT('',#2145);
#772=VERTEX_POINT('',#2146);
#773=VERTEX_POINT('',#2148);
#774=VERTEX_POINT('',#2150);
#775=VERTEX_POINT('',#2154);
#776=VERTEX_POINT('',#2155);
#777=VERTEX_POINT('',#2157);
#778=VERTEX_POINT('',#2159);
#779=VERTEX_POINT('',#2161);
#780=VERTEX_POINT('',#2163);
#781=VERTEX_POINT('',#2165);
#782=VERTEX_POINT('',#2167);
#783=VERTEX_POINT('',#2169);
#784=VERTEX_POINT('',#2171);
#785=VERTEX_POINT('',#2175);
#786=VERTEX_POINT('',#2177);
#787=VERTEX_POINT('',#2181);
#788=VERTEX_POINT('',#2183);
#789=VERTEX_POINT('',#2187);
#790=VERTEX_POINT('',#2189);
#791=VERTEX_POINT('',#2193);
#792=VERTEX_POINT('',#2194);
#793=VERTEX_POINT('',#2196);
#794=VERTEX_POINT('',#2198);
#795=VERTEX_POINT('',#2200);
#796=VERTEX_POINT('',#2202);
#797=VERTEX_POINT('',#2204);
#798=VERTEX_POINT('',#2206);
#799=VERTEX_POINT('',#2210);
#800=VERTEX_POINT('',#2211);
#801=VERTEX_POINT('',#2213);
#802=VERTEX_POINT('',#2215);
#803=VERTEX_POINT('',#2219);
#804=VERTEX_POINT('',#2220);
#805=VERTEX_POINT('',#2222);
#806=VERTEX_POINT('',#2224);
#807=VERTEX_POINT('',#2226);
#808=VERTEX_POINT('',#2228);
#809=VERTEX_POINT('',#2232);
#810=VERTEX_POINT('',#2233);
#811=VERTEX_POINT('',#2235);
#812=VERTEX_POINT('',#2237);
#813=VERTEX_POINT('',#2239);
#814=VERTEX_POINT('',#2241);
#815=VERTEX_POINT('',#2245);
#816=VERTEX_POINT('',#2246);
#817=VERTEX_POINT('',#2248);
#818=VERTEX_POINT('',#2250);
#819=VERTEX_POINT('',#2254);
#820=VERTEX_POINT('',#2255);
#821=VERTEX_POINT('',#2257);
#822=VERTEX_POINT('',#2259);
#823=VERTEX_POINT('',#2261);
#824=VERTEX_POINT('',#2263);
#825=VERTEX_POINT('',#2267);
#826=VERTEX_POINT('',#2268);
#827=VERTEX_POINT('',#2270);
#828=VERTEX_POINT('',#2272);
#829=VERTEX_POINT('',#2274);
#830=VERTEX_POINT('',#2276);
#831=VERTEX_POINT('',#2278);
#832=VERTEX_POINT('',#2280);
#833=VERTEX_POINT('',#2282);
#834=VERTEX_POINT('',#2284);
#835=VERTEX_POINT('',#2286);
#836=VERTEX_POINT('',#2288);
#837=VERTEX_POINT('',#2292);
#838=VERTEX_POINT('',#2293);
#839=VERTEX_POINT('',#2295);
#840=VERTEX_POINT('',#2297);
#841=VERTEX_POINT('',#2299);
#842=VERTEX_POINT('',#2301);
#843=VERTEX_POINT('',#2303);
#844=VERTEX_POINT('',#2305);
#845=VERTEX_POINT('',#2307);
#846=VERTEX_POINT('',#2309);
#847=VERTEX_POINT('',#2311);
#848=VERTEX_POINT('',#2313);
#849=VERTEX_POINT('',#2329);
#850=VERTEX_POINT('',#2331);
#851=VERTEX_POINT('',#2335);
#852=VERTEX_POINT('',#2337);
#853=VERTEX_POINT('',#2344);
#854=VERTEX_POINT('',#2345);
#855=VERTEX_POINT('',#2351);
#856=VERTEX_POINT('',#2359);
#857=VERTEX_POINT('',#2360);
#858=VERTEX_POINT('',#2363);
#859=VERTEX_POINT('',#2371);
#860=VERTEX_POINT('',#2376);
#861=VERTEX_POINT('',#2381);
#862=VERTEX_POINT('',#2385);
#863=VERTEX_POINT('',#2389);
#864=VERTEX_POINT('',#2394);
#865=VERTEX_POINT('',#2396);
#866=VERTEX_POINT('',#2401);
#867=VERTEX_POINT('',#2507);
#868=VERTEX_POINT('',#2508);
#869=VERTEX_POINT('',#2510);
#870=VERTEX_POINT('',#2512);
#871=VERTEX_POINT('',#2516);
#872=VERTEX_POINT('',#2517);
#873=VERTEX_POINT('',#2519);
#874=VERTEX_POINT('',#2521);
#875=VERTEX_POINT('',#2525);
#876=VERTEX_POINT('',#2526);
#877=VERTEX_POINT('',#2528);
#878=VERTEX_POINT('',#2530);
#879=VERTEX_POINT('',#2534);
#880=VERTEX_POINT('',#2535);
#881=VERTEX_POINT('',#2537);
#882=VERTEX_POINT('',#2539);
#883=VERTEX_POINT('',#2543);
#884=VERTEX_POINT('',#2544);
#885=VERTEX_POINT('',#2546);
#886=VERTEX_POINT('',#2548);
#887=VERTEX_POINT('',#2552);
#888=VERTEX_POINT('',#2553);
#889=VERTEX_POINT('',#2555);
#890=VERTEX_POINT('',#2557);
#891=VERTEX_POINT('',#2564);
#892=VERTEX_POINT('',#2566);
#893=VERTEX_POINT('',#2570);
#894=VERTEX_POINT('',#2572);
#895=VERTEX_POINT('',#2579);
#896=VERTEX_POINT('',#2581);
#897=VERTEX_POINT('',#2585);
#898=VERTEX_POINT('',#2587);
#899=LINE('',#2124,#1069);
#900=LINE('',#2127,#1070);
#901=LINE('',#2129,#1071);
#902=LINE('',#2131,#1072);
#903=LINE('',#2132,#1073);
#904=LINE('',#2135,#1074);
#905=LINE('',#2139,#1075);
#906=LINE('',#2143,#1076);
#907=LINE('',#2144,#1077);
#908=LINE('',#2147,#1078);
#909=LINE('',#2149,#1079);
#910=LINE('',#2151,#1080);
#911=LINE('',#2153,#1081);
#912=LINE('',#2156,#1082);
#913=LINE('',#2158,#1083);
#914=LINE('',#2160,#1084);
#915=LINE('',#2162,#1085);
#916=LINE('',#2164,#1086);
#917=LINE('',#2166,#1087);
#918=LINE('',#2168,#1088);
#919=LINE('',#2170,#1089);
#920=LINE('',#2172,#1090);
#921=LINE('',#2174,#1091);
#922=LINE('',#2176,#1092);
#923=LINE('',#2178,#1093);
#924=LINE('',#2180,#1094);
#925=LINE('',#2182,#1095);
#926=LINE('',#2184,#1096);
#927=LINE('',#2186,#1097);
#928=LINE('',#2188,#1098);
#929=LINE('',#2190,#1099);
#930=LINE('',#2192,#1100);
#931=LINE('',#2195,#1101);
#932=LINE('',#2197,#1102);
#933=LINE('',#2199,#1103);
#934=LINE('',#2201,#1104);
#935=LINE('',#2203,#1105);
#936=LINE('',#2205,#1106);
#937=LINE('',#2207,#1107);
#938=LINE('',#2209,#1108);
#939=LINE('',#2212,#1109);
#940=LINE('',#2214,#1110);
#941=LINE('',#2216,#1111);
#942=LINE('',#2218,#1112);
#943=LINE('',#2221,#1113);
#944=LINE('',#2223,#1114);
#945=LINE('',#2225,#1115);
#946=LINE('',#2227,#1116);
#947=LINE('',#2229,#1117);
#948=LINE('',#2231,#1118);
#949=LINE('',#2234,#1119);
#950=LINE('',#2236,#1120);
#951=LINE('',#2238,#1121);
#952=LINE('',#2240,#1122);
#953=LINE('',#2242,#1123);
#954=LINE('',#2244,#1124);
#955=LINE('',#2247,#1125);
#956=LINE('',#2249,#1126);
#957=LINE('',#2251,#1127);
#958=LINE('',#2253,#1128);
#959=LINE('',#2256,#1129);
#960=LINE('',#2260,#1130);
#961=LINE('',#2264,#1131);
#962=LINE('',#2266,#1132);
#963=LINE('',#2271,#1133);
#964=LINE('',#2273,#1134);
#965=LINE('',#2277,#1135);
#966=LINE('',#2279,#1136);
#967=LINE('',#2281,#1137);
#968=LINE('',#2285,#1138);
#969=LINE('',#2287,#1139);
#970=LINE('',#2289,#1140);
#971=LINE('',#2291,#1141);
#972=LINE('',#2296,#1142);
#973=LINE('',#2298,#1143);
#974=LINE('',#2300,#1144);
#975=LINE('',#2302,#1145);
#976=LINE('',#2306,#1146);
#977=LINE('',#2308,#1147);
#978=LINE('',#2310,#1148);
#979=LINE('',#2314,#1149);
#980=LINE('',#2328,#1150);
#981=LINE('',#2330,#1151);
#982=LINE('',#2332,#1152);
#983=LINE('',#2334,#1153);
#984=LINE('',#2336,#1154);
#985=LINE('',#2338,#1155);
#986=LINE('',#2350,#1156);
#987=LINE('',#2352,#1157);
#988=LINE('',#2353,#1158);
#989=LINE('',#2361,#1159);
#990=LINE('',#2362,#1160);
#991=LINE('',#2364,#1161);
#992=LINE('',#2370,#1162);
#993=LINE('',#2372,#1163);
#994=LINE('',#2373,#1164);
#995=LINE('',#2375,#1165);
#996=LINE('',#2377,#1166);
#997=LINE('',#2378,#1167);
#998=LINE('',#2380,#1168);
#999=LINE('',#2382,#1169);
#1000=LINE('',#2384,#1170);
#1001=LINE('',#2386,#1171);
#1002=LINE('',#2395,#1172);
#1003=LINE('',#2404,#1173);
#1004=LINE('',#2405,#1174);
#1005=LINE('',#2407,#1175);
#1006=LINE('',#2409,#1176);
#1007=LINE('',#2411,#1177);
#1008=LINE('',#2413,#1178);
#1009=LINE('',#2415,#1179);
#1010=LINE('',#2417,#1180);
#1011=LINE('',#2419,#1181);
#1012=LINE('',#2421,#1182);
#1013=LINE('',#2423,#1183);
#1014=LINE('',#2425,#1184);
#1015=LINE('',#2428,#1185);
#1016=LINE('',#2430,#1186);
#1017=LINE('',#2432,#1187);
#1018=LINE('',#2434,#1188);
#1019=LINE('',#2436,#1189);
#1020=LINE('',#2438,#1190);
#1021=LINE('',#2440,#1191);
#1022=LINE('',#2442,#1192);
#1023=LINE('',#2445,#1193);
#1024=LINE('',#2446,#1194);
#1025=LINE('',#2448,#1195);
#1026=LINE('',#2450,#1196);
#1027=LINE('',#2452,#1197);
#1028=LINE('',#2470,#1198);
#1029=LINE('',#2472,#1199);
#1030=LINE('',#2474,#1200);
#1031=LINE('',#2481,#1201);
#1032=LINE('',#2483,#1202);
#1033=LINE('',#2497,#1203);
#1034=LINE('',#2499,#1204);
#1035=LINE('',#2501,#1205);
#1036=LINE('',#2503,#1206);
#1037=LINE('',#2506,#1207);
#1038=LINE('',#2509,#1208);
#1039=LINE('',#2511,#1209);
#1040=LINE('',#2513,#1210);
#1041=LINE('',#2515,#1211);
#1042=LINE('',#2518,#1212);
#1043=LINE('',#2520,#1213);
#1044=LINE('',#2522,#1214);
#1045=LINE('',#2524,#1215);
#1046=LINE('',#2527,#1216);
#1047=LINE('',#2529,#1217);
#1048=LINE('',#2531,#1218);
#1049=LINE('',#2533,#1219);
#1050=LINE('',#2536,#1220);
#1051=LINE('',#2538,#1221);
#1052=LINE('',#2540,#1222);
#1053=LINE('',#2542,#1223);
#1054=LINE('',#2545,#1224);
#1055=LINE('',#2547,#1225);
#1056=LINE('',#2549,#1226);
#1057=LINE('',#2551,#1227);
#1058=LINE('',#2554,#1228);
#1059=LINE('',#2556,#1229);
#1060=LINE('',#2558,#1230);
#1061=LINE('',#2565,#1231);
#1062=LINE('',#2571,#1232);
#1063=LINE('',#2578,#1233);
#1064=LINE('',#2580,#1234);
#1065=LINE('',#2582,#1235);
#1066=LINE('',#2584,#1236);
#1067=LINE('',#2586,#1237);
#1068=LINE('',#2588,#1238);
#1069=VECTOR('',#1704,1000.);
#1070=VECTOR('',#1705,1000.);
#1071=VECTOR('',#1706,1000.);
#1072=VECTOR('',#1707,1000.);
#1073=VECTOR('',#1708,1000.);
#1074=VECTOR('',#1709,1000.);
#1075=VECTOR('',#1712,1000.);
#1076=VECTOR('',#1715,1000.);
#1077=VECTOR('',#1716,1000.);
#1078=VECTOR('',#1717,1000.);
#1079=VECTOR('',#1718,1000.);
#1080=VECTOR('',#1719,1000.);
#1081=VECTOR('',#1722,1000.);
#1082=VECTOR('',#1723,1000.);
#1083=VECTOR('',#1724,1000.);
#1084=VECTOR('',#1725,1000.);
#1085=VECTOR('',#1726,1000.);
#1086=VECTOR('',#1727,1000.);
#1087=VECTOR('',#1728,1000.);
#1088=VECTOR('',#1729,1000.);
#1089=VECTOR('',#1730,1000.);
#1090=VECTOR('',#1731,1000.);
#1091=VECTOR('',#1734,1000.);
#1092=VECTOR('',#1735,1000.);
#1093=VECTOR('',#1736,1000.);
#1094=VECTOR('',#1739,1000.);
#1095=VECTOR('',#1740,1000.);
#1096=VECTOR('',#1741,1000.);
#1097=VECTOR('',#1744,1000.);
#1098=VECTOR('',#1745,1000.);
#1099=VECTOR('',#1746,1000.);
#1100=VECTOR('',#1749,1000.);
#1101=VECTOR('',#1750,1000.);
#1102=VECTOR('',#1751,1000.);
#1103=VECTOR('',#1752,1000.);
#1104=VECTOR('',#1753,1000.);
#1105=VECTOR('',#1754,1000.);
#1106=VECTOR('',#1755,1000.);
#1107=VECTOR('',#1756,1000.);
#1108=VECTOR('',#1759,1000.);
#1109=VECTOR('',#1760,1000.);
#1110=VECTOR('',#1761,1000.);
#1111=VECTOR('',#1762,1000.);
#1112=VECTOR('',#1765,1000.);
#1113=VECTOR('',#1766,1000.);
#1114=VECTOR('',#1767,1000.);
#1115=VECTOR('',#1768,1000.);
#1116=VECTOR('',#1769,1000.);
#1117=VECTOR('',#1770,1000.);
#1118=VECTOR('',#1773,1000.);
#1119=VECTOR('',#1774,1000.);
#1120=VECTOR('',#1775,1000.);
#1121=VECTOR('',#1776,1000.);
#1122=VECTOR('',#1777,1000.);
#1123=VECTOR('',#1778,1000.);
#1124=VECTOR('',#1781,1000.);
#1125=VECTOR('',#1782,1000.);
#1126=VECTOR('',#1783,1000.);
#1127=VECTOR('',#1784,1000.);
#1128=VECTOR('',#1787,1000.);
#1129=VECTOR('',#1788,1000.);
#1130=VECTOR('',#1791,1000.);
#1131=VECTOR('',#1794,1000.);
#1132=VECTOR('',#1797,1000.);
#1133=VECTOR('',#1800,1000.);
#1134=VECTOR('',#1801,1000.);
#1135=VECTOR('',#1804,1000.);
#1136=VECTOR('',#1805,1000.);
#1137=VECTOR('',#1806,1000.);
#1138=VECTOR('',#1809,1000.);
#1139=VECTOR('',#1810,1000.);
#1140=VECTOR('',#1811,1000.);
#1141=VECTOR('',#1814,1000.);
#1142=VECTOR('',#1817,1000.);
#1143=VECTOR('',#1818,1000.);
#1144=VECTOR('',#1819,1000.);
#1145=VECTOR('',#1820,1000.);
#1146=VECTOR('',#1823,1000.);
#1147=VECTOR('',#1824,1000.);
#1148=VECTOR('',#1825,1000.);
#1149=VECTOR('',#1828,1000.);
#1150=VECTOR('',#1855,1000.);
#1151=VECTOR('',#1856,1000.);
#1152=VECTOR('',#1857,1000.);
#1153=VECTOR('',#1860,1000.);
#1154=VECTOR('',#1861,1000.);
#1155=VECTOR('',#1862,1000.);
#1156=VECTOR('',#1865,1000.);
#1157=VECTOR('',#1866,1000.);
#1158=VECTOR('',#1867,1000.);
#1159=VECTOR('',#1870,1000.);
#1160=VECTOR('',#1871,1000.);
#1161=VECTOR('',#1872,1000.);
#1162=VECTOR('',#1875,1000.);
#1163=VECTOR('',#1876,1000.);
#1164=VECTOR('',#1877,1000.);
#1165=VECTOR('',#1880,1000.);
#1166=VECTOR('',#1881,1000.);
#1167=VECTOR('',#1882,1000.);
#1168=VECTOR('',#1885,1000.);
#1169=VECTOR('',#1886,1000.);
#1170=VECTOR('',#1889,1000.);
#1171=VECTOR('',#1890,1000.);
#1172=VECTOR('',#1895,1000.);
#1173=VECTOR('',#1900,1000.);
#1174=VECTOR('',#1901,1000.);
#1175=VECTOR('',#1904,1000.);
#1176=VECTOR('',#1907,1000.);
#1177=VECTOR('',#1910,1000.);
#1178=VECTOR('',#1913,1000.);
#1179=VECTOR('',#1916,1000.);
#1180=VECTOR('',#1919,1000.);
#1181=VECTOR('',#1922,1000.);
#1182=VECTOR('',#1925,1000.);
#1183=VECTOR('',#1928,1000.);
#1184=VECTOR('',#1931,1000.);
#1185=VECTOR('',#1936,1000.);
#1186=VECTOR('',#1939,1000.);
#1187=VECTOR('',#1942,1000.);
#1188=VECTOR('',#1945,1000.);
#1189=VECTOR('',#1948,1000.);
#1190=VECTOR('',#1951,1000.);
#1191=VECTOR('',#1954,1000.);
#1192=VECTOR('',#1957,1000.);
#1193=VECTOR('',#1962,1000.);
#1194=VECTOR('',#1963,1000.);
#1195=VECTOR('',#1966,1000.);
#1196=VECTOR('',#1969,1000.);
#1197=VECTOR('',#1972,1000.);
#1198=VECTOR('',#1975,1000.);
#1199=VECTOR('',#1978,1000.);
#1200=VECTOR('',#1981,1000.);
#1201=VECTOR('',#1986,1000.);
#1202=VECTOR('',#1989,1000.);
#1203=VECTOR('',#1992,1000.);
#1204=VECTOR('',#1995,1000.);
#1205=VECTOR('',#1998,1000.);
#1206=VECTOR('',#2001,1000.);
#1207=VECTOR('',#2006,1000.);
#1208=VECTOR('',#2007,1000.);
#1209=VECTOR('',#2008,1000.);
#1210=VECTOR('',#2009,1000.);
#1211=VECTOR('',#2012,1000.);
#1212=VECTOR('',#2013,1000.);
#1213=VECTOR('',#2014,1000.);
#1214=VECTOR('',#2015,1000.);
#1215=VECTOR('',#2018,1000.);
#1216=VECTOR('',#2019,1000.);
#1217=VECTOR('',#2020,1000.);
#1218=VECTOR('',#2021,1000.);
#1219=VECTOR('',#2024,1000.);
#1220=VECTOR('',#2025,1000.);
#1221=VECTOR('',#2026,1000.);
#1222=VECTOR('',#2027,1000.);
#1223=VECTOR('',#2030,1000.);
#1224=VECTOR('',#2031,1000.);
#1225=VECTOR('',#2032,1000.);
#1226=VECTOR('',#2033,1000.);
#1227=VECTOR('',#2036,1000.);
#1228=VECTOR('',#2037,1000.);
#1229=VECTOR('',#2038,1000.);
#1230=VECTOR('',#2039,1000.);
#1231=VECTOR('',#2050,1000.);
#1232=VECTOR('',#2057,1000.);
#1233=VECTOR('',#2068,1000.);
#1234=VECTOR('',#2069,1000.);
#1235=VECTOR('',#2070,1000.);
#1236=VECTOR('',#2073,1000.);
#1237=VECTOR('',#2074,1000.);
#1238=VECTOR('',#2075,1000.);
#1239=EDGE_LOOP('',(#101,#102,#103,#104));
#1240=EDGE_LOOP('',(#105,#106,#107,#108,#109,#110));
#1241=EDGE_LOOP('',(#111,#112,#113,#114));
#1242=EDGE_LOOP('',(#115,#116,#117,#118,#119,#120,#121,#122,#123,#124));
#1243=EDGE_LOOP('',(#125,#126,#127,#128));
#1244=EDGE_LOOP('',(#129,#130,#131,#132));
#1245=EDGE_LOOP('',(#133,#134,#135,#136));
#1246=EDGE_LOOP('',(#137,#138,#139,#140,#141,#142,#143,#144));
#1247=EDGE_LOOP('',(#145,#146,#147,#148));
#1248=EDGE_LOOP('',(#149,#150,#151,#152,#153,#154));
#1249=EDGE_LOOP('',(#155,#156,#157,#158,#159,#160));
#1250=EDGE_LOOP('',(#161,#162,#163,#164));
#1251=EDGE_LOOP('',(#165,#166,#167,#168,#169,#170));
#1252=EDGE_LOOP('',(#171,#172,#173,#174,#175,#176,#177,#178,#179,#180,#181,
#182));
#1253=EDGE_LOOP('',(#183,#184,#185,#186,#187,#188,#189,#190,#191,#192,#193,
#194));
#1254=EDGE_LOOP('',(#195,#196,#197,#198));
#1255=EDGE_LOOP('',(#199,#200,#201,#202));
#1256=EDGE_LOOP('',(#203,#204,#205,#206));
#1257=EDGE_LOOP('',(#207,#208,#209,#210));
#1258=EDGE_LOOP('',(#211,#212,#213,#214,#215));
#1259=EDGE_LOOP('',(#216,#217,#218,#219,#220));
#1260=EDGE_LOOP('',(#221,#222,#223,#224,#225,#226,#227));
#1261=EDGE_LOOP('',(#228,#229,#230,#231,#232,#233,#234));
#1262=EDGE_LOOP('',(#235,#236,#237,#238,#239));
#1263=EDGE_LOOP('',(#240,#241,#242,#243,#244));
#1264=EDGE_LOOP('',(#245,#246,#247,#248,#249));
#1265=EDGE_LOOP('',(#250,#251,#252,#253,#254));
#1266=EDGE_LOOP('',(#255,#256,#257,#258,#259,#260));
#1267=EDGE_LOOP('',(#261,#262,#263,#264));
#1268=EDGE_LOOP('',(#265,#266,#267,#268,#269));
#1269=EDGE_LOOP('',(#270,#271,#272,#273,#274));
#1270=EDGE_LOOP('',(#275,#276,#277,#278,#279));
#1271=EDGE_LOOP('',(#280,#281,#282,#283,#284));
#1272=EDGE_LOOP('',(#285,#286,#287,#288));
#1273=EDGE_LOOP('',(#289,#290,#291,#292));
#1274=EDGE_LOOP('',(#293,#294,#295,#296));
#1275=EDGE_LOOP('',(#297,#298,#299,#300));
#1276=EDGE_LOOP('',(#301,#302,#303,#304));
#1277=EDGE_LOOP('',(#305,#306,#307,#308));
#1278=EDGE_LOOP('',(#309,#310,#311,#312));
#1279=EDGE_LOOP('',(#313,#314,#315,#316));
#1280=EDGE_LOOP('',(#317,#318,#319,#320));
#1281=EDGE_LOOP('',(#321,#322,#323,#324));
#1282=EDGE_LOOP('',(#325,#326,#327,#328));
#1283=EDGE_LOOP('',(#329,#330,#331,#332));
#1284=EDGE_LOOP('',(#333,#334,#335,#336));
#1285=EDGE_LOOP('',(#337,#338,#339,#340));
#1286=EDGE_LOOP('',(#341,#342,#343,#344));
#1287=EDGE_LOOP('',(#345,#346,#347,#348));
#1288=EDGE_LOOP('',(#349,#350,#351,#352,#353,#354));
#1289=EDGE_LOOP('',(#355,#356,#357,#358,#359,#360));
#1290=EDGE_LOOP('',(#361,#362,#363,#364,#365));
#1291=EDGE_LOOP('',(#366,#367,#368,#369,#370));
#1292=EDGE_LOOP('',(#371,#372,#373,#374));
#1293=EDGE_LOOP('',(#375,#376,#377,#378,#379,#380));
#1294=EDGE_LOOP('',(#381,#382,#383,#384,#385));
#1295=EDGE_LOOP('',(#386,#387,#388,#389));
#1296=EDGE_LOOP('',(#390,#391,#392,#393,#394,#395));
#1297=EDGE_LOOP('',(#396,#397,#398,#399,#400));
#1298=EDGE_LOOP('',(#401,#402,#403));
#1299=EDGE_LOOP('',(#404,#405,#406,#407));
#1300=EDGE_LOOP('',(#408,#409,#410,#411,#412));
#1301=EDGE_LOOP('',(#413,#414,#415,#416));
#1302=EDGE_LOOP('',(#417,#418,#419,#420,#421));
#1303=EDGE_LOOP('',(#422,#423,#424));
#1304=EDGE_LOOP('',(#425,#426,#427,#428));
#1305=EDGE_LOOP('',(#429,#430,#431,#432));
#1306=EDGE_LOOP('',(#433,#434,#435,#436));
#1307=EDGE_LOOP('',(#437,#438,#439,#440));
#1308=EDGE_LOOP('',(#441,#442,#443,#444));
#1309=EDGE_LOOP('',(#445,#446,#447,#448));
#1310=EDGE_LOOP('',(#449,#450,#451,#452));
#1311=EDGE_LOOP('',(#453,#454,#455,#456));
#1312=EDGE_LOOP('',(#457,#458,#459,#460));
#1313=EDGE_LOOP('',(#461,#462,#463,#464));
#1314=EDGE_LOOP('',(#465,#466,#467,#468));
#1315=EDGE_LOOP('',(#469,#470,#471,#472));
#1316=EDGE_LOOP('',(#473,#474,#475,#476));
#1317=EDGE_LOOP('',(#477,#478,#479,#480,#481,#482,#483,#484,#485,#486));
#1318=EDGE_LOOP('',(#487,#488,#489,#490,#491,#492,#493,#494,#495,#496));
#1319=EDGE_LOOP('',(#497,#498,#499,#500,#501,#502,#503,#504,#505,#506));
#1320=EDGE_LOOP('',(#507,#508,#509,#510,#511,#512,#513,#514,#515,#516));
#1321=EDGE_LOOP('',(#517,#518,#519,#520));
#1322=EDGE_LOOP('',(#521,#522,#523,#524));
#1323=EDGE_LOOP('',(#525,#526,#527,#528));
#1324=EDGE_LOOP('',(#529,#530,#531,#532));
#1325=EDGE_LOOP('',(#533,#534,#535,#536));
#1326=EDGE_LOOP('',(#537,#538,#539,#540));
#1327=FACE_BOUND('',#1239,.T.);
#1328=FACE_BOUND('',#1240,.T.);
#1329=FACE_BOUND('',#1241,.T.);
#1330=FACE_BOUND('',#1242,.T.);
#1331=FACE_BOUND('',#1243,.T.);
#1332=FACE_BOUND('',#1244,.T.);
#1333=FACE_BOUND('',#1245,.T.);
#1334=FACE_BOUND('',#1246,.T.);
#1335=FACE_BOUND('',#1247,.T.);
#1336=FACE_BOUND('',#1248,.T.);
#1337=FACE_BOUND('',#1249,.T.);
#1338=FACE_BOUND('',#1250,.T.);
#1339=FACE_BOUND('',#1251,.T.);
#1340=FACE_BOUND('',#1252,.T.);
#1341=FACE_BOUND('',#1253,.T.);
#1342=FACE_BOUND('',#1254,.T.);
#1343=FACE_BOUND('',#1255,.T.);
#1344=FACE_BOUND('',#1256,.T.);
#1345=FACE_BOUND('',#1257,.T.);
#1346=FACE_BOUND('',#1258,.T.);
#1347=FACE_BOUND('',#1259,.T.);
#1348=FACE_BOUND('',#1260,.T.);
#1349=FACE_BOUND('',#1261,.T.);
#1350=FACE_BOUND('',#1262,.T.);
#1351=FACE_BOUND('',#1263,.T.);
#1352=FACE_BOUND('',#1264,.T.);
#1353=FACE_BOUND('',#1265,.T.);
#1354=FACE_BOUND('',#1266,.T.);
#1355=FACE_BOUND('',#1267,.T.);
#1356=FACE_BOUND('',#1268,.T.);
#1357=FACE_BOUND('',#1269,.T.);
#1358=FACE_BOUND('',#1270,.T.);
#1359=FACE_BOUND('',#1271,.T.);
#1360=FACE_BOUND('',#1272,.T.);
#1361=FACE_BOUND('',#1273,.T.);
#1362=FACE_BOUND('',#1274,.T.);
#1363=FACE_BOUND('',#1275,.T.);
#1364=FACE_BOUND('',#1276,.T.);
#1365=FACE_BOUND('',#1277,.T.);
#1366=FACE_BOUND('',#1278,.T.);
#1367=FACE_BOUND('',#1279,.T.);
#1368=FACE_BOUND('',#1280,.T.);
#1369=FACE_BOUND('',#1281,.T.);
#1370=FACE_BOUND('',#1282,.T.);
#1371=FACE_BOUND('',#1283,.T.);
#1372=FACE_BOUND('',#1284,.T.);
#1373=FACE_BOUND('',#1285,.T.);
#1374=FACE_BOUND('',#1286,.T.);
#1375=FACE_BOUND('',#1287,.T.);
#1376=FACE_BOUND('',#1288,.T.);
#1377=FACE_BOUND('',#1289,.T.);
#1378=FACE_BOUND('',#1290,.T.);
#1379=FACE_BOUND('',#1291,.T.);
#1380=FACE_BOUND('',#1292,.T.);
#1381=FACE_BOUND('',#1293,.T.);
#1382=FACE_BOUND('',#1294,.T.);
#1383=FACE_BOUND('',#1295,.T.);
#1384=FACE_BOUND('',#1296,.T.);
#1385=FACE_BOUND('',#1297,.T.);
#1386=FACE_BOUND('',#1298,.T.);
#1387=FACE_BOUND('',#1299,.T.);
#1388=FACE_BOUND('',#1300,.T.);
#1389=FACE_BOUND('',#1301,.T.);
#1390=FACE_BOUND('',#1302,.T.);
#1391=FACE_BOUND('',#1303,.T.);
#1392=FACE_BOUND('',#1304,.T.);
#1393=FACE_BOUND('',#1305,.T.);
#1394=FACE_BOUND('',#1306,.T.);
#1395=FACE_BOUND('',#1307,.T.);
#1396=FACE_BOUND('',#1308,.T.);
#1397=FACE_BOUND('',#1309,.T.);
#1398=FACE_BOUND('',#1310,.T.);
#1399=FACE_BOUND('',#1311,.T.);
#1400=FACE_BOUND('',#1312,.T.);
#1401=FACE_BOUND('',#1313,.T.);
#1402=FACE_BOUND('',#1314,.T.);
#1403=FACE_BOUND('',#1315,.T.);
#1404=FACE_BOUND('',#1316,.T.);
#1405=FACE_BOUND('',#1317,.T.);
#1406=FACE_BOUND('',#1318,.T.);
#1407=FACE_BOUND('',#1319,.T.);
#1408=FACE_BOUND('',#1320,.T.);
#1409=FACE_BOUND('',#1321,.T.);
#1410=FACE_BOUND('',#1322,.T.);
#1411=FACE_BOUND('',#1323,.T.);
#1412=FACE_BOUND('',#1324,.T.);
#1413=FACE_BOUND('',#1325,.T.);
#1414=FACE_BOUND('',#1326,.T.);
#1415=PLANE('',#1575);
#1416=PLANE('',#1578);
#1417=PLANE('',#1579);
#1418=PLANE('',#1580);
#1419=PLANE('',#1581);
#1420=PLANE('',#1582);
#1421=PLANE('',#1583);
#1422=PLANE('',#1584);
#1423=PLANE('',#1585);
#1424=PLANE('',#1586);
#1425=PLANE('',#1587);
#1426=PLANE('',#1590);
#1427=PLANE('',#1594);
#1428=PLANE('',#1610);
#1429=PLANE('',#1611);
#1430=PLANE('',#1612);
#1431=PLANE('',#1613);
#1432=PLANE('',#1614);
#1433=PLANE('',#1615);
#1434=PLANE('',#1616);
#1435=PLANE('',#1617);
#1436=PLANE('',#1621);
#1437=PLANE('',#1622);
#1438=PLANE('',#1623);
#1439=PLANE('',#1624);
#1440=PLANE('',#1625);
#1441=PLANE('',#1628);
#1442=PLANE('',#1629);
#1443=PLANE('',#1632);
#1444=PLANE('',#1633);
#1445=PLANE('',#1635);
#1446=PLANE('',#1637);
#1447=PLANE('',#1639);
#1448=PLANE('',#1641);
#1449=PLANE('',#1642);
#1450=PLANE('',#1643);
#1451=PLANE('',#1644);
#1452=PLANE('',#1646);
#1453=PLANE('',#1647);
#1454=PLANE('',#1648);
#1455=PLANE('',#1649);
#1456=PLANE('',#1650);
#1457=PLANE('',#1651);
#1458=PLANE('',#1652);
#1459=PLANE('',#1653);
#1460=PLANE('',#1655);
#1461=PLANE('',#1656);
#1462=PLANE('',#1657);
#1463=PLANE('',#1658);
#1464=PLANE('',#1659);
#1465=PLANE('',#1660);
#1466=PLANE('',#1661);
#1467=PLANE('',#1662);
#1468=PLANE('',#1675);
#1469=PLANE('',#1676);
#1470=PLANE('',#1677);
#1471=PLANE('',#1681);
#1472=PLANE('',#1685);
#1473=PLANE('',#1689);
#1474=ADVANCED_FACE('',(#1327,#1328,#1329),#1415,.F.);
#1475=ADVANCED_FACE('',(#1330),#1416,.F.);
#1476=ADVANCED_FACE('',(#1331),#1417,.T.);
#1477=ADVANCED_FACE('',(#1332),#1418,.F.);
#1478=ADVANCED_FACE('',(#1333),#1419,.F.);
#1479=ADVANCED_FACE('',(#1334),#1420,.F.);
#1480=ADVANCED_FACE('',(#1335),#1421,.F.);
#1481=ADVANCED_FACE('',(#1336),#1422,.F.);
#1482=ADVANCED_FACE('',(#1337),#1423,.F.);
#1483=ADVANCED_FACE('',(#1338),#1424,.F.);
#1484=ADVANCED_FACE('',(#1339),#1425,.F.);
#1485=ADVANCED_FACE('',(#1340),#1426,.T.);
#1486=ADVANCED_FACE('',(#1341),#1427,.F.);
#1487=ADVANCED_FACE('',(#1342),#66,.T.);
#1488=ADVANCED_FACE('',(#1343),#67,.T.);
#1489=ADVANCED_FACE('',(#1344),#68,.T.);
#1490=ADVANCED_FACE('',(#1345),#69,.F.);
#1491=ADVANCED_FACE('',(#1346),#1428,.F.);
#1492=ADVANCED_FACE('',(#1347),#1429,.F.);
#1493=ADVANCED_FACE('',(#1348),#1430,.F.);
#1494=ADVANCED_FACE('',(#1349),#1431,.T.);
#1495=ADVANCED_FACE('',(#1350),#1432,.T.);
#1496=ADVANCED_FACE('',(#1351),#1433,.F.);
#1497=ADVANCED_FACE('',(#1352),#1434,.F.);
#1498=ADVANCED_FACE('',(#1353),#1435,.T.);
#1499=ADVANCED_FACE('',(#1354),#70,.F.);
#1500=ADVANCED_FACE('',(#1355),#1436,.F.);
#1501=ADVANCED_FACE('',(#1356),#1437,.T.);
#1502=ADVANCED_FACE('',(#1357),#1438,.F.);
#1503=ADVANCED_FACE('',(#1358),#1439,.T.);
#1504=ADVANCED_FACE('',(#1359),#1440,.F.);
#1505=ADVANCED_FACE('',(#1360),#46,.F.);
#1506=ADVANCED_FACE('',(#1361),#47,.F.);
#1507=ADVANCED_FACE('',(#1362),#1441,.T.);
#1508=ADVANCED_FACE('',(#1363),#1442,.F.);
#1509=ADVANCED_FACE('',(#1364),#48,.T.);
#1510=ADVANCED_FACE('',(#1365),#49,.T.);
#1511=ADVANCED_FACE('',(#1366),#1443,.F.);
#1512=ADVANCED_FACE('',(#1367),#1444,.F.);
#1513=ADVANCED_FACE('',(#1368),#50,.T.);
#1514=ADVANCED_FACE('',(#1369),#1445,.F.);
#1515=ADVANCED_FACE('',(#1370),#51,.T.);
#1516=ADVANCED_FACE('',(#1371),#1446,.F.);
#1517=ADVANCED_FACE('',(#1372),#52,.T.);
#1518=ADVANCED_FACE('',(#1373),#1447,.T.);
#1519=ADVANCED_FACE('',(#1374),#53,.T.);
#1520=ADVANCED_FACE('',(#1375),#1448,.T.);
#1521=ADVANCED_FACE('',(#1376),#1449,.T.);
#1522=ADVANCED_FACE('',(#1377),#1450,.F.);
#1523=ADVANCED_FACE('',(#1378),#1451,.F.);
#1524=ADVANCED_FACE('',(#1379),#54,.F.);
#1525=ADVANCED_FACE('',(#1380),#44,.T.);
#1526=ADVANCED_FACE('',(#1381),#1452,.F.);
#1527=ADVANCED_FACE('',(#1382),#1453,.T.);
#1528=ADVANCED_FACE('',(#1383),#1454,.T.);
#1529=ADVANCED_FACE('',(#1384),#1455,.T.);
#1530=ADVANCED_FACE('',(#1385),#1456,.F.);
#1531=ADVANCED_FACE('',(#1386),#1457,.T.);
#1532=ADVANCED_FACE('',(#1387),#45,.T.);
#1533=ADVANCED_FACE('',(#1388),#1458,.F.);
#1534=ADVANCED_FACE('',(#1389),#1459,.F.);
#1535=ADVANCED_FACE('',(#1390),#55,.F.);
#1536=ADVANCED_FACE('',(#1391),#1460,.T.);
#1537=ADVANCED_FACE('',(#1392),#1461,.F.);
#1538=ADVANCED_FACE('',(#1393),#1462,.F.);
#1539=ADVANCED_FACE('',(#1394),#1463,.T.);
#1540=ADVANCED_FACE('',(#1395),#1464,.T.);
#1541=ADVANCED_FACE('',(#1396),#1465,.F.);
#1542=ADVANCED_FACE('',(#1397),#1466,.F.);
#1543=ADVANCED_FACE('',(#1398),#1467,.T.);
#1544=ADVANCED_FACE('',(#1399),#71,.F.);
#1545=ADVANCED_FACE('',(#1400),#72,.F.);
#1546=ADVANCED_FACE('',(#1401),#73,.F.);
#1547=ADVANCED_FACE('',(#1402),#74,.F.);
#1548=ADVANCED_FACE('',(#1403),#1468,.T.);
#1549=ADVANCED_FACE('',(#1404),#1469,.T.);
#1550=ADVANCED_FACE('',(#1405),#1470,.T.);
#1551=ADVANCED_FACE('',(#1406),#1471,.F.);
#1552=ADVANCED_FACE('',(#1407),#1472,.F.);
#1553=ADVANCED_FACE('',(#1408),#1473,.T.);
#1554=ADVANCED_FACE('',(#1409),#75,.T.);
#1555=ADVANCED_FACE('',(#1410),#76,.T.);
#1556=ADVANCED_FACE('',(#1411),#77,.T.);
#1557=ADVANCED_FACE('',(#1412),#78,.T.);
#1558=ADVANCED_FACE('',(#1413),#79,.T.);
#1559=ADVANCED_FACE('',(#1414),#80,.T.);
#1560=CLOSED_SHELL('',(#1474,#1475,#1476,#1477,#1478,#1479,#1480,#1481,
#1482,#1483,#1484,#1485,#1486,#1487,#1488,#1489,#1490,#1491,#1492,#1493,
#1494,#1495,#1496,#1497,#1498,#1499,#1500,#1501,#1502,#1503,#1504,#1505,
#1506,#1507,#1508,#1509,#1510,#1511,#1512,#1513,#1514,#1515,#1516,#1517,
#1518,#1519,#1520,#1521,#1522,#1523,#1524,#1525,#1526,#1527,#1528,#1529,
#1530,#1531,#1532,#1533,#1534,#1535,#1536,#1537,#1538,#1539,#1540,#1541,
#1542,#1543,#1544,#1545,#1546,#1547,#1548,#1549,#1550,#1551,#1552,#1553,
#1554,#1555,#1556,#1557,#1558,#1559));
#1561=STYLED_ITEM('',(#1562),#1569);
#1562=PRESENTATION_STYLE_ASSIGNMENT((#1563));
#1563=SURFACE_STYLE_USAGE(.BOTH.,#1564);
#1564=SURFACE_SIDE_STYLE('',(#1565));
#1565=SURFACE_STYLE_FILL_AREA(#1566);
#1566=FILL_AREA_STYLE('',(#1567));
#1567=FILL_AREA_STYLE_COLOUR('',#1568);
#1568=COLOUR_RGB('',0.200000002980232,0.200000002980232,0.200000002980232);
#1569=MANIFOLD_SOLID_BREP('',#1560);
#1570=SHAPE_DEFINITION_REPRESENTATION(#2621,#1572);
#1571=SHAPE_DEFINITION_REPRESENTATION(#2620,#1573);
#1572=SHAPE_REPRESENTATION('CZ82_magazineExtension_springRetainer_+2',(#1574),
#2614);
#1573=SHAPE_REPRESENTATION('CZ82_Grips',(#1574,#1699),#2613);
#1574=AXIS2_PLACEMENT_3D('',#2122,#1700,#1701);
#1575=AXIS2_PLACEMENT_3D('',#2123,#1702,#1703);
#1576=AXIS2_PLACEMENT_3D('',#2137,#1710,#1711);
#1577=AXIS2_PLACEMENT_3D('',#2141,#1713,#1714);
#1578=AXIS2_PLACEMENT_3D('',#2152,#1720,#1721);
#1579=AXIS2_PLACEMENT_3D('',#2173,#1732,#1733);
#1580=AXIS2_PLACEMENT_3D('',#2179,#1737,#1738);
#1581=AXIS2_PLACEMENT_3D('',#2185,#1742,#1743);
#1582=AXIS2_PLACEMENT_3D('',#2191,#1747,#1748);
#1583=AXIS2_PLACEMENT_3D('',#2208,#1757,#1758);
#1584=AXIS2_PLACEMENT_3D('',#2217,#1763,#1764);
#1585=AXIS2_PLACEMENT_3D('',#2230,#1771,#1772);
#1586=AXIS2_PLACEMENT_3D('',#2243,#1779,#1780);
#1587=AXIS2_PLACEMENT_3D('',#2252,#1785,#1786);
#1588=AXIS2_PLACEMENT_3D('',#2258,#1789,#1790);
#1589=AXIS2_PLACEMENT_3D('',#2262,#1792,#1793);
#1590=AXIS2_PLACEMENT_3D('',#2265,#1795,#1796);
#1591=AXIS2_PLACEMENT_3D('',#2269,#1798,#1799);
#1592=AXIS2_PLACEMENT_3D('',#2275,#1802,#1803);
#1593=AXIS2_PLACEMENT_3D('',#2283,#1807,#1808);
#1594=AXIS2_PLACEMENT_3D('',#2290,#1812,#1813);
#1595=AXIS2_PLACEMENT_3D('',#2294,#1815,#1816);
#1596=AXIS2_PLACEMENT_3D('',#2304,#1821,#1822);
#1597=AXIS2_PLACEMENT_3D('',#2312,#1826,#1827);
#1598=AXIS2_PLACEMENT_3D('',#2315,#1829,#1830);
#1599=AXIS2_PLACEMENT_3D('',#2316,#1831,#1832);
#1600=AXIS2_PLACEMENT_3D('',#2317,#1833,#1834);
#1601=AXIS2_PLACEMENT_3D('',#2318,#1835,#1836);
#1602=AXIS2_PLACEMENT_3D('',#2319,#1837,#1838);
#1603=AXIS2_PLACEMENT_3D('',#2320,#1839,#1840);
#1604=AXIS2_PLACEMENT_3D('',#2321,#1841,#1842);
#1605=AXIS2_PLACEMENT_3D('',#2322,#1843,#1844);
#1606=AXIS2_PLACEMENT_3D('',#2323,#1845,#1846);
#1607=AXIS2_PLACEMENT_3D('',#2324,#1847,#1848);
#1608=AXIS2_PLACEMENT_3D('',#2325,#1849,#1850);
#1609=AXIS2_PLACEMENT_3D('',#2326,#1851,#1852);
#1610=AXIS2_PLACEMENT_3D('',#2327,#1853,#1854);
#1611=AXIS2_PLACEMENT_3D('',#2333,#1858,#1859);
#1612=AXIS2_PLACEMENT_3D('',#2339,#1863,#1864);
#1613=AXIS2_PLACEMENT_3D('',#2354,#1868,#1869);
#1614=AXIS2_PLACEMENT_3D('',#2369,#1873,#1874);
#1615=AXIS2_PLACEMENT_3D('',#2374,#1878,#1879);
#1616=AXIS2_PLACEMENT_3D('',#2379,#1883,#1884);
#1617=AXIS2_PLACEMENT_3D('',#2383,#1887,#1888);
#1618=AXIS2_PLACEMENT_3D('',#2387,#1891,#1892);
#1619=AXIS2_PLACEMENT_3D('',#2388,#1893,#1894);
#1620=AXIS2_PLACEMENT_3D('',#2402,#1896,#1897);
#1621=AXIS2_PLACEMENT_3D('',#2403,#1898,#1899);
#1622=AXIS2_PLACEMENT_3D('',#2406,#1902,#1903);
#1623=AXIS2_PLACEMENT_3D('',#2408,#1905,#1906);
#1624=AXIS2_PLACEMENT_3D('',#2410,#1908,#1909);
#1625=AXIS2_PLACEMENT_3D('',#2412,#1911,#1912);
#1626=AXIS2_PLACEMENT_3D('',#2414,#1914,#1915);
#1627=AXIS2_PLACEMENT_3D('',#2416,#1917,#1918);
#1628=AXIS2_PLACEMENT_3D('',#2418,#1920,#1921);
#1629=AXIS2_PLACEMENT_3D('',#2420,#1923,#1924);
#1630=AXIS2_PLACEMENT_3D('',#2422,#1926,#1927);
#1631=AXIS2_PLACEMENT_3D('',#2424,#1929,#1930);
#1632=AXIS2_PLACEMENT_3D('',#2426,#1932,#1933);
#1633=AXIS2_PLACEMENT_3D('',#2427,#1934,#1935);
#1634=AXIS2_PLACEMENT_3D('',#2429,#1937,#1938);
#1635=AXIS2_PLACEMENT_3D('',#2431,#1940,#1941);
#1636=AXIS2_PLACEMENT_3D('',#2433,#1943,#1944);
#1637=AXIS2_PLACEMENT_3D('',#2435,#1946,#1947);
#1638=AXIS2_PLACEMENT_3D('',#2437,#1949,#1950);
#1639=AXIS2_PLACEMENT_3D('',#2439,#1952,#1953);
#1640=AXIS2_PLACEMENT_3D('',#2441,#1955,#1956);
#1641=AXIS2_PLACEMENT_3D('',#2443,#1958,#1959);
#1642=AXIS2_PLACEMENT_3D('',#2444,#1960,#1961);
#1643=AXIS2_PLACEMENT_3D('',#2447,#1964,#1965);
#1644=AXIS2_PLACEMENT_3D('',#2449,#1967,#1968);
#1645=AXIS2_PLACEMENT_3D('',#2451,#1970,#1971);
#1646=AXIS2_PLACEMENT_3D('',#2469,#1973,#1974);
#1647=AXIS2_PLACEMENT_3D('',#2471,#1976,#1977);
#1648=AXIS2_PLACEMENT_3D('',#2473,#1979,#1980);
#1649=AXIS2_PLACEMENT_3D('',#2475,#1982,#1983);
#1650=AXIS2_PLACEMENT_3D('',#2480,#1984,#1985);
#1651=AXIS2_PLACEMENT_3D('',#2482,#1987,#1988);
#1652=AXIS2_PLACEMENT_3D('',#2496,#1990,#1991);
#1653=AXIS2_PLACEMENT_3D('',#2498,#1993,#1994);
#1654=AXIS2_PLACEMENT_3D('',#2500,#1996,#1997);
#1655=AXIS2_PLACEMENT_3D('',#2502,#1999,#2000);
#1656=AXIS2_PLACEMENT_3D('',#2504,#2002,#2003);
#1657=AXIS2_PLACEMENT_3D('',#2505,#2004,#2005);
#1658=AXIS2_PLACEMENT_3D('',#2514,#2010,#2011);
#1659=AXIS2_PLACEMENT_3D('',#2523,#2016,#2017);
#1660=AXIS2_PLACEMENT_3D('',#2532,#2022,#2023);
#1661=AXIS2_PLACEMENT_3D('',#2541,#2028,#2029);
#1662=AXIS2_PLACEMENT_3D('',#2550,#2034,#2035);
#1663=AXIS2_PLACEMENT_3D('',#2559,#2040,#2041);
#1664=AXIS2_PLACEMENT_3D('',#2560,#2042,#2043);
#1665=AXIS2_PLACEMENT_3D('',#2561,#2044,#2045);
#1666=AXIS2_PLACEMENT_3D('',#2562,#2046,#2047);
#1667=AXIS2_PLACEMENT_3D('',#2563,#2048,#2049);
#1668=AXIS2_PLACEMENT_3D('',#2567,#2051,#2052);
#1669=AXIS2_PLACEMENT_3D('',#2568,#2053,#2054);
#1670=AXIS2_PLACEMENT_3D('',#2569,#2055,#2056);
#1671=AXIS2_PLACEMENT_3D('',#2573,#2058,#2059);
#1672=AXIS2_PLACEMENT_3D('',#2574,#2060,#2061);
#1673=AXIS2_PLACEMENT_3D('',#2575,#2062,#2063);
#1674=AXIS2_PLACEMENT_3D('',#2576,#2064,#2065);
#1675=AXIS2_PLACEMENT_3D('',#2577,#2066,#2067);
#1676=AXIS2_PLACEMENT_3D('',#2583,#2071,#2072);
#1677=AXIS2_PLACEMENT_3D('',#2589,#2076,#2077);
#1678=AXIS2_PLACEMENT_3D('',#2590,#2078,#2079);
#1679=AXIS2_PLACEMENT_3D('',#2591,#2080,#2081);
#1680=AXIS2_PLACEMENT_3D('',#2592,#2082,#2083);
#1681=AXIS2_PLACEMENT_3D('',#2593,#2084,#2085);
#1682=AXIS2_PLACEMENT_3D('',#2594,#2086,#2087);
#1683=AXIS2_PLACEMENT_3D('',#2595,#2088,#2089);
#1684=AXIS2_PLACEMENT_3D('',#2596,#2090,#2091);
#1685=AXIS2_PLACEMENT_3D('',#2597,#2092,#2093);
#1686=AXIS2_PLACEMENT_3D('',#2598,#2094,#2095);
#1687=AXIS2_PLACEMENT_3D('',#2599,#2096,#2097);
#1688=AXIS2_PLACEMENT_3D('',#2600,#2098,#2099);
#1689=AXIS2_PLACEMENT_3D('',#2601,#2100,#2101);
#1690=AXIS2_PLACEMENT_3D('',#2602,#2102,#2103);
#1691=AXIS2_PLACEMENT_3D('',#2603,#2104,#2105);
#1692=AXIS2_PLACEMENT_3D('',#2604,#2106,#2107);
#1693=AXIS2_PLACEMENT_3D('',#2605,#2108,#2109);
#1694=AXIS2_PLACEMENT_3D('',#2606,#2110,#2111);
#1695=AXIS2_PLACEMENT_3D('',#2607,#2112,#2113);
#1696=AXIS2_PLACEMENT_3D('',#2608,#2114,#2115);
#1697=AXIS2_PLACEMENT_3D('',#2609,#2116,#2117);
#1698=AXIS2_PLACEMENT_3D('',#2610,#2118,#2119);
#1699=AXIS2_PLACEMENT_3D('',#2611,#2120,#2121);
#1700=DIRECTION('',(0.,0.,1.));
#1701=DIRECTION('',(1.,0.,0.));
#1702=DIRECTION('',(0.25881904510252,0.,-0.965925826289069));
#1703=DIRECTION('',(-0.965925826289069,0.,-0.25881904510252));
#1704=DIRECTION('',(-0.965925826289069,-2.89120579329468E-16,-0.25881904510252));
#1705=DIRECTION('',(0.,1.,0.));
#1706=DIRECTION('',(-0.965925826289069,1.59637146157952E-15,-0.25881904510252));
#1707=DIRECTION('',(-2.93232486210291E-14,-1.,-7.85714078746174E-15));
#1708=DIRECTION('',(0.,-1.,0.));
#1709=DIRECTION('',(-0.965925826289069,0.,-0.25881904510252));
#1710=DIRECTION('',(0.25881904510252,0.,-0.965925826289069));
#1711=DIRECTION('',(-0.965925826289069,0.,-0.25881904510252));
#1712=DIRECTION('',(0.,-1.,0.));
#1713=DIRECTION('',(0.25881904510252,0.,-0.965925826289069));
#1714=DIRECTION('',(-0.965925826289069,0.,-0.25881904510252));
#1715=DIRECTION('',(0.965925826289069,0.,0.25881904510252));
#1716=DIRECTION('',(0.,1.,0.));
#1717=DIRECTION('',(0.965925826289069,-1.44560289664734E-16,0.25881904510252));
#1718=DIRECTION('',(2.93232486210291E-14,-1.,7.85714078746175E-15));
#1719=DIRECTION('',(-0.965925826289069,1.59637146157952E-15,-0.25881904510252));
#1720=DIRECTION('',(-0.965925826289048,0.,-0.258819045102595));
#1721=DIRECTION('',(-0.258819045102595,0.,0.965925826289048));
#1722=DIRECTION('',(7.93016446090718E-15,-1.,-3.72814944995367E-20));
#1723=DIRECTION('',(0.258819045102595,0.,-0.965925826289048));
#1724=DIRECTION('',(0.,-1.,0.));
#1725=DIRECTION('',(-0.258819045102595,0.,0.965925826289048));
#1726=DIRECTION('',(7.93016446090718E-15,-1.,-3.72814944995367E-20));
#1727=DIRECTION('',(0.258819045102608,0.,-0.965925826289045));
#1728=DIRECTION('',(-0.186156787897441,0.694746590606859,0.694746590606858));
#1729=DIRECTION('',(0.,1.,0.));
#1730=DIRECTION('',(-0.186156787897441,-0.694746590606859,0.694746590606858));
#1731=DIRECTION('',(0.258819045102601,0.,-0.965925826289047));
#1732=DIRECTION('',(0.,-1.,0.));
#1733=DIRECTION('',(0.,0.,-1.));
#1734=DIRECTION('',(1.,0.,-5.5511710690754E-15));
#1735=DIRECTION('',(-0.500000000000017,0.,0.866025403784429));
#1736=DIRECTION('',(-0.999999999292751,0.,3.76098071463991E-5));
#1737=DIRECTION('',(0.,-1.,0.));
#1738=DIRECTION('',(0.,0.,-1.));
#1739=DIRECTION('',(-0.999999999292751,0.,3.76098071463991E-5));
#1740=DIRECTION('',(0.500000000000017,0.,-0.866025403784429));
#1741=DIRECTION('',(-1.,0.,5.5511710690754E-15));
#1742=DIRECTION('',(5.5511710690754E-15,0.,1.));
#1743=DIRECTION('',(1.,0.,-5.5511710690754E-15));
#1744=DIRECTION('',(1.,0.,-5.5511710690754E-15));
#1745=DIRECTION('',(0.,-1.,0.));
#1746=DIRECTION('',(-1.,0.,5.5511710690754E-15));
#1747=DIRECTION('',(-0.866025403784429,0.,-0.500000000000017));
#1748=DIRECTION('',(-0.500000000000017,0.,0.866025403784429));
#1749=DIRECTION('',(0.,-1.,0.));
#1750=DIRECTION('',(0.500000000000017,0.,-0.866025403784429));
#1751=DIRECTION('',(1.64372332449227E-19,1.,-2.84701231160651E-19));
#1752=DIRECTION('',(0.500000000000017,0.,-0.866025403784429));
#1753=DIRECTION('',(0.,1.,0.));
#1754=DIRECTION('',(-0.500000000000017,0.,0.866025403784429));
#1755=DIRECTION('',(1.64372332449227E-19,1.,-2.84701231160651E-19));
#1756=DIRECTION('',(-0.500000000000017,0.,0.866025403784429));
#1757=DIRECTION('',(-3.7609807140848E-5,0.,-0.999999999292751));
#1758=DIRECTION('',(-0.999999999292751,0.,3.7609807140848E-5));
#1759=DIRECTION('',(0.,1.,0.));
#1760=DIRECTION('',(-0.999999999292751,0.,3.7609807140848E-5));
#1761=DIRECTION('',(0.,-1.,0.));
#1762=DIRECTION('',(0.999999999292751,0.,-3.7609807140848E-5));
#1763=DIRECTION('',(0.,0.,-1.));
#1764=DIRECTION('',(-1.,0.,0.));
#1765=DIRECTION('',(1.,0.,0.));
#1766=DIRECTION('',(0.,1.,0.));
#1767=DIRECTION('',(-1.,0.,0.));
#1768=DIRECTION('',(0.590690494568888,0.806898221355062,0.));
#1769=DIRECTION('',(0.,-1.,0.));
#1770=DIRECTION('',(0.590690494568865,-0.806898221355079,0.));
#1771=DIRECTION('',(0.965925826289044,0.,0.258819045102612));
#1772=DIRECTION('',(0.258819045102612,0.,-0.965925826289044));
#1773=DIRECTION('',(0.186156787897453,0.694746590606857,-0.694746590606857));
#1774=DIRECTION('',(0.258819045102612,0.,-0.965925826289044));
#1775=DIRECTION('',(0.,-1.,0.));
#1776=DIRECTION('',(-0.258819045102612,0.,0.965925826289044));
#1777=DIRECTION('',(-0.186156787897453,0.694746590606857,0.694746590606857));
#1778=DIRECTION('',(0.,1.,0.));
#1779=DIRECTION('',(0.965925826289067,0.,0.258819045102525));
#1780=DIRECTION('',(0.258819045102525,0.,-0.965925826289067));
#1781=DIRECTION('',(0.258819045102525,0.,-0.965925826289067));
#1782=DIRECTION('',(0.,1.,0.));
#1783=DIRECTION('',(0.258819045102525,0.,-0.965925826289067));
#1784=DIRECTION('',(0.,-1.,0.));
#1785=DIRECTION('',(-0.258819045102519,0.,0.965925826289069));
#1786=DIRECTION('',(0.965925826289069,0.,0.258819045102519));
#1787=DIRECTION('',(0.,-1.,0.));
#1788=DIRECTION('',(-0.965925826289069,0.,-0.258819045102519));
#1789=DIRECTION('',(-0.258819045102519,0.,0.965925826289069));
#1790=DIRECTION('',(0.965925826289069,0.,0.258819045102519));
#1791=DIRECTION('',(0.,1.,0.));
#1792=DIRECTION('',(-0.258819045102519,0.,0.965925826289069));
#1793=DIRECTION('',(0.965925826289069,0.,0.258819045102519));
#1794=DIRECTION('',(0.965925826289069,0.,0.258819045102519));
#1795=DIRECTION('',(0.,-1.,0.));
#1796=DIRECTION('',(0.,0.,-1.));
#1797=DIRECTION('',(-0.999999999292751,0.,3.7609807140848E-5));
#1798=DIRECTION('',(0.,-1.,0.));
#1799=DIRECTION('',(0.,0.,-1.));
#1800=DIRECTION('',(-1.,0.,0.));
#1801=DIRECTION('',(0.258819045102612,0.,-0.965925826289044));
#1802=DIRECTION('',(0.,-1.,0.));
#1803=DIRECTION('',(0.,0.,-1.));
#1804=DIRECTION('',(-0.965925826289069,0.,-0.25881904510252));
#1805=DIRECTION('',(0.258819045102525,0.,-0.965925826289067));
#1806=DIRECTION('',(0.965925826289069,0.,0.258819045102519));
#1807=DIRECTION('',(0.,-1.,0.));
#1808=DIRECTION('',(0.,0.,-1.));
#1809=DIRECTION('',(-0.258819045102595,0.,0.965925826289048));
#1810=DIRECTION('',(0.999999999292751,0.,-3.76098071463991E-5));
#1811=DIRECTION('',(-0.500000000000017,0.,0.866025403784429));
#1812=DIRECTION('',(0.,-1.,0.));
#1813=DIRECTION('',(0.,0.,-1.));
#1814=DIRECTION('',(1.,0.,0.));
#1815=DIRECTION('',(0.,-1.,0.));
#1816=DIRECTION('',(0.,0.,-1.));
#1817=DIRECTION('',(0.999999999292751,0.,-3.7609807140848E-5));
#1818=DIRECTION('',(0.500000000000017,0.,-0.866025403784429));
#1819=DIRECTION('',(-0.999999999292751,0.,3.76098071463991E-5));
#1820=DIRECTION('',(0.258819045102595,0.,-0.965925826289048));
#1821=DIRECTION('',(0.,-1.,0.));
#1822=DIRECTION('',(0.,0.,-1.));
#1823=DIRECTION('',(-0.965925826289069,0.,-0.258819045102519));
#1824=DIRECTION('',(0.258819045102525,0.,-0.965925826289067));
#1825=DIRECTION('',(0.965925826289069,0.,0.25881904510252));
#1826=DIRECTION('',(0.,-1.,0.));
#1827=DIRECTION('',(0.,0.,-1.));
#1828=DIRECTION('',(-0.258819045102612,0.,0.965925826289044));
#1829=DIRECTION('',(0.258819045102525,0.,-0.965925826289067));
#1830=DIRECTION('',(-0.965925826289067,0.,-0.258819045102525));
#1831=DIRECTION('',(0.258819045102537,0.,-0.965925826289064));
#1832=DIRECTION('',(-0.965925826289064,0.,-0.258819045102537));
#1833=DIRECTION('',(-0.258819045102551,0.,0.96592582628906));
#1834=DIRECTION('',(0.96592582628906,0.,0.258819045102551));
#1835=DIRECTION('',(-0.258819045102525,0.,0.965925826289067));
#1836=DIRECTION('',(0.965925826289067,0.,0.258819045102525));
#1837=DIRECTION('',(0.258819045102551,0.,-0.96592582628906));
#1838=DIRECTION('',(-0.96592582628906,0.,-0.258819045102551));
#1839=DIRECTION('',(-0.258819045102513,0.,0.96592582628907));
#1840=DIRECTION('',(0.965925826289071,0.,0.258819045102513));
#1841=DIRECTION('',(0.,-1.,0.));
#1842=DIRECTION('',(0.,0.,-1.));
#1843=DIRECTION('',(0.,-1.,0.));
#1844=DIRECTION('',(0.,0.,-1.));
#1845=DIRECTION('',(0.,-1.,0.));
#1846=DIRECTION('',(0.,0.,-1.));
#1847=DIRECTION('',(0.,1.,0.));
#1848=DIRECTION('',(0.,0.,1.));
#1849=DIRECTION('',(0.,-1.,0.));
#1850=DIRECTION('',(0.,0.,-1.));
#1851=DIRECTION('',(0.,-1.,0.));
#1852=DIRECTION('',(0.,0.,-1.));
#1853=DIRECTION('',(3.76098071463991E-5,2.84695048947573E-19,0.999999999292751));
#1854=DIRECTION('',(0.999999999292751,0.,-3.76098071463991E-5));
#1855=DIRECTION('',(0.999999999292751,0.,-3.76098071463991E-5));
#1856=DIRECTION('',(-1.64372332449227E-19,-1.,2.84701231160651E-19));
#1857=DIRECTION('',(0.755935980419985,-0.654645547375201,-2.8430606458727E-5));
#1858=DIRECTION('',(3.76098071463991E-5,2.84695048947573E-19,0.999999999292751));
#1859=DIRECTION('',(0.999999999292751,0.,-3.76098071463991E-5));
#1860=DIRECTION('',(0.755935980419985,0.654645547375201,-2.84306064587273E-5));
#1861=DIRECTION('',(-1.64372332449227E-19,-1.,2.84701231160651E-19));
#1862=DIRECTION('',(-0.999999999292751,0.,3.76098071463991E-5));
#1863=DIRECTION('',(0.,-0.707106781186547,-0.707106781186547));
#1864=DIRECTION('',(-1.,0.,0.));
#1865=DIRECTION('',(-0.677661479394378,-0.519987941852993,0.519987941852993));
#1866=DIRECTION('',(0.186156787897453,0.694746590606857,-0.694746590606857));
#1867=DIRECTION('',(-0.807505891089292,-0.417093656063052,0.417093656063052));
#1868=DIRECTION('',(0.,-0.707106781186547,0.707106781186547));
#1869=DIRECTION('',(1.,0.,0.));
#1870=DIRECTION('',(-0.807505891089292,0.417093656063052,0.417093656063052));
#1871=DIRECTION('',(0.186156787897453,-0.694746590606857,-0.694746590606857));
#1872=DIRECTION('',(0.677661479394378,-0.519987941852993,-0.519987941852993));
#1873=DIRECTION('',(-2.65941496723371E-5,-0.707106781186546,-0.707106780686448));
#1874=DIRECTION('',(0.999999999292751,0.,-3.76098071463991E-5));
#1875=DIRECTION('',(-0.377975024944323,0.654657732090903,-0.654643516986103));
#1876=DIRECTION('',(-0.774593305120858,-0.447201942350282,0.447231074971407));
#1877=DIRECTION('',(0.677656191359874,0.51997864397913,-0.520004130865569));
#1878=DIRECTION('',(2.65941496723375E-5,-0.707106781186537,0.707106780686458));
#1879=DIRECTION('',(0.999999999292751,0.,-3.76098071463991E-5));
#1880=DIRECTION('',(0.774593305120859,-0.447201942350287,-0.4472310749714));
#1881=DIRECTION('',(-0.377975024944318,-0.654657732090914,-0.654643516986095));
#1882=DIRECTION('',(-0.677656191359877,0.519978643979135,0.52000413086556));
#1883=DIRECTION('',(3.9252707064698E-15,-0.707106781186546,0.707106781186549));
#1884=DIRECTION('',(1.,0.,-5.5511710690754E-15));
#1885=DIRECTION('',(0.774596669241479,-0.44721359549996,-0.447213595499963));
#1886=DIRECTION('',(-0.377964473009189,-0.65465367070799,-0.654653670707986));
#1887=DIRECTION('',(-3.9252707064698E-15,-0.707106781186546,-0.707106781186549));
#1888=DIRECTION('',(-1.,0.,5.5511710690754E-15));
#1889=DIRECTION('',(-0.377964473009189,0.65465367070799,-0.654653670707986));
#1890=DIRECTION('',(-0.774596669241479,-0.44721359549996,0.447213595499963));
#1891=DIRECTION('',(0.,-1.,0.));
#1892=DIRECTION('',(0.,0.,-1.));
#1893=DIRECTION('',(0.,-1.,0.));
#1894=DIRECTION('',(0.,0.,-1.));
#1895=DIRECTION('',(0.,-1.,0.));
#1896=DIRECTION('',(0.,-1.,0.));
#1897=DIRECTION('',(0.,0.,-1.));
#1898=DIRECTION('',(0.793353340291262,0.,-0.608761429008685));
#1899=DIRECTION('',(0.,1.,0.));
#1900=DIRECTION('',(-0.57833474642607,-0.312192975503505,-0.753700515538209));
#1901=DIRECTION('',(0.578334746426058,-0.312192975503565,0.753700515538193));
#1902=DIRECTION('',(-0.755650767896363,-0.553174754878564,0.3506987418607));
#1903=DIRECTION('',(0.186156787897453,-0.694746590606857,-0.694746590606857));
#1904=DIRECTION('',(-0.649382120450734,0.702575525008982,-0.29101631105019));
#1905=DIRECTION('',(0.75565076789634,-0.553174754878581,-0.350698741860723));
#1906=DIRECTION('',(0.186156787897453,0.694746590606857,-0.694746590606857));
#1907=DIRECTION('',(-0.649382120450755,-0.702575525008987,-0.291016311050131));
#1908=DIRECTION('',(-0.683012701892193,-0.707106781186557,-0.183012701892281));
#1909=DIRECTION('',(-0.258819045102612,0.,0.965925826289044));
#1910=DIRECTION('',(-0.683012701892196,0.707106781186553,-0.183012701892286));
#1911=DIRECTION('',(0.683012701892193,-0.707106781186557,0.183012701892281));
#1912=DIRECTION('',(0.258819045102612,0.,-0.965925826289044));
#1913=DIRECTION('',(0.68301270189221,0.707106781186536,0.183012701892299));
#1914=DIRECTION('',(0.,-1.,0.));
#1915=DIRECTION('',(0.,0.,-1.));
#1916=DIRECTION('',(-0.183012701892204,0.707106781186549,0.683012701892222));
#1917=DIRECTION('',(0.,1.,0.));
#1918=DIRECTION('',(0.,0.,1.));
#1919=DIRECTION('',(0.183012701892204,0.707106781186549,-0.683012701892222));
#1920=DIRECTION('',(-0.18301270189222,-0.707106781186543,0.683012701892224));
#1921=DIRECTION('',(0.965925826289069,0.,0.25881904510252));
#1922=DIRECTION('',(-0.183012701892206,0.707106781186541,0.683012701892229));
#1923=DIRECTION('',(0.18301270189222,-0.707106781186543,-0.683012701892224));
#1924=DIRECTION('',(-0.965925826289069,0.,-0.25881904510252));
#1925=DIRECTION('',(0.183012701892246,0.707106781186564,-0.683012701892195));
#1926=DIRECTION('',(0.258819045102551,0.,-0.96592582628906));
#1927=DIRECTION('',(-0.96592582628906,0.,-0.258819045102551));
#1928=DIRECTION('',(0.499999999999817,0.,0.866025403784545));
#1929=DIRECTION('',(0.258819045102537,0.,-0.965925826289064));
#1930=DIRECTION('',(-0.965925826289064,0.,-0.258819045102537));
#1931=DIRECTION('',(-0.499999999999947,0.,-0.866025403784469));
#1932=DIRECTION('',(0.866025403784437,0.,-0.500000000000002));
#1933=DIRECTION('',(0.,1.,0.));
#1934=DIRECTION('',(-0.683012701892196,-0.707106781186557,-0.18301270189227));
#1935=DIRECTION('',(-0.258819045102595,0.,0.965925826289048));
#1936=DIRECTION('',(0.683012701892212,-0.707106781186539,0.18301270189228));
#1937=DIRECTION('',(0.,-1.,0.));
#1938=DIRECTION('',(0.,0.,-1.));
#1939=DIRECTION('',(0.183012701892201,-0.707106781186539,-0.683012701892233));
#1940=DIRECTION('',(-0.18301270189222,-0.707106781186538,0.683012701892229));
#1941=DIRECTION('',(0.965925826289069,0.,0.258819045102519));
#1942=DIRECTION('',(0.183012701892204,-0.707106781186549,-0.683012701892222));
#1943=DIRECTION('',(-0.258819045102551,0.,0.96592582628906));
#1944=DIRECTION('',(0.96592582628906,0.,0.258819045102551));
#1945=DIRECTION('',(0.866025403784544,0.,-0.499999999999818));
#1946=DIRECTION('',(0.49999999999999,0.,0.866025403784444));
#1947=DIRECTION('',(0.,1.,0.));
#1948=DIRECTION('',(0.866025403784444,0.,-0.49999999999999));
#1949=DIRECTION('',(-0.258819045102513,0.,0.96592582628907));
#1950=DIRECTION('',(0.965925826289071,0.,0.258819045102513));
#1951=DIRECTION('',(0.18301270189219,0.707106781186603,-0.68301270189217));
#1952=DIRECTION('',(0.18301270189222,-0.707106781186538,-0.683012701892229));
#1953=DIRECTION('',(-0.965925826289069,0.,-0.258819045102519));
#1954=DIRECTION('',(0.183012701892206,0.707106781186559,-0.68301270189221));
#1955=DIRECTION('',(0.,1.,0.));
#1956=DIRECTION('',(0.,0.,1.));
#1957=DIRECTION('',(0.683012701892212,0.707106781186539,0.18301270189228));
#1958=DIRECTION('',(0.683012701892196,-0.707106781186557,0.18301270189227));
#1959=DIRECTION('',(0.258819045102595,0.,-0.965925826289048));
#1960=DIRECTION('',(0.612372435695804,-0.707106781186528,0.353553390593295));
#1961=DIRECTION('',(0.500000000000017,0.,-0.866025403784429));
#1962=DIRECTION('',(0.377964473009189,0.654653670707991,0.654653670707986));
#1963=DIRECTION('',(0.377975024944315,0.654657732090921,0.654643516986089));
#1964=DIRECTION('',(-0.866025403784464,0.,0.499999999999957));
#1965=DIRECTION('',(0.,1.,0.));
#1966=DIRECTION('',(-0.377964473009189,0.654653670707991,-0.654653670707986));
#1967=DIRECTION('',(-0.866016001179533,2.84704322116179E-19,0.500016285435796));
#1968=DIRECTION('',(-1.64372332449227E-19,-1.,2.84701231160651E-19));
#1969=DIRECTION('',(0.377975024944328,0.654657732090891,0.654643516986112));
#1970=DIRECTION('',(0.,-1.,0.));
#1971=DIRECTION('',(0.,0.,-1.));
#1972=DIRECTION('',(-2.65941496808356E-5,-0.707106781203776,-0.707106780669219));
#1973=DIRECTION('',(-0.612372435695804,-0.707106781186528,-0.353553390593295));
#1974=DIRECTION('',(-0.500000000000017,0.,0.866025403784429));
#1975=DIRECTION('',(0.377975024944315,-0.654657732090921,0.654643516986089));
#1976=DIRECTION('',(0.612372435695779,-0.707106781186557,0.353553390593281));
#1977=DIRECTION('',(-0.500000000000017,0.,0.866025403784429));
#1978=DIRECTION('',(0.729907535363013,0.67749464853544,0.0907523609948123));
#1979=DIRECTION('',(2.6594149668412E-5,-0.707106781186543,0.707106780686451));
#1980=DIRECTION('',(0.999999999292751,0.,-3.7609807140848E-5));
#1981=DIRECTION('',(0.286334436960997,-0.677494648535453,-0.677505417997562));
#1982=DIRECTION('',(0.458917814284193,0.,0.888478722160874));
#1983=DIRECTION('',(0.,-1.,0.));
#1984=DIRECTION('',(-0.866016001179533,2.84704322116179E-19,0.500016285435796));
#1985=DIRECTION('',(-1.64372332449227E-19,-1.,2.84701231160651E-19));
#1986=DIRECTION('',(-0.377975024944328,0.654657732090891,-0.654643516986112));
#1987=DIRECTION('',(0.418333934856999,-0.547752200940907,0.724544163810221));
#1988=DIRECTION('',(0.,-0.797698456827298,-0.603056524693455));
#1989=DIRECTION('',(0.866016001179542,3.11389439897688E-15,-0.50001628543578));
#1990=DIRECTION('',(-0.612372435695779,-0.707106781186557,-0.353553390593281));
#1991=DIRECTION('',(0.500000000000017,0.,-0.866025403784429));
#1992=DIRECTION('',(0.729907535363022,-0.677494648535434,0.090752360994786));
#1993=DIRECTION('',(-0.50001628543578,0.,-0.866016001179542));
#1994=DIRECTION('',(0.,1.,0.));
#1995=DIRECTION('',(-0.866016001179542,1.1883669951944E-15,0.50001628543578));
#1996=DIRECTION('',(0.,1.,0.));
#1997=DIRECTION('',(0.,0.,1.));
#1998=DIRECTION('',(2.65941496806939E-5,-0.707106781200008,0.707106780672987));
#1999=DIRECTION('',(0.418333934857003,0.547752200940894,0.724544163810229));
#2000=DIRECTION('',(0.,-0.797698456827308,0.603056524693442));
#2001=DIRECTION('',(0.286334436961026,0.677494648535447,-0.677505417997556));
#2002=DIRECTION('',(-2.6594149668412E-5,-0.707106781186543,-0.707106780686451));
#2003=DIRECTION('',(0.999999999292751,0.,-3.7609807140848E-5));
#2004=DIRECTION('',(2.79269034485991E-16,-1.,7.48299122615404E-17));
#2005=DIRECTION('',(1.,2.79269034485991E-16,0.));
#2006=DIRECTION('',(-0.866025403784438,-2.0443912222445E-16,0.500000000000001));
#2007=DIRECTION('',(0.965925826289069,2.89120579329468E-16,0.25881904510252));
#2008=DIRECTION('',(-0.499999999999998,-2.04439122224449E-16,-0.86602540378444));
#2009=DIRECTION('',(-0.965925826289069,-2.89120579329468E-16,-0.25881904510252));
#2010=DIRECTION('',(-0.25881904510252,0.,0.965925826289069));
#2011=DIRECTION('',(0.965925826289069,0.,0.25881904510252));
#2012=DIRECTION('',(2.93232486210291E-14,1.,7.85714078746175E-15));
#2013=DIRECTION('',(-0.965925826289069,-2.89120579329468E-16,-0.25881904510252));
#2014=DIRECTION('',(-2.07776161657577E-14,-1.,-5.56734547225861E-15));
#2015=DIRECTION('',(0.965925826289069,3.27896279544569E-16,0.25881904510252));
#2016=DIRECTION('',(1.39634517242995E-16,-1.,3.741495613077E-17));
#2017=DIRECTION('',(1.,1.39634517242995E-16,0.));
#2018=DIRECTION('',(-0.86602540378444,-1.02219561112225E-16,0.499999999999997));
#2019=DIRECTION('',(-0.965925826289069,-1.44560289664733E-16,-0.25881904510252));
#2020=DIRECTION('',(-0.499999999999995,-1.02219561112224E-16,-0.866025403784441));
#2021=DIRECTION('',(-0.965925826289069,-1.44560289664733E-16,-0.25881904510252));
#2022=DIRECTION('',(0.25881904510252,0.,-0.965925826289069));
#2023=DIRECTION('',(-0.965925826289069,0.,-0.25881904510252));
#2024=DIRECTION('',(0.,1.,0.));
#2025=DIRECTION('',(-0.965925826289069,-1.44560289664733E-16,-0.25881904510252));
#2026=DIRECTION('',(2.93232486210291E-14,-1.,7.85714078746175E-15));
#2027=DIRECTION('',(-0.965925826289069,1.15375882444934E-16,-0.25881904510252));
#2028=DIRECTION('',(2.86224414400329E-16,1.,5.09970163545327E-15));
#2029=DIRECTION('',(0.,-5.09970163545327E-15,1.));
#2030=DIRECTION('',(-0.965925826289069,1.59637146157952E-15,-0.25881904510252));
#2031=DIRECTION('',(-0.86602540378444,-2.30197320367261E-15,0.499999999999997));
#2032=DIRECTION('',(-0.965925826289069,1.59637146157952E-15,-0.25881904510252));
#2033=DIRECTION('',(-0.499999999999995,4.55958337522376E-15,-0.866025403784441));
#2034=DIRECTION('',(-9.19341972936119E-30,1.,6.16790569236198E-15));
#2035=DIRECTION('',(0.,-6.16790569236198E-15,1.));
#2036=DIRECTION('',(-0.965925826289069,1.59637146157952E-15,-0.25881904510252));
#2037=DIRECTION('',(-0.866025403784438,-3.083952846181E-15,0.500000000000001));
#2038=DIRECTION('',(-0.965925826289069,1.59637146157952E-15,-0.25881904510252));
#2039=DIRECTION('',(-0.499999999999998,5.34156301773213E-15,-0.86602540378444));
#2040=DIRECTION('',(0.965925826289069,-1.59637146157952E-15,0.25881904510252));
#2041=DIRECTION('',(0.25881904510252,0.,-0.965925826289069));
#2042=DIRECTION('',(-0.499999999999997,-2.14661078335672E-14,-0.86602540378444));
#2043=DIRECTION('',(0.86602540378444,-2.37237180051182E-14,-0.499999999999997));
#2044=DIRECTION('',(0.866025403784441,0.,-0.499999999999995));
#2045=DIRECTION('',(0.499999999999995,-2.25761017155113E-15,0.866025403784441));
#2046=DIRECTION('',(0.965925826289069,-1.59637146157952E-15,0.25881904510252));
#2047=DIRECTION('',(0.25881904510252,0.,-0.965925826289069));
#2048=DIRECTION('',(-0.499999999999997,-2.14661078335672E-14,-0.86602540378444));
#2049=DIRECTION('',(0.86602540378444,-2.37237180051182E-14,-0.499999999999997));
#2050=DIRECTION('',(0.965925826289069,-1.59637146157952E-15,0.25881904510252));
#2051=DIRECTION('',(0.866025403784441,0.,-0.499999999999995));
#2052=DIRECTION('',(0.499999999999995,-2.25761017155113E-15,0.866025403784441));
#2053=DIRECTION('',(0.965925826289069,-1.59637146157952E-15,0.25881904510252));
#2054=DIRECTION('',(0.25881904510252,0.,-0.965925826289069));
#2055=DIRECTION('',(-0.86602540378444,0.,0.499999999999998));
#2056=DIRECTION('',(0.499999999999998,-2.25761017155112E-15,0.86602540378444));
#2057=DIRECTION('',(0.965925826289069,-1.59637146157952E-15,0.25881904510252));
#2058=DIRECTION('',(0.500000000000001,-2.14661078335673E-14,0.866025403784438));
#2059=DIRECTION('',(0.866025403784438,1.92084976620162E-14,-0.500000000000001));
#2060=DIRECTION('',(-0.965925826289069,1.59637146157952E-15,-0.25881904510252));
#2061=DIRECTION('',(-0.25881904510252,0.,0.965925826289069));
#2062=DIRECTION('',(0.500000000000001,-2.14661078335673E-14,0.866025403784438));
#2063=DIRECTION('',(-0.866025403784438,-1.92084976620162E-14,0.500000000000001));
#2064=DIRECTION('',(-0.86602540378444,0.,0.499999999999998));
#2065=DIRECTION('',(-0.499999999999998,2.25761017155112E-15,-0.86602540378444));
#2066=DIRECTION('',(-0.183012701892218,0.707106781186549,0.683012701892218));
#2067=DIRECTION('',(0.,-0.694746590606865,0.719254596676405));
#2068=DIRECTION('',(0.408248290463862,-0.577350269189617,0.707106781186555));
#2069=DIRECTION('',(-0.965925826289069,1.11022302462516E-16,-0.25881904510252));
#2070=DIRECTION('',(0.707106781186547,0.577350269189619,-0.408248290463874));
#2071=DIRECTION('',(-0.183012701892218,-0.707106781186549,0.683012701892218));
#2072=DIRECTION('',(0.,-0.694746590606864,-0.719254596676405));
#2073=DIRECTION('',(-0.707106781186544,0.57735026918962,0.408248290463876));
#2074=DIRECTION('',(0.965925826289069,3.46944695195361E-16,0.25881904510252));
#2075=DIRECTION('',(-0.408248290463864,-0.577350269189616,-0.707106781186555));
#2076=DIRECTION('',(-0.86602540378444,0.,0.499999999999998));
#2077=DIRECTION('',(0.,1.,0.));
#2078=DIRECTION('',(-0.86602540378444,0.,0.499999999999998));
#2079=DIRECTION('',(0.499999999999998,-2.25761017155112E-15,0.86602540378444));
#2080=DIRECTION('',(-0.86602540378444,0.,0.499999999999998));
#2081=DIRECTION('',(0.499999999999998,4.6371536558361E-16,0.86602540378444));
#2082=DIRECTION('',(-0.86602540378444,0.,0.499999999999998));
#2083=DIRECTION('',(0.499999999999998,4.08878244448902E-16,0.86602540378444));
#2084=DIRECTION('',(0.866025403784441,0.,-0.499999999999995));
#2085=DIRECTION('',(0.,1.,0.));
#2086=DIRECTION('',(0.866025403784441,0.,-0.499999999999995));
#2087=DIRECTION('',(0.499999999999995,2.04439122224451E-16,0.866025403784441));
#2088=DIRECTION('',(0.866025403784441,0.,-0.499999999999995));
#2089=DIRECTION('',(0.499999999999995,-1.6316613772439E-16,0.866025403784441));
#2090=DIRECTION('',(0.866025403784441,0.,-0.499999999999995));
#2091=DIRECTION('',(0.499999999999995,-2.25761017155113E-15,0.866025403784441));
#2092=DIRECTION('',(-0.499999999999997,-2.14661078335672E-14,-0.86602540378444));
#2093=DIRECTION('',(2.93232486210291E-14,-1.,7.85714078746176E-15));
#2094=DIRECTION('',(-0.499999999999997,-2.14661078335672E-14,-0.86602540378444));
#2095=DIRECTION('',(0.86602540378444,-2.12616687113426E-14,-0.499999999999997));
#2096=DIRECTION('',(-0.499999999999997,-2.14661078335672E-14,-0.86602540378444));
#2097=DIRECTION('',(0.86602540378444,-2.37237180051182E-14,-0.499999999999997));
#2098=DIRECTION('',(-0.499999999999997,-2.14661078335672E-14,-0.86602540378444));
#2099=DIRECTION('',(0.86602540378444,-2.16292739712915E-14,-0.499999999999997));
#2100=DIRECTION('',(0.500000000000001,-2.14661078335673E-14,0.866025403784438));
#2101=DIRECTION('',(-2.93232486210291E-14,-1.,-7.85714078746175E-15));
#2102=DIRECTION('',(0.500000000000001,-2.14661078335673E-14,0.866025403784438));
#2103=DIRECTION('',(0.866025403784438,1.92084976620162E-14,-0.500000000000001));
#2104=DIRECTION('',(0.500000000000001,-2.14661078335673E-14,0.866025403784438));
#2105=DIRECTION('',(0.866025403784438,2.18749860780162E-14,-0.500000000000001));
#2106=DIRECTION('',(0.500000000000001,-2.14661078335673E-14,0.866025403784438));
#2107=DIRECTION('',(0.866025403784438,2.19298231991509E-14,-0.500000000000001));
#2108=DIRECTION('',(0.965925826289068,-1.15375882444934E-16,0.25881904510252));
#2109=DIRECTION('',(0.25881904510252,0.,-0.965925826289069));
#2110=DIRECTION('',(0.965925826289069,3.27896279544569E-16,0.25881904510252));
#2111=DIRECTION('',(0.25881904510252,0.,-0.965925826289069));
#2112=DIRECTION('',(0.965925826289069,-1.59637146157952E-15,0.25881904510252));
#2113=DIRECTION('',(0.25881904510252,0.,-0.965925826289069));
#2114=DIRECTION('',(0.965925826289069,2.89120579329468E-16,0.25881904510252));
#2115=DIRECTION('',(0.25881904510252,0.,-0.965925826289069));
#2116=DIRECTION('',(0.965925826289069,-1.59637146157952E-15,0.25881904510252));
#2117=DIRECTION('',(0.25881904510252,0.,-0.965925826289069));
#2118=DIRECTION('',(0.965925826289069,1.44560289664733E-16,0.25881904510252));
#2119=DIRECTION('',(0.25881904510252,0.,-0.965925826289069));
#2120=DIRECTION('',(0.,0.,1.));
#2121=DIRECTION('',(1.,0.,0.));
#2122=CARTESIAN_POINT('',(0.,0.,0.));
#2123=CARTESIAN_POINT('',(160.823267768058,-9.,-119.781186389882));
#2124=CARTESIAN_POINT('',(145.135201371952,-7.75,-123.984791111525));
#2125=CARTESIAN_POINT('',(152.621126525692,-7.75,-121.97894351198));
#2126=CARTESIAN_POINT('',(143.444831175946,-7.75,-124.437724440454));
#2127=CARTESIAN_POINT('',(143.444831175946,-5.38749999999998,-124.437724440454));
#2128=CARTESIAN_POINT('',(143.444831175946,-5.38749999999998,-124.437724440454));
#2129=CARTESIAN_POINT('',(160.823267768058,-5.38750000000001,-119.781186389882));
#2130=CARTESIAN_POINT('',(152.621126525692,-5.3875,-121.97894351198));
#2131=CARTESIAN_POINT('',(152.621126525692,-7.75000000000005,-121.97894351198));
#2132=CARTESIAN_POINT('',(159.615860485196,-9.,-120.10471019626));
#2133=CARTESIAN_POINT('',(159.615860485196,-8.50000000000001,-120.10471019626));
#2134=CARTESIAN_POINT('',(159.615860485196,8.5,-120.10471019626));
#2135=CARTESIAN_POINT('',(160.823267768058,8.5,-119.781186389882));
#2136=CARTESIAN_POINT('',(140.796763434743,8.49999999999991,-125.147272053212));
#2137=CARTESIAN_POINT('',(140.796763434743,3.00000000000001,-125.147272053212));
#2138=CARTESIAN_POINT('',(135.484171390154,3.00000000000001,-126.570776801276));
#2139=CARTESIAN_POINT('',(135.484171390154,-9.,-126.570776801276));
#2140=CARTESIAN_POINT('',(135.484171390153,-3.00000000000001,-126.570776801276));
#2141=CARTESIAN_POINT('',(140.796763434743,-3.00000000000001,-125.147272053212));
#2142=CARTESIAN_POINT('',(140.796763434743,-8.50000000000003,-125.147272053212));
#2143=CARTESIAN_POINT('',(159.615860485196,-8.50000000000001,-120.10471019626));
#2144=CARTESIAN_POINT('',(143.444831175946,-9.,-124.437724440454));
#2145=CARTESIAN_POINT('',(143.444831175946,5.3875,-124.437724440454));
#2146=CARTESIAN_POINT('',(143.444831175946,7.75,-124.437724440454));
#2147=CARTESIAN_POINT('',(160.823267768058,7.75,-119.781186389882));
#2148=CARTESIAN_POINT('',(152.621126525692,7.75,-121.97894351198));
#2149=CARTESIAN_POINT('',(152.621126525693,-9.00000000000026,-121.97894351198));
#2150=CARTESIAN_POINT('',(152.621126525692,5.38749999999999,-121.97894351198));
#2151=CARTESIAN_POINT('',(145.135201371952,5.3875,-123.984791111525));
#2152=CARTESIAN_POINT('',(159.938050462831,-9.,-108.750103820729));
#2153=CARTESIAN_POINT('',(160.390983791761,-2.,-110.440474016734));
#2154=CARTESIAN_POINT('',(160.390983791761,-8.5,-110.440474016734));
#2155=CARTESIAN_POINT('',(160.390983791761,-2.,-110.440474016734));
#2156=CARTESIAN_POINT('',(162.431595614257,-8.49999999999999,-118.056141016816));
#2157=CARTESIAN_POINT('',(162.431595614257,-8.5,-118.056141016816));
#2158=CARTESIAN_POINT('',(162.431595614257,-9.,-118.056141016816));
#2159=CARTESIAN_POINT('',(162.431595614257,8.5,-118.056141016816));
#2160=CARTESIAN_POINT('',(159.938050462831,8.5,-108.750103820729));
#2161=CARTESIAN_POINT('',(160.390983791761,8.5,-110.440474016734));
#2162=CARTESIAN_POINT('',(160.390983791761,-2.,-110.440474016734));
#2163=CARTESIAN_POINT('',(160.390983791761,2.,-110.440474016734));
#2164=CARTESIAN_POINT('',(159.938050462831,2.,-108.750103820729));
#2165=CARTESIAN_POINT('',(160.857637535477,2.,-112.182049497825));
#2166=CARTESIAN_POINT('',(161.804559883976,-1.53396231542149,-115.716011813246));
#2167=CARTESIAN_POINT('',(160.991612131692,1.5,-112.682049497825));
#2168=CARTESIAN_POINT('',(160.991612131692,-9.,-112.682049497825));
#2169=CARTESIAN_POINT('',(160.991612131692,-1.5,-112.682049497825));
#2170=CARTESIAN_POINT('',(159.476587597195,-7.1541485374559,-107.027900960369));
#2171=CARTESIAN_POINT('',(160.857637535477,-2.,-112.182049497825));
#2172=CARTESIAN_POINT('',(159.938050462831,-2.,-108.750103820729));
#2173=CARTESIAN_POINT('',(0.,-2.,0.));
#2174=CARTESIAN_POINT('',(163.49158693613,-2.,-112.182049497825));
#2175=CARTESIAN_POINT('',(163.842080667308,-2.,-112.182049497825));
#2176=CARTESIAN_POINT('',(162.980984803602,-2.,-110.690587711697));
#2177=CARTESIAN_POINT('',(162.83663469943,-2.,-110.440565997193));
#2178=CARTESIAN_POINT('',(-0.00415341805332802,-2.,-110.434441586552));
#2179=CARTESIAN_POINT('',(0.,2.,0.));
#2180=CARTESIAN_POINT('',(-0.00415341805332802,2.,-110.434441586552));
#2181=CARTESIAN_POINT('',(162.83663469943,2.,-110.440565997193));
#2182=CARTESIAN_POINT('',(74.3053081436176,2.,42.9001896589377));
#2183=CARTESIAN_POINT('',(163.842080667308,2.,-112.182049497825));
#2184=CARTESIAN_POINT('',(-6.22741747641903E-13,2.,-112.182049497824));
#2185=CARTESIAN_POINT('',(162.955688551268,-9.,-112.682049497825));
#2186=CARTESIAN_POINT('',(162.955688551268,1.5,-112.682049497825));
#2187=CARTESIAN_POINT('',(164.208106071093,1.5,-112.682049497825));
#2188=CARTESIAN_POINT('',(164.208106071093,-9.,-112.682049497825));
#2189=CARTESIAN_POINT('',(164.208106071093,-1.5,-112.682049497825));
#2190=CARTESIAN_POINT('',(160.991612131692,-1.5,-112.682049497825));
#2191=CARTESIAN_POINT('',(162.438050461063,-9.,-108.750197845246));
#2192=CARTESIAN_POINT('',(162.688050461063,-9.,-109.183210547139));
#2193=CARTESIAN_POINT('',(162.688050461063,8.5,-109.183210547139));
#2194=CARTESIAN_POINT('',(162.688050461063,-8.5,-109.183210547139));
#2195=CARTESIAN_POINT('',(163.125316102258,-8.5,-109.940576854092));
#2196=CARTESIAN_POINT('',(163.163997505494,-8.5,-110.007575009805));
#2197=CARTESIAN_POINT('',(163.163997505494,-9.,-110.007575009805));
#2198=CARTESIAN_POINT('',(163.163997505494,-1.49999999999999,-110.007575009805));
#2199=CARTESIAN_POINT('',(164.419430936498,-1.49999999999999,-112.182049497825));
#2200=CARTESIAN_POINT('',(164.458106071093,-1.49999999999999,-112.249036795932));
#2201=CARTESIAN_POINT('',(164.458106071093,-9.,-112.249036795932));
#2202=CARTESIAN_POINT('',(164.458106071093,1.5,-112.249036795932));
#2203=CARTESIAN_POINT('',(162.438050461063,1.5,-108.750197845246));
#2204=CARTESIAN_POINT('',(163.163997505494,1.5,-110.007575009805));
#2205=CARTESIAN_POINT('',(163.163997505494,-9.,-110.007575009805));
#2206=CARTESIAN_POINT('',(163.163997505494,8.5,-110.007575009805));
#2207=CARTESIAN_POINT('',(162.438050461063,8.5,-108.750197845246));
#2208=CARTESIAN_POINT('',(159.938050462831,-9.,-108.750103820729));
#2209=CARTESIAN_POINT('',(161.938050461417,-9.,-108.750179040343));
#2210=CARTESIAN_POINT('',(161.938050461417,-8.5,-108.750179040343));
#2211=CARTESIAN_POINT('',(161.938050461417,8.5,-108.750179040343));
#2212=CARTESIAN_POINT('',(159.938050462831,8.5,-108.750103820729));
#2213=CARTESIAN_POINT('',(161.457125656851,8.5,-108.750160952854));
#2214=CARTESIAN_POINT('',(161.457125656851,-9.,-108.750160952854));
#2215=CARTESIAN_POINT('',(161.457125656851,-8.5,-108.750160952854));
#2216=CARTESIAN_POINT('',(162.438050461063,-8.5,-108.750197845246));
#2217=CARTESIAN_POINT('',(159.603086153608,-9.,-107.499999999986));
#2218=CARTESIAN_POINT('',(159.603086153608,-8.,-107.499999999986));
#2219=CARTESIAN_POINT('',(158.300248304775,-8.,-107.499999999986));
#2220=CARTESIAN_POINT('',(159.036851583884,-8.,-107.499999999986));
#2221=CARTESIAN_POINT('',(159.036851583884,-9.,-107.499999999986));
#2222=CARTESIAN_POINT('',(159.036851583884,8.,-107.499999999986));
#2223=CARTESIAN_POINT('',(159.603086153608,8.,-107.499999999986));
#2224=CARTESIAN_POINT('',(158.300248304775,8.,-107.499999999986));
#2225=CARTESIAN_POINT('',(153.285491339701,1.14971459190405,-107.499999999986));
#2226=CARTESIAN_POINT('',(158.29135283789,7.98784856625728,-107.499999999986));
#2227=CARTESIAN_POINT('',(158.29135283789,-9.,-107.499999999986));
#2228=CARTESIAN_POINT('',(158.29135283789,-7.9878485662573,-107.499999999986));
#2229=CARTESIAN_POINT('',(158.238745558579,-7.91598568629388,-107.499999999986));
#2230=CARTESIAN_POINT('',(157.77401524936,-9.,-107.435295238711));
#2231=CARTESIAN_POINT('',(158.149208854906,8.64037270166181,-108.835536837283));
#2232=CARTESIAN_POINT('',(157.920762360442,7.78779877750961,-107.982962913131));
#2233=CARTESIAN_POINT('',(158.111596102856,8.5,-108.695164135621));
#2234=CARTESIAN_POINT('',(157.77401524936,8.5,-107.435295238711));
#2235=CARTESIAN_POINT('',(160.676520656976,8.5,-118.267592889173));
#2236=CARTESIAN_POINT('',(160.676520656976,-9.,-118.267592889173));
#2237=CARTESIAN_POINT('',(160.676520656976,-8.5,-118.267592889173));
#2238=CARTESIAN_POINT('',(158.059302030321,-8.50000000000001,-108.499999999986));
#2239=CARTESIAN_POINT('',(158.111596102856,-8.50000000000001,-108.695164135621));
#2240=CARTESIAN_POINT('',(157.881259662475,-7.64037270166179,-107.835536837283));
#2241=CARTESIAN_POINT('',(157.920762360442,-7.78779877750958,-107.982962913131));
#2242=CARTESIAN_POINT('',(157.920762360442,-9.,-107.982962913131));
#2243=CARTESIAN_POINT('',(134.936503715733,-9.,-126.458704867255));
#2244=CARTESIAN_POINT('',(134.936503715733,-3.00000000000001,-126.458704867255));
#2245=CARTESIAN_POINT('',(135.324732283387,-3.00000000000001,-127.907593606689));
#2246=CARTESIAN_POINT('',(135.13061799956,-3.00000000000001,-127.183149236972));
#2247=CARTESIAN_POINT('',(135.13061799956,-9.,-127.183149236972));
#2248=CARTESIAN_POINT('',(135.13061799956,3.00000000000001,-127.183149236972));
#2249=CARTESIAN_POINT('',(134.936503715733,3.00000000000001,-126.458704867255));
#2250=CARTESIAN_POINT('',(135.324732283387,3.00000000000001,-127.907593606689));
#2251=CARTESIAN_POINT('',(135.324732283387,-9.,-127.907593606689));
#2252=CARTESIAN_POINT('',(161.276201096987,-9.,-121.471556585888));
#2253=CARTESIAN_POINT('',(160.310275270698,-9.,-121.730375630991));
#2254=CARTESIAN_POINT('',(160.310275270698,8.5,-121.730375630991));
#2255=CARTESIAN_POINT('',(160.310275270698,-8.5,-121.730375630991));
#2256=CARTESIAN_POINT('',(141.249696763673,-8.5,-126.837642249218));
#2257=CARTESIAN_POINT('',(141.249696763673,-8.49999999999992,-126.837642249218));
#2258=CARTESIAN_POINT('',(141.249696763673,-3.00000000000001,-126.837642249218));
#2259=CARTESIAN_POINT('',(135.937104719083,-3.00000000000001,-128.261146997282));
#2260=CARTESIAN_POINT('',(135.937104719083,-9.,-128.261146997282));
#2261=CARTESIAN_POINT('',(135.937104719083,3.00000000000001,-128.261146997282));
#2262=CARTESIAN_POINT('',(141.249696763673,3.00000000000001,-126.837642249218));
#2263=CARTESIAN_POINT('',(141.249696763673,8.5,-126.837642249218));
#2264=CARTESIAN_POINT('',(161.276201096987,8.5,-121.471556585888));
#2265=CARTESIAN_POINT('',(0.,-9.,0.));
#2266=CARTESIAN_POINT('',(161.457106851948,-9.,-109.2501609525));
#2267=CARTESIAN_POINT('',(162.149369058235,-9.,-109.250186988348));
#2268=CARTESIAN_POINT('',(161.457106851948,-9.,-109.2501609525));
#2269=CARTESIAN_POINT('',(161.457200876465,-9.,-106.750160954268));
#2270=CARTESIAN_POINT('',(159.671686016853,-9.,-108.499999999986));
#2271=CARTESIAN_POINT('',(157.79135283789,-9.,-108.499999999986));
#2272=CARTESIAN_POINT('',(158.576940120526,-9.,-108.499999999986));
#2273=CARTESIAN_POINT('',(161.15948357012,-9.,-118.138183366622));
#2274=CARTESIAN_POINT('',(161.15948357012,-9.,-118.138183366622));
#2275=CARTESIAN_POINT('',(159.227631917542,-9.,-118.655821456827));
#2276=CARTESIAN_POINT('',(159.745270007747,-9.,-120.587673109405));
#2277=CARTESIAN_POINT('',(140.926172957295,-9.,-125.630234966357));
#2278=CARTESIAN_POINT('',(140.926172957295,-9.,-125.630234966357));
#2279=CARTESIAN_POINT('',(141.249696763673,-9.,-126.837642249218));
#2280=CARTESIAN_POINT('',(141.120287241122,-9.,-126.354679336074));
#2281=CARTESIAN_POINT('',(160.180865748147,-9.,-121.247412717846));
#2282=CARTESIAN_POINT('',(160.180865748147,-9.,-121.247412717846));
#2283=CARTESIAN_POINT('',(159.53381813539,-9.,-118.832598152123));
#2284=CARTESIAN_POINT('',(161.948632701113,-9.,-118.185550539367));
#2285=CARTESIAN_POINT('',(159.774044932161,-9.,-110.069878500123));
#2286=CARTESIAN_POINT('',(159.739364538541,-9.,-109.940449509106));
#2287=CARTESIAN_POINT('',(162.891002594896,-9.,-109.940568041606));
#2288=CARTESIAN_POINT('',(162.547953296193,-9.,-109.940555139588));
#2289=CARTESIAN_POINT('',(162.005037759171,-9.,-109.000197845247));
#2290=CARTESIAN_POINT('',(0.,9.,0.));
#2291=CARTESIAN_POINT('',(0.,9.,-108.499999999986));
#2292=CARTESIAN_POINT('',(158.576940120527,9.,-108.499999999986));
#2293=CARTESIAN_POINT('',(159.671686016841,9.,-108.499999999986));
#2294=CARTESIAN_POINT('',(161.457200876465,9.,-106.750160954268));
#2295=CARTESIAN_POINT('',(161.457106851948,9.,-109.2501609525));
#2296=CARTESIAN_POINT('',(-0.00410864909993509,9.,-109.24408842732));
#2297=CARTESIAN_POINT('',(162.149369058235,9.,-109.250186988348));
#2298=CARTESIAN_POINT('',(74.3053081436176,9.,42.9001896589377));
#2299=CARTESIAN_POINT('',(162.547953296193,9.,-109.940555139588));
#2300=CARTESIAN_POINT('',(-0.00413461314975482,9.,-109.934441586906));
#2301=CARTESIAN_POINT('',(159.739364538541,9.,-109.940449509106));
#2302=CARTESIAN_POINT('',(121.55374372936,9.,32.5702274692717));
#2303=CARTESIAN_POINT('',(161.948632701113,9.,-118.185550539367));
#2304=CARTESIAN_POINT('',(159.53381813539,9.,-118.832598152123));
#2305=CARTESIAN_POINT('',(160.180865748147,9.,-121.247412717846));
#2306=CARTESIAN_POINT('',(41.0419365844946,9.,-153.170592574355));
#2307=CARTESIAN_POINT('',(141.120287241122,9.,-126.354679336073));
#2308=CARTESIAN_POINT('',(100.078350656626,9.,26.8159132382821));
#2309=CARTESIAN_POINT('',(140.926172957295,9.,-125.630234966357));
#2310=CARTESIAN_POINT('',(40.847822300668,9.,-152.446148204638));
#2311=CARTESIAN_POINT('',(159.745270007747,9.,-120.587673109405));
#2312=CARTESIAN_POINT('',(159.227631917542,9.,-118.655821456827));
#2313=CARTESIAN_POINT('',(161.15948357012,9.,-118.138183366622));
#2314=CARTESIAN_POINT('',(120.82929935964,9.,32.3761131854462));
#2315=CARTESIAN_POINT('',(140.732058673468,3.00000000000001,-124.90579059664));
#2316=CARTESIAN_POINT('',(140.926172957295,3.00000000000001,-125.630234966357));
#2317=CARTESIAN_POINT('',(141.120287241122,3.00000000000001,-126.354679336074));
#2318=CARTESIAN_POINT('',(100.078350656626,-3.00000000000001,26.8159132382821));
#2319=CARTESIAN_POINT('',(140.926172957295,-3.00000000000001,-125.630234966357));
#2320=CARTESIAN_POINT('',(141.120287241122,-3.00000000000001,-126.354679336074));
#2321=CARTESIAN_POINT('',(159.53381813539,-9.,-118.832598152123));
#2322=CARTESIAN_POINT('',(159.53381813539,-8.5,-118.832598152123));
#2323=CARTESIAN_POINT('',(159.53381813539,8.5,-118.832598152123));
#2324=CARTESIAN_POINT('',(159.227631917542,-9.,-118.655821456827));
#2325=CARTESIAN_POINT('',(159.227631917542,8.5,-118.655821456827));
#2326=CARTESIAN_POINT('',(159.227631917542,-8.5,-118.655821456827));
#2327=CARTESIAN_POINT('',(162.265983790434,6.25000000000001,-110.440544535123));
#2328=CARTESIAN_POINT('',(162.265983790434,8.5,-110.440544535123));
#2329=CARTESIAN_POINT('',(162.913997505847,8.5,-110.440568906794));
#2330=CARTESIAN_POINT('',(162.913997505847,6.25000000000001,-110.440568906794));
#2331=CARTESIAN_POINT('',(162.913997505847,1.93300329913422,-110.440568906794));
#2332=CARTESIAN_POINT('',(160.407344370696,4.10378145528075,-110.440474632053));
#2333=CARTESIAN_POINT('',(162.265983790434,6.25000000000001,-110.440544535123));
#2334=CARTESIAN_POINT('',(166.593220916729,1.25322845344647,-110.440707281677));
#2335=CARTESIAN_POINT('',(162.913997505847,-1.93300329913422,-110.440568906794));
#2336=CARTESIAN_POINT('',(162.913997505847,6.25000000000001,-110.440568906794));
#2337=CARTESIAN_POINT('',(162.913997505847,-8.5,-110.440568906794));
#2338=CARTESIAN_POINT('',(160.390983791761,-8.5,-110.440474016734));
#2339=CARTESIAN_POINT('',(159.603086153608,8.,-107.499999999986));
#2340=CARTESIAN_POINT('',(159.065447980561,8.01477063606793,-107.514770636054));
#2341=CARTESIAN_POINT('',(159.197267602845,8.37964524950236,-107.879645249489));
#2342=CARTESIAN_POINT('',(159.406694904123,8.69067357339429,-108.190673573381));
#2343=CARTESIAN_POINT('',(159.693729884396,8.9478556077437,-108.44785560773));
#2344=CARTESIAN_POINT('',(159.065447980561,8.01477063606789,-107.514770636054));
#2345=CARTESIAN_POINT('',(159.693729884396,8.9478556077437,-108.44785560773));
#2346=CARTESIAN_POINT('',(159.693729884393,8.94785560774084,-108.447855607727));
#2347=CARTESIAN_POINT('',(159.686339791593,8.96522816520215,-108.465228165189));
#2348=CARTESIAN_POINT('',(159.678992313527,8.98260973028176,-108.482609730268));
#2349=CARTESIAN_POINT('',(159.671686016827,9.00000000000357,-108.49999999999));
#2350=CARTESIAN_POINT('',(158.343420519445,8.82081410786849,-108.320814107855));
#2351=CARTESIAN_POINT('',(158.565934739786,8.99155527434512,-108.491555274332));
#2352=CARTESIAN_POINT('',(158.282612863315,7.93418363645691,-107.434183636443));
#2353=CARTESIAN_POINT('',(159.406073761276,8.19071096516718,-107.690710965154));
#2354=CARTESIAN_POINT('',(0.,-9.,-108.499999999986));
#2355=CARTESIAN_POINT('',(159.693796057196,-8.9477000523093,-108.447700052296));
#2356=CARTESIAN_POINT('',(159.406675513695,-8.69030470237617,-108.190304702363));
#2357=CARTESIAN_POINT('',(159.197229541449,-8.37932997956235,-107.879329979549));
#2358=CARTESIAN_POINT('',(159.065458140459,-8.01477588386784,-107.514775883854));
#2359=CARTESIAN_POINT('',(159.693796057192,-8.9477000523086,-108.447700052295));
#2360=CARTESIAN_POINT('',(159.065458140459,-8.01477588386784,-107.514775883854));
#2361=CARTESIAN_POINT('',(56.0079765976106,45.2165655040853,-54.2834344959011));
#2362=CARTESIAN_POINT('',(158.550562055746,-8.9341836364569,-108.434183636443));
#2363=CARTESIAN_POINT('',(158.565934739786,-8.9915552743451,-108.491555274331));
#2364=CARTESIAN_POINT('',(85.7544320036582,46.8786758103833,-52.6213241896031));
#2365=CARTESIAN_POINT('',(159.671686016853,-9.,-108.500000000003));
#2366=CARTESIAN_POINT('',(159.679014120728,-8.98255782536933,-108.482557825373));
#2367=CARTESIAN_POINT('',(159.686383652042,-8.9651244075659,-108.465124407552));
#2368=CARTESIAN_POINT('',(159.693796057192,-8.9477000523086,-108.447700052295));
#2369=CARTESIAN_POINT('',(162.265983790434,-8.5,-110.440544535123));
#2370=CARTESIAN_POINT('',(162.821424979469,-8.33966316244836,-110.600902262824));
#2371=CARTESIAN_POINT('',(163.038997505671,-8.7165016495671,-110.224071958299));
#2372=CARTESIAN_POINT('',(162.725180302194,-8.89768016222653,-110.042881642907));
#2373=CARTESIAN_POINT('',(91.9853583401428,-60.9889535672922,-57.9489476899368));
#2374=CARTESIAN_POINT('',(162.265983790434,8.5,-110.440544535123));
#2375=CARTESIAN_POINT('',(162.725180302194,8.89768016222654,-110.042881642907));
#2376=CARTESIAN_POINT('',(163.038997505671,8.7165016495671,-110.224071958299));
#2377=CARTESIAN_POINT('',(162.821424979469,8.33966316244836,-110.600902262824));
#2378=CARTESIAN_POINT('',(159.587329250458,9.11665960400298,-109.823784187003));
#2379=CARTESIAN_POINT('',(162.955688551268,1.5,-112.682049497825));
#2380=CARTESIAN_POINT('',(163.656655559198,2.10705523608203,-112.074994261743));
#2381=CARTESIAN_POINT('',(164.333106071093,1.71650635094611,-112.465543146878));
#2382=CARTESIAN_POINT('',(164.029189282546,1.19010703191064,-112.991942465914));
#2383=CARTESIAN_POINT('',(-6.22741747641903E-13,-2.,-112.182049497824));
#2384=CARTESIAN_POINT('',(140.997241033451,38.7023975328239,-152.884447030648));
#2385=CARTESIAN_POINT('',(164.333106071093,-1.71650635094612,-112.465543146878));
#2386=CARTESIAN_POINT('',(65.5368322669237,-58.7565616267157,-55.4254878711085));
#2387=CARTESIAN_POINT('',(161.457200876465,-9.,-106.750160954268));
#2388=CARTESIAN_POINT('',(161.457200876465,8.5,-106.750160954268));
#2389=CARTESIAN_POINT('',(160.577082952808,8.50005894470983,-108.546164330103));
#2390=CARTESIAN_POINT('',(160.577068448977,8.50000004736578,-108.546091607184));
#2391=CARTESIAN_POINT('',(160.311833609834,8.34410328845066,-108.416107867305));
#2392=CARTESIAN_POINT('',(160.039511453131,8.09851913768477,-108.208216399928));
#2393=CARTESIAN_POINT('',(159.826246023614,7.7632475950681,-107.907738713194));
#2394=CARTESIAN_POINT('',(159.82617872773,7.76304882575315,-107.907703953468));
#2395=CARTESIAN_POINT('',(159.826246023617,-9.,-107.907738713198));
#2396=CARTESIAN_POINT('',(159.826228128018,-7.76307102865692,-107.907729453245));
#2397=CARTESIAN_POINT('',(159.826245986632,-7.7632072564919,-107.907738661089));
#2398=CARTESIAN_POINT('',(160.039557688459,-8.09848887549723,-108.208281562964));
#2399=CARTESIAN_POINT('',(160.311911179981,-8.34408645685807,-108.416149954456));
#2400=CARTESIAN_POINT('',(160.57709068887,-8.50000000057443,-108.546102506126));
#2401=CARTESIAN_POINT('',(160.57709118061,-8.50005521604089,-108.546164236479));
#2402=CARTESIAN_POINT('',(161.457200876465,-8.5,-106.750160954268));
#2403=CARTESIAN_POINT('',(157.920762360442,-9.,-107.982962913131));
#2404=CARTESIAN_POINT('',(154.889690954677,6.1515851365745,-111.933132076016));
#2405=CARTESIAN_POINT('',(157.870753137776,-7.76080311777585,-108.048136200985));
#2406=CARTESIAN_POINT('',(158.001622250492,-8.08957199547221,-108.284736131094));
#2407=CARTESIAN_POINT('',(169.27763956213,-20.5806973253695,-103.691175460528));
#2408=CARTESIAN_POINT('',(155.673649963711,-0.598538857405118,-99.5966252782162));
#2409=CARTESIAN_POINT('',(154.651853021324,4.75685596299339,-110.245625161665));
#2410=CARTESIAN_POINT('',(120.82929935964,-9.,32.3761131854462));
#2411=CARTESIAN_POINT('',(161.15948357012,-9.,-118.138183366622));
#2412=CARTESIAN_POINT('',(157.77401524936,8.5,-107.435295238711));
#2413=CARTESIAN_POINT('',(160.676520656976,8.5,-118.267592889173));
#2414=CARTESIAN_POINT('',(159.227631917542,-9.,-118.655821456827));
#2415=CARTESIAN_POINT('',(159.745270007747,-9.,-120.587673109405));
#2416=CARTESIAN_POINT('',(159.227631917542,9.,-118.655821456827));
#2417=CARTESIAN_POINT('',(159.615860485196,8.5,-120.10471019626));
#2418=CARTESIAN_POINT('',(40.847822300668,-9.,-152.446148204638));
#2419=CARTESIAN_POINT('',(140.926172957295,-9.,-125.630234966357));
#2420=CARTESIAN_POINT('',(160.823267768058,8.5,-119.781186389882));
#2421=CARTESIAN_POINT('',(140.796763434743,8.5,-125.147272053212));
#2422=CARTESIAN_POINT('',(140.796763434743,-3.00000000000001,-125.147272053212));
#2423=CARTESIAN_POINT('',(135.13061799956,-3.00000000000001,-127.183149236972));
#2424=CARTESIAN_POINT('',(140.796763434743,3.00000000000001,-125.147272053212));
#2425=CARTESIAN_POINT('',(135.484171390154,3.00000000000001,-126.570776801276));
#2426=CARTESIAN_POINT('',(135.13061799956,-9.,-127.183149236972));
#2427=CARTESIAN_POINT('',(159.938050462831,8.5,-108.750103820729));
#2428=CARTESIAN_POINT('',(161.948632701113,9.,-118.185550539367));
#2429=CARTESIAN_POINT('',(159.53381813539,9.,-118.832598152123));
#2430=CARTESIAN_POINT('',(160.180865748147,9.,-121.247412717846));
#2431=CARTESIAN_POINT('',(161.276201096987,8.5,-121.471556585888));
#2432=CARTESIAN_POINT('',(141.120287241122,9.,-126.354679336074));
#2433=CARTESIAN_POINT('',(141.249696763673,3.00000000000001,-126.837642249218));
#2434=CARTESIAN_POINT('',(135.324732283387,3.00000000000001,-127.907593606689));
#2435=CARTESIAN_POINT('',(135.937104719083,-9.,-128.261146997282));
#2436=CARTESIAN_POINT('',(135.324732283387,-3.00000000000001,-127.907593606689));
#2437=CARTESIAN_POINT('',(141.249696763673,-3.00000000000001,-126.837642249218));
#2438=CARTESIAN_POINT('',(141.120287241122,-9.,-126.354679336074));
#2439=CARTESIAN_POINT('',(41.0419365844946,-9.,-153.170592574355));
#2440=CARTESIAN_POINT('',(160.180865748147,-9.,-121.247412717846));
#2441=CARTESIAN_POINT('',(159.53381813539,-9.,-118.832598152123));
#2442=CARTESIAN_POINT('',(161.948632701113,-9.,-118.185550539367));
#2443=CARTESIAN_POINT('',(121.55374372936,-9.,32.5702274692717));
#2444=CARTESIAN_POINT('',(74.3053081436176,-2.,42.9001896589377));
#2445=CARTESIAN_POINT('',(162.602337348698,-4.71428571428585,-115.463322510218));
#2446=CARTESIAN_POINT('',(164.938834805025,1.57404162884154,-106.933600130078));
#2447=CARTESIAN_POINT('',(164.458106071093,-9.,-112.249036795932));
#2448=CARTESIAN_POINT('',(165.035264816815,0.500331728375391,-111.249368524308));
#2449=CARTESIAN_POINT('',(162.913997505847,6.25000000000001,-110.440568906794));
#2450=CARTESIAN_POINT('',(166.670944713344,-2.42592114785405,-103.933628048971));
#2451=CARTESIAN_POINT('',(161.457200876465,-9.,-106.750160954268));
#2452=CARTESIAN_POINT('',(161.457125656851,-8.5,-108.750160952854));
#2453=CARTESIAN_POINT('',(160.57709167235,-8.50011043208177,-108.546225966831));
#2454=CARTESIAN_POINT('',(160.285121007633,-8.6048046539522,-108.519742480051));
#2455=CARTESIAN_POINT('',(159.995658781978,-8.75400119402603,-108.481978778594));
#2456=CARTESIAN_POINT('',(159.693796057194,-8.94770005230327,-108.447700052289));
#2457=CARTESIAN_POINT('',(160.121863976743,-9.25445366819486,-108.754453668181));
#2458=CARTESIAN_POINT('',(159.548983937372,-8.92880488110893,-108.428804881095));
#2459=CARTESIAN_POINT('',(159.224586910819,-8.46012956852876,-107.960129568515));
#2460=CARTESIAN_POINT('',(159.062559082143,-8.00670952473924,-107.506709524726));
#2461=CARTESIAN_POINT('',(160.584424366972,-8.50430856895712,-108.549752966603));
#2462=CARTESIAN_POINT('',(160.174057761058,-8.26546969438342,-108.351268959523));
#2463=CARTESIAN_POINT('',(159.871961717098,-7.89748032762394,-108.034090938406));
#2464=CARTESIAN_POINT('',(159.685621518567,-7.51042969486702,-107.67834125733));
#2465=CARTESIAN_POINT('',(159.065458140459,-8.01477588386762,-107.514775883854));
#2466=CARTESIAN_POINT('',(159.360976402263,-7.88205913312443,-107.667417237446));
#2467=CARTESIAN_POINT('',(159.614560445245,-7.79811210544253,-107.798398691295));
#2468=CARTESIAN_POINT('',(159.826210269405,-7.76293480082194,-107.907720245401));
#2469=CARTESIAN_POINT('',(162.438050461063,1.5,-108.750197845246));
#2470=CARTESIAN_POINT('',(161.845781397311,3.78316769848882,-112.290693132055));
#2471=CARTESIAN_POINT('',(162.438050461063,-8.5,-108.750197845246));
#2472=CARTESIAN_POINT('',(162.31716107097,-8.84425672405377,-109.229324727618));
#2473=CARTESIAN_POINT('',(-0.00410864909993509,-9.,-109.24408842732));
#2474=CARTESIAN_POINT('',(161.938050461417,-8.5,-108.750179040343));
#2475=CARTESIAN_POINT('',(159.036851583884,-9.,-107.499999999986));
#2476=CARTESIAN_POINT('',(159.826111431843,7.76285005643816,-107.907669193737));
#2477=CARTESIAN_POINT('',(159.614506297117,7.79807021928842,-107.798370722656));
#2478=CARTESIAN_POINT('',(159.360951813356,7.8820437458316,-107.667404536762));
#2479=CARTESIAN_POINT('',(159.065447980561,8.01477063606772,-107.514770636054));
#2480=CARTESIAN_POINT('',(162.913997505847,6.25000000000001,-110.440568906794));
#2481=CARTESIAN_POINT('',(188.180797135998,-34.829427156438,-66.6790886997312));
#2482=CARTESIAN_POINT('',(161.938050461417,-8.5,-108.750179040343));
#2483=CARTESIAN_POINT('',(161.938050461417,-8.5,-108.750179040343));
#2484=CARTESIAN_POINT('',(159.062550726458,8.00670531013984,-107.506705310126));
#2485=CARTESIAN_POINT('',(159.224481240463,8.46006856744969,-107.960068567436));
#2486=CARTESIAN_POINT('',(159.5480808541,8.92846569484083,-108.428465694827));
#2487=CARTESIAN_POINT('',(160.121896525761,9.25449330257069,-108.754493302557));
#2488=CARTESIAN_POINT('',(159.68561662162,7.51042957989628,-107.678341383555));
#2489=CARTESIAN_POINT('',(159.871888504024,7.89744997105682,-108.034065808848));
#2490=CARTESIAN_POINT('',(160.173384346202,8.26519617301263,-108.351044094653));
#2491=CARTESIAN_POINT('',(160.584436082696,8.50432977021964,-108.549770457369));
#2492=CARTESIAN_POINT('',(159.693729884393,8.9478556077382,-108.447855607724));
#2493=CARTESIAN_POINT('',(159.995672334054,8.75407629480997,-108.482092019637));
#2494=CARTESIAN_POINT('',(160.285155162657,8.60483037291519,-108.519789392978));
#2495=CARTESIAN_POINT('',(160.57709745664,8.50011784205388,-108.546237053022));
#2496=CARTESIAN_POINT('',(74.3053081436176,9.,42.9001896589377));
#2497=CARTESIAN_POINT('',(162.149369058235,9.,-109.250186988348));
#2498=CARTESIAN_POINT('',(161.938050461417,-9.,-108.750179040343));
#2499=CARTESIAN_POINT('',(162.31305046124,8.5,-108.966694793741));
#2500=CARTESIAN_POINT('',(161.457200876465,9.,-106.750160954268));
#2501=CARTESIAN_POINT('',(161.457106851948,9.,-109.250160952481));
#2502=CARTESIAN_POINT('',(162.149369058235,9.,-109.250186988348));
#2503=CARTESIAN_POINT('',(162.149369058235,8.99999999999999,-109.250186988348));
#2504=CARTESIAN_POINT('',(-0.00410864909993509,9.,-109.24408842732));
#2505=CARTESIAN_POINT('',(150.348413478206,-5.25,-120.258543731759));
#2506=CARTESIAN_POINT('',(150.171636782909,-5.25,-120.564729949607));
#2507=CARTESIAN_POINT('',(150.784009218605,-5.25,-120.9182833402));
#2508=CARTESIAN_POINT('',(150.793033666897,-5.25,-120.923493607851));
#2509=CARTESIAN_POINT('',(150.544434852354,-5.25,-120.990105459447));
#2510=CARTESIAN_POINT('',(144.500281080075,-5.25,-122.609631581659));
#2511=CARTESIAN_POINT('',(146.980365081879,-5.25,-118.314000083496));
#2512=CARTESIAN_POINT('',(144.505491347726,-5.25,-122.600607133367));
#2513=CARTESIAN_POINT('',(150.542527762033,-5.25,-120.982988101476));
#2514=CARTESIAN_POINT('',(40.2654794491873,0.,-150.272815095488));
#2515=CARTESIAN_POINT('',(150.477823000757,-7.,-120.741506644904));
#2516=CARTESIAN_POINT('',(150.477823000757,-5.5857864376269,-120.741506644904));
#2517=CARTESIAN_POINT('',(150.477823000757,-5.5,-120.741506644904));
#2518=CARTESIAN_POINT('',(144.682268043023,-5.5,-122.294420915519));
#2519=CARTESIAN_POINT('',(144.682268043023,-5.5,-122.294420915519));
#2520=CARTESIAN_POINT('',(144.682268043023,-4.75,-122.294420915519));
#2521=CARTESIAN_POINT('',(144.682268043023,-5.5857864376269,-122.294420915519));
#2522=CARTESIAN_POINT('',(40.2654794491873,-5.58578643762694,-150.272815095488));
#2523=CARTESIAN_POINT('',(150.348413478206,5.25,-120.258543731759));
#2524=CARTESIAN_POINT('',(152.621126525693,5.25,-121.97894351198));
#2525=CARTESIAN_POINT('',(150.793033666897,5.25,-120.923493607851));
#2526=CARTESIAN_POINT('',(150.784009218605,5.25,-120.9182833402));
#2527=CARTESIAN_POINT('',(144.746972804298,5.25,-122.535902372091));
#2528=CARTESIAN_POINT('',(144.505491347726,5.25,-122.600607133367));
#2529=CARTESIAN_POINT('',(143.444831175946,5.25,-124.437724440454));
#2530=CARTESIAN_POINT('',(144.500281080075,5.25,-122.609631581659));
#2531=CARTESIAN_POINT('',(151.027397765498,5.25,-120.860695936896));
#2532=CARTESIAN_POINT('',(40.2654794491873,0.,-150.272815095488));
#2533=CARTESIAN_POINT('',(144.682268043023,4.75,-122.294420915519));
#2534=CARTESIAN_POINT('',(144.682268043023,5.5,-122.294420915519));
#2535=CARTESIAN_POINT('',(144.682268043023,5.58578643762691,-122.294420915519));
#2536=CARTESIAN_POINT('',(150.477823000757,5.5,-120.741506644904));
#2537=CARTESIAN_POINT('',(150.477823000757,5.5,-120.741506644904));
#2538=CARTESIAN_POINT('',(150.477823000757,7.,-120.741506644904));
#2539=CARTESIAN_POINT('',(150.477823000757,5.58578643762691,-120.741506644904));
#2540=CARTESIAN_POINT('',(144.682268043023,5.58578643762691,-122.294420915519));
#2541=CARTESIAN_POINT('',(153.877040361974,5.99999999999999,-120.348327188273));
#2542=CARTESIAN_POINT('',(150.772229664561,5.99999999999999,-121.840247272307));
#2543=CARTESIAN_POINT('',(143.877934079423,6.00000000000001,-123.687568206727));
#2544=CARTESIAN_POINT('',(151.870970291965,5.99999999999999,-121.545840608503));
#2545=CARTESIAN_POINT('',(152.856984322825,6.,-122.115116074645));
#2546=CARTESIAN_POINT('',(151.84035167018,5.99999999999999,-121.528162938973));
#2547=CARTESIAN_POINT('',(144.970204230699,6.,-123.369013397265));
#2548=CARTESIAN_POINT('',(143.895611748953,6.00000000000001,-123.656949584942));
#2549=CARTESIAN_POINT('',(147.823644425731,5.99999999999997,-116.853397414971));
#2550=CARTESIAN_POINT('',(153.877040361974,-6.,-120.348327188273));
#2551=CARTESIAN_POINT('',(150.765759188434,-6.,-121.81609912665));
#2552=CARTESIAN_POINT('',(143.895611748953,-5.99999999999998,-123.656949584942));
#2553=CARTESIAN_POINT('',(151.84035167018,-6.,-121.528162938973));
#2554=CARTESIAN_POINT('',(150.477823000757,-6.,-120.741506644904));
#2555=CARTESIAN_POINT('',(151.870970291965,-6.,-121.545840608503));
#2556=CARTESIAN_POINT('',(154.042037503227,-6.,-120.964104902532));
#2557=CARTESIAN_POINT('',(143.877934079423,-5.99999999999998,-123.687568206727));
#2558=CARTESIAN_POINT('',(144.682268043023,-5.99999999999999,-122.294420915519));
#2559=CARTESIAN_POINT('',(160.664741102932,5.38749999999998,-119.18955682128));
#2560=CARTESIAN_POINT('',(151.870970291965,5.38749999999999,-121.545840608503));
#2561=CARTESIAN_POINT('',(143.877934079423,5.3875,-123.687568206727));
#2562=CARTESIAN_POINT('',(154.035567027099,5.38749999999999,-120.939956756875));
#2563=CARTESIAN_POINT('',(151.84035167018,5.38749999999999,-121.528162938973));
#2564=CARTESIAN_POINT('',(151.096604102631,5.46739130434782,-121.09876008064));
#2565=CARTESIAN_POINT('',(153.878394672491,5.46739130434782,-120.353381543934));
#2566=CARTESIAN_POINT('',(144.325014607286,5.46739130434784,-122.913202017393));
#2567=CARTESIAN_POINT('',(143.895611748953,5.3875,-123.656949584942));
#2568=CARTESIAN_POINT('',(154.035567027099,-5.3875,-120.939956756875));
#2569=CARTESIAN_POINT('',(143.895611748953,-5.38749999999998,-123.656949584942));
#2570=CARTESIAN_POINT('',(144.325014607286,-5.46739130434781,-122.913202017393));
#2571=CARTESIAN_POINT('',(153.878394672491,-5.46739130434782,-120.353381543934));
#2572=CARTESIAN_POINT('',(151.096604102631,-5.46739130434782,-121.09876008064));
#2573=CARTESIAN_POINT('',(151.84035167018,-5.38749999999999,-121.528162938973));
#2574=CARTESIAN_POINT('',(154.042037503227,-5.3875,-120.964104902532));
#2575=CARTESIAN_POINT('',(151.870970291965,-5.38749999999999,-121.545840608503));
#2576=CARTESIAN_POINT('',(143.877934079423,-5.38749999999998,-123.687568206727));
#2577=CARTESIAN_POINT('',(144.941087088125,7.,-123.260346741808));
#2578=CARTESIAN_POINT('',(147.685464023126,1.75283951447347,-117.092732892893));
#2579=CARTESIAN_POINT('',(144.475161261836,6.29289321881345,-122.653140383126));
#2580=CARTESIAN_POINT('',(150.553629343967,6.29289321881345,-121.0244197693));
#2581=CARTESIAN_POINT('',(150.836542468364,6.29289321881346,-120.94861342609));
#2582=CARTESIAN_POINT('',(156.087759313847,10.5804938188599,-123.980404885403));
#2583=CARTESIAN_POINT('',(40.2654794491873,-6.00000000000003,-150.272815095488));
#2584=CARTESIAN_POINT('',(148.844829838902,-4.66666666666672,-119.798697603321));
#2585=CARTESIAN_POINT('',(150.836542468364,-6.29289321881344,-120.94861342609));
#2586=CARTESIAN_POINT('',(40.3412857923976,-6.29289321881349,-150.555728219885));
#2587=CARTESIAN_POINT('',(144.475161261836,-6.29289321881345,-122.653140383126));
#2588=CARTESIAN_POINT('',(144.210863522232,-6.66666666666669,-123.110917496446));
#2589=CARTESIAN_POINT('',(144.682268043023,-6.,-122.294420915519));
#2590=CARTESIAN_POINT('',(144.500281080075,-5.49999999999998,-122.609631581659));
#2591=CARTESIAN_POINT('',(143.975161261836,-5.5857864376269,-123.51916578691));
#2592=CARTESIAN_POINT('',(144.505491347726,-5.5,-122.600607133367));
#2593=CARTESIAN_POINT('',(143.444831175946,-9.,-124.437724440454));
#2594=CARTESIAN_POINT('',(144.505491347726,5.5,-122.600607133367));
#2595=CARTESIAN_POINT('',(143.975161261836,5.58578643762691,-123.51916578691));
#2596=CARTESIAN_POINT('',(144.500281080075,5.50000000000002,-122.609631581659));
#2597=CARTESIAN_POINT('',(152.621126525693,-9.00000000000026,-121.97894351198));
#2598=CARTESIAN_POINT('',(150.784009218605,5.5,-120.9182833402));
#2599=CARTESIAN_POINT('',(150.793033666897,5.50000000000001,-120.923493607851));
#2600=CARTESIAN_POINT('',(151.702567872149,5.58578643762691,-121.44861342609));
#2601=CARTESIAN_POINT('',(150.477823000757,-7.,-120.741506644904));
#2602=CARTESIAN_POINT('',(150.793033666897,-5.49999999999999,-120.923493607851));
#2603=CARTESIAN_POINT('',(150.784009218605,-5.5,-120.9182833402));
#2604=CARTESIAN_POINT('',(151.702567872149,-5.5857864376269,-121.44861342609));
#2605=CARTESIAN_POINT('',(40.5242984942898,5.58578643762692,-151.238740921777));
#2606=CARTESIAN_POINT('',(40.5242984942898,-5.58578643762694,-151.238740921777));
#2607=CARTESIAN_POINT('',(153.814242691019,5.5,-120.113963089672));
#2608=CARTESIAN_POINT('',(40.330184210463,-5.50000000000003,-150.51429655206));
#2609=CARTESIAN_POINT('',(153.814242691019,-5.5,-120.113963089672));
#2610=CARTESIAN_POINT('',(150.542527762033,5.5,-120.982988101476));
#2611=CARTESIAN_POINT('',(0.,0.,0.));
#2612=MECHANICAL_DESIGN_GEOMETRIC_PRESENTATION_REPRESENTATION('',(#1561),
#2613);
#2613=(
GEOMETRIC_REPRESENTATION_CONTEXT(3)
GLOBAL_UNCERTAINTY_ASSIGNED_CONTEXT((#2615))
GLOBAL_UNIT_ASSIGNED_CONTEXT((#2619,#2618,#2617))
REPRESENTATION_CONTEXT('CZ82_Grips','TOP_LEVEL_ASSEMBLY_PART')
);
#2614=(
GEOMETRIC_REPRESENTATION_CONTEXT(3)
GLOBAL_UNCERTAINTY_ASSIGNED_CONTEXT((#2616))
GLOBAL_UNIT_ASSIGNED_CONTEXT((#2619,#2618,#2617))
REPRESENTATION_CONTEXT('CZ82_magazineExtension_springRetainer_+2',
'COMPONENT_PART')
);
#2615=UNCERTAINTY_MEASURE_WITH_UNIT(LENGTH_MEASURE(0.005),#2619,
'DISTANCE_ACCURACY_VALUE','Maximum Tolerance applied to model');
#2616=UNCERTAINTY_MEASURE_WITH_UNIT(LENGTH_MEASURE(0.005),#2619,
'DISTANCE_ACCURACY_VALUE','Maximum Tolerance applied to model');
#2617=(
NAMED_UNIT(*)
SI_UNIT($,.STERADIAN.)
SOLID_ANGLE_UNIT()
);
#2618=(
NAMED_UNIT(*)
PLANE_ANGLE_UNIT()
SI_UNIT($,.RADIAN.)
);
#2619=(
LENGTH_UNIT()
NAMED_UNIT(*)
SI_UNIT(.MILLI.,.METRE.)
);
#2620=PRODUCT_DEFINITION_SHAPE('','',#2623);
#2621=PRODUCT_DEFINITION_SHAPE('','',#2624);
#2622=PRODUCT_DEFINITION_SHAPE(' ','NAUO PRDDFN',#19);
#2623=PRODUCT_DEFINITION('','',#2627,#2625);
#2624=PRODUCT_DEFINITION('','',#2628,#2626);
#2625=PRODUCT_DEFINITION_CONTEXT('',#2638,'design');
#2626=PRODUCT_DEFINITION_CONTEXT('',#2638,'design');
#2627=PRODUCT_DEFINITION_FORMATION_WITH_SPECIFIED_SOURCE('','',#2631,
 .NOT_KNOWN.);
#2628=PRODUCT_DEFINITION_FORMATION_WITH_SPECIFIED_SOURCE('','',#2632,
 .NOT_KNOWN.);
#2629=PRODUCT_RELATED_PRODUCT_CATEGORY('','',(#2631));
#2630=PRODUCT_RELATED_PRODUCT_CATEGORY('','',(#2632));
#2631=PRODUCT('CZ82_Grips','CZ82_Grips','CZ82_Grips',(#2635));
#2632=PRODUCT('CZ82_magazineExtension_springRetainer_+2',
'CZ82_magazineExtension_springRetainer_+2',
'CZ82_magazineExtension_springRetainer_+2',(#2636));
#2633=PRODUCT_CATEGORY('','');
#2634=PRODUCT_CATEGORY('','');
#2635=PRODUCT_CONTEXT('',#2638,'mechanical');
#2636=PRODUCT_CONTEXT('',#2638,'mechanical');
#2637=APPLICATION_PROTOCOL_DEFINITION('international standard',
'automotive_design',2010,#2638);
#2638=APPLICATION_CONTEXT(
'core data for automotive mechanical design processes');
ENDSEC;
END-ISO-10303-21;
