ISO-10303-21;
HEADER;
/* Generated by software containing ST-Developer
 * from STEP Tools, Inc. (www.steptools.com) 
 */
/* OPTION: strings as raw bytes, not using required /X/ escapes */

FILE_DESCRIPTION(
/* description */ ('Unknown'),
/* implementation_level */ '2;1');

FILE_NAME(
/* name */ 'CZ82_standardGripLeft_NATO_bebop',
/* time_stamp */ '2026-03-02T19:59:30-05:00',
/* author */ ('Unknown'),
/* organization */ ('Unknown'),
/* preprocessor_version */ 'ST-DEVELOPER v18.1',
/* originating_system */ 'Solid Edge',
/* authorisation */ 'Unknown');

FILE_SCHEMA (('AUTOMOTIVE_DESIGN {1 0 10303 214 3 1 1}'));
ENDSEC;

DATA;
#10=PROPERTY_DEFINITION_REPRESENTATION(#14,#12);
#11=PROPERTY_DEFINITION_REPRESENTATION(#15,#13);
#12=REPRESENTATION('',(#16),#12514);
#13=REPRESENTATION('',(#17),#12514);
#14=PROPERTY_DEFINITION('pmi validation property','',#12521);
#15=PROPERTY_DEFINITION('pmi validation property','',#12521);
#16=VALUE_REPRESENTATION_ITEM('number of annotations',COUNT_MEASURE(0.));
#17=VALUE_REPRESENTATION_ITEM('number of views',COUNT_MEASURE(0.));
#18=CONTEXT_DEPENDENT_SHAPE_REPRESENTATION(#20,#12523);
#19=NEXT_ASSEMBLY_USAGE_OCCURRENCE('CZ82_standardGripLeft_NATO_bebop',
'CZ82_standardGripLeft_NATO_bebop','CZ82_standardGripLeft_NATO_bebop',#12524,
#12525,'');
#20=(
REPRESENTATION_RELATIONSHIP(' ',' ',#4681,#4682)
REPRESENTATION_RELATIONSHIP_WITH_TRANSFORMATION(#21)
SHAPE_REPRESENTATION_RELATIONSHIP()
);
#21=ITEM_DEFINED_TRANSFORMATION(' ',' ',#4683,#4972);
#22=SHAPE_REPRESENTATION_RELATIONSHIP('','',#4681,#23);
#23=ADVANCED_BREP_SHAPE_REPRESENTATION('',(#4678),#12515);
#24=(
BOUNDED_CURVE()
B_SPLINE_CURVE(3,(#9504,#9505,#9506,#9507,#9508,#9509,#9510,#9511,#9512,
#9513,#9514,#9515,#9516,#9517,#9518,#9519,#9520,#9521,#9522,#9523,#9524,
#9525,#9526,#9527,#9528,#9529,#9530,#9531,#9532,#9533,#9534,#9535,#9536,
#9537,#9538,#9539,#9540,#9541,#9542,#9543,#9544,#9545,#9546,#9547,#9548,
#9549,#9550,#9551,#9552,#9553,#9554,#9555,#9556,#9557,#9558,#9559,#9560,
#9561,#9562,#9563,#9564,#9565,#9566,#9567,#9568,#9569,#9570,#9571,#9572,
#9573,#9574,#9575,#9576,#9577,#9578,#9579,#9580,#9581,#9582,#9583),
 .UNSPECIFIED.,.F.,.F.)
B_SPLINE_CURVE_WITH_KNOTS((4,3,3,3,3,3,3,3,3,3,3,3,2,2,2,2,2,3,3,3,3,3,
3,3,3,3,3,3,4),(-8.460801970185,-6.39292459245,-4.8022496865,-3.578653605,
-2.63742585,-1.9134045,-1.356465,-0.92805,-0.5985,-0.345,-0.15,0.,0.199872815548657,
0.48034649206314,0.760820168577397,0.901057006834513,0.971175425963095,
1.,1.15,1.345,1.5985,1.92805,2.356465,2.9134045,3.63742585,4.578653605,
5.8022496865,7.39292459245,9.460801970185),.UNSPECIFIED.)
CURVE()
GEOMETRIC_REPRESENTATION_ITEM()
RATIONAL_B_SPLINE_CURVE((1.,1.,1.,1.,1.,1.,1.,1.,1.,1.,1.,1.,1.,1.,1.,1.,
1.,1.,1.,1.,1.,1.,1.,1.,1.,1.,1.,1.,1.,1.,1.,1.,1.,1.,1.,1.,1.,1.,1.,1.,
1.,1.,1.,1.,1.,1.,1.,1.,1.,1.,1.,1.,1.,1.,1.,1.,1.,1.,1.,1.,1.,1.,1.,1.,
1.,1.,1.,1.,1.,1.,1.,1.,1.,1.,1.,1.,1.,1.,1.,1.))
REPRESENTATION_ITEM('')
);
#25=(
BOUNDED_CURVE()
B_SPLINE_CURVE(3,(#10077,#10078,#10079,#10080),.UNSPECIFIED.,.F.,.F.)
B_SPLINE_CURVE_WITH_KNOTS((4,4),(0.,1.),.PIECEWISE_BEZIER_KNOTS.)
CURVE()
GEOMETRIC_REPRESENTATION_ITEM()
RATIONAL_B_SPLINE_CURVE((1.,1.,1.,1.))
REPRESENTATION_ITEM('')
);
#26=(
BOUNDED_CURVE()
B_SPLINE_CURVE(3,(#10109,#10110,#10111,#10112,#10113,#10114,#10115,#10116,
#10117,#10118,#10119,#10120),.UNSPECIFIED.,.F.,.F.)
B_SPLINE_CURVE_WITH_KNOTS((4,2,2,2,2,4),(0.36539584770895,0.523214294254418,
0.681032740799887,0.838851187345356,0.996669633890825,1.),.UNSPECIFIED.)
CURVE()
GEOMETRIC_REPRESENTATION_ITEM()
RATIONAL_B_SPLINE_CURVE((1.,1.,1.,1.,1.,1.,1.,1.,1.,1.,1.,1.))
REPRESENTATION_ITEM('')
);
#27=(
BOUNDED_CURVE()
B_SPLINE_CURVE(3,(#10453,#10454,#10455,#10456,#10457,#10458,#10459,#10460,
#10461,#10462,#10463,#10464),.UNSPECIFIED.,.F.,.F.)
B_SPLINE_CURVE_WITH_KNOTS((4,2,2,2,2,4),(0.36539584770895,0.523214294254418,
0.681032740799887,0.838851187345356,0.996669633890825,1.),.UNSPECIFIED.)
CURVE()
GEOMETRIC_REPRESENTATION_ITEM()
RATIONAL_B_SPLINE_CURVE((1.,1.,1.,1.,1.,1.,1.,1.,1.,1.,1.,1.))
REPRESENTATION_ITEM('')
);
#28=DEGENERATE_TOROIDAL_SURFACE('',#4811,0.531754163448123,1.,.T.);
#29=B_SPLINE_SURFACE_WITH_KNOTS('',1,3,((#7064,#7065,#7066,#7067,#7068,
#7069,#7070,#7071,#7072,#7073),(#7074,#7075,#7076,#7077,#7078,#7079,#7080,
#7081,#7082,#7083)),.RULED_SURF.,.F.,.F.,.F.,(2,2),(4,2,2,2,4),(0.,1.),
(0.078870432954648,0.156519360737399,0.271028946193377,0.500048117105335,
0.896699383836818),.UNSPECIFIED.);
#30=B_SPLINE_SURFACE_WITH_KNOTS('',1,3,((#7105,#7106,#7107,#7108,#7109,
#7110,#7111,#7112),(#7113,#7114,#7115,#7116,#7117,#7118,#7119,#7120)),
 .RULED_SURF.,.F.,.F.,.F.,(2,2),(4,2,2,4),(0.,1.),(0.0704422709870729,0.266048696842124,
0.499909415282263,0.871103239661848),.UNSPECIFIED.);
#31=B_SPLINE_SURFACE_WITH_KNOTS('',2,1,((#7161,#7162),(#7163,#7164),(#7165,
#7166)),.SURF_OF_LINEAR_EXTRUSION.,.F.,.F.,.F.,(3,3),(2,2),(0.660383546053594,
0.714825482596212),(0.97680575750839,0.983017298090197),
 .PIECEWISE_BEZIER_KNOTS.);
#32=B_SPLINE_SURFACE_WITH_KNOTS('',3,3,((#7205,#7206,#7207,#7208,#7209,
#7210,#7211,#7212,#7213),(#7214,#7215,#7216,#7217,#7218,#7219,#7220,#7221,
#7222),(#7223,#7224,#7225,#7226,#7227,#7228,#7229,#7230,#7231),(#7232,#7233,
#7234,#7235,#7236,#7237,#7238,#7239,#7240),(#7241,#7242,#7243,#7244,#7245,
#7246,#7247,#7248,#7249),(#7250,#7251,#7252,#7253,#7254,#7255,#7256,#7257,
#7258),(#7259,#7260,#7261,#7262,#7263,#7264,#7265,#7266,#7267),(#7268,#7269,
#7270,#7271,#7272,#7273,#7274,#7275,#7276),(#7277,#7278,#7279,#7280,#7281,
#7282,#7283,#7284,#7285),(#7286,#7287,#7288,#7289,#7290,#7291,#7292,#7293,
#7294)),.UNSPECIFIED.,.F.,.F.,.F.,(4,2,2,2,4),(4,2,3,4),(0.149640226793554,
0.185179653930908,0.370359307861815,0.685179653930908,1.),(0.,0.5,1.,1.00600209943269),
 .UNSPECIFIED.);
#33=B_SPLINE_SURFACE_WITH_KNOTS('',2,1,((#8339,#8340),(#8341,#8342),(#8343,
#8344)),.SURF_OF_LINEAR_EXTRUSION.,.F.,.F.,.F.,(3,3),(2,2),(0.707486822793544,
1.),(0.956653267628496,1.),.PIECEWISE_BEZIER_KNOTS.);
#34=B_SPLINE_SURFACE_WITH_KNOTS('',2,1,((#8411,#8412),(#8413,#8414),(#8415,
#8416)),.SURF_OF_LINEAR_EXTRUSION.,.F.,.F.,.F.,(3,3),(2,2),(0.660383546053592,
1.),(0.0795797976856548,0.944907557951582),.PIECEWISE_BEZIER_KNOTS.);
#35=B_SPLINE_SURFACE_WITH_KNOTS('',1,3,((#8632,#8633,#8634,#8635),(#8636,
#8637,#8638,#8639)),.SURF_OF_LINEAR_EXTRUSION.,.F.,.F.,.F.,(2,2),(4,4),
(0.,1.),(0.0742153846824594,0.916723517750364),.PIECEWISE_BEZIER_KNOTS.);
#36=B_SPLINE_SURFACE_WITH_KNOTS('',1,3,((#8649,#8650,#8651,#8652),(#8653,
#8654,#8655,#8656)),.RULED_SURF.,.F.,.F.,.F.,(2,2),(4,4),(0.,1.),(0.00672582344633185,
0.997690159030742),.PIECEWISE_BEZIER_KNOTS.);
#37=B_SPLINE_SURFACE_WITH_KNOTS('',1,3,((#9082,#9083,#9084,#9085,#9086,
#9087,#9088),(#9089,#9090,#9091,#9092,#9093,#9094,#9095)),
 .SURF_OF_LINEAR_EXTRUSION.,.F.,.F.,.F.,(2,2),(4,1,1,1,4),(0.,1.),(0.,0.25,
0.5,0.75,0.857024009159897),.UNSPECIFIED.);
#38=B_SPLINE_SURFACE_WITH_KNOTS('',1,3,((#10019,#10020,#10021,#10022,#10023,
#10024,#10025,#10026,#10027,#10028,#10029,#10030),(#10031,#10032,#10033,
#10034,#10035,#10036,#10037,#10038,#10039,#10040,#10041,#10042)),
 .RULED_SURF.,.F.,.F.,.F.,(2,2),(4,2,2,2,2,4),(0.,1.),(0.075986735418036,
0.154794938619573,0.269893925936545,0.500091900570488,0.730289875204432,
0.92367516353843),.UNSPECIFIED.);
#39=B_SPLINE_SURFACE_WITH_KNOTS('',1,3,((#10246,#10247,#10248,#10249),(#10250,
#10251,#10252,#10253)),.SURF_OF_LINEAR_EXTRUSION.,.F.,.F.,.F.,(2,2),(4,
4),(0.,1.),(0.097890968594135,0.924291492748936),
 .PIECEWISE_BEZIER_KNOTS.);
#40=B_SPLINE_SURFACE_WITH_KNOTS('',2,1,((#10342,#10343),(#10344,#10345),
(#10346,#10347)),.SURF_OF_LINEAR_EXTRUSION.,.F.,.F.,.F.,(3,3),(2,2),(0.660383546053591,
0.959902764313699),(0.,0.00365097752934568),.PIECEWISE_BEZIER_KNOTS.);
#41=B_SPLINE_SURFACE_WITH_KNOTS('',1,3,((#10381,#10382,#10383,#10384),(#10385,
#10386,#10387,#10388)),.SURF_OF_LINEAR_EXTRUSION.,.F.,.F.,.F.,(2,2),(4,
4),(0.,1.),(0.116411908447494,0.929956819213421),
 .PIECEWISE_BEZIER_KNOTS.);
#42=B_SPLINE_SURFACE_WITH_KNOTS('',1,3,((#10408,#10409,#10410,#10411,#10412,
#10413,#10414,#10415,#10416,#10417),(#10418,#10419,#10420,#10421,#10422,
#10423,#10424,#10425,#10426,#10427),(#10428,#10429,#10430,#10431,#10432,
#10433,#10434,#10435,#10436,#10437)),.SURF_OF_LINEAR_EXTRUSION.,.F.,.F.,
 .F.,(2,1,2),(4,2,2,2,4),(0.,1.,1.01205163204629),(0.366617045324294,0.524962783993221,
0.683308522662147,0.841654261331074,0.980190301486184),.UNSPECIFIED.);
#43=B_SPLINE_SURFACE_WITH_KNOTS('',1,3,((#10478,#10479,#10480,#10481),(#10482,
#10483,#10484,#10485)),.SURF_OF_LINEAR_EXTRUSION.,.F.,.F.,.F.,(2,2),(4,
4),(0.,1.),(0.,0.803636792778036),.PIECEWISE_BEZIER_KNOTS.);
#44=B_SPLINE_SURFACE_WITH_KNOTS('',1,3,((#10492,#10493,#10494,#10495,#10496,
#10497,#10498,#10499,#10500,#10501,#10502,#10503,#10504,#10505,#10506,#10507,
#10508,#10509,#10510,#10511,#10512,#10513,#10514),(#10515,#10516,#10517,
#10518,#10519,#10520,#10521,#10522,#10523,#10524,#10525,#10526,#10527,#10528,
#10529,#10530,#10531,#10532,#10533,#10534,#10535,#10536,#10537)),
 .SURF_OF_LINEAR_EXTRUSION.,.F.,.F.,.F.,(2,2),(4,3,2,2,2,2,2,2,2,2,4),(0.,
1.),(-0.00607691169782028,0.,0.25,0.375,0.40625,0.4375,0.5,0.625,0.75,0.875,
1.),.UNSPECIFIED.);
#45=B_SPLINE_SURFACE_WITH_KNOTS('',1,3,((#10579,#10580,#10581,#10582,#10583,
#10584,#10585,#10586,#10587,#10588,#10589,#10590,#10591,#10592,#10593,#10594,
#10595,#10596,#10597,#10598,#10599,#10600,#10601,#10602,#10603,#10604,#10605,
#10606,#10607),(#10608,#10609,#10610,#10611,#10612,#10613,#10614,#10615,
#10616,#10617,#10618,#10619,#10620,#10621,#10622,#10623,#10624,#10625,#10626,
#10627,#10628,#10629,#10630,#10631,#10632,#10633,#10634,#10635,#10636),
(#10637,#10638,#10639,#10640,#10641,#10642,#10643,#10644,#10645,#10646,
#10647,#10648,#10649,#10650,#10651,#10652,#10653,#10654,#10655,#10656,#10657,
#10658,#10659,#10660,#10661,#10662,#10663,#10664,#10665)),.RULED_SURF.,
 .F.,.F.,.F.,(2,1,2),(4,3,2,2,2,2,2,2,2,2,2,2,2,4),(0.0296455624858342,
1.,1.02964556248584),(-0.341785475122563,-0.113151584715849,-0.0565757923579243,
-0.0282878961789622,-0.0141439480894811,-0.00707197404474054,0.,0.0080925768056285,
0.016185153611257,0.032370307222514,0.064740614445028,0.129481228890056,
0.258962457780112,0.406492715623789),.UNSPECIFIED.);
#46=B_SPLINE_SURFACE_WITH_KNOTS('',1,3,((#10769,#10770,#10771,#10772,#10773,
#10774,#10775,#10776,#10777,#10778,#10779,#10780,#10781,#10782,#10783,#10784,
#10785,#10786,#10787,#10788,#10789,#10790,#10791,#10792,#10793,#10794),
(#10795,#10796,#10797,#10798,#10799,#10800,#10801,#10802,#10803,#10804,
#10805,#10806,#10807,#10808,#10809,#10810,#10811,#10812,#10813,#10814,#10815,
#10816,#10817,#10818,#10819,#10820),(#10821,#10822,#10823,#10824,#10825,
#10826,#10827,#10828,#10829,#10830,#10831,#10832,#10833,#10834,#10835,#10836,
#10837,#10838,#10839,#10840,#10841,#10842,#10843,#10844,#10845,#10846)),
 .RULED_SURF.,.F.,.F.,.F.,(2,1,2),(4,2,2,2,2,2,2,2,2,2,2,2,4),(-0.008172372246212,
0.,1.),(0.100110371509501,0.287673173726271,0.411924838470045,0.427456296563017,
0.442987754655989,0.474050670841932,0.536176503213819,0.784679832701368,
0.908931497445142,0.939994413631085,0.971057329817029,0.986588787910001,
0.993372235037416),.UNSPECIFIED.);
#47=B_SPLINE_SURFACE_WITH_KNOTS('',1,3,((#10904,#10905,#10906,#10907),(#10908,
#10909,#10910,#10911),(#10912,#10913,#10914,#10915)),
 .SURF_OF_LINEAR_EXTRUSION.,.F.,.F.,.F.,(2,1,2),(4,4),(-0.0211355997714947,
0.,1.),(0.0815596612552125,0.90459120487015),.PIECEWISE_BEZIER_KNOTS.);
#48=B_SPLINE_SURFACE_WITH_KNOTS('',1,3,((#10945,#10946,#10947,#10948),(#10949,
#10950,#10951,#10952),(#10953,#10954,#10955,#10956)),.RULED_SURF.,.F.,.F.,
 .F.,(2,1,2),(4,4),(0.,1.,1.00915322239267),(0.0463573600613366,0.96213705019453),
 .PIECEWISE_BEZIER_KNOTS.);
#49=B_SPLINE_SURFACE_WITH_KNOTS('',1,3,((#10980,#10981,#10982,#10983),(#10984,
#10985,#10986,#10987)),.RULED_SURF.,.F.,.F.,.F.,(2,2),(4,4),(0.,1.),(0.177692035404904,
0.874795475339618),.PIECEWISE_BEZIER_KNOTS.);
#50=B_SPLINE_SURFACE_WITH_KNOTS('',1,3,((#11032,#11033,#11034,#11035),(#11036,
#11037,#11038,#11039),(#11040,#11041,#11042,#11043)),.RULED_SURF.,.F.,.F.,
 .F.,(2,1,2),(4,4),(0.273151582152843,1.,1.00434614003183),(0.00836028239055825,
0.578160095001445),.PIECEWISE_BEZIER_KNOTS.);
#51=B_SPLINE_SURFACE_WITH_KNOTS('',1,3,((#11091,#11092,#11093,#11094,#11095,
#11096,#11097,#11098,#11099,#11100,#11101,#11102),(#11103,#11104,#11105,
#11106,#11107,#11108,#11109,#11110,#11111,#11112,#11113,#11114),(#11115,
#11116,#11117,#11118,#11119,#11120,#11121,#11122,#11123,#11124,#11125,#11126)),
 .RULED_SURF.,.F.,.F.,.F.,(2,1,2),(4,2,2,2,2,4),(0.,1.,1.00612478321486),
(0.0759765081839976,0.272508062912433,0.505993570018107,0.739479077123781,
0.856221830676618,0.936197126877788),.UNSPECIFIED.);
#52=B_SPLINE_SURFACE_WITH_KNOTS('',1,3,((#11138,#11139,#11140,#11141,#11142,
#11143,#11144,#11145,#11146,#11147,#11148,#11149,#11150,#11151,#11152,#11153),
(#11154,#11155,#11156,#11157,#11158,#11159,#11160,#11161,#11162,#11163,
#11164,#11165,#11166,#11167,#11168,#11169)),.SURF_OF_LINEAR_EXTRUSION.,
 .F.,.F.,.F.,(2,2),(4,3,2,2,2,3,4),(0.,1.),(-0.704826151006768,0.,0.25,
0.5,0.75,1.,1.01704826151007),.UNSPECIFIED.);
#53=B_SPLINE_SURFACE_WITH_KNOTS('',1,3,((#11206,#11207,#11208,#11209),(#11210,
#11211,#11212,#11213)),.RULED_SURF.,.F.,.F.,.F.,(2,2),(4,4),(0.,1.),(0.14446346459295,
0.9314432666747),.PIECEWISE_BEZIER_KNOTS.);
#54=B_SPLINE_SURFACE_WITH_KNOTS('',1,3,((#11223,#11224,#11225,#11226,#11227,
#11228,#11229,#11230,#11231,#11232,#11233,#11234,#11235,#11236,#11237,#11238,
#11239,#11240),(#11241,#11242,#11243,#11244,#11245,#11246,#11247,#11248,
#11249,#11250,#11251,#11252,#11253,#11254,#11255,#11256,#11257,#11258)),
 .RULED_SURF.,.F.,.F.,.F.,(2,2),(4,2,2,2,2,2,2,2,4),(0.,1.),(0.0691636418310279,
0.148816305762763,0.2073793079643,0.265942310165837,0.500194318971986,0.734446327778134,
0.793009329979671,0.851572332181209,0.93121666185359),.UNSPECIFIED.);
#55=B_SPLINE_SURFACE_WITH_KNOTS('',1,3,((#11504,#11505,#11506,#11507,#11508,
#11509,#11510),(#11511,#11512,#11513,#11514,#11515,#11516,#11517)),
 .RULED_SURF.,.F.,.F.,.F.,(2,2),(4,3,4),(0.,1.),(0.524969794380113,0.527223046605073,
0.905018336323333),.PIECEWISE_BEZIER_KNOTS.);
#56=B_SPLINE_SURFACE_WITH_KNOTS('',1,3,((#11532,#11533,#11534,#11535,#11536,
#11537,#11538),(#11539,#11540,#11541,#11542,#11543,#11544,#11545)),
 .RULED_SURF.,.F.,.F.,.F.,(2,2),(4,3,4),(0.,1.),(-0.100781559423402,-0.0811138660841837,
0.177692035406927),.PIECEWISE_BEZIER_KNOTS.);
#57=B_SPLINE_SURFACE_WITH_KNOTS('',1,3,((#11555,#11556,#11557,#11558,#11559,
#11560,#11561,#11562),(#11563,#11564,#11565,#11566,#11567,#11568,#11569,
#11570)),.RULED_SURF.,.F.,.F.,.F.,(2,2),(4,2,2,4),(0.,1.),(0.126161985179048,
0.553332071040187,0.766917113970757,0.980502156901326),.UNSPECIFIED.);
#58=B_SPLINE_SURFACE_WITH_KNOTS('',1,3,((#11741,#11742,#11743,#11744),(#11745,
#11746,#11747,#11748)),.SURF_OF_LINEAR_EXTRUSION.,.F.,.F.,.F.,(2,2),(4,
4),(0.,0.737233957632697),(0.,1.),.PIECEWISE_BEZIER_KNOTS.);
#59=B_SPLINE_SURFACE_WITH_KNOTS('',3,3,((#11755,#11756,#11757,#11758,#11759,
#11760,#11761,#11762,#11763,#11764,#11765,#11766,#11767,#11768,#11769,#11770),
(#11771,#11772,#11773,#11774,#11775,#11776,#11777,#11778,#11779,#11780,
#11781,#11782,#11783,#11784,#11785,#11786),(#11787,#11788,#11789,#11790,
#11791,#11792,#11793,#11794,#11795,#11796,#11797,#11798,#11799,#11800,#11801,
#11802),(#11803,#11804,#11805,#11806,#11807,#11808,#11809,#11810,#11811,
#11812,#11813,#11814,#11815,#11816,#11817,#11818),(#11819,#11820,#11821,
#11822,#11823,#11824,#11825,#11826,#11827,#11828,#11829,#11830,#11831,#11832,
#11833,#11834),(#11835,#11836,#11837,#11838,#11839,#11840,#11841,#11842,
#11843,#11844,#11845,#11846,#11847,#11848,#11849,#11850),(#11851,#11852,
#11853,#11854,#11855,#11856,#11857,#11858,#11859,#11860,#11861,#11862,#11863,
#11864,#11865,#11866),(#11867,#11868,#11869,#11870,#11871,#11872,#11873,
#11874,#11875,#11876,#11877,#11878,#11879,#11880,#11881,#11882),(#11883,
#11884,#11885,#11886,#11887,#11888,#11889,#11890,#11891,#11892,#11893,#11894,
#11895,#11896,#11897,#11898),(#11899,#11900,#11901,#11902,#11903,#11904,
#11905,#11906,#11907,#11908,#11909,#11910,#11911,#11912,#11913,#11914)),
 .UNSPECIFIED.,.F.,.F.,.F.,(4,2,2,2,4),(4,3,2,2,2,3,4),(0.,0.249999999999997,
0.374999999999997,0.499999999999997,1.),(-0.704826151007034,0.,0.25,0.5,
0.75,1.,1.01704826151007),.UNSPECIFIED.);
#60=B_SPLINE_SURFACE_WITH_KNOTS('',1,3,((#11930,#11931,#11932,#11933,#11934,
#11935,#11936,#11937,#11938,#11939),(#11940,#11941,#11942,#11943,#11944,
#11945,#11946,#11947,#11948,#11949),(#11950,#11951,#11952,#11953,#11954,
#11955,#11956,#11957,#11958,#11959),(#11960,#11961,#11962,#11963,#11964,
#11965,#11966,#11967,#11968,#11969)),.SURF_OF_LINEAR_EXTRUSION.,.F.,.F.,
 .F.,(2,1,1,2),(4,3,3,4),(-0.005,0.,1.,1.005),(0.554263674759779,0.957430943108916,
1.08339329145298,1.08760908271493),.PIECEWISE_BEZIER_KNOTS.);
#61=B_SPLINE_SURFACE_WITH_KNOTS('',1,3,((#11984,#11985,#11986,#11987,#11988,
#11989),(#11990,#11991,#11992,#11993,#11994,#11995)),.RULED_SURF.,.F.,.F.,
 .F.,(2,2),(4,2,4),(0.,1.),(0.0620962753347341,0.500109496013875,0.554263674759781),
 .UNSPECIFIED.);
#62=B_SPLINE_SURFACE_WITH_KNOTS('',1,3,((#12005,#12006,#12007,#12008),(#12009,
#12010,#12011,#12012),(#12013,#12014,#12015,#12016)),.RULED_SURF.,.F.,.F.,
 .F.,(2,1,2),(4,4),(0.,1.,1.005),(0.0588353639046871,0.940793852798208),
 .PIECEWISE_BEZIER_KNOTS.);
#63=B_SPLINE_SURFACE_WITH_KNOTS('',3,3,((#12030,#12031,#12032,#12033,#12034,
#12035,#12036,#12037,#12038,#12039),(#12040,#12041,#12042,#12043,#12044,
#12045,#12046,#12047,#12048,#12049),(#12050,#12051,#12052,#12053,#12054,
#12055,#12056,#12057,#12058,#12059),(#12060,#12061,#12062,#12063,#12064,
#12065,#12066,#12067,#12068,#12069),(#12070,#12071,#12072,#12073,#12074,
#12075,#12076,#12077,#12078,#12079),(#12080,#12081,#12082,#12083,#12084,
#12085,#12086,#12087,#12088,#12089),(#12090,#12091,#12092,#12093,#12094,
#12095,#12096,#12097,#12098,#12099),(#12100,#12101,#12102,#12103,#12104,
#12105,#12106,#12107,#12108,#12109),(#12110,#12111,#12112,#12113,#12114,
#12115,#12116,#12117,#12118,#12119),(#12120,#12121,#12122,#12123,#12124,
#12125,#12126,#12127,#12128,#12129)),.UNSPECIFIED.,.F.,.F.,.F.,(4,2,2,2,
4),(4,3,3,4),(0.0550281635944243,0.249999999999997,0.374999999999997,0.499999999999997,
1.),(-0.0261256522093235,-0.019864898982936,0.,1.),.UNSPECIFIED.);
#64=B_SPLINE_SURFACE_WITH_KNOTS('',1,3,((#12145,#12146,#12147,#12148,#12149,
#12150,#12151,#12152,#12153,#12154),(#12155,#12156,#12157,#12158,#12159,
#12160,#12161,#12162,#12163,#12164),(#12165,#12166,#12167,#12168,#12169,
#12170,#12171,#12172,#12173,#12174)),.RULED_SURF.,.F.,.F.,.F.,(2,1,2),(4,
2,2,2,4),(0.,1.,1.00603803072695),(0.105444543691504,0.157135157196261,
0.271599551356422,0.500528339676745,0.527223308659754),.UNSPECIFIED.);
#65=B_SPLINE_SURFACE_WITH_KNOTS('',1,3,((#12189,#12190,#12191,#12192,#12193,
#12194,#12195,#12196,#12197,#12198),(#12199,#12200,#12201,#12202,#12203,
#12204,#12205,#12206,#12207,#12208)),.SURF_OF_LINEAR_EXTRUSION.,.F.,.F.,
 .F.,(2,2),(4,2,2,2,4),(0.,0.745108716770071),(0.36539584770895,0.523214294254418,
0.681032740799887,0.838851187345356,0.911433963262506),.UNSPECIFIED.);
#66=B_SPLINE_SURFACE_WITH_KNOTS('',1,3,((#12221,#12222,#12223,#12224),(#12225,
#12226,#12227,#12228)),.RULED_SURF.,.F.,.F.,.F.,(2,2),(4,4),(0.,1.),(0.0778379170988314,
0.916451372546905),.PIECEWISE_BEZIER_KNOTS.);
#67=B_SPLINE_SURFACE_WITH_KNOTS('',1,3,((#12279,#12280,#12281,#12282),(#12283,
#12284,#12285,#12286)),.SURF_OF_LINEAR_EXTRUSION.,.F.,.F.,.F.,(2,2),(4,
4),(0.,1.),(0.0789008323416429,0.920993027107141),
 .PIECEWISE_BEZIER_KNOTS.);
#68=B_SPLINE_SURFACE_WITH_KNOTS('',3,3,((#12291,#12292,#12293,#12294,#12295,
#12296,#12297,#12298,#12299,#12300,#12301,#12302,#12303),(#12304,#12305,
#12306,#12307,#12308,#12309,#12310,#12311,#12312,#12313,#12314,#12315,#12316),
(#12317,#12318,#12319,#12320,#12321,#12322,#12323,#12324,#12325,#12326,
#12327,#12328,#12329),(#12330,#12331,#12332,#12333,#12334,#12335,#12336,
#12337,#12338,#12339,#12340,#12341,#12342),(#12343,#12344,#12345,#12346,
#12347,#12348,#12349,#12350,#12351,#12352,#12353,#12354,#12355),(#12356,
#12357,#12358,#12359,#12360,#12361,#12362,#12363,#12364,#12365,#12366,#12367,
#12368),(#12369,#12370,#12371,#12372,#12373,#12374,#12375,#12376,#12377,
#12378,#12379,#12380,#12381),(#12382,#12383,#12384,#12385,#12386,#12387,
#12388,#12389,#12390,#12391,#12392,#12393,#12394),(#12395,#12396,#12397,
#12398,#12399,#12400,#12401,#12402,#12403,#12404,#12405,#12406,#12407),
(#12408,#12409,#12410,#12411,#12412,#12413,#12414,#12415,#12416,#12417,
#12418,#12419,#12420),(#12421,#12422,#12423,#12424,#12425,#12426,#12427,
#12428,#12429,#12430,#12431,#12432,#12433),(#12434,#12435,#12436,#12437,
#12438,#12439,#12440,#12441,#12442,#12443,#12444,#12445,#12446),(#12447,
#12448,#12449,#12450,#12451,#12452,#12453,#12454,#12455,#12456,#12457,#12458,
#12459)),.UNSPECIFIED.,.F.,.F.,.F.,(4,2,2,2,3,4),(4,3,2,2,2,4),(0.054699615598522,
0.249999999999997,0.374999999999997,0.499999999999997,1.,1.00564037456269),
(0.,0.36539584770895,0.523214294254418,0.681032740799887,0.838851187345356,
0.858231665109477),.UNSPECIFIED.);
#69=B_SPLINE_SURFACE_WITH_KNOTS('',1,3,((#12482,#12483,#12484,#12485,#12486,
#12487,#12488,#12489,#12490,#12491),(#12492,#12493,#12494,#12495,#12496,
#12497,#12498,#12499,#12500,#12501),(#12502,#12503,#12504,#12505,#12506,
#12507,#12508,#12509,#12510,#12511)),.RULED_SURF.,.F.,.F.,.F.,(2,1,2),(4,
2,2,2,4),(-0.01,0.,1.),(0.0783272781469095,0.479106732749878,0.588463912345443,
0.697821091941009,0.916535451132139),.UNSPECIFIED.);
#70=CONICAL_SURFACE('',#4777,13.0919107023202,0.349065850398866);
#71=CONICAL_SURFACE('',#4787,10.5,0.785398163397448);
#72=CONICAL_SURFACE('',#4830,1.5,0.785398163397448);
#73=CONICAL_SURFACE('',#4832,1.5,0.785398163397448);
#74=CONICAL_SURFACE('',#4910,0.999999999999999,0.785398163397447);
#75=CONICAL_SURFACE('',#4916,5.,0.785398163397455);
#76=CONICAL_SURFACE('',#4946,0.999999999999999,0.785398163397449);
#77=CONICAL_SURFACE('',#4959,24.8335394781464,0.785398163397454);
#78=CONICAL_SURFACE('',#4968,24.8335394781464,0.785398174181055);
#79=TOROIDAL_SURFACE('',#4737,20.9839743177508,5.);
#80=TOROIDAL_SURFACE('',#4780,13.7921182405299,1.);
#81=TOROIDAL_SURFACE('',#4785,12.5673241527505,5.);
#82=TOROIDAL_SURFACE('',#4826,1.03175416344812,1.);
#83=CYLINDRICAL_SURFACE('',#4701,1.);
#84=CYLINDRICAL_SURFACE('',#4707,8.);
#85=CYLINDRICAL_SURFACE('',#4711,8.);
#86=CYLINDRICAL_SURFACE('',#4712,8.);
#87=CYLINDRICAL_SURFACE('',#4717,8.);
#88=CYLINDRICAL_SURFACE('',#4722,12.);
#89=CYLINDRICAL_SURFACE('',#4725,0.999999999999999);
#90=CYLINDRICAL_SURFACE('',#4729,2.);
#91=CYLINDRICAL_SURFACE('',#4731,2.);
#92=CYLINDRICAL_SURFACE('',#4734,2.);
#93=CYLINDRICAL_SURFACE('',#4743,1.);
#94=CYLINDRICAL_SURFACE('',#4745,1.);
#95=CYLINDRICAL_SURFACE('',#4747,1.);
#96=CYLINDRICAL_SURFACE('',#4759,3.);
#97=CYLINDRICAL_SURFACE('',#4769,2.);
#98=CYLINDRICAL_SURFACE('',#4774,3.);
#99=CYLINDRICAL_SURFACE('',#4789,10.5);
#100=CYLINDRICAL_SURFACE('',#4818,12.2599127952705);
#101=CYLINDRICAL_SURFACE('',#4820,12.2599127952705);
#102=CYLINDRICAL_SURFACE('',#4821,12.2599127952705);
#103=CYLINDRICAL_SURFACE('',#4823,12.2599127952705);
#104=CYLINDRICAL_SURFACE('',#4848,3.);
#105=CYLINDRICAL_SURFACE('',#4854,2.25);
#106=CYLINDRICAL_SURFACE('',#4855,14.645);
#107=CYLINDRICAL_SURFACE('',#4856,5.25);
#108=CYLINDRICAL_SURFACE('',#4861,1.75);
#109=CYLINDRICAL_SURFACE('',#4869,3.);
#110=CYLINDRICAL_SURFACE('',#4872,3.);
#111=CYLINDRICAL_SURFACE('',#4881,5.);
#112=CYLINDRICAL_SURFACE('',#4884,0.999999999999999);
#113=CYLINDRICAL_SURFACE('',#4889,0.999999999999999);
#114=CYLINDRICAL_SURFACE('',#4893,7.75);
#115=CYLINDRICAL_SURFACE('',#4922,0.999999999999999);
#116=CYLINDRICAL_SURFACE('',#4927,2.5);
#117=CYLINDRICAL_SURFACE('',#4932,26.9012383162301);
#118=CYLINDRICAL_SURFACE('',#4941,4.24999999453067);
#119=CYLINDRICAL_SURFACE('',#4952,20.8707254144945);
#120=CYLINDRICAL_SURFACE('',#4966,24.8335394781464);
#121=ELLIPSE('',#4699,4.24264068711929,3.);
#122=ELLIPSE('',#4726,1.00004375657984,0.999999999999999);
#123=ELLIPSE('',#4732,2.8284271247462,2.);
#124=ELLIPSE('',#4735,2.8284271247462,2.);
#125=ELLIPSE('',#4770,2.82842712474619,2.);
#126=ELLIPSE('',#4775,4.24264068711929,3.);
#127=ELLIPSE('',#4779,14.3742028235156,9.46694682143436);
#128=ELLIPSE('',#4822,12.3076308210583,12.2599127952705);
#129=ELLIPSE('',#4924,1.53907322309014,0.999999999999999);
#130=ELLIPSE('',#4928,2.58710724266335,2.5);
#131=ELLIPSE('',#4940,4.76465770866685,4.24999999453067);
#132=ELLIPSE('',#4953,29.5156629377431,20.8707254144945);
#133=ELLIPSE('',#4957,35.1199283317224,24.8335394781464);
#134=CIRCLE('',#4686,0.999999999999999);
#135=CIRCLE('',#4688,2.);
#136=CIRCLE('',#4689,1.);
#137=CIRCLE('',#4691,2.);
#138=CIRCLE('',#4692,1.);
#139=CIRCLE('',#4694,1.);
#140=CIRCLE('',#4695,2.00000000000001);
#141=CIRCLE('',#4700,0.999999999999999);
#142=CIRCLE('',#4702,1.);
#143=CIRCLE('',#4703,1.);
#144=CIRCLE('',#4705,8.);
#145=CIRCLE('',#4706,8.);
#146=CIRCLE('',#4708,8.);
#147=CIRCLE('',#4710,8.);
#148=CIRCLE('',#4713,8.);
#149=CIRCLE('',#4714,8.);
#150=CIRCLE('',#4716,8.);
#151=CIRCLE('',#4718,8.);
#152=CIRCLE('',#4721,2.);
#153=CIRCLE('',#4723,12.);
#154=CIRCLE('',#4724,12.);
#155=CIRCLE('',#4727,0.999999999999999);
#156=CIRCLE('',#4728,0.999999999999999);
#157=CIRCLE('',#4730,2.);
#158=CIRCLE('',#4733,2.);
#159=CIRCLE('',#4736,2.);
#160=CIRCLE('',#4738,16.7756492352507);
#161=CIRCLE('',#4739,20.9839743177508);
#162=CIRCLE('',#4744,1.);
#163=CIRCLE('',#4746,1.);
#164=CIRCLE('',#4748,1.);
#165=CIRCLE('',#4760,3.);
#166=CIRCLE('',#4764,3.);
#167=CIRCLE('',#4768,11.5);
#168=CIRCLE('',#4778,12.852425619744);
#169=CIRCLE('',#4781,13.7921182405299);
#170=CIRCLE('',#4783,12.5673241527505);
#171=CIRCLE('',#4784,12.5673241527505);
#172=CIRCLE('',#4788,10.5);
#173=CIRCLE('',#4790,10.5);
#174=CIRCLE('',#4795,1.03175416344812);
#175=CIRCLE('',#4797,1.5);
#176=CIRCLE('',#4799,1.5);
#177=CIRCLE('',#4809,0.531754163448123);
#178=CIRCLE('',#4810,3.);
#179=CIRCLE('',#4812,1.5);
#180=CIRCLE('',#4817,12.2599127952705);
#181=CIRCLE('',#4819,12.0757011912669);
#182=CIRCLE('',#4824,14.651630350832);
#183=CIRCLE('',#4825,10.8730579980772);
#184=CIRCLE('',#4827,2.);
#185=CIRCLE('',#4831,2.5);
#186=CIRCLE('',#4833,2.5);
#187=CIRCLE('',#4840,1.75);
#188=CIRCLE('',#4841,3.);
#189=CIRCLE('',#4842,3.);
#190=CIRCLE('',#4847,3.);
#191=CIRCLE('',#4849,3.);
#192=CIRCLE('',#4850,3.);
#193=CIRCLE('',#4852,0.999999999999999);
#194=CIRCLE('',#4857,30.2132194099955);
#195=CIRCLE('',#4862,1.75);
#196=CIRCLE('',#4870,3.);
#197=CIRCLE('',#4871,3.);
#198=CIRCLE('',#4873,3.);
#199=CIRCLE('',#4874,3.);
#200=CIRCLE('',#4876,4.);
#201=CIRCLE('',#4882,5.);
#202=CIRCLE('',#4883,5.);
#203=CIRCLE('',#4885,0.999999999999999);
#204=CIRCLE('',#4886,0.999999999999999);
#205=CIRCLE('',#4890,0.999999999999999);
#206=CIRCLE('',#4892,7.75);
#207=CIRCLE('',#4903,4.24999999453067);
#208=CIRCLE('',#4905,4.24999999453067);
#209=CIRCLE('',#4909,1.20000000000008);
#210=CIRCLE('',#4914,4.);
#211=CIRCLE('',#4915,4.);
#212=CIRCLE('',#4919,0.999999999999999);
#213=CIRCLE('',#4923,0.999999999999999);
#214=CIRCLE('',#4925,0.999999999999999);
#215=CIRCLE('',#4930,20.8707254144945);
#216=CIRCLE('',#4931,26.9012383162301);
#217=CIRCLE('',#4942,4.24999999453067);
#218=CIRCLE('',#4947,0.499999999999996);
#219=CIRCLE('',#4950,47.5465159549911);
#220=CIRCLE('',#4951,47.4228004892566);
#221=CIRCLE('',#4954,20.8707254144945);
#222=CIRCLE('',#4960,23.8335394781464);
#223=CIRCLE('',#4961,24.8335394781464);
#224=CIRCLE('',#4964,24.8335394781464);
#225=CIRCLE('',#4967,24.8335394781464);
#226=CIRCLE('',#4969,24.3335394673628);
#227=B_SPLINE_CURVE_WITH_KNOTS('',3,(#5919,#5920,#5921,#5922),
 .UNSPECIFIED.,.F.,.F.,(4,4),(0.000877304334086791,0.00154021981046022),
 .UNSPECIFIED.);
#228=B_SPLINE_CURVE_WITH_KNOTS('',3,(#5927,#5928,#5929,#5930),
 .UNSPECIFIED.,.F.,.F.,(4,4),(0.,0.000391112875258162),.UNSPECIFIED.);
#229=B_SPLINE_CURVE_WITH_KNOTS('',3,(#5970,#5971,#5972,#5973),
 .UNSPECIFIED.,.F.,.F.,(4,4),(0.,0.000557609121355279),.UNSPECIFIED.);
#230=B_SPLINE_CURVE_WITH_KNOTS('',3,(#5975,#5976,#5977,#5978),
 .UNSPECIFIED.,.F.,.F.,(4,4),(0.0079003342006321,0.00821838545833948),
 .UNSPECIFIED.);
#231=B_SPLINE_CURVE_WITH_KNOTS('',3,(#5979,#5980,#5981,#5982,#5983,#5984,
#5985),.UNSPECIFIED.,.F.,.F.,(4,1,1,1,4),(0.000781187986354651,0.00199211719709967,
0.00320304640784469,0.00441397561858971,0.00562490482933474),
 .UNSPECIFIED.);
#232=B_SPLINE_CURVE_WITH_KNOTS('',3,(#6006,#6007,#6008,#6009),
 .UNSPECIFIED.,.F.,.F.,(4,4),(0.,0.000300826790510037),.UNSPECIFIED.);
#233=B_SPLINE_CURVE_WITH_KNOTS('',3,(#6092,#6093,#6094,#6095,#6096,#6097,
#6098),.UNSPECIFIED.,.F.,.F.,(4,1,1,1,4),(0.,0.00109374417393215,0.00218748834786429,
0.00328123252179644,0.00437497669572858),.UNSPECIFIED.);
#234=B_SPLINE_CURVE_WITH_KNOTS('',3,(#6099,#6100,#6101,#6102,#6103,#6104),
 .UNSPECIFIED.,.F.,.F.,(4,1,1,4),(0.,0.00106957251998277,0.00213914503996554,
0.00427829007993108),.UNSPECIFIED.);
#235=B_SPLINE_CURVE_WITH_KNOTS('',3,(#6109,#6110,#6111,#6112,#6113,#6114,
#6115,#6116,#6117,#6118,#6119),.UNSPECIFIED.,.F.,.F.,(4,1,1,1,1,1,1,1,4),
(0.,0.00110340226705001,0.00220680453410002,0.00331020680115003,0.00441360906820004,
0.00551701133525005,0.00662041360230005,0.00772381586935006,0.00882721813640007),
 .UNSPECIFIED.);
#236=B_SPLINE_CURVE_WITH_KNOTS('',3,(#6132,#6133,#6134,#6135),
 .UNSPECIFIED.,.F.,.F.,(4,4),(0.,0.00186028237031892),.UNSPECIFIED.);
#237=B_SPLINE_CURVE_WITH_KNOTS('',3,(#6136,#6137,#6138,#6139),
 .UNSPECIFIED.,.F.,.F.,(4,4),(0.,0.0017363952794618),.UNSPECIFIED.);
#238=B_SPLINE_CURVE_WITH_KNOTS('',3,(#6153,#6154,#6155,#6156,#6157,#6158),
 .UNSPECIFIED.,.F.,.F.,(4,1,1,4),(0.,0.00206584583644046,0.00413169167288091,
0.00826338334576182),.UNSPECIFIED.);
#239=B_SPLINE_CURVE_WITH_KNOTS('',3,(#6184,#6185,#6186,#6187),
 .UNSPECIFIED.,.F.,.F.,(4,4),(0.0402658640333082,0.0444323011759876),
 .UNSPECIFIED.);
#240=B_SPLINE_CURVE_WITH_KNOTS('',3,(#6366,#6367,#6368,#6369,#6370,#6371),
 .UNSPECIFIED.,.F.,.F.,(4,1,1,4),(0.,0.00255015192949027,0.00510030385898054,
0.0102006077179611),.UNSPECIFIED.);
#241=B_SPLINE_CURVE_WITH_KNOTS('',3,(#6374,#6375,#6376,#6377),
 .UNSPECIFIED.,.F.,.F.,(4,4),(0.000138601745328568,0.0052438934259055),
 .UNSPECIFIED.);
#242=B_SPLINE_CURVE_WITH_KNOTS('',3,(#6379,#6380,#6381,#6382,#6383,#6384),
 .UNSPECIFIED.,.F.,.F.,(4,1,1,4),(0.,0.00240857266722194,0.00481714533444389,
0.00963429066888777),.UNSPECIFIED.);
#243=B_SPLINE_CURVE_WITH_KNOTS('',3,(#6386,#6387,#6388,#6389),
 .UNSPECIFIED.,.F.,.F.,(4,4),(0.,0.00510502162661778),.UNSPECIFIED.);
#244=B_SPLINE_CURVE_WITH_KNOTS('',3,(#6398,#6399,#6400,#6401),
 .UNSPECIFIED.,.F.,.F.,(4,4),(-2.56616328662047E-5,0.00507384152867065),
 .UNSPECIFIED.);
#245=B_SPLINE_CURVE_WITH_KNOTS('',3,(#6562,#6563,#6564,#6565,#6566,#6567,
#6568),.UNSPECIFIED.,.F.,.F.,(4,1,1,1,4),(0.,0.00285769889927402,0.00571539779854804,
0.00857309669782206,0.0114307955970961),.UNSPECIFIED.);
#246=B_SPLINE_CURVE_WITH_KNOTS('',3,(#6570,#6571,#6572,#6573),
 .UNSPECIFIED.,.F.,.F.,(4,4),(0.,0.00508917646729038),.UNSPECIFIED.);
#247=B_SPLINE_CURVE_WITH_KNOTS('',3,(#6575,#6576,#6577,#6578,#6579,#6580,
#6581),.UNSPECIFIED.,.F.,.F.,(4,1,1,1,4),(0.,0.0029467977585703,0.0058935955171406,
0.0088403932757109,0.0117871910342812),.UNSPECIFIED.);
#248=B_SPLINE_CURVE_WITH_KNOTS('',3,(#6585,#6586,#6587,#6588),
 .UNSPECIFIED.,.F.,.F.,(4,4),(0.,0.00249261241178351),.UNSPECIFIED.);
#249=B_SPLINE_CURVE_WITH_KNOTS('',3,(#6590,#6591,#6592,#6593),
 .UNSPECIFIED.,.F.,.F.,(4,4),(1.73472347597681E-18,0.00121536684108902),
 .UNSPECIFIED.);
#250=B_SPLINE_CURVE_WITH_KNOTS('',3,(#6599,#6600,#6601,#6602),
 .UNSPECIFIED.,.F.,.F.,(4,4),(0.,0.00509351084160213),.UNSPECIFIED.);
#251=B_SPLINE_CURVE_WITH_KNOTS('',3,(#6675,#6676,#6677,#6678),
 .UNSPECIFIED.,.F.,.F.,(4,4),(0.,0.00513878841823954),.UNSPECIFIED.);
#252=B_SPLINE_CURVE_WITH_KNOTS('',3,(#6681,#6682,#6683,#6684,#6685,#6686,
#6687,#6688,#6689),.UNSPECIFIED.,.F.,.F.,(4,1,1,1,1,1,4),(0.,0.00299643115552917,
0.00599286231105835,0.0119857246221167,0.017978586933175,0.0209750180887042,
0.0239714492442334),.UNSPECIFIED.);
#253=B_SPLINE_CURVE_WITH_KNOTS('',3,(#6690,#6691,#6692,#6693,#6694,#6695,
#6696,#6697),.UNSPECIFIED.,.F.,.F.,(4,1,1,1,1,4),(0.,0.00330259470776011,
0.00660518941552022,0.0132103788310404,0.0198155682465607,0.0264207576620809),
 .UNSPECIFIED.);
#254=B_SPLINE_CURVE_WITH_KNOTS('',3,(#6774,#6775,#6776,#6777),
 .UNSPECIFIED.,.F.,.F.,(4,4),(0.0164689722573268,0.0208762386649123),
 .UNSPECIFIED.);
#255=B_SPLINE_CURVE_WITH_KNOTS('',3,(#6780,#6781,#6782,#6783),
 .UNSPECIFIED.,.F.,.F.,(4,4),(1.14440674520485E-15,0.000734490531032451),
 .UNSPECIFIED.);
#256=B_SPLINE_CURVE_WITH_KNOTS('',3,(#6785,#6786,#6787,#6788,#6789),
 .UNSPECIFIED.,.F.,.F.,(4,1,4),(0.000124121855846859,0.00204146925411501,
0.00395881665238316),.UNSPECIFIED.);
#257=B_SPLINE_CURVE_WITH_KNOTS('',3,(#6790,#6791,#6792,#6793,#6794),
 .UNSPECIFIED.,.F.,.F.,(4,1,4),(0.0187669473727618,0.0205085514980972,0.0222501556234327),
 .UNSPECIFIED.);
#258=B_SPLINE_CURVE_WITH_KNOTS('',3,(#6808,#6809,#6810,#6811),
 .UNSPECIFIED.,.F.,.F.,(4,4),(0.0176605046181133,0.0227973402610869),
 .UNSPECIFIED.);
#259=B_SPLINE_CURVE_WITH_KNOTS('',3,(#6838,#6839,#6840,#6841,#6842),
 .UNSPECIFIED.,.F.,.F.,(4,1,4),(0.,0.00370835127298669,0.00741670254597338),
 .UNSPECIFIED.);
#260=B_SPLINE_CURVE_WITH_KNOTS('',3,(#6846,#6847,#6848,#6849),
 .UNSPECIFIED.,.F.,.F.,(4,4),(7.10756739102615E-5,1.),.UNSPECIFIED.);
#261=B_SPLINE_CURVE_WITH_KNOTS('',3,(#6869,#6870,#6871,#6872),
 .UNSPECIFIED.,.F.,.F.,(4,4),(0.,0.00116966410609559),.UNSPECIFIED.);
#262=B_SPLINE_CURVE_WITH_KNOTS('',3,(#6878,#6879,#6880,#6881,#6882,#6883,
#6884,#6885),.UNSPECIFIED.,.F.,.F.,(4,1,1,1,1,4),(0.,0.000403075934791095,
0.00080615186958219,0.00100768983697774,0.00120922780437329,0.00161230373916438),
 .UNSPECIFIED.);
#263=B_SPLINE_CURVE_WITH_KNOTS('',3,(#6894,#6895,#6896,#6897,#6898,#6899,
#6900),.UNSPECIFIED.,.F.,.F.,(4,1,1,1,4),(0.,0.00152181855357136,0.00304363710714272,
0.00456545566071408,0.00608727421428544),.UNSPECIFIED.);
#264=B_SPLINE_CURVE_WITH_KNOTS('',3,(#6902,#6903,#6904,#6905),
 .UNSPECIFIED.,.F.,.F.,(4,4),(0.,0.0013662149298616),.UNSPECIFIED.);
#265=B_SPLINE_CURVE_WITH_KNOTS('',3,(#6909,#6910,#6911,#6912),
 .UNSPECIFIED.,.F.,.F.,(4,4),(-0.0100706605594831,-0.00924195718615608),
 .UNSPECIFIED.);
#266=B_SPLINE_CURVE_WITH_KNOTS('',3,(#6946,#6947,#6948,#6949,#6950,#6951,
#6952,#6953,#6954,#6955,#6956,#6957),.UNSPECIFIED.,.F.,.F.,(4,1,1,1,1,1,
1,1,1,4),(0.00173944509626692,0.00360478871636802,0.00453746052641857,0.00547013233646913,
0.0059364682414944,0.00616963619400704,0.00640280414651968,0.00686914005154495,
0.00733547595657023,0.00920081957667133),.UNSPECIFIED.);
#267=B_SPLINE_CURVE_WITH_KNOTS('',3,(#6961,#6962,#6963,#6964),
 .UNSPECIFIED.,.F.,.F.,(4,4),(0.00368744760739049,0.0044134436289687),
 .UNSPECIFIED.);
#268=B_SPLINE_CURVE_WITH_KNOTS('',3,(#6966,#6967,#6968,#6969),
 .UNSPECIFIED.,.F.,.F.,(4,4),(0.,0.0012653499070486),.UNSPECIFIED.);
#269=B_SPLINE_CURVE_WITH_KNOTS('',3,(#6994,#6995,#6996,#6997),
 .UNSPECIFIED.,.F.,.F.,(4,4),(1.15967219537795E-18,0.0051363586284535),
 .UNSPECIFIED.);
#270=B_SPLINE_CURVE_WITH_KNOTS('',3,(#7007,#7008,#7009,#7010),
 .UNSPECIFIED.,.F.,.F.,(4,4),(0.000160292818638387,0.00577823303804535),
 .UNSPECIFIED.);
#271=B_SPLINE_CURVE_WITH_KNOTS('',3,(#7012,#7013,#7014,#7015),
 .UNSPECIFIED.,.F.,.F.,(4,4),(0.53063464967757,1.),.UNSPECIFIED.);
#272=B_SPLINE_CURVE_WITH_KNOTS('',3,(#7018,#7019,#7020,#7021),
 .UNSPECIFIED.,.F.,.F.,(4,4),(-0.187575813407492,0.530634649677757),
 .UNSPECIFIED.);
#273=B_SPLINE_CURVE_WITH_KNOTS('',3,(#7022,#7023,#7024,#7025,#7026),
 .UNSPECIFIED.,.F.,.F.,(4,1,4),(0.00268668820739971,0.00462498933669858,
0.00656329046599745),.UNSPECIFIED.);
#274=B_SPLINE_CURVE_WITH_KNOTS('',3,(#7035,#7036,#7037,#7038),
 .UNSPECIFIED.,.F.,.F.,(4,4),(0.256860237548465,0.522599882393197),
 .UNSPECIFIED.);
#275=B_SPLINE_CURVE_WITH_KNOTS('',3,(#7040,#7041,#7042,#7043,#7044,#7045,
#7046,#7047,#7048),.UNSPECIFIED.,.F.,.F.,(4,1,1,1,1,1,4),(0.00123543336376314,
0.250926575022822,0.375772145852352,0.500617716681882,0.625463287511411,
0.750308858340941,1.),.UNSPECIFIED.);
#276=B_SPLINE_CURVE_WITH_KNOTS('',3,(#7050,#7051,#7052,#7053),
 .UNSPECIFIED.,.F.,.F.,(4,4),(0.743139762451536,1.00000000339969),
 .UNSPECIFIED.);
#277=B_SPLINE_CURVE_WITH_KNOTS('',3,(#7055,#7056,#7057,#7058,#7059,#7060,
#7061),.UNSPECIFIED.,.F.,.F.,(4,1,1,1,4),(5.20417042793042E-18,0.00347065069663596,
0.00694130139327192,0.0104119520899079,0.0138826027865438),
 .UNSPECIFIED.);
#278=B_SPLINE_CURVE_WITH_KNOTS('',3,(#7084,#7085,#7086,#7087),
 .UNSPECIFIED.,.F.,.F.,(4,4),(0.0682668201706772,1.),.UNSPECIFIED.);
#279=B_SPLINE_CURVE_WITH_KNOTS('',3,(#7089,#7090,#7091,#7092),
 .UNSPECIFIED.,.F.,.F.,(4,4),(0.,0.0682668201706772),.UNSPECIFIED.);
#280=B_SPLINE_CURVE_WITH_KNOTS('',3,(#7094,#7095,#7096,#7097),
 .UNSPECIFIED.,.F.,.F.,(4,4),(0.,0.996593214792835),.UNSPECIFIED.);
#281=B_SPLINE_CURVE_WITH_KNOTS('',3,(#7099,#7100,#7101,#7102,#7103,#7104),
 .UNSPECIFIED.,.F.,.F.,(4,1,1,4),(0.,0.499976821802327,0.74996523270349,
0.999953643604654),.UNSPECIFIED.);
#282=B_SPLINE_CURVE_WITH_KNOTS('',3,(#7121,#7122,#7123,#7124),
 .UNSPECIFIED.,.F.,.F.,(4,4),(0.000200161008454538,0.999937382152044),
 .UNSPECIFIED.);
#283=B_SPLINE_CURVE_WITH_KNOTS('',3,(#7127,#7128,#7129,#7130,#7131,#7132,
#7133),.UNSPECIFIED.,.F.,.F.,(4,1,1,1,4),(2.02643576523045E-5,0.25001454164155,
0.500008818925448,0.750003096209346,0.999997373493244),.UNSPECIFIED.);
#284=B_SPLINE_CURVE_WITH_KNOTS('',3,(#7134,#7135,#7136,#7137),
 .UNSPECIFIED.,.F.,.F.,(4,4),(0.,0.999948057156508),.UNSPECIFIED.);
#285=B_SPLINE_CURVE_WITH_KNOTS('',3,(#7151,#7152,#7153,#7154),
 .UNSPECIFIED.,.F.,.F.,(4,4),(1.77756260508886E-17,0.000543544147242837),
 .UNSPECIFIED.);
#286=B_SPLINE_CURVE_WITH_KNOTS('',3,(#7169,#7170,#7171,#7172),
 .UNSPECIFIED.,.F.,.F.,(4,4),(1.54078213353189E-16,0.000543513236117743),
 .UNSPECIFIED.);
#287=B_SPLINE_CURVE_WITH_KNOTS('',3,(#7295,#7296,#7297,#7298,#7299,#7300),
 .UNSPECIFIED.,.F.,.F.,(4,2,4),(0.,0.5,1.),.UNSPECIFIED.);
#288=B_SPLINE_CURVE_WITH_KNOTS('',3,(#7304,#7305,#7306,#7307,#7308),
 .UNSPECIFIED.,.F.,.F.,(4,1,4),(0.,0.282878500941565,0.56575700188313),
 .UNSPECIFIED.);
#289=B_SPLINE_CURVE_WITH_KNOTS('',3,(#7320,#7321,#7322,#7323,#7324),
 .UNSPECIFIED.,.F.,.F.,(4,1,4),(1.73472347597681E-18,0.000744381666066903,
0.0014887633321338),.UNSPECIFIED.);
#290=B_SPLINE_CURVE_WITH_KNOTS('',3,(#7325,#7326,#7327,#7328,#7329),
 .UNSPECIFIED.,.F.,.F.,(4,1,4),(0.,0.00073756537320419,0.00147513074640838),
 .UNSPECIFIED.);
#291=B_SPLINE_CURVE_WITH_KNOTS('',3,(#7353,#7354,#7355,#7356,#7357),
 .UNSPECIFIED.,.F.,.F.,(4,1,4),(8.67361737988404E-18,0.00433623951512114,
0.00867247903024227),.UNSPECIFIED.);
#292=B_SPLINE_CURVE_WITH_KNOTS('',3,(#7619,#7620,#7621,#7622),
 .UNSPECIFIED.,.F.,.F.,(4,4),(0.013983479951497,0.0176332022116835),
 .UNSPECIFIED.);
#293=B_SPLINE_CURVE_WITH_KNOTS('',3,(#7626,#7627,#7628,#7629),
 .UNSPECIFIED.,.F.,.F.,(4,4),(0.0137982755881809,0.0173420370719314),
 .UNSPECIFIED.);
#294=B_SPLINE_CURVE_WITH_KNOTS('',3,(#7819,#7820,#7821,#7822),
 .UNSPECIFIED.,.F.,.F.,(4,4),(0.,0.00254374106959852),.UNSPECIFIED.);
#295=B_SPLINE_CURVE_WITH_KNOTS('',3,(#7825,#7826,#7827,#7828),
 .UNSPECIFIED.,.F.,.F.,(4,4),(0.22404819666836,0.225051844913055),
 .UNSPECIFIED.);
#296=B_SPLINE_CURVE_WITH_KNOTS('',3,(#7829,#7830,#7831,#7832),
 .UNSPECIFIED.,.F.,.F.,(4,4),(0.360173869422524,1.),.UNSPECIFIED.);
#297=B_SPLINE_CURVE_WITH_KNOTS('',3,(#7834,#7835,#7836,#7837),
 .UNSPECIFIED.,.F.,.F.,(4,4),(0.,0.999995006215392),.UNSPECIFIED.);
#298=B_SPLINE_CURVE_WITH_KNOTS('',3,(#7839,#7840,#7841,#7842),
 .UNSPECIFIED.,.F.,.F.,(4,4),(0.,1.),.UNSPECIFIED.);
#299=B_SPLINE_CURVE_WITH_KNOTS('',3,(#7848,#7849,#7850,#7851),
 .UNSPECIFIED.,.F.,.F.,(4,4),(0.,0.227937211371945),.UNSPECIFIED.);
#300=B_SPLINE_CURVE_WITH_KNOTS('',3,(#7875,#7876,#7877,#7878),
 .UNSPECIFIED.,.F.,.F.,(4,4),(-0.0120547533590874,0.999099505424168),
 .UNSPECIFIED.);
#301=B_SPLINE_CURVE_WITH_KNOTS('',3,(#7880,#7881,#7882,#7883),
 .UNSPECIFIED.,.F.,.F.,(4,4),(-0.0137856779396154,0.700837213662167),
 .UNSPECIFIED.);
#302=B_SPLINE_CURVE_WITH_KNOTS('',3,(#7885,#7886,#7887,#7888,#7889),
 .UNSPECIFIED.,.F.,.F.,(4,1,4),(0.000307120487376917,0.00333603185729352,
0.00636494322721013),.UNSPECIFIED.);
#303=B_SPLINE_CURVE_WITH_KNOTS('',3,(#8137,#8138,#8139,#8140,#8141),
 .UNSPECIFIED.,.F.,.F.,(4,1,4),(0.00214241382405133,0.00321400144782415,
0.00428558907159696),.UNSPECIFIED.);
#304=B_SPLINE_CURVE_WITH_KNOTS('',3,(#8143,#8144,#8145,#8146),
 .UNSPECIFIED.,.F.,.F.,(4,4),(1.02496228261012E-5,1.),.UNSPECIFIED.);
#305=B_SPLINE_CURVE_WITH_KNOTS('',3,(#8148,#8149,#8150,#8151,#8152,#8153),
 .UNSPECIFIED.,.F.,.F.,(4,1,1,4),(0.,0.249992530663687,0.499985061327374,
0.999970122654748),.UNSPECIFIED.);
#306=B_SPLINE_CURVE_WITH_KNOTS('',3,(#8172,#8173,#8174,#8175),
 .UNSPECIFIED.,.F.,.F.,(4,4),(0.,0.00614171189998827),.UNSPECIFIED.);
#307=B_SPLINE_CURVE_WITH_KNOTS('',3,(#8179,#8180,#8181,#8182),
 .UNSPECIFIED.,.F.,.F.,(4,4),(0.,0.0976740798787718),.UNSPECIFIED.);
#308=B_SPLINE_CURVE_WITH_KNOTS('',3,(#8218,#8219,#8220,#8221),
 .UNSPECIFIED.,.F.,.F.,(4,4),(0.,0.00367963030322835),.UNSPECIFIED.);
#309=B_SPLINE_CURVE_WITH_KNOTS('',3,(#8224,#8225,#8226,#8227),
 .UNSPECIFIED.,.F.,.F.,(4,4),(0.0053923983718553,0.00845899006958002),
 .UNSPECIFIED.);
#310=B_SPLINE_CURVE_WITH_KNOTS('',3,(#8229,#8230,#8231,#8232),
 .UNSPECIFIED.,.F.,.F.,(4,4),(0.00417852901993633,0.00967985656818316),
 .UNSPECIFIED.);
#311=B_SPLINE_CURVE_WITH_KNOTS('',3,(#8234,#8235,#8236,#8237),
 .UNSPECIFIED.,.F.,.F.,(4,4),(2.6663439076333E-17,0.00322490274035974),
 .UNSPECIFIED.);
#312=B_SPLINE_CURVE_WITH_KNOTS('',3,(#8239,#8240,#8241,#8242),
 .UNSPECIFIED.,.F.,.F.,(4,4),(0.00895712910896608,0.0101525489037029),
 .UNSPECIFIED.);
#313=B_SPLINE_CURVE_WITH_KNOTS('',3,(#8246,#8247,#8248,#8249),
 .UNSPECIFIED.,.F.,.F.,(4,4),(0.,0.00341021338195654),.UNSPECIFIED.);
#314=B_SPLINE_CURVE_WITH_KNOTS('',3,(#8253,#8254,#8255,#8256,#8257),
 .UNSPECIFIED.,.F.,.F.,(4,1,4),(-0.00733343054804874,-0.0047050347292594,
-0.00207663891047006),.UNSPECIFIED.);
#315=B_SPLINE_CURVE_WITH_KNOTS('',3,(#8259,#8260,#8261,#8262),
 .UNSPECIFIED.,.F.,.F.,(4,4),(0.,1.),.UNSPECIFIED.);
#316=B_SPLINE_CURVE_WITH_KNOTS('',3,(#8264,#8265,#8266,#8267,#8268,#8269,
#8270,#8271,#8272),.UNSPECIFIED.,.F.,.F.,(4,1,1,1,1,1,4),(0.00590571695134764,
0.0110814606955198,0.0136693325676059,0.016257204439692,0.0188450763117781,
0.0214329481838641,0.0266086919280363),.UNSPECIFIED.);
#317=B_SPLINE_CURVE_WITH_KNOTS('',3,(#8275,#8276,#8277,#8278),
 .UNSPECIFIED.,.F.,.F.,(4,4),(0.000503826249230363,0.00335357073394509),
 .UNSPECIFIED.);
#318=B_SPLINE_CURVE_WITH_KNOTS('',3,(#8288,#8289,#8290,#8291),
 .UNSPECIFIED.,.F.,.F.,(4,4),(0.,1.),.UNSPECIFIED.);
#319=B_SPLINE_CURVE_WITH_KNOTS('',3,(#8293,#8294,#8295,#8296,#8297,#8298,
#8299),.UNSPECIFIED.,.F.,.F.,(4,1,1,1,4),(0.0220980617551161,0.0273741475751619,
0.0326502333952077,0.0379263192152536,0.0432024050352994),.UNSPECIFIED.);
#320=B_SPLINE_CURVE_WITH_KNOTS('',3,(#8303,#8304,#8305,#8306),
 .UNSPECIFIED.,.F.,.F.,(4,4),(0.,0.00169717398870627),.UNSPECIFIED.);
#321=B_SPLINE_CURVE_WITH_KNOTS('',3,(#8345,#8346,#8347,#8348),
 .UNSPECIFIED.,.F.,.F.,(4,4),(6.93889390390723E-18,0.00087758782151744),
 .UNSPECIFIED.);
#322=B_SPLINE_CURVE_WITH_KNOTS('',2,(#8350,#8351,#8352),.UNSPECIFIED.,.F.,
 .F.,(3,3),(0.,1.),.UNSPECIFIED.);
#323=B_SPLINE_CURVE_WITH_KNOTS('',3,(#8365,#8366,#8367,#8368),
 .UNSPECIFIED.,.F.,.F.,(4,4),(0.,0.00246806533442811),.UNSPECIFIED.);
#324=B_SPLINE_CURVE_WITH_KNOTS('',3,(#8370,#8371,#8372,#8373),
 .UNSPECIFIED.,.F.,.F.,(4,4),(0.,0.00901660171629418),.UNSPECIFIED.);
#325=B_SPLINE_CURVE_WITH_KNOTS('',3,(#8375,#8376,#8377,#8378),
 .UNSPECIFIED.,.F.,.F.,(4,4),(0.00831140367550886,0.0115222825600428),
 .UNSPECIFIED.);
#326=B_SPLINE_CURVE_WITH_KNOTS('',3,(#8417,#8418,#8419,#8420),
 .UNSPECIFIED.,.F.,.F.,(4,4),(0.,0.00301869638414906),.UNSPECIFIED.);
#327=B_SPLINE_CURVE_WITH_KNOTS('',3,(#8445,#8446,#8447,#8448),
 .UNSPECIFIED.,.F.,.F.,(4,4),(-1.61457066703655,1.),.UNSPECIFIED.);
#328=B_SPLINE_CURVE_WITH_KNOTS('',3,(#8463,#8464,#8465,#8466),
 .UNSPECIFIED.,.F.,.F.,(4,4),(0.,0.00151754609862306),.UNSPECIFIED.);
#329=B_SPLINE_CURVE_WITH_KNOTS('',3,(#8468,#8469,#8470,#8471,#8472),
 .UNSPECIFIED.,.F.,.F.,(4,1,4),(0.,0.00226015811075251,0.00452031622150501),
 .UNSPECIFIED.);
#330=B_SPLINE_CURVE_WITH_KNOTS('',3,(#8476,#8477,#8478,#8479),
 .UNSPECIFIED.,.F.,.F.,(4,4),(0.,0.00250391292933452),.UNSPECIFIED.);
#331=B_SPLINE_CURVE_WITH_KNOTS('',3,(#8481,#8482,#8483,#8484),
 .UNSPECIFIED.,.F.,.F.,(4,4),(0.,9.12409380008268E-5),.UNSPECIFIED.);
#332=B_SPLINE_CURVE_WITH_KNOTS('',3,(#8486,#8487,#8488,#8489,#8490,#8491,
#8492),.UNSPECIFIED.,.F.,.F.,(4,1,1,1,4),(0.,0.00115063510649811,0.00230127021299623,
0.00460254042599245,0.0092050808519849),.UNSPECIFIED.);
#333=B_SPLINE_CURVE_WITH_KNOTS('',3,(#8496,#8497,#8498,#8499,#8500),
 .UNSPECIFIED.,.F.,.F.,(4,1,4),(0.,0.00355562178347918,0.00711124356695836),
 .UNSPECIFIED.);
#334=B_SPLINE_CURVE_WITH_KNOTS('',3,(#8504,#8505,#8506,#8507,#8508,#8509,
#8510),.UNSPECIFIED.,.F.,.F.,(4,1,1,1,4),(0.0101766952884738,0.0122599366971723,
0.0143431781058708,0.0164264195145694,0.0185096609232679),.UNSPECIFIED.);
#335=B_SPLINE_CURVE_WITH_KNOTS('',3,(#8621,#8622,#8623,#8624,#8625,#8626),
 .UNSPECIFIED.,.F.,.F.,(4,1,1,4),(0.000298964421029062,0.00417928355282415,
0.0061194431187217,0.00805960268461925),.UNSPECIFIED.);
#336=B_SPLINE_CURVE_WITH_KNOTS('',3,(#8628,#8629,#8630,#8631),
 .UNSPECIFIED.,.F.,.F.,(4,4),(0.,1.),.UNSPECIFIED.);
#337=B_SPLINE_CURVE_WITH_KNOTS('',3,(#8640,#8641,#8642,#8643),
 .UNSPECIFIED.,.F.,.F.,(4,4),(0.,0.999806795925814),.UNSPECIFIED.);
#338=B_SPLINE_CURVE_WITH_KNOTS('',3,(#8645,#8646,#8647,#8648),
 .UNSPECIFIED.,.F.,.F.,(4,4),(0.,1.),.UNSPECIFIED.);
#339=B_SPLINE_CURVE_WITH_KNOTS('',3,(#8657,#8658,#8659,#8660,#8661,#8662,
#8663),.UNSPECIFIED.,.F.,.F.,(4,1,1,1,4),(9.74018024243549E-6,0.25000725536681,
0.500004770553377,0.750002285739945,0.999999800926512),.UNSPECIFIED.);
#340=B_SPLINE_CURVE_WITH_KNOTS('',3,(#8665,#8666,#8667,#8668),
 .UNSPECIFIED.,.F.,.F.,(4,4),(0.,1.),.UNSPECIFIED.);
#341=B_SPLINE_CURVE_WITH_KNOTS('',3,(#8670,#8671,#8672,#8673),
 .UNSPECIFIED.,.F.,.F.,(4,4),(0.,1.),.UNSPECIFIED.);
#342=B_SPLINE_CURVE_WITH_KNOTS('',3,(#8912,#8913,#8914,#8915,#8916,#8917,
#8918,#8919,#8920,#8921,#8922,#8923,#8924,#8925,#8926,#8927,#8928,#8929,
#8930,#8931,#8932,#8933,#8934,#8935,#8936,#8937,#8938,#8939,#8940,#8941,
#8942,#8943,#8944,#8945),.UNSPECIFIED.,.F.,.F.,(4,1,1,1,1,1,1,1,1,1,1,1,
1,1,1,1,1,1,1,1,1,1,1,1,1,1,1,1,1,1,1,4),(2.38481850768173E-5,0.125020867161942,
0.250017886138808,0.31251639562724,0.375014905115673,0.406264159859889,
0.437513414604106,0.468762669348322,0.48438729672043,0.492199610406484,
0.500011924092538,0.507824237778592,0.515636551464647,0.531261178836755,
0.562510433580971,0.593759688325187,0.625008943069404,0.65625819781362,
0.687507452557836,0.703132079929945,0.718756707302053,0.734381334674161,
0.742193648360215,0.750005962046269,0.757818275732323,0.765630589418377,
0.781255216790485,0.812504471534702,0.843753726278918,0.875002981023135,
0.937501490511567,1.),.UNSPECIFIED.);
#343=B_SPLINE_CURVE_WITH_KNOTS('',3,(#9001,#9002,#9003,#9004),
 .UNSPECIFIED.,.F.,.F.,(4,4),(0.,0.00169621506193255),.UNSPECIFIED.);
#344=B_SPLINE_CURVE_WITH_KNOTS('',3,(#9010,#9011,#9012,#9013),
 .UNSPECIFIED.,.F.,.F.,(4,4),(0.,0.0016962150619323),.UNSPECIFIED.);
#345=B_SPLINE_CURVE_WITH_KNOTS('',3,(#9077,#9078,#9079,#9080,#9081),
 .UNSPECIFIED.,.F.,.F.,(4,1,4),(0.,0.428511923069596,0.857023846139191),
 .UNSPECIFIED.);
#346=B_SPLINE_CURVE_WITH_KNOTS('',3,(#9098,#9099,#9100,#9101,#9102,#9103,
#9104,#9105,#9106,#9107,#9108,#9109,#9110,#9111,#9112,#9113,#9114,#9115,
#9116,#9117,#9118,#9119,#9120,#9121,#9122,#9123,#9124,#9125,#9126,#9127,
#9128),.UNSPECIFIED.,.F.,.F.,(4,3,3,3,3,1,1,1,3,3,3,3,4),(-0.92805,-0.5985,
-0.345,-0.15,0.,0.25,0.5,0.75,1.,1.15,1.345,1.5985,1.92805),
 .UNSPECIFIED.);
#347=B_SPLINE_CURVE_WITH_KNOTS('',3,(#9140,#9141,#9142,#9143,#9144),
 .UNSPECIFIED.,.F.,.F.,(4,1,4),(0.,0.00355251442368906,0.00710502884737812),
 .UNSPECIFIED.);
#348=B_SPLINE_CURVE_WITH_KNOTS('',3,(#9159,#9160,#9161,#9162),
 .UNSPECIFIED.,.F.,.F.,(4,4),(0.,0.00404319128603915),.UNSPECIFIED.);
#349=B_SPLINE_CURVE_WITH_KNOTS('',3,(#9166,#9167,#9168,#9169),
 .UNSPECIFIED.,.F.,.F.,(4,4),(0.,0.00248536805690931),.UNSPECIFIED.);
#350=B_SPLINE_CURVE_WITH_KNOTS('',3,(#9492,#9493,#9494,#9495,#9496,#9497),
 .UNSPECIFIED.,.F.,.F.,(4,1,1,4),(-0.000250023409899837,0.00281399263068238,
0.00587800867126459,0.012006040752429),.UNSPECIFIED.);
#351=B_SPLINE_CURVE_WITH_KNOTS('',3,(#9499,#9500,#9501,#9502),
 .UNSPECIFIED.,.F.,.F.,(4,4),(0.,0.00479356048367663),.UNSPECIFIED.);
#352=B_SPLINE_CURVE_WITH_KNOTS('',3,(#10000,#10001,#10002,#10003,#10004),
 .UNSPECIFIED.,.F.,.F.,(4,1,4),(2.17703192575854E-18,0.00443494302767684,
0.00886988605535368),.UNSPECIFIED.);
#353=B_SPLINE_CURVE_WITH_KNOTS('',3,(#10006,#10007,#10008,#10009,#10010,
#10011),.UNSPECIFIED.,.F.,.F.,(4,1,1,4),(0.,0.00262501680183025,0.00525003360366049,
0.010500067207321),.UNSPECIFIED.);
#354=B_SPLINE_CURVE_WITH_KNOTS('',3,(#10015,#10016,#10017,#10018),
 .UNSPECIFIED.,.F.,.F.,(4,4),(0.,0.999983570533076),.UNSPECIFIED.);
#355=B_SPLINE_CURVE_WITH_KNOTS('',3,(#10043,#10044,#10045,#10046),
 .UNSPECIFIED.,.F.,.F.,(4,4),(0.,1.),.UNSPECIFIED.);
#356=B_SPLINE_CURVE_WITH_KNOTS('',3,(#10048,#10049,#10050,#10051,#10052,
#10053,#10054,#10055),.UNSPECIFIED.,.F.,.F.,(4,1,1,1,1,4),(0.,0.249999932741574,
0.37499989911236,0.499999865483147,0.749999798224721,0.999999730966294),
 .UNSPECIFIED.);
#357=B_SPLINE_CURVE_WITH_KNOTS('',3,(#10082,#10083,#10084,#10085,#10086,
#10087,#10088,#10089,#10090,#10091,#10092,#10093,#10094,#10095,#10096,#10097,
#10098,#10099,#10100,#10101,#10102,#10103,#10104),.UNSPECIFIED.,.F.,.F.,
(4,1,1,1,1,1,1,1,1,1,1,1,1,1,1,1,1,1,1,1,4),(0.,0.125,0.25,0.375,0.4375,
0.5,0.5625,0.625,0.65625,0.671875,0.6875,0.703125,0.71875,0.734375,0.75,
0.765625,0.78125,0.8125,0.875,0.9375,1.),.UNSPECIFIED.);
#358=B_SPLINE_CURVE_WITH_KNOTS('',3,(#10124,#10125,#10126,#10127),
 .UNSPECIFIED.,.F.,.F.,(4,4),(0.,0.00646535085567966),.UNSPECIFIED.);
#359=B_SPLINE_CURVE_WITH_KNOTS('',3,(#10135,#10136,#10137,#10138),
 .UNSPECIFIED.,.F.,.F.,(4,4),(1.73472347597681E-18,0.000696068248456037),
 .UNSPECIFIED.);
#360=B_SPLINE_CURVE_WITH_KNOTS('',3,(#10161,#10162,#10163,#10164),
 .UNSPECIFIED.,.F.,.F.,(4,4),(0.000188146838563386,0.00315300349963853),
 .UNSPECIFIED.);
#361=B_SPLINE_CURVE_WITH_KNOTS('',3,(#10167,#10168,#10169,#10170),
 .UNSPECIFIED.,.F.,.F.,(4,4),(4.45239684426499E-16,0.000845898765222607),
 .UNSPECIFIED.);
#362=B_SPLINE_CURVE_WITH_KNOTS('',3,(#10172,#10173,#10174,#10175),
 .UNSPECIFIED.,.F.,.F.,(4,4),(0.0123645764981322,0.0161691627193213),
 .UNSPECIFIED.);
#363=B_SPLINE_CURVE_WITH_KNOTS('',3,(#10177,#10178,#10179,#10180),
 .UNSPECIFIED.,.F.,.F.,(4,4),(0.,0.00310157838939777),.UNSPECIFIED.);
#364=B_SPLINE_CURVE_WITH_KNOTS('',3,(#10198,#10199,#10200,#10201),
 .UNSPECIFIED.,.F.,.F.,(4,4),(0.,0.00218311381231634),.UNSPECIFIED.);
#365=B_SPLINE_CURVE_WITH_KNOTS('',3,(#10210,#10211,#10212,#10213),
 .UNSPECIFIED.,.F.,.F.,(4,4),(7.152448122691E-18,0.00378223735363945),
 .UNSPECIFIED.);
#366=B_SPLINE_CURVE_WITH_KNOTS('',3,(#10215,#10216,#10217,#10218),
 .UNSPECIFIED.,.F.,.F.,(4,4),(0.,0.00218378182070121),.UNSPECIFIED.);
#367=B_SPLINE_CURVE_WITH_KNOTS('',3,(#10219,#10220,#10221,#10222),
 .UNSPECIFIED.,.F.,.F.,(4,4),(7.75791922889773E-18,0.00378659317822526),
 .UNSPECIFIED.);
#368=B_SPLINE_CURVE_WITH_KNOTS('',3,(#10254,#10255,#10256,#10257),
 .UNSPECIFIED.,.F.,.F.,(4,4),(0.,0.998425553442558),.UNSPECIFIED.);
#369=B_SPLINE_CURVE_WITH_KNOTS('',3,(#10260,#10261,#10262,#10263),
 .UNSPECIFIED.,.F.,.F.,(4,4),(0.,1.),.UNSPECIFIED.);
#370=B_SPLINE_CURVE_WITH_KNOTS('',3,(#10265,#10266,#10267,#10268),
 .UNSPECIFIED.,.F.,.F.,(4,4),(-0.00131182225256454,1.),.UNSPECIFIED.);
#371=B_SPLINE_CURVE_WITH_KNOTS('',3,(#10270,#10271,#10272,#10273),
 .UNSPECIFIED.,.F.,.F.,(4,4),(0.00289598830944152,0.998240014944774),
 .UNSPECIFIED.);
#372=B_SPLINE_CURVE_WITH_KNOTS('',3,(#10295,#10296,#10297,#10298,#10299),
 .UNSPECIFIED.,.F.,.F.,(4,1,4),(0.,0.0019651081294605,0.003930216258921),
 .UNSPECIFIED.);
#373=B_SPLINE_CURVE_WITH_KNOTS('',3,(#10303,#10304,#10305,#10306,#10307,
#10308,#10309,#10310),.UNSPECIFIED.,.F.,.F.,(4,1,1,1,1,4),(0.,0.00393177838412815,
0.00786355676825631,0.00982944596032038,0.0117953351523845,0.0157271135365126),
 .UNSPECIFIED.);
#374=B_SPLINE_CURVE_WITH_KNOTS('',3,(#10315,#10316,#10317,#10318),
 .UNSPECIFIED.,.F.,.F.,(4,4),(0.,0.0101151922875039),.UNSPECIFIED.);
#375=B_SPLINE_CURVE_WITH_KNOTS('',3,(#10320,#10321,#10322,#10323,#10324,
#10325),.UNSPECIFIED.,.F.,.F.,(4,1,1,4),(0.,0.00388931903892156,0.00777863807784313,
0.0155572761556863),.UNSPECIFIED.);
#376=B_SPLINE_CURVE_WITH_KNOTS('',3,(#10338,#10339,#10340,#10341),
 .UNSPECIFIED.,.F.,.F.,(4,4),(0.00142018520454371,0.00142554672159304),
 .UNSPECIFIED.);
#377=B_SPLINE_CURVE_WITH_KNOTS('',3,(#10348,#10349,#10350,#10351),
 .UNSPECIFIED.,.F.,.F.,(4,4),(1.80283402908025E-5,0.00258375517944533),
 .UNSPECIFIED.);
#378=B_SPLINE_CURVE_WITH_KNOTS('',2,(#10353,#10354,#10355),
 .UNSPECIFIED.,.F.,.F.,(3,3),(0.,1.),.UNSPECIFIED.);
#379=B_SPLINE_CURVE_WITH_KNOTS('',3,(#10377,#10378,#10379,#10380),
 .UNSPECIFIED.,.F.,.F.,(4,4),(0.,1.),.UNSPECIFIED.);
#380=B_SPLINE_CURVE_WITH_KNOTS('',3,(#10389,#10390,#10391,#10392),
 .UNSPECIFIED.,.F.,.F.,(4,4),(0.,1.),.UNSPECIFIED.);
#381=B_SPLINE_CURVE_WITH_KNOTS('',3,(#10395,#10396,#10397,#10398),
 .UNSPECIFIED.,.F.,.F.,(4,4),(0.,1.),.UNSPECIFIED.);
#382=B_SPLINE_CURVE_WITH_KNOTS('',3,(#10399,#10400,#10401,#10402),
 .UNSPECIFIED.,.F.,.F.,(4,4),(0.000614073829625859,1.),.UNSPECIFIED.);
#383=B_SPLINE_CURVE_WITH_KNOTS('',3,(#10438,#10439,#10440,#10441),
 .UNSPECIFIED.,.F.,.F.,(4,4),(0.,0.999996714358717),.UNSPECIFIED.);
#384=B_SPLINE_CURVE_WITH_KNOTS('',3,(#10443,#10444,#10445,#10446),
 .UNSPECIFIED.,.F.,.F.,(4,4),(0.,1.),.UNSPECIFIED.);
#385=B_SPLINE_CURVE_WITH_KNOTS('',3,(#10448,#10449,#10450,#10451),
 .UNSPECIFIED.,.F.,.F.,(4,4),(7.05568360448351E-13,5.62083221714286E-5),
 .UNSPECIFIED.);
#386=B_SPLINE_CURVE_WITH_KNOTS('',3,(#10472,#10473,#10474,#10475),
 .UNSPECIFIED.,.F.,.F.,(4,4),(0.,0.00488714186000412),.UNSPECIFIED.);
#387=B_SPLINE_CURVE_WITH_KNOTS('',3,(#10486,#10487,#10488,#10489),
 .UNSPECIFIED.,.F.,.F.,(4,4),(0.,1.),.PIECEWISE_BEZIER_KNOTS.);
#388=B_SPLINE_CURVE_WITH_KNOTS('',3,(#10538,#10539,#10540,#10541),
 .UNSPECIFIED.,.F.,.F.,(4,4),(1.52008684690823E-7,0.00111601705947078),
 .UNSPECIFIED.);
#389=B_SPLINE_CURVE_WITH_KNOTS('',3,(#10545,#10546,#10547,#10548,#10549,
#10550,#10551,#10552,#10553,#10554,#10555),.UNSPECIFIED.,.F.,.F.,(4,1,1,
1,1,1,1,1,4),(0.00449070438921438,0.00745492437361386,0.0104191443580133,
0.0133833643424128,0.0163475843268123,0.0193118043112118,0.0222760242956112,
0.0252402442800107,0.0282044642644102),.UNSPECIFIED.);
#390=B_SPLINE_CURVE_WITH_KNOTS('',3,(#10575,#10576,#10577,#10578),
 .UNSPECIFIED.,.F.,.F.,(4,4),(0.000285162590521821,0.00883878113419675),
 .UNSPECIFIED.);
#391=B_SPLINE_CURVE_WITH_KNOTS('',3,(#10666,#10667,#10668,#10669),
 .UNSPECIFIED.,.F.,.F.,(4,4),(3.34581347384322E-17,0.00845685120076163),
 .UNSPECIFIED.);
#392=B_SPLINE_CURVE_WITH_KNOTS('',3,(#10671,#10672,#10673,#10674,#10675,
#10676,#10677),.UNSPECIFIED.,.F.,.F.,(4,1,1,1,4),(0.,0.00393169862349602,
0.00786339724699204,0.0117950958704881,0.0157267944939841),
 .UNSPECIFIED.);
#393=B_SPLINE_CURVE_WITH_KNOTS('',3,(#10681,#10682,#10683,#10684),
 .UNSPECIFIED.,.F.,.F.,(4,4),(3.55618312575245E-17,0.00854356356489821),
 .UNSPECIFIED.);
#394=B_SPLINE_CURVE_WITH_KNOTS('',3,(#10703,#10704,#10705,#10706),
 .UNSPECIFIED.,.F.,.F.,(4,4),(9.0656893519947E-9,0.999999999999999),
 .UNSPECIFIED.);
#395=B_SPLINE_CURVE_WITH_KNOTS('',3,(#10761,#10762,#10763,#10764),
 .UNSPECIFIED.,.F.,.F.,(4,4),(-0.00135941175520347,0.00750059341597456),
 .UNSPECIFIED.);
#396=B_SPLINE_CURVE_WITH_KNOTS('',3,(#10847,#10848,#10849,#10850,#10851,
#10852,#10853,#10854,#10855,#10856,#10857,#10858,#10859,#10860,#10861,#10862,
#10863,#10864,#10865,#10866,#10867),.UNSPECIFIED.,.F.,.F.,(4,1,1,1,1,1,
1,1,1,1,1,1,1,1,1,1,1,1,4),(0.000151337720953366,0.0306493877799413,0.0611474378389292,
0.0916454878979172,0.122143537956905,0.244135738192857,0.366127938428809,
0.48812013866476,0.549116238782736,0.610112338900712,0.6406103889597,0.655859413989194,
0.671108439018688,0.686357464048182,0.701606489077676,0.732104539136664,
0.79310063925464,0.854096739372616,0.976088939608567),.UNSPECIFIED.);
#397=B_SPLINE_CURVE_WITH_KNOTS('',3,(#10869,#10870,#10871,#10872,#10873,
#10874,#10875,#10876,#10877,#10878,#10879,#10880,#10881,#10882,#10883,#10884,
#10885,#10886,#10887,#10888,#10889,#10890,#10891,#10892,#10893,#10894,#10895,
#10896,#10897,#10898),.UNSPECIFIED.,.F.,.F.,(4,1,1,1,1,1,1,1,1,1,1,1,1,
1,1,1,1,1,1,1,1,1,1,1,1,1,1,4),(8.36965254060212E-8,0.121960948717245,0.243921813737964,
0.365882678758683,0.426863111269043,0.487843543779402,0.518333760034582,
0.548823976289762,0.564069084417352,0.579314192544942,0.586936746608737,
0.594559300672532,0.598370577704429,0.602181854736326,0.609804408800121,
0.617426962863916,0.621238239895814,0.625049516927711,0.628860793959609,
0.632672070991506,0.640294625055301,0.655539733182891,0.670784841310481,
0.701275057565661,0.731765273820841,0.7927457063312,0.85372613884156,0.975687003862279),
 .UNSPECIFIED.);
#398=B_SPLINE_CURVE_WITH_KNOTS('',3,(#10900,#10901,#10902,#10903),
 .UNSPECIFIED.,.F.,.F.,(4,4),(0.,1.),.UNSPECIFIED.);
#399=B_SPLINE_CURVE_WITH_KNOTS('',3,(#10916,#10917,#10918,#10919),
 .UNSPECIFIED.,.F.,.F.,(4,4),(0.,1.),.UNSPECIFIED.);
#400=B_SPLINE_CURVE_WITH_KNOTS('',3,(#10922,#10923,#10924,#10925),
 .UNSPECIFIED.,.F.,.F.,(4,4),(0.,1.),.UNSPECIFIED.);
#401=B_SPLINE_CURVE_WITH_KNOTS('',3,(#10926,#10927,#10928,#10929),
 .UNSPECIFIED.,.F.,.F.,(4,4),(0.,1.),.UNSPECIFIED.);
#402=B_SPLINE_CURVE_WITH_KNOTS('',3,(#10931,#10932,#10933,#10934),
 .UNSPECIFIED.,.F.,.F.,(4,4),(0.,1.),.UNSPECIFIED.);
#403=B_SPLINE_CURVE_WITH_KNOTS('',3,(#10957,#10958,#10959,#10960),
 .UNSPECIFIED.,.F.,.F.,(4,4),(0.,0.997703841342082),.UNSPECIFIED.);
#404=B_SPLINE_CURVE_WITH_KNOTS('',3,(#10962,#10963,#10964,#10965),
 .UNSPECIFIED.,.F.,.F.,(4,4),(0.,0.999988151898751),.UNSPECIFIED.);
#405=B_SPLINE_CURVE_WITH_KNOTS('',3,(#10971,#10972,#10973,#10974),
 .UNSPECIFIED.,.F.,.F.,(4,4),(1.23660555358368E-6,1.),.UNSPECIFIED.);
#406=B_SPLINE_CURVE_WITH_KNOTS('',3,(#10976,#10977,#10978,#10979),
 .UNSPECIFIED.,.F.,.F.,(4,4),(3.96044253799982E-8,8.3275251921197E-5),
 .UNSPECIFIED.);
#407=B_SPLINE_CURVE_WITH_KNOTS('',3,(#10988,#10989,#10990,#10991),
 .UNSPECIFIED.,.F.,.F.,(4,4),(0.000212724150246139,1.),.UNSPECIFIED.);
#408=B_SPLINE_CURVE_WITH_KNOTS('',3,(#10994,#10995,#10996,#10997),
 .UNSPECIFIED.,.F.,.F.,(4,4),(0.,0.999865895076309),.UNSPECIFIED.);
#409=B_SPLINE_CURVE_WITH_KNOTS('',3,(#10998,#10999,#11000,#11001),
 .UNSPECIFIED.,.F.,.F.,(4,4),(0.,1.),.UNSPECIFIED.);
#410=B_SPLINE_CURVE_WITH_KNOTS('',3,(#11003,#11004,#11005,#11006),
 .UNSPECIFIED.,.F.,.F.,(4,4),(0.424466039832431,0.999132341572744),
 .UNSPECIFIED.);
#411=B_SPLINE_CURVE_WITH_KNOTS('',3,(#11008,#11009,#11010,#11011,#11012,
#11013,#11014),.UNSPECIFIED.,.F.,.F.,(4,1,1,1,4),(0.,0.25,0.5,0.75,1.),
 .UNSPECIFIED.);
#412=B_SPLINE_CURVE_WITH_KNOTS('',3,(#11018,#11019,#11020,#11021,#11022,
#11023,#11024,#11025,#11026,#11027,#11028,#11029,#11030,#11031),
 .UNSPECIFIED.,.F.,.F.,(4,1,1,1,1,1,1,1,1,1,1,4),(5.18385289424652E-8,0.125000045358713,
0.187500042118805,0.218750040498851,0.250000038878897,0.281250037258943,
0.312500035638989,0.375000032399081,0.500000025919265,0.625000019439448,
0.750000012959632,1.),.UNSPECIFIED.);
#413=B_SPLINE_CURVE_WITH_KNOTS('',3,(#11044,#11045,#11046,#11047),
 .UNSPECIFIED.,.F.,.F.,(4,4),(0.277486727752916,0.99999785588337),
 .UNSPECIFIED.);
#414=B_SPLINE_CURVE_WITH_KNOTS('',3,(#11049,#11050,#11051,#11052,#11053,
#11054,#11055,#11056,#11057,#11058,#11059,#11060,#11061,#11062,#11063,#11064,
#11065,#11066,#11067,#11068,#11069,#11070,#11071,#11072,#11073,#11074,#11075,
#11076,#11077,#11078,#11079),.UNSPECIFIED.,.F.,.F.,(4,1,1,1,1,1,1,1,1,1,
1,1,1,1,1,1,1,1,1,1,1,1,1,1,1,1,1,1,4),(1.62920398567676E-6,0.0312515782913611,
0.0625015273787366,0.0781265019224243,0.093751476466112,0.1093764510098,
0.117188938281644,0.125001425553487,0.132813912825331,0.140626400097175,
0.156251374640863,0.171876349184551,0.179688836456394,0.187501323728238,
0.195313811000082,0.203126298271926,0.218751272815614,0.250001221902989,
0.31250112007774,0.375001018252491,0.437500916427242,0.500000814601993,
0.625000610951495,0.687500509126246,0.750000407300996,0.812500305475747,
0.875000203650498,0.937500101825249,1.),.UNSPECIFIED.);
#415=B_SPLINE_CURVE_WITH_KNOTS('',3,(#11083,#11084,#11085,#11086,#11087,
#11088),.UNSPECIFIED.,.F.,.F.,(4,1,1,4),(0.,0.0129816369426164,0.0194724554139245,
0.0259632738852327),.UNSPECIFIED.);
#416=B_SPLINE_CURVE_WITH_KNOTS('',3,(#11127,#11128,#11129,#11130),
 .UNSPECIFIED.,.F.,.F.,(4,4),(0.000133395534672488,1.),.UNSPECIFIED.);
#417=B_SPLINE_CURVE_WITH_KNOTS('',3,(#11132,#11133,#11134,#11135,#11136,
#11137),.UNSPECIFIED.,.F.,.F.,(4,1,1,4),(0.,0.5,0.75,1.),.UNSPECIFIED.);
#418=B_SPLINE_CURVE_WITH_KNOTS('',3,(#11170,#11171,#11172,#11173,#11174,
#11175,#11176,#11177,#11178,#11179,#11180,#11181,#11182,#11183,#11184,#11185,
#11186,#11187,#11188,#11189,#11190,#11191,#11192,#11193,#11194,#11195,#11196,
#11197,#11198,#11199,#11200,#11201,#11202,#11203),.UNSPECIFIED.,.F.,.F.,
(4,3,3,3,3,2,2,2,3,3,3,3,4),(-0.92805,-0.5985,-0.345,-0.15,0.,0.25,0.5,
0.75,1.,1.15,1.345,1.5985,1.92805),.UNSPECIFIED.);
#419=B_SPLINE_CURVE_WITH_KNOTS('',3,(#11214,#11215,#11216,#11217),
 .UNSPECIFIED.,.F.,.F.,(4,4),(0.,1.),.UNSPECIFIED.);
#420=B_SPLINE_CURVE_WITH_KNOTS('',3,(#11219,#11220,#11221,#11222),
 .UNSPECIFIED.,.F.,.F.,(4,4),(0.,0.999537093171665),.UNSPECIFIED.);
#421=B_SPLINE_CURVE_WITH_KNOTS('',3,(#11259,#11260,#11261,#11262,#11263,
#11264,#11265,#11266),.UNSPECIFIED.,.F.,.F.,(4,1,1,1,1,4),(0.0302544458709649,
0.148874809991113,0.267495174111262,0.504735902351559,0.741976630591856,
0.979217358832153),.UNSPECIFIED.);
#422=B_SPLINE_CURVE_WITH_KNOTS('',3,(#11268,#11269,#11270,#11271),
 .UNSPECIFIED.,.F.,.F.,(4,4),(-0.0627493571989547,1.00000000000002),
 .UNSPECIFIED.);
#423=B_SPLINE_CURVE_WITH_KNOTS('',3,(#11273,#11274,#11275,#11276,#11277,
#11278,#11279,#11280,#11281,#11282,#11283),.UNSPECIFIED.,.F.,.F.,(4,1,1,
1,1,1,1,1,4),(7.35570097016644E-5,0.250055167757276,0.375045973131064,0.437541375817957,
0.500036778504851,0.562532181191745,0.625027583878638,0.750018389252425,
1.),.UNSPECIFIED.);
#424=B_SPLINE_CURVE_WITH_KNOTS('',3,(#11285,#11286,#11287,#11288),
 .UNSPECIFIED.,.F.,.F.,(4,4),(0.,1.),.UNSPECIFIED.);
#425=B_SPLINE_CURVE_WITH_KNOTS('',3,(#11389,#11390,#11391,#11392),
 .UNSPECIFIED.,.F.,.F.,(4,4),(1.56125112837913E-17,0.00113609882796798),
 .UNSPECIFIED.);
#426=B_SPLINE_CURVE_WITH_KNOTS('',3,(#11394,#11395,#11396,#11397),
 .UNSPECIFIED.,.F.,.F.,(4,4),(0.00044373559198472,0.996143641184299),
 .UNSPECIFIED.);
#427=B_SPLINE_CURVE_WITH_KNOTS('',3,(#11399,#11400,#11401,#11402),
 .UNSPECIFIED.,.F.,.F.,(4,4),(0.,0.999993561700315),.UNSPECIFIED.);
#428=B_SPLINE_CURVE_WITH_KNOTS('',3,(#11404,#11405,#11406,#11407),
 .UNSPECIFIED.,.F.,.F.,(4,4),(0.58128754485635,0.689050690567931),
 .UNSPECIFIED.);
#429=B_SPLINE_CURVE_WITH_KNOTS('',3,(#11448,#11449,#11450,#11451),
 .UNSPECIFIED.,.F.,.F.,(4,4),(0.,1.),.UNSPECIFIED.);
#430=B_SPLINE_CURVE_WITH_KNOTS('',3,(#11453,#11454,#11455,#11456),
 .UNSPECIFIED.,.F.,.F.,(4,4),(0.,1.),.UNSPECIFIED.);
#431=B_SPLINE_CURVE_WITH_KNOTS('',3,(#11458,#11459,#11460,#11461),
 .UNSPECIFIED.,.F.,.F.,(4,4),(0.,0.99999925448299),.UNSPECIFIED.);
#432=B_SPLINE_CURVE_WITH_KNOTS('',3,(#11463,#11464,#11465,#11466),
 .UNSPECIFIED.,.F.,.F.,(4,4),(0.00404785580501193,0.0046782305233861),
 .UNSPECIFIED.);
#433=B_SPLINE_CURVE_WITH_KNOTS('',3,(#11468,#11469,#11470,#11471),
 .UNSPECIFIED.,.F.,.F.,(4,4),(0.,1.),.UNSPECIFIED.);
#434=B_SPLINE_CURVE_WITH_KNOTS('',3,(#11475,#11476,#11477,#11478),
 .UNSPECIFIED.,.F.,.F.,(4,4),(-5.68919911181354E-13,0.00617381970361397),
 .UNSPECIFIED.);
#435=B_SPLINE_CURVE_WITH_KNOTS('',3,(#11482,#11483,#11484,#11485,#11486,
#11487,#11488,#11489,#11490,#11491,#11492,#11493),.UNSPECIFIED.,.F.,.F.,
(4,1,1,1,1,1,1,1,1,4),(0.0704049844922049,0.302803738369154,0.535202492246102,
0.651401869184577,0.767601246123051,0.825700934592288,0.854750778826907,
0.883800623061526,0.941900311530763,1.),.UNSPECIFIED.);
#436=B_SPLINE_CURVE_WITH_KNOTS('',3,(#11495,#11496,#11497,#11498),
 .UNSPECIFIED.,.F.,.F.,(4,4),(4.28507471112996E-5,1.),.UNSPECIFIED.);
#437=B_SPLINE_CURVE_WITH_KNOTS('',3,(#11500,#11501,#11502,#11503),
 .UNSPECIFIED.,.F.,.F.,(4,4),(0.00112452140245476,0.999828314510832),
 .UNSPECIFIED.);
#438=B_SPLINE_CURVE_WITH_KNOTS('',3,(#11518,#11519,#11520,#11521),
 .UNSPECIFIED.,.F.,.F.,(4,4),(0.,0.99996394795856),.UNSPECIFIED.);
#439=B_SPLINE_CURVE_WITH_KNOTS('',3,(#11523,#11524,#11525,#11526),
 .UNSPECIFIED.,.F.,.F.,(4,4),(0.,0.999984816761864),.UNSPECIFIED.);
#440=B_SPLINE_CURVE_WITH_KNOTS('',3,(#11528,#11529,#11530,#11531),
 .UNSPECIFIED.,.F.,.F.,(4,4),(0.,0.999923992736093),.UNSPECIFIED.);
#441=B_SPLINE_CURVE_WITH_KNOTS('',3,(#11546,#11547,#11548,#11549),
 .UNSPECIFIED.,.F.,.F.,(4,4),(0.,1.),.UNSPECIFIED.);
#442=B_SPLINE_CURVE_WITH_KNOTS('',3,(#11551,#11552,#11553,#11554),
 .UNSPECIFIED.,.F.,.F.,(4,4),(1.09112669006251E-5,1.),.UNSPECIFIED.);
#443=B_SPLINE_CURVE_WITH_KNOTS('',3,(#11571,#11572,#11573,#11574,#11575,
#11576),.UNSPECIFIED.,.F.,.F.,(4,1,1,4),(0.0265711892185348,0.513285594609267,
0.756642797304634,1.),.UNSPECIFIED.);
#444=B_SPLINE_CURVE_WITH_KNOTS('',3,(#11685,#11686,#11687,#11688,#11689,
#11690),.UNSPECIFIED.,.F.,.F.,(4,1,1,4),(0.00541521965439461,0.0178213250777846,
0.0240243777894795,0.0302274305011745),.UNSPECIFIED.);
#445=B_SPLINE_CURVE_WITH_KNOTS('',3,(#11693,#11694,#11695,#11696),
 .UNSPECIFIED.,.F.,.F.,(4,4),(0.,0.000895293189832175),.UNSPECIFIED.);
#446=B_SPLINE_CURVE_WITH_KNOTS('',3,(#11697,#11698,#11699,#11700,#11701),
 .UNSPECIFIED.,.F.,.F.,(4,1,4),(5.47469494670948E-17,0.00320258579149583,
0.0064051715829916),.UNSPECIFIED.);
#447=B_SPLINE_CURVE_WITH_KNOTS('',3,(#11705,#11706,#11707,#11708),
 .UNSPECIFIED.,.F.,.F.,(4,4),(0.,0.999857743677413),.UNSPECIFIED.);
#448=B_SPLINE_CURVE_WITH_KNOTS('',3,(#11730,#11731,#11732,#11733),
 .UNSPECIFIED.,.F.,.F.,(4,4),(0.,0.99998280449317),.UNSPECIFIED.);
#449=B_SPLINE_CURVE_WITH_KNOTS('',3,(#11735,#11736,#11737,#11738),
 .UNSPECIFIED.,.F.,.F.,(4,4),(4.23317842428867E-6,1.),.UNSPECIFIED.);
#450=B_SPLINE_CURVE_WITH_KNOTS('',3,(#11751,#11752,#11753,#11754),
 .UNSPECIFIED.,.F.,.F.,(4,4),(0.,1.),.PIECEWISE_BEZIER_KNOTS.);
#451=B_SPLINE_CURVE_WITH_KNOTS('',3,(#11915,#11916,#11917,#11918,#11919,
#11920,#11921,#11922,#11923,#11924),.UNSPECIFIED.,.F.,.F.,(4,2,2,2,4),(0.,
0.500000000000003,0.625000000000003,0.750000000000003,1.),.UNSPECIFIED.);
#452=B_SPLINE_CURVE_WITH_KNOTS('',3,(#11926,#11927,#11928,#11929),
 .UNSPECIFIED.,.F.,.F.,(4,4),(0.,0.0243670684394209),.UNSPECIFIED.);
#453=B_SPLINE_CURVE_WITH_KNOTS('',3,(#11970,#11971,#11972,#11973),
 .UNSPECIFIED.,.F.,.F.,(4,4),(-5.58892069299835E-9,0.000767462452376184),
 .UNSPECIFIED.);
#454=B_SPLINE_CURVE_WITH_KNOTS('',3,(#11975,#11976,#11977,#11978),
 .UNSPECIFIED.,.F.,.F.,(4,4),(0.119162244867036,1.),.UNSPECIFIED.);
#455=B_SPLINE_CURVE_WITH_KNOTS('',3,(#11980,#11981,#11982,#11983),
 .UNSPECIFIED.,.F.,.F.,(4,4),(0.000925985613332795,0.999880126154942),
 .UNSPECIFIED.);
#456=B_SPLINE_CURVE_WITH_KNOTS('',3,(#11996,#11997,#11998,#11999),
 .UNSPECIFIED.,.F.,.F.,(4,4),(0.00631518999594303,1.),.UNSPECIFIED.);
#457=B_SPLINE_CURVE_WITH_KNOTS('',3,(#12001,#12002,#12003,#12004),
 .UNSPECIFIED.,.F.,.F.,(4,4),(0.00780088387081877,1.),.UNSPECIFIED.);
#458=B_SPLINE_CURVE_WITH_KNOTS('',3,(#12017,#12018,#12019,#12020),
 .UNSPECIFIED.,.F.,.F.,(4,4),(7.64035832622239E-5,1.),.UNSPECIFIED.);
#459=B_SPLINE_CURVE_WITH_KNOTS('',3,(#12022,#12023,#12024,#12025),
 .UNSPECIFIED.,.F.,.F.,(4,4),(0.000764625231622806,1.),.UNSPECIFIED.);
#460=B_SPLINE_CURVE_WITH_KNOTS('',3,(#12130,#12131,#12132,#12133,#12134,
#12135,#12136,#12137,#12138,#12139),.UNSPECIFIED.,.F.,.F.,(4,2,2,2,4),(0.,
0.500000000000003,0.625000000000003,0.750000000000003,1.),.UNSPECIFIED.);
#461=B_SPLINE_CURVE_WITH_KNOTS('',3,(#12141,#12142,#12143,#12144),
 .UNSPECIFIED.,.F.,.F.,(4,4),(0.,1.),.UNSPECIFIED.);
#462=B_SPLINE_CURVE_WITH_KNOTS('',3,(#12175,#12176,#12177,#12178),
 .UNSPECIFIED.,.F.,.F.,(4,4),(0.,0.999737091233516),.UNSPECIFIED.);
#463=B_SPLINE_CURVE_WITH_KNOTS('',3,(#12180,#12181,#12182,#12183,#12184,
#12185,#12186,#12187,#12188),.UNSPECIFIED.,.F.,.F.,(4,1,1,1,1,1,4),(0.0534933411816865,
0.290120005886265,0.526746670590843,0.763373335295422,0.881686667647711,
0.940843333823855,1.),.UNSPECIFIED.);
#464=B_SPLINE_CURVE_WITH_KNOTS('',3,(#12209,#12210,#12211,#12212,#12213,
#12214,#12215,#12216,#12217,#12218,#12219,#12220),.UNSPECIFIED.,.F.,.F.,
(4,2,2,2,2,4),(0.36539584770895,0.523214294254418,0.681032740799887,0.838851187345356,
0.996669633890825,1.),.UNSPECIFIED.);
#465=B_SPLINE_CURVE_WITH_KNOTS('',3,(#12229,#12230,#12231,#12232),
 .UNSPECIFIED.,.F.,.F.,(4,4),(3.22121855768003E-7,1.),.UNSPECIFIED.);
#466=B_SPLINE_CURVE_WITH_KNOTS('',3,(#12234,#12235,#12236,#12237),
 .UNSPECIFIED.,.F.,.F.,(4,4),(0.,0.999998984599406),.UNSPECIFIED.);
#467=B_SPLINE_CURVE_WITH_KNOTS('',3,(#12239,#12240,#12241,#12242),
 .UNSPECIFIED.,.F.,.F.,(4,4),(0.,1.),.UNSPECIFIED.);
#468=B_SPLINE_CURVE_WITH_KNOTS('',3,(#12244,#12245,#12246,#12247,#12248,
#12249,#12250,#12251,#12252,#12253,#12254,#12255,#12256,#12257,#12258,#12259,
#12260,#12261,#12262,#12263,#12264,#12265,#12266,#12267,#12268,#12269,#12270,
#12271,#12272,#12273,#12274,#12275,#12276,#12277,#12278),.UNSPECIFIED.,
 .F.,.F.,(4,1,1,1,1,1,1,1,1,1,1,1,1,1,1,1,1,1,1,1,1,1,1,1,1,1,1,1,1,1,1,
1,4),(0.,0.124999999614679,0.187499999422018,0.249999999229357,0.312499999036697,
0.343749998940366,0.374999998844036,0.406249998747706,0.437499998651375,
0.45312499860321,0.468749998555045,0.476562498530962,0.48437499850688,0.492187498482797,
0.496093748470756,0.498046873464735,0.499999998458715,0.501953123452694,
0.503906248446673,0.507812498434632,0.515624998410549,0.523437498386467,
0.531249998362384,0.546874998314219,0.562499998266054,0.593749998169724,
0.624999998073393,0.656249997977063,0.687499997880733,0.749999997688072,
0.812499997495411,0.874999997302751,0.999999996917429),.UNSPECIFIED.);
#469=B_SPLINE_CURVE_WITH_KNOTS('',3,(#12287,#12288,#12289,#12290),
 .UNSPECIFIED.,.F.,.F.,(4,4),(0.,1.),.UNSPECIFIED.);
#470=B_SPLINE_CURVE_WITH_KNOTS('',3,(#12460,#12461,#12462,#12463),
 .UNSPECIFIED.,.F.,.F.,(4,4),(0.,0.863429040072149),.UNSPECIFIED.);
#471=B_SPLINE_CURVE_WITH_KNOTS('',3,(#12465,#12466,#12467,#12468),
 .UNSPECIFIED.,.F.,.F.,(4,4),(0.00845055938026718,0.0103336810414014),
 .UNSPECIFIED.);
#472=B_SPLINE_CURVE_WITH_KNOTS('',3,(#12470,#12471,#12472,#12473),
 .UNSPECIFIED.,.F.,.F.,(4,4),(0.947574086128728,0.952575339927615),
 .UNSPECIFIED.);
#473=B_SPLINE_CURVE_WITH_KNOTS('',3,(#12475,#12476,#12477,#12478,#12479,
#12480,#12481),.UNSPECIFIED.,.F.,.F.,(4,1,1,1,4),(0.00140852230772067,0.0038946243394135,
0.00638072637110634,0.011352930434492,0.0212973385612634),.UNSPECIFIED.);
#474=(
BOUNDED_SURFACE()
B_SPLINE_SURFACE(3,2,((#5907,#5908,#5909),(#5910,#5911,#5912),(#5913,#5914,
#5915),(#5916,#5917,#5918)),.UNSPECIFIED.,.F.,.F.,.F.)
B_SPLINE_SURFACE_WITH_KNOTS((4,4),(3,3),(0.,0.000314735037737204),(0.,0.397618577907913),
 .PIECEWISE_BEZIER_KNOTS.)
GEOMETRIC_REPRESENTATION_ITEM()
RATIONAL_B_SPLINE_SURFACE(((1.,0.915343850073064,0.898009416036342),(1.,
0.916244759056586,0.899094797705682),(1.,0.917109742053429,0.900136897081129),
(1.,0.917914511755172,0.901106453715915)))
REPRESENTATION_ITEM('')
SURFACE()
);
#475=(
BOUNDED_SURFACE()
B_SPLINE_SURFACE(3,2,((#5992,#5993,#5994),(#5995,#5996,#5997),(#5998,#5999,
#6000),(#6001,#6002,#6003)),.UNSPECIFIED.,.F.,.F.,.F.)
B_SPLINE_SURFACE_WITH_KNOTS((4,4),(3,3),(0.,0.000326715216651684),(0.623670546385074,
1.),.PIECEWISE_BEZIER_KNOTS.)
GEOMETRIC_REPRESENTATION_ITEM()
RATIONAL_B_SPLINE_SURFACE(((0.900058632951436,0.919876473542125,1.),(0.901162691128657,
0.920761602865307,1.),(0.902221027577981,0.921610076835626,1.),(0.903201626779945,
0.922396228440545,1.)))
REPRESENTATION_ITEM('')
SURFACE()
);
#476=(
BOUNDED_SURFACE()
B_SPLINE_SURFACE(3,2,((#6068,#6069,#6070),(#6071,#6072,#6073),(#6074,#6075,
#6076),(#6077,#6078,#6079),(#6080,#6081,#6082),(#6083,#6084,#6085),(#6086,
#6087,#6088)),.UNSPECIFIED.,.F.,.F.,.F.)
B_SPLINE_SURFACE_WITH_KNOTS((4,1,1,1,4),(3,3),(0.,0.00128462704796412,0.00256925409592825,
0.00385388114389237,0.0051385081918565),(0.,1.),.UNSPECIFIED.)
GEOMETRIC_REPRESENTATION_ITEM()
RATIONAL_B_SPLINE_SURFACE(((1.,0.65411227479042,1.),(1.,0.646943268752118,
1.),(1.,0.639516108694235,1.),(1.,0.671622022831806,1.),(1.,0.7301357894079,
1.),(1.,0.769308927447768,1.),(1.,0.787092066038869,1.)))
REPRESENTATION_ITEM('')
SURFACE()
);
#477=(
BOUNDED_SURFACE()
B_SPLINE_SURFACE(3,2,((#6120,#6121,#6122),(#6123,#6124,#6125),(#6126,#6127,
#6128),(#6129,#6130,#6131)),.UNSPECIFIED.,.F.,.F.,.F.)
B_SPLINE_SURFACE_WITH_KNOTS((4,4),(3,3),(0.,0.00186028237031892),(0.,1.),
 .PIECEWISE_BEZIER_KNOTS.)
GEOMETRIC_REPRESENTATION_ITEM()
RATIONAL_B_SPLINE_SURFACE(((1.,0.65411227479042,1.),(1.,0.671969173359021,
1.),(1.,0.689804279158816,1.),(1.,0.707106781186548,1.)))
REPRESENTATION_ITEM('')
SURFACE()
);
#478=(
BOUNDED_SURFACE()
B_SPLINE_SURFACE(3,3,((#6254,#6255,#6256,#6257,#6258,#6259,#6260,#6261,
#6262,#6263,#6264,#6265,#6266,#6267,#6268,#6269,#6270,#6271,#6272,#6273,
#6274,#6275,#6276,#6277,#6278,#6279,#6280,#6281),(#6282,#6283,#6284,#6285,
#6286,#6287,#6288,#6289,#6290,#6291,#6292,#6293,#6294,#6295,#6296,#6297,
#6298,#6299,#6300,#6301,#6302,#6303,#6304,#6305,#6306,#6307,#6308,#6309),
(#6310,#6311,#6312,#6313,#6314,#6315,#6316,#6317,#6318,#6319,#6320,#6321,
#6322,#6323,#6324,#6325,#6326,#6327,#6328,#6329,#6330,#6331,#6332,#6333,
#6334,#6335,#6336,#6337),(#6338,#6339,#6340,#6341,#6342,#6343,#6344,#6345,
#6346,#6347,#6348,#6349,#6350,#6351,#6352,#6353,#6354,#6355,#6356,#6357,
#6358,#6359,#6360,#6361,#6362,#6363,#6364,#6365)),.UNSPECIFIED.,.F.,.F.,
 .F.)
B_SPLINE_SURFACE_WITH_KNOTS((4,4),(4,2,2,2,2,2,2,2,2,2,2,2,2,4),(0.487540512412064,
0.98600876479582),(0.043672142315255,0.0625,0.125,0.25,0.5,0.75,0.875,0.9375,
0.96875,0.984375,0.9921875,1.,1.01274502224138,1.0193052815182),
 .UNSPECIFIED.)
GEOMETRIC_REPRESENTATION_ITEM()
RATIONAL_B_SPLINE_SURFACE(((0.961562344435531,0.961562344435531,0.961562344435531,
0.961562344435531,0.961562344435531,0.961562344435531,0.961562344435531,
0.961562344435531,0.961562344435531,0.961562344435531,0.961562344435531,
0.961562344435531,0.961562344435531,0.961562344435531,0.961562344435531,
0.961562344435531,0.961562344435531,0.961562344435531,0.961562344435531,
0.961562344435531,0.961562344435531,0.961562344435531,0.961562344435531,
0.961562344435531,0.961562344435531,0.961562344435531,0.961562344435531,
0.961562344435531),(0.9609253537685,0.9609253537685,0.9609253537685,0.9609253537685,
0.9609253537685,0.9609253537685,0.9609253537685,0.9609253537685,0.9609253537685,
0.9609253537685,0.9609253537685,0.9609253537685,0.9609253537685,0.9609253537685,
0.9609253537685,0.9609253537685,0.9609253537685,0.9609253537685,0.9609253537685,
0.9609253537685,0.9609253537685,0.9609253537685,0.9609253537685,0.9609253537685,
0.9609253537685,0.9609253537685,0.9609253537685,0.9609253537685),(0.973030445082726,
0.973030445082726,0.973030445082726,0.973030445082726,0.973030445082726,
0.973030445082726,0.973030445082726,0.973030445082726,0.973030445082726,
0.973030445082726,0.973030445082726,0.973030445082726,0.973030445082726,
0.973030445082726,0.973030445082726,0.973030445082726,0.973030445082726,
0.973030445082726,0.973030445082726,0.973030445082726,0.973030445082726,
0.973030445082726,0.973030445082726,0.973030445082726,0.973030445082726,
0.973030445082726,0.973030445082726,0.973030445082726),(0.997877618378209,
0.997877618378209,0.997877618378209,0.997877618378209,0.997877618378209,
0.997877618378209,0.997877618378209,0.997877618378209,0.997877618378209,
0.997877618378209,0.997877618378209,0.997877618378209,0.997877618378209,
0.997877618378209,0.997877618378209,0.997877618378209,0.997877618378209,
0.997877618378209,0.997877618378209,0.997877618378209,0.997877618378209,
0.997877618378209,0.997877618378209,0.997877618378209,0.997877618378209,
0.997877618378209,0.997877618378209,0.997877618378209)))
REPRESENTATION_ITEM('')
SURFACE()
);
#479=(
BOUNDED_SURFACE()
B_SPLINE_SURFACE(3,1,((#6390,#6391),(#6392,#6393),(#6394,#6395),(#6396,
#6397)),.SURF_OF_LINEAR_EXTRUSION.,.F.,.F.,.F.)
B_SPLINE_SURFACE_WITH_KNOTS((4,4),(2,2),(0.487540512412064,0.986008764795819),
(0.0594066163189575,0.448512755224015),.PIECEWISE_BEZIER_KNOTS.)
GEOMETRIC_REPRESENTATION_ITEM()
RATIONAL_B_SPLINE_SURFACE(((0.961562344435531,0.961562344435531),(0.9609253537685,
0.9609253537685),(0.973030445082726,0.973030445082726),(0.997877618378209,
0.997877618378209)))
REPRESENTATION_ITEM('')
SURFACE()
);
#480=(
BOUNDED_SURFACE()
B_SPLINE_SURFACE(3,3,((#6406,#6407,#6408,#6409,#6410,#6411,#6412,#6413,
#6414,#6415,#6416,#6417,#6418,#6419,#6420,#6421,#6422,#6423,#6424,#6425,
#6426,#6427,#6428,#6429,#6430,#6431,#6432,#6433,#6434,#6435,#6436,#6437,
#6438,#6439,#6440,#6441,#6442,#6443,#6444),(#6445,#6446,#6447,#6448,#6449,
#6450,#6451,#6452,#6453,#6454,#6455,#6456,#6457,#6458,#6459,#6460,#6461,
#6462,#6463,#6464,#6465,#6466,#6467,#6468,#6469,#6470,#6471,#6472,#6473,
#6474,#6475,#6476,#6477,#6478,#6479,#6480,#6481,#6482,#6483),(#6484,#6485,
#6486,#6487,#6488,#6489,#6490,#6491,#6492,#6493,#6494,#6495,#6496,#6497,
#6498,#6499,#6500,#6501,#6502,#6503,#6504,#6505,#6506,#6507,#6508,#6509,
#6510,#6511,#6512,#6513,#6514,#6515,#6516,#6517,#6518,#6519,#6520,#6521,
#6522),(#6523,#6524,#6525,#6526,#6527,#6528,#6529,#6530,#6531,#6532,#6533,
#6534,#6535,#6536,#6537,#6538,#6539,#6540,#6541,#6542,#6543,#6544,#6545,
#6546,#6547,#6548,#6549,#6550,#6551,#6552,#6553,#6554,#6555,#6556,#6557,
#6558,#6559,#6560,#6561)),.UNSPECIFIED.,.F.,.F.,.F.)
B_SPLINE_SURFACE_WITH_KNOTS((4,4),(4,3,3,2,2,2,2,2,2,2,2,2,2,2,2,2,3,4),
(0.,1.),(-0.202189067654157,-0.189919498363313,-0.02753121459017,0.,0.015625,
0.03125,0.0625,0.125,0.25,0.5,0.75,0.875,0.9375,0.96875,0.984375,1.,1.02649714710411,
1.03703743072105),.UNSPECIFIED.)
GEOMETRIC_REPRESENTATION_ITEM()
RATIONAL_B_SPLINE_SURFACE(((1.,1.,1.,1.,1.,1.,1.,1.,1.,1.,1.,1.,1.,1.,1.,
1.,1.,1.,1.,1.,1.,1.,1.,1.,1.,1.,1.,1.,1.,1.,1.,1.,1.,1.,1.,1.,1.,1.,1.),
(0.948717948717949,0.948717948717949,0.948717948717949,0.948717948717949,
0.948717948717949,0.948717948717949,0.948717948717949,0.948717948717949,
0.948717948717949,0.948717948717949,0.948717948717949,0.948717948717949,
0.948717948717949,0.948717948717949,0.948717948717949,0.948717948717949,
0.948717948717949,0.948717948717949,0.948717948717949,0.948717948717949,
0.948717948717949,0.948717948717949,0.948717948717949,0.948717948717949,
0.948717948717949,0.948717948717949,0.948717948717949,0.948717948717949,
0.948717948717949,0.948717948717949,0.948717948717949,0.948717948717949,
0.948717948717949,0.948717948717949,0.948717948717949,0.948717948717949,
0.948717948717949,0.948717948717949,0.948717948717949),(0.948717948717949,
0.948717948717949,0.948717948717949,0.948717948717949,0.948717948717949,
0.948717948717949,0.948717948717949,0.948717948717949,0.948717948717949,
0.948717948717949,0.948717948717949,0.948717948717949,0.948717948717949,
0.948717948717949,0.948717948717949,0.948717948717949,0.948717948717949,
0.948717948717949,0.948717948717949,0.948717948717949,0.948717948717949,
0.948717948717949,0.948717948717949,0.948717948717949,0.948717948717949,
0.948717948717949,0.948717948717949,0.948717948717949,0.948717948717949,
0.948717948717949,0.948717948717949,0.948717948717949,0.948717948717949,
0.948717948717949,0.948717948717949,0.948717948717949,0.948717948717949,
0.948717948717949,0.948717948717949),(1.,1.,1.,1.,1.,1.,1.,1.,1.,1.,1.,
1.,1.,1.,1.,1.,1.,1.,1.,1.,1.,1.,1.,1.,1.,1.,1.,1.,1.,1.,1.,1.,1.,1.,1.,
1.,1.,1.,1.)))
REPRESENTATION_ITEM('')
SURFACE()
);
#481=(
BOUNDED_SURFACE()
B_SPLINE_SURFACE(3,3,((#6603,#6604,#6605,#6606,#6607,#6608,#6609,#6610,
#6611,#6612,#6613,#6614,#6615,#6616,#6617,#6618,#6619,#6620),(#6621,#6622,
#6623,#6624,#6625,#6626,#6627,#6628,#6629,#6630,#6631,#6632,#6633,#6634,
#6635,#6636,#6637,#6638),(#6639,#6640,#6641,#6642,#6643,#6644,#6645,#6646,
#6647,#6648,#6649,#6650,#6651,#6652,#6653,#6654,#6655,#6656),(#6657,#6658,
#6659,#6660,#6661,#6662,#6663,#6664,#6665,#6666,#6667,#6668,#6669,#6670,
#6671,#6672,#6673,#6674)),.UNSPECIFIED.,.F.,.F.,.F.)
B_SPLINE_SURFACE_WITH_KNOTS((4,4),(4,1,1,1,1,1,1,1,1,1,1,1,1,1,1,4),(0.00717910954974049,
0.506382843489036),(0.39590882143003,0.4375,0.5,0.5625,0.625,0.6875,0.75,
0.8125,0.84375,0.875,0.90625,0.9375,0.953125,0.96875,0.9765625,0.97895450760909),
 .UNSPECIFIED.)
GEOMETRIC_REPRESENTATION_ITEM()
RATIONAL_B_SPLINE_SURFACE(((0.998903450779105,0.998903450779105,0.998903450779105,
0.998903450779105,0.998903450779105,0.998903450779105,0.998903450779105,
0.998903450779105,0.998903450779105,0.998903450779105,0.998903450779105,
0.998903450779105,0.998903450779105,0.998903450779105,0.998903450779105,
0.998903450779105,0.998903450779105,0.998903450779105),(0.973670832453356,
0.973670832453356,0.973670832453356,0.973670832453356,0.973670832453356,
0.973670832453356,0.973670832453356,0.973670832453356,0.973670832453356,
0.973670832453356,0.973670832453356,0.973670832453356,0.973670832453356,
0.973670832453356,0.973670832453356,0.973670832453356,0.973670832453356,
0.973670832453356),(0.961217925306013,0.961217925306013,0.961217925306013,
0.961217925306013,0.961217925306013,0.961217925306013,0.961217925306013,
0.961217925306013,0.961217925306013,0.961217925306013,0.961217925306013,
0.961217925306013,0.961217925306013,0.961217925306013,0.961217925306013,
0.961217925306013,0.961217925306013,0.961217925306013),(0.961544729337078,
0.961544729337078,0.961544729337078,0.961544729337078,0.961544729337078,
0.961544729337078,0.961544729337078,0.961544729337078,0.961544729337078,
0.961544729337078,0.961544729337078,0.961544729337078,0.961544729337078,
0.961544729337078,0.961544729337078,0.961544729337078,0.961544729337078,
0.961544729337078)))
REPRESENTATION_ITEM('')
SURFACE()
);
#482=(
BOUNDED_SURFACE()
B_SPLINE_SURFACE(3,3,((#6698,#6699,#6700,#6701,#6702,#6703,#6704,#6705,
#6706,#6707,#6708,#6709,#6710,#6711,#6712,#6713,#6714,#6715,#6716),(#6717,
#6718,#6719,#6720,#6721,#6722,#6723,#6724,#6725,#6726,#6727,#6728,#6729,
#6730,#6731,#6732,#6733,#6734,#6735),(#6736,#6737,#6738,#6739,#6740,#6741,
#6742,#6743,#6744,#6745,#6746,#6747,#6748,#6749,#6750,#6751,#6752,#6753,
#6754),(#6755,#6756,#6757,#6758,#6759,#6760,#6761,#6762,#6763,#6764,#6765,
#6766,#6767,#6768,#6769,#6770,#6771,#6772,#6773)),.UNSPECIFIED.,.F.,.F.,
 .F.)
B_SPLINE_SURFACE_WITH_KNOTS((4,4),(4,1,1,1,1,1,1,2,1,3,3,4),(0.00412592011914928,
0.50366564345941),(0.96446181453941,0.96875,0.9765625,0.984375,0.9921875,
0.99609375,0.998046875,1.,1.00231483990333,1.00462967980667,1.06002124469676,
1.06059299903181),.UNSPECIFIED.)
GEOMETRIC_REPRESENTATION_ITEM()
RATIONAL_B_SPLINE_SURFACE(((0.999367862015028,0.999367862015028,0.999367862015028,
0.999367862015028,0.999367862015028,0.999367862015028,0.999367862015028,
0.999367862015028,0.999367862015028,0.999367862015028,0.999367862015028,
0.999367862015028,0.999367862015028,0.999367862015028,0.999367862015028,
0.999367862015028,0.999367862015028,0.999367862015028,0.999367862015028),
(0.973961831176537,0.973961831176537,0.973961831176537,0.973961831176537,
0.973961831176537,0.973961831176537,0.973961831176537,0.973961831176537,
0.973961831176537,0.973961831176537,0.973961831176537,0.973961831176537,
0.973961831176537,0.973961831176537,0.973961831176537,0.973961831176537,
0.973961831176537,0.973961831176537,0.973961831176537),(0.961352720091629,
0.961352720091629,0.961352720091629,0.961352720091629,0.961352720091629,
0.961352720091629,0.961352720091629,0.961352720091629,0.961352720091629,
0.961352720091629,0.961352720091629,0.961352720091629,0.961352720091629,
0.961352720091629,0.961352720091629,0.961352720091629,0.961352720091629,
0.961352720091629,0.961352720091629),(0.961540528760303,0.961540528760303,
0.961540528760303,0.961540528760303,0.961540528760303,0.961540528760303,
0.961540528760303,0.961540528760303,0.961540528760303,0.961540528760303,
0.961540528760303,0.961540528760303,0.961540528760303,0.961540528760303,
0.961540528760303,0.961540528760303,0.961540528760303,0.961540528760303,
0.961540528760303)))
REPRESENTATION_ITEM('')
SURFACE()
);
#483=(
BOUNDED_SURFACE()
B_SPLINE_SURFACE(3,2,((#6913,#6914,#6915),(#6916,#6917,#6918),(#6919,#6920,
#6921),(#6922,#6923,#6924),(#6925,#6926,#6927),(#6928,#6929,#6930),(#6931,
#6932,#6933),(#6934,#6935,#6936),(#6937,#6938,#6939),(#6940,#6941,#6942),
(#6943,#6944,#6945)),.UNSPECIFIED.,.F.,.F.,.F.)
B_SPLINE_SURFACE_WITH_KNOTS((4,1,1,1,1,1,1,1,4),(3,3),(0.554899969549902,
0.582718721453033,0.610537473356165,0.666174977162427,0.721812480968689,
0.777449984774951,0.888724992387476,0.944362496193738,1.),(0.,1.),
 .UNSPECIFIED.)
GEOMETRIC_REPRESENTATION_ITEM()
RATIONAL_B_SPLINE_SURFACE(((1.,0.76308856971407,1.),(1.,0.771017719245998,
1.),(1.,0.786876018309853,1.),(1.,0.815492139692262,1.),(1.,0.846396838911382,
1.),(1.,0.87501660119658,1.),(1.,0.902845911490144,1.),(1.,0.91717107665854,
1.),(1.,0.923198596903182,1.),(1.,0.923652553975252,1.),(1.,0.923879532511287,
1.)))
REPRESENTATION_ITEM('')
SURFACE()
);
#484=(
BOUNDED_SURFACE()
B_SPLINE_SURFACE(3,1,((#6978,#6979,#6980,#6981),(#6982,#6983,#6984,#6985),
(#6986,#6987,#6988,#6989),(#6990,#6991,#6992,#6993)),
 .SURF_OF_LINEAR_EXTRUSION.,.F.,.F.,.F.)
B_SPLINE_SURFACE_WITH_KNOTS((4,4),(2,1,1,2),(0.,1.),(-0.1232,-0.04,0.,1.),
 .PIECEWISE_BEZIER_KNOTS.)
GEOMETRIC_REPRESENTATION_ITEM()
RATIONAL_B_SPLINE_SURFACE(((1.,1.,1.,1.),(0.948717948717948,0.948717948717948,
0.948717948717949,0.948717948717949),(0.948717948717948,0.948717948717948,
0.948717948717949,0.948717948717949),(1.,1.,1.,1.)))
REPRESENTATION_ITEM('')
SURFACE()
);
#485=(
BOUNDED_SURFACE()
B_SPLINE_SURFACE(3,1,((#7027,#7028),(#7029,#7030),(#7031,#7032),(#7033,
#7034)),.SURF_OF_LINEAR_EXTRUSION.,.F.,.F.,.F.)
B_SPLINE_SURFACE_WITH_KNOTS((4,4),(2,2),(0.,0.500000000000221),(0.184692916503233,
0.855891261592267),.PIECEWISE_BEZIER_KNOTS.)
GEOMETRIC_REPRESENTATION_ITEM()
RATIONAL_B_SPLINE_SURFACE(((1.,1.),(0.974358974358963,0.974358974358963),
(0.96153846153845,0.96153846153845),(0.961538461538461,0.961538461538461)))
REPRESENTATION_ITEM('')
SURFACE()
);
#486=(
BOUNDED_SURFACE()
B_SPLINE_SURFACE(3,3,((#7358,#7359,#7360,#7361,#7362,#7363,#7364,#7365,
#7366,#7367,#7368,#7369,#7370,#7371,#7372,#7373,#7374,#7375,#7376,#7377,
#7378,#7379,#7380,#7381,#7382,#7383,#7384,#7385,#7386,#7387,#7388,#7389,
#7390,#7391,#7392,#7393,#7394),(#7395,#7396,#7397,#7398,#7399,#7400,#7401,
#7402,#7403,#7404,#7405,#7406,#7407,#7408,#7409,#7410,#7411,#7412,#7413,
#7414,#7415,#7416,#7417,#7418,#7419,#7420,#7421,#7422,#7423,#7424,#7425,
#7426,#7427,#7428,#7429,#7430,#7431),(#7432,#7433,#7434,#7435,#7436,#7437,
#7438,#7439,#7440,#7441,#7442,#7443,#7444,#7445,#7446,#7447,#7448,#7449,
#7450,#7451,#7452,#7453,#7454,#7455,#7456,#7457,#7458,#7459,#7460,#7461,
#7462,#7463,#7464,#7465,#7466,#7467,#7468),(#7469,#7470,#7471,#7472,#7473,
#7474,#7475,#7476,#7477,#7478,#7479,#7480,#7481,#7482,#7483,#7484,#7485,
#7486,#7487,#7488,#7489,#7490,#7491,#7492,#7493,#7494,#7495,#7496,#7497,
#7498,#7499,#7500,#7501,#7502,#7503,#7504,#7505),(#7506,#7507,#7508,#7509,
#7510,#7511,#7512,#7513,#7514,#7515,#7516,#7517,#7518,#7519,#7520,#7521,
#7522,#7523,#7524,#7525,#7526,#7527,#7528,#7529,#7530,#7531,#7532,#7533,
#7534,#7535,#7536,#7537,#7538,#7539,#7540,#7541,#7542),(#7543,#7544,#7545,
#7546,#7547,#7548,#7549,#7550,#7551,#7552,#7553,#7554,#7555,#7556,#7557,
#7558,#7559,#7560,#7561,#7562,#7563,#7564,#7565,#7566,#7567,#7568,#7569,
#7570,#7571,#7572,#7573,#7574,#7575,#7576,#7577,#7578,#7579),(#7580,#7581,
#7582,#7583,#7584,#7585,#7586,#7587,#7588,#7589,#7590,#7591,#7592,#7593,
#7594,#7595,#7596,#7597,#7598,#7599,#7600,#7601,#7602,#7603,#7604,#7605,
#7606,#7607,#7608,#7609,#7610,#7611,#7612,#7613,#7614,#7615,#7616)),
 .UNSPECIFIED.,.F.,.F.,.F.)
B_SPLINE_SURFACE_WITH_KNOTS((4,3,4),(4,3,1,1,1,1,1,1,1,1,1,1,1,1,1,1,1,
1,1,1,1,2,1,1,1,1,1,1,1,1,1,4),(0.5,1.,1.00300089510376),(-0.00647795306769625,
0.,0.125,0.25,0.375,0.5,0.625,0.6875,0.75,0.8125,0.84375,0.875,0.90625,
0.9375,0.953125,0.96875,0.9765625,0.984375,0.9921875,0.99609375,0.998046875,
1.,1.00155938015532,1.00311876031065,1.0062375206213,1.0124750412426,1.0187125618639,
1.0249500824852,1.0374251237278,1.0499001649704,1.07485024745559,1.08613679855943),
 .UNSPECIFIED.)
GEOMETRIC_REPRESENTATION_ITEM()
RATIONAL_B_SPLINE_SURFACE(((0.878880072227792,0.878880072227792,0.878880072227792,
0.878880072227792,0.878880072227792,0.878880072227792,0.878880072227792,
0.878880072227792,0.878880072227792,0.878880072227792,0.878880072227792,
0.878880072227792,0.878880072227792,0.878880072227792,0.878880072227792,
0.878880072227792,0.878880072227792,0.878880072227792,0.878880072227792,
0.878880072227792,0.878880072227792,0.878880072227792,0.878880072227792,
0.878880072227792,0.878880072227792,0.878880072227792,0.878880072227792,
0.878880072227792,0.878880072227792,0.878880072227792,0.878880072227792,
0.878880072227792,0.878880072227792,0.878880072227792,0.878880072227792,
0.878880072227792,0.878880072227792),(0.878880072227792,0.878880072227792,
0.878880072227792,0.878880072227792,0.878880072227792,0.878880072227792,
0.878880072227792,0.878880072227792,0.878880072227792,0.878880072227792,
0.878880072227792,0.878880072227792,0.878880072227792,0.878880072227792,
0.878880072227792,0.878880072227792,0.878880072227792,0.878880072227792,
0.878880072227792,0.878880072227792,0.878880072227792,0.878880072227792,
0.878880072227792,0.878880072227792,0.878880072227792,0.878880072227792,
0.878880072227792,0.878880072227792,0.878880072227792,0.878880072227792,
0.878880072227792,0.878880072227792,0.878880072227792,0.878880072227792,
0.878880072227792,0.878880072227792,0.878880072227792),(0.919253381485195,
0.919253381485195,0.919253381485195,0.919253381485195,0.919253381485195,
0.919253381485195,0.919253381485195,0.919253381485195,0.919253381485195,
0.919253381485195,0.919253381485195,0.919253381485195,0.919253381485195,
0.919253381485195,0.919253381485195,0.919253381485195,0.919253381485195,
0.919253381485195,0.919253381485195,0.919253381485195,0.919253381485195,
0.919253381485195,0.919253381485195,0.919253381485195,0.919253381485195,
0.919253381485195,0.919253381485195,0.919253381485195,0.919253381485195,
0.919253381485195,0.919253381485195,0.919253381485195,0.919253381485195,
0.919253381485195,0.919253381485195,0.919253381485195,0.919253381485195),
(1.,1.,1.,1.,1.,1.,1.,1.,1.,1.,1.,1.,1.,1.,1.,1.,1.,1.,1.,1.,1.,1.,1.,1.,
1.,1.,1.,1.,1.,1.,1.,1.,1.,1.,1.,1.,1.),(1.,1.,1.,1.,1.,1.,1.,1.,1.,1.,
1.,1.,1.,1.,1.,1.,1.,1.,1.,1.,1.,1.,1.,1.,1.,1.,1.,1.,1.,1.,1.,1.,1.,1.,
1.,1.,1.),(1.,1.,1.,1.,1.,1.,1.,1.,1.,1.,1.,1.,1.,1.,1.,1.,1.,1.,1.,1.,
1.,1.,1.,1.,1.,1.,1.,1.,1.,1.,1.,1.,1.,1.,1.,1.,1.),(1.,1.,1.,1.,1.,1.,
1.,1.,1.,1.,1.,1.,1.,1.,1.,1.,1.,1.,1.,1.,1.,1.,1.,1.,1.,1.,1.,1.,1.,1.,
1.,1.,1.,1.,1.,1.,1.)))
REPRESENTATION_ITEM('')
SURFACE()
);
#487=(
BOUNDED_SURFACE()
B_SPLINE_SURFACE(3,3,((#7630,#7631,#7632,#7633,#7634,#7635,#7636,#7637,
#7638,#7639,#7640,#7641,#7642,#7643,#7644,#7645,#7646,#7647,#7648,#7649,
#7650,#7651,#7652,#7653,#7654,#7655,#7656),(#7657,#7658,#7659,#7660,#7661,
#7662,#7663,#7664,#7665,#7666,#7667,#7668,#7669,#7670,#7671,#7672,#7673,
#7674,#7675,#7676,#7677,#7678,#7679,#7680,#7681,#7682,#7683),(#7684,#7685,
#7686,#7687,#7688,#7689,#7690,#7691,#7692,#7693,#7694,#7695,#7696,#7697,
#7698,#7699,#7700,#7701,#7702,#7703,#7704,#7705,#7706,#7707,#7708,#7709,
#7710),(#7711,#7712,#7713,#7714,#7715,#7716,#7717,#7718,#7719,#7720,#7721,
#7722,#7723,#7724,#7725,#7726,#7727,#7728,#7729,#7730,#7731,#7732,#7733,
#7734,#7735,#7736,#7737),(#7738,#7739,#7740,#7741,#7742,#7743,#7744,#7745,
#7746,#7747,#7748,#7749,#7750,#7751,#7752,#7753,#7754,#7755,#7756,#7757,
#7758,#7759,#7760,#7761,#7762,#7763,#7764),(#7765,#7766,#7767,#7768,#7769,
#7770,#7771,#7772,#7773,#7774,#7775,#7776,#7777,#7778,#7779,#7780,#7781,
#7782,#7783,#7784,#7785,#7786,#7787,#7788,#7789,#7790,#7791),(#7792,#7793,
#7794,#7795,#7796,#7797,#7798,#7799,#7800,#7801,#7802,#7803,#7804,#7805,
#7806,#7807,#7808,#7809,#7810,#7811,#7812,#7813,#7814,#7815,#7816,#7817,
#7818)),.UNSPECIFIED.,.F.,.F.,.F.)
B_SPLINE_SURFACE_WITH_KNOTS((4,3,4),(4,1,1,2,1,1,1,1,1,1,1,1,1,1,1,1,1,
1,1,1,3,4),(0.78713217046139,1.,1.00004299750315),(-0.00865394869617538,
-0.00575851688914079,-0.00287925844457039,0.,0.00390625,0.0078125,0.015625,
0.03125,0.046875,0.0625,0.09375,0.125,0.15625,0.1875,0.25,0.3125,0.375,
0.5,0.625,0.75,1.,1.00601582871986),.UNSPECIFIED.)
GEOMETRIC_REPRESENTATION_ITEM()
RATIONAL_B_SPLINE_SURFACE(((0.918822945476448,0.918822945476448,0.918822945476448,
0.918822945476448,0.918822945476448,0.918822945476448,0.918822945476448,
0.918822945476448,0.918822945476448,0.918822945476448,0.918822945476448,
0.918822945476448,0.918822945476448,0.918822945476448,0.918822945476448,
0.918822945476448,0.918822945476448,0.918822945476448,0.918822945476448,
0.918822945476448,0.918822945476448,0.918822945476448,0.918822945476448,
0.918822945476448,0.918822945476448,0.918822945476448,0.918822945476448),
(0.938564266973825,0.938564266973825,0.938564266973825,0.938564266973825,
0.938564266973825,0.938564266973825,0.938564266973825,0.938564266973825,
0.938564266973825,0.938564266973825,0.938564266973825,0.938564266973825,
0.938564266973825,0.938564266973825,0.938564266973825,0.938564266973825,
0.938564266973825,0.938564266973825,0.938564266973825,0.938564266973825,
0.938564266973825,0.938564266973825,0.938564266973825,0.938564266973825,
0.938564266973825,0.938564266973825,0.938564266973825),(0.965623285148343,
0.965623285148343,0.965623285148343,0.965623285148343,0.965623285148343,
0.965623285148343,0.965623285148343,0.965623285148343,0.965623285148343,
0.965623285148343,0.965623285148343,0.965623285148343,0.965623285148343,
0.965623285148343,0.965623285148343,0.965623285148343,0.965623285148343,
0.965623285148343,0.965623285148343,0.965623285148343,0.965623285148343,
0.965623285148343,0.965623285148343,0.965623285148343,0.965623285148343,
0.965623285148343,0.965623285148343),(1.,1.,1.,1.,1.,1.,1.,1.,1.,1.,1.,
1.,1.,1.,1.,1.,1.,1.,1.,1.,1.,1.,1.,1.,1.,1.,1.),(1.,1.,1.,1.,1.,1.,1.,
1.,1.,1.,1.,1.,1.,1.,1.,1.,1.,1.,1.,1.,1.,1.,1.,1.,1.,1.,1.),(1.,1.,1.,
1.,1.,1.,1.,1.,1.,1.,1.,1.,1.,1.,1.,1.,1.,1.,1.,1.,1.,1.,1.,1.,1.,1.,1.),
(1.,1.,1.,1.,1.,1.,1.,1.,1.,1.,1.,1.,1.,1.,1.,1.,1.,1.,1.,1.,1.,1.,1.,1.,
1.,1.,1.)))
REPRESENTATION_ITEM('')
SURFACE()
);
#488=(
BOUNDED_SURFACE()
B_SPLINE_SURFACE(3,1,((#7852,#7853,#7854),(#7855,#7856,#7857),(#7858,#7859,
#7860),(#7861,#7862,#7863),(#7864,#7865,#7866),(#7867,#7868,#7869),(#7870,
#7871,#7872)),.SURF_OF_LINEAR_EXTRUSION.,.F.,.F.,.F.)
B_SPLINE_SURFACE_WITH_KNOTS((4,3,4),(2,1,2),(0.,1.,1.00612378645052),(-0.00745593149369506,
0.,0.319782350578855),.PIECEWISE_BEZIER_KNOTS.)
GEOMETRIC_REPRESENTATION_ITEM()
RATIONAL_B_SPLINE_SURFACE(((1.,1.,1.),(0.987862095001546,0.987862095001546,
0.987862095001546),(0.987862095001546,0.987862095001546,0.987862095001546),
(1.,1.,1.),(1.,1.,1.),(1.,1.,1.),(1.,1.,1.)))
REPRESENTATION_ITEM('')
SURFACE()
);
#489=(
BOUNDED_SURFACE()
B_SPLINE_SURFACE(3,3,((#7890,#7891,#7892,#7893,#7894,#7895,#7896,#7897,
#7898,#7899,#7900,#7901,#7902,#7903,#7904,#7905,#7906,#7907,#7908),(#7909,
#7910,#7911,#7912,#7913,#7914,#7915,#7916,#7917,#7918,#7919,#7920,#7921,
#7922,#7923,#7924,#7925,#7926,#7927),(#7928,#7929,#7930,#7931,#7932,#7933,
#7934,#7935,#7936,#7937,#7938,#7939,#7940,#7941,#7942,#7943,#7944,#7945,
#7946),(#7947,#7948,#7949,#7950,#7951,#7952,#7953,#7954,#7955,#7956,#7957,
#7958,#7959,#7960,#7961,#7962,#7963,#7964,#7965),(#7966,#7967,#7968,#7969,
#7970,#7971,#7972,#7973,#7974,#7975,#7976,#7977,#7978,#7979,#7980,#7981,
#7982,#7983,#7984),(#7985,#7986,#7987,#7988,#7989,#7990,#7991,#7992,#7993,
#7994,#7995,#7996,#7997,#7998,#7999,#8000,#8001,#8002,#8003),(#8004,#8005,
#8006,#8007,#8008,#8009,#8010,#8011,#8012,#8013,#8014,#8015,#8016,#8017,
#8018,#8019,#8020,#8021,#8022),(#8023,#8024,#8025,#8026,#8027,#8028,#8029,
#8030,#8031,#8032,#8033,#8034,#8035,#8036,#8037,#8038,#8039,#8040,#8041),
(#8042,#8043,#8044,#8045,#8046,#8047,#8048,#8049,#8050,#8051,#8052,#8053,
#8054,#8055,#8056,#8057,#8058,#8059,#8060),(#8061,#8062,#8063,#8064,#8065,
#8066,#8067,#8068,#8069,#8070,#8071,#8072,#8073,#8074,#8075,#8076,#8077,
#8078,#8079),(#8080,#8081,#8082,#8083,#8084,#8085,#8086,#8087,#8088,#8089,
#8090,#8091,#8092,#8093,#8094,#8095,#8096,#8097,#8098),(#8099,#8100,#8101,
#8102,#8103,#8104,#8105,#8106,#8107,#8108,#8109,#8110,#8111,#8112,#8113,
#8114,#8115,#8116,#8117),(#8118,#8119,#8120,#8121,#8122,#8123,#8124,#8125,
#8126,#8127,#8128,#8129,#8130,#8131,#8132,#8133,#8134,#8135,#8136)),
 .UNSPECIFIED.,.F.,.F.,.F.)
B_SPLINE_SURFACE_WITH_KNOTS((4,3,3,3,4),(4,3,3,3,3,3,4),(-0.0505,0.,1.,
1.01,1.0504),(-0.707,0.,1.,1.01,2.02,2.30054920803685,2.323),
 .PIECEWISE_BEZIER_KNOTS.)
GEOMETRIC_REPRESENTATION_ITEM()
RATIONAL_B_SPLINE_SURFACE(((1.,1.,1.,1.,0.914030576987875,0.914030576987875,
1.,1.,1.,1.,1.,1.,1.,1.,1.,1.,1.,1.,1.),(1.,1.,1.,1.,0.914030576987875,
0.914030576987875,1.,1.,1.,1.,1.,1.,1.,1.,1.,1.,1.,1.,1.),(1.,1.,1.,1.,
0.914030576987875,0.914030576987875,1.,1.,1.,1.,1.,1.,1.,1.,1.,1.,1.,1.,
1.),(1.,1.,1.,1.,0.914030576987875,0.914030576987875,1.,1.,1.,1.,1.,1.,
1.,1.,1.,1.,1.,1.,1.),(0.987862095001546,0.987862095001546,0.987862095001546,
0.987862095001546,0.902936160678714,0.902936160678714,0.987862095001546,
0.987862095001546,0.987862095001546,0.987862095001546,0.987862095001546,
0.987862095001546,0.987862095001546,0.987862095001546,0.987862095001546,
0.987862095001546,0.987862095001546,0.987862095001546,0.987862095001546),
(0.987862095001546,0.987862095001546,0.987862095001546,0.987862095001546,
0.902936160678714,0.902936160678714,0.987862095001546,0.987862095001546,
0.987862095001546,0.987862095001546,0.987862095001546,0.987862095001546,
0.987862095001546,0.987862095001546,0.987862095001546,0.987862095001546,
0.987862095001546,0.987862095001546,0.987862095001546),(1.,1.,1.,1.,0.914030576987875,
0.914030576987875,1.,1.,1.,1.,1.,1.,1.,1.,1.,1.,1.,1.,1.),(1.,1.,1.,1.,
0.914030576987875,0.914030576987875,1.,1.,1.,1.,1.,1.,1.,1.,1.,1.,1.,1.,
1.),(1.,1.,1.,1.,0.914030576987875,0.914030576987875,1.,1.,1.,1.,1.,1.,
1.,1.,1.,1.,1.,1.,1.),(1.,1.,1.,1.,0.914030576987875,0.914030576987875,
1.,1.,1.,1.,1.,1.,1.,1.,1.,1.,1.,1.,1.),(1.,1.,1.,1.,0.914030576987875,
0.914030576987875,1.,1.,1.,1.,1.,1.,1.,1.,1.,1.,1.,1.,1.),(1.,1.,1.,1.,
0.914030576987875,0.914030576987875,1.,1.,1.,1.,1.,1.,1.,1.,1.,1.,1.,1.,
1.),(1.,1.,1.,1.,0.914030576987875,0.914030576987875,1.,1.,1.,1.,1.,1.,
1.,1.,1.,1.,1.,1.,1.)))
REPRESENTATION_ITEM('')
SURFACE()
);
#490=(
BOUNDED_SURFACE()
B_SPLINE_SURFACE(3,1,((#8158,#8159),(#8160,#8161),(#8162,#8163),(#8164,
#8165),(#8166,#8167),(#8168,#8169),(#8170,#8171)),
 .SURF_OF_LINEAR_EXTRUSION.,.F.,.F.,.F.)
B_SPLINE_SURFACE_WITH_KNOTS((4,3,4),(2,2),(0.,1.,1.00603297691721),(0.907116883855192,
1.),.PIECEWISE_BEZIER_KNOTS.)
GEOMETRIC_REPRESENTATION_ITEM()
RATIONAL_B_SPLINE_SURFACE(((1.,1.),(0.987862095001546,0.987862095001546),
(0.987862095001546,0.987862095001546),(1.,1.),(1.,1.),(1.,1.),(1.,1.)))
REPRESENTATION_ITEM('')
SURFACE()
);
#491=(
BOUNDED_SURFACE()
B_SPLINE_SURFACE(3,3,((#8186,#8187,#8188,#8189,#8190,#8191,#8192,#8193),
(#8194,#8195,#8196,#8197,#8198,#8199,#8200,#8201),(#8202,#8203,#8204,#8205,
#8206,#8207,#8208,#8209),(#8210,#8211,#8212,#8213,#8214,#8215,#8216,#8217)),
 .UNSPECIFIED.,.F.,.F.,.F.)
B_SPLINE_SURFACE_WITH_KNOTS((4,4),(4,2,2,4),(0.672830112348409,0.785375964870171),
(0.171371744231834,0.265638530752376,0.398457796128564,0.408907227047436),
 .UNSPECIFIED.)
GEOMETRIC_REPRESENTATION_ITEM()
RATIONAL_B_SPLINE_SURFACE(((0.812111853648314,0.812111853648314,0.812111853648314,
0.812111853648314,0.812111853648314,0.812111853648314,0.812111853648314,
0.812111853648314),(0.82318008645569,0.82318008645569,0.82318008645569,
0.82318008645569,0.82318008645569,0.82318008645569,0.82318008645569,0.82318008645569),
(0.837852100109729,0.837852100109729,0.837852100109729,0.837852100109729,
0.837852100109729,0.837852100109729,0.837852100109729,0.837852100109729),
(0.856127894610431,0.856127894610431,0.856127894610431,0.856127894610431,
0.856127894610431,0.856127894610431,0.856127894610431,0.856127894610431)))
REPRESENTATION_ITEM('')
SURFACE()
);
#492=(
BOUNDED_SURFACE()
B_SPLINE_SURFACE(3,1,((#8280,#8281),(#8282,#8283),(#8284,#8285),(#8286,
#8287)),.SURF_OF_LINEAR_EXTRUSION.,.F.,.F.,.F.)
B_SPLINE_SURFACE_WITH_KNOTS((4,4),(2,2),(0.509851177785027,1.),(-0.0634981639951022,
0.910343502205813),.PIECEWISE_BEZIER_KNOTS.)
GEOMETRIC_REPRESENTATION_ITEM()
RATIONAL_B_SPLINE_SURFACE(((0.630724343039313,0.630724343039313),(0.635481025390173,
0.635481025390173),(0.758572911043735,0.758572911043735),(1.,1.)))
REPRESENTATION_ITEM('')
SURFACE()
);
#493=(
BOUNDED_SURFACE()
B_SPLINE_SURFACE(2,3,((#8353,#8354,#8355,#8356),(#8357,#8358,#8359,#8360),
(#8361,#8362,#8363,#8364)),.UNSPECIFIED.,.F.,.F.,.F.)
B_SPLINE_SURFACE_WITH_KNOTS((3,3),(4,4),(0.660383546053597,1.),(0.,0.94901612724425),
 .PIECEWISE_BEZIER_KNOTS.)
GEOMETRIC_REPRESENTATION_ITEM()
RATIONAL_B_SPLINE_SURFACE(((1.,0.91841363111161,0.914254042061601,0.987521232849972),
(1.,0.91841363111161,0.914254042061601,0.987521232849972),(1.,0.91841363111161,
0.914254042061601,0.987521232849972)))
REPRESENTATION_ITEM('')
SURFACE()
);
#494=(
BOUNDED_SURFACE()
B_SPLINE_SURFACE(3,3,((#8511,#8512,#8513,#8514,#8515,#8516,#8517,#8518,
#8519,#8520,#8521),(#8522,#8523,#8524,#8525,#8526,#8527,#8528,#8529,#8530,
#8531,#8532),(#8533,#8534,#8535,#8536,#8537,#8538,#8539,#8540,#8541,#8542,
#8543),(#8544,#8545,#8546,#8547,#8548,#8549,#8550,#8551,#8552,#8553,#8554),
(#8555,#8556,#8557,#8558,#8559,#8560,#8561,#8562,#8563,#8564,#8565),(#8566,
#8567,#8568,#8569,#8570,#8571,#8572,#8573,#8574,#8575,#8576),(#8577,#8578,
#8579,#8580,#8581,#8582,#8583,#8584,#8585,#8586,#8587),(#8588,#8589,#8590,
#8591,#8592,#8593,#8594,#8595,#8596,#8597,#8598),(#8599,#8600,#8601,#8602,
#8603,#8604,#8605,#8606,#8607,#8608,#8609),(#8610,#8611,#8612,#8613,#8614,
#8615,#8616,#8617,#8618,#8619,#8620)),.UNSPECIFIED.,.F.,.F.,.F.)
B_SPLINE_SURFACE_WITH_KNOTS((4,3,3,4),(4,2,2,3,4),(0.50176137451042,1.,
1.01,1.02906781444177),(0.53911703521543,0.625,0.75,1.,1.01463830527613),
 .UNSPECIFIED.)
GEOMETRIC_REPRESENTATION_ITEM()
RATIONAL_B_SPLINE_SURFACE(((0.961538938836949,0.961538938836949,0.961538938836948,
0.961538938836949,0.961538938836949,0.961538938836949,0.961538938836949,
0.961538938836949,0.961538938836948,0.961538938836948,0.961538938836948),
(0.961628947535927,0.961628947535927,0.961628947535927,0.961628947535927,
0.961628947535927,0.961628947535927,0.961628947535927,0.961628947535927,
0.961628947535927,0.961628947535927,0.961628947535927),(0.974449301256945,
0.974449301256945,0.974449301256945,0.974449301256945,0.974449301256945,
0.974449301256945,0.974449301256945,0.974449301256945,0.974449301256945,
0.974449301256945,0.974449301256945),(1.,1.,1.,1.,1.,1.,1.,1.,1.,1.,1.),
(1.,1.,1.,1.,1.,1.,1.,1.,1.,1.,1.),(1.,1.,1.,1.,1.,1.,1.,1.,1.,1.,1.),(1.,
1.,1.,1.,1.,1.,1.,1.,1.,1.,1.),(1.,1.,1.,1.,1.,1.,1.,1.,1.,1.,1.),(1.,1.,
1.,1.,1.,1.,1.,1.,1.,1.,1.),(1.,1.,1.,1.,1.,1.,1.,1.,1.,1.,1.)))
REPRESENTATION_ITEM('')
SURFACE()
);
#495=(
BOUNDED_SURFACE()
B_SPLINE_SURFACE(3,3,((#8674,#8675,#8676,#8677,#8678,#8679,#8680,#8681,
#8682,#8683,#8684,#8685,#8686,#8687,#8688,#8689,#8690,#8691,#8692,#8693,
#8694,#8695,#8696,#8697,#8698,#8699,#8700,#8701,#8702,#8703,#8704,#8705,
#8706,#8707),(#8708,#8709,#8710,#8711,#8712,#8713,#8714,#8715,#8716,#8717,
#8718,#8719,#8720,#8721,#8722,#8723,#8724,#8725,#8726,#8727,#8728,#8729,
#8730,#8731,#8732,#8733,#8734,#8735,#8736,#8737,#8738,#8739,#8740,#8741),
(#8742,#8743,#8744,#8745,#8746,#8747,#8748,#8749,#8750,#8751,#8752,#8753,
#8754,#8755,#8756,#8757,#8758,#8759,#8760,#8761,#8762,#8763,#8764,#8765,
#8766,#8767,#8768,#8769,#8770,#8771,#8772,#8773,#8774,#8775),(#8776,#8777,
#8778,#8779,#8780,#8781,#8782,#8783,#8784,#8785,#8786,#8787,#8788,#8789,
#8790,#8791,#8792,#8793,#8794,#8795,#8796,#8797,#8798,#8799,#8800,#8801,
#8802,#8803,#8804,#8805,#8806,#8807,#8808,#8809),(#8810,#8811,#8812,#8813,
#8814,#8815,#8816,#8817,#8818,#8819,#8820,#8821,#8822,#8823,#8824,#8825,
#8826,#8827,#8828,#8829,#8830,#8831,#8832,#8833,#8834,#8835,#8836,#8837,
#8838,#8839,#8840,#8841,#8842,#8843),(#8844,#8845,#8846,#8847,#8848,#8849,
#8850,#8851,#8852,#8853,#8854,#8855,#8856,#8857,#8858,#8859,#8860,#8861,
#8862,#8863,#8864,#8865,#8866,#8867,#8868,#8869,#8870,#8871,#8872,#8873,
#8874,#8875,#8876,#8877),(#8878,#8879,#8880,#8881,#8882,#8883,#8884,#8885,
#8886,#8887,#8888,#8889,#8890,#8891,#8892,#8893,#8894,#8895,#8896,#8897,
#8898,#8899,#8900,#8901,#8902,#8903,#8904,#8905,#8906,#8907,#8908,#8909,
#8910,#8911)),.UNSPECIFIED.,.F.,.F.,.F.)
B_SPLINE_SURFACE_WITH_KNOTS((4,3,4),(4,2,2,2,2,2,2,2,2,2,2,2,2,2,2,2,4),
(0.5069024720372,1.,1.00001583240296),(-0.00549068053407028,-0.00522720224326295,
-0.00261360112163148,-0.00130680056081574,0.,0.0009765625,0.001953125,0.00390625,
0.0078125,0.015625,0.03125,0.0625,0.125,0.25,0.5,0.75,0.957506070410435),
 .UNSPECIFIED.)
GEOMETRIC_REPRESENTATION_ITEM()
RATIONAL_B_SPLINE_SURFACE(((0.630651343493295,0.630651343493295,0.630651343493295,
0.630651343493295,0.630651343493295,0.630651343493295,0.630651343493295,
0.630651343493295,0.630651343493295,0.630651343493295,0.630651343493295,
0.630651343493295,0.630651343493295,0.630651343493295,0.630651343493295,
0.630651343493295,0.630651343493295,0.630651343493295,0.630651343493295,
0.630651343493295,0.630651343493295,0.630651343493295,0.630651343493295,
0.630651343493295,0.630651343493295,0.630651343493295,0.630651343493295,
0.630651343493295,0.630651343493295,0.630651343493295,0.630651343493295,
0.630651343493295,0.630651343493295,0.630651343493295),(0.634004281404302,
0.634004281404302,0.634004281404302,0.634004281404302,0.634004281404302,
0.634004281404302,0.634004281404302,0.634004281404302,0.634004281404302,
0.634004281404302,0.634004281404302,0.634004281404302,0.634004281404302,
0.634004281404302,0.634004281404302,0.634004281404302,0.634004281404302,
0.634004281404302,0.634004281404302,0.634004281404302,0.634004281404302,
0.634004281404302,0.634004281404302,0.634004281404302,0.634004281404302,
0.634004281404302,0.634004281404302,0.634004281404302,0.634004281404302,
0.634004281404302,0.634004281404302,0.634004281404302,0.634004281404302,
0.634004281404302),(0.75712050023987,0.75712050023987,0.75712050023987,
0.75712050023987,0.75712050023987,0.75712050023987,0.75712050023987,0.75712050023987,
0.75712050023987,0.75712050023987,0.75712050023987,0.75712050023987,0.75712050023987,
0.75712050023987,0.75712050023987,0.75712050023987,0.75712050023987,0.75712050023987,
0.75712050023987,0.75712050023987,0.75712050023987,0.75712050023987,0.75712050023987,
0.75712050023987,0.75712050023987,0.75712050023987,0.75712050023987,0.75712050023987,
0.75712050023987,0.75712050023987,0.75712050023987,0.75712050023987,0.75712050023987,
0.75712050023987),(1.,1.,1.,1.,1.,1.,1.,1.,1.,1.,1.,1.,1.,1.,1.,1.,1.,1.,
1.,1.,1.,1.,1.,1.,1.,1.,1.,1.,1.,1.,1.,1.,1.,1.),(1.,1.,1.,1.,1.,1.,1.,
1.,1.,1.,1.,1.,1.,1.,1.,1.,1.,1.,1.,1.,1.,1.,1.,1.,1.,1.,1.,1.,1.,1.,1.,
1.,1.,1.),(1.,1.,1.,1.,1.,1.,1.,1.,1.,1.,1.,1.,1.,1.,1.,1.,1.,1.,1.,1.,
1.,1.,1.,1.,1.,1.,1.,1.,1.,1.,1.,1.,1.,1.),(1.,1.,1.,1.,1.,1.,1.,1.,1.,
1.,1.,1.,1.,1.,1.,1.,1.,1.,1.,1.,1.,1.,1.,1.,1.,1.,1.,1.,1.,1.,1.,1.,1.,
1.)))
REPRESENTATION_ITEM('')
SURFACE()
);
#496=(
BOUNDED_SURFACE()
B_SPLINE_SURFACE(3,1,((#9145,#9146),(#9147,#9148),(#9149,#9150),(#9151,
#9152),(#9153,#9154),(#9155,#9156),(#9157,#9158)),
 .SURF_OF_LINEAR_EXTRUSION.,.F.,.F.,.F.)
B_SPLINE_SURFACE_WITH_KNOTS((4,1,1,1,4),(2,2),(0.,1.,1.03758726713454,1.07517453426908,
3.74612044081835),(-0.772866057112212,1.45155169382912),.UNSPECIFIED.)
GEOMETRIC_REPRESENTATION_ITEM()
RATIONAL_B_SPLINE_SURFACE(((1.,1.),(0.820267109315542,0.820267109315542),
(0.820267109315539,0.820267109315539),(1.02077485873379,1.02077485873379),
(1.02077485873379,1.02077485873379),(1.02077485873379,1.02077485873379),
(1.02077485873379,1.02077485873379)))
REPRESENTATION_ITEM('')
SURFACE()
);
#497=(
BOUNDED_SURFACE()
B_SPLINE_SURFACE(3,3,((#9172,#9173,#9174,#9175,#9176,#9177,#9178,#9179,
#9180,#9181,#9182,#9183,#9184,#9185,#9186,#9187,#9188,#9189,#9190,#9191,
#9192,#9193,#9194,#9195,#9196,#9197,#9198,#9199,#9200,#9201,#9202,#9203),
(#9204,#9205,#9206,#9207,#9208,#9209,#9210,#9211,#9212,#9213,#9214,#9215,
#9216,#9217,#9218,#9219,#9220,#9221,#9222,#9223,#9224,#9225,#9226,#9227,
#9228,#9229,#9230,#9231,#9232,#9233,#9234,#9235),(#9236,#9237,#9238,#9239,
#9240,#9241,#9242,#9243,#9244,#9245,#9246,#9247,#9248,#9249,#9250,#9251,
#9252,#9253,#9254,#9255,#9256,#9257,#9258,#9259,#9260,#9261,#9262,#9263,
#9264,#9265,#9266,#9267),(#9268,#9269,#9270,#9271,#9272,#9273,#9274,#9275,
#9276,#9277,#9278,#9279,#9280,#9281,#9282,#9283,#9284,#9285,#9286,#9287,
#9288,#9289,#9290,#9291,#9292,#9293,#9294,#9295,#9296,#9297,#9298,#9299),
(#9300,#9301,#9302,#9303,#9304,#9305,#9306,#9307,#9308,#9309,#9310,#9311,
#9312,#9313,#9314,#9315,#9316,#9317,#9318,#9319,#9320,#9321,#9322,#9323,
#9324,#9325,#9326,#9327,#9328,#9329,#9330,#9331),(#9332,#9333,#9334,#9335,
#9336,#9337,#9338,#9339,#9340,#9341,#9342,#9343,#9344,#9345,#9346,#9347,
#9348,#9349,#9350,#9351,#9352,#9353,#9354,#9355,#9356,#9357,#9358,#9359,
#9360,#9361,#9362,#9363),(#9364,#9365,#9366,#9367,#9368,#9369,#9370,#9371,
#9372,#9373,#9374,#9375,#9376,#9377,#9378,#9379,#9380,#9381,#9382,#9383,
#9384,#9385,#9386,#9387,#9388,#9389,#9390,#9391,#9392,#9393,#9394,#9395),
(#9396,#9397,#9398,#9399,#9400,#9401,#9402,#9403,#9404,#9405,#9406,#9407,
#9408,#9409,#9410,#9411,#9412,#9413,#9414,#9415,#9416,#9417,#9418,#9419,
#9420,#9421,#9422,#9423,#9424,#9425,#9426,#9427),(#9428,#9429,#9430,#9431,
#9432,#9433,#9434,#9435,#9436,#9437,#9438,#9439,#9440,#9441,#9442,#9443,
#9444,#9445,#9446,#9447,#9448,#9449,#9450,#9451,#9452,#9453,#9454,#9455,
#9456,#9457,#9458,#9459),(#9460,#9461,#9462,#9463,#9464,#9465,#9466,#9467,
#9468,#9469,#9470,#9471,#9472,#9473,#9474,#9475,#9476,#9477,#9478,#9479,
#9480,#9481,#9482,#9483,#9484,#9485,#9486,#9487,#9488,#9489,#9490,#9491)),
 .UNSPECIFIED.,.F.,.F.,.F.)
B_SPLINE_SURFACE_WITH_KNOTS((4,3,3,4),(4,3,3,3,3,3,2,2,2,2,2,3,4),(-1.,
0.,1.,2.),(-1.2636860098764,-0.1318430049382,-0.107781726634834,-0.088569328269438,
-0.0707187878446159,0.,0.199872815548657,0.48034649206314,0.760820168577397,
0.901057006834513,0.971175425963095,1.,2.1318430049382),.UNSPECIFIED.)
GEOMETRIC_REPRESENTATION_ITEM()
RATIONAL_B_SPLINE_SURFACE(((1.,1.,1.,1.,1.,1.,1.,1.,1.,1.,1.,1.,1.,1.,1.,
1.,1.,1.,1.,1.,1.,1.,1.,1.,1.,1.,1.,1.,1.,1.,1.,1.),(1.,1.,1.,1.,1.,1.,
1.,1.,1.,1.,1.,1.,1.,1.,1.,1.,1.,1.,1.,1.,1.,1.,1.,1.,1.,1.,1.,1.,1.,1.,
1.,1.),(1.,1.,1.,1.,1.,1.,1.,1.,1.,1.,1.,1.,1.,1.,1.,1.,1.,1.,1.,1.,1.,
1.,1.,1.,1.,1.,1.,1.,1.,1.,1.,1.),(1.,1.,1.,1.,1.,1.,1.,1.,1.,1.,1.,1.,
1.,1.,1.,1.,1.,1.,1.,1.,1.,1.,1.,1.,1.,1.,1.,1.,1.,1.,1.,1.),(0.990572718394811,
0.990572718394811,0.990572718394811,0.990572718394811,0.990572718394811,
0.990572718394811,0.990572718394811,0.990572718394811,0.990572718394811,
0.990572718394811,0.990572718394811,0.990572718394811,0.990572718394811,
0.990572718394811,0.990572718394811,0.990572718394811,0.990572718394811,
0.990572718394811,0.990572718394811,0.990572718394811,0.990572718394811,
0.990572718394811,0.990572718394811,0.990572718394811,0.990572718394811,
0.990572718394811,0.990572718394811,0.990572718394811,0.990572718394811,
0.990572718394811,0.990572718394811,0.990572718394811),(0.990572718394811,
0.990572718394811,0.990572718394811,0.990572718394811,0.990572718394811,
0.990572718394811,0.990572718394811,0.990572718394811,0.990572718394811,
0.990572718394811,0.990572718394811,0.990572718394811,0.990572718394811,
0.990572718394811,0.990572718394811,0.990572718394811,0.990572718394811,
0.990572718394811,0.990572718394811,0.990572718394811,0.990572718394811,
0.990572718394811,0.990572718394811,0.990572718394811,0.990572718394811,
0.990572718394811,0.990572718394811,0.990572718394811,0.990572718394811,
0.990572718394811,0.990572718394811,0.990572718394811),(1.,1.,1.,1.,1.,
1.,1.,1.,1.,1.,1.,1.,1.,1.,1.,1.,1.,1.,1.,1.,1.,1.,1.,1.,1.,1.,1.,1.,1.,
1.,1.,1.),(1.,1.,1.,1.,1.,1.,1.,1.,1.,1.,1.,1.,1.,1.,1.,1.,1.,1.,1.,1.,
1.,1.,1.,1.,1.,1.,1.,1.,1.,1.,1.,1.),(1.,1.,1.,1.,1.,1.,1.,1.,1.,1.,1.,
1.,1.,1.,1.,1.,1.,1.,1.,1.,1.,1.,1.,1.,1.,1.,1.,1.,1.,1.,1.,1.),(1.,1.,
1.,1.,1.,1.,1.,1.,1.,1.,1.,1.,1.,1.,1.,1.,1.,1.,1.,1.,1.,1.,1.,1.,1.,1.,
1.,1.,1.,1.,1.,1.)))
REPRESENTATION_ITEM('')
SURFACE()
);
#498=(
BOUNDED_SURFACE()
B_SPLINE_SURFACE(3,3,((#9584,#9585,#9586,#9587,#9588,#9589,#9590,#9591,
#9592,#9593,#9594,#9595,#9596,#9597,#9598,#9599,#9600,#9601,#9602,#9603,
#9604,#9605,#9606,#9607,#9608,#9609,#9610,#9611,#9612,#9613,#9614,#9615),
(#9616,#9617,#9618,#9619,#9620,#9621,#9622,#9623,#9624,#9625,#9626,#9627,
#9628,#9629,#9630,#9631,#9632,#9633,#9634,#9635,#9636,#9637,#9638,#9639,
#9640,#9641,#9642,#9643,#9644,#9645,#9646,#9647),(#9648,#9649,#9650,#9651,
#9652,#9653,#9654,#9655,#9656,#9657,#9658,#9659,#9660,#9661,#9662,#9663,
#9664,#9665,#9666,#9667,#9668,#9669,#9670,#9671,#9672,#9673,#9674,#9675,
#9676,#9677,#9678,#9679),(#9680,#9681,#9682,#9683,#9684,#9685,#9686,#9687,
#9688,#9689,#9690,#9691,#9692,#9693,#9694,#9695,#9696,#9697,#9698,#9699,
#9700,#9701,#9702,#9703,#9704,#9705,#9706,#9707,#9708,#9709,#9710,#9711),
(#9712,#9713,#9714,#9715,#9716,#9717,#9718,#9719,#9720,#9721,#9722,#9723,
#9724,#9725,#9726,#9727,#9728,#9729,#9730,#9731,#9732,#9733,#9734,#9735,
#9736,#9737,#9738,#9739,#9740,#9741,#9742,#9743),(#9744,#9745,#9746,#9747,
#9748,#9749,#9750,#9751,#9752,#9753,#9754,#9755,#9756,#9757,#9758,#9759,
#9760,#9761,#9762,#9763,#9764,#9765,#9766,#9767,#9768,#9769,#9770,#9771,
#9772,#9773,#9774,#9775),(#9776,#9777,#9778,#9779,#9780,#9781,#9782,#9783,
#9784,#9785,#9786,#9787,#9788,#9789,#9790,#9791,#9792,#9793,#9794,#9795,
#9796,#9797,#9798,#9799,#9800,#9801,#9802,#9803,#9804,#9805,#9806,#9807),
(#9808,#9809,#9810,#9811,#9812,#9813,#9814,#9815,#9816,#9817,#9818,#9819,
#9820,#9821,#9822,#9823,#9824,#9825,#9826,#9827,#9828,#9829,#9830,#9831,
#9832,#9833,#9834,#9835,#9836,#9837,#9838,#9839),(#9840,#9841,#9842,#9843,
#9844,#9845,#9846,#9847,#9848,#9849,#9850,#9851,#9852,#9853,#9854,#9855,
#9856,#9857,#9858,#9859,#9860,#9861,#9862,#9863,#9864,#9865,#9866,#9867,
#9868,#9869,#9870,#9871),(#9872,#9873,#9874,#9875,#9876,#9877,#9878,#9879,
#9880,#9881,#9882,#9883,#9884,#9885,#9886,#9887,#9888,#9889,#9890,#9891,
#9892,#9893,#9894,#9895,#9896,#9897,#9898,#9899,#9900,#9901,#9902,#9903),
(#9904,#9905,#9906,#9907,#9908,#9909,#9910,#9911,#9912,#9913,#9914,#9915,
#9916,#9917,#9918,#9919,#9920,#9921,#9922,#9923,#9924,#9925,#9926,#9927,
#9928,#9929,#9930,#9931,#9932,#9933,#9934,#9935),(#9936,#9937,#9938,#9939,
#9940,#9941,#9942,#9943,#9944,#9945,#9946,#9947,#9948,#9949,#9950,#9951,
#9952,#9953,#9954,#9955,#9956,#9957,#9958,#9959,#9960,#9961,#9962,#9963,
#9964,#9965,#9966,#9967),(#9968,#9969,#9970,#9971,#9972,#9973,#9974,#9975,
#9976,#9977,#9978,#9979,#9980,#9981,#9982,#9983,#9984,#9985,#9986,#9987,
#9988,#9989,#9990,#9991,#9992,#9993,#9994,#9995,#9996,#9997,#9998,#9999)),
 .UNSPECIFIED.,.F.,.F.,.F.)
B_SPLINE_SURFACE_WITH_KNOTS((4,3,3,3,4),(4,3,3,3,3,3,2,2,2,2,2,3,4),(-1.02,
-0.01,0.,1.,2.01),(-1.29627130937333,-0.148135654686666,-0.125092450236226,
-0.1,-0.0927011973564145,0.,0.199872815548657,0.48034649206314,0.760820168577397,
0.901057006834513,0.971175425963095,1.,2.14813565468667),.UNSPECIFIED.)
GEOMETRIC_REPRESENTATION_ITEM()
RATIONAL_B_SPLINE_SURFACE(((1.,1.,1.,1.,1.,1.,1.,1.,1.,1.,1.,1.,1.,1.,1.,
1.,1.,1.,1.,1.,1.,1.,1.,1.,1.,1.,1.,1.,1.,1.,1.,1.),(1.,1.,1.,1.,1.,1.,
1.,1.,1.,1.,1.,1.,1.,1.,1.,1.,1.,1.,1.,1.,1.,1.,1.,1.,1.,1.,1.,1.,1.,1.,
1.,1.),(1.,1.,1.,1.,1.,1.,1.,1.,1.,1.,1.,1.,1.,1.,1.,1.,1.,1.,1.,1.,1.,
1.,1.,1.,1.,1.,1.,1.,1.,1.,1.,1.),(1.,1.,1.,1.,1.,1.,1.,1.,1.,1.,1.,1.,
1.,1.,1.,1.,1.,1.,1.,1.,1.,1.,1.,1.,1.,1.,1.,1.,1.,1.,1.,1.),(1.,1.,1.,
1.,1.,1.,1.,1.,1.,1.,1.,1.,1.,1.,1.,1.,1.,1.,1.,1.,1.,1.,1.,1.,1.,1.,1.,
1.,1.,1.,1.,1.),(1.,1.,1.,1.,1.,1.,1.,1.,1.,1.,1.,1.,1.,1.,1.,1.,1.,1.,
1.,1.,1.,1.,1.,1.,1.,1.,1.,1.,1.,1.,1.,1.),(1.,1.,1.,1.,1.,1.,1.,1.,1.,
1.,1.,1.,1.,1.,1.,1.,1.,1.,1.,1.,1.,1.,1.,1.,1.,1.,1.,1.,1.,1.,1.,1.),(0.972262495437916,
0.972262495437916,0.972262495437916,0.972262495437916,0.972262495437916,
0.972262495437916,0.972262495437916,0.972262495437916,0.972262495437916,
0.972262495437916,0.972262495437916,0.972262495437916,0.972262495437916,
0.972262495437916,0.972262495437916,0.972262495437916,0.972262495437916,
0.972262495437916,0.972262495437916,0.972262495437916,0.972262495437916,
0.972262495437916,0.972262495437916,0.972262495437916,0.972262495437916,
0.972262495437916,0.972262495437916,0.972262495437916,0.972262495437916,
0.972262495437916,0.972262495437916,0.972262495437916),(0.972262495437916,
0.972262495437916,0.972262495437916,0.972262495437916,0.972262495437916,
0.972262495437916,0.972262495437916,0.972262495437916,0.972262495437916,
0.972262495437916,0.972262495437916,0.972262495437916,0.972262495437916,
0.972262495437916,0.972262495437916,0.972262495437916,0.972262495437916,
0.972262495437916,0.972262495437916,0.972262495437916,0.972262495437916,
0.972262495437916,0.972262495437916,0.972262495437916,0.972262495437916,
0.972262495437916,0.972262495437916,0.972262495437916,0.972262495437916,
0.972262495437916,0.972262495437916,0.972262495437916),(1.,1.,1.,1.,1.,
1.,1.,1.,1.,1.,1.,1.,1.,1.,1.,1.,1.,1.,1.,1.,1.,1.,1.,1.,1.,1.,1.,1.,1.,
1.,1.,1.),(1.,1.,1.,1.,1.,1.,1.,1.,1.,1.,1.,1.,1.,1.,1.,1.,1.,1.,1.,1.,
1.,1.,1.,1.,1.,1.,1.,1.,1.,1.,1.,1.),(1.,1.,1.,1.,1.,1.,1.,1.,1.,1.,1.,
1.,1.,1.,1.,1.,1.,1.,1.,1.,1.,1.,1.,1.,1.,1.,1.,1.,1.,1.,1.,1.),(1.,1.,
1.,1.,1.,1.,1.,1.,1.,1.,1.,1.,1.,1.,1.,1.,1.,1.,1.,1.,1.,1.,1.,1.,1.,1.,
1.,1.,1.,1.,1.,1.)))
REPRESENTATION_ITEM('')
SURFACE()
);
#499=(
BOUNDED_SURFACE()
B_SPLINE_SURFACE(3,2,((#10140,#10141,#10142),(#10143,#10144,#10145),(#10146,
#10147,#10148),(#10149,#10150,#10151),(#10152,#10153,#10154),(#10155,#10156,
#10157),(#10158,#10159,#10160)),.UNSPECIFIED.,.F.,.F.,.F.)
B_SPLINE_SURFACE_WITH_KNOTS((4,1,1,1,4),(3,3),(-0.000199650714212306,0.000863639521195728,
0.00192692975660376,0.00299021999201179,0.00405351022741983),(0.,0.23610175757783),
 .UNSPECIFIED.)
GEOMETRIC_REPRESENTATION_ITEM()
RATIONAL_B_SPLINE_SURFACE(((1.,0.991526825235304,0.987054713379026),(1.,
0.991526825235304,0.987054713379026),(1.,0.991526532559763,0.987054266230362),
(1.,0.991527849599597,0.987056278399191),(1.,0.991529504069295,0.987058806092181),
(1.,0.991527950110267,0.98705643195904),(1.,0.991527347593421,0.98705551143592)))
REPRESENTATION_ITEM('')
SURFACE()
);
#500=(
BOUNDED_SURFACE()
B_SPLINE_SURFACE(1,3,((#10685,#10686,#10687,#10688),(#10689,#10690,#10691,
#10692),(#10693,#10694,#10695,#10696),(#10697,#10698,#10699,#10700)),
 .SURF_OF_REVOLUTION.,.F.,.F.,.F.)
B_SPLINE_SURFACE_WITH_KNOTS((2,1,1,2),(4,4),(-0.0436218428588628,-0.0332889533256067,
0.,1.),(0.,1.),.PIECEWISE_BEZIER_KNOTS.)
GEOMETRIC_REPRESENTATION_ITEM()
RATIONAL_B_SPLINE_SURFACE(((1.,0.993915808621031,0.993915808621031,1.),
(1.,0.993915808621031,0.993915808621031,1.),(1.,0.993915808621031,0.993915808621031,
1.),(1.,0.993915808621031,0.993915808621031,1.)))
REPRESENTATION_ITEM('')
SURFACE()
);
#501=(
BOUNDED_SURFACE()
B_SPLINE_SURFACE(1,3,((#10707,#10708,#10709,#10710,#10711,#10712,#10713,
#10714,#10715,#10716,#10717,#10718,#10719),(#10720,#10721,#10722,#10723,
#10724,#10725,#10726,#10727,#10728,#10729,#10730,#10731,#10732),(#10733,
#10734,#10735,#10736,#10737,#10738,#10739,#10740,#10741,#10742,#10743,#10744,
#10745),(#10746,#10747,#10748,#10749,#10750,#10751,#10752,#10753,#10754,
#10755,#10756,#10757,#10758)),.RULED_SURF.,.F.,.F.,.F.)
B_SPLINE_SURFACE_WITH_KNOTS((2,1,1,2),(4,3,3,3,4),(-0.0333333333341015,
-0.01,0.,1.),(-0.601694202614665,-0.585835844172936,-0.50185811047099,0.,
1.),.PIECEWISE_BEZIER_KNOTS.)
GEOMETRIC_REPRESENTATION_ITEM()
RATIONAL_B_SPLINE_SURFACE(((1.,1.,1.,1.,1.,1.,1.,1.,1.,1.,0.995297931147671,
0.995297931147671,1.),(1.,1.,1.,1.,1.,1.,1.,1.,1.,1.,0.995297931147671,
0.995297931147671,1.),(1.,1.,1.,1.,1.,1.,1.,1.,1.,1.,0.995297931147671,
0.995297931147671,1.),(1.,1.,1.,1.,1.,1.,1.,1.,1.,1.,0.995297931147671,
0.995297931147671,1.)))
REPRESENTATION_ITEM('')
SURFACE()
);
#502=(
BOUNDED_SURFACE()
B_SPLINE_SURFACE(3,3,((#11289,#11290,#11291,#11292,#11293,#11294,#11295,
#11296,#11297,#11298),(#11299,#11300,#11301,#11302,#11303,#11304,#11305,
#11306,#11307,#11308),(#11309,#11310,#11311,#11312,#11313,#11314,#11315,
#11316,#11317,#11318),(#11319,#11320,#11321,#11322,#11323,#11324,#11325,
#11326,#11327,#11328),(#11329,#11330,#11331,#11332,#11333,#11334,#11335,
#11336,#11337,#11338),(#11339,#11340,#11341,#11342,#11343,#11344,#11345,
#11346,#11347,#11348),(#11349,#11350,#11351,#11352,#11353,#11354,#11355,
#11356,#11357,#11358),(#11359,#11360,#11361,#11362,#11363,#11364,#11365,
#11366,#11367,#11368),(#11369,#11370,#11371,#11372,#11373,#11374,#11375,
#11376,#11377,#11378),(#11379,#11380,#11381,#11382,#11383,#11384,#11385,
#11386,#11387,#11388)),.UNSPECIFIED.,.F.,.F.,.F.)
B_SPLINE_SURFACE_WITH_KNOTS((4,3,3,4),(4,2,2,2,4),(-0.0169367888803178,
-0.01,0.,0.0987762022516173),(0.00154385294661428,0.0128026791415849,0.0256053582831699,
0.0512107165663398,0.0730464297215498),.UNSPECIFIED.)
GEOMETRIC_REPRESENTATION_ITEM()
RATIONAL_B_SPLINE_SURFACE(((1.,1.,1.,1.,1.,1.,1.,1.,1.,1.),(1.,1.,1.,1.,
1.,1.,1.,1.,1.,1.),(1.,1.,1.,1.,1.,1.,1.,1.,1.,1.),(1.,1.,1.,1.,1.,1.,1.,
1.,1.,1.),(1.,1.,1.,1.,1.,1.,1.,1.,1.,1.),(1.,1.,1.,1.,1.,1.,1.,1.,1.,1.),
(1.,1.,1.,1.,1.,1.,1.,1.,1.,1.),(0.986829839699784,0.986829839699784,0.986829839699784,
0.986829839699784,0.986829839699784,0.986829839699784,0.986829839699784,
0.986829839699784,0.986829839699785,0.986829839699785),(0.974960577817069,
0.974960577817069,0.974960577817069,0.974960577817069,0.974960577817069,
0.974960577817069,0.974960577817069,0.974960577817069,0.974960577817069,
0.974960577817069),(0.964392214351854,0.964392214351854,0.964392214351854,
0.964392214351854,0.964392214351854,0.964392214351854,0.964392214351854,
0.964392214351854,0.964392214351854,0.964392214351854)))
REPRESENTATION_ITEM('')
SURFACE()
);
#503=(
BOUNDED_SURFACE()
B_SPLINE_SURFACE(3,3,((#11408,#11409,#11410,#11411,#11412,#11413,#11414,
#11415,#11416,#11417),(#11418,#11419,#11420,#11421,#11422,#11423,#11424,
#11425,#11426,#11427),(#11428,#11429,#11430,#11431,#11432,#11433,#11434,
#11435,#11436,#11437),(#11438,#11439,#11440,#11441,#11442,#11443,#11444,
#11445,#11446,#11447)),.UNSPECIFIED.,.F.,.F.,.F.)
B_SPLINE_SURFACE_WITH_KNOTS((4,4),(4,2,2,2,4),(0.0980762113533102,0.211935242730663),
(-0.0058077517684175,0.,0.0128026791415849,0.0256053582831699,0.0320330782603594),
 .UNSPECIFIED.)
GEOMETRIC_REPRESENTATION_ITEM()
RATIONAL_B_SPLINE_SURFACE(((0.964617092752044,0.964617092752044,0.964617092752044,
0.964617092752044,0.964617092752044,0.964617092752044,0.964617092752044,
0.964617092752044,0.964617092752044,0.964617092752044),(0.952413718548623,
0.952413718548623,0.952413718548623,0.952413718548623,0.952413718548623,
0.952413718548623,0.952413718548623,0.952413718548623,0.952413718548623,
0.952413718548623),(0.941938861548694,0.941938861548694,0.941938861548694,
0.941938861548694,0.941938861548694,0.941938861548694,0.941938861548694,
0.941938861548694,0.941938861548694,0.941938861548694),(0.933192521752257,
0.933192521752257,0.933192521752257,0.933192521752257,0.933192521752257,
0.933192521752257,0.933192521752257,0.933192521752257,0.933192521752257,
0.933192521752257)))
REPRESENTATION_ITEM('')
SURFACE()
);
#504=(
BOUNDED_SURFACE()
B_SPLINE_SURFACE(3,3,((#11577,#11578,#11579,#11580,#11581,#11582,#11583,
#11584,#11585,#11586,#11587,#11588,#11589,#11590,#11591,#11592,#11593,#11594,
#11595,#11596,#11597,#11598,#11599,#11600,#11601,#11602,#11603),(#11604,
#11605,#11606,#11607,#11608,#11609,#11610,#11611,#11612,#11613,#11614,#11615,
#11616,#11617,#11618,#11619,#11620,#11621,#11622,#11623,#11624,#11625,#11626,
#11627,#11628,#11629,#11630),(#11631,#11632,#11633,#11634,#11635,#11636,
#11637,#11638,#11639,#11640,#11641,#11642,#11643,#11644,#11645,#11646,#11647,
#11648,#11649,#11650,#11651,#11652,#11653,#11654,#11655,#11656,#11657),
(#11658,#11659,#11660,#11661,#11662,#11663,#11664,#11665,#11666,#11667,
#11668,#11669,#11670,#11671,#11672,#11673,#11674,#11675,#11676,#11677,#11678,
#11679,#11680,#11681,#11682,#11683,#11684)),.UNSPECIFIED.,.F.,.F.,.F.)
B_SPLINE_SURFACE_WITH_KNOTS((4,4),(4,3,2,2,2,2,2,2,2,2,2,2,4),(0.00903015852004464,
0.506539925196369),(-0.00386072121307511,0.,0.5,0.75,0.875,0.9375,0.96875,
0.984375,0.9921875,1.,1.00810444115278,1.01620888230556,1.02321347783633),
 .UNSPECIFIED.)
GEOMETRIC_REPRESENTATION_ITEM()
RATIONAL_B_SPLINE_SURFACE(((0.996420554097141,0.996420554097141,0.996420554097141,
0.996420554097141,0.996420554097141,0.996420554097141,0.996420554097141,
0.996420554097141,0.996420554097141,0.996420554097141,0.996420554097141,
0.996420554097141,0.996420554097141,0.996420554097141,0.996420554097141,
0.996420554097141,0.996420554097141,0.996420554097141,0.996420554097141,
0.996420554097141,0.996420554097141,0.996420554097141,0.996420554097141,
0.996420554097141,0.996420554097141,0.996420554097141,0.996420554097141),
(0.931283943089193,0.931283943089193,0.931283943089193,0.931283943089193,
0.931283943089193,0.931283943089193,0.931283943089193,0.931283943089193,
0.931283943089193,0.931283943089193,0.931283943089193,0.931283943089193,
0.931283943089193,0.931283943089193,0.931283943089193,0.931283943089193,
0.931283943089193,0.931283943089193,0.931283943089193,0.931283943089193,
0.931283943089193,0.931283943089193,0.931283943089193,0.931283943089193,
0.931283943089193,0.931283943089193,0.931283943089193),(0.899149461139689,
0.899149461139689,0.899149461139689,0.899149461139689,0.899149461139689,
0.899149461139689,0.899149461139689,0.899149461139689,0.899149461139689,
0.899149461139689,0.899149461139689,0.899149461139689,0.899149461139689,
0.899149461139689,0.899149461139689,0.899149461139689,0.899149461139689,
0.899149461139689,0.899149461139689,0.899149461139689,0.899149461139689,
0.899149461139689,0.899149461139689,0.899149461139689,0.899149461139689,
0.899149461139689,0.899149461139689),(0.90001710824863,0.90001710824863,
0.90001710824863,0.90001710824863,0.90001710824863,0.90001710824863,0.90001710824863,
0.90001710824863,0.90001710824863,0.90001710824863,0.90001710824863,0.90001710824863,
0.90001710824863,0.90001710824863,0.90001710824863,0.90001710824863,0.90001710824863,
0.90001710824863,0.90001710824863,0.90001710824863,0.90001710824863,0.90001710824863,
0.90001710824863,0.90001710824863,0.90001710824863,0.90001710824863,0.90001710824863)))
REPRESENTATION_ITEM('')
SURFACE()
);
#505=(
BOUNDED_SURFACE()
B_SPLINE_SURFACE(3,1,((#11709,#11710,#11711),(#11712,#11713,#11714),(#11715,
#11716,#11717),(#11718,#11719,#11720),(#11721,#11722,#11723),(#11724,#11725,
#11726),(#11727,#11728,#11729)),.SURF_OF_LINEAR_EXTRUSION.,.F.,.F.,.F.)
B_SPLINE_SURFACE_WITH_KNOTS((4,3,4),(2,1,2),(-0.00265774686291004,0.,0.507548025008518),
(-0.00938953589220436,0.,0.984395495029402),.PIECEWISE_BEZIER_KNOTS.)
GEOMETRIC_REPRESENTATION_ITEM()
RATIONAL_B_SPLINE_SURFACE(((1.,1.,1.),(1.,1.,1.),(1.,1.,1.),(1.,1.,1.),
(0.932326929998864,0.932326929998864,0.932326929998864),(0.899001193023068,
0.899001193023068,0.899001193023068),(0.900022789072612,0.900022789072612,
0.900022789072612)))
REPRESENTATION_ITEM('')
SURFACE()
);
#506=ORIENTED_EDGE('',*,*,#1890,.T.);
#507=ORIENTED_EDGE('',*,*,#1891,.T.);
#508=ORIENTED_EDGE('',*,*,#1892,.T.);
#509=ORIENTED_EDGE('',*,*,#1893,.T.);
#510=ORIENTED_EDGE('',*,*,#1894,.T.);
#511=ORIENTED_EDGE('',*,*,#1895,.T.);
#512=ORIENTED_EDGE('',*,*,#1896,.T.);
#513=ORIENTED_EDGE('',*,*,#1897,.T.);
#514=ORIENTED_EDGE('',*,*,#1898,.F.);
#515=ORIENTED_EDGE('',*,*,#1899,.T.);
#516=ORIENTED_EDGE('',*,*,#1900,.F.);
#517=ORIENTED_EDGE('',*,*,#1901,.F.);
#518=ORIENTED_EDGE('',*,*,#1902,.T.);
#519=ORIENTED_EDGE('',*,*,#1903,.F.);
#520=ORIENTED_EDGE('',*,*,#1904,.T.);
#521=ORIENTED_EDGE('',*,*,#1905,.F.);
#522=ORIENTED_EDGE('',*,*,#1906,.F.);
#523=ORIENTED_EDGE('',*,*,#1907,.T.);
#524=ORIENTED_EDGE('',*,*,#1908,.T.);
#525=ORIENTED_EDGE('',*,*,#1909,.T.);
#526=ORIENTED_EDGE('',*,*,#1910,.F.);
#527=ORIENTED_EDGE('',*,*,#1911,.F.);
#528=ORIENTED_EDGE('',*,*,#1912,.F.);
#529=ORIENTED_EDGE('',*,*,#1913,.T.);
#530=ORIENTED_EDGE('',*,*,#1914,.T.);
#531=ORIENTED_EDGE('',*,*,#1915,.F.);
#532=ORIENTED_EDGE('',*,*,#1916,.T.);
#533=ORIENTED_EDGE('',*,*,#1917,.T.);
#534=ORIENTED_EDGE('',*,*,#1918,.F.);
#535=ORIENTED_EDGE('',*,*,#1898,.T.);
#536=ORIENTED_EDGE('',*,*,#1919,.T.);
#537=ORIENTED_EDGE('',*,*,#1920,.T.);
#538=ORIENTED_EDGE('',*,*,#1921,.T.);
#539=ORIENTED_EDGE('',*,*,#1922,.F.);
#540=ORIENTED_EDGE('',*,*,#1923,.T.);
#541=ORIENTED_EDGE('',*,*,#1917,.F.);
#542=ORIENTED_EDGE('',*,*,#1924,.F.);
#543=ORIENTED_EDGE('',*,*,#1925,.T.);
#544=ORIENTED_EDGE('',*,*,#1926,.F.);
#545=ORIENTED_EDGE('',*,*,#1892,.F.);
#546=ORIENTED_EDGE('',*,*,#1927,.T.);
#547=ORIENTED_EDGE('',*,*,#1928,.T.);
#548=ORIENTED_EDGE('',*,*,#1929,.T.);
#549=ORIENTED_EDGE('',*,*,#1929,.F.);
#550=ORIENTED_EDGE('',*,*,#1930,.T.);
#551=ORIENTED_EDGE('',*,*,#1931,.F.);
#552=ORIENTED_EDGE('',*,*,#1893,.F.);
#553=ORIENTED_EDGE('',*,*,#1932,.T.);
#554=ORIENTED_EDGE('',*,*,#1933,.T.);
#555=ORIENTED_EDGE('',*,*,#1890,.F.);
#556=ORIENTED_EDGE('',*,*,#1931,.T.);
#557=ORIENTED_EDGE('',*,*,#1933,.F.);
#558=ORIENTED_EDGE('',*,*,#1934,.T.);
#559=ORIENTED_EDGE('',*,*,#1927,.F.);
#560=ORIENTED_EDGE('',*,*,#1891,.F.);
#561=ORIENTED_EDGE('',*,*,#1935,.F.);
#562=ORIENTED_EDGE('',*,*,#1936,.T.);
#563=ORIENTED_EDGE('',*,*,#1937,.F.);
#564=ORIENTED_EDGE('',*,*,#1897,.F.);
#565=ORIENTED_EDGE('',*,*,#1938,.T.);
#566=ORIENTED_EDGE('',*,*,#1939,.T.);
#567=ORIENTED_EDGE('',*,*,#1894,.F.);
#568=ORIENTED_EDGE('',*,*,#1937,.T.);
#569=ORIENTED_EDGE('',*,*,#1939,.F.);
#570=ORIENTED_EDGE('',*,*,#1940,.T.);
#571=ORIENTED_EDGE('',*,*,#1941,.F.);
#572=ORIENTED_EDGE('',*,*,#1895,.F.);
#573=ORIENTED_EDGE('',*,*,#1896,.F.);
#574=ORIENTED_EDGE('',*,*,#1941,.T.);
#575=ORIENTED_EDGE('',*,*,#1942,.T.);
#576=ORIENTED_EDGE('',*,*,#1935,.T.);
#577=ORIENTED_EDGE('',*,*,#1943,.T.);
#578=ORIENTED_EDGE('',*,*,#1926,.T.);
#579=ORIENTED_EDGE('',*,*,#1944,.T.);
#580=ORIENTED_EDGE('',*,*,#1945,.T.);
#581=ORIENTED_EDGE('',*,*,#1946,.F.);
#582=ORIENTED_EDGE('',*,*,#1947,.F.);
#583=ORIENTED_EDGE('',*,*,#1948,.F.);
#584=ORIENTED_EDGE('',*,*,#1949,.F.);
#585=ORIENTED_EDGE('',*,*,#1950,.F.);
#586=ORIENTED_EDGE('',*,*,#1951,.F.);
#587=ORIENTED_EDGE('',*,*,#1952,.T.);
#588=ORIENTED_EDGE('',*,*,#1953,.F.);
#589=ORIENTED_EDGE('',*,*,#1899,.F.);
#590=ORIENTED_EDGE('',*,*,#1918,.T.);
#591=ORIENTED_EDGE('',*,*,#1923,.F.);
#592=ORIENTED_EDGE('',*,*,#1954,.F.);
#593=ORIENTED_EDGE('',*,*,#1955,.T.);
#594=ORIENTED_EDGE('',*,*,#1956,.T.);
#595=ORIENTED_EDGE('',*,*,#1906,.T.);
#596=ORIENTED_EDGE('',*,*,#1952,.F.);
#597=ORIENTED_EDGE('',*,*,#1957,.F.);
#598=ORIENTED_EDGE('',*,*,#1950,.T.);
#599=ORIENTED_EDGE('',*,*,#1958,.F.);
#600=ORIENTED_EDGE('',*,*,#1959,.T.);
#601=ORIENTED_EDGE('',*,*,#1960,.F.);
#602=ORIENTED_EDGE('',*,*,#1903,.T.);
#603=ORIENTED_EDGE('',*,*,#1961,.T.);
#604=ORIENTED_EDGE('',*,*,#1962,.F.);
#605=ORIENTED_EDGE('',*,*,#1901,.T.);
#606=ORIENTED_EDGE('',*,*,#1919,.F.);
#607=ORIENTED_EDGE('',*,*,#1900,.T.);
#608=ORIENTED_EDGE('',*,*,#1963,.T.);
#609=ORIENTED_EDGE('',*,*,#1964,.F.);
#610=ORIENTED_EDGE('',*,*,#1965,.F.);
#611=ORIENTED_EDGE('',*,*,#1966,.F.);
#612=ORIENTED_EDGE('',*,*,#1910,.T.);
#613=ORIENTED_EDGE('',*,*,#1967,.T.);
#614=ORIENTED_EDGE('',*,*,#1968,.F.);
#615=ORIENTED_EDGE('',*,*,#1969,.F.);
#616=ORIENTED_EDGE('',*,*,#1913,.F.);
#617=ORIENTED_EDGE('',*,*,#1970,.F.);
#618=ORIENTED_EDGE('',*,*,#1971,.T.);
#619=ORIENTED_EDGE('',*,*,#1972,.F.);
#620=ORIENTED_EDGE('',*,*,#1920,.F.);
#621=ORIENTED_EDGE('',*,*,#1965,.T.);
#622=ORIENTED_EDGE('',*,*,#1973,.T.);
#623=ORIENTED_EDGE('',*,*,#1974,.T.);
#624=ORIENTED_EDGE('',*,*,#1911,.T.);
#625=ORIENTED_EDGE('',*,*,#1966,.T.);
#626=ORIENTED_EDGE('',*,*,#1975,.T.);
#627=ORIENTED_EDGE('',*,*,#1976,.F.);
#628=ORIENTED_EDGE('',*,*,#1962,.T.);
#629=ORIENTED_EDGE('',*,*,#1977,.F.);
#630=ORIENTED_EDGE('',*,*,#1978,.T.);
#631=ORIENTED_EDGE('',*,*,#1979,.T.);
#632=ORIENTED_EDGE('',*,*,#1980,.T.);
#633=ORIENTED_EDGE('',*,*,#1981,.F.);
#634=ORIENTED_EDGE('',*,*,#1960,.T.);
#635=ORIENTED_EDGE('',*,*,#1982,.F.);
#636=ORIENTED_EDGE('',*,*,#1983,.F.);
#637=ORIENTED_EDGE('',*,*,#1902,.F.);
#638=ORIENTED_EDGE('',*,*,#1984,.F.);
#639=ORIENTED_EDGE('',*,*,#1904,.F.);
#640=ORIENTED_EDGE('',*,*,#1985,.T.);
#641=ORIENTED_EDGE('',*,*,#1905,.T.);
#642=ORIENTED_EDGE('',*,*,#1907,.F.);
#643=ORIENTED_EDGE('',*,*,#1974,.F.);
#644=ORIENTED_EDGE('',*,*,#1986,.F.);
#645=ORIENTED_EDGE('',*,*,#1987,.F.);
#646=ORIENTED_EDGE('',*,*,#1988,.F.);
#647=ORIENTED_EDGE('',*,*,#1908,.F.);
#648=ORIENTED_EDGE('',*,*,#1988,.T.);
#649=ORIENTED_EDGE('',*,*,#1989,.F.);
#650=ORIENTED_EDGE('',*,*,#1990,.F.);
#651=ORIENTED_EDGE('',*,*,#1909,.F.);
#652=ORIENTED_EDGE('',*,*,#1990,.T.);
#653=ORIENTED_EDGE('',*,*,#1991,.T.);
#654=ORIENTED_EDGE('',*,*,#1992,.F.);
#655=ORIENTED_EDGE('',*,*,#1967,.F.);
#656=ORIENTED_EDGE('',*,*,#1992,.T.);
#657=ORIENTED_EDGE('',*,*,#1993,.T.);
#658=ORIENTED_EDGE('',*,*,#1994,.F.);
#659=ORIENTED_EDGE('',*,*,#1968,.T.);
#660=ORIENTED_EDGE('',*,*,#1994,.T.);
#661=ORIENTED_EDGE('',*,*,#1995,.T.);
#662=ORIENTED_EDGE('',*,*,#1996,.F.);
#663=ORIENTED_EDGE('',*,*,#1914,.F.);
#664=ORIENTED_EDGE('',*,*,#1969,.T.);
#665=ORIENTED_EDGE('',*,*,#1997,.F.);
#666=ORIENTED_EDGE('',*,*,#1998,.F.);
#667=ORIENTED_EDGE('',*,*,#1915,.T.);
#668=ORIENTED_EDGE('',*,*,#1996,.T.);
#669=ORIENTED_EDGE('',*,*,#1998,.T.);
#670=ORIENTED_EDGE('',*,*,#1999,.T.);
#671=ORIENTED_EDGE('',*,*,#2000,.F.);
#672=ORIENTED_EDGE('',*,*,#1970,.T.);
#673=ORIENTED_EDGE('',*,*,#1912,.T.);
#674=ORIENTED_EDGE('',*,*,#2000,.T.);
#675=ORIENTED_EDGE('',*,*,#2001,.T.);
#676=ORIENTED_EDGE('',*,*,#2002,.F.);
#677=ORIENTED_EDGE('',*,*,#1971,.F.);
#678=ORIENTED_EDGE('',*,*,#2002,.T.);
#679=ORIENTED_EDGE('',*,*,#2003,.T.);
#680=ORIENTED_EDGE('',*,*,#2004,.F.);
#681=ORIENTED_EDGE('',*,*,#1921,.F.);
#682=ORIENTED_EDGE('',*,*,#1972,.T.);
#683=ORIENTED_EDGE('',*,*,#2005,.F.);
#684=ORIENTED_EDGE('',*,*,#2006,.T.);
#685=ORIENTED_EDGE('',*,*,#1922,.T.);
#686=ORIENTED_EDGE('',*,*,#2004,.T.);
#687=ORIENTED_EDGE('',*,*,#2006,.F.);
#688=ORIENTED_EDGE('',*,*,#2007,.T.);
#689=ORIENTED_EDGE('',*,*,#2008,.F.);
#690=ORIENTED_EDGE('',*,*,#1954,.T.);
#691=ORIENTED_EDGE('',*,*,#1924,.T.);
#692=ORIENTED_EDGE('',*,*,#1916,.F.);
#693=ORIENTED_EDGE('',*,*,#2008,.T.);
#694=ORIENTED_EDGE('',*,*,#2009,.F.);
#695=ORIENTED_EDGE('',*,*,#2010,.F.);
#696=ORIENTED_EDGE('',*,*,#1951,.T.);
#697=ORIENTED_EDGE('',*,*,#1957,.T.);
#698=ORIENTED_EDGE('',*,*,#2011,.T.);
#699=ORIENTED_EDGE('',*,*,#2012,.T.);
#700=ORIENTED_EDGE('',*,*,#2013,.T.);
#701=ORIENTED_EDGE('',*,*,#2014,.T.);
#702=ORIENTED_EDGE('',*,*,#2015,.F.);
#703=ORIENTED_EDGE('',*,*,#2016,.T.);
#704=ORIENTED_EDGE('',*,*,#2012,.F.);
#705=ORIENTED_EDGE('',*,*,#2017,.T.);
#706=ORIENTED_EDGE('',*,*,#2018,.T.);
#707=ORIENTED_EDGE('',*,*,#2019,.F.);
#708=ORIENTED_EDGE('',*,*,#2020,.T.);
#709=ORIENTED_EDGE('',*,*,#2015,.T.);
#710=ORIENTED_EDGE('',*,*,#2021,.F.);
#711=ORIENTED_EDGE('',*,*,#1945,.F.);
#712=ORIENTED_EDGE('',*,*,#2022,.T.);
#713=ORIENTED_EDGE('',*,*,#2023,.T.);
#714=ORIENTED_EDGE('',*,*,#2024,.T.);
#715=ORIENTED_EDGE('',*,*,#1948,.T.);
#716=ORIENTED_EDGE('',*,*,#2010,.T.);
#717=ORIENTED_EDGE('',*,*,#2025,.F.);
#718=ORIENTED_EDGE('',*,*,#2019,.T.);
#719=ORIENTED_EDGE('',*,*,#2026,.T.);
#720=ORIENTED_EDGE('',*,*,#2027,.F.);
#721=ORIENTED_EDGE('',*,*,#2028,.T.);
#722=ORIENTED_EDGE('',*,*,#2029,.F.);
#723=ORIENTED_EDGE('',*,*,#2027,.T.);
#724=ORIENTED_EDGE('',*,*,#2030,.T.);
#725=ORIENTED_EDGE('',*,*,#2031,.T.);
#726=ORIENTED_EDGE('',*,*,#2032,.T.);
#727=ORIENTED_EDGE('',*,*,#2033,.F.);
#728=ORIENTED_EDGE('',*,*,#2028,.F.);
#729=ORIENTED_EDGE('',*,*,#2034,.T.);
#730=ORIENTED_EDGE('',*,*,#1946,.T.);
#731=ORIENTED_EDGE('',*,*,#2021,.T.);
#732=ORIENTED_EDGE('',*,*,#2029,.T.);
#733=ORIENTED_EDGE('',*,*,#2033,.T.);
#734=ORIENTED_EDGE('',*,*,#2035,.F.);
#735=ORIENTED_EDGE('',*,*,#2036,.F.);
#736=ORIENTED_EDGE('',*,*,#2037,.T.);
#737=ORIENTED_EDGE('',*,*,#2038,.T.);
#738=ORIENTED_EDGE('',*,*,#2039,.T.);
#739=ORIENTED_EDGE('',*,*,#1925,.F.);
#740=ORIENTED_EDGE('',*,*,#2040,.T.);
#741=ORIENTED_EDGE('',*,*,#2036,.T.);
#742=ORIENTED_EDGE('',*,*,#2041,.F.);
#743=ORIENTED_EDGE('',*,*,#2042,.F.);
#744=ORIENTED_EDGE('',*,*,#2043,.F.);
#745=ORIENTED_EDGE('',*,*,#2044,.F.);
#746=ORIENTED_EDGE('',*,*,#2045,.F.);
#747=ORIENTED_EDGE('',*,*,#2046,.F.);
#748=ORIENTED_EDGE('',*,*,#1942,.F.);
#749=ORIENTED_EDGE('',*,*,#1940,.F.);
#750=ORIENTED_EDGE('',*,*,#1938,.F.);
#751=ORIENTED_EDGE('',*,*,#1936,.F.);
#752=ORIENTED_EDGE('',*,*,#1934,.F.);
#753=ORIENTED_EDGE('',*,*,#1932,.F.);
#754=ORIENTED_EDGE('',*,*,#1930,.F.);
#755=ORIENTED_EDGE('',*,*,#1928,.F.);
#756=ORIENTED_EDGE('',*,*,#2047,.T.);
#757=ORIENTED_EDGE('',*,*,#2048,.F.);
#758=ORIENTED_EDGE('',*,*,#1986,.T.);
#759=ORIENTED_EDGE('',*,*,#1976,.T.);
#760=ORIENTED_EDGE('',*,*,#2049,.F.);
#761=ORIENTED_EDGE('',*,*,#1980,.F.);
#762=ORIENTED_EDGE('',*,*,#2050,.F.);
#763=ORIENTED_EDGE('',*,*,#2051,.T.);
#764=ORIENTED_EDGE('',*,*,#2052,.F.);
#765=ORIENTED_EDGE('',*,*,#1943,.F.);
#766=ORIENTED_EDGE('',*,*,#2053,.F.);
#767=ORIENTED_EDGE('',*,*,#2050,.T.);
#768=ORIENTED_EDGE('',*,*,#1979,.F.);
#769=ORIENTED_EDGE('',*,*,#2054,.T.);
#770=ORIENTED_EDGE('',*,*,#2055,.T.);
#771=ORIENTED_EDGE('',*,*,#2056,.T.);
#772=ORIENTED_EDGE('',*,*,#2057,.F.);
#773=ORIENTED_EDGE('',*,*,#2058,.T.);
#774=ORIENTED_EDGE('',*,*,#2059,.F.);
#775=ORIENTED_EDGE('',*,*,#2037,.F.);
#776=ORIENTED_EDGE('',*,*,#2040,.F.);
#777=ORIENTED_EDGE('',*,*,#2060,.T.);
#778=ORIENTED_EDGE('',*,*,#2058,.F.);
#779=ORIENTED_EDGE('',*,*,#2061,.F.);
#780=ORIENTED_EDGE('',*,*,#2062,.T.);
#781=ORIENTED_EDGE('',*,*,#2038,.F.);
#782=ORIENTED_EDGE('',*,*,#2062,.F.);
#783=ORIENTED_EDGE('',*,*,#2063,.T.);
#784=ORIENTED_EDGE('',*,*,#2064,.F.);
#785=ORIENTED_EDGE('',*,*,#2039,.F.);
#786=ORIENTED_EDGE('',*,*,#2064,.T.);
#787=ORIENTED_EDGE('',*,*,#2065,.F.);
#788=ORIENTED_EDGE('',*,*,#2066,.T.);
#789=ORIENTED_EDGE('',*,*,#1947,.T.);
#790=ORIENTED_EDGE('',*,*,#2067,.T.);
#791=ORIENTED_EDGE('',*,*,#2022,.F.);
#792=ORIENTED_EDGE('',*,*,#1944,.F.);
#793=ORIENTED_EDGE('',*,*,#2066,.F.);
#794=ORIENTED_EDGE('',*,*,#2068,.F.);
#795=ORIENTED_EDGE('',*,*,#2069,.F.);
#796=ORIENTED_EDGE('',*,*,#2070,.F.);
#797=ORIENTED_EDGE('',*,*,#2023,.F.);
#798=ORIENTED_EDGE('',*,*,#2067,.F.);
#799=ORIENTED_EDGE('',*,*,#2071,.T.);
#800=ORIENTED_EDGE('',*,*,#1949,.T.);
#801=ORIENTED_EDGE('',*,*,#2024,.F.);
#802=ORIENTED_EDGE('',*,*,#2070,.T.);
#803=ORIENTED_EDGE('',*,*,#2072,.T.);
#804=ORIENTED_EDGE('',*,*,#2073,.T.);
#805=ORIENTED_EDGE('',*,*,#1955,.F.);
#806=ORIENTED_EDGE('',*,*,#1958,.T.);
#807=ORIENTED_EDGE('',*,*,#2071,.F.);
#808=ORIENTED_EDGE('',*,*,#1956,.F.);
#809=ORIENTED_EDGE('',*,*,#2073,.F.);
#810=ORIENTED_EDGE('',*,*,#2074,.F.);
#811=ORIENTED_EDGE('',*,*,#2075,.F.);
#812=ORIENTED_EDGE('',*,*,#1963,.F.);
#813=ORIENTED_EDGE('',*,*,#1953,.T.);
#814=ORIENTED_EDGE('',*,*,#1975,.F.);
#815=ORIENTED_EDGE('',*,*,#1973,.F.);
#816=ORIENTED_EDGE('',*,*,#1964,.T.);
#817=ORIENTED_EDGE('',*,*,#2075,.T.);
#818=ORIENTED_EDGE('',*,*,#2076,.T.);
#819=ORIENTED_EDGE('',*,*,#2077,.F.);
#820=ORIENTED_EDGE('',*,*,#1977,.T.);
#821=ORIENTED_EDGE('',*,*,#1961,.F.);
#822=ORIENTED_EDGE('',*,*,#1982,.T.);
#823=ORIENTED_EDGE('',*,*,#1959,.F.);
#824=ORIENTED_EDGE('',*,*,#1981,.T.);
#825=ORIENTED_EDGE('',*,*,#2049,.T.);
#826=ORIENTED_EDGE('',*,*,#2054,.F.);
#827=ORIENTED_EDGE('',*,*,#1978,.F.);
#828=ORIENTED_EDGE('',*,*,#2077,.T.);
#829=ORIENTED_EDGE('',*,*,#2078,.F.);
#830=ORIENTED_EDGE('',*,*,#2079,.F.);
#831=ORIENTED_EDGE('',*,*,#2047,.F.);
#832=ORIENTED_EDGE('',*,*,#2080,.T.);
#833=ORIENTED_EDGE('',*,*,#2081,.F.);
#834=ORIENTED_EDGE('',*,*,#2082,.F.);
#835=ORIENTED_EDGE('',*,*,#2083,.T.);
#836=ORIENTED_EDGE('',*,*,#2084,.T.);
#837=ORIENTED_EDGE('',*,*,#2082,.T.);
#838=ORIENTED_EDGE('',*,*,#2085,.T.);
#839=ORIENTED_EDGE('',*,*,#2086,.T.);
#840=ORIENTED_EDGE('',*,*,#2087,.T.);
#841=ORIENTED_EDGE('',*,*,#2014,.F.);
#842=ORIENTED_EDGE('',*,*,#2088,.T.);
#843=ORIENTED_EDGE('',*,*,#2088,.F.);
#844=ORIENTED_EDGE('',*,*,#2013,.F.);
#845=ORIENTED_EDGE('',*,*,#2016,.F.);
#846=ORIENTED_EDGE('',*,*,#2020,.F.);
#847=ORIENTED_EDGE('',*,*,#2025,.T.);
#848=ORIENTED_EDGE('',*,*,#2009,.T.);
#849=ORIENTED_EDGE('',*,*,#2007,.F.);
#850=ORIENTED_EDGE('',*,*,#2005,.T.);
#851=ORIENTED_EDGE('',*,*,#2003,.F.);
#852=ORIENTED_EDGE('',*,*,#2001,.F.);
#853=ORIENTED_EDGE('',*,*,#1999,.F.);
#854=ORIENTED_EDGE('',*,*,#1997,.T.);
#855=ORIENTED_EDGE('',*,*,#1995,.F.);
#856=ORIENTED_EDGE('',*,*,#1993,.F.);
#857=ORIENTED_EDGE('',*,*,#1991,.F.);
#858=ORIENTED_EDGE('',*,*,#1989,.T.);
#859=ORIENTED_EDGE('',*,*,#1987,.T.);
#860=ORIENTED_EDGE('',*,*,#2048,.T.);
#861=ORIENTED_EDGE('',*,*,#2079,.T.);
#862=ORIENTED_EDGE('',*,*,#2084,.F.);
#863=ORIENTED_EDGE('',*,*,#2089,.T.);
#864=ORIENTED_EDGE('',*,*,#2090,.T.);
#865=ORIENTED_EDGE('',*,*,#2091,.T.);
#866=ORIENTED_EDGE('',*,*,#1985,.F.);
#867=ORIENTED_EDGE('',*,*,#1984,.T.);
#868=ORIENTED_EDGE('',*,*,#1983,.T.);
#869=ORIENTED_EDGE('',*,*,#2092,.T.);
#870=ORIENTED_EDGE('',*,*,#2093,.T.);
#871=ORIENTED_EDGE('',*,*,#2034,.F.);
#872=ORIENTED_EDGE('',*,*,#2030,.F.);
#873=ORIENTED_EDGE('',*,*,#2026,.F.);
#874=ORIENTED_EDGE('',*,*,#2018,.F.);
#875=ORIENTED_EDGE('',*,*,#2017,.F.);
#876=ORIENTED_EDGE('',*,*,#2011,.F.);
#877=ORIENTED_EDGE('',*,*,#2087,.F.);
#878=ORIENTED_EDGE('',*,*,#2094,.F.);
#879=ORIENTED_EDGE('',*,*,#2041,.T.);
#880=ORIENTED_EDGE('',*,*,#2035,.T.);
#881=ORIENTED_EDGE('',*,*,#2032,.F.);
#882=ORIENTED_EDGE('',*,*,#2031,.F.);
#883=ORIENTED_EDGE('',*,*,#2095,.T.);
#884=ORIENTED_EDGE('',*,*,#2096,.T.);
#885=ORIENTED_EDGE('',*,*,#2059,.T.);
#886=ORIENTED_EDGE('',*,*,#2060,.F.);
#887=ORIENTED_EDGE('',*,*,#2042,.T.);
#888=ORIENTED_EDGE('',*,*,#2097,.T.);
#889=ORIENTED_EDGE('',*,*,#2098,.T.);
#890=ORIENTED_EDGE('',*,*,#2099,.F.);
#891=ORIENTED_EDGE('',*,*,#2100,.F.);
#892=ORIENTED_EDGE('',*,*,#2101,.F.);
#893=ORIENTED_EDGE('',*,*,#2102,.T.);
#894=ORIENTED_EDGE('',*,*,#2103,.F.);
#895=ORIENTED_EDGE('',*,*,#2056,.F.);
#896=ORIENTED_EDGE('',*,*,#2096,.F.);
#897=ORIENTED_EDGE('',*,*,#2104,.F.);
#898=ORIENTED_EDGE('',*,*,#2105,.F.);
#899=ORIENTED_EDGE('',*,*,#2102,.F.);
#900=ORIENTED_EDGE('',*,*,#2106,.F.);
#901=ORIENTED_EDGE('',*,*,#2107,.T.);
#902=ORIENTED_EDGE('',*,*,#2108,.T.);
#903=ORIENTED_EDGE('',*,*,#2109,.T.);
#904=ORIENTED_EDGE('',*,*,#2110,.F.);
#905=ORIENTED_EDGE('',*,*,#2111,.T.);
#906=ORIENTED_EDGE('',*,*,#2112,.F.);
#907=ORIENTED_EDGE('',*,*,#2113,.T.);
#908=ORIENTED_EDGE('',*,*,#2114,.T.);
#909=ORIENTED_EDGE('',*,*,#2111,.F.);
#910=ORIENTED_EDGE('',*,*,#2115,.T.);
#911=ORIENTED_EDGE('',*,*,#2116,.F.);
#912=ORIENTED_EDGE('',*,*,#2117,.F.);
#913=ORIENTED_EDGE('',*,*,#2118,.F.);
#914=ORIENTED_EDGE('',*,*,#2119,.T.);
#915=ORIENTED_EDGE('',*,*,#2044,.T.);
#916=ORIENTED_EDGE('',*,*,#2045,.T.);
#917=ORIENTED_EDGE('',*,*,#2119,.F.);
#918=ORIENTED_EDGE('',*,*,#2120,.F.);
#919=ORIENTED_EDGE('',*,*,#2121,.T.);
#920=ORIENTED_EDGE('',*,*,#2046,.T.);
#921=ORIENTED_EDGE('',*,*,#2121,.F.);
#922=ORIENTED_EDGE('',*,*,#2122,.F.);
#923=ORIENTED_EDGE('',*,*,#2123,.T.);
#924=ORIENTED_EDGE('',*,*,#2043,.T.);
#925=ORIENTED_EDGE('',*,*,#2123,.F.);
#926=ORIENTED_EDGE('',*,*,#2124,.F.);
#927=ORIENTED_EDGE('',*,*,#2117,.T.);
#928=ORIENTED_EDGE('',*,*,#2080,.F.);
#929=ORIENTED_EDGE('',*,*,#2051,.F.);
#930=ORIENTED_EDGE('',*,*,#2053,.T.);
#931=ORIENTED_EDGE('',*,*,#2125,.T.);
#932=ORIENTED_EDGE('',*,*,#2126,.T.);
#933=ORIENTED_EDGE('',*,*,#2127,.T.);
#934=ORIENTED_EDGE('',*,*,#2128,.T.);
#935=ORIENTED_EDGE('',*,*,#2127,.F.);
#936=ORIENTED_EDGE('',*,*,#2129,.F.);
#937=ORIENTED_EDGE('',*,*,#2130,.F.);
#938=ORIENTED_EDGE('',*,*,#2131,.T.);
#939=ORIENTED_EDGE('',*,*,#2132,.F.);
#940=ORIENTED_EDGE('',*,*,#2133,.T.);
#941=ORIENTED_EDGE('',*,*,#2134,.F.);
#942=ORIENTED_EDGE('',*,*,#2103,.T.);
#943=ORIENTED_EDGE('',*,*,#2105,.T.);
#944=ORIENTED_EDGE('',*,*,#2135,.F.);
#945=ORIENTED_EDGE('',*,*,#2078,.T.);
#946=ORIENTED_EDGE('',*,*,#2076,.F.);
#947=ORIENTED_EDGE('',*,*,#2074,.T.);
#948=ORIENTED_EDGE('',*,*,#2072,.F.);
#949=ORIENTED_EDGE('',*,*,#2069,.T.);
#950=ORIENTED_EDGE('',*,*,#2068,.T.);
#951=ORIENTED_EDGE('',*,*,#2065,.T.);
#952=ORIENTED_EDGE('',*,*,#2063,.F.);
#953=ORIENTED_EDGE('',*,*,#2061,.T.);
#954=ORIENTED_EDGE('',*,*,#2057,.T.);
#955=ORIENTED_EDGE('',*,*,#2134,.T.);
#956=ORIENTED_EDGE('',*,*,#2136,.F.);
#957=ORIENTED_EDGE('',*,*,#2125,.F.);
#958=ORIENTED_EDGE('',*,*,#2055,.F.);
#959=ORIENTED_EDGE('',*,*,#2052,.T.);
#960=ORIENTED_EDGE('',*,*,#2137,.T.);
#961=ORIENTED_EDGE('',*,*,#2138,.T.);
#962=ORIENTED_EDGE('',*,*,#2139,.F.);
#963=ORIENTED_EDGE('',*,*,#2140,.T.);
#964=ORIENTED_EDGE('',*,*,#2137,.F.);
#965=ORIENTED_EDGE('',*,*,#2141,.T.);
#966=ORIENTED_EDGE('',*,*,#2142,.T.);
#967=ORIENTED_EDGE('',*,*,#2130,.T.);
#968=ORIENTED_EDGE('',*,*,#2143,.T.);
#969=ORIENTED_EDGE('',*,*,#2144,.T.);
#970=ORIENTED_EDGE('',*,*,#2145,.T.);
#971=ORIENTED_EDGE('',*,*,#2146,.F.);
#972=ORIENTED_EDGE('',*,*,#2147,.F.);
#973=ORIENTED_EDGE('',*,*,#2131,.F.);
#974=ORIENTED_EDGE('',*,*,#2142,.F.);
#975=ORIENTED_EDGE('',*,*,#2081,.T.);
#976=ORIENTED_EDGE('',*,*,#2128,.F.);
#977=ORIENTED_EDGE('',*,*,#2132,.T.);
#978=ORIENTED_EDGE('',*,*,#2147,.T.);
#979=ORIENTED_EDGE('',*,*,#2148,.T.);
#980=ORIENTED_EDGE('',*,*,#2149,.T.);
#981=ORIENTED_EDGE('',*,*,#2085,.F.);
#982=ORIENTED_EDGE('',*,*,#2089,.F.);
#983=ORIENTED_EDGE('',*,*,#2083,.F.);
#984=ORIENTED_EDGE('',*,*,#2149,.F.);
#985=ORIENTED_EDGE('',*,*,#2150,.T.);
#986=ORIENTED_EDGE('',*,*,#2151,.F.);
#987=ORIENTED_EDGE('',*,*,#2090,.F.);
#988=ORIENTED_EDGE('',*,*,#2151,.T.);
#989=ORIENTED_EDGE('',*,*,#2152,.T.);
#990=ORIENTED_EDGE('',*,*,#2153,.T.);
#991=ORIENTED_EDGE('',*,*,#2091,.F.);
#992=ORIENTED_EDGE('',*,*,#2153,.F.);
#993=ORIENTED_EDGE('',*,*,#2154,.T.);
#994=ORIENTED_EDGE('',*,*,#2155,.F.);
#995=ORIENTED_EDGE('',*,*,#2094,.T.);
#996=ORIENTED_EDGE('',*,*,#2086,.F.);
#997=ORIENTED_EDGE('',*,*,#2156,.T.);
#998=ORIENTED_EDGE('',*,*,#2157,.F.);
#999=ORIENTED_EDGE('',*,*,#2097,.F.);
#1000=ORIENTED_EDGE('',*,*,#2095,.F.);
#1001=ORIENTED_EDGE('',*,*,#2093,.F.);
#1002=ORIENTED_EDGE('',*,*,#2092,.F.);
#1003=ORIENTED_EDGE('',*,*,#2155,.T.);
#1004=ORIENTED_EDGE('',*,*,#2158,.T.);
#1005=ORIENTED_EDGE('',*,*,#2159,.F.);
#1006=ORIENTED_EDGE('',*,*,#2098,.F.);
#1007=ORIENTED_EDGE('',*,*,#2157,.T.);
#1008=ORIENTED_EDGE('',*,*,#2160,.T.);
#1009=ORIENTED_EDGE('',*,*,#2161,.T.);
#1010=ORIENTED_EDGE('',*,*,#2162,.T.);
#1011=ORIENTED_EDGE('',*,*,#2163,.T.);
#1012=ORIENTED_EDGE('',*,*,#2099,.T.);
#1013=ORIENTED_EDGE('',*,*,#2159,.T.);
#1014=ORIENTED_EDGE('',*,*,#2158,.F.);
#1015=ORIENTED_EDGE('',*,*,#2164,.T.);
#1016=ORIENTED_EDGE('',*,*,#2165,.T.);
#1017=ORIENTED_EDGE('',*,*,#2106,.T.);
#1018=ORIENTED_EDGE('',*,*,#2101,.T.);
#1019=ORIENTED_EDGE('',*,*,#2100,.T.);
#1020=ORIENTED_EDGE('',*,*,#2163,.F.);
#1021=ORIENTED_EDGE('',*,*,#2166,.T.);
#1022=ORIENTED_EDGE('',*,*,#2135,.T.);
#1023=ORIENTED_EDGE('',*,*,#2104,.T.);
#1024=ORIENTED_EDGE('',*,*,#2167,.F.);
#1025=ORIENTED_EDGE('',*,*,#2168,.T.);
#1026=ORIENTED_EDGE('',*,*,#2169,.F.);
#1027=ORIENTED_EDGE('',*,*,#2169,.T.);
#1028=ORIENTED_EDGE('',*,*,#2170,.F.);
#1029=ORIENTED_EDGE('',*,*,#2171,.T.);
#1030=ORIENTED_EDGE('',*,*,#2172,.F.);
#1031=ORIENTED_EDGE('',*,*,#2173,.F.);
#1032=ORIENTED_EDGE('',*,*,#2174,.T.);
#1033=ORIENTED_EDGE('',*,*,#2175,.F.);
#1034=ORIENTED_EDGE('',*,*,#2176,.T.);
#1035=ORIENTED_EDGE('',*,*,#2173,.T.);
#1036=ORIENTED_EDGE('',*,*,#2177,.T.);
#1037=ORIENTED_EDGE('',*,*,#2107,.F.);
#1038=ORIENTED_EDGE('',*,*,#2178,.F.);
#1039=ORIENTED_EDGE('',*,*,#2179,.F.);
#1040=ORIENTED_EDGE('',*,*,#2180,.T.);
#1041=ORIENTED_EDGE('',*,*,#2181,.F.);
#1042=ORIENTED_EDGE('',*,*,#2182,.F.);
#1043=ORIENTED_EDGE('',*,*,#2183,.T.);
#1044=ORIENTED_EDGE('',*,*,#2179,.T.);
#1045=ORIENTED_EDGE('',*,*,#2184,.F.);
#1046=ORIENTED_EDGE('',*,*,#2185,.F.);
#1047=ORIENTED_EDGE('',*,*,#2186,.F.);
#1048=ORIENTED_EDGE('',*,*,#2187,.T.);
#1049=ORIENTED_EDGE('',*,*,#2188,.T.);
#1050=ORIENTED_EDGE('',*,*,#2189,.F.);
#1051=ORIENTED_EDGE('',*,*,#2190,.T.);
#1052=ORIENTED_EDGE('',*,*,#2112,.T.);
#1053=ORIENTED_EDGE('',*,*,#2191,.T.);
#1054=ORIENTED_EDGE('',*,*,#2175,.T.);
#1055=ORIENTED_EDGE('',*,*,#2192,.T.);
#1056=ORIENTED_EDGE('',*,*,#2180,.F.);
#1057=ORIENTED_EDGE('',*,*,#2186,.T.);
#1058=ORIENTED_EDGE('',*,*,#2189,.T.);
#1059=ORIENTED_EDGE('',*,*,#2193,.T.);
#1060=ORIENTED_EDGE('',*,*,#2194,.T.);
#1061=ORIENTED_EDGE('',*,*,#2195,.F.);
#1062=ORIENTED_EDGE('',*,*,#2196,.T.);
#1063=ORIENTED_EDGE('',*,*,#2197,.F.);
#1064=ORIENTED_EDGE('',*,*,#2108,.F.);
#1065=ORIENTED_EDGE('',*,*,#2198,.F.);
#1066=ORIENTED_EDGE('',*,*,#2109,.F.);
#1067=ORIENTED_EDGE('',*,*,#2196,.F.);
#1068=ORIENTED_EDGE('',*,*,#2199,.F.);
#1069=ORIENTED_EDGE('',*,*,#2200,.F.);
#1070=ORIENTED_EDGE('',*,*,#2113,.F.);
#1071=ORIENTED_EDGE('',*,*,#2190,.F.);
#1072=ORIENTED_EDGE('',*,*,#2110,.T.);
#1073=ORIENTED_EDGE('',*,*,#2201,.T.);
#1074=ORIENTED_EDGE('',*,*,#2202,.F.);
#1075=ORIENTED_EDGE('',*,*,#2203,.T.);
#1076=ORIENTED_EDGE('',*,*,#2204,.T.);
#1077=ORIENTED_EDGE('',*,*,#2115,.F.);
#1078=ORIENTED_EDGE('',*,*,#2201,.F.);
#1079=ORIENTED_EDGE('',*,*,#2114,.F.);
#1080=ORIENTED_EDGE('',*,*,#2205,.T.);
#1081=ORIENTED_EDGE('',*,*,#2206,.T.);
#1082=ORIENTED_EDGE('',*,*,#2207,.T.);
#1083=ORIENTED_EDGE('',*,*,#2203,.F.);
#1084=ORIENTED_EDGE('',*,*,#2208,.F.);
#1085=ORIENTED_EDGE('',*,*,#2209,.T.);
#1086=ORIENTED_EDGE('',*,*,#2116,.T.);
#1087=ORIENTED_EDGE('',*,*,#2204,.F.);
#1088=ORIENTED_EDGE('',*,*,#2207,.F.);
#1089=ORIENTED_EDGE('',*,*,#2210,.T.);
#1090=ORIENTED_EDGE('',*,*,#2211,.T.);
#1091=ORIENTED_EDGE('',*,*,#2191,.F.);
#1092=ORIENTED_EDGE('',*,*,#2212,.T.);
#1093=ORIENTED_EDGE('',*,*,#2213,.T.);
#1094=ORIENTED_EDGE('',*,*,#2176,.F.);
#1095=ORIENTED_EDGE('',*,*,#2213,.F.);
#1096=ORIENTED_EDGE('',*,*,#2214,.T.);
#1097=ORIENTED_EDGE('',*,*,#2215,.T.);
#1098=ORIENTED_EDGE('',*,*,#2216,.T.);
#1099=ORIENTED_EDGE('',*,*,#2174,.F.);
#1100=ORIENTED_EDGE('',*,*,#2217,.T.);
#1101=ORIENTED_EDGE('',*,*,#2218,.F.);
#1102=ORIENTED_EDGE('',*,*,#2219,.F.);
#1103=ORIENTED_EDGE('',*,*,#2220,.F.);
#1104=ORIENTED_EDGE('',*,*,#2221,.F.);
#1105=ORIENTED_EDGE('',*,*,#2222,.T.);
#1106=ORIENTED_EDGE('',*,*,#2223,.T.);
#1107=ORIENTED_EDGE('',*,*,#2224,.F.);
#1108=ORIENTED_EDGE('',*,*,#2220,.T.);
#1109=ORIENTED_EDGE('',*,*,#2124,.T.);
#1110=ORIENTED_EDGE('',*,*,#2122,.T.);
#1111=ORIENTED_EDGE('',*,*,#2120,.T.);
#1112=ORIENTED_EDGE('',*,*,#2118,.T.);
#1113=ORIENTED_EDGE('',*,*,#2225,.T.);
#1114=ORIENTED_EDGE('',*,*,#2226,.T.);
#1115=ORIENTED_EDGE('',*,*,#2227,.T.);
#1116=ORIENTED_EDGE('',*,*,#2228,.T.);
#1117=ORIENTED_EDGE('',*,*,#2229,.T.);
#1118=ORIENTED_EDGE('',*,*,#2215,.F.);
#1119=ORIENTED_EDGE('',*,*,#2230,.F.);
#1120=ORIENTED_EDGE('',*,*,#2231,.T.);
#1121=ORIENTED_EDGE('',*,*,#2232,.F.);
#1122=ORIENTED_EDGE('',*,*,#2233,.F.);
#1123=ORIENTED_EDGE('',*,*,#2166,.F.);
#1124=ORIENTED_EDGE('',*,*,#2216,.F.);
#1125=ORIENTED_EDGE('',*,*,#2229,.F.);
#1126=ORIENTED_EDGE('',*,*,#2136,.T.);
#1127=ORIENTED_EDGE('',*,*,#2133,.F.);
#1128=ORIENTED_EDGE('',*,*,#2233,.T.);
#1129=ORIENTED_EDGE('',*,*,#2234,.F.);
#1130=ORIENTED_EDGE('',*,*,#2235,.T.);
#1131=ORIENTED_EDGE('',*,*,#2143,.F.);
#1132=ORIENTED_EDGE('',*,*,#2129,.T.);
#1133=ORIENTED_EDGE('',*,*,#2126,.F.);
#1134=ORIENTED_EDGE('',*,*,#2235,.F.);
#1135=ORIENTED_EDGE('',*,*,#2236,.F.);
#1136=ORIENTED_EDGE('',*,*,#2237,.F.);
#1137=ORIENTED_EDGE('',*,*,#2141,.F.);
#1138=ORIENTED_EDGE('',*,*,#2138,.F.);
#1139=ORIENTED_EDGE('',*,*,#2140,.F.);
#1140=ORIENTED_EDGE('',*,*,#2238,.F.);
#1141=ORIENTED_EDGE('',*,*,#2144,.F.);
#1142=ORIENTED_EDGE('',*,*,#2239,.T.);
#1143=ORIENTED_EDGE('',*,*,#2240,.T.);
#1144=ORIENTED_EDGE('',*,*,#2241,.T.);
#1145=ORIENTED_EDGE('',*,*,#2178,.T.);
#1146=ORIENTED_EDGE('',*,*,#2242,.T.);
#1147=ORIENTED_EDGE('',*,*,#2243,.F.);
#1148=ORIENTED_EDGE('',*,*,#2244,.T.);
#1149=ORIENTED_EDGE('',*,*,#2181,.T.);
#1150=ORIENTED_EDGE('',*,*,#2192,.F.);
#1151=ORIENTED_EDGE('',*,*,#2177,.F.);
#1152=ORIENTED_EDGE('',*,*,#2172,.T.);
#1153=ORIENTED_EDGE('',*,*,#2171,.F.);
#1154=ORIENTED_EDGE('',*,*,#2170,.T.);
#1155=ORIENTED_EDGE('',*,*,#2168,.F.);
#1156=ORIENTED_EDGE('',*,*,#2167,.T.);
#1157=ORIENTED_EDGE('',*,*,#2165,.F.);
#1158=ORIENTED_EDGE('',*,*,#2164,.F.);
#1159=ORIENTED_EDGE('',*,*,#2162,.F.);
#1160=ORIENTED_EDGE('',*,*,#2161,.F.);
#1161=ORIENTED_EDGE('',*,*,#2160,.F.);
#1162=ORIENTED_EDGE('',*,*,#2156,.F.);
#1163=ORIENTED_EDGE('',*,*,#2154,.F.);
#1164=ORIENTED_EDGE('',*,*,#2152,.F.);
#1165=ORIENTED_EDGE('',*,*,#2150,.F.);
#1166=ORIENTED_EDGE('',*,*,#2148,.F.);
#1167=ORIENTED_EDGE('',*,*,#2146,.T.);
#1168=ORIENTED_EDGE('',*,*,#2145,.F.);
#1169=ORIENTED_EDGE('',*,*,#2238,.T.);
#1170=ORIENTED_EDGE('',*,*,#2139,.T.);
#1171=ORIENTED_EDGE('',*,*,#2237,.T.);
#1172=ORIENTED_EDGE('',*,*,#2245,.T.);
#1173=ORIENTED_EDGE('',*,*,#2246,.F.);
#1174=ORIENTED_EDGE('',*,*,#2247,.F.);
#1175=ORIENTED_EDGE('',*,*,#2248,.T.);
#1176=ORIENTED_EDGE('',*,*,#2249,.F.);
#1177=ORIENTED_EDGE('',*,*,#2250,.T.);
#1178=ORIENTED_EDGE('',*,*,#2251,.F.);
#1179=ORIENTED_EDGE('',*,*,#2252,.F.);
#1180=ORIENTED_EDGE('',*,*,#2242,.F.);
#1181=ORIENTED_EDGE('',*,*,#2253,.T.);
#1182=ORIENTED_EDGE('',*,*,#2254,.F.);
#1183=ORIENTED_EDGE('',*,*,#2255,.T.);
#1184=ORIENTED_EDGE('',*,*,#2256,.T.);
#1185=ORIENTED_EDGE('',*,*,#2243,.T.);
#1186=ORIENTED_EDGE('',*,*,#2252,.T.);
#1187=ORIENTED_EDGE('',*,*,#2257,.F.);
#1188=ORIENTED_EDGE('',*,*,#2258,.T.);
#1189=ORIENTED_EDGE('',*,*,#2259,.T.);
#1190=ORIENTED_EDGE('',*,*,#2182,.T.);
#1191=ORIENTED_EDGE('',*,*,#2244,.F.);
#1192=ORIENTED_EDGE('',*,*,#2259,.F.);
#1193=ORIENTED_EDGE('',*,*,#2260,.T.);
#1194=ORIENTED_EDGE('',*,*,#2261,.T.);
#1195=ORIENTED_EDGE('',*,*,#2184,.T.);
#1196=ORIENTED_EDGE('',*,*,#2183,.F.);
#1197=ORIENTED_EDGE('',*,*,#2262,.F.);
#1198=ORIENTED_EDGE('',*,*,#2263,.T.);
#1199=ORIENTED_EDGE('',*,*,#2187,.F.);
#1200=ORIENTED_EDGE('',*,*,#2185,.T.);
#1201=ORIENTED_EDGE('',*,*,#2261,.F.);
#1202=ORIENTED_EDGE('',*,*,#2263,.F.);
#1203=ORIENTED_EDGE('',*,*,#2264,.F.);
#1204=ORIENTED_EDGE('',*,*,#2265,.F.);
#1205=ORIENTED_EDGE('',*,*,#2193,.F.);
#1206=ORIENTED_EDGE('',*,*,#2188,.F.);
#1207=ORIENTED_EDGE('',*,*,#2266,.F.);
#1208=ORIENTED_EDGE('',*,*,#2267,.T.);
#1209=ORIENTED_EDGE('',*,*,#2268,.F.);
#1210=ORIENTED_EDGE('',*,*,#2265,.T.);
#1211=ORIENTED_EDGE('',*,*,#2268,.T.);
#1212=ORIENTED_EDGE('',*,*,#2269,.T.);
#1213=ORIENTED_EDGE('',*,*,#2270,.F.);
#1214=ORIENTED_EDGE('',*,*,#2194,.F.);
#1215=ORIENTED_EDGE('',*,*,#2198,.T.);
#1216=ORIENTED_EDGE('',*,*,#2197,.T.);
#1217=ORIENTED_EDGE('',*,*,#2270,.T.);
#1218=ORIENTED_EDGE('',*,*,#2271,.T.);
#1219=ORIENTED_EDGE('',*,*,#2272,.T.);
#1220=ORIENTED_EDGE('',*,*,#2273,.T.);
#1221=ORIENTED_EDGE('',*,*,#2199,.T.);
#1222=ORIENTED_EDGE('',*,*,#2195,.T.);
#1223=ORIENTED_EDGE('',*,*,#2274,.F.);
#1224=ORIENTED_EDGE('',*,*,#2205,.F.);
#1225=ORIENTED_EDGE('',*,*,#2200,.T.);
#1226=ORIENTED_EDGE('',*,*,#2273,.F.);
#1227=ORIENTED_EDGE('',*,*,#2275,.F.);
#1228=ORIENTED_EDGE('',*,*,#2206,.F.);
#1229=ORIENTED_EDGE('',*,*,#2276,.T.);
#1230=ORIENTED_EDGE('',*,*,#2208,.T.);
#1231=ORIENTED_EDGE('',*,*,#2202,.T.);
#1232=ORIENTED_EDGE('',*,*,#2277,.T.);
#1233=ORIENTED_EDGE('',*,*,#2217,.F.);
#1234=ORIENTED_EDGE('',*,*,#2278,.T.);
#1235=ORIENTED_EDGE('',*,*,#2279,.F.);
#1236=ORIENTED_EDGE('',*,*,#2280,.F.);
#1237=ORIENTED_EDGE('',*,*,#2209,.F.);
#1238=ORIENTED_EDGE('',*,*,#2280,.T.);
#1239=ORIENTED_EDGE('',*,*,#2281,.F.);
#1240=ORIENTED_EDGE('',*,*,#2282,.F.);
#1241=ORIENTED_EDGE('',*,*,#2210,.F.);
#1242=ORIENTED_EDGE('',*,*,#2283,.F.);
#1243=ORIENTED_EDGE('',*,*,#2284,.T.);
#1244=ORIENTED_EDGE('',*,*,#2285,.F.);
#1245=ORIENTED_EDGE('',*,*,#2282,.T.);
#1246=ORIENTED_EDGE('',*,*,#2285,.T.);
#1247=ORIENTED_EDGE('',*,*,#2286,.T.);
#1248=ORIENTED_EDGE('',*,*,#2287,.F.);
#1249=ORIENTED_EDGE('',*,*,#2230,.T.);
#1250=ORIENTED_EDGE('',*,*,#2214,.F.);
#1251=ORIENTED_EDGE('',*,*,#2212,.F.);
#1252=ORIENTED_EDGE('',*,*,#2211,.F.);
#1253=ORIENTED_EDGE('',*,*,#2288,.F.);
#1254=ORIENTED_EDGE('',*,*,#2289,.F.);
#1255=ORIENTED_EDGE('',*,*,#2290,.F.);
#1256=ORIENTED_EDGE('',*,*,#2291,.F.);
#1257=ORIENTED_EDGE('',*,*,#2292,.T.);
#1258=ORIENTED_EDGE('',*,*,#2293,.T.);
#1259=ORIENTED_EDGE('',*,*,#2294,.F.);
#1260=ORIENTED_EDGE('',*,*,#2218,.T.);
#1261=ORIENTED_EDGE('',*,*,#2224,.T.);
#1262=ORIENTED_EDGE('',*,*,#2295,.T.);
#1263=ORIENTED_EDGE('',*,*,#2296,.F.);
#1264=ORIENTED_EDGE('',*,*,#2297,.T.);
#1265=ORIENTED_EDGE('',*,*,#2292,.F.);
#1266=ORIENTED_EDGE('',*,*,#2221,.T.);
#1267=ORIENTED_EDGE('',*,*,#2294,.T.);
#1268=ORIENTED_EDGE('',*,*,#2298,.T.);
#1269=ORIENTED_EDGE('',*,*,#2299,.T.);
#1270=ORIENTED_EDGE('',*,*,#2300,.T.);
#1271=ORIENTED_EDGE('',*,*,#2222,.F.);
#1272=ORIENTED_EDGE('',*,*,#2219,.T.);
#1273=ORIENTED_EDGE('',*,*,#2300,.F.);
#1274=ORIENTED_EDGE('',*,*,#2301,.T.);
#1275=ORIENTED_EDGE('',*,*,#2295,.F.);
#1276=ORIENTED_EDGE('',*,*,#2223,.F.);
#1277=ORIENTED_EDGE('',*,*,#2302,.T.);
#1278=ORIENTED_EDGE('',*,*,#2303,.F.);
#1279=ORIENTED_EDGE('',*,*,#2227,.F.);
#1280=ORIENTED_EDGE('',*,*,#2304,.T.);
#1281=ORIENTED_EDGE('',*,*,#2305,.T.);
#1282=ORIENTED_EDGE('',*,*,#2306,.F.);
#1283=ORIENTED_EDGE('',*,*,#2228,.F.);
#1284=ORIENTED_EDGE('',*,*,#2303,.T.);
#1285=ORIENTED_EDGE('',*,*,#2307,.F.);
#1286=ORIENTED_EDGE('',*,*,#2225,.F.);
#1287=ORIENTED_EDGE('',*,*,#2306,.T.);
#1288=ORIENTED_EDGE('',*,*,#2308,.T.);
#1289=ORIENTED_EDGE('',*,*,#2309,.T.);
#1290=ORIENTED_EDGE('',*,*,#2304,.F.);
#1291=ORIENTED_EDGE('',*,*,#2226,.F.);
#1292=ORIENTED_EDGE('',*,*,#2307,.T.);
#1293=ORIENTED_EDGE('',*,*,#2310,.F.);
#1294=ORIENTED_EDGE('',*,*,#2311,.T.);
#1295=ORIENTED_EDGE('',*,*,#2312,.T.);
#1296=ORIENTED_EDGE('',*,*,#2313,.F.);
#1297=ORIENTED_EDGE('',*,*,#2314,.F.);
#1298=ORIENTED_EDGE('',*,*,#2315,.T.);
#1299=ORIENTED_EDGE('',*,*,#2316,.F.);
#1300=ORIENTED_EDGE('',*,*,#2317,.F.);
#1301=ORIENTED_EDGE('',*,*,#2318,.F.);
#1302=ORIENTED_EDGE('',*,*,#2291,.T.);
#1303=ORIENTED_EDGE('',*,*,#2319,.T.);
#1304=ORIENTED_EDGE('',*,*,#2320,.T.);
#1305=ORIENTED_EDGE('',*,*,#2321,.T.);
#1306=ORIENTED_EDGE('',*,*,#2288,.T.);
#1307=ORIENTED_EDGE('',*,*,#2318,.T.);
#1308=ORIENTED_EDGE('',*,*,#2322,.F.);
#1309=ORIENTED_EDGE('',*,*,#2323,.T.);
#1310=ORIENTED_EDGE('',*,*,#2240,.F.);
#1311=ORIENTED_EDGE('',*,*,#2324,.T.);
#1312=ORIENTED_EDGE('',*,*,#2241,.F.);
#1313=ORIENTED_EDGE('',*,*,#2323,.F.);
#1314=ORIENTED_EDGE('',*,*,#2325,.F.);
#1315=ORIENTED_EDGE('',*,*,#2326,.F.);
#1316=ORIENTED_EDGE('',*,*,#2287,.T.);
#1317=ORIENTED_EDGE('',*,*,#2327,.T.);
#1318=ORIENTED_EDGE('',*,*,#2324,.F.);
#1319=ORIENTED_EDGE('',*,*,#2239,.F.);
#1320=ORIENTED_EDGE('',*,*,#2326,.T.);
#1321=ORIENTED_EDGE('',*,*,#2328,.F.);
#1322=ORIENTED_EDGE('',*,*,#2329,.F.);
#1323=ORIENTED_EDGE('',*,*,#2245,.F.);
#1324=ORIENTED_EDGE('',*,*,#2236,.T.);
#1325=ORIENTED_EDGE('',*,*,#2234,.T.);
#1326=ORIENTED_EDGE('',*,*,#2232,.T.);
#1327=ORIENTED_EDGE('',*,*,#2231,.F.);
#1328=ORIENTED_EDGE('',*,*,#2329,.T.);
#1329=ORIENTED_EDGE('',*,*,#2330,.F.);
#1330=ORIENTED_EDGE('',*,*,#2331,.F.);
#1331=ORIENTED_EDGE('',*,*,#2246,.T.);
#1332=ORIENTED_EDGE('',*,*,#2332,.F.);
#1333=ORIENTED_EDGE('',*,*,#2333,.F.);
#1334=ORIENTED_EDGE('',*,*,#2247,.T.);
#1335=ORIENTED_EDGE('',*,*,#2331,.T.);
#1336=ORIENTED_EDGE('',*,*,#2334,.T.);
#1337=ORIENTED_EDGE('',*,*,#2248,.F.);
#1338=ORIENTED_EDGE('',*,*,#2333,.T.);
#1339=ORIENTED_EDGE('',*,*,#2335,.T.);
#1340=ORIENTED_EDGE('',*,*,#2334,.F.);
#1341=ORIENTED_EDGE('',*,*,#2336,.F.);
#1342=ORIENTED_EDGE('',*,*,#2337,.T.);
#1343=ORIENTED_EDGE('',*,*,#2249,.T.);
#1344=ORIENTED_EDGE('',*,*,#2337,.F.);
#1345=ORIENTED_EDGE('',*,*,#2338,.F.);
#1346=ORIENTED_EDGE('',*,*,#2339,.F.);
#1347=ORIENTED_EDGE('',*,*,#2250,.F.);
#1348=ORIENTED_EDGE('',*,*,#2340,.F.);
#1349=ORIENTED_EDGE('',*,*,#2253,.F.);
#1350=ORIENTED_EDGE('',*,*,#2251,.T.);
#1351=ORIENTED_EDGE('',*,*,#2339,.T.);
#1352=ORIENTED_EDGE('',*,*,#2341,.T.);
#1353=ORIENTED_EDGE('',*,*,#2342,.T.);
#1354=ORIENTED_EDGE('',*,*,#2254,.T.);
#1355=ORIENTED_EDGE('',*,*,#2340,.T.);
#1356=ORIENTED_EDGE('',*,*,#2343,.F.);
#1357=ORIENTED_EDGE('',*,*,#2342,.F.);
#1358=ORIENTED_EDGE('',*,*,#2344,.T.);
#1359=ORIENTED_EDGE('',*,*,#2345,.F.);
#1360=ORIENTED_EDGE('',*,*,#2346,.F.);
#1361=ORIENTED_EDGE('',*,*,#2255,.F.);
#1362=ORIENTED_EDGE('',*,*,#2257,.T.);
#1363=ORIENTED_EDGE('',*,*,#2256,.F.);
#1364=ORIENTED_EDGE('',*,*,#2346,.T.);
#1365=ORIENTED_EDGE('',*,*,#2347,.F.);
#1366=ORIENTED_EDGE('',*,*,#2348,.F.);
#1367=ORIENTED_EDGE('',*,*,#2349,.T.);
#1368=ORIENTED_EDGE('',*,*,#2350,.T.);
#1369=ORIENTED_EDGE('',*,*,#2266,.T.);
#1370=ORIENTED_EDGE('',*,*,#2264,.T.);
#1371=ORIENTED_EDGE('',*,*,#2262,.T.);
#1372=ORIENTED_EDGE('',*,*,#2260,.F.);
#1373=ORIENTED_EDGE('',*,*,#2258,.F.);
#1374=ORIENTED_EDGE('',*,*,#2348,.T.);
#1375=ORIENTED_EDGE('',*,*,#2351,.T.);
#1376=ORIENTED_EDGE('',*,*,#2269,.F.);
#1377=ORIENTED_EDGE('',*,*,#2267,.F.);
#1378=ORIENTED_EDGE('',*,*,#2350,.F.);
#1379=ORIENTED_EDGE('',*,*,#2352,.F.);
#1380=ORIENTED_EDGE('',*,*,#2353,.F.);
#1381=ORIENTED_EDGE('',*,*,#2271,.F.);
#1382=ORIENTED_EDGE('',*,*,#2351,.F.);
#1383=ORIENTED_EDGE('',*,*,#2354,.F.);
#1384=ORIENTED_EDGE('',*,*,#2272,.F.);
#1385=ORIENTED_EDGE('',*,*,#2353,.T.);
#1386=ORIENTED_EDGE('',*,*,#2355,.F.);
#1387=ORIENTED_EDGE('',*,*,#2356,.F.);
#1388=ORIENTED_EDGE('',*,*,#2275,.T.);
#1389=ORIENTED_EDGE('',*,*,#2356,.T.);
#1390=ORIENTED_EDGE('',*,*,#2357,.T.);
#1391=ORIENTED_EDGE('',*,*,#2358,.F.);
#1392=ORIENTED_EDGE('',*,*,#2278,.F.);
#1393=ORIENTED_EDGE('',*,*,#2276,.F.);
#1394=ORIENTED_EDGE('',*,*,#2274,.T.);
#1395=ORIENTED_EDGE('',*,*,#2359,.F.);
#1396=ORIENTED_EDGE('',*,*,#2277,.F.);
#1397=ORIENTED_EDGE('',*,*,#2360,.F.);
#1398=ORIENTED_EDGE('',*,*,#2361,.T.);
#1399=ORIENTED_EDGE('',*,*,#2362,.F.);
#1400=ORIENTED_EDGE('',*,*,#2363,.F.);
#1401=ORIENTED_EDGE('',*,*,#2364,.T.);
#1402=ORIENTED_EDGE('',*,*,#2283,.T.);
#1403=ORIENTED_EDGE('',*,*,#2281,.T.);
#1404=ORIENTED_EDGE('',*,*,#2279,.T.);
#1405=ORIENTED_EDGE('',*,*,#2358,.T.);
#1406=ORIENTED_EDGE('',*,*,#2365,.T.);
#1407=ORIENTED_EDGE('',*,*,#2366,.F.);
#1408=ORIENTED_EDGE('',*,*,#2367,.F.);
#1409=ORIENTED_EDGE('',*,*,#2289,.T.);
#1410=ORIENTED_EDGE('',*,*,#2321,.F.);
#1411=ORIENTED_EDGE('',*,*,#2327,.F.);
#1412=ORIENTED_EDGE('',*,*,#2286,.F.);
#1413=ORIENTED_EDGE('',*,*,#2284,.F.);
#1414=ORIENTED_EDGE('',*,*,#2364,.F.);
#1415=ORIENTED_EDGE('',*,*,#2368,.F.);
#1416=ORIENTED_EDGE('',*,*,#2369,.F.);
#1417=ORIENTED_EDGE('',*,*,#2319,.F.);
#1418=ORIENTED_EDGE('',*,*,#2290,.T.);
#1419=ORIENTED_EDGE('',*,*,#2367,.T.);
#1420=ORIENTED_EDGE('',*,*,#2370,.T.);
#1421=ORIENTED_EDGE('',*,*,#2371,.T.);
#1422=ORIENTED_EDGE('',*,*,#2372,.T.);
#1423=ORIENTED_EDGE('',*,*,#2314,.T.);
#1424=ORIENTED_EDGE('',*,*,#2373,.T.);
#1425=ORIENTED_EDGE('',*,*,#2374,.F.);
#1426=ORIENTED_EDGE('',*,*,#2375,.T.);
#1427=ORIENTED_EDGE('',*,*,#2376,.F.);
#1428=ORIENTED_EDGE('',*,*,#2377,.T.);
#1429=ORIENTED_EDGE('',*,*,#2376,.T.);
#1430=ORIENTED_EDGE('',*,*,#2378,.T.);
#1431=ORIENTED_EDGE('',*,*,#2379,.T.);
#1432=ORIENTED_EDGE('',*,*,#2371,.F.);
#1433=ORIENTED_EDGE('',*,*,#2380,.F.);
#1434=ORIENTED_EDGE('',*,*,#2372,.F.);
#1435=ORIENTED_EDGE('',*,*,#2379,.F.);
#1436=ORIENTED_EDGE('',*,*,#2381,.T.);
#1437=ORIENTED_EDGE('',*,*,#2315,.F.);
#1438=ORIENTED_EDGE('',*,*,#2316,.T.);
#1439=ORIENTED_EDGE('',*,*,#2382,.T.);
#1440=ORIENTED_EDGE('',*,*,#2383,.T.);
#1441=ORIENTED_EDGE('',*,*,#2384,.F.);
#1442=ORIENTED_EDGE('',*,*,#2385,.F.);
#1443=ORIENTED_EDGE('',*,*,#2386,.T.);
#1444=ORIENTED_EDGE('',*,*,#2310,.T.);
#1445=ORIENTED_EDGE('',*,*,#2387,.F.);
#1446=ORIENTED_EDGE('',*,*,#2388,.T.);
#1447=ORIENTED_EDGE('',*,*,#2389,.T.);
#1448=ORIENTED_EDGE('',*,*,#2298,.F.);
#1449=ORIENTED_EDGE('',*,*,#2293,.F.);
#1450=ORIENTED_EDGE('',*,*,#2297,.F.);
#1451=ORIENTED_EDGE('',*,*,#2390,.T.);
#1452=ORIENTED_EDGE('',*,*,#2301,.F.);
#1453=ORIENTED_EDGE('',*,*,#2299,.F.);
#1454=ORIENTED_EDGE('',*,*,#2389,.F.);
#1455=ORIENTED_EDGE('',*,*,#2391,.F.);
#1456=ORIENTED_EDGE('',*,*,#2392,.F.);
#1457=ORIENTED_EDGE('',*,*,#2311,.F.);
#1458=ORIENTED_EDGE('',*,*,#2386,.F.);
#1459=ORIENTED_EDGE('',*,*,#2393,.F.);
#1460=ORIENTED_EDGE('',*,*,#2390,.F.);
#1461=ORIENTED_EDGE('',*,*,#2296,.T.);
#1462=ORIENTED_EDGE('',*,*,#2312,.F.);
#1463=ORIENTED_EDGE('',*,*,#2392,.T.);
#1464=ORIENTED_EDGE('',*,*,#2394,.F.);
#1465=ORIENTED_EDGE('',*,*,#2395,.F.);
#1466=ORIENTED_EDGE('',*,*,#2396,.F.);
#1467=ORIENTED_EDGE('',*,*,#2397,.T.);
#1468=ORIENTED_EDGE('',*,*,#2398,.F.);
#1469=ORIENTED_EDGE('',*,*,#2399,.T.);
#1470=ORIENTED_EDGE('',*,*,#2397,.F.);
#1471=ORIENTED_EDGE('',*,*,#2400,.T.);
#1472=ORIENTED_EDGE('',*,*,#2401,.F.);
#1473=ORIENTED_EDGE('',*,*,#2402,.T.);
#1474=ORIENTED_EDGE('',*,*,#2403,.F.);
#1475=ORIENTED_EDGE('',*,*,#2404,.F.);
#1476=ORIENTED_EDGE('',*,*,#2401,.T.);
#1477=ORIENTED_EDGE('',*,*,#2405,.T.);
#1478=ORIENTED_EDGE('',*,*,#2406,.F.);
#1479=ORIENTED_EDGE('',*,*,#2407,.F.);
#1480=ORIENTED_EDGE('',*,*,#2408,.F.);
#1481=ORIENTED_EDGE('',*,*,#2383,.F.);
#1482=ORIENTED_EDGE('',*,*,#2409,.T.);
#1483=ORIENTED_EDGE('',*,*,#2410,.F.);
#1484=ORIENTED_EDGE('',*,*,#2399,.F.);
#1485=ORIENTED_EDGE('',*,*,#2411,.F.);
#1486=ORIENTED_EDGE('',*,*,#2412,.T.);
#1487=ORIENTED_EDGE('',*,*,#2413,.T.);
#1488=ORIENTED_EDGE('',*,*,#2414,.F.);
#1489=ORIENTED_EDGE('',*,*,#2415,.T.);
#1490=ORIENTED_EDGE('',*,*,#2416,.F.);
#1491=ORIENTED_EDGE('',*,*,#2415,.F.);
#1492=ORIENTED_EDGE('',*,*,#2417,.F.);
#1493=ORIENTED_EDGE('',*,*,#2418,.F.);
#1494=ORIENTED_EDGE('',*,*,#2419,.F.);
#1495=ORIENTED_EDGE('',*,*,#2344,.F.);
#1496=ORIENTED_EDGE('',*,*,#2343,.T.);
#1497=ORIENTED_EDGE('',*,*,#2341,.F.);
#1498=ORIENTED_EDGE('',*,*,#2338,.T.);
#1499=ORIENTED_EDGE('',*,*,#2336,.T.);
#1500=ORIENTED_EDGE('',*,*,#2335,.F.);
#1501=ORIENTED_EDGE('',*,*,#2332,.T.);
#1502=ORIENTED_EDGE('',*,*,#2330,.T.);
#1503=ORIENTED_EDGE('',*,*,#2328,.T.);
#1504=ORIENTED_EDGE('',*,*,#2325,.T.);
#1505=ORIENTED_EDGE('',*,*,#2322,.T.);
#1506=ORIENTED_EDGE('',*,*,#2320,.F.);
#1507=ORIENTED_EDGE('',*,*,#2373,.F.);
#1508=ORIENTED_EDGE('',*,*,#2317,.T.);
#1509=ORIENTED_EDGE('',*,*,#2384,.T.);
#1510=ORIENTED_EDGE('',*,*,#2412,.F.);
#1511=ORIENTED_EDGE('',*,*,#2420,.F.);
#1512=ORIENTED_EDGE('',*,*,#2421,.F.);
#1513=ORIENTED_EDGE('',*,*,#2422,.F.);
#1514=ORIENTED_EDGE('',*,*,#2387,.T.);
#1515=ORIENTED_EDGE('',*,*,#2313,.T.);
#1516=ORIENTED_EDGE('',*,*,#2395,.T.);
#1517=ORIENTED_EDGE('',*,*,#2423,.F.);
#1518=ORIENTED_EDGE('',*,*,#2424,.F.);
#1519=ORIENTED_EDGE('',*,*,#2425,.F.);
#1520=ORIENTED_EDGE('',*,*,#2426,.F.);
#1521=ORIENTED_EDGE('',*,*,#2418,.T.);
#1522=ORIENTED_EDGE('',*,*,#2427,.F.);
#1523=ORIENTED_EDGE('',*,*,#2428,.F.);
#1524=ORIENTED_EDGE('',*,*,#2429,.F.);
#1525=ORIENTED_EDGE('',*,*,#2309,.F.);
#1526=ORIENTED_EDGE('',*,*,#2308,.F.);
#1527=ORIENTED_EDGE('',*,*,#2305,.F.);
#1528=ORIENTED_EDGE('',*,*,#2302,.F.);
#1529=ORIENTED_EDGE('',*,*,#2430,.F.);
#1530=ORIENTED_EDGE('',*,*,#2428,.T.);
#1531=ORIENTED_EDGE('',*,*,#2431,.F.);
#1532=ORIENTED_EDGE('',*,*,#2432,.F.);
#1533=ORIENTED_EDGE('',*,*,#2433,.F.);
#1534=ORIENTED_EDGE('',*,*,#2432,.T.);
#1535=ORIENTED_EDGE('',*,*,#2434,.F.);
#1536=ORIENTED_EDGE('',*,*,#2435,.T.);
#1537=ORIENTED_EDGE('',*,*,#2436,.T.);
#1538=ORIENTED_EDGE('',*,*,#2437,.T.);
#1539=ORIENTED_EDGE('',*,*,#2435,.F.);
#1540=ORIENTED_EDGE('',*,*,#2354,.T.);
#1541=ORIENTED_EDGE('',*,*,#2352,.T.);
#1542=ORIENTED_EDGE('',*,*,#2349,.F.);
#1543=ORIENTED_EDGE('',*,*,#2347,.T.);
#1544=ORIENTED_EDGE('',*,*,#2345,.T.);
#1545=ORIENTED_EDGE('',*,*,#2429,.T.);
#1546=ORIENTED_EDGE('',*,*,#2430,.T.);
#1547=ORIENTED_EDGE('',*,*,#2433,.T.);
#1548=ORIENTED_EDGE('',*,*,#2437,.F.);
#1549=ORIENTED_EDGE('',*,*,#2438,.F.);
#1550=ORIENTED_EDGE('',*,*,#2439,.T.);
#1551=ORIENTED_EDGE('',*,*,#2440,.F.);
#1552=ORIENTED_EDGE('',*,*,#2439,.F.);
#1553=ORIENTED_EDGE('',*,*,#2441,.T.);
#1554=ORIENTED_EDGE('',*,*,#2442,.T.);
#1555=ORIENTED_EDGE('',*,*,#2443,.F.);
#1556=ORIENTED_EDGE('',*,*,#2355,.T.);
#1557=ORIENTED_EDGE('',*,*,#2440,.T.);
#1558=ORIENTED_EDGE('',*,*,#2442,.F.);
#1559=ORIENTED_EDGE('',*,*,#2357,.F.);
#1560=ORIENTED_EDGE('',*,*,#2444,.F.);
#1561=ORIENTED_EDGE('',*,*,#2445,.T.);
#1562=ORIENTED_EDGE('',*,*,#2365,.F.);
#1563=ORIENTED_EDGE('',*,*,#2446,.T.);
#1564=ORIENTED_EDGE('',*,*,#2447,.F.);
#1565=ORIENTED_EDGE('',*,*,#2445,.F.);
#1566=ORIENTED_EDGE('',*,*,#2448,.F.);
#1567=ORIENTED_EDGE('',*,*,#2407,.T.);
#1568=ORIENTED_EDGE('',*,*,#2449,.F.);
#1569=ORIENTED_EDGE('',*,*,#2450,.F.);
#1570=ORIENTED_EDGE('',*,*,#2451,.F.);
#1571=ORIENTED_EDGE('',*,*,#2366,.T.);
#1572=ORIENTED_EDGE('',*,*,#2447,.T.);
#1573=ORIENTED_EDGE('',*,*,#2452,.T.);
#1574=ORIENTED_EDGE('',*,*,#2453,.T.);
#1575=ORIENTED_EDGE('',*,*,#2454,.T.);
#1576=ORIENTED_EDGE('',*,*,#2455,.F.);
#1577=ORIENTED_EDGE('',*,*,#2456,.F.);
#1578=ORIENTED_EDGE('',*,*,#2457,.F.);
#1579=ORIENTED_EDGE('',*,*,#2360,.T.);
#1580=ORIENTED_EDGE('',*,*,#2456,.T.);
#1581=ORIENTED_EDGE('',*,*,#2458,.F.);
#1582=ORIENTED_EDGE('',*,*,#2359,.T.);
#1583=ORIENTED_EDGE('',*,*,#2459,.T.);
#1584=ORIENTED_EDGE('',*,*,#2361,.F.);
#1585=ORIENTED_EDGE('',*,*,#2457,.T.);
#1586=ORIENTED_EDGE('',*,*,#2460,.F.);
#1587=ORIENTED_EDGE('',*,*,#2459,.F.);
#1588=ORIENTED_EDGE('',*,*,#2461,.F.);
#1589=ORIENTED_EDGE('',*,*,#2462,.F.);
#1590=ORIENTED_EDGE('',*,*,#2362,.T.);
#1591=ORIENTED_EDGE('',*,*,#2463,.F.);
#1592=ORIENTED_EDGE('',*,*,#2464,.F.);
#1593=ORIENTED_EDGE('',*,*,#2368,.T.);
#1594=ORIENTED_EDGE('',*,*,#2363,.T.);
#1595=ORIENTED_EDGE('',*,*,#2462,.T.);
#1596=ORIENTED_EDGE('',*,*,#2465,.F.);
#1597=ORIENTED_EDGE('',*,*,#2464,.T.);
#1598=ORIENTED_EDGE('',*,*,#2463,.T.);
#1599=ORIENTED_EDGE('',*,*,#2466,.F.);
#1600=ORIENTED_EDGE('',*,*,#2467,.T.);
#1601=ORIENTED_EDGE('',*,*,#2377,.F.);
#1602=ORIENTED_EDGE('',*,*,#2380,.T.);
#1603=ORIENTED_EDGE('',*,*,#2370,.F.);
#1604=ORIENTED_EDGE('',*,*,#2369,.T.);
#1605=ORIENTED_EDGE('',*,*,#2468,.F.);
#1606=ORIENTED_EDGE('',*,*,#2469,.T.);
#1607=ORIENTED_EDGE('',*,*,#2374,.T.);
#1608=ORIENTED_EDGE('',*,*,#2467,.F.);
#1609=ORIENTED_EDGE('',*,*,#2470,.T.);
#1610=ORIENTED_EDGE('',*,*,#2382,.F.);
#1611=ORIENTED_EDGE('',*,*,#2381,.F.);
#1612=ORIENTED_EDGE('',*,*,#2378,.F.);
#1613=ORIENTED_EDGE('',*,*,#2375,.F.);
#1614=ORIENTED_EDGE('',*,*,#2469,.F.);
#1615=ORIENTED_EDGE('',*,*,#2471,.F.);
#1616=ORIENTED_EDGE('',*,*,#2450,.T.);
#1617=ORIENTED_EDGE('',*,*,#2409,.F.);
#1618=ORIENTED_EDGE('',*,*,#2470,.F.);
#1619=ORIENTED_EDGE('',*,*,#2472,.F.);
#1620=ORIENTED_EDGE('',*,*,#2420,.T.);
#1621=ORIENTED_EDGE('',*,*,#2411,.T.);
#1622=ORIENTED_EDGE('',*,*,#2398,.T.);
#1623=ORIENTED_EDGE('',*,*,#2402,.F.);
#1624=ORIENTED_EDGE('',*,*,#2404,.T.);
#1625=ORIENTED_EDGE('',*,*,#2473,.F.);
#1626=ORIENTED_EDGE('',*,*,#2474,.T.);
#1627=ORIENTED_EDGE('',*,*,#2475,.F.);
#1628=ORIENTED_EDGE('',*,*,#2476,.T.);
#1629=ORIENTED_EDGE('',*,*,#2421,.T.);
#1630=ORIENTED_EDGE('',*,*,#2475,.T.);
#1631=ORIENTED_EDGE('',*,*,#2477,.F.);
#1632=ORIENTED_EDGE('',*,*,#2478,.F.);
#1633=ORIENTED_EDGE('',*,*,#2479,.F.);
#1634=ORIENTED_EDGE('',*,*,#2423,.T.);
#1635=ORIENTED_EDGE('',*,*,#2394,.T.);
#1636=ORIENTED_EDGE('',*,*,#2391,.T.);
#1637=ORIENTED_EDGE('',*,*,#2388,.F.);
#1638=ORIENTED_EDGE('',*,*,#2393,.T.);
#1639=ORIENTED_EDGE('',*,*,#2385,.T.);
#1640=ORIENTED_EDGE('',*,*,#2422,.T.);
#1641=ORIENTED_EDGE('',*,*,#2476,.F.);
#1642=ORIENTED_EDGE('',*,*,#2480,.F.);
#1643=ORIENTED_EDGE('',*,*,#2481,.F.);
#1644=ORIENTED_EDGE('',*,*,#2424,.T.);
#1645=ORIENTED_EDGE('',*,*,#2479,.T.);
#1646=ORIENTED_EDGE('',*,*,#2482,.F.);
#1647=ORIENTED_EDGE('',*,*,#2483,.F.);
#1648=ORIENTED_EDGE('',*,*,#2425,.T.);
#1649=ORIENTED_EDGE('',*,*,#2481,.T.);
#1650=ORIENTED_EDGE('',*,*,#2484,.T.);
#1651=ORIENTED_EDGE('',*,*,#2416,.T.);
#1652=ORIENTED_EDGE('',*,*,#2419,.T.);
#1653=ORIENTED_EDGE('',*,*,#2426,.T.);
#1654=ORIENTED_EDGE('',*,*,#2483,.T.);
#1655=ORIENTED_EDGE('',*,*,#2485,.F.);
#1656=ORIENTED_EDGE('',*,*,#2486,.F.);
#1657=ORIENTED_EDGE('',*,*,#2408,.T.);
#1658=ORIENTED_EDGE('',*,*,#2487,.F.);
#1659=ORIENTED_EDGE('',*,*,#2488,.F.);
#1660=ORIENTED_EDGE('',*,*,#2489,.T.);
#1661=ORIENTED_EDGE('',*,*,#2490,.F.);
#1662=ORIENTED_EDGE('',*,*,#2405,.F.);
#1663=ORIENTED_EDGE('',*,*,#2491,.F.);
#1664=ORIENTED_EDGE('',*,*,#2410,.T.);
#1665=ORIENTED_EDGE('',*,*,#2449,.T.);
#1666=ORIENTED_EDGE('',*,*,#2406,.T.);
#1667=ORIENTED_EDGE('',*,*,#2490,.T.);
#1668=ORIENTED_EDGE('',*,*,#2492,.T.);
#1669=ORIENTED_EDGE('',*,*,#2493,.T.);
#1670=ORIENTED_EDGE('',*,*,#2473,.T.);
#1671=ORIENTED_EDGE('',*,*,#2403,.T.);
#1672=ORIENTED_EDGE('',*,*,#2400,.F.);
#1673=ORIENTED_EDGE('',*,*,#2396,.T.);
#1674=ORIENTED_EDGE('',*,*,#2494,.F.);
#1675=ORIENTED_EDGE('',*,*,#2495,.F.);
#1676=ORIENTED_EDGE('',*,*,#2413,.F.);
#1677=ORIENTED_EDGE('',*,*,#2484,.F.);
#1678=ORIENTED_EDGE('',*,*,#2496,.F.);
#1679=ORIENTED_EDGE('',*,*,#2448,.T.);
#1680=ORIENTED_EDGE('',*,*,#2444,.T.);
#1681=ORIENTED_EDGE('',*,*,#2443,.T.);
#1682=ORIENTED_EDGE('',*,*,#2441,.F.);
#1683=ORIENTED_EDGE('',*,*,#2438,.T.);
#1684=ORIENTED_EDGE('',*,*,#2436,.F.);
#1685=ORIENTED_EDGE('',*,*,#2434,.T.);
#1686=ORIENTED_EDGE('',*,*,#2431,.T.);
#1687=ORIENTED_EDGE('',*,*,#2427,.T.);
#1688=ORIENTED_EDGE('',*,*,#2417,.T.);
#1689=ORIENTED_EDGE('',*,*,#2414,.T.);
#1690=ORIENTED_EDGE('',*,*,#2495,.T.);
#1691=ORIENTED_EDGE('',*,*,#2497,.F.);
#1692=ORIENTED_EDGE('',*,*,#2453,.F.);
#1693=ORIENTED_EDGE('',*,*,#2452,.F.);
#1694=ORIENTED_EDGE('',*,*,#2446,.F.);
#1695=ORIENTED_EDGE('',*,*,#2498,.F.);
#1696=ORIENTED_EDGE('',*,*,#2499,.T.);
#1697=ORIENTED_EDGE('',*,*,#2500,.F.);
#1698=ORIENTED_EDGE('',*,*,#2454,.F.);
#1699=ORIENTED_EDGE('',*,*,#2499,.F.);
#1700=ORIENTED_EDGE('',*,*,#2501,.F.);
#1701=ORIENTED_EDGE('',*,*,#2502,.T.);
#1702=ORIENTED_EDGE('',*,*,#2503,.F.);
#1703=ORIENTED_EDGE('',*,*,#2504,.T.);
#1704=ORIENTED_EDGE('',*,*,#2505,.F.);
#1705=ORIENTED_EDGE('',*,*,#2502,.F.);
#1706=ORIENTED_EDGE('',*,*,#2506,.F.);
#1707=ORIENTED_EDGE('',*,*,#2472,.T.);
#1708=ORIENTED_EDGE('',*,*,#2471,.T.);
#1709=ORIENTED_EDGE('',*,*,#2468,.T.);
#1710=ORIENTED_EDGE('',*,*,#2466,.T.);
#1711=ORIENTED_EDGE('',*,*,#2465,.T.);
#1712=ORIENTED_EDGE('',*,*,#2461,.T.);
#1713=ORIENTED_EDGE('',*,*,#2460,.T.);
#1714=ORIENTED_EDGE('',*,*,#2458,.T.);
#1715=ORIENTED_EDGE('',*,*,#2455,.T.);
#1716=ORIENTED_EDGE('',*,*,#2500,.T.);
#1717=ORIENTED_EDGE('',*,*,#2507,.T.);
#1718=ORIENTED_EDGE('',*,*,#2508,.T.);
#1719=ORIENTED_EDGE('',*,*,#2509,.T.);
#1720=ORIENTED_EDGE('',*,*,#2510,.T.);
#1721=ORIENTED_EDGE('',*,*,#2487,.T.);
#1722=ORIENTED_EDGE('',*,*,#2451,.T.);
#1723=ORIENTED_EDGE('',*,*,#2507,.F.);
#1724=ORIENTED_EDGE('',*,*,#2503,.T.);
#1725=ORIENTED_EDGE('',*,*,#2505,.T.);
#1726=ORIENTED_EDGE('',*,*,#2511,.T.);
#1727=ORIENTED_EDGE('',*,*,#2493,.F.);
#1728=ORIENTED_EDGE('',*,*,#2512,.T.);
#1729=ORIENTED_EDGE('',*,*,#2513,.F.);
#1730=ORIENTED_EDGE('',*,*,#2514,.F.);
#1731=ORIENTED_EDGE('',*,*,#2515,.T.);
#1732=ORIENTED_EDGE('',*,*,#2496,.T.);
#1733=ORIENTED_EDGE('',*,*,#2485,.T.);
#1734=ORIENTED_EDGE('',*,*,#2482,.T.);
#1735=ORIENTED_EDGE('',*,*,#2480,.T.);
#1736=ORIENTED_EDGE('',*,*,#2478,.T.);
#1737=ORIENTED_EDGE('',*,*,#2477,.T.);
#1738=ORIENTED_EDGE('',*,*,#2474,.F.);
#1739=ORIENTED_EDGE('',*,*,#2488,.T.);
#1740=ORIENTED_EDGE('',*,*,#2510,.F.);
#1741=ORIENTED_EDGE('',*,*,#2516,.F.);
#1742=ORIENTED_EDGE('',*,*,#2517,.F.);
#1743=ORIENTED_EDGE('',*,*,#2518,.F.);
#1744=ORIENTED_EDGE('',*,*,#2491,.T.);
#1745=ORIENTED_EDGE('',*,*,#2486,.T.);
#1746=ORIENTED_EDGE('',*,*,#2519,.F.);
#1747=ORIENTED_EDGE('',*,*,#2520,.F.);
#1748=ORIENTED_EDGE('',*,*,#2492,.F.);
#1749=ORIENTED_EDGE('',*,*,#2489,.F.);
#1750=ORIENTED_EDGE('',*,*,#2521,.F.);
#1751=ORIENTED_EDGE('',*,*,#2512,.F.);
#1752=ORIENTED_EDGE('',*,*,#2520,.T.);
#1753=ORIENTED_EDGE('',*,*,#2522,.F.);
#1754=ORIENTED_EDGE('',*,*,#2523,.F.);
#1755=ORIENTED_EDGE('',*,*,#2524,.F.);
#1756=ORIENTED_EDGE('',*,*,#2525,.F.);
#1757=ORIENTED_EDGE('',*,*,#2526,.T.);
#1758=ORIENTED_EDGE('',*,*,#2524,.T.);
#1759=ORIENTED_EDGE('',*,*,#2527,.F.);
#1760=ORIENTED_EDGE('',*,*,#2528,.T.);
#1761=ORIENTED_EDGE('',*,*,#2529,.T.);
#1762=ORIENTED_EDGE('',*,*,#2529,.F.);
#1763=ORIENTED_EDGE('',*,*,#2530,.T.);
#1764=ORIENTED_EDGE('',*,*,#2531,.T.);
#1765=ORIENTED_EDGE('',*,*,#2532,.T.);
#1766=ORIENTED_EDGE('',*,*,#2533,.T.);
#1767=ORIENTED_EDGE('',*,*,#2516,.T.);
#1768=ORIENTED_EDGE('',*,*,#2509,.F.);
#1769=ORIENTED_EDGE('',*,*,#2534,.F.);
#1770=ORIENTED_EDGE('',*,*,#2535,.F.);
#1771=ORIENTED_EDGE('',*,*,#2536,.F.);
#1772=ORIENTED_EDGE('',*,*,#2537,.T.);
#1773=ORIENTED_EDGE('',*,*,#2538,.T.);
#1774=ORIENTED_EDGE('',*,*,#2539,.T.);
#1775=ORIENTED_EDGE('',*,*,#2540,.T.);
#1776=ORIENTED_EDGE('',*,*,#2506,.T.);
#1777=ORIENTED_EDGE('',*,*,#2501,.T.);
#1778=ORIENTED_EDGE('',*,*,#2498,.T.);
#1779=ORIENTED_EDGE('',*,*,#2497,.T.);
#1780=ORIENTED_EDGE('',*,*,#2494,.T.);
#1781=ORIENTED_EDGE('',*,*,#2515,.F.);
#1782=ORIENTED_EDGE('',*,*,#2541,.T.);
#1783=ORIENTED_EDGE('',*,*,#2542,.F.);
#1784=ORIENTED_EDGE('',*,*,#2543,.F.);
#1785=ORIENTED_EDGE('',*,*,#2539,.F.);
#1786=ORIENTED_EDGE('',*,*,#2544,.F.);
#1787=ORIENTED_EDGE('',*,*,#2545,.F.);
#1788=ORIENTED_EDGE('',*,*,#2504,.F.);
#1789=ORIENTED_EDGE('',*,*,#2540,.F.);
#1790=ORIENTED_EDGE('',*,*,#2543,.T.);
#1791=ORIENTED_EDGE('',*,*,#2511,.F.);
#1792=ORIENTED_EDGE('',*,*,#2545,.T.);
#1793=ORIENTED_EDGE('',*,*,#2546,.F.);
#1794=ORIENTED_EDGE('',*,*,#2534,.T.);
#1795=ORIENTED_EDGE('',*,*,#2508,.F.);
#1796=ORIENTED_EDGE('',*,*,#2547,.T.);
#1797=ORIENTED_EDGE('',*,*,#2548,.T.);
#1798=ORIENTED_EDGE('',*,*,#2536,.T.);
#1799=ORIENTED_EDGE('',*,*,#2514,.T.);
#1800=ORIENTED_EDGE('',*,*,#2549,.T.);
#1801=ORIENTED_EDGE('',*,*,#2548,.F.);
#1802=ORIENTED_EDGE('',*,*,#2550,.F.);
#1803=ORIENTED_EDGE('',*,*,#2551,.T.);
#1804=ORIENTED_EDGE('',*,*,#2537,.F.);
#1805=ORIENTED_EDGE('',*,*,#2552,.T.);
#1806=ORIENTED_EDGE('',*,*,#2553,.T.);
#1807=ORIENTED_EDGE('',*,*,#2554,.T.);
#1808=ORIENTED_EDGE('',*,*,#2549,.F.);
#1809=ORIENTED_EDGE('',*,*,#2513,.T.);
#1810=ORIENTED_EDGE('',*,*,#2525,.T.);
#1811=ORIENTED_EDGE('',*,*,#2526,.F.);
#1812=ORIENTED_EDGE('',*,*,#2533,.F.);
#1813=ORIENTED_EDGE('',*,*,#2519,.T.);
#1814=ORIENTED_EDGE('',*,*,#2517,.T.);
#1815=ORIENTED_EDGE('',*,*,#2555,.F.);
#1816=ORIENTED_EDGE('',*,*,#2556,.F.);
#1817=ORIENTED_EDGE('',*,*,#2522,.T.);
#1818=ORIENTED_EDGE('',*,*,#2521,.T.);
#1819=ORIENTED_EDGE('',*,*,#2518,.T.);
#1820=ORIENTED_EDGE('',*,*,#2557,.F.);
#1821=ORIENTED_EDGE('',*,*,#2558,.F.);
#1822=ORIENTED_EDGE('',*,*,#2528,.F.);
#1823=ORIENTED_EDGE('',*,*,#2527,.T.);
#1824=ORIENTED_EDGE('',*,*,#2523,.T.);
#1825=ORIENTED_EDGE('',*,*,#2559,.F.);
#1826=ORIENTED_EDGE('',*,*,#2560,.F.);
#1827=ORIENTED_EDGE('',*,*,#2561,.F.);
#1828=ORIENTED_EDGE('',*,*,#2531,.F.);
#1829=ORIENTED_EDGE('',*,*,#2530,.F.);
#1830=ORIENTED_EDGE('',*,*,#2561,.T.);
#1831=ORIENTED_EDGE('',*,*,#2562,.F.);
#1832=ORIENTED_EDGE('',*,*,#2563,.T.);
#1833=ORIENTED_EDGE('',*,*,#2564,.F.);
#1834=ORIENTED_EDGE('',*,*,#2565,.T.);
#1835=ORIENTED_EDGE('',*,*,#2552,.F.);
#1836=ORIENTED_EDGE('',*,*,#2532,.F.);
#1837=ORIENTED_EDGE('',*,*,#2563,.F.);
#1838=ORIENTED_EDGE('',*,*,#2555,.T.);
#1839=ORIENTED_EDGE('',*,*,#2535,.T.);
#1840=ORIENTED_EDGE('',*,*,#2566,.F.);
#1841=ORIENTED_EDGE('',*,*,#2567,.F.);
#1842=ORIENTED_EDGE('',*,*,#2568,.F.);
#1843=ORIENTED_EDGE('',*,*,#2569,.T.);
#1844=ORIENTED_EDGE('',*,*,#2564,.T.);
#1845=ORIENTED_EDGE('',*,*,#2562,.T.);
#1846=ORIENTED_EDGE('',*,*,#2560,.T.);
#1847=ORIENTED_EDGE('',*,*,#2559,.T.);
#1848=ORIENTED_EDGE('',*,*,#2558,.T.);
#1849=ORIENTED_EDGE('',*,*,#2557,.T.);
#1850=ORIENTED_EDGE('',*,*,#2556,.T.);
#1851=ORIENTED_EDGE('',*,*,#2538,.F.);
#1852=ORIENTED_EDGE('',*,*,#2570,.T.);
#1853=ORIENTED_EDGE('',*,*,#2571,.F.);
#1854=ORIENTED_EDGE('',*,*,#2541,.F.);
#1855=ORIENTED_EDGE('',*,*,#2546,.T.);
#1856=ORIENTED_EDGE('',*,*,#2544,.T.);
#1857=ORIENTED_EDGE('',*,*,#2542,.T.);
#1858=ORIENTED_EDGE('',*,*,#2572,.F.);
#1859=ORIENTED_EDGE('',*,*,#2566,.T.);
#1860=ORIENTED_EDGE('',*,*,#2565,.F.);
#1861=ORIENTED_EDGE('',*,*,#2569,.F.);
#1862=ORIENTED_EDGE('',*,*,#2573,.F.);
#1863=ORIENTED_EDGE('',*,*,#2574,.F.);
#1864=ORIENTED_EDGE('',*,*,#2553,.F.);
#1865=ORIENTED_EDGE('',*,*,#2575,.T.);
#1866=ORIENTED_EDGE('',*,*,#2550,.T.);
#1867=ORIENTED_EDGE('',*,*,#2547,.F.);
#1868=ORIENTED_EDGE('',*,*,#2554,.F.);
#1869=ORIENTED_EDGE('',*,*,#2574,.T.);
#1870=ORIENTED_EDGE('',*,*,#2576,.T.);
#1871=ORIENTED_EDGE('',*,*,#2577,.T.);
#1872=ORIENTED_EDGE('',*,*,#2570,.F.);
#1873=ORIENTED_EDGE('',*,*,#2551,.F.);
#1874=ORIENTED_EDGE('',*,*,#2575,.F.);
#1875=ORIENTED_EDGE('',*,*,#2567,.T.);
#1876=ORIENTED_EDGE('',*,*,#2572,.T.);
#1877=ORIENTED_EDGE('',*,*,#2571,.T.);
#1878=ORIENTED_EDGE('',*,*,#2578,.T.);
#1879=ORIENTED_EDGE('',*,*,#2579,.F.);
#1880=ORIENTED_EDGE('',*,*,#2580,.T.);
#1881=ORIENTED_EDGE('',*,*,#2581,.T.);
#1882=ORIENTED_EDGE('',*,*,#2568,.T.);
#1883=ORIENTED_EDGE('',*,*,#2573,.T.);
#1884=ORIENTED_EDGE('',*,*,#2581,.F.);
#1885=ORIENTED_EDGE('',*,*,#2580,.F.);
#1886=ORIENTED_EDGE('',*,*,#2579,.T.);
#1887=ORIENTED_EDGE('',*,*,#2578,.F.);
#1888=ORIENTED_EDGE('',*,*,#2577,.F.);
#1889=ORIENTED_EDGE('',*,*,#2576,.F.);
#1890=EDGE_CURVE('',#2582,#2583,#3042,.T.);
#1891=EDGE_CURVE('',#2583,#2584,#3043,.F.);
#1892=EDGE_CURVE('',#2584,#2585,#3044,.T.);
#1893=EDGE_CURVE('',#2585,#2582,#3045,.F.);
#1894=EDGE_CURVE('',#2586,#2587,#3046,.T.);
#1895=EDGE_CURVE('',#2587,#2588,#3047,.F.);
#1896=EDGE_CURVE('',#2588,#2589,#3048,.T.);
#1897=EDGE_CURVE('',#2589,#2586,#3049,.F.);
#1898=EDGE_CURVE('',#2590,#2591,#227,.T.);
#1899=EDGE_CURVE('',#2590,#2592,#134,.T.);
#1900=EDGE_CURVE('',#2591,#2592,#228,.T.);
#1901=EDGE_CURVE('',#2593,#2593,#135,.T.);
#1902=EDGE_CURVE('',#2594,#2594,#136,.T.);
#1903=EDGE_CURVE('',#2595,#2595,#137,.T.);
#1904=EDGE_CURVE('',#2596,#2596,#138,.T.);
#1905=EDGE_CURVE('',#2597,#2597,#139,.T.);
#1906=EDGE_CURVE('',#2598,#2598,#140,.T.);
#1907=EDGE_CURVE('',#2599,#2600,#3050,.F.);
#1908=EDGE_CURVE('',#2600,#2601,#3051,.T.);
#1909=EDGE_CURVE('',#2601,#2602,#3052,.T.);
#1910=EDGE_CURVE('',#2603,#2602,#3053,.T.);
#1911=EDGE_CURVE('',#2599,#2603,#3054,.T.);
#1912=EDGE_CURVE('',#2604,#2605,#3055,.T.);
#1913=EDGE_CURVE('',#2604,#2606,#3056,.T.);
#1914=EDGE_CURVE('',#2606,#2607,#3057,.T.);
#1915=EDGE_CURVE('',#2605,#2607,#3058,.T.);
#1916=EDGE_CURVE('',#2608,#2609,#121,.F.);
#1917=EDGE_CURVE('',#2609,#2610,#229,.T.);
#1918=EDGE_CURVE('',#2590,#2610,#230,.F.);
#1919=EDGE_CURVE('',#2591,#2611,#231,.T.);
#1920=EDGE_CURVE('',#2611,#2612,#3059,.T.);
#1921=EDGE_CURVE('',#2612,#2613,#3060,.T.);
#1922=EDGE_CURVE('',#2608,#2613,#3061,.T.);
#1923=EDGE_CURVE('',#2614,#2610,#141,.T.);
#1924=EDGE_CURVE('',#2614,#2609,#232,.T.);
#1925=EDGE_CURVE('',#2615,#2615,#142,.F.);
#1926=EDGE_CURVE('',#2616,#2616,#143,.F.);
#1927=EDGE_CURVE('',#2584,#2617,#144,.F.);
#1928=EDGE_CURVE('',#2617,#2618,#3062,.T.);
#1929=EDGE_CURVE('',#2618,#2585,#145,.F.);
#1930=EDGE_CURVE('',#2618,#2619,#3063,.T.);
#1931=EDGE_CURVE('',#2582,#2619,#146,.F.);
#1932=EDGE_CURVE('',#2619,#2620,#3064,.T.);
#1933=EDGE_CURVE('',#2620,#2583,#147,.F.);
#1934=EDGE_CURVE('',#2620,#2617,#3065,.T.);
#1935=EDGE_CURVE('',#2621,#2589,#148,.F.);
#1936=EDGE_CURVE('',#2621,#2622,#3066,.T.);
#1937=EDGE_CURVE('',#2586,#2622,#149,.F.);
#1938=EDGE_CURVE('',#2622,#2623,#3067,.T.);
#1939=EDGE_CURVE('',#2623,#2587,#150,.F.);
#1940=EDGE_CURVE('',#2623,#2624,#3068,.T.);
#1941=EDGE_CURVE('',#2588,#2624,#151,.F.);
#1942=EDGE_CURVE('',#2624,#2621,#3069,.T.);
#1943=EDGE_CURVE('',#2625,#2625,#152,.T.);
#1944=EDGE_CURVE('',#2626,#2627,#153,.T.);
#1945=EDGE_CURVE('',#2627,#2628,#3070,.T.);
#1946=EDGE_CURVE('',#2629,#2628,#154,.T.);
#1947=EDGE_CURVE('',#2626,#2629,#3071,.T.);
#1948=EDGE_CURVE('',#2630,#2631,#122,.T.);
#1949=EDGE_CURVE('',#2632,#2630,#3072,.F.);
#1950=EDGE_CURVE('',#2633,#2632,#155,.T.);
#1951=EDGE_CURVE('',#2631,#2633,#3073,.T.);
#1952=EDGE_CURVE('',#2634,#2635,#156,.T.);
#1953=EDGE_CURVE('',#2592,#2635,#233,.T.);
#1954=EDGE_CURVE('',#2634,#2614,#234,.T.);
#1955=EDGE_CURVE('',#2636,#2637,#157,.T.);
#1956=EDGE_CURVE('',#2637,#2636,#235,.T.);
#1957=EDGE_CURVE('',#2633,#2634,#236,.T.);
#1958=EDGE_CURVE('',#2635,#2632,#237,.T.);
#1959=EDGE_CURVE('',#2638,#2639,#123,.T.);
#1960=EDGE_CURVE('',#2638,#2639,#158,.T.);
#1961=EDGE_CURVE('',#2640,#2641,#124,.T.);
#1962=EDGE_CURVE('',#2640,#2641,#159,.T.);
#1963=EDGE_CURVE('',#2592,#2642,#160,.T.);
#1964=EDGE_CURVE('',#2643,#2642,#238,.T.);
#1965=EDGE_CURVE('',#2611,#2643,#161,.F.);
#1966=EDGE_CURVE('',#2603,#2644,#3074,.T.);
#1967=EDGE_CURVE('',#2602,#2645,#3075,.T.);
#1968=EDGE_CURVE('',#2646,#2645,#3076,.T.);
#1969=EDGE_CURVE('',#2606,#2646,#3077,.T.);
#1970=EDGE_CURVE('',#2647,#2604,#3078,.T.);
#1971=EDGE_CURVE('',#2647,#2648,#3079,.T.);
#1972=EDGE_CURVE('',#2612,#2648,#3080,.T.);
#1973=EDGE_CURVE('',#2643,#2644,#3081,.T.);
#1974=EDGE_CURVE('',#2649,#2599,#3082,.F.);
#1975=EDGE_CURVE('',#2644,#2650,#3083,.T.);
#1976=EDGE_CURVE('',#2649,#2650,#3084,.T.);
#1977=EDGE_CURVE('',#2651,#2641,#3085,.T.);
#1978=EDGE_CURVE('',#2651,#2652,#239,.T.);
#1979=EDGE_CURVE('',#2652,#2653,#3086,.T.);
#1980=EDGE_CURVE('',#2653,#2654,#3087,.T.);
#1981=EDGE_CURVE('',#2638,#2654,#3088,.T.);
#1982=EDGE_CURVE('',#2640,#2639,#3089,.T.);
#1983=EDGE_CURVE('',#2655,#2655,#162,.T.);
#1984=EDGE_CURVE('',#2656,#2656,#163,.T.);
#1985=EDGE_CURVE('',#2657,#2657,#164,.F.);
#1986=EDGE_CURVE('',#2658,#2649,#3090,.T.);
#1987=EDGE_CURVE('',#2659,#2658,#3091,.F.);
#1988=EDGE_CURVE('',#2600,#2659,#3092,.T.);
#1989=EDGE_CURVE('',#2660,#2659,#3093,.T.);
#1990=EDGE_CURVE('',#2601,#2660,#3094,.T.);
#1991=EDGE_CURVE('',#2660,#2661,#3095,.T.);
#1992=EDGE_CURVE('',#2645,#2661,#3096,.T.);
#1993=EDGE_CURVE('',#2661,#2662,#3097,.T.);
#1994=EDGE_CURVE('',#2646,#2662,#3098,.T.);
#1995=EDGE_CURVE('',#2662,#2663,#3099,.T.);
#1996=EDGE_CURVE('',#2607,#2663,#3100,.T.);
#1997=EDGE_CURVE('',#2664,#2663,#3101,.T.);
#1998=EDGE_CURVE('',#2605,#2664,#3102,.T.);
#1999=EDGE_CURVE('',#2664,#2665,#3103,.T.);
#2000=EDGE_CURVE('',#2647,#2665,#3104,.T.);
#2001=EDGE_CURVE('',#2665,#2666,#3105,.T.);
#2002=EDGE_CURVE('',#2648,#2666,#3106,.T.);
#2003=EDGE_CURVE('',#2666,#2667,#3107,.T.);
#2004=EDGE_CURVE('',#2613,#2667,#3108,.T.);
#2005=EDGE_CURVE('',#2668,#2667,#3109,.T.);
#2006=EDGE_CURVE('',#2668,#2608,#3110,.T.);
#2007=EDGE_CURVE('',#2668,#2669,#165,.F.);
#2008=EDGE_CURVE('',#2634,#2669,#3111,.F.);
#2009=EDGE_CURVE('',#2670,#2669,#3112,.T.);
#2010=EDGE_CURVE('',#2631,#2670,#3113,.T.);
#2011=EDGE_CURVE('',#2671,#2672,#240,.T.);
#2012=EDGE_CURVE('',#2672,#2673,#241,.T.);
#2013=EDGE_CURVE('',#2673,#2674,#242,.T.);
#2014=EDGE_CURVE('',#2674,#2671,#243,.T.);
#2015=EDGE_CURVE('',#2675,#2676,#244,.T.);
#2016=EDGE_CURVE('',#2675,#2673,#3114,.F.);
#2017=EDGE_CURVE('',#2672,#2676,#3115,.T.);
#2018=EDGE_CURVE('',#2676,#2677,#245,.T.);
#2019=EDGE_CURVE('',#2678,#2677,#246,.T.);
#2020=EDGE_CURVE('',#2678,#2675,#247,.T.);
#2021=EDGE_CURVE('',#2628,#2679,#3116,.T.);
#2022=EDGE_CURVE('',#2627,#2680,#248,.T.);
#2023=EDGE_CURVE('',#2680,#2681,#249,.T.);
#2024=EDGE_CURVE('',#2681,#2630,#3117,.T.);
#2025=EDGE_CURVE('',#2678,#2670,#3118,.T.);
#2026=EDGE_CURVE('',#2677,#2682,#3119,.T.);
#2027=EDGE_CURVE('',#2679,#2682,#250,.T.);
#2028=EDGE_CURVE('',#2683,#2684,#251,.T.);
#2029=EDGE_CURVE('',#2679,#2684,#252,.T.);
#2030=EDGE_CURVE('',#2682,#2683,#253,.T.);
#2031=EDGE_CURVE('',#2685,#2686,#254,.T.);
#2032=EDGE_CURVE('',#2686,#2687,#255,.F.);
#2033=EDGE_CURVE('',#2684,#2687,#256,.F.);
#2034=EDGE_CURVE('',#2683,#2685,#257,.F.);
#2035=EDGE_CURVE('',#2688,#2687,#3120,.F.);
#2036=EDGE_CURVE('',#2689,#2688,#3121,.T.);
#2037=EDGE_CURVE('',#2689,#2690,#3122,.T.);
#2038=EDGE_CURVE('',#2690,#2691,#166,.F.);
#2039=EDGE_CURVE('',#2691,#2629,#3123,.T.);
#2040=EDGE_CURVE('',#2692,#2689,#3124,.T.);
#2041=EDGE_CURVE('',#2693,#2688,#258,.T.);
#2042=EDGE_CURVE('',#2692,#2693,#3125,.F.);
#2043=EDGE_CURVE('',#2694,#2695,#3126,.T.);
#2044=EDGE_CURVE('',#2696,#2694,#3127,.T.);
#2045=EDGE_CURVE('',#2697,#2696,#3128,.T.);
#2046=EDGE_CURVE('',#2695,#2697,#3129,.T.);
#2047=EDGE_CURVE('',#2698,#2699,#167,.F.);
#2048=EDGE_CURVE('',#2658,#2699,#3130,.T.);
#2049=EDGE_CURVE('',#2654,#2650,#3131,.T.);
#2050=EDGE_CURVE('',#2700,#2653,#3132,.T.);
#2051=EDGE_CURVE('',#2700,#2698,#3133,.T.);
#2052=EDGE_CURVE('',#2701,#2701,#125,.T.);
#2053=EDGE_CURVE('',#2700,#2702,#3134,.T.);
#2054=EDGE_CURVE('',#2652,#2703,#259,.T.);
#2055=EDGE_CURVE('',#2703,#2702,#3135,.F.);
#2056=EDGE_CURVE('',#2704,#2705,#260,.F.);
#2057=EDGE_CURVE('',#2706,#2705,#3136,.F.);
#2058=EDGE_CURVE('',#2706,#2707,#3137,.F.);
#2059=EDGE_CURVE('',#2704,#2707,#3138,.T.);
#2060=EDGE_CURVE('',#2692,#2707,#3139,.T.);
#2061=EDGE_CURVE('',#2708,#2706,#3140,.F.);
#2062=EDGE_CURVE('',#2708,#2690,#3141,.F.);
#2063=EDGE_CURVE('',#2708,#2709,#126,.T.);
#2064=EDGE_CURVE('',#2691,#2709,#3142,.T.);
#2065=EDGE_CURVE('',#2710,#2709,#3143,.F.);
#2066=EDGE_CURVE('',#2710,#2626,#261,.T.);
#2067=EDGE_CURVE('',#2711,#2680,#168,.F.);
#2068=EDGE_CURVE('',#2711,#2710,#127,.F.);
#2069=EDGE_CURVE('',#2712,#2711,#262,.T.);
#2070=EDGE_CURVE('',#2681,#2712,#169,.F.);
#2071=EDGE_CURVE('',#2636,#2632,#170,.T.);
#2072=EDGE_CURVE('',#2712,#2713,#3144,.F.);
#2073=EDGE_CURVE('',#2713,#2637,#171,.T.);
#2074=EDGE_CURVE('',#2714,#2713,#263,.T.);
#2075=EDGE_CURVE('',#2642,#2714,#264,.T.);
#2076=EDGE_CURVE('',#2714,#2715,#3145,.F.);
#2077=EDGE_CURVE('',#2651,#2715,#265,.F.);
#2078=EDGE_CURVE('',#2703,#2715,#266,.F.);
#2079=EDGE_CURVE('',#2699,#2716,#3146,.T.);
#2080=EDGE_CURVE('',#2698,#2717,#267,.T.);
#2081=EDGE_CURVE('',#2718,#2717,#268,.T.);
#2082=EDGE_CURVE('',#2716,#2718,#172,.T.);
#2083=EDGE_CURVE('',#2719,#2720,#173,.T.);
#2084=EDGE_CURVE('',#2720,#2716,#3147,.T.);
#2085=EDGE_CURVE('',#2718,#2719,#3148,.F.);
#2086=EDGE_CURVE('',#2721,#2722,#269,.T.);
#2087=EDGE_CURVE('',#2722,#2671,#3149,.T.);
#2088=EDGE_CURVE('',#2674,#2721,#3150,.F.);
#2089=EDGE_CURVE('',#2720,#2723,#3151,.T.);
#2090=EDGE_CURVE('',#2723,#2724,#3152,.T.);
#2091=EDGE_CURVE('',#2724,#2721,#270,.T.);
#2092=EDGE_CURVE('',#2725,#2726,#271,.T.);
#2093=EDGE_CURVE('',#2726,#2685,#272,.F.);
#2094=EDGE_CURVE('',#2725,#2722,#273,.T.);
#2095=EDGE_CURVE('',#2685,#2693,#274,.F.);
#2096=EDGE_CURVE('',#2727,#2704,#275,.T.);
#2097=EDGE_CURVE('',#2693,#2728,#276,.T.);
#2098=EDGE_CURVE('',#2728,#2729,#277,.T.);
#2099=EDGE_CURVE('',#2727,#2729,#3153,.F.);
#2100=EDGE_CURVE('',#2730,#2727,#278,.T.);
#2101=EDGE_CURVE('',#2731,#2730,#279,.T.);
#2102=EDGE_CURVE('',#2731,#2732,#280,.T.);
#2103=EDGE_CURVE('',#2705,#2732,#281,.F.);
#2104=EDGE_CURVE('',#2733,#2734,#282,.F.);
#2105=EDGE_CURVE('',#2732,#2733,#283,.F.);
#2106=EDGE_CURVE('',#2734,#2731,#284,.T.);
#2107=EDGE_CURVE('',#2735,#2735,#174,.F.);
#2108=EDGE_CURVE('',#2736,#2736,#175,.T.);
#2109=EDGE_CURVE('',#2737,#2737,#176,.T.);
#2110=EDGE_CURVE('',#2738,#2739,#3154,.T.);
#2111=EDGE_CURVE('',#2738,#2740,#285,.T.);
#2112=EDGE_CURVE('',#2741,#2740,#3155,.T.);
#2113=EDGE_CURVE('',#2741,#2742,#3156,.T.);
#2114=EDGE_CURVE('',#2742,#2739,#3157,.T.);
#2115=EDGE_CURVE('',#2738,#2743,#3158,.T.);
#2116=EDGE_CURVE('',#2740,#2743,#286,.T.);
#2117=EDGE_CURVE('',#2744,#2694,#3159,.T.);
#2118=EDGE_CURVE('',#2745,#2744,#3160,.T.);
#2119=EDGE_CURVE('',#2745,#2696,#3161,.T.);
#2120=EDGE_CURVE('',#2746,#2745,#3162,.T.);
#2121=EDGE_CURVE('',#2746,#2697,#3163,.T.);
#2122=EDGE_CURVE('',#2747,#2746,#3164,.T.);
#2123=EDGE_CURVE('',#2747,#2695,#3165,.T.);
#2124=EDGE_CURVE('',#2744,#2747,#3166,.T.);
#2125=EDGE_CURVE('',#2702,#2748,#3167,.F.);
#2126=EDGE_CURVE('',#2748,#2749,#3168,.T.);
#2127=EDGE_CURVE('',#2749,#2750,#3169,.F.);
#2128=EDGE_CURVE('',#2750,#2717,#3170,.T.);
#2129=EDGE_CURVE('',#2751,#2749,#3171,.T.);
#2130=EDGE_CURVE('',#2752,#2751,#3172,.F.);
#2131=EDGE_CURVE('',#2752,#2753,#3173,.F.);
#2132=EDGE_CURVE('',#2750,#2753,#3174,.T.);
#2133=EDGE_CURVE('',#2754,#2755,#287,.F.);
#2134=EDGE_CURVE('',#2705,#2755,#3175,.F.);
#2135=EDGE_CURVE('',#2754,#2733,#288,.T.);
#2136=EDGE_CURVE('',#2748,#2755,#3176,.T.);
#2137=EDGE_CURVE('',#2756,#2757,#177,.F.);
#2138=EDGE_CURVE('',#2757,#2756,#178,.T.);
#2139=EDGE_CURVE('',#2758,#2759,#179,.F.);
#2140=EDGE_CURVE('',#2758,#2757,#289,.T.);
#2141=EDGE_CURVE('',#2756,#2759,#290,.T.);
#2142=EDGE_CURVE('',#2760,#2752,#3177,.T.);
#2143=EDGE_CURVE('',#2751,#2761,#3178,.T.);
#2144=EDGE_CURVE('',#2761,#2762,#3179,.T.);
#2145=EDGE_CURVE('',#2762,#2760,#3180,.T.);
#2146=EDGE_CURVE('',#2763,#2760,#3181,.F.);
#2147=EDGE_CURVE('',#2753,#2763,#3182,.T.);
#2148=EDGE_CURVE('',#2763,#2764,#3183,.T.);
#2149=EDGE_CURVE('',#2764,#2719,#3184,.T.);
#2150=EDGE_CURVE('',#2764,#2765,#3185,.T.);
#2151=EDGE_CURVE('',#2723,#2765,#180,.F.);
#2152=EDGE_CURVE('',#2765,#2766,#3186,.T.);
#2153=EDGE_CURVE('',#2766,#2724,#291,.T.);
#2154=EDGE_CURVE('',#2766,#2767,#181,.T.);
#2155=EDGE_CURVE('',#2725,#2767,#292,.T.);
#2156=EDGE_CURVE('',#2767,#2768,#3187,.T.);
#2157=EDGE_CURVE('',#2728,#2768,#293,.T.);
#2158=EDGE_CURVE('',#2769,#2770,#294,.T.);
#2159=EDGE_CURVE('',#2729,#2770,#295,.F.);
#2160=EDGE_CURVE('',#2768,#2771,#296,.F.);
#2161=EDGE_CURVE('',#2771,#2772,#297,.T.);
#2162=EDGE_CURVE('',#2772,#2769,#298,.T.);
#2163=EDGE_CURVE('',#2773,#2727,#128,.T.);
#2164=EDGE_CURVE('',#2769,#2773,#3188,.T.);
#2165=EDGE_CURVE('',#2773,#2734,#299,.T.);
#2166=EDGE_CURVE('',#2774,#2754,#3189,.T.);
#2167=EDGE_CURVE('',#2775,#2734,#300,.T.);
#2168=EDGE_CURVE('',#2775,#2776,#301,.F.);
#2169=EDGE_CURVE('',#2774,#2776,#302,.T.);
#2170=EDGE_CURVE('',#2777,#2776,#303,.T.);
#2171=EDGE_CURVE('',#2777,#2778,#304,.T.);
#2172=EDGE_CURVE('',#2779,#2778,#305,.F.);
#2173=EDGE_CURVE('',#2780,#2779,#182,.F.);
#2174=EDGE_CURVE('',#2780,#2774,#183,.T.);
#2175=EDGE_CURVE('',#2781,#2782,#306,.T.);
#2176=EDGE_CURVE('',#2781,#2780,#3190,.T.);
#2177=EDGE_CURVE('',#2779,#2782,#307,.T.);
#2178=EDGE_CURVE('',#2783,#2783,#184,.T.);
#2179=EDGE_CURVE('',#2784,#2785,#308,.T.);
#2180=EDGE_CURVE('',#2784,#2786,#309,.T.);
#2181=EDGE_CURVE('',#2787,#2786,#310,.T.);
#2182=EDGE_CURVE('',#2788,#2787,#311,.T.);
#2183=EDGE_CURVE('',#2788,#2785,#312,.F.);
#2184=EDGE_CURVE('',#2789,#2785,#3191,.F.);
#2185=EDGE_CURVE('',#2790,#2789,#313,.T.);
#2186=EDGE_CURVE('',#2784,#2790,#3192,.T.);
#2187=EDGE_CURVE('',#2790,#2791,#314,.T.);
#2188=EDGE_CURVE('',#2791,#2792,#315,.T.);
#2189=EDGE_CURVE('',#2793,#2792,#316,.T.);
#2190=EDGE_CURVE('',#2793,#2741,#3193,.F.);
#2191=EDGE_CURVE('',#2740,#2781,#317,.T.);
#2192=EDGE_CURVE('',#2782,#2786,#3194,.T.);
#2193=EDGE_CURVE('',#2792,#2794,#318,.T.);
#2194=EDGE_CURVE('',#2794,#2795,#319,.T.);
#2195=EDGE_CURVE('',#2796,#2795,#3195,.T.);
#2196=EDGE_CURVE('',#2796,#2793,#320,.T.);
#2197=EDGE_CURVE('',#2797,#2797,#185,.F.);
#2198=EDGE_CURVE('',#2798,#2798,#186,.F.);
#2199=EDGE_CURVE('',#2799,#2796,#3196,.T.);
#2200=EDGE_CURVE('',#2742,#2799,#3197,.F.);
#2201=EDGE_CURVE('',#2739,#2800,#3198,.T.);
#2202=EDGE_CURVE('',#2801,#2800,#3199,.T.);
#2203=EDGE_CURVE('',#2801,#2802,#3200,.T.);
#2204=EDGE_CURVE('',#2802,#2743,#3201,.T.);
#2205=EDGE_CURVE('',#2742,#2803,#3202,.T.);
#2206=EDGE_CURVE('',#2803,#2800,#3203,.T.);
#2207=EDGE_CURVE('',#2804,#2802,#3204,.T.);
#2208=EDGE_CURVE('',#2805,#2801,#3205,.T.);
#2209=EDGE_CURVE('',#2805,#2804,#3206,.T.);
#2210=EDGE_CURVE('',#2804,#2806,#3207,.T.);
#2211=EDGE_CURVE('',#2806,#2740,#3208,.T.);
#2212=EDGE_CURVE('',#2740,#2807,#321,.T.);
#2213=EDGE_CURVE('',#2807,#2780,#322,.F.);
#2214=EDGE_CURVE('',#2807,#2808,#323,.T.);
#2215=EDGE_CURVE('',#2808,#2809,#324,.T.);
#2216=EDGE_CURVE('',#2809,#2774,#325,.F.);
#2217=EDGE_CURVE('',#2810,#2810,#187,.T.);
#2218=EDGE_CURVE('',#2811,#2812,#3209,.T.);
#2219=EDGE_CURVE('',#2813,#2811,#188,.T.);
#2220=EDGE_CURVE('',#2814,#2813,#3210,.T.);
#2221=EDGE_CURVE('',#2812,#2814,#189,.T.);
#2222=EDGE_CURVE('',#2813,#2815,#3211,.T.);
#2223=EDGE_CURVE('',#2815,#2816,#3212,.T.);
#2224=EDGE_CURVE('',#2814,#2816,#3213,.T.);
#2225=EDGE_CURVE('',#2817,#2818,#3214,.T.);
#2226=EDGE_CURVE('',#2818,#2819,#3215,.T.);
#2227=EDGE_CURVE('',#2819,#2820,#3216,.T.);
#2228=EDGE_CURVE('',#2820,#2817,#3217,.T.);
#2229=EDGE_CURVE('',#2821,#2809,#3218,.F.);
#2230=EDGE_CURVE('',#2822,#2808,#3219,.T.);
#2231=EDGE_CURVE('',#2822,#2821,#3220,.T.);
#2232=EDGE_CURVE('',#2823,#2821,#326,.T.);
#2233=EDGE_CURVE('',#2754,#2823,#3221,.T.);
#2234=EDGE_CURVE('',#2824,#2823,#3222,.T.);
#2235=EDGE_CURVE('',#2824,#2761,#190,.F.);
#2236=EDGE_CURVE('',#2825,#2824,#3223,.F.);
#2237=EDGE_CURVE('',#2759,#2825,#191,.F.);
#2238=EDGE_CURVE('',#2762,#2758,#192,.F.);
#2239=EDGE_CURVE('',#2826,#2827,#3224,.F.);
#2240=EDGE_CURVE('',#2827,#2828,#3225,.T.);
#2241=EDGE_CURVE('',#2828,#2826,#193,.F.);
#2242=EDGE_CURVE('',#2829,#2830,#3226,.T.);
#2243=EDGE_CURVE('',#2831,#2830,#3227,.F.);
#2244=EDGE_CURVE('',#2831,#2787,#327,.F.);
#2245=EDGE_CURVE('',#2825,#2832,#3228,.T.);
#2246=EDGE_CURVE('',#2833,#2832,#3229,.T.);
#2247=EDGE_CURVE('',#2834,#2833,#3230,.F.);
#2248=EDGE_CURVE('',#2834,#2835,#3231,.T.);
#2249=EDGE_CURVE('',#2836,#2835,#3232,.T.);
#2250=EDGE_CURVE('',#2836,#2837,#3233,.T.);
#2251=EDGE_CURVE('',#2829,#2837,#3234,.F.);
#2252=EDGE_CURVE('',#2830,#2838,#328,.T.);
#2253=EDGE_CURVE('',#2829,#2839,#329,.T.);
#2254=EDGE_CURVE('',#2840,#2839,#3235,.F.);
#2255=EDGE_CURVE('',#2840,#2841,#330,.T.);
#2256=EDGE_CURVE('',#2841,#2838,#331,.T.);
#2257=EDGE_CURVE('',#2842,#2838,#332,.T.);
#2258=EDGE_CURVE('',#2842,#2843,#3236,.T.);
#2259=EDGE_CURVE('',#2843,#2788,#333,.T.);
#2260=EDGE_CURVE('',#2843,#2844,#3237,.T.);
#2261=EDGE_CURVE('',#2844,#2789,#334,.T.);
#2262=EDGE_CURVE('',#2845,#2844,#335,.T.);
#2263=EDGE_CURVE('',#2845,#2791,#336,.T.);
#2264=EDGE_CURVE('',#2846,#2845,#337,.T.);
#2265=EDGE_CURVE('',#2794,#2846,#338,.F.);
#2266=EDGE_CURVE('',#2847,#2846,#339,.T.);
#2267=EDGE_CURVE('',#2847,#2848,#340,.T.);
#2268=EDGE_CURVE('',#2794,#2848,#341,.F.);
#2269=EDGE_CURVE('',#2848,#2849,#342,.T.);
#2270=EDGE_CURVE('',#2795,#2849,#194,.T.);
#2271=EDGE_CURVE('',#2849,#2850,#3238,.T.);
#2272=EDGE_CURVE('',#2850,#2851,#3239,.T.);
#2273=EDGE_CURVE('',#2851,#2799,#3240,.T.);
#2274=EDGE_CURVE('',#2803,#2852,#3241,.T.);
#2275=EDGE_CURVE('',#2852,#2851,#3242,.F.);
#2276=EDGE_CURVE('',#2803,#2805,#3243,.T.);
#2277=EDGE_CURVE('',#2853,#2853,#195,.F.);
#2278=EDGE_CURVE('',#2805,#2854,#3244,.F.);
#2279=EDGE_CURVE('',#2855,#2854,#3245,.T.);
#2280=EDGE_CURVE('',#2804,#2855,#3246,.F.);
#2281=EDGE_CURVE('',#2856,#2855,#3247,.T.);
#2282=EDGE_CURVE('',#2806,#2856,#3248,.F.);
#2283=EDGE_CURVE('',#2857,#2856,#3249,.T.);
#2284=EDGE_CURVE('',#2857,#2858,#3250,.T.);
#2285=EDGE_CURVE('',#2806,#2858,#3251,.T.);
#2286=EDGE_CURVE('',#2858,#2859,#3252,.F.);
#2287=EDGE_CURVE('',#2822,#2859,#3253,.F.);
#2288=EDGE_CURVE('',#2860,#2861,#3254,.F.);
#2289=EDGE_CURVE('',#2862,#2860,#3255,.F.);
#2290=EDGE_CURVE('',#2863,#2862,#3256,.F.);
#2291=EDGE_CURVE('',#2861,#2863,#3257,.T.);
#2292=EDGE_CURVE('',#2812,#2864,#3258,.T.);
#2293=EDGE_CURVE('',#2864,#2865,#3259,.T.);
#2294=EDGE_CURVE('',#2811,#2865,#3260,.T.);
#2295=EDGE_CURVE('',#2816,#2866,#196,.F.);
#2296=EDGE_CURVE('',#2867,#2866,#343,.T.);
#2297=EDGE_CURVE('',#2867,#2864,#197,.F.);
#2298=EDGE_CURVE('',#2865,#2868,#198,.F.);
#2299=EDGE_CURVE('',#2868,#2869,#344,.T.);
#2300=EDGE_CURVE('',#2869,#2815,#199,.F.);
#2301=EDGE_CURVE('',#2869,#2866,#200,.F.);
#2302=EDGE_CURVE('',#2870,#2871,#3261,.T.);
#2303=EDGE_CURVE('',#2820,#2871,#3262,.T.);
#2304=EDGE_CURVE('',#2819,#2870,#3263,.T.);
#2305=EDGE_CURVE('',#2871,#2872,#3264,.T.);
#2306=EDGE_CURVE('',#2817,#2872,#3265,.T.);
#2307=EDGE_CURVE('',#2818,#2873,#3266,.T.);
#2308=EDGE_CURVE('',#2872,#2873,#3267,.T.);
#2309=EDGE_CURVE('',#2873,#2870,#3268,.T.);
#2310=EDGE_CURVE('',#2874,#2875,#3269,.T.);
#2311=EDGE_CURVE('',#2874,#2876,#201,.T.);
#2312=EDGE_CURVE('',#2876,#2877,#3270,.T.);
#2313=EDGE_CURVE('',#2875,#2877,#202,.T.);
#2314=EDGE_CURVE('',#2878,#2879,#3271,.T.);
#2315=EDGE_CURVE('',#2878,#2880,#203,.T.);
#2316=EDGE_CURVE('',#2881,#2880,#3272,.F.);
#2317=EDGE_CURVE('',#2879,#2881,#204,.F.);
#2318=EDGE_CURVE('',#2861,#2882,#3273,.T.);
#2319=EDGE_CURVE('',#2863,#2883,#3274,.T.);
#2320=EDGE_CURVE('',#2883,#2882,#3275,.T.);
#2321=EDGE_CURVE('',#2884,#2860,#3276,.F.);
#2322=EDGE_CURVE('',#2885,#2882,#3277,.T.);
#2323=EDGE_CURVE('',#2885,#2828,#3278,.F.);
#2324=EDGE_CURVE('',#2827,#2884,#3279,.T.);
#2325=EDGE_CURVE('',#2886,#2885,#205,.F.);
#2326=EDGE_CURVE('',#2826,#2886,#3280,.T.);
#2327=EDGE_CURVE('',#2859,#2884,#3281,.F.);
#2328=EDGE_CURVE('',#2887,#2886,#3282,.T.);
#2329=EDGE_CURVE('',#2832,#2887,#206,.F.);
#2330=EDGE_CURVE('',#2888,#2887,#3283,.T.);
#2331=EDGE_CURVE('',#2833,#2888,#345,.T.);
#2332=EDGE_CURVE('',#2889,#2888,#3284,.T.);
#2333=EDGE_CURVE('',#2834,#2889,#346,.T.);
#2334=EDGE_CURVE('',#2890,#2835,#3285,.T.);
#2335=EDGE_CURVE('',#2889,#2890,#3286,.T.);
#2336=EDGE_CURVE('',#2891,#2890,#3287,.T.);
#2337=EDGE_CURVE('',#2891,#2836,#3288,.T.);
#2338=EDGE_CURVE('',#2892,#2891,#3289,.T.);
#2339=EDGE_CURVE('',#2837,#2892,#347,.T.);
#2340=EDGE_CURVE('',#2839,#2893,#348,.T.);
#2341=EDGE_CURVE('',#2892,#2893,#3290,.T.);
#2342=EDGE_CURVE('',#2894,#2840,#349,.T.);
#2343=EDGE_CURVE('',#2894,#2893,#3291,.T.);
#2344=EDGE_CURVE('',#2894,#2895,#350,.T.);
#2345=EDGE_CURVE('',#2896,#2895,#351,.T.);
#2346=EDGE_CURVE('',#2841,#2896,#24,.T.);
#2347=EDGE_CURVE('',#2897,#2896,#352,.T.);
#2348=EDGE_CURVE('',#2842,#2897,#353,.T.);
#2349=EDGE_CURVE('',#2897,#2898,#3292,.T.);
#2350=EDGE_CURVE('',#2898,#2847,#354,.T.);
#2351=EDGE_CURVE('',#2899,#2849,#355,.F.);
#2352=EDGE_CURVE('',#2899,#2898,#356,.T.);
#2353=EDGE_CURVE('',#2850,#2900,#3293,.T.);
#2354=EDGE_CURVE('',#2900,#2899,#3294,.T.);
#2355=EDGE_CURVE('',#2901,#2900,#3295,.T.);
#2356=EDGE_CURVE('',#2852,#2901,#3296,.T.);
#2357=EDGE_CURVE('',#2901,#2902,#3297,.F.);
#2358=EDGE_CURVE('',#2854,#2902,#3298,.T.);
#2359=EDGE_CURVE('',#2903,#2903,#207,.T.);
#2360=EDGE_CURVE('',#2904,#2905,#3299,.T.);
#2361=EDGE_CURVE('',#2904,#2906,#208,.T.);
#2362=EDGE_CURVE('',#2907,#2906,#25,.T.);
#2363=EDGE_CURVE('',#2908,#2907,#357,.F.);
#2364=EDGE_CURVE('',#2908,#2857,#3300,.T.);
#2365=EDGE_CURVE('',#2902,#2909,#3301,.T.);
#2366=EDGE_CURVE('',#2905,#2909,#26,.T.);
#2367=EDGE_CURVE('',#2862,#2910,#3302,.F.);
#2368=EDGE_CURVE('',#2911,#2908,#358,.T.);
#2369=EDGE_CURVE('',#2910,#2911,#3303,.F.);
#2370=EDGE_CURVE('',#2910,#2912,#3304,.T.);
#2371=EDGE_CURVE('',#2912,#2913,#3305,.T.);
#2372=EDGE_CURVE('',#2913,#2878,#359,.T.);
#2373=EDGE_CURVE('',#2879,#2883,#3306,.T.);
#2374=EDGE_CURVE('',#2914,#2915,#360,.T.);
#2375=EDGE_CURVE('',#2914,#2916,#361,.T.);
#2376=EDGE_CURVE('',#2917,#2916,#362,.T.);
#2377=EDGE_CURVE('',#2917,#2915,#363,.T.);
#2378=EDGE_CURVE('',#2916,#2918,#3307,.T.);
#2379=EDGE_CURVE('',#2918,#2913,#209,.F.);
#2380=EDGE_CURVE('',#2917,#2912,#3308,.T.);
#2381=EDGE_CURVE('',#2918,#2880,#3309,.T.);
#2382=EDGE_CURVE('',#2880,#2919,#3310,.T.);
#2383=EDGE_CURVE('',#2919,#2920,#3311,.T.);
#2384=EDGE_CURVE('',#2881,#2920,#3312,.T.);
#2385=EDGE_CURVE('',#2921,#2922,#3313,.T.);
#2386=EDGE_CURVE('',#2921,#2874,#364,.T.);
#2387=EDGE_CURVE('',#2922,#2875,#3314,.T.);
#2388=EDGE_CURVE('',#2923,#2924,#3315,.T.);
#2389=EDGE_CURVE('',#2924,#2868,#210,.F.);
#2390=EDGE_CURVE('',#2867,#2923,#211,.F.);
#2391=EDGE_CURVE('',#2925,#2924,#365,.T.);
#2392=EDGE_CURVE('',#2876,#2925,#366,.T.);
#2393=EDGE_CURVE('',#2923,#2921,#367,.T.);
#2394=EDGE_CURVE('',#2926,#2925,#3316,.T.);
#2395=EDGE_CURVE('',#2877,#2926,#3317,.T.);
#2396=EDGE_CURVE('',#2927,#2928,#3318,.T.);
#2397=EDGE_CURVE('',#2927,#2929,#3319,.F.);
#2398=EDGE_CURVE('',#2930,#2929,#3320,.T.);
#2399=EDGE_CURVE('',#2930,#2928,#212,.T.);
#2400=EDGE_CURVE('',#2927,#2931,#3321,.F.);
#2401=EDGE_CURVE('',#2932,#2931,#3322,.F.);
#2402=EDGE_CURVE('',#2932,#2929,#3323,.F.);
#2403=EDGE_CURVE('',#2933,#2931,#3324,.T.);
#2404=EDGE_CURVE('',#2932,#2933,#3325,.T.);
#2405=EDGE_CURVE('',#2934,#2935,#368,.F.);
#2406=EDGE_CURVE('',#2936,#2935,#369,.T.);
#2407=EDGE_CURVE('',#2937,#2936,#370,.T.);
#2408=EDGE_CURVE('',#2934,#2937,#371,.F.);
#2409=EDGE_CURVE('',#2919,#2938,#213,.F.);
#2410=EDGE_CURVE('',#2928,#2938,#3326,.F.);
#2411=EDGE_CURVE('',#2939,#2930,#129,.F.);
#2412=EDGE_CURVE('',#2939,#2920,#214,.F.);
#2413=EDGE_CURVE('',#2940,#2941,#3327,.T.);
#2414=EDGE_CURVE('',#2942,#2941,#3328,.T.);
#2415=EDGE_CURVE('',#2942,#2943,#3329,.F.);
#2416=EDGE_CURVE('',#2940,#2943,#3330,.T.);
#2417=EDGE_CURVE('',#2944,#2942,#130,.F.);
#2418=EDGE_CURVE('',#2945,#2944,#3331,.T.);
#2419=EDGE_CURVE('',#2943,#2945,#372,.T.);
#2420=EDGE_CURVE('',#2946,#2939,#3332,.T.);
#2421=EDGE_CURVE('',#2947,#2946,#373,.T.);
#2422=EDGE_CURVE('',#2922,#2947,#3333,.T.);
#2423=EDGE_CURVE('',#2948,#2926,#3334,.T.);
#2424=EDGE_CURVE('',#2949,#2948,#374,.T.);
#2425=EDGE_CURVE('',#2950,#2949,#375,.T.);
#2426=EDGE_CURVE('',#2945,#2950,#215,.T.);
#2427=EDGE_CURVE('',#2951,#2944,#3335,.T.);
#2428=EDGE_CURVE('',#2952,#2951,#216,.T.);
#2429=EDGE_CURVE('',#2895,#2952,#3336,.F.);
#2430=EDGE_CURVE('',#2952,#2953,#3337,.F.);
#2431=EDGE_CURVE('',#2954,#2951,#3338,.T.);
#2432=EDGE_CURVE('',#2953,#2954,#376,.T.);
#2433=EDGE_CURVE('',#2953,#2955,#377,.T.);
#2434=EDGE_CURVE('',#2956,#2954,#378,.F.);
#2435=EDGE_CURVE('',#2956,#2955,#3339,.T.);
#2436=EDGE_CURVE('',#2956,#2957,#3340,.T.);
#2437=EDGE_CURVE('',#2957,#2955,#3341,.T.);
#2438=EDGE_CURVE('',#2958,#2957,#3342,.T.);
#2439=EDGE_CURVE('',#2958,#2959,#3343,.T.);
#2440=EDGE_CURVE('',#2900,#2959,#3344,.T.);
#2441=EDGE_CURVE('',#2958,#2960,#3345,.T.);
#2442=EDGE_CURVE('',#2960,#2959,#3346,.T.);
#2443=EDGE_CURVE('',#2901,#2960,#3347,.T.);
#2444=EDGE_CURVE('',#2961,#2901,#3348,.T.);
#2445=EDGE_CURVE('',#2961,#2909,#379,.T.);
#2446=EDGE_CURVE('',#2962,#2963,#380,.F.);
#2447=EDGE_CURVE('',#2909,#2963,#381,.F.);
#2448=EDGE_CURVE('',#2962,#2961,#382,.T.);
#2449=EDGE_CURVE('',#2938,#2936,#3349,.T.);
#2450=EDGE_CURVE('',#2964,#2938,#3350,.T.);
#2451=EDGE_CURVE('',#2937,#2964,#3351,.T.);
#2452=EDGE_CURVE('',#2963,#2965,#383,.T.);
#2453=EDGE_CURVE('',#2965,#2966,#384,.T.);
#2454=EDGE_CURVE('',#2966,#2967,#385,.T.);
#2455=EDGE_CURVE('',#2968,#2967,#27,.T.);
#2456=EDGE_CURVE('',#2905,#2968,#3352,.F.);
#2457=EDGE_CURVE('',#2904,#2969,#131,.F.);
#2458=EDGE_CURVE('',#2969,#2968,#3353,.T.);
#2459=EDGE_CURVE('',#2970,#2906,#386,.T.);
#2460=EDGE_CURVE('',#2970,#2969,#217,.F.);
#2461=EDGE_CURVE('',#2971,#2970,#387,.T.);
#2462=EDGE_CURVE('',#2907,#2971,#3354,.F.);
#2463=EDGE_CURVE('',#2972,#2973,#388,.T.);
#2464=EDGE_CURVE('',#2911,#2972,#3355,.F.);
#2465=EDGE_CURVE('',#2973,#2971,#389,.T.);
#2466=EDGE_CURVE('',#2974,#2973,#3356,.T.);
#2467=EDGE_CURVE('',#2974,#2915,#3357,.T.);
#2468=EDGE_CURVE('',#2975,#2974,#3358,.T.);
#2469=EDGE_CURVE('',#2975,#2914,#3359,.T.);
#2470=EDGE_CURVE('',#2976,#2919,#3360,.T.);
#2471=EDGE_CURVE('',#2976,#2975,#3361,.T.);
#2472=EDGE_CURVE('',#2964,#2976,#218,.T.);
#2473=EDGE_CURVE('',#2977,#2933,#3362,.T.);
#2474=EDGE_CURVE('',#2977,#2978,#3363,.T.);
#2475=EDGE_CURVE('',#2946,#2978,#390,.T.);
#2476=EDGE_CURVE('',#2979,#2947,#391,.T.);
#2477=EDGE_CURVE('',#2979,#2978,#392,.T.);
#2478=EDGE_CURVE('',#2980,#2979,#3364,.T.);
#2479=EDGE_CURVE('',#2948,#2980,#393,.T.);
#2480=EDGE_CURVE('',#2981,#2980,#219,.T.);
#2481=EDGE_CURVE('',#2949,#2981,#394,.T.);
#2482=EDGE_CURVE('',#2982,#2981,#220,.T.);
#2483=EDGE_CURVE('',#2950,#2982,#395,.T.);
#2484=EDGE_CURVE('',#2983,#2940,#132,.F.);
#2485=EDGE_CURVE('',#2983,#2982,#221,.T.);
#2486=EDGE_CURVE('',#2934,#2984,#396,.F.);
#2487=EDGE_CURVE('',#2985,#2937,#397,.T.);
#2488=EDGE_CURVE('',#2984,#2985,#398,.T.);
#2489=EDGE_CURVE('',#2986,#2987,#399,.T.);
#2490=EDGE_CURVE('',#2935,#2987,#400,.T.);
#2491=EDGE_CURVE('',#2986,#2934,#401,.F.);
#2492=EDGE_CURVE('',#2987,#2988,#402,.T.);
#2493=EDGE_CURVE('',#2988,#2977,#3365,.F.);
#2494=EDGE_CURVE('',#2989,#2990,#133,.T.);
#2495=EDGE_CURVE('',#2941,#2989,#3366,.T.);
#2496=EDGE_CURVE('',#2990,#2983,#3367,.T.);
#2497=EDGE_CURVE('',#2962,#2989,#3368,.T.);
#2498=EDGE_CURVE('',#2991,#2962,#403,.T.);
#2499=EDGE_CURVE('',#2991,#2966,#404,.F.);
#2500=EDGE_CURVE('',#2967,#2992,#222,.T.);
#2501=EDGE_CURVE('',#2993,#2991,#223,.F.);
#2502=EDGE_CURVE('',#2993,#2994,#405,.T.);
#2503=EDGE_CURVE('',#2992,#2994,#406,.T.);
#2504=EDGE_CURVE('',#2995,#2996,#407,.T.);
#2505=EDGE_CURVE('',#2994,#2996,#408,.F.);
#2506=EDGE_CURVE('',#2995,#2993,#409,.T.);
#2507=EDGE_CURVE('',#2992,#2997,#410,.T.);
#2508=EDGE_CURVE('',#2997,#2998,#411,.T.);
#2509=EDGE_CURVE('',#2998,#2999,#3369,.T.);
#2510=EDGE_CURVE('',#2999,#2985,#412,.T.);
#2511=EDGE_CURVE('',#2996,#2997,#413,.T.);
#2512=EDGE_CURVE('',#2988,#3000,#414,.T.);
#2513=EDGE_CURVE('',#3001,#3000,#3370,.T.);
#2514=EDGE_CURVE('',#3002,#3001,#415,.T.);
#2515=EDGE_CURVE('',#3002,#2990,#224,.F.);
#2516=EDGE_CURVE('',#3003,#2999,#416,.T.);
#2517=EDGE_CURVE('',#2984,#3003,#417,.F.);
#2518=EDGE_CURVE('',#2986,#3004,#418,.T.);
#2519=EDGE_CURVE('',#3004,#2984,#3371,.F.);
#2520=EDGE_CURVE('',#2988,#3005,#419,.F.);
#2521=EDGE_CURVE('',#3005,#2986,#420,.F.);
#2522=EDGE_CURVE('',#3006,#3005,#421,.F.);
#2523=EDGE_CURVE('',#3007,#3006,#422,.F.);
#2524=EDGE_CURVE('',#3008,#3007,#423,.F.);
#2525=EDGE_CURVE('',#3000,#3008,#424,.F.);
#2526=EDGE_CURVE('',#3009,#3008,#425,.T.);
#2527=EDGE_CURVE('',#3010,#3007,#426,.F.);
#2528=EDGE_CURVE('',#3010,#3011,#427,.T.);
#2529=EDGE_CURVE('',#3011,#3009,#428,.T.);
#2530=EDGE_CURVE('',#3011,#3012,#429,.T.);
#2531=EDGE_CURVE('',#3012,#3013,#430,.T.);
#2532=EDGE_CURVE('',#3013,#3014,#431,.T.);
#2533=EDGE_CURVE('',#3014,#3009,#432,.T.);
#2534=EDGE_CURVE('',#3015,#2998,#433,.F.);
#2535=EDGE_CURVE('',#3003,#3015,#3372,.T.);
#2536=EDGE_CURVE('',#3016,#3002,#434,.T.);
#2537=EDGE_CURVE('',#3016,#3017,#225,.T.);
#2538=EDGE_CURVE('',#3017,#3018,#435,.T.);
#2539=EDGE_CURVE('',#3018,#3019,#436,.T.);
#2540=EDGE_CURVE('',#3019,#2995,#437,.T.);
#2541=EDGE_CURVE('',#3018,#3020,#438,.T.);
#2542=EDGE_CURVE('',#3021,#3020,#439,.F.);
#2543=EDGE_CURVE('',#3019,#3021,#440,.F.);
#2544=EDGE_CURVE('',#3022,#3021,#441,.F.);
#2545=EDGE_CURVE('',#2996,#3022,#442,.F.);
#2546=EDGE_CURVE('',#3015,#3022,#443,.F.);
#2547=EDGE_CURVE('',#3023,#3024,#444,.T.);
#2548=EDGE_CURVE('',#3024,#3016,#445,.T.);
#2549=EDGE_CURVE('',#3001,#3023,#446,.T.);
#2550=EDGE_CURVE('',#3025,#3024,#226,.F.);
#2551=EDGE_CURVE('',#3025,#3017,#447,.T.);
#2552=EDGE_CURVE('',#3014,#3026,#448,.T.);
#2553=EDGE_CURVE('',#3026,#3027,#449,.T.);
#2554=EDGE_CURVE('',#3027,#3023,#3373,.F.);
#2555=EDGE_CURVE('',#3028,#3003,#3374,.F.);
#2556=EDGE_CURVE('',#3004,#3028,#450,.T.);
#2557=EDGE_CURVE('',#3029,#3004,#451,.F.);
#2558=EDGE_CURVE('',#3006,#3029,#452,.F.);
#2559=EDGE_CURVE('',#3030,#3006,#453,.T.);
#2560=EDGE_CURVE('',#3031,#3030,#454,.F.);
#2561=EDGE_CURVE('',#3011,#3031,#455,.F.);
#2562=EDGE_CURVE('',#3032,#3031,#456,.F.);
#2563=EDGE_CURVE('',#3032,#3013,#457,.T.);
#2564=EDGE_CURVE('',#3033,#3032,#458,.F.);
#2565=EDGE_CURVE('',#3033,#3026,#459,.T.);
#2566=EDGE_CURVE('',#3034,#3015,#3375,.F.);
#2567=EDGE_CURVE('',#3028,#3034,#3376,.T.);
#2568=EDGE_CURVE('',#3035,#3028,#460,.F.);
#2569=EDGE_CURVE('',#3035,#3033,#461,.T.);
#2570=EDGE_CURVE('',#3017,#3036,#462,.T.);
#2571=EDGE_CURVE('',#3020,#3036,#463,.F.);
#2572=EDGE_CURVE('',#3034,#3020,#464,.T.);
#2573=EDGE_CURVE('',#3037,#3035,#465,.F.);
#2574=EDGE_CURVE('',#3027,#3037,#466,.T.);
#2575=EDGE_CURVE('',#3038,#3025,#467,.T.);
#2576=EDGE_CURVE('',#3037,#3038,#468,.T.);
#2577=EDGE_CURVE('',#3038,#3036,#469,.T.);
#2578=EDGE_CURVE('',#3036,#3039,#470,.T.);
#2579=EDGE_CURVE('',#3040,#3039,#471,.T.);
#2580=EDGE_CURVE('',#3040,#3041,#472,.T.);
#2581=EDGE_CURVE('',#3041,#3035,#473,.T.);
#2582=VERTEX_POINT('',#5891);
#2583=VERTEX_POINT('',#5892);
#2584=VERTEX_POINT('',#5894);
#2585=VERTEX_POINT('',#5896);
#2586=VERTEX_POINT('',#5900);
#2587=VERTEX_POINT('',#5901);
#2588=VERTEX_POINT('',#5903);
#2589=VERTEX_POINT('',#5905);
#2590=VERTEX_POINT('',#5923);
#2591=VERTEX_POINT('',#5924);
#2592=VERTEX_POINT('',#5926);
#2593=VERTEX_POINT('',#5933);
#2594=VERTEX_POINT('',#5935);
#2595=VERTEX_POINT('',#5938);
#2596=VERTEX_POINT('',#5940);
#2597=VERTEX_POINT('',#5943);
#2598=VERTEX_POINT('',#5945);
#2599=VERTEX_POINT('',#5948);
#2600=VERTEX_POINT('',#5949);
#2601=VERTEX_POINT('',#5951);
#2602=VERTEX_POINT('',#5953);
#2603=VERTEX_POINT('',#5955);
#2604=VERTEX_POINT('',#5959);
#2605=VERTEX_POINT('',#5960);
#2606=VERTEX_POINT('',#5962);
#2607=VERTEX_POINT('',#5964);
#2608=VERTEX_POINT('',#5968);
#2609=VERTEX_POINT('',#5969);
#2610=VERTEX_POINT('',#5974);
#2611=VERTEX_POINT('',#5986);
#2612=VERTEX_POINT('',#5988);
#2613=VERTEX_POINT('',#5990);
#2614=VERTEX_POINT('',#6005);
#2615=VERTEX_POINT('',#6012);
#2616=VERTEX_POINT('',#6014);
#2617=VERTEX_POINT('',#6017);
#2618=VERTEX_POINT('',#6019);
#2619=VERTEX_POINT('',#6023);
#2620=VERTEX_POINT('',#6027);
#2621=VERTEX_POINT('',#6033);
#2622=VERTEX_POINT('',#6035);
#2623=VERTEX_POINT('',#6039);
#2624=VERTEX_POINT('',#6043);
#2625=VERTEX_POINT('',#6049);
#2626=VERTEX_POINT('',#6052);
#2627=VERTEX_POINT('',#6053);
#2628=VERTEX_POINT('',#6055);
#2629=VERTEX_POINT('',#6057);
#2630=VERTEX_POINT('',#6061);
#2631=VERTEX_POINT('',#6062);
#2632=VERTEX_POINT('',#6064);
#2633=VERTEX_POINT('',#6066);
#2634=VERTEX_POINT('',#6090);
#2635=VERTEX_POINT('',#6091);
#2636=VERTEX_POINT('',#6107);
#2637=VERTEX_POINT('',#6108);
#2638=VERTEX_POINT('',#6142);
#2639=VERTEX_POINT('',#6143);
#2640=VERTEX_POINT('',#6147);
#2641=VERTEX_POINT('',#6148);
#2642=VERTEX_POINT('',#6152);
#2643=VERTEX_POINT('',#6159);
#2644=VERTEX_POINT('',#6163);
#2645=VERTEX_POINT('',#6165);
#2646=VERTEX_POINT('',#6167);
#2647=VERTEX_POINT('',#6170);
#2648=VERTEX_POINT('',#6172);
#2649=VERTEX_POINT('',#6177);
#2650=VERTEX_POINT('',#6179);
#2651=VERTEX_POINT('',#6183);
#2652=VERTEX_POINT('',#6188);
#2653=VERTEX_POINT('',#6190);
#2654=VERTEX_POINT('',#6192);
#2655=VERTEX_POINT('',#6197);
#2656=VERTEX_POINT('',#6200);
#2657=VERTEX_POINT('',#6203);
#2658=VERTEX_POINT('',#6206);
#2659=VERTEX_POINT('',#6208);
#2660=VERTEX_POINT('',#6212);
#2661=VERTEX_POINT('',#6216);
#2662=VERTEX_POINT('',#6220);
#2663=VERTEX_POINT('',#6224);
#2664=VERTEX_POINT('',#6228);
#2665=VERTEX_POINT('',#6232);
#2666=VERTEX_POINT('',#6236);
#2667=VERTEX_POINT('',#6240);
#2668=VERTEX_POINT('',#6244);
#2669=VERTEX_POINT('',#6248);
#2670=VERTEX_POINT('',#6252);
#2671=VERTEX_POINT('',#6372);
#2672=VERTEX_POINT('',#6373);
#2673=VERTEX_POINT('',#6378);
#2674=VERTEX_POINT('',#6385);
#2675=VERTEX_POINT('',#6402);
#2676=VERTEX_POINT('',#6403);
#2677=VERTEX_POINT('',#6569);
#2678=VERTEX_POINT('',#6574);
#2679=VERTEX_POINT('',#6584);
#2680=VERTEX_POINT('',#6589);
#2681=VERTEX_POINT('',#6594);
#2682=VERTEX_POINT('',#6598);
#2683=VERTEX_POINT('',#6679);
#2684=VERTEX_POINT('',#6680);
#2685=VERTEX_POINT('',#6778);
#2686=VERTEX_POINT('',#6779);
#2687=VERTEX_POINT('',#6784);
#2688=VERTEX_POINT('',#6797);
#2689=VERTEX_POINT('',#6799);
#2690=VERTEX_POINT('',#6801);
#2691=VERTEX_POINT('',#6803);
#2692=VERTEX_POINT('',#6807);
#2693=VERTEX_POINT('',#6812);
#2694=VERTEX_POINT('',#6816);
#2695=VERTEX_POINT('',#6817);
#2696=VERTEX_POINT('',#6819);
#2697=VERTEX_POINT('',#6821);
#2698=VERTEX_POINT('',#6825);
#2699=VERTEX_POINT('',#6826);
#2700=VERTEX_POINT('',#6830);
#2701=VERTEX_POINT('',#6834);
#2702=VERTEX_POINT('',#6837);
#2703=VERTEX_POINT('',#6843);
#2704=VERTEX_POINT('',#6850);
#2705=VERTEX_POINT('',#6851);
#2706=VERTEX_POINT('',#6853);
#2707=VERTEX_POINT('',#6855);
#2708=VERTEX_POINT('',#6860);
#2709=VERTEX_POINT('',#6864);
#2710=VERTEX_POINT('',#6868);
#2711=VERTEX_POINT('',#6875);
#2712=VERTEX_POINT('',#6886);
#2713=VERTEX_POINT('',#6891);
#2714=VERTEX_POINT('',#6901);
#2715=VERTEX_POINT('',#6908);
#2716=VERTEX_POINT('',#6960);
#2717=VERTEX_POINT('',#6965);
#2718=VERTEX_POINT('',#6970);
#2719=VERTEX_POINT('',#6974);
#2720=VERTEX_POINT('',#6975);
#2721=VERTEX_POINT('',#6998);
#2722=VERTEX_POINT('',#6999);
#2723=VERTEX_POINT('',#7004);
#2724=VERTEX_POINT('',#7006);
#2725=VERTEX_POINT('',#7016);
#2726=VERTEX_POINT('',#7017);
#2727=VERTEX_POINT('',#7049);
#2728=VERTEX_POINT('',#7054);
#2729=VERTEX_POINT('',#7062);
#2730=VERTEX_POINT('',#7088);
#2731=VERTEX_POINT('',#7093);
#2732=VERTEX_POINT('',#7098);
#2733=VERTEX_POINT('',#7125);
#2734=VERTEX_POINT('',#7126);
#2735=VERTEX_POINT('',#7140);
#2736=VERTEX_POINT('',#7143);
#2737=VERTEX_POINT('',#7146);
#2738=VERTEX_POINT('',#7149);
#2739=VERTEX_POINT('',#7150);
#2740=VERTEX_POINT('',#7155);
#2741=VERTEX_POINT('',#7157);
#2742=VERTEX_POINT('',#7159);
#2743=VERTEX_POINT('',#7168);
#2744=VERTEX_POINT('',#7175);
#2745=VERTEX_POINT('',#7177);
#2746=VERTEX_POINT('',#7181);
#2747=VERTEX_POINT('',#7185);
#2748=VERTEX_POINT('',#7191);
#2749=VERTEX_POINT('',#7193);
#2750=VERTEX_POINT('',#7195);
#2751=VERTEX_POINT('',#7199);
#2752=VERTEX_POINT('',#7201);
#2753=VERTEX_POINT('',#7203);
#2754=VERTEX_POINT('',#7301);
#2755=VERTEX_POINT('',#7302);
#2756=VERTEX_POINT('',#7313);
#2757=VERTEX_POINT('',#7314);
#2758=VERTEX_POINT('',#7318);
#2759=VERTEX_POINT('',#7319);
#2760=VERTEX_POINT('',#7332);
#2761=VERTEX_POINT('',#7334);
#2762=VERTEX_POINT('',#7336);
#2763=VERTEX_POINT('',#7340);
#2764=VERTEX_POINT('',#7344);
#2765=VERTEX_POINT('',#7348);
#2766=VERTEX_POINT('',#7352);
#2767=VERTEX_POINT('',#7618);
#2768=VERTEX_POINT('',#7625);
#2769=VERTEX_POINT('',#7823);
#2770=VERTEX_POINT('',#7824);
#2771=VERTEX_POINT('',#7833);
#2772=VERTEX_POINT('',#7838);
#2773=VERTEX_POINT('',#7845);
#2774=VERTEX_POINT('',#7874);
#2775=VERTEX_POINT('',#7879);
#2776=VERTEX_POINT('',#7884);
#2777=VERTEX_POINT('',#8142);
#2778=VERTEX_POINT('',#8147);
#2779=VERTEX_POINT('',#8154);
#2780=VERTEX_POINT('',#8156);
#2781=VERTEX_POINT('',#8176);
#2782=VERTEX_POINT('',#8177);
#2783=VERTEX_POINT('',#8185);
#2784=VERTEX_POINT('',#8222);
#2785=VERTEX_POINT('',#8223);
#2786=VERTEX_POINT('',#8228);
#2787=VERTEX_POINT('',#8233);
#2788=VERTEX_POINT('',#8238);
#2789=VERTEX_POINT('',#8245);
#2790=VERTEX_POINT('',#8250);
#2791=VERTEX_POINT('',#8258);
#2792=VERTEX_POINT('',#8263);
#2793=VERTEX_POINT('',#8273);
#2794=VERTEX_POINT('',#8292);
#2795=VERTEX_POINT('',#8300);
#2796=VERTEX_POINT('',#8302);
#2797=VERTEX_POINT('',#8309);
#2798=VERTEX_POINT('',#8312);
#2799=VERTEX_POINT('',#8315);
#2800=VERTEX_POINT('',#8319);
#2801=VERTEX_POINT('',#8321);
#2802=VERTEX_POINT('',#8323);
#2803=VERTEX_POINT('',#8327);
#2804=VERTEX_POINT('',#8331);
#2805=VERTEX_POINT('',#8333);
#2806=VERTEX_POINT('',#8337);
#2807=VERTEX_POINT('',#8349);
#2808=VERTEX_POINT('',#8369);
#2809=VERTEX_POINT('',#8374);
#2810=VERTEX_POINT('',#8381);
#2811=VERTEX_POINT('',#8383);
#2812=VERTEX_POINT('',#8384);
#2813=VERTEX_POINT('',#8386);
#2814=VERTEX_POINT('',#8388);
#2815=VERTEX_POINT('',#8392);
#2816=VERTEX_POINT('',#8394);
#2817=VERTEX_POINT('',#8398);
#2818=VERTEX_POINT('',#8399);
#2819=VERTEX_POINT('',#8401);
#2820=VERTEX_POINT('',#8403);
#2821=VERTEX_POINT('',#8407);
#2822=VERTEX_POINT('',#8409);
#2823=VERTEX_POINT('',#8421);
#2824=VERTEX_POINT('',#8425);
#2825=VERTEX_POINT('',#8429);
#2826=VERTEX_POINT('',#8434);
#2827=VERTEX_POINT('',#8435);
#2828=VERTEX_POINT('',#8437);
#2829=VERTEX_POINT('',#8441);
#2830=VERTEX_POINT('',#8442);
#2831=VERTEX_POINT('',#8444);
#2832=VERTEX_POINT('',#8450);
#2833=VERTEX_POINT('',#8452);
#2834=VERTEX_POINT('',#8454);
#2835=VERTEX_POINT('',#8456);
#2836=VERTEX_POINT('',#8458);
#2837=VERTEX_POINT('',#8460);
#2838=VERTEX_POINT('',#8467);
#2839=VERTEX_POINT('',#8473);
#2840=VERTEX_POINT('',#8475);
#2841=VERTEX_POINT('',#8480);
#2842=VERTEX_POINT('',#8493);
#2843=VERTEX_POINT('',#8495);
#2844=VERTEX_POINT('',#8503);
#2845=VERTEX_POINT('',#8627);
#2846=VERTEX_POINT('',#8644);
#2847=VERTEX_POINT('',#8664);
#2848=VERTEX_POINT('',#8669);
#2849=VERTEX_POINT('',#8946);
#2850=VERTEX_POINT('',#8950);
#2851=VERTEX_POINT('',#8952);
#2852=VERTEX_POINT('',#8956);
#2853=VERTEX_POINT('',#8962);
#2854=VERTEX_POINT('',#8965);
#2855=VERTEX_POINT('',#8967);
#2856=VERTEX_POINT('',#8971);
#2857=VERTEX_POINT('',#8975);
#2858=VERTEX_POINT('',#8977);
#2859=VERTEX_POINT('',#8981);
#2860=VERTEX_POINT('',#8985);
#2861=VERTEX_POINT('',#8986);
#2862=VERTEX_POINT('',#8988);
#2863=VERTEX_POINT('',#8990);
#2864=VERTEX_POINT('',#8994);
#2865=VERTEX_POINT('',#8996);
#2866=VERTEX_POINT('',#9000);
#2867=VERTEX_POINT('',#9005);
#2868=VERTEX_POINT('',#9009);
#2869=VERTEX_POINT('',#9014);
#2870=VERTEX_POINT('',#9020);
#2871=VERTEX_POINT('',#9021);
#2872=VERTEX_POINT('',#9026);
#2873=VERTEX_POINT('',#9030);
#2874=VERTEX_POINT('',#9036);
#2875=VERTEX_POINT('',#9037);
#2876=VERTEX_POINT('',#9039);
#2877=VERTEX_POINT('',#9041);
#2878=VERTEX_POINT('',#9045);
#2879=VERTEX_POINT('',#9046);
#2880=VERTEX_POINT('',#9048);
#2881=VERTEX_POINT('',#9050);
#2882=VERTEX_POINT('',#9054);
#2883=VERTEX_POINT('',#9056);
#2884=VERTEX_POINT('',#9060);
#2885=VERTEX_POINT('',#9062);
#2886=VERTEX_POINT('',#9067);
#2887=VERTEX_POINT('',#9072);
#2888=VERTEX_POINT('',#9076);
#2889=VERTEX_POINT('',#9097);
#2890=VERTEX_POINT('',#9131);
#2891=VERTEX_POINT('',#9135);
#2892=VERTEX_POINT('',#9139);
#2893=VERTEX_POINT('',#9163);
#2894=VERTEX_POINT('',#9170);
#2895=VERTEX_POINT('',#9498);
#2896=VERTEX_POINT('',#9503);
#2897=VERTEX_POINT('',#10005);
#2898=VERTEX_POINT('',#10014);
#2899=VERTEX_POINT('',#10047);
#2900=VERTEX_POINT('',#10058);
#2901=VERTEX_POINT('',#10062);
#2902=VERTEX_POINT('',#10066);
#2903=VERTEX_POINT('',#10070);
#2904=VERTEX_POINT('',#10073);
#2905=VERTEX_POINT('',#10074);
#2906=VERTEX_POINT('',#10076);
#2907=VERTEX_POINT('',#10081);
#2908=VERTEX_POINT('',#10105);
#2909=VERTEX_POINT('',#10108);
#2910=VERTEX_POINT('',#10123);
#2911=VERTEX_POINT('',#10128);
#2912=VERTEX_POINT('',#10132);
#2913=VERTEX_POINT('',#10134);
#2914=VERTEX_POINT('',#10165);
#2915=VERTEX_POINT('',#10166);
#2916=VERTEX_POINT('',#10171);
#2917=VERTEX_POINT('',#10176);
#2918=VERTEX_POINT('',#10183);
#2919=VERTEX_POINT('',#10190);
#2920=VERTEX_POINT('',#10192);
#2921=VERTEX_POINT('',#10196);
#2922=VERTEX_POINT('',#10197);
#2923=VERTEX_POINT('',#10205);
#2924=VERTEX_POINT('',#10206);
#2925=VERTEX_POINT('',#10214);
#2926=VERTEX_POINT('',#10225);
#2927=VERTEX_POINT('',#10229);
#2928=VERTEX_POINT('',#10230);
#2929=VERTEX_POINT('',#10232);
#2930=VERTEX_POINT('',#10234);
#2931=VERTEX_POINT('',#10238);
#2932=VERTEX_POINT('',#10240);
#2933=VERTEX_POINT('',#10244);
#2934=VERTEX_POINT('',#10258);
#2935=VERTEX_POINT('',#10259);
#2936=VERTEX_POINT('',#10264);
#2937=VERTEX_POINT('',#10269);
#2938=VERTEX_POINT('',#10276);
#2939=VERTEX_POINT('',#10279);
#2940=VERTEX_POINT('',#10283);
#2941=VERTEX_POINT('',#10284);
#2942=VERTEX_POINT('',#10286);
#2943=VERTEX_POINT('',#10288);
#2944=VERTEX_POINT('',#10292);
#2945=VERTEX_POINT('',#10294);
#2946=VERTEX_POINT('',#10302);
#2947=VERTEX_POINT('',#10311);
#2948=VERTEX_POINT('',#10314);
#2949=VERTEX_POINT('',#10319);
#2950=VERTEX_POINT('',#10326);
#2951=VERTEX_POINT('',#10329);
#2952=VERTEX_POINT('',#10331);
#2953=VERTEX_POINT('',#10335);
#2954=VERTEX_POINT('',#10337);
#2955=VERTEX_POINT('',#10352);
#2956=VERTEX_POINT('',#10356);
#2957=VERTEX_POINT('',#10360);
#2958=VERTEX_POINT('',#10364);
#2959=VERTEX_POINT('',#10366);
#2960=VERTEX_POINT('',#10370);
#2961=VERTEX_POINT('',#10376);
#2962=VERTEX_POINT('',#10393);
#2963=VERTEX_POINT('',#10394);
#2964=VERTEX_POINT('',#10406);
#2965=VERTEX_POINT('',#10442);
#2966=VERTEX_POINT('',#10447);
#2967=VERTEX_POINT('',#10452);
#2968=VERTEX_POINT('',#10465);
#2969=VERTEX_POINT('',#10469);
#2970=VERTEX_POINT('',#10476);
#2971=VERTEX_POINT('',#10490);
#2972=VERTEX_POINT('',#10542);
#2973=VERTEX_POINT('',#10543);
#2974=VERTEX_POINT('',#10558);
#2975=VERTEX_POINT('',#10562);
#2976=VERTEX_POINT('',#10566);
#2977=VERTEX_POINT('',#10572);
#2978=VERTEX_POINT('',#10574);
#2979=VERTEX_POINT('',#10670);
#2980=VERTEX_POINT('',#10680);
#2981=VERTEX_POINT('',#10702);
#2982=VERTEX_POINT('',#10760);
#2983=VERTEX_POINT('',#10767);
#2984=VERTEX_POINT('',#10868);
#2985=VERTEX_POINT('',#10899);
#2986=VERTEX_POINT('',#10920);
#2987=VERTEX_POINT('',#10921);
#2988=VERTEX_POINT('',#10935);
#2989=VERTEX_POINT('',#10939);
#2990=VERTEX_POINT('',#10940);
#2991=VERTEX_POINT('',#10961);
#2992=VERTEX_POINT('',#10968);
#2993=VERTEX_POINT('',#10970);
#2994=VERTEX_POINT('',#10975);
#2995=VERTEX_POINT('',#10992);
#2996=VERTEX_POINT('',#10993);
#2997=VERTEX_POINT('',#11007);
#2998=VERTEX_POINT('',#11015);
#2999=VERTEX_POINT('',#11017);
#3000=VERTEX_POINT('',#11080);
#3001=VERTEX_POINT('',#11082);
#3002=VERTEX_POINT('',#11089);
#3003=VERTEX_POINT('',#11131);
#3004=VERTEX_POINT('',#11204);
#3005=VERTEX_POINT('',#11218);
#3006=VERTEX_POINT('',#11267);
#3007=VERTEX_POINT('',#11272);
#3008=VERTEX_POINT('',#11284);
#3009=VERTEX_POINT('',#11393);
#3010=VERTEX_POINT('',#11398);
#3011=VERTEX_POINT('',#11403);
#3012=VERTEX_POINT('',#11452);
#3013=VERTEX_POINT('',#11457);
#3014=VERTEX_POINT('',#11462);
#3015=VERTEX_POINT('',#11472);
#3016=VERTEX_POINT('',#11479);
#3017=VERTEX_POINT('',#11481);
#3018=VERTEX_POINT('',#11494);
#3019=VERTEX_POINT('',#11499);
#3020=VERTEX_POINT('',#11522);
#3021=VERTEX_POINT('',#11527);
#3022=VERTEX_POINT('',#11550);
#3023=VERTEX_POINT('',#11691);
#3024=VERTEX_POINT('',#11692);
#3025=VERTEX_POINT('',#11704);
#3026=VERTEX_POINT('',#11734);
#3027=VERTEX_POINT('',#11739);
#3028=VERTEX_POINT('',#11750);
#3029=VERTEX_POINT('',#11925);
#3030=VERTEX_POINT('',#11974);
#3031=VERTEX_POINT('',#11979);
#3032=VERTEX_POINT('',#12000);
#3033=VERTEX_POINT('',#12021);
#3034=VERTEX_POINT('',#12028);
#3035=VERTEX_POINT('',#12140);
#3036=VERTEX_POINT('',#12179);
#3037=VERTEX_POINT('',#12233);
#3038=VERTEX_POINT('',#12243);
#3039=VERTEX_POINT('',#12464);
#3040=VERTEX_POINT('',#12469);
#3041=VERTEX_POINT('',#12474);
#3042=LINE('',#5890,#3377);
#3043=LINE('',#5893,#3378);
#3044=LINE('',#5895,#3379);
#3045=LINE('',#5897,#3380);
#3046=LINE('',#5899,#3381);
#3047=LINE('',#5902,#3382);
#3048=LINE('',#5904,#3383);
#3049=LINE('',#5906,#3384);
#3050=LINE('',#5947,#3385);
#3051=LINE('',#5950,#3386);
#3052=LINE('',#5952,#3387);
#3053=LINE('',#5954,#3388);
#3054=LINE('',#5956,#3389);
#3055=LINE('',#5958,#3390);
#3056=LINE('',#5961,#3391);
#3057=LINE('',#5963,#3392);
#3058=LINE('',#5965,#3393);
#3059=LINE('',#5987,#3394);
#3060=LINE('',#5989,#3395);
#3061=LINE('',#5991,#3396);
#3062=LINE('',#6018,#3397);
#3063=LINE('',#6022,#3398);
#3064=LINE('',#6026,#3399);
#3065=LINE('',#6030,#3400);
#3066=LINE('',#6034,#3401);
#3067=LINE('',#6038,#3402);
#3068=LINE('',#6042,#3403);
#3069=LINE('',#6046,#3404);
#3070=LINE('',#6054,#3405);
#3071=LINE('',#6058,#3406);
#3072=LINE('',#6063,#3407);
#3073=LINE('',#6067,#3408);
#3074=LINE('',#6162,#3409);
#3075=LINE('',#6164,#3410);
#3076=LINE('',#6166,#3411);
#3077=LINE('',#6168,#3412);
#3078=LINE('',#6169,#3413);
#3079=LINE('',#6171,#3414);
#3080=LINE('',#6173,#3415);
#3081=LINE('',#6174,#3416);
#3082=LINE('',#6176,#3417);
#3083=LINE('',#6178,#3418);
#3084=LINE('',#6180,#3419);
#3085=LINE('',#6182,#3420);
#3086=LINE('',#6189,#3421);
#3087=LINE('',#6191,#3422);
#3088=LINE('',#6193,#3423);
#3089=LINE('',#6194,#3424);
#3090=LINE('',#6205,#3425);
#3091=LINE('',#6207,#3426);
#3092=LINE('',#6209,#3427);
#3093=LINE('',#6211,#3428);
#3094=LINE('',#6213,#3429);
#3095=LINE('',#6215,#3430);
#3096=LINE('',#6217,#3431);
#3097=LINE('',#6219,#3432);
#3098=LINE('',#6221,#3433);
#3099=LINE('',#6223,#3434);
#3100=LINE('',#6225,#3435);
#3101=LINE('',#6227,#3436);
#3102=LINE('',#6229,#3437);
#3103=LINE('',#6231,#3438);
#3104=LINE('',#6233,#3439);
#3105=LINE('',#6235,#3440);
#3106=LINE('',#6237,#3441);
#3107=LINE('',#6239,#3442);
#3108=LINE('',#6241,#3443);
#3109=LINE('',#6243,#3444);
#3110=LINE('',#6245,#3445);
#3111=LINE('',#6249,#3446);
#3112=LINE('',#6251,#3447);
#3113=LINE('',#6253,#3448);
#3114=LINE('',#6404,#3449);
#3115=LINE('',#6405,#3450);
#3116=LINE('',#6583,#3451);
#3117=LINE('',#6595,#3452);
#3118=LINE('',#6596,#3453);
#3119=LINE('',#6597,#3454);
#3120=LINE('',#6796,#3455);
#3121=LINE('',#6798,#3456);
#3122=LINE('',#6800,#3457);
#3123=LINE('',#6804,#3458);
#3124=LINE('',#6806,#3459);
#3125=LINE('',#6813,#3460);
#3126=LINE('',#6815,#3461);
#3127=LINE('',#6818,#3462);
#3128=LINE('',#6820,#3463);
#3129=LINE('',#6822,#3464);
#3130=LINE('',#6827,#3465);
#3131=LINE('',#6828,#3466);
#3132=LINE('',#6829,#3467);
#3133=LINE('',#6831,#3468);
#3134=LINE('',#6836,#3469);
#3135=LINE('',#6844,#3470);
#3136=LINE('',#6852,#3471);
#3137=LINE('',#6854,#3472);
#3138=LINE('',#6856,#3473);
#3139=LINE('',#6858,#3474);
#3140=LINE('',#6859,#3475);
#3141=LINE('',#6861,#3476);
#3142=LINE('',#6865,#3477);
#3143=LINE('',#6867,#3478);
#3144=LINE('',#6890,#3479);
#3145=LINE('',#6907,#3480);
#3146=LINE('',#6959,#3481);
#3147=LINE('',#6976,#3482);
#3148=LINE('',#6977,#3483);
#3149=LINE('',#7000,#3484);
#3150=LINE('',#7001,#3485);
#3151=LINE('',#7003,#3486);
#3152=LINE('',#7005,#3487);
#3153=LINE('',#7063,#3488);
#3154=LINE('',#7148,#3489);
#3155=LINE('',#7156,#3490);
#3156=LINE('',#7158,#3491);
#3157=LINE('',#7160,#3492);
#3158=LINE('',#7167,#3493);
#3159=LINE('',#7174,#3494);
#3160=LINE('',#7176,#3495);
#3161=LINE('',#7178,#3496);
#3162=LINE('',#7180,#3497);
#3163=LINE('',#7182,#3498);
#3164=LINE('',#7184,#3499);
#3165=LINE('',#7186,#3500);
#3166=LINE('',#7188,#3501);
#3167=LINE('',#7190,#3502);
#3168=LINE('',#7192,#3503);
#3169=LINE('',#7194,#3504);
#3170=LINE('',#7196,#3505);
#3171=LINE('',#7198,#3506);
#3172=LINE('',#7200,#3507);
#3173=LINE('',#7202,#3508);
#3174=LINE('',#7204,#3509);
#3175=LINE('',#7303,#3510);
#3176=LINE('',#7310,#3511);
#3177=LINE('',#7331,#3512);
#3178=LINE('',#7333,#3513);
#3179=LINE('',#7335,#3514);
#3180=LINE('',#7337,#3515);
#3181=LINE('',#7339,#3516);
#3182=LINE('',#7341,#3517);
#3183=LINE('',#7343,#3518);
#3184=LINE('',#7345,#3519);
#3185=LINE('',#7347,#3520);
#3186=LINE('',#7351,#3521);
#3187=LINE('',#7624,#3522);
#3188=LINE('',#7846,#3523);
#3189=LINE('',#7873,#3524);
#3190=LINE('',#8178,#3525);
#3191=LINE('',#8244,#3526);
#3192=LINE('',#8251,#3527);
#3193=LINE('',#8274,#3528);
#3194=LINE('',#8279,#3529);
#3195=LINE('',#8301,#3530);
#3196=LINE('',#8314,#3531);
#3197=LINE('',#8316,#3532);
#3198=LINE('',#8318,#3533);
#3199=LINE('',#8320,#3534);
#3200=LINE('',#8322,#3535);
#3201=LINE('',#8324,#3536);
#3202=LINE('',#8326,#3537);
#3203=LINE('',#8328,#3538);
#3204=LINE('',#8330,#3539);
#3205=LINE('',#8332,#3540);
#3206=LINE('',#8334,#3541);
#3207=LINE('',#8336,#3542);
#3208=LINE('',#8338,#3543);
#3209=LINE('',#8382,#3544);
#3210=LINE('',#8387,#3545);
#3211=LINE('',#8391,#3546);
#3212=LINE('',#8393,#3547);
#3213=LINE('',#8395,#3548);
#3214=LINE('',#8397,#3549);
#3215=LINE('',#8400,#3550);
#3216=LINE('',#8402,#3551);
#3217=LINE('',#8404,#3552);
#3218=LINE('',#8406,#3553);
#3219=LINE('',#8408,#3554);
#3220=LINE('',#8410,#3555);
#3221=LINE('',#8422,#3556);
#3222=LINE('',#8424,#3557);
#3223=LINE('',#8428,#3558);
#3224=LINE('',#8433,#3559);
#3225=LINE('',#8436,#3560);
#3226=LINE('',#8440,#3561);
#3227=LINE('',#8443,#3562);
#3228=LINE('',#8449,#3563);
#3229=LINE('',#8451,#3564);
#3230=LINE('',#8453,#3565);
#3231=LINE('',#8455,#3566);
#3232=LINE('',#8457,#3567);
#3233=LINE('',#8459,#3568);
#3234=LINE('',#8461,#3569);
#3235=LINE('',#8474,#3570);
#3236=LINE('',#8494,#3571);
#3237=LINE('',#8502,#3572);
#3238=LINE('',#8949,#3573);
#3239=LINE('',#8951,#3574);
#3240=LINE('',#8953,#3575);
#3241=LINE('',#8955,#3576);
#3242=LINE('',#8957,#3577);
#3243=LINE('',#8959,#3578);
#3244=LINE('',#8964,#3579);
#3245=LINE('',#8966,#3580);
#3246=LINE('',#8968,#3581);
#3247=LINE('',#8970,#3582);
#3248=LINE('',#8972,#3583);
#3249=LINE('',#8974,#3584);
#3250=LINE('',#8976,#3585);
#3251=LINE('',#8978,#3586);
#3252=LINE('',#8980,#3587);
#3253=LINE('',#8982,#3588);
#3254=LINE('',#8984,#3589);
#3255=LINE('',#8987,#3590);
#3256=LINE('',#8989,#3591);
#3257=LINE('',#8991,#3592);
#3258=LINE('',#8993,#3593);
#3259=LINE('',#8995,#3594);
#3260=LINE('',#8997,#3595);
#3261=LINE('',#9019,#3596);
#3262=LINE('',#9022,#3597);
#3263=LINE('',#9023,#3598);
#3264=LINE('',#9025,#3599);
#3265=LINE('',#9027,#3600);
#3266=LINE('',#9029,#3601);
#3267=LINE('',#9031,#3602);
#3268=LINE('',#9033,#3603);
#3269=LINE('',#9035,#3604);
#3270=LINE('',#9040,#3605);
#3271=LINE('',#9044,#3606);
#3272=LINE('',#9049,#3607);
#3273=LINE('',#9053,#3608);
#3274=LINE('',#9055,#3609);
#3275=LINE('',#9057,#3610);
#3276=LINE('',#9059,#3611);
#3277=LINE('',#9061,#3612);
#3278=LINE('',#9063,#3613);
#3279=LINE('',#9064,#3614);
#3280=LINE('',#9068,#3615);
#3281=LINE('',#9070,#3616);
#3282=LINE('',#9071,#3617);
#3283=LINE('',#9075,#3618);
#3284=LINE('',#9096,#3619);
#3285=LINE('',#9130,#3620);
#3286=LINE('',#9132,#3621);
#3287=LINE('',#9134,#3622);
#3288=LINE('',#9136,#3623);
#3289=LINE('',#9138,#3624);
#3290=LINE('',#9164,#3625);
#3291=LINE('',#9171,#3626);
#3292=LINE('',#10013,#3627);
#3293=LINE('',#10057,#3628);
#3294=LINE('',#10059,#3629);
#3295=LINE('',#10061,#3630);
#3296=LINE('',#10063,#3631);
#3297=LINE('',#10065,#3632);
#3298=LINE('',#10067,#3633);
#3299=LINE('',#10072,#3634);
#3300=LINE('',#10106,#3635);
#3301=LINE('',#10107,#3636);
#3302=LINE('',#10122,#3637);
#3303=LINE('',#10129,#3638);
#3304=LINE('',#10131,#3639);
#3305=LINE('',#10133,#3640);
#3306=LINE('',#10139,#3641);
#3307=LINE('',#10182,#3642);
#3308=LINE('',#10185,#3643);
#3309=LINE('',#10187,#3644);
#3310=LINE('',#10189,#3645);
#3311=LINE('',#10191,#3646);
#3312=LINE('',#10193,#3647);
#3313=LINE('',#10195,#3648);
#3314=LINE('',#10202,#3649);
#3315=LINE('',#10204,#3650);
#3316=LINE('',#10224,#3651);
#3317=LINE('',#10226,#3652);
#3318=LINE('',#10228,#3653);
#3319=LINE('',#10231,#3654);
#3320=LINE('',#10233,#3655);
#3321=LINE('',#10237,#3656);
#3322=LINE('',#10239,#3657);
#3323=LINE('',#10241,#3658);
#3324=LINE('',#10243,#3659);
#3325=LINE('',#10245,#3660);
#3326=LINE('',#10277,#3661);
#3327=LINE('',#10282,#3662);
#3328=LINE('',#10285,#3663);
#3329=LINE('',#10287,#3664);
#3330=LINE('',#10289,#3665);
#3331=LINE('',#10293,#3666);
#3332=LINE('',#10301,#3667);
#3333=LINE('',#10312,#3668);
#3334=LINE('',#10313,#3669);
#3335=LINE('',#10328,#3670);
#3336=LINE('',#10332,#3671);
#3337=LINE('',#10334,#3672);
#3338=LINE('',#10336,#3673);
#3339=LINE('',#10357,#3674);
#3340=LINE('',#10359,#3675);
#3341=LINE('',#10361,#3676);
#3342=LINE('',#10363,#3677);
#3343=LINE('',#10365,#3678);
#3344=LINE('',#10367,#3679);
#3345=LINE('',#10369,#3680);
#3346=LINE('',#10371,#3681);
#3347=LINE('',#10373,#3682);
#3348=LINE('',#10375,#3683);
#3349=LINE('',#10404,#3684);
#3350=LINE('',#10405,#3685);
#3351=LINE('',#10407,#3686);
#3352=LINE('',#10466,#3687);
#3353=LINE('',#10470,#3688);
#3354=LINE('',#10491,#3689);
#3355=LINE('',#10544,#3690);
#3356=LINE('',#10557,#3691);
#3357=LINE('',#10559,#3692);
#3358=LINE('',#10561,#3693);
#3359=LINE('',#10563,#3694);
#3360=LINE('',#10565,#3695);
#3361=LINE('',#10567,#3696);
#3362=LINE('',#10571,#3697);
#3363=LINE('',#10573,#3698);
#3364=LINE('',#10679,#3699);
#3365=LINE('',#10936,#3700);
#3366=LINE('',#10941,#3701);
#3367=LINE('',#10942,#3702);
#3368=LINE('',#10944,#3703);
#3369=LINE('',#11016,#3704);
#3370=LINE('',#11081,#3705);
#3371=LINE('',#11205,#3706);
#3372=LINE('',#11473,#3707);
#3373=LINE('',#11740,#3708);
#3374=LINE('',#11749,#3709);
#3375=LINE('',#12027,#3710);
#3376=LINE('',#12029,#3711);
#3377=VECTOR('',#4977,1000.);
#3378=VECTOR('',#4978,1000.);
#3379=VECTOR('',#4979,1000.);
#3380=VECTOR('',#4980,1000.);
#3381=VECTOR('',#4983,1000.);
#3382=VECTOR('',#4984,1000.);
#3383=VECTOR('',#4985,1000.);
#3384=VECTOR('',#4986,1000.);
#3385=VECTOR('',#5009,1000.);
#3386=VECTOR('',#5010,1000.);
#3387=VECTOR('',#5011,1000.);
#3388=VECTOR('',#5012,1000.);
#3389=VECTOR('',#5013,1000.);
#3390=VECTOR('',#5016,1000.);
#3391=VECTOR('',#5017,1000.);
#3392=VECTOR('',#5018,1000.);
#3393=VECTOR('',#5019,1000.);
#3394=VECTOR('',#5024,1000.);
#3395=VECTOR('',#5025,1000.);
#3396=VECTOR('',#5026,1000.);
#3397=VECTOR('',#5039,1000.);
#3398=VECTOR('',#5044,1000.);
#3399=VECTOR('',#5049,1000.);
#3400=VECTOR('',#5054,1000.);
#3401=VECTOR('',#5059,1000.);
#3402=VECTOR('',#5064,1000.);
#3403=VECTOR('',#5069,1000.);
#3404=VECTOR('',#5074,1000.);
#3405=VECTOR('',#5083,1000.);
#3406=VECTOR('',#5086,1000.);
#3407=VECTOR('',#5091,1000.);
#3408=VECTOR('',#5094,1000.);
#3409=VECTOR('',#5121,1000.);
#3410=VECTOR('',#5122,1000.);
#3411=VECTOR('',#5123,1000.);
#3412=VECTOR('',#5124,1000.);
#3413=VECTOR('',#5125,1000.);
#3414=VECTOR('',#5126,1000.);
#3415=VECTOR('',#5127,1000.);
#3416=VECTOR('',#5128,1000.);
#3417=VECTOR('',#5131,1000.);
#3418=VECTOR('',#5132,1000.);
#3419=VECTOR('',#5133,1000.);
#3420=VECTOR('',#5136,1000.);
#3421=VECTOR('',#5137,1000.);
#3422=VECTOR('',#5138,1000.);
#3423=VECTOR('',#5139,1000.);
#3424=VECTOR('',#5140,1000.);
#3425=VECTOR('',#5155,1000.);
#3426=VECTOR('',#5156,1000.);
#3427=VECTOR('',#5157,1000.);
#3428=VECTOR('',#5160,1000.);
#3429=VECTOR('',#5161,1000.);
#3430=VECTOR('',#5164,1000.);
#3431=VECTOR('',#5165,1000.);
#3432=VECTOR('',#5168,1000.);
#3433=VECTOR('',#5169,1000.);
#3434=VECTOR('',#5172,1000.);
#3435=VECTOR('',#5173,1000.);
#3436=VECTOR('',#5176,1000.);
#3437=VECTOR('',#5177,1000.);
#3438=VECTOR('',#5180,1000.);
#3439=VECTOR('',#5181,1000.);
#3440=VECTOR('',#5184,1000.);
#3441=VECTOR('',#5185,1000.);
#3442=VECTOR('',#5188,1000.);
#3443=VECTOR('',#5189,1000.);
#3444=VECTOR('',#5192,1000.);
#3445=VECTOR('',#5193,1000.);
#3446=VECTOR('',#5198,1000.);
#3447=VECTOR('',#5201,1000.);
#3448=VECTOR('',#5202,1000.);
#3449=VECTOR('',#5203,1000.);
#3450=VECTOR('',#5204,1000.);
#3451=VECTOR('',#5207,1000.);
#3452=VECTOR('',#5208,1000.);
#3453=VECTOR('',#5209,1000.);
#3454=VECTOR('',#5210,1000.);
#3455=VECTOR('',#5213,1000.);
#3456=VECTOR('',#5214,1000.);
#3457=VECTOR('',#5215,1000.);
#3458=VECTOR('',#5218,1000.);
#3459=VECTOR('',#5221,1000.);
#3460=VECTOR('',#5222,1000.);
#3461=VECTOR('',#5225,1000.);
#3462=VECTOR('',#5226,1000.);
#3463=VECTOR('',#5227,1000.);
#3464=VECTOR('',#5228,1000.);
#3465=VECTOR('',#5233,1000.);
#3466=VECTOR('',#5234,1000.);
#3467=VECTOR('',#5235,1000.);
#3468=VECTOR('',#5236,1000.);
#3469=VECTOR('',#5243,1000.);
#3470=VECTOR('',#5244,1000.);
#3471=VECTOR('',#5247,1000.);
#3472=VECTOR('',#5248,1000.);
#3473=VECTOR('',#5249,1000.);
#3474=VECTOR('',#5252,1000.);
#3475=VECTOR('',#5253,1000.);
#3476=VECTOR('',#5254,1000.);
#3477=VECTOR('',#5259,1000.);
#3478=VECTOR('',#5262,1000.);
#3479=VECTOR('',#5277,1000.);
#3480=VECTOR('',#5284,1000.);
#3481=VECTOR('',#5287,1000.);
#3482=VECTOR('',#5294,1000.);
#3483=VECTOR('',#5295,1000.);
#3484=VECTOR('',#5296,1000.);
#3485=VECTOR('',#5297,1000.);
#3486=VECTOR('',#5300,1000.);
#3487=VECTOR('',#5301,1000.);
#3488=VECTOR('',#5306,1000.);
#3489=VECTOR('',#5321,1000.);
#3490=VECTOR('',#5322,1000.);
#3491=VECTOR('',#5323,1000.);
#3492=VECTOR('',#5324,1000.);
#3493=VECTOR('',#5325,1000.);
#3494=VECTOR('',#5328,1000.);
#3495=VECTOR('',#5329,1000.);
#3496=VECTOR('',#5330,1000.);
#3497=VECTOR('',#5333,1000.);
#3498=VECTOR('',#5334,1000.);
#3499=VECTOR('',#5337,1000.);
#3500=VECTOR('',#5338,1000.);
#3501=VECTOR('',#5341,1000.);
#3502=VECTOR('',#5344,1000.);
#3503=VECTOR('',#5345,1000.);
#3504=VECTOR('',#5346,1000.);
#3505=VECTOR('',#5347,1000.);
#3506=VECTOR('',#5350,1000.);
#3507=VECTOR('',#5351,1000.);
#3508=VECTOR('',#5352,1000.);
#3509=VECTOR('',#5353,1000.);
#3510=VECTOR('',#5354,1000.);
#3511=VECTOR('',#5357,1000.);
#3512=VECTOR('',#5370,1000.);
#3513=VECTOR('',#5371,1000.);
#3514=VECTOR('',#5372,1000.);
#3515=VECTOR('',#5373,1000.);
#3516=VECTOR('',#5376,1000.);
#3517=VECTOR('',#5377,1000.);
#3518=VECTOR('',#5380,1000.);
#3519=VECTOR('',#5381,1000.);
#3520=VECTOR('',#5384,1000.);
#3521=VECTOR('',#5389,1000.);
#3522=VECTOR('',#5394,1000.);
#3523=VECTOR('',#5399,1000.);
#3524=VECTOR('',#5402,1000.);
#3525=VECTOR('',#5407,1000.);
#3526=VECTOR('',#5414,1000.);
#3527=VECTOR('',#5415,1000.);
#3528=VECTOR('',#5418,1000.);
#3529=VECTOR('',#5419,1000.);
#3530=VECTOR('',#5420,1000.);
#3531=VECTOR('',#5431,1000.);
#3532=VECTOR('',#5432,1000.);
#3533=VECTOR('',#5435,1000.);
#3534=VECTOR('',#5436,1000.);
#3535=VECTOR('',#5437,1000.);
#3536=VECTOR('',#5438,1000.);
#3537=VECTOR('',#5441,1000.);
#3538=VECTOR('',#5442,1000.);
#3539=VECTOR('',#5445,1000.);
#3540=VECTOR('',#5446,1000.);
#3541=VECTOR('',#5447,1000.);
#3542=VECTOR('',#5450,1000.);
#3543=VECTOR('',#5451,1000.);
#3544=VECTOR('',#5456,1000.);
#3545=VECTOR('',#5459,1000.);
#3546=VECTOR('',#5464,1000.);
#3547=VECTOR('',#5465,1000.);
#3548=VECTOR('',#5466,1000.);
#3549=VECTOR('',#5469,1000.);
#3550=VECTOR('',#5470,1000.);
#3551=VECTOR('',#5471,1000.);
#3552=VECTOR('',#5472,1000.);
#3553=VECTOR('',#5475,1000.);
#3554=VECTOR('',#5476,1000.);
#3555=VECTOR('',#5477,1000.);
#3556=VECTOR('',#5478,1000.);
#3557=VECTOR('',#5481,1000.);
#3558=VECTOR('',#5486,1000.);
#3559=VECTOR('',#5493,1000.);
#3560=VECTOR('',#5494,1000.);
#3561=VECTOR('',#5499,1000.);
#3562=VECTOR('',#5500,1000.);
#3563=VECTOR('',#5501,1000.);
#3564=VECTOR('',#5502,1000.);
#3565=VECTOR('',#5503,1000.);
#3566=VECTOR('',#5504,1000.);
#3567=VECTOR('',#5505,1000.);
#3568=VECTOR('',#5506,1000.);
#3569=VECTOR('',#5507,1000.);
#3570=VECTOR('',#5510,1000.);
#3571=VECTOR('',#5513,1000.);
#3572=VECTOR('',#5516,1000.);
#3573=VECTOR('',#5521,1000.);
#3574=VECTOR('',#5522,1000.);
#3575=VECTOR('',#5523,1000.);
#3576=VECTOR('',#5526,1000.);
#3577=VECTOR('',#5527,1000.);
#3578=VECTOR('',#5530,1000.);
#3579=VECTOR('',#5537,1000.);
#3580=VECTOR('',#5538,1000.);
#3581=VECTOR('',#5539,1000.);
#3582=VECTOR('',#5542,1000.);
#3583=VECTOR('',#5543,1000.);
#3584=VECTOR('',#5546,1000.);
#3585=VECTOR('',#5547,1000.);
#3586=VECTOR('',#5548,1000.);
#3587=VECTOR('',#5551,1000.);
#3588=VECTOR('',#5552,1000.);
#3589=VECTOR('',#5555,1000.);
#3590=VECTOR('',#5556,1000.);
#3591=VECTOR('',#5557,1000.);
#3592=VECTOR('',#5558,1000.);
#3593=VECTOR('',#5561,1000.);
#3594=VECTOR('',#5562,1000.);
#3595=VECTOR('',#5563,1000.);
#3596=VECTOR('',#5582,1000.);
#3597=VECTOR('',#5583,1000.);
#3598=VECTOR('',#5584,1000.);
#3599=VECTOR('',#5587,1000.);
#3600=VECTOR('',#5588,1000.);
#3601=VECTOR('',#5591,1000.);
#3602=VECTOR('',#5592,1000.);
#3603=VECTOR('',#5595,1000.);
#3604=VECTOR('',#5598,1000.);
#3605=VECTOR('',#5601,1000.);
#3606=VECTOR('',#5606,1000.);
#3607=VECTOR('',#5609,1000.);
#3608=VECTOR('',#5614,1000.);
#3609=VECTOR('',#5615,1000.);
#3610=VECTOR('',#5616,1000.);
#3611=VECTOR('',#5619,1000.);
#3612=VECTOR('',#5620,1000.);
#3613=VECTOR('',#5621,1000.);
#3614=VECTOR('',#5622,1000.);
#3615=VECTOR('',#5627,1000.);
#3616=VECTOR('',#5630,1000.);
#3617=VECTOR('',#5631,1000.);
#3618=VECTOR('',#5636,1000.);
#3619=VECTOR('',#5637,1000.);
#3620=VECTOR('',#5640,1000.);
#3621=VECTOR('',#5641,1000.);
#3622=VECTOR('',#5644,1000.);
#3623=VECTOR('',#5645,1000.);
#3624=VECTOR('',#5648,1000.);
#3625=VECTOR('',#5649,1000.);
#3626=VECTOR('',#5652,1000.);
#3627=VECTOR('',#5655,1000.);
#3628=VECTOR('',#5658,1000.);
#3629=VECTOR('',#5659,1000.);
#3630=VECTOR('',#5662,1000.);
#3631=VECTOR('',#5663,1000.);
#3632=VECTOR('',#5666,1000.);
#3633=VECTOR('',#5667,1000.);
#3634=VECTOR('',#5674,1000.);
#3635=VECTOR('',#5677,1000.);
#3636=VECTOR('',#5678,1000.);
#3637=VECTOR('',#5681,1000.);
#3638=VECTOR('',#5682,1000.);
#3639=VECTOR('',#5685,1000.);
#3640=VECTOR('',#5686,1000.);
#3641=VECTOR('',#5687,1000.);
#3642=VECTOR('',#5690,1000.);
#3643=VECTOR('',#5693,1000.);
#3644=VECTOR('',#5696,1000.);
#3645=VECTOR('',#5699,1000.);
#3646=VECTOR('',#5700,1000.);
#3647=VECTOR('',#5701,1000.);
#3648=VECTOR('',#5704,1000.);
#3649=VECTOR('',#5705,1000.);
#3650=VECTOR('',#5708,1000.);
#3651=VECTOR('',#5717,1000.);
#3652=VECTOR('',#5718,1000.);
#3653=VECTOR('',#5721,1000.);
#3654=VECTOR('',#5722,1000.);
#3655=VECTOR('',#5723,1000.);
#3656=VECTOR('',#5728,1000.);
#3657=VECTOR('',#5729,1000.);
#3658=VECTOR('',#5730,1000.);
#3659=VECTOR('',#5733,1000.);
#3660=VECTOR('',#5734,1000.);
#3661=VECTOR('',#5739,1000.);
#3662=VECTOR('',#5746,1000.);
#3663=VECTOR('',#5747,1000.);
#3664=VECTOR('',#5748,1000.);
#3665=VECTOR('',#5749,1000.);
#3666=VECTOR('',#5754,1000.);
#3667=VECTOR('',#5757,1000.);
#3668=VECTOR('',#5758,1000.);
#3669=VECTOR('',#5759,1000.);
#3670=VECTOR('',#5762,1000.);
#3671=VECTOR('',#5765,1000.);
#3672=VECTOR('',#5768,1000.);
#3673=VECTOR('',#5769,1000.);
#3674=VECTOR('',#5770,1000.);
#3675=VECTOR('',#5773,1000.);
#3676=VECTOR('',#5774,1000.);
#3677=VECTOR('',#5777,1000.);
#3678=VECTOR('',#5778,1000.);
#3679=VECTOR('',#5779,1000.);
#3680=VECTOR('',#5782,1000.);
#3681=VECTOR('',#5783,1000.);
#3682=VECTOR('',#5786,1000.);
#3683=VECTOR('',#5789,1000.);
#3684=VECTOR('',#5792,1000.);
#3685=VECTOR('',#5793,1000.);
#3686=VECTOR('',#5794,1000.);
#3687=VECTOR('',#5795,1000.);
#3688=VECTOR('',#5800,1000.);
#3689=VECTOR('',#5805,1000.);
#3690=VECTOR('',#5806,1000.);
#3691=VECTOR('',#5809,1000.);
#3692=VECTOR('',#5810,1000.);
#3693=VECTOR('',#5813,1000.);
#3694=VECTOR('',#5814,1000.);
#3695=VECTOR('',#5817,1000.);
#3696=VECTOR('',#5818,1000.);
#3697=VECTOR('',#5825,1000.);
#3698=VECTOR('',#5826,1000.);
#3699=VECTOR('',#5829,1000.);
#3700=VECTOR('',#5842,1000.);
#3701=VECTOR('',#5847,1000.);
#3702=VECTOR('',#5848,1000.);
#3703=VECTOR('',#5851,1000.);
#3704=VECTOR('',#5860,1000.);
#3705=VECTOR('',#5863,1000.);
#3706=VECTOR('',#5866,1000.);
#3707=VECTOR('',#5869,1000.);
#3708=VECTOR('',#5878,1000.);
#3709=VECTOR('',#5879,1000.);
#3710=VECTOR('',#5882,1000.);
#3711=VECTOR('',#5883,1000.);
#3712=EDGE_LOOP('',(#506,#507,#508,#509));
#3713=EDGE_LOOP('',(#510,#511,#512,#513));
#3714=EDGE_LOOP('',(#514,#515,#516));
#3715=EDGE_LOOP('',(#517));
#3716=EDGE_LOOP('',(#518));
#3717=EDGE_LOOP('',(#519));
#3718=EDGE_LOOP('',(#520));
#3719=EDGE_LOOP('',(#521));
#3720=EDGE_LOOP('',(#522));
#3721=EDGE_LOOP('',(#523,#524,#525,#526,#527));
#3722=EDGE_LOOP('',(#528,#529,#530,#531));
#3723=EDGE_LOOP('',(#532,#533,#534,#535,#536,#537,#538,#539));
#3724=EDGE_LOOP('',(#540,#541,#542));
#3725=EDGE_LOOP('',(#543));
#3726=EDGE_LOOP('',(#544));
#3727=EDGE_LOOP('',(#545,#546,#547,#548));
#3728=EDGE_LOOP('',(#549,#550,#551,#552));
#3729=EDGE_LOOP('',(#553,#554,#555,#556));
#3730=EDGE_LOOP('',(#557,#558,#559,#560));
#3731=EDGE_LOOP('',(#561,#562,#563,#564));
#3732=EDGE_LOOP('',(#565,#566,#567,#568));
#3733=EDGE_LOOP('',(#569,#570,#571,#572));
#3734=EDGE_LOOP('',(#573,#574,#575,#576));
#3735=EDGE_LOOP('',(#577));
#3736=EDGE_LOOP('',(#578));
#3737=EDGE_LOOP('',(#579,#580,#581,#582));
#3738=EDGE_LOOP('',(#583,#584,#585,#586));
#3739=EDGE_LOOP('',(#587,#588,#589,#590,#591,#592));
#3740=EDGE_LOOP('',(#593,#594));
#3741=EDGE_LOOP('',(#595));
#3742=EDGE_LOOP('',(#596,#597,#598,#599));
#3743=EDGE_LOOP('',(#600,#601));
#3744=EDGE_LOOP('',(#602));
#3745=EDGE_LOOP('',(#603,#604));
#3746=EDGE_LOOP('',(#605));
#3747=EDGE_LOOP('',(#606,#607,#608,#609,#610));
#3748=EDGE_LOOP('',(#611,#612,#613,#614,#615,#616,#617,#618,#619,#620,#621,
#622));
#3749=EDGE_LOOP('',(#623,#624,#625,#626,#627));
#3750=EDGE_LOOP('',(#628,#629,#630,#631,#632,#633,#634,#635));
#3751=EDGE_LOOP('',(#636));
#3752=EDGE_LOOP('',(#637));
#3753=EDGE_LOOP('',(#638));
#3754=EDGE_LOOP('',(#639));
#3755=EDGE_LOOP('',(#640));
#3756=EDGE_LOOP('',(#641));
#3757=EDGE_LOOP('',(#642,#643,#644,#645,#646));
#3758=EDGE_LOOP('',(#647,#648,#649,#650));
#3759=EDGE_LOOP('',(#651,#652,#653,#654,#655));
#3760=EDGE_LOOP('',(#656,#657,#658,#659));
#3761=EDGE_LOOP('',(#660,#661,#662,#663,#664));
#3762=EDGE_LOOP('',(#665,#666,#667,#668));
#3763=EDGE_LOOP('',(#669,#670,#671,#672,#673));
#3764=EDGE_LOOP('',(#674,#675,#676,#677));
#3765=EDGE_LOOP('',(#678,#679,#680,#681,#682));
#3766=EDGE_LOOP('',(#683,#684,#685,#686));
#3767=EDGE_LOOP('',(#687,#688,#689,#690,#691,#692));
#3768=EDGE_LOOP('',(#693,#694,#695,#696,#697));
#3769=EDGE_LOOP('',(#698,#699,#700,#701));
#3770=EDGE_LOOP('',(#702,#703,#704,#705));
#3771=EDGE_LOOP('',(#706,#707,#708,#709));
#3772=EDGE_LOOP('',(#710,#711,#712,#713,#714,#715,#716,#717,#718,#719,#720));
#3773=EDGE_LOOP('',(#721,#722,#723,#724));
#3774=EDGE_LOOP('',(#725,#726,#727,#728,#729));
#3775=EDGE_LOOP('',(#730,#731,#732,#733,#734,#735,#736,#737,#738));
#3776=EDGE_LOOP('',(#739));
#3777=EDGE_LOOP('',(#740,#741,#742,#743));
#3778=EDGE_LOOP('',(#744,#745,#746,#747));
#3779=EDGE_LOOP('',(#748,#749,#750,#751));
#3780=EDGE_LOOP('',(#752,#753,#754,#755));
#3781=EDGE_LOOP('',(#756,#757,#758,#759,#760,#761,#762,#763));
#3782=EDGE_LOOP('',(#764));
#3783=EDGE_LOOP('',(#765));
#3784=EDGE_LOOP('',(#766,#767,#768,#769,#770));
#3785=EDGE_LOOP('',(#771,#772,#773,#774));
#3786=EDGE_LOOP('',(#775,#776,#777,#778,#779,#780));
#3787=EDGE_LOOP('',(#781,#782,#783,#784));
#3788=EDGE_LOOP('',(#785,#786,#787,#788,#789));
#3789=EDGE_LOOP('',(#790,#791,#792,#793,#794));
#3790=EDGE_LOOP('',(#795,#796,#797,#798));
#3791=EDGE_LOOP('',(#799,#800,#801,#802,#803,#804,#805));
#3792=EDGE_LOOP('',(#806,#807,#808,#809,#810,#811,#812,#813));
#3793=EDGE_LOOP('',(#814,#815,#816,#817,#818,#819,#820,#821,#822,#823,#824,
#825));
#3794=EDGE_LOOP('',(#826,#827,#828,#829));
#3795=EDGE_LOOP('',(#830,#831,#832,#833,#834));
#3796=EDGE_LOOP('',(#835,#836,#837,#838));
#3797=EDGE_LOOP('',(#839,#840,#841,#842));
#3798=EDGE_LOOP('',(#843,#844,#845,#846,#847,#848,#849,#850,#851,#852,#853,
#854,#855,#856,#857,#858,#859,#860,#861,#862,#863,#864,#865));
#3799=EDGE_LOOP('',(#866));
#3800=EDGE_LOOP('',(#867));
#3801=EDGE_LOOP('',(#868));
#3802=EDGE_LOOP('',(#869,#870,#871,#872,#873,#874,#875,#876,#877,#878));
#3803=EDGE_LOOP('',(#879,#880,#881,#882,#883));
#3804=EDGE_LOOP('',(#884,#885,#886,#887,#888,#889,#890));
#3805=EDGE_LOOP('',(#891,#892,#893,#894,#895,#896));
#3806=EDGE_LOOP('',(#897,#898,#899,#900));
#3807=EDGE_LOOP('',(#901));
#3808=EDGE_LOOP('',(#902));
#3809=EDGE_LOOP('',(#903));
#3810=EDGE_LOOP('',(#904,#905,#906,#907,#908));
#3811=EDGE_LOOP('',(#909,#910,#911));
#3812=EDGE_LOOP('',(#912,#913,#914,#915));
#3813=EDGE_LOOP('',(#916,#917,#918,#919));
#3814=EDGE_LOOP('',(#920,#921,#922,#923));
#3815=EDGE_LOOP('',(#924,#925,#926,#927));
#3816=EDGE_LOOP('',(#928,#929,#930,#931,#932,#933,#934));
#3817=EDGE_LOOP('',(#935,#936,#937,#938,#939));
#3818=EDGE_LOOP('',(#940,#941,#942,#943,#944));
#3819=EDGE_LOOP('',(#945,#946,#947,#948,#949,#950,#951,#952,#953,#954,#955,
#956,#957,#958));
#3820=EDGE_LOOP('',(#959));
#3821=EDGE_LOOP('',(#960,#961));
#3822=EDGE_LOOP('',(#962,#963,#964,#965));
#3823=EDGE_LOOP('',(#966,#967,#968,#969,#970));
#3824=EDGE_LOOP('',(#971,#972,#973,#974));
#3825=EDGE_LOOP('',(#975,#976,#977,#978,#979,#980,#981));
#3826=EDGE_LOOP('',(#982,#983,#984,#985,#986));
#3827=EDGE_LOOP('',(#987,#988,#989,#990));
#3828=EDGE_LOOP('',(#991,#992,#993,#994,#995,#996));
#3829=EDGE_LOOP('',(#997,#998,#999,#1000,#1001,#1002,#1003));
#3830=EDGE_LOOP('',(#1004,#1005,#1006,#1007,#1008,#1009,#1010));
#3831=EDGE_LOOP('',(#1011,#1012,#1013,#1014,#1015));
#3832=EDGE_LOOP('',(#1016,#1017,#1018,#1019,#1020));
#3833=EDGE_LOOP('',(#1021,#1022,#1023,#1024,#1025,#1026));
#3834=EDGE_LOOP('',(#1027,#1028,#1029,#1030,#1031,#1032));
#3835=EDGE_LOOP('',(#1033,#1034,#1035,#1036));
#3836=EDGE_LOOP('',(#1037));
#3837=EDGE_LOOP('',(#1038));
#3838=EDGE_LOOP('',(#1039,#1040,#1041,#1042,#1043));
#3839=EDGE_LOOP('',(#1044,#1045,#1046,#1047));
#3840=EDGE_LOOP('',(#1048,#1049,#1050,#1051,#1052,#1053,#1054,#1055,#1056,
#1057));
#3841=EDGE_LOOP('',(#1058,#1059,#1060,#1061,#1062));
#3842=EDGE_LOOP('',(#1063));
#3843=EDGE_LOOP('',(#1064));
#3844=EDGE_LOOP('',(#1065));
#3845=EDGE_LOOP('',(#1066));
#3846=EDGE_LOOP('',(#1067,#1068,#1069,#1070,#1071));
#3847=EDGE_LOOP('',(#1072,#1073,#1074,#1075,#1076,#1077));
#3848=EDGE_LOOP('',(#1078,#1079,#1080,#1081));
#3849=EDGE_LOOP('',(#1082,#1083,#1084,#1085));
#3850=EDGE_LOOP('',(#1086,#1087,#1088,#1089,#1090));
#3851=EDGE_LOOP('',(#1091,#1092,#1093,#1094));
#3852=EDGE_LOOP('',(#1095,#1096,#1097,#1098,#1099));
#3853=EDGE_LOOP('',(#1100));
#3854=EDGE_LOOP('',(#1101,#1102,#1103,#1104));
#3855=EDGE_LOOP('',(#1105,#1106,#1107,#1108));
#3856=EDGE_LOOP('',(#1109,#1110,#1111,#1112));
#3857=EDGE_LOOP('',(#1113,#1114,#1115,#1116));
#3858=EDGE_LOOP('',(#1117,#1118,#1119,#1120));
#3859=EDGE_LOOP('',(#1121,#1122,#1123,#1124,#1125));
#3860=EDGE_LOOP('',(#1126,#1127,#1128,#1129,#1130,#1131,#1132,#1133));
#3861=EDGE_LOOP('',(#1134,#1135,#1136,#1137,#1138,#1139,#1140,#1141));
#3862=EDGE_LOOP('',(#1142,#1143,#1144));
#3863=EDGE_LOOP('',(#1145));
#3864=EDGE_LOOP('',(#1146,#1147,#1148,#1149,#1150,#1151,#1152,#1153,#1154,
#1155,#1156,#1157,#1158,#1159,#1160,#1161,#1162,#1163,#1164,#1165,#1166,
#1167,#1168,#1169,#1170,#1171,#1172,#1173,#1174,#1175,#1176,#1177,#1178));
#3865=EDGE_LOOP('',(#1179,#1180,#1181,#1182,#1183,#1184));
#3866=EDGE_LOOP('',(#1185,#1186,#1187,#1188,#1189,#1190,#1191));
#3867=EDGE_LOOP('',(#1192,#1193,#1194,#1195,#1196));
#3868=EDGE_LOOP('',(#1197,#1198,#1199,#1200,#1201));
#3869=EDGE_LOOP('',(#1202,#1203,#1204,#1205,#1206));
#3870=EDGE_LOOP('',(#1207,#1208,#1209,#1210));
#3871=EDGE_LOOP('',(#1211,#1212,#1213,#1214));
#3872=EDGE_LOOP('',(#1215));
#3873=EDGE_LOOP('',(#1216));
#3874=EDGE_LOOP('',(#1217,#1218,#1219,#1220,#1221,#1222));
#3875=EDGE_LOOP('',(#1223,#1224,#1225,#1226,#1227));
#3876=EDGE_LOOP('',(#1228,#1229,#1230,#1231));
#3877=EDGE_LOOP('',(#1232));
#3878=EDGE_LOOP('',(#1233));
#3879=EDGE_LOOP('',(#1234,#1235,#1236,#1237));
#3880=EDGE_LOOP('',(#1238,#1239,#1240,#1241));
#3881=EDGE_LOOP('',(#1242,#1243,#1244,#1245));
#3882=EDGE_LOOP('',(#1246,#1247,#1248,#1249,#1250,#1251,#1252));
#3883=EDGE_LOOP('',(#1253,#1254,#1255,#1256));
#3884=EDGE_LOOP('',(#1257,#1258,#1259,#1260));
#3885=EDGE_LOOP('',(#1261,#1262,#1263,#1264,#1265,#1266));
#3886=EDGE_LOOP('',(#1267,#1268,#1269,#1270,#1271,#1272));
#3887=EDGE_LOOP('',(#1273,#1274,#1275,#1276));
#3888=EDGE_LOOP('',(#1277,#1278,#1279,#1280));
#3889=EDGE_LOOP('',(#1281,#1282,#1283,#1284));
#3890=EDGE_LOOP('',(#1285,#1286,#1287,#1288));
#3891=EDGE_LOOP('',(#1289,#1290,#1291,#1292));
#3892=EDGE_LOOP('',(#1293,#1294,#1295,#1296));
#3893=EDGE_LOOP('',(#1297,#1298,#1299,#1300));
#3894=EDGE_LOOP('',(#1301,#1302,#1303,#1304));
#3895=EDGE_LOOP('',(#1305,#1306,#1307,#1308,#1309,#1310,#1311));
#3896=EDGE_LOOP('',(#1312,#1313,#1314,#1315));
#3897=EDGE_LOOP('',(#1316,#1317,#1318,#1319,#1320,#1321,#1322,#1323,#1324,
#1325,#1326,#1327));
#3898=EDGE_LOOP('',(#1328,#1329,#1330,#1331));
#3899=EDGE_LOOP('',(#1332,#1333,#1334,#1335));
#3900=EDGE_LOOP('',(#1336,#1337,#1338,#1339));
#3901=EDGE_LOOP('',(#1340,#1341,#1342,#1343));
#3902=EDGE_LOOP('',(#1344,#1345,#1346,#1347));
#3903=EDGE_LOOP('',(#1348,#1349,#1350,#1351,#1352));
#3904=EDGE_LOOP('',(#1353,#1354,#1355,#1356));
#3905=EDGE_LOOP('',(#1357,#1358,#1359,#1360,#1361));
#3906=EDGE_LOOP('',(#1362,#1363,#1364,#1365,#1366));
#3907=EDGE_LOOP('',(#1367,#1368,#1369,#1370,#1371,#1372,#1373,#1374));
#3908=EDGE_LOOP('',(#1375,#1376,#1377,#1378,#1379));
#3909=EDGE_LOOP('',(#1380,#1381,#1382,#1383));
#3910=EDGE_LOOP('',(#1384,#1385,#1386,#1387,#1388));
#3911=EDGE_LOOP('',(#1389,#1390,#1391,#1392,#1393,#1394));
#3912=EDGE_LOOP('',(#1395));
#3913=EDGE_LOOP('',(#1396));
#3914=EDGE_LOOP('',(#1397,#1398,#1399,#1400,#1401,#1402,#1403,#1404,#1405,
#1406,#1407));
#3915=EDGE_LOOP('',(#1408,#1409,#1410,#1411,#1412,#1413,#1414,#1415,#1416));
#3916=EDGE_LOOP('',(#1417,#1418,#1419,#1420,#1421,#1422,#1423,#1424));
#3917=EDGE_LOOP('',(#1425,#1426,#1427,#1428));
#3918=EDGE_LOOP('',(#1429,#1430,#1431,#1432,#1433));
#3919=EDGE_LOOP('',(#1434,#1435,#1436,#1437));
#3920=EDGE_LOOP('',(#1438,#1439,#1440,#1441));
#3921=EDGE_LOOP('',(#1442,#1443,#1444,#1445));
#3922=EDGE_LOOP('',(#1446,#1447,#1448,#1449,#1450,#1451));
#3923=EDGE_LOOP('',(#1452,#1453,#1454,#1455,#1456,#1457,#1458,#1459,#1460,
#1461));
#3924=EDGE_LOOP('',(#1462,#1463,#1464,#1465));
#3925=EDGE_LOOP('',(#1466,#1467,#1468,#1469));
#3926=EDGE_LOOP('',(#1470,#1471,#1472,#1473));
#3927=EDGE_LOOP('',(#1474,#1475,#1476));
#3928=EDGE_LOOP('',(#1477,#1478,#1479,#1480));
#3929=EDGE_LOOP('',(#1481,#1482,#1483,#1484,#1485,#1486));
#3930=EDGE_LOOP('',(#1487,#1488,#1489,#1490));
#3931=EDGE_LOOP('',(#1491,#1492,#1493,#1494));
#3932=EDGE_LOOP('',(#1495,#1496,#1497,#1498,#1499,#1500,#1501,#1502,#1503,
#1504,#1505,#1506,#1507,#1508,#1509,#1510,#1511,#1512,#1513,#1514,#1515,
#1516,#1517,#1518,#1519,#1520,#1521,#1522,#1523,#1524));
#3933=EDGE_LOOP('',(#1525,#1526,#1527,#1528));
#3934=EDGE_LOOP('',(#1529,#1530,#1531,#1532));
#3935=EDGE_LOOP('',(#1533,#1534,#1535,#1536));
#3936=EDGE_LOOP('',(#1537,#1538,#1539));
#3937=EDGE_LOOP('',(#1540,#1541,#1542,#1543,#1544,#1545,#1546,#1547,#1548,
#1549,#1550,#1551));
#3938=EDGE_LOOP('',(#1552,#1553,#1554));
#3939=EDGE_LOOP('',(#1555,#1556,#1557,#1558));
#3940=EDGE_LOOP('',(#1559,#1560,#1561,#1562));
#3941=EDGE_LOOP('',(#1563,#1564,#1565,#1566));
#3942=EDGE_LOOP('',(#1567,#1568,#1569,#1570));
#3943=EDGE_LOOP('',(#1571,#1572,#1573,#1574,#1575,#1576,#1577));
#3944=EDGE_LOOP('',(#1578,#1579,#1580,#1581));
#3945=EDGE_LOOP('',(#1582));
#3946=EDGE_LOOP('',(#1583,#1584,#1585,#1586));
#3947=EDGE_LOOP('',(#1587,#1588,#1589,#1590));
#3948=EDGE_LOOP('',(#1591,#1592,#1593,#1594,#1595,#1596));
#3949=EDGE_LOOP('',(#1597,#1598,#1599,#1600,#1601,#1602,#1603,#1604));
#3950=EDGE_LOOP('',(#1605,#1606,#1607,#1608));
#3951=EDGE_LOOP('',(#1609,#1610,#1611,#1612,#1613,#1614,#1615));
#3952=EDGE_LOOP('',(#1616,#1617,#1618,#1619));
#3953=EDGE_LOOP('',(#1620,#1621,#1622,#1623,#1624,#1625,#1626,#1627));
#3954=EDGE_LOOP('',(#1628,#1629,#1630,#1631));
#3955=EDGE_LOOP('',(#1632,#1633,#1634,#1635,#1636,#1637,#1638,#1639,#1640,
#1641));
#3956=EDGE_LOOP('',(#1642,#1643,#1644,#1645));
#3957=EDGE_LOOP('',(#1646,#1647,#1648,#1649));
#3958=EDGE_LOOP('',(#1650,#1651,#1652,#1653,#1654,#1655));
#3959=EDGE_LOOP('',(#1656,#1657,#1658,#1659));
#3960=EDGE_LOOP('',(#1660,#1661,#1662,#1663));
#3961=EDGE_LOOP('',(#1664,#1665,#1666,#1667,#1668,#1669,#1670,#1671,#1672,
#1673));
#3962=EDGE_LOOP('',(#1674,#1675,#1676,#1677,#1678));
#3963=EDGE_LOOP('',(#1679,#1680,#1681,#1682,#1683,#1684,#1685,#1686,#1687,
#1688,#1689,#1690,#1691));
#3964=EDGE_LOOP('',(#1692,#1693,#1694,#1695,#1696));
#3965=EDGE_LOOP('',(#1697,#1698,#1699,#1700,#1701,#1702));
#3966=EDGE_LOOP('',(#1703,#1704,#1705,#1706));
#3967=EDGE_LOOP('',(#1707,#1708,#1709,#1710,#1711,#1712,#1713,#1714,#1715,
#1716,#1717,#1718,#1719,#1720,#1721,#1722));
#3968=EDGE_LOOP('',(#1723,#1724,#1725,#1726));
#3969=EDGE_LOOP('',(#1727,#1728,#1729,#1730,#1731,#1732,#1733,#1734,#1735,
#1736,#1737,#1738));
#3970=EDGE_LOOP('',(#1739,#1740,#1741,#1742));
#3971=EDGE_LOOP('',(#1743,#1744,#1745,#1746));
#3972=EDGE_LOOP('',(#1747,#1748,#1749,#1750));
#3973=EDGE_LOOP('',(#1751,#1752,#1753,#1754,#1755,#1756));
#3974=EDGE_LOOP('',(#1757,#1758,#1759,#1760,#1761));
#3975=EDGE_LOOP('',(#1762,#1763,#1764,#1765,#1766));
#3976=EDGE_LOOP('',(#1767,#1768,#1769,#1770));
#3977=EDGE_LOOP('',(#1771,#1772,#1773,#1774,#1775,#1776,#1777,#1778,#1779,
#1780,#1781));
#3978=EDGE_LOOP('',(#1782,#1783,#1784,#1785));
#3979=EDGE_LOOP('',(#1786,#1787,#1788,#1789,#1790));
#3980=EDGE_LOOP('',(#1791,#1792,#1793,#1794,#1795));
#3981=EDGE_LOOP('',(#1796,#1797,#1798,#1799,#1800));
#3982=EDGE_LOOP('',(#1801,#1802,#1803,#1804));
#3983=EDGE_LOOP('',(#1805,#1806,#1807,#1808,#1809,#1810,#1811,#1812));
#3984=EDGE_LOOP('',(#1813,#1814,#1815,#1816));
#3985=EDGE_LOOP('',(#1817,#1818,#1819,#1820,#1821));
#3986=EDGE_LOOP('',(#1822,#1823,#1824,#1825,#1826,#1827));
#3987=EDGE_LOOP('',(#1828,#1829,#1830,#1831,#1832));
#3988=EDGE_LOOP('',(#1833,#1834,#1835,#1836,#1837));
#3989=EDGE_LOOP('',(#1838,#1839,#1840,#1841));
#3990=EDGE_LOOP('',(#1842,#1843,#1844,#1845,#1846,#1847,#1848,#1849,#1850));
#3991=EDGE_LOOP('',(#1851,#1852,#1853,#1854));
#3992=EDGE_LOOP('',(#1855,#1856,#1857,#1858,#1859));
#3993=EDGE_LOOP('',(#1860,#1861,#1862,#1863,#1864));
#3994=EDGE_LOOP('',(#1865,#1866,#1867,#1868,#1869,#1870));
#3995=EDGE_LOOP('',(#1871,#1872,#1873,#1874));
#3996=EDGE_LOOP('',(#1875,#1876,#1877,#1878,#1879,#1880,#1881,#1882));
#3997=EDGE_LOOP('',(#1883,#1884,#1885,#1886,#1887,#1888,#1889));
#3998=FACE_BOUND('',#3712,.T.);
#3999=FACE_BOUND('',#3713,.T.);
#4000=FACE_BOUND('',#3714,.T.);
#4001=FACE_BOUND('',#3715,.T.);
#4002=FACE_BOUND('',#3716,.T.);
#4003=FACE_BOUND('',#3717,.T.);
#4004=FACE_BOUND('',#3718,.T.);
#4005=FACE_BOUND('',#3719,.T.);
#4006=FACE_BOUND('',#3720,.T.);
#4007=FACE_BOUND('',#3721,.T.);
#4008=FACE_BOUND('',#3722,.T.);
#4009=FACE_BOUND('',#3723,.T.);
#4010=FACE_BOUND('',#3724,.T.);
#4011=FACE_BOUND('',#3725,.T.);
#4012=FACE_BOUND('',#3726,.T.);
#4013=FACE_BOUND('',#3727,.T.);
#4014=FACE_BOUND('',#3728,.T.);
#4015=FACE_BOUND('',#3729,.T.);
#4016=FACE_BOUND('',#3730,.T.);
#4017=FACE_BOUND('',#3731,.T.);
#4018=FACE_BOUND('',#3732,.T.);
#4019=FACE_BOUND('',#3733,.T.);
#4020=FACE_BOUND('',#3734,.T.);
#4021=FACE_BOUND('',#3735,.T.);
#4022=FACE_BOUND('',#3736,.T.);
#4023=FACE_BOUND('',#3737,.T.);
#4024=FACE_BOUND('',#3738,.T.);
#4025=FACE_BOUND('',#3739,.T.);
#4026=FACE_BOUND('',#3740,.T.);
#4027=FACE_BOUND('',#3741,.T.);
#4028=FACE_BOUND('',#3742,.T.);
#4029=FACE_BOUND('',#3743,.T.);
#4030=FACE_BOUND('',#3744,.T.);
#4031=FACE_BOUND('',#3745,.T.);
#4032=FACE_BOUND('',#3746,.T.);
#4033=FACE_BOUND('',#3747,.T.);
#4034=FACE_BOUND('',#3748,.T.);
#4035=FACE_BOUND('',#3749,.T.);
#4036=FACE_BOUND('',#3750,.T.);
#4037=FACE_BOUND('',#3751,.T.);
#4038=FACE_BOUND('',#3752,.T.);
#4039=FACE_BOUND('',#3753,.T.);
#4040=FACE_BOUND('',#3754,.T.);
#4041=FACE_BOUND('',#3755,.T.);
#4042=FACE_BOUND('',#3756,.T.);
#4043=FACE_BOUND('',#3757,.T.);
#4044=FACE_BOUND('',#3758,.T.);
#4045=FACE_BOUND('',#3759,.T.);
#4046=FACE_BOUND('',#3760,.T.);
#4047=FACE_BOUND('',#3761,.T.);
#4048=FACE_BOUND('',#3762,.T.);
#4049=FACE_BOUND('',#3763,.T.);
#4050=FACE_BOUND('',#3764,.T.);
#4051=FACE_BOUND('',#3765,.T.);
#4052=FACE_BOUND('',#3766,.T.);
#4053=FACE_BOUND('',#3767,.T.);
#4054=FACE_BOUND('',#3768,.T.);
#4055=FACE_BOUND('',#3769,.T.);
#4056=FACE_BOUND('',#3770,.T.);
#4057=FACE_BOUND('',#3771,.T.);
#4058=FACE_BOUND('',#3772,.T.);
#4059=FACE_BOUND('',#3773,.T.);
#4060=FACE_BOUND('',#3774,.T.);
#4061=FACE_BOUND('',#3775,.T.);
#4062=FACE_BOUND('',#3776,.T.);
#4063=FACE_BOUND('',#3777,.T.);
#4064=FACE_BOUND('',#3778,.T.);
#4065=FACE_BOUND('',#3779,.T.);
#4066=FACE_BOUND('',#3780,.T.);
#4067=FACE_BOUND('',#3781,.T.);
#4068=FACE_BOUND('',#3782,.T.);
#4069=FACE_BOUND('',#3783,.T.);
#4070=FACE_BOUND('',#3784,.T.);
#4071=FACE_BOUND('',#3785,.T.);
#4072=FACE_BOUND('',#3786,.T.);
#4073=FACE_BOUND('',#3787,.T.);
#4074=FACE_BOUND('',#3788,.T.);
#4075=FACE_BOUND('',#3789,.T.);
#4076=FACE_BOUND('',#3790,.T.);
#4077=FACE_BOUND('',#3791,.T.);
#4078=FACE_BOUND('',#3792,.T.);
#4079=FACE_BOUND('',#3793,.T.);
#4080=FACE_BOUND('',#3794,.T.);
#4081=FACE_BOUND('',#3795,.T.);
#4082=FACE_BOUND('',#3796,.T.);
#4083=FACE_BOUND('',#3797,.T.);
#4084=FACE_BOUND('',#3798,.T.);
#4085=FACE_BOUND('',#3799,.T.);
#4086=FACE_BOUND('',#3800,.T.);
#4087=FACE_BOUND('',#3801,.T.);
#4088=FACE_BOUND('',#3802,.T.);
#4089=FACE_BOUND('',#3803,.T.);
#4090=FACE_BOUND('',#3804,.T.);
#4091=FACE_BOUND('',#3805,.T.);
#4092=FACE_BOUND('',#3806,.T.);
#4093=FACE_BOUND('',#3807,.T.);
#4094=FACE_BOUND('',#3808,.T.);
#4095=FACE_BOUND('',#3809,.T.);
#4096=FACE_BOUND('',#3810,.T.);
#4097=FACE_BOUND('',#3811,.T.);
#4098=FACE_BOUND('',#3812,.T.);
#4099=FACE_BOUND('',#3813,.T.);
#4100=FACE_BOUND('',#3814,.T.);
#4101=FACE_BOUND('',#3815,.T.);
#4102=FACE_BOUND('',#3816,.T.);
#4103=FACE_BOUND('',#3817,.T.);
#4104=FACE_BOUND('',#3818,.T.);
#4105=FACE_BOUND('',#3819,.T.);
#4106=FACE_BOUND('',#3820,.T.);
#4107=FACE_BOUND('',#3821,.T.);
#4108=FACE_BOUND('',#3822,.T.);
#4109=FACE_BOUND('',#3823,.T.);
#4110=FACE_BOUND('',#3824,.T.);
#4111=FACE_BOUND('',#3825,.T.);
#4112=FACE_BOUND('',#3826,.T.);
#4113=FACE_BOUND('',#3827,.T.);
#4114=FACE_BOUND('',#3828,.T.);
#4115=FACE_BOUND('',#3829,.T.);
#4116=FACE_BOUND('',#3830,.T.);
#4117=FACE_BOUND('',#3831,.T.);
#4118=FACE_BOUND('',#3832,.T.);
#4119=FACE_BOUND('',#3833,.T.);
#4120=FACE_BOUND('',#3834,.T.);
#4121=FACE_BOUND('',#3835,.T.);
#4122=FACE_BOUND('',#3836,.T.);
#4123=FACE_BOUND('',#3837,.T.);
#4124=FACE_BOUND('',#3838,.T.);
#4125=FACE_BOUND('',#3839,.T.);
#4126=FACE_BOUND('',#3840,.T.);
#4127=FACE_BOUND('',#3841,.T.);
#4128=FACE_BOUND('',#3842,.T.);
#4129=FACE_BOUND('',#3843,.T.);
#4130=FACE_BOUND('',#3844,.T.);
#4131=FACE_BOUND('',#3845,.T.);
#4132=FACE_BOUND('',#3846,.T.);
#4133=FACE_BOUND('',#3847,.T.);
#4134=FACE_BOUND('',#3848,.T.);
#4135=FACE_BOUND('',#3849,.T.);
#4136=FACE_BOUND('',#3850,.T.);
#4137=FACE_BOUND('',#3851,.T.);
#4138=FACE_BOUND('',#3852,.T.);
#4139=FACE_BOUND('',#3853,.T.);
#4140=FACE_BOUND('',#3854,.T.);
#4141=FACE_BOUND('',#3855,.T.);
#4142=FACE_BOUND('',#3856,.T.);
#4143=FACE_BOUND('',#3857,.T.);
#4144=FACE_BOUND('',#3858,.T.);
#4145=FACE_BOUND('',#3859,.T.);
#4146=FACE_BOUND('',#3860,.T.);
#4147=FACE_BOUND('',#3861,.T.);
#4148=FACE_BOUND('',#3862,.T.);
#4149=FACE_BOUND('',#3863,.T.);
#4150=FACE_BOUND('',#3864,.T.);
#4151=FACE_BOUND('',#3865,.T.);
#4152=FACE_BOUND('',#3866,.T.);
#4153=FACE_BOUND('',#3867,.T.);
#4154=FACE_BOUND('',#3868,.T.);
#4155=FACE_BOUND('',#3869,.T.);
#4156=FACE_BOUND('',#3870,.T.);
#4157=FACE_BOUND('',#3871,.T.);
#4158=FACE_BOUND('',#3872,.T.);
#4159=FACE_BOUND('',#3873,.T.);
#4160=FACE_BOUND('',#3874,.T.);
#4161=FACE_BOUND('',#3875,.T.);
#4162=FACE_BOUND('',#3876,.T.);
#4163=FACE_BOUND('',#3877,.T.);
#4164=FACE_BOUND('',#3878,.T.);
#4165=FACE_BOUND('',#3879,.T.);
#4166=FACE_BOUND('',#3880,.T.);
#4167=FACE_BOUND('',#3881,.T.);
#4168=FACE_BOUND('',#3882,.T.);
#4169=FACE_BOUND('',#3883,.T.);
#4170=FACE_BOUND('',#3884,.T.);
#4171=FACE_BOUND('',#3885,.T.);
#4172=FACE_BOUND('',#3886,.T.);
#4173=FACE_BOUND('',#3887,.T.);
#4174=FACE_BOUND('',#3888,.T.);
#4175=FACE_BOUND('',#3889,.T.);
#4176=FACE_BOUND('',#3890,.T.);
#4177=FACE_BOUND('',#3891,.T.);
#4178=FACE_BOUND('',#3892,.T.);
#4179=FACE_BOUND('',#3893,.T.);
#4180=FACE_BOUND('',#3894,.T.);
#4181=FACE_BOUND('',#3895,.T.);
#4182=FACE_BOUND('',#3896,.T.);
#4183=FACE_BOUND('',#3897,.T.);
#4184=FACE_BOUND('',#3898,.T.);
#4185=FACE_BOUND('',#3899,.T.);
#4186=FACE_BOUND('',#3900,.T.);
#4187=FACE_BOUND('',#3901,.T.);
#4188=FACE_BOUND('',#3902,.T.);
#4189=FACE_BOUND('',#3903,.T.);
#4190=FACE_BOUND('',#3904,.T.);
#4191=FACE_BOUND('',#3905,.T.);
#4192=FACE_BOUND('',#3906,.T.);
#4193=FACE_BOUND('',#3907,.T.);
#4194=FACE_BOUND('',#3908,.T.);
#4195=FACE_BOUND('',#3909,.T.);
#4196=FACE_BOUND('',#3910,.T.);
#4197=FACE_BOUND('',#3911,.T.);
#4198=FACE_BOUND('',#3912,.T.);
#4199=FACE_BOUND('',#3913,.T.);
#4200=FACE_BOUND('',#3914,.T.);
#4201=FACE_BOUND('',#3915,.T.);
#4202=FACE_BOUND('',#3916,.T.);
#4203=FACE_BOUND('',#3917,.T.);
#4204=FACE_BOUND('',#3918,.T.);
#4205=FACE_BOUND('',#3919,.T.);
#4206=FACE_BOUND('',#3920,.T.);
#4207=FACE_BOUND('',#3921,.T.);
#4208=FACE_BOUND('',#3922,.T.);
#4209=FACE_BOUND('',#3923,.T.);
#4210=FACE_BOUND('',#3924,.T.);
#4211=FACE_BOUND('',#3925,.T.);
#4212=FACE_BOUND('',#3926,.T.);
#4213=FACE_BOUND('',#3927,.T.);
#4214=FACE_BOUND('',#3928,.T.);
#4215=FACE_BOUND('',#3929,.T.);
#4216=FACE_BOUND('',#3930,.T.);
#4217=FACE_BOUND('',#3931,.T.);
#4218=FACE_BOUND('',#3932,.T.);
#4219=FACE_BOUND('',#3933,.T.);
#4220=FACE_BOUND('',#3934,.T.);
#4221=FACE_BOUND('',#3935,.T.);
#4222=FACE_BOUND('',#3936,.T.);
#4223=FACE_BOUND('',#3937,.T.);
#4224=FACE_BOUND('',#3938,.T.);
#4225=FACE_BOUND('',#3939,.T.);
#4226=FACE_BOUND('',#3940,.T.);
#4227=FACE_BOUND('',#3941,.T.);
#4228=FACE_BOUND('',#3942,.T.);
#4229=FACE_BOUND('',#3943,.T.);
#4230=FACE_BOUND('',#3944,.T.);
#4231=FACE_BOUND('',#3945,.T.);
#4232=FACE_BOUND('',#3946,.T.);
#4233=FACE_BOUND('',#3947,.T.);
#4234=FACE_BOUND('',#3948,.T.);
#4235=FACE_BOUND('',#3949,.T.);
#4236=FACE_BOUND('',#3950,.T.);
#4237=FACE_BOUND('',#3951,.T.);
#4238=FACE_BOUND('',#3952,.T.);
#4239=FACE_BOUND('',#3953,.T.);
#4240=FACE_BOUND('',#3954,.T.);
#4241=FACE_BOUND('',#3955,.T.);
#4242=FACE_BOUND('',#3956,.T.);
#4243=FACE_BOUND('',#3957,.T.);
#4244=FACE_BOUND('',#3958,.T.);
#4245=FACE_BOUND('',#3959,.T.);
#4246=FACE_BOUND('',#3960,.T.);
#4247=FACE_BOUND('',#3961,.T.);
#4248=FACE_BOUND('',#3962,.T.);
#4249=FACE_BOUND('',#3963,.T.);
#4250=FACE_BOUND('',#3964,.T.);
#4251=FACE_BOUND('',#3965,.T.);
#4252=FACE_BOUND('',#3966,.T.);
#4253=FACE_BOUND('',#3967,.T.);
#4254=FACE_BOUND('',#3968,.T.);
#4255=FACE_BOUND('',#3969,.T.);
#4256=FACE_BOUND('',#3970,.T.);
#4257=FACE_BOUND('',#3971,.T.);
#4258=FACE_BOUND('',#3972,.T.);
#4259=FACE_BOUND('',#3973,.T.);
#4260=FACE_BOUND('',#3974,.T.);
#4261=FACE_BOUND('',#3975,.T.);
#4262=FACE_BOUND('',#3976,.T.);
#4263=FACE_BOUND('',#3977,.T.);
#4264=FACE_BOUND('',#3978,.T.);
#4265=FACE_BOUND('',#3979,.T.);
#4266=FACE_BOUND('',#3980,.T.);
#4267=FACE_BOUND('',#3981,.T.);
#4268=FACE_BOUND('',#3982,.T.);
#4269=FACE_BOUND('',#3983,.T.);
#4270=FACE_BOUND('',#3984,.T.);
#4271=FACE_BOUND('',#3985,.T.);
#4272=FACE_BOUND('',#3986,.T.);
#4273=FACE_BOUND('',#3987,.T.);
#4274=FACE_BOUND('',#3988,.T.);
#4275=FACE_BOUND('',#3989,.T.);
#4276=FACE_BOUND('',#3990,.T.);
#4277=FACE_BOUND('',#3991,.T.);
#4278=FACE_BOUND('',#3992,.T.);
#4279=FACE_BOUND('',#3993,.T.);
#4280=FACE_BOUND('',#3994,.T.);
#4281=FACE_BOUND('',#3995,.T.);
#4282=FACE_BOUND('',#3996,.T.);
#4283=FACE_BOUND('',#3997,.T.);
#4284=PLANE('',#4684);
#4285=PLANE('',#4685);
#4286=PLANE('',#4687);
#4287=PLANE('',#4690);
#4288=PLANE('',#4693);
#4289=PLANE('',#4696);
#4290=PLANE('',#4697);
#4291=PLANE('',#4698);
#4292=PLANE('',#4704);
#4293=PLANE('',#4709);
#4294=PLANE('',#4715);
#4295=PLANE('',#4719);
#4296=PLANE('',#4720);
#4297=PLANE('',#4740);
#4298=PLANE('',#4741);
#4299=PLANE('',#4742);
#4300=PLANE('',#4749);
#4301=PLANE('',#4750);
#4302=PLANE('',#4751);
#4303=PLANE('',#4752);
#4304=PLANE('',#4753);
#4305=PLANE('',#4754);
#4306=PLANE('',#4755);
#4307=PLANE('',#4756);
#4308=PLANE('',#4757);
#4309=PLANE('',#4758);
#4310=PLANE('',#4761);
#4311=PLANE('',#4762);
#4312=PLANE('',#4763);
#4313=PLANE('',#4765);
#4314=PLANE('',#4766);
#4315=PLANE('',#4767);
#4316=PLANE('',#4771);
#4317=PLANE('',#4772);
#4318=PLANE('',#4773);
#4319=PLANE('',#4776);
#4320=PLANE('',#4782);
#4321=PLANE('',#4786);
#4322=PLANE('',#4791);
#4323=PLANE('',#4792);
#4324=PLANE('',#4793);
#4325=PLANE('',#4794);
#4326=PLANE('',#4796);
#4327=PLANE('',#4798);
#4328=PLANE('',#4800);
#4329=PLANE('',#4801);
#4330=PLANE('',#4802);
#4331=PLANE('',#4803);
#4332=PLANE('',#4804);
#4333=PLANE('',#4805);
#4334=PLANE('',#4806);
#4335=PLANE('',#4807);
#4336=PLANE('',#4808);
#4337=PLANE('',#4813);
#4338=PLANE('',#4814);
#4339=PLANE('',#4815);
#4340=PLANE('',#4816);
#4341=PLANE('',#4828);
#4342=PLANE('',#4829);
#4343=PLANE('',#4834);
#4344=PLANE('',#4835);
#4345=PLANE('',#4836);
#4346=PLANE('',#4837);
#4347=PLANE('',#4838);
#4348=PLANE('',#4839);
#4349=PLANE('',#4843);
#4350=PLANE('',#4844);
#4351=PLANE('',#4845);
#4352=PLANE('',#4846);
#4353=PLANE('',#4851);
#4354=PLANE('',#4853);
#4355=PLANE('',#4858);
#4356=PLANE('',#4859);
#4357=PLANE('',#4860);
#4358=PLANE('',#4863);
#4359=PLANE('',#4864);
#4360=PLANE('',#4865);
#4361=PLANE('',#4866);
#4362=PLANE('',#4867);
#4363=PLANE('',#4868);
#4364=PLANE('',#4875);
#4365=PLANE('',#4877);
#4366=PLANE('',#4878);
#4367=PLANE('',#4879);
#4368=PLANE('',#4880);
#4369=PLANE('',#4887);
#4370=PLANE('',#4888);
#4371=PLANE('',#4891);
#4372=PLANE('',#4894);
#4373=PLANE('',#4895);
#4374=PLANE('',#4896);
#4375=PLANE('',#4897);
#4376=PLANE('',#4898);
#4377=PLANE('',#4899);
#4378=PLANE('',#4900);
#4379=PLANE('',#4901);
#4380=PLANE('',#4902);
#4381=PLANE('',#4904);
#4382=PLANE('',#4906);
#4383=PLANE('',#4907);
#4384=PLANE('',#4908);
#4385=PLANE('',#4911);
#4386=PLANE('',#4912);
#4387=PLANE('',#4913);
#4388=PLANE('',#4917);
#4389=PLANE('',#4918);
#4390=PLANE('',#4920);
#4391=PLANE('',#4921);
#4392=PLANE('',#4926);
#4393=PLANE('',#4929);
#4394=PLANE('',#4933);
#4395=PLANE('',#4934);
#4396=PLANE('',#4935);
#4397=PLANE('',#4936);
#4398=PLANE('',#4937);
#4399=PLANE('',#4938);
#4400=PLANE('',#4939);
#4401=PLANE('',#4943);
#4402=PLANE('',#4944);
#4403=PLANE('',#4945);
#4404=PLANE('',#4948);
#4405=PLANE('',#4949);
#4406=PLANE('',#4955);
#4407=PLANE('',#4956);
#4408=PLANE('',#4958);
#4409=PLANE('',#4962);
#4410=PLANE('',#4963);
#4411=PLANE('',#4965);
#4412=PLANE('',#4970);
#4413=PLANE('',#4971);
#4414=ADVANCED_FACE('',(#3998),#4284,.T.);
#4415=ADVANCED_FACE('',(#3999),#4285,.T.);
#4416=ADVANCED_FACE('',(#4000),#474,.T.);
#4417=ADVANCED_FACE('',(#4001,#4002),#4286,.F.);
#4418=ADVANCED_FACE('',(#4003,#4004),#4287,.F.);
#4419=ADVANCED_FACE('',(#4005,#4006),#4288,.F.);
#4420=ADVANCED_FACE('',(#4007),#4289,.F.);
#4421=ADVANCED_FACE('',(#4008),#4290,.T.);
#4422=ADVANCED_FACE('',(#4009),#4291,.T.);
#4423=ADVANCED_FACE('',(#4010),#475,.T.);
#4424=ADVANCED_FACE('',(#4011,#4012),#83,.F.);
#4425=ADVANCED_FACE('',(#4013),#4292,.F.);
#4426=ADVANCED_FACE('',(#4014),#84,.T.);
#4427=ADVANCED_FACE('',(#4015),#4293,.F.);
#4428=ADVANCED_FACE('',(#4016),#85,.T.);
#4429=ADVANCED_FACE('',(#4017),#86,.T.);
#4430=ADVANCED_FACE('',(#4018),#4294,.F.);
#4431=ADVANCED_FACE('',(#4019),#87,.T.);
#4432=ADVANCED_FACE('',(#4020),#4295,.F.);
#4433=ADVANCED_FACE('',(#4021,#4022),#4296,.T.);
#4434=ADVANCED_FACE('',(#4023),#88,.F.);
#4435=ADVANCED_FACE('',(#4024),#89,.T.);
#4436=ADVANCED_FACE('',(#4025),#476,.T.);
#4437=ADVANCED_FACE('',(#4026,#4027),#90,.F.);
#4438=ADVANCED_FACE('',(#4028),#477,.T.);
#4439=ADVANCED_FACE('',(#4029,#4030),#91,.F.);
#4440=ADVANCED_FACE('',(#4031,#4032),#92,.F.);
#4441=ADVANCED_FACE('',(#4033),#79,.T.);
#4442=ADVANCED_FACE('',(#4034),#4297,.T.);
#4443=ADVANCED_FACE('',(#4035),#4298,.F.);
#4444=ADVANCED_FACE('',(#4036),#4299,.T.);
#4445=ADVANCED_FACE('',(#4037,#4038),#93,.F.);
#4446=ADVANCED_FACE('',(#4039,#4040),#94,.F.);
#4447=ADVANCED_FACE('',(#4041,#4042),#95,.F.);
#4448=ADVANCED_FACE('',(#4043),#4300,.F.);
#4449=ADVANCED_FACE('',(#4044),#4301,.T.);
#4450=ADVANCED_FACE('',(#4045),#4302,.F.);
#4451=ADVANCED_FACE('',(#4046),#4303,.F.);
#4452=ADVANCED_FACE('',(#4047),#4304,.F.);
#4453=ADVANCED_FACE('',(#4048),#4305,.T.);
#4454=ADVANCED_FACE('',(#4049),#4306,.F.);
#4455=ADVANCED_FACE('',(#4050),#4307,.F.);
#4456=ADVANCED_FACE('',(#4051),#4308,.F.);
#4457=ADVANCED_FACE('',(#4052),#4309,.T.);
#4458=ADVANCED_FACE('',(#4053),#96,.F.);
#4459=ADVANCED_FACE('',(#4054),#4310,.T.);
#4460=ADVANCED_FACE('',(#4055),#478,.T.);
#4461=ADVANCED_FACE('',(#4056),#479,.T.);
#4462=ADVANCED_FACE('',(#4057),#480,.T.);
#4463=ADVANCED_FACE('',(#4058),#4311,.T.);
#4464=ADVANCED_FACE('',(#4059),#481,.F.);
#4465=ADVANCED_FACE('',(#4060),#482,.F.);
#4466=ADVANCED_FACE('',(#4061,#4062),#4312,.F.);
#4467=ADVANCED_FACE('',(#4063),#4313,.F.);
#4468=ADVANCED_FACE('',(#4064,#4065,#4066),#4314,.T.);
#4469=ADVANCED_FACE('',(#4067),#4315,.T.);
#4470=ADVANCED_FACE('',(#4068,#4069),#97,.F.);
#4471=ADVANCED_FACE('',(#4070),#4316,.T.);
#4472=ADVANCED_FACE('',(#4071),#4317,.F.);
#4473=ADVANCED_FACE('',(#4072),#4318,.T.);
#4474=ADVANCED_FACE('',(#4073),#98,.T.);
#4475=ADVANCED_FACE('',(#4074),#4319,.T.);
#4476=ADVANCED_FACE('',(#4075),#70,.F.);
#4477=ADVANCED_FACE('',(#4076),#80,.T.);
#4478=ADVANCED_FACE('',(#4077),#4320,.T.);
#4479=ADVANCED_FACE('',(#4078),#81,.F.);
#4480=ADVANCED_FACE('',(#4079),#4321,.T.);
#4481=ADVANCED_FACE('',(#4080),#483,.F.);
#4482=ADVANCED_FACE('',(#4081),#71,.F.);
#4483=ADVANCED_FACE('',(#4082),#99,.F.);
#4484=ADVANCED_FACE('',(#4083),#484,.T.);
#4485=ADVANCED_FACE('',(#4084,#4085,#4086,#4087),#4322,.F.);
#4486=ADVANCED_FACE('',(#4088),#4323,.T.);
#4487=ADVANCED_FACE('',(#4089),#485,.F.);
#4488=ADVANCED_FACE('',(#4090),#4324,.F.);
#4489=ADVANCED_FACE('',(#4091),#29,.T.);
#4490=ADVANCED_FACE('',(#4092),#30,.T.);
#4491=ADVANCED_FACE('',(#4093),#4325,.F.);
#4492=ADVANCED_FACE('',(#4094),#4326,.T.);
#4493=ADVANCED_FACE('',(#4095),#4327,.T.);
#4494=ADVANCED_FACE('',(#4096),#4328,.T.);
#4495=ADVANCED_FACE('',(#4097),#31,.F.);
#4496=ADVANCED_FACE('',(#4098),#4329,.F.);
#4497=ADVANCED_FACE('',(#4099),#4330,.F.);
#4498=ADVANCED_FACE('',(#4100),#4331,.F.);
#4499=ADVANCED_FACE('',(#4101),#4332,.F.);
#4500=ADVANCED_FACE('',(#4102),#4333,.F.);
#4501=ADVANCED_FACE('',(#4103),#4334,.F.);
#4502=ADVANCED_FACE('',(#4104),#32,.F.);
#4503=ADVANCED_FACE('',(#4105,#4106),#4335,.F.);
#4504=ADVANCED_FACE('',(#4107),#4336,.F.);
#4505=ADVANCED_FACE('',(#4108),#28,.F.);
#4506=ADVANCED_FACE('',(#4109),#4337,.T.);
#4507=ADVANCED_FACE('',(#4110),#4338,.F.);
#4508=ADVANCED_FACE('',(#4111),#4339,.T.);
#4509=ADVANCED_FACE('',(#4112),#4340,.T.);
#4510=ADVANCED_FACE('',(#4113),#100,.F.);
#4511=ADVANCED_FACE('',(#4114),#486,.T.);
#4512=ADVANCED_FACE('',(#4115),#101,.F.);
#4513=ADVANCED_FACE('',(#4116),#487,.T.);
#4514=ADVANCED_FACE('',(#4117),#102,.F.);
#4515=ADVANCED_FACE('',(#4118),#103,.F.);
#4516=ADVANCED_FACE('',(#4119),#488,.F.);
#4517=ADVANCED_FACE('',(#4120),#489,.F.);
#4518=ADVANCED_FACE('',(#4121),#490,.F.);
#4519=ADVANCED_FACE('',(#4122,#4123),#82,.F.);
#4520=ADVANCED_FACE('',(#4124),#491,.F.);
#4521=ADVANCED_FACE('',(#4125),#4341,.T.);
#4522=ADVANCED_FACE('',(#4126),#4342,.T.);
#4523=ADVANCED_FACE('',(#4127),#492,.F.);
#4524=ADVANCED_FACE('',(#4128,#4129),#72,.F.);
#4525=ADVANCED_FACE('',(#4130,#4131),#73,.F.);
#4526=ADVANCED_FACE('',(#4132),#4343,.F.);
#4527=ADVANCED_FACE('',(#4133),#4344,.T.);
#4528=ADVANCED_FACE('',(#4134),#4345,.T.);
#4529=ADVANCED_FACE('',(#4135),#4346,.F.);
#4530=ADVANCED_FACE('',(#4136),#4347,.F.);
#4531=ADVANCED_FACE('',(#4137),#33,.F.);
#4532=ADVANCED_FACE('',(#4138),#493,.F.);
#4533=ADVANCED_FACE('',(#4139,#4140),#4348,.F.);
#4534=ADVANCED_FACE('',(#4141),#4349,.T.);
#4535=ADVANCED_FACE('',(#4142,#4143),#4350,.T.);
#4536=ADVANCED_FACE('',(#4144),#4351,.T.);
#4537=ADVANCED_FACE('',(#4145),#34,.F.);
#4538=ADVANCED_FACE('',(#4146),#4352,.T.);
#4539=ADVANCED_FACE('',(#4147),#104,.F.);
#4540=ADVANCED_FACE('',(#4148),#4353,.T.);
#4541=ADVANCED_FACE('',(#4149,#4150),#4354,.T.);
#4542=ADVANCED_FACE('',(#4151),#105,.T.);
#4543=ADVANCED_FACE('',(#4152),#106,.F.);
#4544=ADVANCED_FACE('',(#4153),#107,.F.);
#4545=ADVANCED_FACE('',(#4154),#494,.T.);
#4546=ADVANCED_FACE('',(#4155),#35,.T.);
#4547=ADVANCED_FACE('',(#4156),#36,.T.);
#4548=ADVANCED_FACE('',(#4157),#495,.F.);
#4549=ADVANCED_FACE('',(#4158,#4159,#4160),#4355,.T.);
#4550=ADVANCED_FACE('',(#4161),#4356,.F.);
#4551=ADVANCED_FACE('',(#4162),#4357,.F.);
#4552=ADVANCED_FACE('',(#4163,#4164),#108,.F.);
#4553=ADVANCED_FACE('',(#4165),#4358,.F.);
#4554=ADVANCED_FACE('',(#4166),#4359,.F.);
#4555=ADVANCED_FACE('',(#4167),#4360,.F.);
#4556=ADVANCED_FACE('',(#4168),#4361,.F.);
#4557=ADVANCED_FACE('',(#4169),#4362,.F.);
#4558=ADVANCED_FACE('',(#4170),#4363,.T.);
#4559=ADVANCED_FACE('',(#4171),#109,.T.);
#4560=ADVANCED_FACE('',(#4172),#110,.T.);
#4561=ADVANCED_FACE('',(#4173),#4364,.F.);
#4562=ADVANCED_FACE('',(#4174),#4365,.F.);
#4563=ADVANCED_FACE('',(#4175),#4366,.F.);
#4564=ADVANCED_FACE('',(#4176),#4367,.F.);
#4565=ADVANCED_FACE('',(#4177),#4368,.F.);
#4566=ADVANCED_FACE('',(#4178),#111,.T.);
#4567=ADVANCED_FACE('',(#4179),#112,.F.);
#4568=ADVANCED_FACE('',(#4180),#4369,.F.);
#4569=ADVANCED_FACE('',(#4181),#4370,.F.);
#4570=ADVANCED_FACE('',(#4182),#113,.F.);
#4571=ADVANCED_FACE('',(#4183),#4371,.F.);
#4572=ADVANCED_FACE('',(#4184),#114,.F.);
#4573=ADVANCED_FACE('',(#4185),#37,.T.);
#4574=ADVANCED_FACE('',(#4186),#4372,.F.);
#4575=ADVANCED_FACE('',(#4187),#4373,.T.);
#4576=ADVANCED_FACE('',(#4188),#4374,.F.);
#4577=ADVANCED_FACE('',(#4189),#496,.T.);
#4578=ADVANCED_FACE('',(#4190),#4375,.F.);
#4579=ADVANCED_FACE('',(#4191),#497,.T.);
#4580=ADVANCED_FACE('',(#4192),#498,.T.);
#4581=ADVANCED_FACE('',(#4193),#4376,.F.);
#4582=ADVANCED_FACE('',(#4194),#38,.T.);
#4583=ADVANCED_FACE('',(#4195),#4377,.F.);
#4584=ADVANCED_FACE('',(#4196),#4378,.F.);
#4585=ADVANCED_FACE('',(#4197),#4379,.F.);
#4586=ADVANCED_FACE('',(#4198,#4199),#4380,.F.);
#4587=ADVANCED_FACE('',(#4200),#4381,.F.);
#4588=ADVANCED_FACE('',(#4201),#4382,.F.);
#4589=ADVANCED_FACE('',(#4202),#4383,.F.);
#4590=ADVANCED_FACE('',(#4203),#499,.T.);
#4591=ADVANCED_FACE('',(#4204),#4384,.T.);
#4592=ADVANCED_FACE('',(#4205),#74,.F.);
#4593=ADVANCED_FACE('',(#4206),#4385,.F.);
#4594=ADVANCED_FACE('',(#4207),#4386,.T.);
#4595=ADVANCED_FACE('',(#4208),#4387,.F.);
#4596=ADVANCED_FACE('',(#4209),#75,.T.);
#4597=ADVANCED_FACE('',(#4210),#4388,.T.);
#4598=ADVANCED_FACE('',(#4211),#4389,.T.);
#4599=ADVANCED_FACE('',(#4212),#4390,.T.);
#4600=ADVANCED_FACE('',(#4213),#4391,.T.);
#4601=ADVANCED_FACE('',(#4214),#39,.T.);
#4602=ADVANCED_FACE('',(#4215),#115,.T.);
#4603=ADVANCED_FACE('',(#4216),#4392,.F.);
#4604=ADVANCED_FACE('',(#4217),#116,.F.);
#4605=ADVANCED_FACE('',(#4218,#4219),#4393,.T.);
#4606=ADVANCED_FACE('',(#4220),#117,.F.);
#4607=ADVANCED_FACE('',(#4221),#40,.F.);
#4608=ADVANCED_FACE('',(#4222),#4394,.T.);
#4609=ADVANCED_FACE('',(#4223),#4395,.T.);
#4610=ADVANCED_FACE('',(#4224),#4396,.F.);
#4611=ADVANCED_FACE('',(#4225),#4397,.T.);
#4612=ADVANCED_FACE('',(#4226),#4398,.T.);
#4613=ADVANCED_FACE('',(#4227),#41,.T.);
#4614=ADVANCED_FACE('',(#4228),#4399,.T.);
#4615=ADVANCED_FACE('',(#4229),#42,.F.);
#4616=ADVANCED_FACE('',(#4230),#4400,.F.);
#4617=ADVANCED_FACE('',(#4231,#4232),#118,.F.);
#4618=ADVANCED_FACE('',(#4233),#43,.F.);
#4619=ADVANCED_FACE('',(#4234),#44,.F.);
#4620=ADVANCED_FACE('',(#4235),#4401,.F.);
#4621=ADVANCED_FACE('',(#4236),#4402,.T.);
#4622=ADVANCED_FACE('',(#4237),#4403,.T.);
#4623=ADVANCED_FACE('',(#4238),#76,.T.);
#4624=ADVANCED_FACE('',(#4239),#4404,.F.);
#4625=ADVANCED_FACE('',(#4240),#45,.F.);
#4626=ADVANCED_FACE('',(#4241),#4405,.F.);
#4627=ADVANCED_FACE('',(#4242),#500,.F.);
#4628=ADVANCED_FACE('',(#4243),#501,.F.);
#4629=ADVANCED_FACE('',(#4244),#119,.F.);
#4630=ADVANCED_FACE('',(#4245),#46,.T.);
#4631=ADVANCED_FACE('',(#4246),#47,.T.);
#4632=ADVANCED_FACE('',(#4247),#4406,.F.);
#4633=ADVANCED_FACE('',(#4248),#4407,.F.);
#4634=ADVANCED_FACE('',(#4249),#4408,.T.);
#4635=ADVANCED_FACE('',(#4250),#48,.T.);
#4636=ADVANCED_FACE('',(#4251),#77,.T.);
#4637=ADVANCED_FACE('',(#4252),#49,.T.);
#4638=ADVANCED_FACE('',(#4253),#4409,.T.);
#4639=ADVANCED_FACE('',(#4254),#50,.T.);
#4640=ADVANCED_FACE('',(#4255),#4410,.F.);
#4641=ADVANCED_FACE('',(#4256),#51,.T.);
#4642=ADVANCED_FACE('',(#4257),#52,.T.);
#4643=ADVANCED_FACE('',(#4258),#53,.T.);
#4644=ADVANCED_FACE('',(#4259),#54,.T.);
#4645=ADVANCED_FACE('',(#4260),#502,.F.);
#4646=ADVANCED_FACE('',(#4261),#503,.F.);
#4647=ADVANCED_FACE('',(#4262),#4411,.F.);
#4648=ADVANCED_FACE('',(#4263),#120,.T.);
#4649=ADVANCED_FACE('',(#4264),#55,.T.);
#4650=ADVANCED_FACE('',(#4265),#56,.T.);
#4651=ADVANCED_FACE('',(#4266),#57,.T.);
#4652=ADVANCED_FACE('',(#4267),#504,.F.);
#4653=ADVANCED_FACE('',(#4268),#78,.T.);
#4654=ADVANCED_FACE('',(#4269),#505,.F.);
#4655=ADVANCED_FACE('',(#4270),#58,.T.);
#4656=ADVANCED_FACE('',(#4271),#59,.T.);
#4657=ADVANCED_FACE('',(#4272),#60,.T.);
#4658=ADVANCED_FACE('',(#4273),#61,.T.);
#4659=ADVANCED_FACE('',(#4274),#62,.T.);
#4660=ADVANCED_FACE('',(#4275),#4412,.T.);
#4661=ADVANCED_FACE('',(#4276),#63,.T.);
#4662=ADVANCED_FACE('',(#4277),#64,.T.);
#4663=ADVANCED_FACE('',(#4278),#65,.T.);
#4664=ADVANCED_FACE('',(#4279),#66,.T.);
#4665=ADVANCED_FACE('',(#4280),#4413,.F.);
#4666=ADVANCED_FACE('',(#4281),#67,.T.);
#4667=ADVANCED_FACE('',(#4282),#68,.T.);
#4668=ADVANCED_FACE('',(#4283),#69,.T.);
#4669=CLOSED_SHELL('',(#4414,#4415,#4416,#4417,#4418,#4419,#4420,#4421,
#4422,#4423,#4424,#4425,#4426,#4427,#4428,#4429,#4430,#4431,#4432,#4433,
#4434,#4435,#4436,#4437,#4438,#4439,#4440,#4441,#4442,#4443,#4444,#4445,
#4446,#4447,#4448,#4449,#4450,#4451,#4452,#4453,#4454,#4455,#4456,#4457,
#4458,#4459,#4460,#4461,#4462,#4463,#4464,#4465,#4466,#4467,#4468,#4469,
#4470,#4471,#4472,#4473,#4474,#4475,#4476,#4477,#4478,#4479,#4480,#4481,
#4482,#4483,#4484,#4485,#4486,#4487,#4488,#4489,#4490,#4491,#4492,#4493,
#4494,#4495,#4496,#4497,#4498,#4499,#4500,#4501,#4502,#4503,#4504,#4505,
#4506,#4507,#4508,#4509,#4510,#4511,#4512,#4513,#4514,#4515,#4516,#4517,
#4518,#4519,#4520,#4521,#4522,#4523,#4524,#4525,#4526,#4527,#4528,#4529,
#4530,#4531,#4532,#4533,#4534,#4535,#4536,#4537,#4538,#4539,#4540,#4541,
#4542,#4543,#4544,#4545,#4546,#4547,#4548,#4549,#4550,#4551,#4552,#4553,
#4554,#4555,#4556,#4557,#4558,#4559,#4560,#4561,#4562,#4563,#4564,#4565,
#4566,#4567,#4568,#4569,#4570,#4571,#4572,#4573,#4574,#4575,#4576,#4577,
#4578,#4579,#4580,#4581,#4582,#4583,#4584,#4585,#4586,#4587,#4588,#4589,
#4590,#4591,#4592,#4593,#4594,#4595,#4596,#4597,#4598,#4599,#4600,#4601,
#4602,#4603,#4604,#4605,#4606,#4607,#4608,#4609,#4610,#4611,#4612,#4613,
#4614,#4615,#4616,#4617,#4618,#4619,#4620,#4621,#4622,#4623,#4624,#4625,
#4626,#4627,#4628,#4629,#4630,#4631,#4632,#4633,#4634,#4635,#4636,#4637,
#4638,#4639,#4640,#4641,#4642,#4643,#4644,#4645,#4646,#4647,#4648,#4649,
#4650,#4651,#4652,#4653,#4654,#4655,#4656,#4657,#4658,#4659,#4660,#4661,
#4662,#4663,#4664,#4665,#4666,#4667,#4668));
#4670=STYLED_ITEM('',(#4671),#4678);
#4671=PRESENTATION_STYLE_ASSIGNMENT((#4672));
#4672=SURFACE_STYLE_USAGE(.BOTH.,#4673);
#4673=SURFACE_SIDE_STYLE('',(#4674));
#4674=SURFACE_STYLE_FILL_AREA(#4675);
#4675=FILL_AREA_STYLE('',(#4676));
#4676=FILL_AREA_STYLE_COLOUR('',#4677);
#4677=COLOUR_RGB('',0.200000002980232,0.200000002980232,0.200000002980232);
#4678=MANIFOLD_SOLID_BREP('',#4669);
#4679=SHAPE_DEFINITION_REPRESENTATION(#12522,#4681);
#4680=SHAPE_DEFINITION_REPRESENTATION(#12521,#4682);
#4681=SHAPE_REPRESENTATION('CZ82_standardGripLeft_NATO_bebop',(#4683),#12515);
#4682=SHAPE_REPRESENTATION('CZ82_standardGrip_34mm_001',(#4683,#4972),#12514);
#4683=AXIS2_PLACEMENT_3D('',#5888,#4973,#4974);
#4684=AXIS2_PLACEMENT_3D('',#5889,#4975,#4976);
#4685=AXIS2_PLACEMENT_3D('',#5898,#4981,#4982);
#4686=AXIS2_PLACEMENT_3D('',#5925,#4987,#4988);
#4687=AXIS2_PLACEMENT_3D('',#5931,#4989,#4990);
#4688=AXIS2_PLACEMENT_3D('',#5932,#4991,#4992);
#4689=AXIS2_PLACEMENT_3D('',#5934,#4993,#4994);
#4690=AXIS2_PLACEMENT_3D('',#5936,#4995,#4996);
#4691=AXIS2_PLACEMENT_3D('',#5937,#4997,#4998);
#4692=AXIS2_PLACEMENT_3D('',#5939,#4999,#5000);
#4693=AXIS2_PLACEMENT_3D('',#5941,#5001,#5002);
#4694=AXIS2_PLACEMENT_3D('',#5942,#5003,#5004);
#4695=AXIS2_PLACEMENT_3D('',#5944,#5005,#5006);
#4696=AXIS2_PLACEMENT_3D('',#5946,#5007,#5008);
#4697=AXIS2_PLACEMENT_3D('',#5957,#5014,#5015);
#4698=AXIS2_PLACEMENT_3D('',#5966,#5020,#5021);
#4699=AXIS2_PLACEMENT_3D('',#5967,#5022,#5023);
#4700=AXIS2_PLACEMENT_3D('',#6004,#5027,#5028);
#4701=AXIS2_PLACEMENT_3D('',#6010,#5029,#5030);
#4702=AXIS2_PLACEMENT_3D('',#6011,#5031,#5032);
#4703=AXIS2_PLACEMENT_3D('',#6013,#5033,#5034);
#4704=AXIS2_PLACEMENT_3D('',#6015,#5035,#5036);
#4705=AXIS2_PLACEMENT_3D('',#6016,#5037,#5038);
#4706=AXIS2_PLACEMENT_3D('',#6020,#5040,#5041);
#4707=AXIS2_PLACEMENT_3D('',#6021,#5042,#5043);
#4708=AXIS2_PLACEMENT_3D('',#6024,#5045,#5046);
#4709=AXIS2_PLACEMENT_3D('',#6025,#5047,#5048);
#4710=AXIS2_PLACEMENT_3D('',#6028,#5050,#5051);
#4711=AXIS2_PLACEMENT_3D('',#6029,#5052,#5053);
#4712=AXIS2_PLACEMENT_3D('',#6031,#5055,#5056);
#4713=AXIS2_PLACEMENT_3D('',#6032,#5057,#5058);
#4714=AXIS2_PLACEMENT_3D('',#6036,#5060,#5061);
#4715=AXIS2_PLACEMENT_3D('',#6037,#5062,#5063);
#4716=AXIS2_PLACEMENT_3D('',#6040,#5065,#5066);
#4717=AXIS2_PLACEMENT_3D('',#6041,#5067,#5068);
#4718=AXIS2_PLACEMENT_3D('',#6044,#5070,#5071);
#4719=AXIS2_PLACEMENT_3D('',#6045,#5072,#5073);
#4720=AXIS2_PLACEMENT_3D('',#6047,#5075,#5076);
#4721=AXIS2_PLACEMENT_3D('',#6048,#5077,#5078);
#4722=AXIS2_PLACEMENT_3D('',#6050,#5079,#5080);
#4723=AXIS2_PLACEMENT_3D('',#6051,#5081,#5082);
#4724=AXIS2_PLACEMENT_3D('',#6056,#5084,#5085);
#4725=AXIS2_PLACEMENT_3D('',#6059,#5087,#5088);
#4726=AXIS2_PLACEMENT_3D('',#6060,#5089,#5090);
#4727=AXIS2_PLACEMENT_3D('',#6065,#5092,#5093);
#4728=AXIS2_PLACEMENT_3D('',#6089,#5095,#5096);
#4729=AXIS2_PLACEMENT_3D('',#6105,#5097,#5098);
#4730=AXIS2_PLACEMENT_3D('',#6106,#5099,#5100);
#4731=AXIS2_PLACEMENT_3D('',#6140,#5101,#5102);
#4732=AXIS2_PLACEMENT_3D('',#6141,#5103,#5104);
#4733=AXIS2_PLACEMENT_3D('',#6144,#5105,#5106);
#4734=AXIS2_PLACEMENT_3D('',#6145,#5107,#5108);
#4735=AXIS2_PLACEMENT_3D('',#6146,#5109,#5110);
#4736=AXIS2_PLACEMENT_3D('',#6149,#5111,#5112);
#4737=AXIS2_PLACEMENT_3D('',#6150,#5113,#5114);
#4738=AXIS2_PLACEMENT_3D('',#6151,#5115,#5116);
#4739=AXIS2_PLACEMENT_3D('',#6160,#5117,#5118);
#4740=AXIS2_PLACEMENT_3D('',#6161,#5119,#5120);
#4741=AXIS2_PLACEMENT_3D('',#6175,#5129,#5130);
#4742=AXIS2_PLACEMENT_3D('',#6181,#5134,#5135);
#4743=AXIS2_PLACEMENT_3D('',#6195,#5141,#5142);
#4744=AXIS2_PLACEMENT_3D('',#6196,#5143,#5144);
#4745=AXIS2_PLACEMENT_3D('',#6198,#5145,#5146);
#4746=AXIS2_PLACEMENT_3D('',#6199,#5147,#5148);
#4747=AXIS2_PLACEMENT_3D('',#6201,#5149,#5150);
#4748=AXIS2_PLACEMENT_3D('',#6202,#5151,#5152);
#4749=AXIS2_PLACEMENT_3D('',#6204,#5153,#5154);
#4750=AXIS2_PLACEMENT_3D('',#6210,#5158,#5159);
#4751=AXIS2_PLACEMENT_3D('',#6214,#5162,#5163);
#4752=AXIS2_PLACEMENT_3D('',#6218,#5166,#5167);
#4753=AXIS2_PLACEMENT_3D('',#6222,#5170,#5171);
#4754=AXIS2_PLACEMENT_3D('',#6226,#5174,#5175);
#4755=AXIS2_PLACEMENT_3D('',#6230,#5178,#5179);
#4756=AXIS2_PLACEMENT_3D('',#6234,#5182,#5183);
#4757=AXIS2_PLACEMENT_3D('',#6238,#5186,#5187);
#4758=AXIS2_PLACEMENT_3D('',#6242,#5190,#5191);
#4759=AXIS2_PLACEMENT_3D('',#6246,#5194,#5195);
#4760=AXIS2_PLACEMENT_3D('',#6247,#5196,#5197);
#4761=AXIS2_PLACEMENT_3D('',#6250,#5199,#5200);
#4762=AXIS2_PLACEMENT_3D('',#6582,#5205,#5206);
#4763=AXIS2_PLACEMENT_3D('',#6795,#5211,#5212);
#4764=AXIS2_PLACEMENT_3D('',#6802,#5216,#5217);
#4765=AXIS2_PLACEMENT_3D('',#6805,#5219,#5220);
#4766=AXIS2_PLACEMENT_3D('',#6814,#5223,#5224);
#4767=AXIS2_PLACEMENT_3D('',#6823,#5229,#5230);
#4768=AXIS2_PLACEMENT_3D('',#6824,#5231,#5232);
#4769=AXIS2_PLACEMENT_3D('',#6832,#5237,#5238);
#4770=AXIS2_PLACEMENT_3D('',#6833,#5239,#5240);
#4771=AXIS2_PLACEMENT_3D('',#6835,#5241,#5242);
#4772=AXIS2_PLACEMENT_3D('',#6845,#5245,#5246);
#4773=AXIS2_PLACEMENT_3D('',#6857,#5250,#5251);
#4774=AXIS2_PLACEMENT_3D('',#6862,#5255,#5256);
#4775=AXIS2_PLACEMENT_3D('',#6863,#5257,#5258);
#4776=AXIS2_PLACEMENT_3D('',#6866,#5260,#5261);
#4777=AXIS2_PLACEMENT_3D('',#6873,#5263,#5264);
#4778=AXIS2_PLACEMENT_3D('',#6874,#5265,#5266);
#4779=AXIS2_PLACEMENT_3D('',#6876,#5267,#5268);
#4780=AXIS2_PLACEMENT_3D('',#6877,#5269,#5270);
#4781=AXIS2_PLACEMENT_3D('',#6887,#5271,#5272);
#4782=AXIS2_PLACEMENT_3D('',#6888,#5273,#5274);
#4783=AXIS2_PLACEMENT_3D('',#6889,#5275,#5276);
#4784=AXIS2_PLACEMENT_3D('',#6892,#5278,#5279);
#4785=AXIS2_PLACEMENT_3D('',#6893,#5280,#5281);
#4786=AXIS2_PLACEMENT_3D('',#6906,#5282,#5283);
#4787=AXIS2_PLACEMENT_3D('',#6958,#5285,#5286);
#4788=AXIS2_PLACEMENT_3D('',#6971,#5288,#5289);
#4789=AXIS2_PLACEMENT_3D('',#6972,#5290,#5291);
#4790=AXIS2_PLACEMENT_3D('',#6973,#5292,#5293);
#4791=AXIS2_PLACEMENT_3D('',#7002,#5298,#5299);
#4792=AXIS2_PLACEMENT_3D('',#7011,#5302,#5303);
#4793=AXIS2_PLACEMENT_3D('',#7039,#5304,#5305);
#4794=AXIS2_PLACEMENT_3D('',#7138,#5307,#5308);
#4795=AXIS2_PLACEMENT_3D('',#7139,#5309,#5310);
#4796=AXIS2_PLACEMENT_3D('',#7141,#5311,#5312);
#4797=AXIS2_PLACEMENT_3D('',#7142,#5313,#5314);
#4798=AXIS2_PLACEMENT_3D('',#7144,#5315,#5316);
#4799=AXIS2_PLACEMENT_3D('',#7145,#5317,#5318);
#4800=AXIS2_PLACEMENT_3D('',#7147,#5319,#5320);
#4801=AXIS2_PLACEMENT_3D('',#7173,#5326,#5327);
#4802=AXIS2_PLACEMENT_3D('',#7179,#5331,#5332);
#4803=AXIS2_PLACEMENT_3D('',#7183,#5335,#5336);
#4804=AXIS2_PLACEMENT_3D('',#7187,#5339,#5340);
#4805=AXIS2_PLACEMENT_3D('',#7189,#5342,#5343);
#4806=AXIS2_PLACEMENT_3D('',#7197,#5348,#5349);
#4807=AXIS2_PLACEMENT_3D('',#7309,#5355,#5356);
#4808=AXIS2_PLACEMENT_3D('',#7311,#5358,#5359);
#4809=AXIS2_PLACEMENT_3D('',#7312,#5360,#5361);
#4810=AXIS2_PLACEMENT_3D('',#7315,#5362,#5363);
#4811=AXIS2_PLACEMENT_3D('',#7316,#5364,#5365);
#4812=AXIS2_PLACEMENT_3D('',#7317,#5366,#5367);
#4813=AXIS2_PLACEMENT_3D('',#7330,#5368,#5369);
#4814=AXIS2_PLACEMENT_3D('',#7338,#5374,#5375);
#4815=AXIS2_PLACEMENT_3D('',#7342,#5378,#5379);
#4816=AXIS2_PLACEMENT_3D('',#7346,#5382,#5383);
#4817=AXIS2_PLACEMENT_3D('',#7349,#5385,#5386);
#4818=AXIS2_PLACEMENT_3D('',#7350,#5387,#5388);
#4819=AXIS2_PLACEMENT_3D('',#7617,#5390,#5391);
#4820=AXIS2_PLACEMENT_3D('',#7623,#5392,#5393);
#4821=AXIS2_PLACEMENT_3D('',#7843,#5395,#5396);
#4822=AXIS2_PLACEMENT_3D('',#7844,#5397,#5398);
#4823=AXIS2_PLACEMENT_3D('',#7847,#5400,#5401);
#4824=AXIS2_PLACEMENT_3D('',#8155,#5403,#5404);
#4825=AXIS2_PLACEMENT_3D('',#8157,#5405,#5406);
#4826=AXIS2_PLACEMENT_3D('',#8183,#5408,#5409);
#4827=AXIS2_PLACEMENT_3D('',#8184,#5410,#5411);
#4828=AXIS2_PLACEMENT_3D('',#8243,#5412,#5413);
#4829=AXIS2_PLACEMENT_3D('',#8252,#5416,#5417);
#4830=AXIS2_PLACEMENT_3D('',#8307,#5421,#5422);
#4831=AXIS2_PLACEMENT_3D('',#8308,#5423,#5424);
#4832=AXIS2_PLACEMENT_3D('',#8310,#5425,#5426);
#4833=AXIS2_PLACEMENT_3D('',#8311,#5427,#5428);
#4834=AXIS2_PLACEMENT_3D('',#8313,#5429,#5430);
#4835=AXIS2_PLACEMENT_3D('',#8317,#5433,#5434);
#4836=AXIS2_PLACEMENT_3D('',#8325,#5439,#5440);
#4837=AXIS2_PLACEMENT_3D('',#8329,#5443,#5444);
#4838=AXIS2_PLACEMENT_3D('',#8335,#5448,#5449);
#4839=AXIS2_PLACEMENT_3D('',#8379,#5452,#5453);
#4840=AXIS2_PLACEMENT_3D('',#8380,#5454,#5455);
#4841=AXIS2_PLACEMENT_3D('',#8385,#5457,#5458);
#4842=AXIS2_PLACEMENT_3D('',#8389,#5460,#5461);
#4843=AXIS2_PLACEMENT_3D('',#8390,#5462,#5463);
#4844=AXIS2_PLACEMENT_3D('',#8396,#5467,#5468);
#4845=AXIS2_PLACEMENT_3D('',#8405,#5473,#5474);
#4846=AXIS2_PLACEMENT_3D('',#8423,#5479,#5480);
#4847=AXIS2_PLACEMENT_3D('',#8426,#5482,#5483);
#4848=AXIS2_PLACEMENT_3D('',#8427,#5484,#5485);
#4849=AXIS2_PLACEMENT_3D('',#8430,#5487,#5488);
#4850=AXIS2_PLACEMENT_3D('',#8431,#5489,#5490);
#4851=AXIS2_PLACEMENT_3D('',#8432,#5491,#5492);
#4852=AXIS2_PLACEMENT_3D('',#8438,#5495,#5496);
#4853=AXIS2_PLACEMENT_3D('',#8439,#5497,#5498);
#4854=AXIS2_PLACEMENT_3D('',#8462,#5508,#5509);
#4855=AXIS2_PLACEMENT_3D('',#8485,#5511,#5512);
#4856=AXIS2_PLACEMENT_3D('',#8501,#5514,#5515);
#4857=AXIS2_PLACEMENT_3D('',#8947,#5517,#5518);
#4858=AXIS2_PLACEMENT_3D('',#8948,#5519,#5520);
#4859=AXIS2_PLACEMENT_3D('',#8954,#5524,#5525);
#4860=AXIS2_PLACEMENT_3D('',#8958,#5528,#5529);
#4861=AXIS2_PLACEMENT_3D('',#8960,#5531,#5532);
#4862=AXIS2_PLACEMENT_3D('',#8961,#5533,#5534);
#4863=AXIS2_PLACEMENT_3D('',#8963,#5535,#5536);
#4864=AXIS2_PLACEMENT_3D('',#8969,#5540,#5541);
#4865=AXIS2_PLACEMENT_3D('',#8973,#5544,#5545);
#4866=AXIS2_PLACEMENT_3D('',#8979,#5549,#5550);
#4867=AXIS2_PLACEMENT_3D('',#8983,#5553,#5554);
#4868=AXIS2_PLACEMENT_3D('',#8992,#5559,#5560);
#4869=AXIS2_PLACEMENT_3D('',#8998,#5564,#5565);
#4870=AXIS2_PLACEMENT_3D('',#8999,#5566,#5567);
#4871=AXIS2_PLACEMENT_3D('',#9006,#5568,#5569);
#4872=AXIS2_PLACEMENT_3D('',#9007,#5570,#5571);
#4873=AXIS2_PLACEMENT_3D('',#9008,#5572,#5573);
#4874=AXIS2_PLACEMENT_3D('',#9015,#5574,#5575);
#4875=AXIS2_PLACEMENT_3D('',#9016,#5576,#5577);
#4876=AXIS2_PLACEMENT_3D('',#9017,#5578,#5579);
#4877=AXIS2_PLACEMENT_3D('',#9018,#5580,#5581);
#4878=AXIS2_PLACEMENT_3D('',#9024,#5585,#5586);
#4879=AXIS2_PLACEMENT_3D('',#9028,#5589,#5590);
#4880=AXIS2_PLACEMENT_3D('',#9032,#5593,#5594);
#4881=AXIS2_PLACEMENT_3D('',#9034,#5596,#5597);
#4882=AXIS2_PLACEMENT_3D('',#9038,#5599,#5600);
#4883=AXIS2_PLACEMENT_3D('',#9042,#5602,#5603);
#4884=AXIS2_PLACEMENT_3D('',#9043,#5604,#5605);
#4885=AXIS2_PLACEMENT_3D('',#9047,#5607,#5608);
#4886=AXIS2_PLACEMENT_3D('',#9051,#5610,#5611);
#4887=AXIS2_PLACEMENT_3D('',#9052,#5612,#5613);
#4888=AXIS2_PLACEMENT_3D('',#9058,#5617,#5618);
#4889=AXIS2_PLACEMENT_3D('',#9065,#5623,#5624);
#4890=AXIS2_PLACEMENT_3D('',#9066,#5625,#5626);
#4891=AXIS2_PLACEMENT_3D('',#9069,#5628,#5629);
#4892=AXIS2_PLACEMENT_3D('',#9073,#5632,#5633);
#4893=AXIS2_PLACEMENT_3D('',#9074,#5634,#5635);
#4894=AXIS2_PLACEMENT_3D('',#9129,#5638,#5639);
#4895=AXIS2_PLACEMENT_3D('',#9133,#5642,#5643);
#4896=AXIS2_PLACEMENT_3D('',#9137,#5646,#5647);
#4897=AXIS2_PLACEMENT_3D('',#9165,#5650,#5651);
#4898=AXIS2_PLACEMENT_3D('',#10012,#5653,#5654);
#4899=AXIS2_PLACEMENT_3D('',#10056,#5656,#5657);
#4900=AXIS2_PLACEMENT_3D('',#10060,#5660,#5661);
#4901=AXIS2_PLACEMENT_3D('',#10064,#5664,#5665);
#4902=AXIS2_PLACEMENT_3D('',#10068,#5668,#5669);
#4903=AXIS2_PLACEMENT_3D('',#10069,#5670,#5671);
#4904=AXIS2_PLACEMENT_3D('',#10071,#5672,#5673);
#4905=AXIS2_PLACEMENT_3D('',#10075,#5675,#5676);
#4906=AXIS2_PLACEMENT_3D('',#10121,#5679,#5680);
#4907=AXIS2_PLACEMENT_3D('',#10130,#5683,#5684);
#4908=AXIS2_PLACEMENT_3D('',#10181,#5688,#5689);
#4909=AXIS2_PLACEMENT_3D('',#10184,#5691,#5692);
#4910=AXIS2_PLACEMENT_3D('',#10186,#5694,#5695);
#4911=AXIS2_PLACEMENT_3D('',#10188,#5697,#5698);
#4912=AXIS2_PLACEMENT_3D('',#10194,#5702,#5703);
#4913=AXIS2_PLACEMENT_3D('',#10203,#5706,#5707);
#4914=AXIS2_PLACEMENT_3D('',#10207,#5709,#5710);
#4915=AXIS2_PLACEMENT_3D('',#10208,#5711,#5712);
#4916=AXIS2_PLACEMENT_3D('',#10209,#5713,#5714);
#4917=AXIS2_PLACEMENT_3D('',#10223,#5715,#5716);
#4918=AXIS2_PLACEMENT_3D('',#10227,#5719,#5720);
#4919=AXIS2_PLACEMENT_3D('',#10235,#5724,#5725);
#4920=AXIS2_PLACEMENT_3D('',#10236,#5726,#5727);
#4921=AXIS2_PLACEMENT_3D('',#10242,#5731,#5732);
#4922=AXIS2_PLACEMENT_3D('',#10274,#5735,#5736);
#4923=AXIS2_PLACEMENT_3D('',#10275,#5737,#5738);
#4924=AXIS2_PLACEMENT_3D('',#10278,#5740,#5741);
#4925=AXIS2_PLACEMENT_3D('',#10280,#5742,#5743);
#4926=AXIS2_PLACEMENT_3D('',#10281,#5744,#5745);
#4927=AXIS2_PLACEMENT_3D('',#10290,#5750,#5751);
#4928=AXIS2_PLACEMENT_3D('',#10291,#5752,#5753);
#4929=AXIS2_PLACEMENT_3D('',#10300,#5755,#5756);
#4930=AXIS2_PLACEMENT_3D('',#10327,#5760,#5761);
#4931=AXIS2_PLACEMENT_3D('',#10330,#5763,#5764);
#4932=AXIS2_PLACEMENT_3D('',#10333,#5766,#5767);
#4933=AXIS2_PLACEMENT_3D('',#10358,#5771,#5772);
#4934=AXIS2_PLACEMENT_3D('',#10362,#5775,#5776);
#4935=AXIS2_PLACEMENT_3D('',#10368,#5780,#5781);
#4936=AXIS2_PLACEMENT_3D('',#10372,#5784,#5785);
#4937=AXIS2_PLACEMENT_3D('',#10374,#5787,#5788);
#4938=AXIS2_PLACEMENT_3D('',#10403,#5790,#5791);
#4939=AXIS2_PLACEMENT_3D('',#10467,#5796,#5797);
#4940=AXIS2_PLACEMENT_3D('',#10468,#5798,#5799);
#4941=AXIS2_PLACEMENT_3D('',#10471,#5801,#5802);
#4942=AXIS2_PLACEMENT_3D('',#10477,#5803,#5804);
#4943=AXIS2_PLACEMENT_3D('',#10556,#5807,#5808);
#4944=AXIS2_PLACEMENT_3D('',#10560,#5811,#5812);
#4945=AXIS2_PLACEMENT_3D('',#10564,#5815,#5816);
#4946=AXIS2_PLACEMENT_3D('',#10568,#5819,#5820);
#4947=AXIS2_PLACEMENT_3D('',#10569,#5821,#5822);
#4948=AXIS2_PLACEMENT_3D('',#10570,#5823,#5824);
#4949=AXIS2_PLACEMENT_3D('',#10678,#5827,#5828);
#4950=AXIS2_PLACEMENT_3D('',#10701,#5830,#5831);
#4951=AXIS2_PLACEMENT_3D('',#10759,#5832,#5833);
#4952=AXIS2_PLACEMENT_3D('',#10765,#5834,#5835);
#4953=AXIS2_PLACEMENT_3D('',#10766,#5836,#5837);
#4954=AXIS2_PLACEMENT_3D('',#10768,#5838,#5839);
#4955=AXIS2_PLACEMENT_3D('',#10930,#5840,#5841);
#4956=AXIS2_PLACEMENT_3D('',#10937,#5843,#5844);
#4957=AXIS2_PLACEMENT_3D('',#10938,#5845,#5846);
#4958=AXIS2_PLACEMENT_3D('',#10943,#5849,#5850);
#4959=AXIS2_PLACEMENT_3D('',#10966,#5852,#5853);
#4960=AXIS2_PLACEMENT_3D('',#10967,#5854,#5855);
#4961=AXIS2_PLACEMENT_3D('',#10969,#5856,#5857);
#4962=AXIS2_PLACEMENT_3D('',#11002,#5858,#5859);
#4963=AXIS2_PLACEMENT_3D('',#11048,#5861,#5862);
#4964=AXIS2_PLACEMENT_3D('',#11090,#5864,#5865);
#4965=AXIS2_PLACEMENT_3D('',#11467,#5867,#5868);
#4966=AXIS2_PLACEMENT_3D('',#11474,#5870,#5871);
#4967=AXIS2_PLACEMENT_3D('',#11480,#5872,#5873);
#4968=AXIS2_PLACEMENT_3D('',#11702,#5874,#5875);
#4969=AXIS2_PLACEMENT_3D('',#11703,#5876,#5877);
#4970=AXIS2_PLACEMENT_3D('',#12026,#5880,#5881);
#4971=AXIS2_PLACEMENT_3D('',#12238,#5884,#5885);
#4972=AXIS2_PLACEMENT_3D('',#12512,#5886,#5887);
#4973=DIRECTION('',(0.,0.,1.));
#4974=DIRECTION('',(1.,0.,0.));
#4975=DIRECTION('',(-5.70255687203639E-15,1.,4.07418409305384E-19));
#4976=DIRECTION('',(-1.,-5.70255687203639E-15,0.));
#4977=DIRECTION('',(-0.287614921385864,-1.64053064985556E-15,0.957746133897811));
#4978=DIRECTION('',(-0.957746133897811,-5.46148461791149E-15,-0.287614921385864));
#4979=DIRECTION('',(0.287614921385864,1.64053064985556E-15,-0.957746133897811));
#4980=DIRECTION('',(0.957746133897809,5.46148461791148E-15,0.287614921385869));
#4981=DIRECTION('',(-5.70255687203639E-15,1.,4.07418409305384E-19));
#4982=DIRECTION('',(-1.,-5.70255687203639E-15,0.));
#4983=DIRECTION('',(0.287614921385864,1.64053064985556E-15,-0.957746133897811));
#4984=DIRECTION('',(0.957746133897812,5.46148461791149E-15,0.287614921385861));
#4985=DIRECTION('',(-0.287614921385863,-1.64053064985555E-15,0.957746133897811));
#4986=DIRECTION('',(-0.957746133897811,-5.46148461791148E-15,-0.287614921385864));
#4987=DIRECTION('',(-0.542126518671741,-0.831101724660157,0.123970807127204));
#4988=DIRECTION('',(0.837562796679879,-0.546341067116302,0.));
#4989=DIRECTION('',(-3.08939616888694E-17,1.,2.38942627544914E-16));
#4990=DIRECTION('',(0.,-2.38942627544914E-16,1.));
#4991=DIRECTION('',(-3.08939616888694E-17,1.,2.38942627544914E-16));
#4992=DIRECTION('',(1.,3.08939616889475E-17,-3.26734538822308E-13));
#4993=DIRECTION('',(-3.08939616888694E-17,1.,2.38942627544914E-16));
#4994=DIRECTION('',(1.,3.08939616889475E-17,-3.26734538822308E-13));
#4995=DIRECTION('',(-3.08939616888694E-17,1.,2.38942627544914E-16));
#4996=DIRECTION('',(0.,-2.38942627544914E-16,1.));
#4997=DIRECTION('',(-3.08939616888694E-17,1.,2.38942627544914E-16));
#4998=DIRECTION('',(1.,3.08939616889475E-17,-3.26734538822308E-13));
#4999=DIRECTION('',(-3.08939616888694E-17,1.,2.38942627544914E-16));
#5000=DIRECTION('',(1.,3.08939616889475E-17,-3.26734538822308E-13));
#5001=DIRECTION('',(0.,1.,0.));
#5002=DIRECTION('',(0.,0.,1.));
#5003=DIRECTION('',(0.,-1.,0.));
#5004=DIRECTION('',(-1.,0.,-1.33704782069888E-15));
#5005=DIRECTION('',(0.,1.,0.));
#5006=DIRECTION('',(1.,0.,1.33704782069888E-15));
#5007=DIRECTION('',(0.,0.707106781186548,0.707106781186547));
#5008=DIRECTION('',(0.,-0.707106781186547,0.707106781186548));
#5009=DIRECTION('',(-0.577350269189626,-0.577350269189625,0.577350269189626));
#5010=DIRECTION('',(1.,0.,0.));
#5011=DIRECTION('',(0.,-0.707106781186547,0.707106781186548));
#5012=DIRECTION('',(1.,0.,0.));
#5013=DIRECTION('',(0.577350269189622,-0.577350269189628,0.577350269189628));
#5014=DIRECTION('',(0.,-0.707106781186548,-0.707106781186547));
#5015=DIRECTION('',(0.,0.707106781186547,-0.707106781186548));
#5016=DIRECTION('',(0.,0.707106781186547,-0.707106781186548));
#5017=DIRECTION('',(-1.,0.,0.));
#5018=DIRECTION('',(0.,0.707106781186547,-0.707106781186548));
#5019=DIRECTION('',(-1.,0.,0.));
#5020=DIRECTION('',(0.,-0.707106781186548,-0.707106781186547));
#5021=DIRECTION('',(0.,0.707106781186547,-0.707106781186548));
#5022=DIRECTION('',(0.,-0.707106781186548,-0.707106781186547));
#5023=DIRECTION('',(0.,0.707106781186547,-0.707106781186548));
#5024=DIRECTION('',(-1.,0.,0.));
#5025=DIRECTION('',(0.,0.707106781186547,-0.707106781186548));
#5026=DIRECTION('',(-1.,0.,0.));
#5027=DIRECTION('',(-0.542126518671741,-0.831101724660157,0.123970807127204));
#5028=DIRECTION('',(0.837562796679879,-0.546341067116302,0.));
#5029=DIRECTION('',(0.,1.,0.));
#5030=DIRECTION('',(0.,0.,1.));
#5031=DIRECTION('',(0.,-1.,0.));
#5032=DIRECTION('',(0.,0.,-1.));
#5033=DIRECTION('',(0.,-1.,0.));
#5034=DIRECTION('',(0.,0.,-1.));
#5035=DIRECTION('',(-0.957746133897811,-5.46162092798831E-15,-0.287614921385864));
#5036=DIRECTION('',(-0.287614921385864,0.,0.957746133897811));
#5037=DIRECTION('',(-0.957746133897811,-5.46162092798831E-15,-0.287614921385864));
#5038=DIRECTION('',(-0.287614921385864,0.,0.957746133897811));
#5039=DIRECTION('',(0.287614921385864,1.64053064985556E-15,-0.957746133897811));
#5040=DIRECTION('',(-0.957746133897811,-5.46162092798831E-15,-0.287614921385864));
#5041=DIRECTION('',(-0.287614921385864,0.,0.957746133897811));
#5042=DIRECTION('',(-0.957746133897809,-5.46149499516515E-15,-0.287614921385869));
#5043=DIRECTION('',(-0.287614921385869,0.,0.957746133897809));
#5044=DIRECTION('',(-0.957746133897809,-5.46148461791148E-15,-0.287614921385869));
#5045=DIRECTION('',(0.957746133897811,5.46162092798832E-15,0.287614921385864));
#5046=DIRECTION('',(0.287614921385864,0.,-0.957746133897811));
#5047=DIRECTION('',(0.957746133897811,5.46162092798832E-15,0.287614921385864));
#5048=DIRECTION('',(0.287614921385864,0.,-0.957746133897811));
#5049=DIRECTION('',(-0.287614921385864,-1.64053064985556E-15,0.957746133897811));
#5050=DIRECTION('',(0.957746133897811,5.46162092798832E-15,0.287614921385864));
#5051=DIRECTION('',(0.287614921385864,0.,-0.957746133897811));
#5052=DIRECTION('',(0.957746133897811,5.46149499516516E-15,0.287614921385864));
#5053=DIRECTION('',(0.287614921385864,0.,-0.957746133897811));
#5054=DIRECTION('',(0.957746133897811,5.46148461791149E-15,0.287614921385864));
#5055=DIRECTION('',(0.957746133897811,5.46149499516516E-15,0.287614921385864));
#5056=DIRECTION('',(0.287614921385864,0.,-0.957746133897811));
#5057=DIRECTION('',(0.957746133897811,5.46162092798832E-15,0.287614921385863));
#5058=DIRECTION('',(0.287614921385863,0.,-0.957746133897811));
#5059=DIRECTION('',(0.957746133897811,5.46148461791149E-15,0.287614921385864));
#5060=DIRECTION('',(-0.957746133897811,-5.46162092798831E-15,-0.287614921385864));
#5061=DIRECTION('',(-0.287614921385864,0.,0.957746133897811));
#5062=DIRECTION('',(-0.957746133897811,-5.46162092798831E-15,-0.287614921385864));
#5063=DIRECTION('',(-0.287614921385864,0.,0.957746133897811));
#5064=DIRECTION('',(0.287614921385864,1.64053064985556E-15,-0.957746133897811));
#5065=DIRECTION('',(-0.957746133897811,-5.46162092798831E-15,-0.287614921385864));
#5066=DIRECTION('',(-0.287614921385864,0.,0.957746133897811));
#5067=DIRECTION('',(-0.957746133897812,-5.46149499516517E-15,-0.287614921385861));
#5068=DIRECTION('',(-0.287614921385861,0.,0.957746133897812));
#5069=DIRECTION('',(-0.957746133897812,-5.46148461791149E-15,-0.287614921385861));
#5070=DIRECTION('',(0.957746133897811,5.46162092798832E-15,0.287614921385863));
#5071=DIRECTION('',(0.287614921385863,0.,-0.957746133897811));
#5072=DIRECTION('',(0.957746133897811,5.46162092798832E-15,0.287614921385863));
#5073=DIRECTION('',(0.287614921385863,0.,-0.957746133897811));
#5074=DIRECTION('',(-0.287614921385863,-1.64053064985555E-15,0.957746133897811));
#5075=DIRECTION('',(0.,-1.,0.));
#5076=DIRECTION('',(0.,0.,-1.));
#5077=DIRECTION('',(0.,-1.,0.));
#5078=DIRECTION('',(-0.991029909341496,0.,0.133640258869046));
#5079=DIRECTION('',(0.,1.,0.));
#5080=DIRECTION('',(0.,0.,1.));
#5081=DIRECTION('',(0.,-1.,0.));
#5082=DIRECTION('',(0.,0.,-1.));
#5083=DIRECTION('',(0.,1.,0.));
#5084=DIRECTION('',(0.,-1.,0.));
#5085=DIRECTION('',(0.,0.,-1.));
#5086=DIRECTION('',(0.,1.,0.));
#5087=DIRECTION('',(-0.283321559582229,0.,0.959024970413124));
#5088=DIRECTION('',(0.959024970413124,0.,0.283321559582229));
#5089=DIRECTION('',(0.292280400260082,0.,-0.956332665772641));
#5090=DIRECTION('',(0.956332665772641,0.,0.292280400260082));
#5091=DIRECTION('',(-0.283321559582229,0.,0.959024970413124));
#5092=DIRECTION('',(-0.283321559582232,0.,0.959024970413123));
#5093=DIRECTION('',(0.959024970413123,0.,0.283321559582232));
#5094=DIRECTION('',(-0.283321559582229,0.,0.959024970413124));
#5095=DIRECTION('',(-0.280903256446094,-0.130377256361741,0.95083917227971));
#5096=DIRECTION('',(0.959024970413123,0.,0.283321559582232));
#5097=DIRECTION('',(0.,1.,0.));
#5098=DIRECTION('',(0.,0.,1.));
#5099=DIRECTION('',(0.,-1.,0.));
#5100=DIRECTION('',(0.,0.,-1.));
#5101=DIRECTION('',(7.8060646862485E-29,1.,2.38942627544904E-16));
#5102=DIRECTION('',(0.,-2.38942627544904E-16,1.));
#5103=DIRECTION('',(0.,-0.707106781186547,0.707106781186548));
#5104=DIRECTION('',(1.10394425480543E-28,0.707106781186548,0.707106781186547));
#5105=DIRECTION('',(-3.08939616888694E-17,1.,2.38942627544914E-16));
#5106=DIRECTION('',(1.,3.08939616889475E-17,-3.26734538822308E-13));
#5107=DIRECTION('',(7.8060646862485E-29,1.,2.38942627544904E-16));
#5108=DIRECTION('',(0.,-2.38942627544904E-16,1.));
#5109=DIRECTION('',(0.,-0.707106781186547,0.707106781186548));
#5110=DIRECTION('',(1.10394425480543E-28,0.707106781186548,0.707106781186547));
#5111=DIRECTION('',(-3.08939616888694E-17,1.,2.38942627544914E-16));
#5112=DIRECTION('',(1.,3.08939616889475E-17,-3.26734538822308E-13));
#5113=DIRECTION('',(0.,-1.,0.));
#5114=DIRECTION('',(0.,0.,-1.));
#5115=DIRECTION('',(0.,1.,0.));
#5116=DIRECTION('',(0.,0.,1.));
#5117=DIRECTION('',(0.,-1.,0.));
#5118=DIRECTION('',(0.,0.,-1.));
#5119=DIRECTION('',(0.,-1.,0.));
#5120=DIRECTION('',(0.,0.,-1.));
#5121=DIRECTION('',(-4.3994407620015E-17,0.,1.));
#5122=DIRECTION('',(0.,0.,1.));
#5123=DIRECTION('',(-1.,0.,0.));
#5124=DIRECTION('',(0.,0.,1.));
#5125=DIRECTION('',(0.,0.,-1.));
#5126=DIRECTION('',(1.,0.,6.67201336914156E-16));
#5127=DIRECTION('',(0.,0.,1.));
#5128=DIRECTION('',(-1.,0.,0.));
#5129=DIRECTION('',(0.707106781186551,0.707106781186544,3.11087439623979E-17));
#5130=DIRECTION('',(-0.707106781186544,0.707106781186551,0.));
#5131=DIRECTION('',(-0.577350269189624,0.57735026918963,0.577350269189624));
#5132=DIRECTION('',(-0.577350269189622,0.577350269189628,0.577350269189627));
#5133=DIRECTION('',(-1.2019027147373E-16,7.61958638537158E-17,1.));
#5134=DIRECTION('',(0.,-1.,-2.38942627544904E-16));
#5135=DIRECTION('',(0.,2.38942627544904E-16,-1.));
#5136=DIRECTION('',(-1.,0.,0.));
#5137=DIRECTION('',(-1.,0.,0.));
#5138=DIRECTION('',(1.2019027147373E-16,2.38942627544904E-16,-1.));
#5139=DIRECTION('',(-1.,0.,0.));
#5140=DIRECTION('',(-1.,0.,0.));
#5141=DIRECTION('',(-7.80606468624851E-29,-1.,-2.38942627544904E-16));
#5142=DIRECTION('',(0.,2.38942627544904E-16,-1.));
#5143=DIRECTION('',(0.,-1.,0.));
#5144=DIRECTION('',(0.,0.,-1.));
#5145=DIRECTION('',(-7.80606468624851E-29,-1.,-2.38942627544904E-16));
#5146=DIRECTION('',(0.,2.38942627544904E-16,-1.));
#5147=DIRECTION('',(0.,-1.,0.));
#5148=DIRECTION('',(0.,0.,-1.));
#5149=DIRECTION('',(0.,1.,0.));
#5150=DIRECTION('',(0.,0.,1.));
#5151=DIRECTION('',(0.,-1.,0.));
#5152=DIRECTION('',(0.,0.,-1.));
#5153=DIRECTION('',(0.707106781186548,0.,0.707106781186548));
#5154=DIRECTION('',(0.,1.,0.));
#5155=DIRECTION('',(0.,-1.,0.));
#5156=DIRECTION('',(0.707106781186548,0.,-0.707106781186548));
#5157=DIRECTION('',(0.,1.,0.));
#5158=DIRECTION('',(1.53086056323579E-16,0.,-1.));
#5159=DIRECTION('',(-1.,0.,-1.53086056323579E-16));
#5160=DIRECTION('',(-1.,0.,-1.53086056323579E-16));
#5161=DIRECTION('',(0.,1.,0.));
#5162=DIRECTION('',(-1.,0.,0.));
#5163=DIRECTION('',(0.,0.,1.));
#5164=DIRECTION('',(0.,0.,1.));
#5165=DIRECTION('',(0.,1.,0.));
#5166=DIRECTION('',(0.,0.,1.));
#5167=DIRECTION('',(1.,0.,0.));
#5168=DIRECTION('',(1.,0.,0.));
#5169=DIRECTION('',(0.,1.,0.));
#5170=DIRECTION('',(1.,0.,0.));
#5171=DIRECTION('',(0.,0.,-1.));
#5172=DIRECTION('',(0.,0.,-1.));
#5173=DIRECTION('',(0.,1.,0.));
#5174=DIRECTION('',(1.53086056323579E-16,0.,-1.));
#5175=DIRECTION('',(-1.,0.,-1.53086056323579E-16));
#5176=DIRECTION('',(-1.,0.,-1.53086056323579E-16));
#5177=DIRECTION('',(0.,1.,0.));
#5178=DIRECTION('',(-1.,0.,0.));
#5179=DIRECTION('',(0.,0.,1.));
#5180=DIRECTION('',(0.,0.,1.));
#5181=DIRECTION('',(0.,1.,0.));
#5182=DIRECTION('',(-6.67201336914156E-16,0.,1.));
#5183=DIRECTION('',(1.,0.,6.67201336914156E-16));
#5184=DIRECTION('',(1.,0.,6.67201336914156E-16));
#5185=DIRECTION('',(0.,1.,0.));
#5186=DIRECTION('',(1.,0.,0.));
#5187=DIRECTION('',(0.,0.,-1.));
#5188=DIRECTION('',(0.,0.,-1.));
#5189=DIRECTION('',(0.,1.,0.));
#5190=DIRECTION('',(1.53086056323579E-16,0.,-1.));
#5191=DIRECTION('',(-1.,0.,-1.53086056323579E-16));
#5192=DIRECTION('',(-1.,0.,-1.53086056323579E-16));
#5193=DIRECTION('',(0.,-1.,0.));
#5194=DIRECTION('',(0.,1.,0.));
#5195=DIRECTION('',(0.,0.,1.));
#5196=DIRECTION('',(0.,-1.,0.));
#5197=DIRECTION('',(0.,0.,-1.));
#5198=DIRECTION('',(0.,-1.,0.));
#5199=DIRECTION('',(-0.959024970413124,0.,-0.283321559582229));
#5200=DIRECTION('',(-0.283321559582229,0.,0.959024970413124));
#5201=DIRECTION('',(-0.283321559582229,0.,0.959024970413124));
#5202=DIRECTION('',(0.,1.,0.));
#5203=DIRECTION('',(-0.374553755445051,0.,-0.927205200741459));
#5204=DIRECTION('',(-0.374553755445051,0.,-0.927205200741459));
#5205=DIRECTION('',(0.292280400260082,0.,-0.956332665772641));
#5206=DIRECTION('',(-0.956332665772641,0.,-0.292280400260082));
#5207=DIRECTION('',(-0.956332665772641,0.,-0.292280400260082));
#5208=DIRECTION('',(-0.956332665772641,0.,-0.292280400260082));
#5209=DIRECTION('',(-0.956332665772641,0.,-0.292280400260082));
#5210=DIRECTION('',(0.956332665772641,0.,0.292280400260082));
#5211=DIRECTION('',(0.,-1.,0.));
#5212=DIRECTION('',(0.,0.,1.));
#5213=DIRECTION('',(0.991029909341493,0.,-0.133640258869072));
#5214=DIRECTION('',(0.0871557427476582,0.,0.996194698091746));
#5215=DIRECTION('',(-0.573576436351045,0.,-0.819152044288993));
#5216=DIRECTION('',(0.,-1.,0.));
#5217=DIRECTION('',(0.,0.,-1.));
#5218=DIRECTION('',(-1.,0.,-1.53086056323579E-16));
#5219=DIRECTION('',(-0.996194698091746,0.,0.0871557427476582));
#5220=DIRECTION('',(0.0871557427476582,0.,0.996194698091746));
#5221=DIRECTION('',(0.,1.,0.));
#5222=DIRECTION('',(-0.0871557427476582,0.,-0.996194698091746));
#5223=DIRECTION('',(-5.70244535776731E-15,1.,-5.81892107780199E-31));
#5224=DIRECTION('',(-1.,-5.70244535776731E-15,0.));
#5225=DIRECTION('',(-0.957746133897811,-5.46148461791149E-15,-0.287614921385864));
#5226=DIRECTION('',(-0.287614921385864,-1.64053064985556E-15,0.957746133897811));
#5227=DIRECTION('',(0.95774613389781,5.46148461791148E-15,0.287614921385865));
#5228=DIRECTION('',(0.287614921385866,1.64053064985557E-15,-0.95774613389781));
#5229=DIRECTION('',(-1.,0.,-1.2019027147373E-16));
#5230=DIRECTION('',(-1.2019027147373E-16,0.,1.));
#5231=DIRECTION('',(-1.,0.,-1.2019027147373E-16));
#5232=DIRECTION('',(-1.2019027147373E-16,0.,1.));
#5233=DIRECTION('',(-1.2019027147373E-16,0.,1.));
#5234=DIRECTION('',(8.49873559917265E-17,-0.707106781186548,-0.707106781186547));
#5235=DIRECTION('',(0.,1.,0.));
#5236=DIRECTION('',(-1.2019027147373E-16,7.61958638537158E-17,1.));
#5237=DIRECTION('',(0.,1.,0.));
#5238=DIRECTION('',(0.,0.,1.));
#5239=DIRECTION('',(-1.08248188531508E-16,0.707106781186547,0.707106781186548));
#5240=DIRECTION('',(1.08248188531508E-16,0.707106781186548,-0.707106781186547));
#5241=DIRECTION('',(0.,0.,-1.));
#5242=DIRECTION('',(-1.,0.,0.));
#5243=DIRECTION('',(0.707106781186544,-0.707106781186551,0.));
#5244=DIRECTION('',(1.,1.53086056323579E-16,0.));
#5245=DIRECTION('',(-1.41433074150225E-16,-0.382683432365082,0.92387953251129));
#5246=DIRECTION('',(-1.,0.,-1.53086056323579E-16));
#5247=DIRECTION('',(-1.,0.,-1.53086056323579E-16));
#5248=DIRECTION('',(-0.258826824110142,-0.892397175086588,-0.369643012944293));
#5249=DIRECTION('',(-1.,0.,-1.53086056323579E-16));
#5250=DIRECTION('',(0.819152044288993,0.,-0.573576436351045));
#5251=DIRECTION('',(0.,1.,0.));
#5252=DIRECTION('',(-0.573576436351044,0.,-0.819152044288993));
#5253=DIRECTION('',(-0.443712606279656,0.633687274224643,-0.633687274224643));
#5254=DIRECTION('',(0.,-1.,0.));
#5255=DIRECTION('',(0.,-1.,0.));
#5256=DIRECTION('',(0.,0.,-1.));
#5257=DIRECTION('',(-1.08248188531508E-16,0.707106781186547,0.707106781186548));
#5258=DIRECTION('',(-1.08248188531508E-16,-0.707106781186548,0.707106781186547));
#5259=DIRECTION('',(0.,-1.,0.));
#5260=DIRECTION('',(1.53086056323579E-16,0.,-1.));
#5261=DIRECTION('',(-1.,0.,-1.53086056323579E-16));
#5262=DIRECTION('',(-1.,0.,-1.53086056323579E-16));
#5263=DIRECTION('',(0.,-1.,0.));
#5264=DIRECTION('',(0.,0.,-1.));
#5265=DIRECTION('',(0.,1.,0.));
#5266=DIRECTION('',(0.,0.,1.));
#5267=DIRECTION('',(-1.08248188531508E-16,0.707106781186547,0.707106781186548));
#5268=DIRECTION('',(-1.08248188531508E-16,-0.707106781186548,0.707106781186547));
#5269=DIRECTION('',(0.,-1.,0.));
#5270=DIRECTION('',(0.,0.,-1.));
#5271=DIRECTION('',(0.,-1.,0.));
#5272=DIRECTION('',(0.,0.,-1.));
#5273=DIRECTION('',(0.,-1.,0.));
#5274=DIRECTION('',(0.,0.,-1.));
#5275=DIRECTION('',(0.,-1.,0.));
#5276=DIRECTION('',(0.,0.,-1.));
#5277=DIRECTION('',(1.,0.,1.53086056323579E-16));
#5278=DIRECTION('',(0.,-1.,0.));
#5279=DIRECTION('',(0.,0.,-1.));
#5280=DIRECTION('',(0.,1.,0.));
#5281=DIRECTION('',(0.,0.,1.));
#5282=DIRECTION('',(0.,-0.707106781186547,0.707106781186548));
#5283=DIRECTION('',(0.,-0.707106781186548,-0.707106781186547));
#5284=DIRECTION('',(-1.,-7.65430281617893E-17,-7.65430281617892E-17));
#5285=DIRECTION('',(-1.,0.,0.));
#5286=DIRECTION('',(0.,0.,1.));
#5287=DIRECTION('',(0.707106781186547,0.,0.707106781186548));
#5288=DIRECTION('',(-1.,0.,0.));
#5289=DIRECTION('',(0.,0.,1.));
#5290=DIRECTION('',(-1.,0.,0.));
#5291=DIRECTION('',(0.,0.,1.));
#5292=DIRECTION('',(1.,0.,0.));
#5293=DIRECTION('',(0.,0.,-1.));
#5294=DIRECTION('',(-1.,0.,0.));
#5295=DIRECTION('',(-1.,0.,0.));
#5296=DIRECTION('',(-0.0871557427476602,0.,-0.996194698091745));
#5297=DIRECTION('',(-0.0871557427476602,0.,-0.996194698091745));
#5298=DIRECTION('',(0.,-1.,0.));
#5299=DIRECTION('',(0.,0.,1.));
#5300=DIRECTION('',(0.,0.,-1.));
#5301=DIRECTION('',(1.,0.,-2.60208521396521E-16));
#5302=DIRECTION('',(0.,1.,0.));
#5303=DIRECTION('',(0.,0.,1.));
#5304=DIRECTION('',(0.,-1.,0.));
#5305=DIRECTION('',(0.,0.,-1.));
#5306=DIRECTION('',(0.41400765330623,0.,-0.910273400140786));
#5307=DIRECTION('',(0.,-1.,0.));
#5308=DIRECTION('',(0.,0.,-1.));
#5309=DIRECTION('',(0.,-1.,0.));
#5310=DIRECTION('',(0.,0.,-1.));
#5311=DIRECTION('',(0.,-1.,0.));
#5312=DIRECTION('',(0.,0.,-1.));
#5313=DIRECTION('',(0.,-1.,0.));
#5314=DIRECTION('',(0.,0.,-1.));
#5315=DIRECTION('',(0.,-1.,0.));
#5316=DIRECTION('',(0.,0.,-1.));
#5317=DIRECTION('',(0.,-1.,0.));
#5318=DIRECTION('',(0.,0.,-1.));
#5319=DIRECTION('',(0.406299492574185,0.,0.913739964286317));
#5320=DIRECTION('',(0.913739964286317,0.,-0.406299492574185));
#5321=DIRECTION('',(0.913739964286317,0.,-0.406299492574185));
#5322=DIRECTION('',(0.,1.,0.));
#5323=DIRECTION('',(0.913739964286317,0.,-0.406299492574185));
#5324=DIRECTION('',(0.,1.,0.));
#5325=DIRECTION('',(-0.287614921385861,0.,0.957746133897812));
#5326=DIRECTION('',(0.957746133897811,5.46162092798831E-15,0.287614921385864));
#5327=DIRECTION('',(0.287614921385864,0.,-0.957746133897811));
#5328=DIRECTION('',(5.70109207999576E-15,-1.,4.94421280401858E-18));
#5329=DIRECTION('',(-0.287614921385864,-1.64053064985556E-15,0.957746133897811));
#5330=DIRECTION('',(5.70109207999576E-15,-1.,4.94421280401858E-18));
#5331=DIRECTION('',(0.287614921385865,1.63498384970334E-15,-0.95774613389781));
#5332=DIRECTION('',(-0.95774613389781,0.,-0.287614921385865));
#5333=DIRECTION('',(0.95774613389781,5.46148461791148E-15,0.287614921385865));
#5334=DIRECTION('',(5.70109207999576E-15,-1.,4.94421280401858E-18));
#5335=DIRECTION('',(-0.95774613389781,-5.46162092798831E-15,-0.287614921385866));
#5336=DIRECTION('',(-0.287614921385866,0.,0.95774613389781));
#5337=DIRECTION('',(0.287614921385866,1.64053064985557E-15,-0.95774613389781));
#5338=DIRECTION('',(5.70109207999576E-15,-1.,4.94421280401858E-18));
#5339=DIRECTION('',(-0.287614921385864,-1.63498384970334E-15,0.957746133897811));
#5340=DIRECTION('',(0.957746133897811,0.,0.287614921385864));
#5341=DIRECTION('',(-0.957746133897811,-5.46148461791149E-15,-0.287614921385864));
#5342=DIRECTION('',(0.707106781186551,0.707106781186544,3.11087439623979E-17));
#5343=DIRECTION('',(-0.707106781186544,0.707106781186551,0.));
#5344=DIRECTION('',(-0.577350269189622,0.577350269189628,-0.577350269189628));
#5345=DIRECTION('',(-4.3994407620015E-17,0.,1.));
#5346=DIRECTION('',(0.577350269189621,-0.577350269189627,-0.577350269189629));
#5347=DIRECTION('',(-0.707106781186544,0.707106781186551,-3.11087439623976E-17));
#5348=DIRECTION('',(3.05128968801087E-17,0.707106781186548,-0.707106781186547));
#5349=DIRECTION('',(-1.,0.,-4.31517525951415E-17));
#5350=DIRECTION('',(-1.,0.,-4.31517525951415E-17));
#5351=DIRECTION('',(-0.186156787844275,0.69474659061398,0.694746590613982));
#5352=DIRECTION('',(0.6776614793663,-0.519987941871288,-0.519987941871289));
#5353=DIRECTION('',(1.,0.,4.31517525951415E-17));
#5354=DIRECTION('',(3.60790836150446E-15,0.707106781186548,-0.707106781186547));
#5355=DIRECTION('',(-1.08248188531508E-16,0.707106781186547,0.707106781186548));
#5356=DIRECTION('',(1.,0.,1.53086056323579E-16));
#5357=DIRECTION('',(1.,0.,1.53086056323579E-16));
#5358=DIRECTION('',(0.,-1.,0.));
#5359=DIRECTION('',(0.,0.,-1.));
#5360=DIRECTION('',(0.,-1.,0.));
#5361=DIRECTION('',(0.,0.,-1.));
#5362=DIRECTION('',(0.,-1.,0.));
#5363=DIRECTION('',(0.,0.,-1.));
#5364=DIRECTION('',(0.,-1.,0.));
#5365=DIRECTION('',(0.,0.,-1.));
#5366=DIRECTION('',(0.,1.,0.));
#5367=DIRECTION('',(0.,0.,1.));
#5368=DIRECTION('',(0.965925826308191,0.,0.258819045031152));
#5369=DIRECTION('',(0.258819045031152,0.,-0.965925826308192));
#5370=DIRECTION('',(0.,-1.,0.));
#5371=DIRECTION('',(0.258819045031152,0.,-0.965925826308192));
#5372=DIRECTION('',(0.,1.,0.));
#5373=DIRECTION('',(-0.258819045031152,0.,0.965925826308192));
#5374=DIRECTION('',(-0.608761429038033,0.,-0.793353340268743));
#5375=DIRECTION('',(0.,-1.,0.));
#5376=DIRECTION('',(-0.793353340268743,0.,0.608761429038033));
#5377=DIRECTION('',(0.,1.,0.));
#5378=DIRECTION('',(-4.31517525951415E-17,0.,1.));
#5379=DIRECTION('',(1.,0.,4.31517525951415E-17));
#5380=DIRECTION('',(-1.,0.,-4.31517525951415E-17));
#5381=DIRECTION('',(0.,1.,0.));
#5382=DIRECTION('',(1.,0.,0.));
#5383=DIRECTION('',(0.,0.,-1.));
#5384=DIRECTION('',(0.,0.,-1.));
#5385=DIRECTION('',(1.,-6.12303176911189E-17,0.));
#5386=DIRECTION('',(6.12303176911189E-17,1.,0.));
#5387=DIRECTION('',(1.,0.,-2.60208521396521E-16));
#5388=DIRECTION('',(-2.60208521396521E-16,0.,-1.));
#5389=DIRECTION('',(1.,0.,-2.60208521396521E-16));
#5390=DIRECTION('',(0.,1.,0.));
#5391=DIRECTION('',(1.,0.,0.));
#5392=DIRECTION('',(0.991030091733048,0.,-0.133638906309456));
#5393=DIRECTION('',(-0.133638906309456,0.,-0.991030091733047));
#5394=DIRECTION('',(0.991030091733047,0.,-0.133638906309456));
#5395=DIRECTION('',(0.41400765330623,0.,-0.910273400140786));
#5396=DIRECTION('',(-0.910273400140786,0.,-0.41400765330623));
#5397=DIRECTION('',(0.33232334345944,0.,-0.943165518555433));
#5398=DIRECTION('',(0.943165518555433,0.,0.33232334345944));
#5399=DIRECTION('',(0.41400765330623,0.,-0.910273400140786));
#5400=DIRECTION('',(0.248062125984587,0.,-0.968744125996131));
#5401=DIRECTION('',(-0.968744125996131,0.,-0.248062125984587));
#5402=DIRECTION('',(-0.248062125984588,0.,0.96874412599613));
#5403=DIRECTION('',(-0.289042873107708,0.,0.95731615337131));
#5404=DIRECTION('',(0.95731615337131,0.,0.289042873107708));
#5405=DIRECTION('',(0.,-1.,0.));
#5406=DIRECTION('',(0.957673574800937,0.,0.287856429714527));
#5407=DIRECTION('',(-0.287614921385861,0.,0.957746133897811));
#5408=DIRECTION('',(0.,1.,0.));
#5409=DIRECTION('',(0.,0.,1.));
#5410=DIRECTION('',(0.,-1.,0.));
#5411=DIRECTION('',(-1.,0.,-5.1023529366389E-15));
#5412=DIRECTION('',(0.,1.,0.));
#5413=DIRECTION('',(0.,0.,1.));
#5414=DIRECTION('',(-0.973002791880125,0.,-0.230793342610835));
#5415=DIRECTION('',(-0.642787609686539,0.,-0.766044443118978));
#5416=DIRECTION('',(-0.766044443118978,0.,0.642787609686539));
#5417=DIRECTION('',(0.642787609686539,0.,0.766044443118978));
#5418=DIRECTION('',(-0.463437196759059,-0.692955570372931,-0.552302944179398));
#5419=DIRECTION('',(-0.642787609686539,0.,-0.766044443118978));
#5420=DIRECTION('',(0.296255804489448,0.,-0.955108631678256));
#5421=DIRECTION('',(0.,-1.,0.));
#5422=DIRECTION('',(0.,0.,-1.));
#5423=DIRECTION('',(0.,-1.,0.));
#5424=DIRECTION('',(0.,0.,-1.));
#5425=DIRECTION('',(0.,-1.,0.));
#5426=DIRECTION('',(0.,0.,-1.));
#5427=DIRECTION('',(0.,-1.,0.));
#5428=DIRECTION('',(0.,0.,-1.));
#5429=DIRECTION('',(-0.287297126391862,0.707106781186542,-0.646111724988014));
#5430=DIRECTION('',(0.913739964286317,0.,-0.406299492574185));
#5431=DIRECTION('',(-0.913739964286317,0.,0.406299492574185));
#5432=DIRECTION('',(0.548726369326139,0.674390739248827,0.494061233473721));
#5433=DIRECTION('',(0.,-1.,0.));
#5434=DIRECTION('',(0.,0.,-1.));
#5435=DIRECTION('',(0.308534701679739,0.,-0.951213087514777));
#5436=DIRECTION('',(-0.499807220600355,0.,-0.866136676417612));
#5437=DIRECTION('',(-0.308534701679742,0.,0.951213087514776));
#5438=DIRECTION('',(-0.913773860265771,0.,0.406223254251884));
#5439=DIRECTION('',(0.951213087514777,0.,0.308534701679739));
#5440=DIRECTION('',(0.308534701679739,0.,-0.951213087514777));
#5441=DIRECTION('',(0.308534701679739,0.,-0.951213087514777));
#5442=DIRECTION('',(0.,1.,0.));
#5443=DIRECTION('',(0.951213087514776,0.,0.308534701679742));
#5444=DIRECTION('',(0.308534701679742,0.,-0.951213087514776));
#5445=DIRECTION('',(0.,1.,0.));
#5446=DIRECTION('',(0.,1.,0.));
#5447=DIRECTION('',(-0.308534701679742,0.,0.951213087514776));
#5448=DIRECTION('',(0.406223254251884,0.,0.913773860265771));
#5449=DIRECTION('',(0.913773860265771,0.,-0.406223254251884));
#5450=DIRECTION('',(-0.913773860265771,0.,0.406223254251884));
#5451=DIRECTION('',(0.,1.,0.));
#5452=DIRECTION('',(5.70172896883164E-15,-1.,1.91744027541334E-18));
#5453=DIRECTION('',(1.,5.70172896883164E-15,0.));
#5454=DIRECTION('',(5.70172896883164E-15,-1.,1.91744027541334E-18));
#5455=DIRECTION('',(1.,5.70172896883164E-15,0.));
#5456=DIRECTION('',(-0.349987654576154,-1.9937385783837E-15,0.936754312316887));
#5457=DIRECTION('',(5.70172896883164E-15,-1.,1.91744027541334E-18));
#5458=DIRECTION('',(-0.349987654576154,-1.99373857838369E-15,0.936754312316887));
#5459=DIRECTION('',(0.349987654576154,1.9937385783837E-15,-0.936754312316887));
#5460=DIRECTION('',(5.70172896883164E-15,-1.,1.91744027541334E-18));
#5461=DIRECTION('',(0.349987654576154,1.9937385783837E-15,-0.936754312316886));
#5462=DIRECTION('',(-0.936754312316886,-5.34179027963994E-15,-0.349987654576154));
#5463=DIRECTION('',(-0.349987654576154,0.,0.936754312316887));
#5464=DIRECTION('',(5.7036704846371E-15,-1.,-3.27909531494965E-18));
#5465=DIRECTION('',(-0.349987654576154,-1.9937385783837E-15,0.936754312316887));
#5466=DIRECTION('',(5.7036704846371E-15,-1.,-3.27909531494965E-18));
#5467=DIRECTION('',(-5.70255687203639E-15,1.,4.07418409305384E-19));
#5468=DIRECTION('',(-1.,-5.70255687203639E-15,0.));
#5469=DIRECTION('',(-0.287614921385866,-1.64053064985557E-15,0.95774613389781));
#5470=DIRECTION('',(0.957746133897811,5.46148461791149E-15,0.287614921385863));
#5471=DIRECTION('',(0.287614921385864,1.64053064985556E-15,-0.957746133897811));
#5472=DIRECTION('',(-0.95774613389781,-5.46148461791148E-15,-0.287614921385865));
#5473=DIRECTION('',(0.,-1.,0.));
#5474=DIRECTION('',(0.,0.,-1.));
#5475=DIRECTION('',(-0.248062125984588,0.,0.96874412599613));
#5476=DIRECTION('',(0.248029848510275,0.,-0.968752390576648));
#5477=DIRECTION('',(-1.,0.,5.55111512312578E-15));
#5478=DIRECTION('',(-0.248062125984588,0.,0.96874412599613));
#5479=DIRECTION('',(0.,-1.,0.));
#5480=DIRECTION('',(0.,0.,-1.));
#5481=DIRECTION('',(1.,0.,-5.55111512312578E-15));
#5482=DIRECTION('',(0.,-1.,0.));
#5483=DIRECTION('',(0.,0.,-1.));
#5484=DIRECTION('',(0.,1.,0.));
#5485=DIRECTION('',(0.,0.,1.));
#5486=DIRECTION('',(0.,1.,0.));
#5487=DIRECTION('',(0.,1.,0.));
#5488=DIRECTION('',(0.,0.,1.));
#5489=DIRECTION('',(0.,1.,0.));
#5490=DIRECTION('',(0.,0.,1.));
#5491=DIRECTION('',(0.,-1.,0.));
#5492=DIRECTION('',(0.,0.,-1.));
#5493=DIRECTION('',(-1.,-1.2953779000095E-29,-3.95676248009307E-13));
#5494=DIRECTION('',(5.56763331042425E-15,0.,1.));
#5495=DIRECTION('',(0.,-1.,0.));
#5496=DIRECTION('',(0.,0.,-1.));
#5497=DIRECTION('',(0.,1.,0.));
#5498=DIRECTION('',(0.,0.,1.));
#5499=DIRECTION('',(-1.,0.,-5.09095561721474E-15));
#5500=DIRECTION('',(-0.288196268134091,0.,0.957571360804814));
#5501=DIRECTION('',(1.,0.,-5.55111512312578E-15));
#5502=DIRECTION('',(-1.02042557406991E-16,0.,1.));
#5503=DIRECTION('',(0.395750376313323,0.,-0.918358121675778));
#5504=DIRECTION('',(1.,0.,1.02042557406991E-16));
#5505=DIRECTION('',(-7.53603280552657E-46,-2.7730778210842E-31,1.));
#5506=DIRECTION('',(1.,-2.37286067685799E-18,7.46780097234909E-46));
#5507=DIRECTION('',(0.287614921385866,0.,-0.95774613389781));
#5508=DIRECTION('',(-1.,0.,-5.09095561721474E-15));
#5509=DIRECTION('',(-5.09095561721474E-15,0.,1.));
#5510=DIRECTION('',(-1.,0.,-5.09095561721474E-15));
#5511=DIRECTION('',(-0.288196268134091,0.,0.957571360804814));
#5512=DIRECTION('',(0.957571360804814,0.,0.288196268134091));
#5513=DIRECTION('',(-0.288196268134091,0.,0.957571360804814));
#5514=DIRECTION('',(-0.973002791880125,0.,-0.230793342610835));
#5515=DIRECTION('',(-0.230793342610835,0.,0.973002791880125));
#5516=DIRECTION('',(-0.973002791880125,0.,-0.230793342610835));
#5517=DIRECTION('',(0.,1.,0.));
#5518=DIRECTION('',(0.888795321087149,0.,0.458304349983275));
#5519=DIRECTION('',(0.,-1.,0.));
#5520=DIRECTION('',(0.,0.,-1.));
#5521=DIRECTION('',(0.999999833387064,0.,-0.000577257174132965));
#5522=DIRECTION('',(0.499999999999995,0.,0.866025403784441));
#5523=DIRECTION('',(-0.308534701679739,0.,0.951213087514777));
#5524=DIRECTION('',(-0.672609224535091,0.707106781186548,-0.218166979789112));
#5525=DIRECTION('',(0.308534701679739,0.,-0.951213087514777));
#5526=DIRECTION('',(-0.0969680012215432,-0.376498966979843,-0.921328244765247));
#5527=DIRECTION('',(0.734199152695526,0.674512941322549,-0.0773556473024157));
#5528=DIRECTION('',(0.866136676417612,0.,-0.499807220600355));
#5529=DIRECTION('',(-0.499807220600355,0.,-0.866136676417612));
#5530=DIRECTION('',(0.499807220600355,0.,0.866136676417612));
#5531=DIRECTION('',(0.,1.,0.));
#5532=DIRECTION('',(0.,0.,1.));
#5533=DIRECTION('',(0.,1.,0.));
#5534=DIRECTION('',(0.,0.,1.));
#5535=DIRECTION('',(0.672609224535089,0.70710678118655,0.218166979789113));
#5536=DIRECTION('',(0.308534701679742,0.,-0.951213087514776));
#5537=DIRECTION('',(-0.734191218721946,0.674531142620385,0.077272194137487));
#5538=DIRECTION('',(0.308534701679742,0.,-0.951213087514776));
#5539=DIRECTION('',(-0.548710399590441,0.674383900723162,-0.494088303673252));
#5540=DIRECTION('',(0.287243217757176,0.707106781186544,0.646135693064939));
#5541=DIRECTION('',(0.913773860265771,0.,-0.406223254251884));
#5542=DIRECTION('',(0.913773860265771,0.,-0.406223254251884));
#5543=DIRECTION('',(-0.567740216811722,0.668984458118363,-0.479719544119957));
#5544=DIRECTION('',(0.685011384667433,0.707106781186541,0.175383587818289));
#5545=DIRECTION('',(0.248029848510275,0.,-0.968752390576648));
#5546=DIRECTION('',(0.248029848510275,0.,-0.968752390576648));
#5547=DIRECTION('',(-0.421683796850332,0.188522459653659,0.886928439999543));
#5548=DIRECTION('',(-0.248029848510275,0.,0.968752390576648));
#5549=DIRECTION('',(0.968752390576648,0.,0.248029848510275));
#5550=DIRECTION('',(0.248029848510275,0.,-0.968752390576648));
#5551=DIRECTION('',(0.242933030966121,-0.201683293221958,-0.948845293870797));
#5552=DIRECTION('',(0.,1.,0.));
#5553=DIRECTION('',(7.9301961385584E-17,0.629320391049837,-0.777145961456971));
#5554=DIRECTION('',(1.,0.,1.02042557406991E-16));
#5555=DIRECTION('',(0.,-0.777145961456971,-0.629320391049837));
#5556=DIRECTION('',(1.,6.73379041655512E-35,1.02042557406991E-16));
#5557=DIRECTION('',(0.,0.777145961456971,0.629320391049837));
#5558=DIRECTION('',(1.,0.,1.02042557406991E-16));
#5559=DIRECTION('',(0.936754312316886,5.34179027963994E-15,0.349987654576154));
#5560=DIRECTION('',(0.349987654576154,0.,-0.936754312316887));
#5561=DIRECTION('',(5.7036704846371E-15,-1.,-3.27909531494965E-18));
#5562=DIRECTION('',(0.349987654576154,1.9937385783837E-15,-0.936754312316887));
#5563=DIRECTION('',(5.7036704846371E-15,-1.,-3.27909531494965E-18));
#5564=DIRECTION('',(5.7036704846371E-15,-1.,-3.27909531494965E-18));
#5565=DIRECTION('',(1.,5.7036704846371E-15,0.));
#5566=DIRECTION('',(5.70172896883164E-15,-1.,1.91744027541334E-18));
#5567=DIRECTION('',(1.,5.70172896883164E-15,0.));
#5568=DIRECTION('',(5.70172896883164E-15,-1.,1.91744027541334E-18));
#5569=DIRECTION('',(1.,5.70172896883164E-15,0.));
#5570=DIRECTION('',(5.7036704846371E-15,-1.,-3.27909531494965E-18));
#5571=DIRECTION('',(1.,5.7036704846371E-15,0.));
#5572=DIRECTION('',(5.70172896883164E-15,-1.,1.91744027541334E-18));
#5573=DIRECTION('',(1.,5.70172896883164E-15,0.));
#5574=DIRECTION('',(5.70172896883164E-15,-1.,1.91744027541334E-18));
#5575=DIRECTION('',(1.,5.70172896883164E-15,0.));
#5576=DIRECTION('',(5.70172896883164E-15,-1.,1.91744027541334E-18));
#5577=DIRECTION('',(1.,5.70172896883164E-15,0.));
#5578=DIRECTION('',(5.70172896883164E-15,-1.,1.91744027541334E-18));
#5579=DIRECTION('',(1.,5.70172896883164E-15,0.));
#5580=DIRECTION('',(-0.957746133897811,-5.46162092798832E-15,-0.287614921385864));
#5581=DIRECTION('',(-0.287614921385864,0.,0.957746133897811));
#5582=DIRECTION('',(0.287614921385864,1.64053064985556E-15,-0.957746133897811));
#5583=DIRECTION('',(5.70109207999576E-15,-1.,4.94421280401858E-18));
#5584=DIRECTION('',(5.70109207999576E-15,-1.,4.94421280401858E-18));
#5585=DIRECTION('',(-0.287614921385865,-1.63498384970334E-15,0.95774613389781));
#5586=DIRECTION('',(0.95774613389781,0.,0.287614921385865));
#5587=DIRECTION('',(-0.95774613389781,-5.46148461791148E-15,-0.287614921385865));
#5588=DIRECTION('',(5.70109207999576E-15,-1.,4.94421280401858E-18));
#5589=DIRECTION('',(0.95774613389781,5.46162092798831E-15,0.287614921385866));
#5590=DIRECTION('',(0.287614921385866,0.,-0.95774613389781));
#5591=DIRECTION('',(5.70109207999576E-15,-1.,4.94421280401858E-18));
#5592=DIRECTION('',(-0.287614921385866,-1.64053064985557E-15,0.95774613389781));
#5593=DIRECTION('',(0.287614921385863,1.63498384970333E-15,-0.957746133897811));
#5594=DIRECTION('',(-0.957746133897811,0.,-0.287614921385863));
#5595=DIRECTION('',(0.957746133897811,5.46148461791149E-15,0.287614921385863));
#5596=DIRECTION('',(5.7036704846371E-15,-1.,-3.27909531494965E-18));
#5597=DIRECTION('',(1.,5.7036704846371E-15,0.));
#5598=DIRECTION('',(5.7036704846371E-15,-1.,-3.27909531494965E-18));
#5599=DIRECTION('',(0.,-1.,0.));
#5600=DIRECTION('',(0.,0.,-1.));
#5601=DIRECTION('',(5.7036704846371E-15,-1.,-3.27909531494965E-18));
#5602=DIRECTION('',(5.70172896883164E-15,-1.,1.91744027541334E-18));
#5603=DIRECTION('',(-0.349987654576154,-1.99373857838369E-15,0.936754312316887));
#5604=DIRECTION('',(0.,-1.,0.));
#5605=DIRECTION('',(0.,0.,-1.));
#5606=DIRECTION('',(0.,1.,0.));
#5607=DIRECTION('',(0.,-1.,0.));
#5608=DIRECTION('',(0.,0.,-1.));
#5609=DIRECTION('',(0.,1.,0.));
#5610=DIRECTION('',(-5.70244535776731E-15,1.,-5.81892107780199E-31));
#5611=DIRECTION('',(-1.,-5.70244535776731E-15,0.));
#5612=DIRECTION('',(1.02042557406991E-16,0.,-1.));
#5613=DIRECTION('',(-1.,0.,-1.02042557406991E-16));
#5614=DIRECTION('',(0.,1.,0.));
#5615=DIRECTION('',(0.,1.,0.));
#5616=DIRECTION('',(-1.,-5.70244535776731E-15,-1.02042557406991E-16));
#5617=DIRECTION('',(1.,0.,0.));
#5618=DIRECTION('',(0.,0.,-1.));
#5619=DIRECTION('',(0.,-0.207911690817759,-0.978147600733806));
#5620=DIRECTION('',(0.,5.81892107780199E-31,1.));
#5621=DIRECTION('',(0.,1.,0.));
#5622=DIRECTION('',(0.,-1.,0.));
#5623=DIRECTION('',(0.,-1.,0.));
#5624=DIRECTION('',(0.,0.,-1.));
#5625=DIRECTION('',(-5.70244535776731E-15,1.,-5.81892107780199E-31));
#5626=DIRECTION('',(-1.,-5.70244535776731E-15,0.));
#5627=DIRECTION('',(0.,1.,0.));
#5628=DIRECTION('',(-5.55111512312578E-15,0.,-1.));
#5629=DIRECTION('',(-1.,0.,5.55111512312578E-15));
#5630=DIRECTION('',(-1.,1.20161575915252E-15,5.55111512312578E-15));
#5631=DIRECTION('',(1.,5.70244535776731E-15,-5.55111512312578E-15));
#5632=DIRECTION('',(-5.55111512312578E-15,0.,-1.));
#5633=DIRECTION('',(-1.,0.,5.55111512312578E-15));
#5634=DIRECTION('',(-1.02042557406991E-16,0.,1.));
#5635=DIRECTION('',(1.,0.,1.02042557406991E-16));
#5636=DIRECTION('',(-1.02042557406991E-16,0.,1.));
#5637=DIRECTION('',(-0.395750376313322,0.,0.918358121675778));
#5638=DIRECTION('',(1.02042557406991E-16,0.,-1.));
#5639=DIRECTION('',(-1.,0.,-1.02042557406991E-16));
#5640=DIRECTION('',(-0.591724706770885,0.80614010655525,2.23548925017482E-31));
#5641=DIRECTION('',(1.,5.70244535776731E-15,1.02042557406991E-16));
#5642=DIRECTION('',(0.80614010655525,0.591724706770885,1.6408986605339E-31));
#5643=DIRECTION('',(-0.591724706770885,0.80614010655525,0.));
#5644=DIRECTION('',(-6.30671763838205E-31,5.81892107780195E-31,1.));
#5645=DIRECTION('',(-0.591724706770885,0.80614010655525,2.23548925017482E-31));
#5646=DIRECTION('',(7.4743810996646E-46,2.7730778210842E-31,-1.));
#5647=DIRECTION('',(0.,1.,2.7730778210842E-31));
#5648=DIRECTION('',(-1.,-2.17058877683316E-16,-8.07630225923764E-46));
#5649=DIRECTION('',(0.287614921385866,0.,-0.95774613389781));
#5650=DIRECTION('',(9.89792712303482E-15,0.,1.));
#5651=DIRECTION('',(1.,0.,-9.89792712303482E-15));
#5652=DIRECTION('',(1.,0.,5.09095561721474E-15));
#5653=DIRECTION('',(0.,-1.,0.));
#5654=DIRECTION('',(0.,0.,1.));
#5655=DIRECTION('',(-0.999999833387063,0.,0.00057725717413439));
#5656=DIRECTION('',(0.000408182462318003,0.707106781186548,0.70710666337341));
#5657=DIRECTION('',(-0.999999833387064,0.,0.000577257174132965));
#5658=DIRECTION('',(0.377802492494947,0.654591310526346,-0.654809508825281));
#5659=DIRECTION('',(-0.999999833387064,0.,0.000577257174132965));
#5660=DIRECTION('',(-0.612372435695798,0.707106781186545,0.353553390593271));
#5661=DIRECTION('',(-0.499999999999995,0.,-0.866025403784441));
#5662=DIRECTION('',(-0.499999999999995,0.,-0.866025403784441));
#5663=DIRECTION('',(-0.499903610300175,0.000111294086999986,-0.866081040101027));
#5664=DIRECTION('',(0.612451117329278,0.70710678118654,-0.353417074972516));
#5665=DIRECTION('',(-0.499807220600355,0.,-0.866136676417612));
#5666=DIRECTION('',(-0.774376450965594,0.446796764569838,-0.448010896474467));
#5667=DIRECTION('',(-0.499807220600355,0.,-0.866136676417612));
#5668=DIRECTION('',(0.,1.,0.));
#5669=DIRECTION('',(0.,0.,1.));
#5670=DIRECTION('',(0.,1.,0.));
#5671=DIRECTION('',(1.,0.,1.15009148103252E-16));
#5672=DIRECTION('',(0.,1.,0.));
#5673=DIRECTION('',(0.,0.,1.));
#5674=DIRECTION('',(0.394709859327591,0.,-0.918805815692083));
#5675=DIRECTION('',(0.,1.,0.));
#5676=DIRECTION('',(1.,0.,1.15009148103252E-16));
#5677=DIRECTION('',(-1.,0.,-1.02042557406991E-16));
#5678=DIRECTION('',(0.999998771983161,0.,0.00156717330577201));
#5679=DIRECTION('',(2.12158406458557E-17,0.978147600733806,-0.207911690817759));
#5680=DIRECTION('',(1.,0.,1.02042557406991E-16));
#5681=DIRECTION('',(0.,0.207911690817759,0.978147600733806));
#5682=DIRECTION('',(-1.,0.,-5.30862489238923E-13));
#5683=DIRECTION('',(-1.,0.,0.));
#5684=DIRECTION('',(0.,0.,1.));
#5685=DIRECTION('',(0.,1.,0.));
#5686=DIRECTION('',(-5.3314859336302E-13,0.,1.));
#5687=DIRECTION('',(-1.02042557406991E-16,0.,1.));
#5688=DIRECTION('',(0.,-1.,0.));
#5689=DIRECTION('',(0.,0.,-1.));
#5690=DIRECTION('',(-0.996194698091745,0.,0.0871557427476582));
#5691=DIRECTION('',(0.,-1.,0.));
#5692=DIRECTION('',(0.,0.,-1.));
#5693=DIRECTION('',(-1.,0.,-5.30862489238923E-13));
#5694=DIRECTION('',(0.,-1.,0.));
#5695=DIRECTION('',(0.,0.,-1.));
#5696=DIRECTION('',(0.0616284167162111,0.707106781186548,0.704416026402759));
#5697=DIRECTION('',(-0.0871557427476582,0.,-0.996194698091746));
#5698=DIRECTION('',(-0.996194698091746,0.,0.0871557427476582));
#5699=DIRECTION('',(0.996194698091746,0.,-0.0871557427476582));
#5700=DIRECTION('',(0.,1.,0.));
#5701=DIRECTION('',(0.996194698091746,5.68074583156568E-15,-0.0871557427476582));
#5702=DIRECTION('',(-0.349987654576154,-1.99928596207015E-15,0.936754312316886));
#5703=DIRECTION('',(0.936754312316886,0.,0.349987654576154));
#5704=DIRECTION('',(-0.660048089450535,-0.709593045762325,-0.246605411575751));
#5705=DIRECTION('',(-0.936754312316886,-5.34179027963994E-15,-0.349987654576154));
#5706=DIRECTION('',(5.70172896883164E-15,-1.,1.91744027541334E-18));
#5707=DIRECTION('',(1.,5.70172896883164E-15,0.));
#5708=DIRECTION('',(0.349987654576156,1.99373857838371E-15,-0.936754312316886));
#5709=DIRECTION('',(5.70172896883164E-15,-1.,1.91744027541334E-18));
#5710=DIRECTION('',(1.,5.70172896883164E-15,0.));
#5711=DIRECTION('',(5.70172896883164E-15,-1.,1.91744027541334E-18));
#5712=DIRECTION('',(1.,5.70172896883164E-15,0.));
#5713=DIRECTION('',(0.,-1.,0.));
#5714=DIRECTION('',(0.,0.,-1.));
#5715=DIRECTION('',(0.349987654576153,1.99928596207015E-15,-0.936754312316887));
#5716=DIRECTION('',(-0.936754312316887,0.,-0.349987654576153));
#5717=DIRECTION('',(0.660048089450535,0.709593045762325,0.246605411575751));
#5718=DIRECTION('',(0.936754312316887,5.34179027963994E-15,0.349987654576153));
#5719=DIRECTION('',(-1.62274157257567E-16,1.,2.70456928891992E-16));
#5720=DIRECTION('',(0.,-2.70456928891992E-16,1.));
#5721=DIRECTION('',(-0.514495755246554,-3.1540426835942E-16,0.857492925821128));
#5722=DIRECTION('',(0.857492925821128,0.,0.514495755246554));
#5723=DIRECTION('',(-0.239523566119715,2.23715591774156E-16,-0.970890550614895));
#5724=DIRECTION('',(-1.62274157257567E-16,1.,2.70456928891992E-16));
#5725=DIRECTION('',(0.,-2.70456928891992E-16,1.));
#5726=DIRECTION('',(-0.363803437426535,0.707106781186542,0.606339062667617));
#5727=DIRECTION('',(0.,-0.650944554951626,0.759125277130744));
#5728=DIRECTION('',(-0.363803437426531,-0.707106781186553,0.606339062667607));
#5729=DIRECTION('',(-0.857492925821128,7.85046229341893E-17,-0.514495755246554));
#5730=DIRECTION('',(0.486495478512269,0.699347376789207,-0.523674895297812));
#5731=DIRECTION('',(-0.514495755246554,0.,0.857492925821128));
#5732=DIRECTION('',(0.857492925821128,0.,0.514495755246554));
#5733=DIRECTION('',(0.,-1.,0.));
#5734=DIRECTION('',(0.659879190921774,0.638592872461193,0.395927514363662));
#5735=DIRECTION('',(0.,1.,0.));
#5736=DIRECTION('',(0.,0.,1.));
#5737=DIRECTION('',(0.,-1.,0.));
#5738=DIRECTION('',(0.,0.,-1.));
#5739=DIRECTION('',(0.,1.,0.));
#5740=DIRECTION('',(0.738027398140357,-0.64974166595674,-0.182075059011209));
#5741=DIRECTION('',(0.630828043818179,0.760155094385192,-0.155628440886523));
#5742=DIRECTION('',(0.,1.,0.));
#5743=DIRECTION('',(0.,0.,1.));
#5744=DIRECTION('',(0.965925826288986,0.,0.258819045102828));
#5745=DIRECTION('',(0.258819045102828,0.,-0.965925826288986));
#5746=DIRECTION('',(0.258819045102828,0.,-0.965925826288986));
#5747=DIRECTION('',(0.,1.,0.));
#5748=DIRECTION('',(0.258819045102828,1.47590146224839E-15,-0.965925826288986));
#5749=DIRECTION('',(0.,-1.,0.));
#5750=DIRECTION('',(0.258819045102828,1.47590146224839E-15,-0.965925826288986));
#5751=DIRECTION('',(-0.965925826288986,0.,-0.258819045102828));
#5752=DIRECTION('',(0.00156717330577201,0.,-0.999998771983161));
#5753=DIRECTION('',(0.999998771983161,5.73600095427684E-15,0.00156717330577201));
#5754=DIRECTION('',(0.258819045102828,1.47590146224839E-15,-0.965925826288986));
#5755=DIRECTION('',(0.,1.,0.));
#5756=DIRECTION('',(0.,0.,1.));
#5757=DIRECTION('',(0.239523566119716,1.36587004769525E-15,0.970890550614895));
#5758=DIRECTION('',(-0.349987654576156,-1.99578547611367E-15,0.936754312316886));
#5759=DIRECTION('',(-0.349987654576156,-1.99578547611367E-15,0.936754312316886));
#5760=DIRECTION('',(0.,-1.,0.));
#5761=DIRECTION('',(-1.,0.,-5.1023529366389E-15));
#5762=DIRECTION('',(0.999998771983161,0.,0.00156717330577201));
#5763=DIRECTION('',(-5.70244535776731E-15,1.,-5.81892107780199E-31));
#5764=DIRECTION('',(-1.,-5.70244535776731E-15,0.));
#5765=DIRECTION('',(-0.999999833387064,-5.58426608060283E-15,0.000577257174133055));
#5766=DIRECTION('',(0.,1.,0.));
#5767=DIRECTION('',(0.,0.,1.));
#5768=DIRECTION('',(0.,1.,0.));
#5769=DIRECTION('',(0.,1.,0.));
#5770=DIRECTION('',(-7.5889338136377E-5,0.,0.999999997120404));
#5771=DIRECTION('',(0.,-1.,0.));
#5772=DIRECTION('',(0.,0.,-1.));
#5773=DIRECTION('',(0.999998771983161,0.,0.00156717330577201));
#5774=DIRECTION('',(-0.999999833387064,0.,0.000577257174132965));
#5775=DIRECTION('',(-0.000577257174132965,0.,-0.999999833387064));
#5776=DIRECTION('',(-0.999999833387064,0.,0.000577257174132965));
#5777=DIRECTION('',(0.,-1.,0.));
#5778=DIRECTION('',(0.999999833387064,0.,-0.000577257174132965));
#5779=DIRECTION('',(0.,1.,0.));
#5780=DIRECTION('',(0.,-1.,0.));
#5781=DIRECTION('',(0.,0.,-1.));
#5782=DIRECTION('',(0.999998771983161,0.,0.00156717330577201));
#5783=DIRECTION('',(-0.499999999999995,0.,-0.866025403784441));
#5784=DIRECTION('',(0.866025403784441,0.,-0.499999999999995));
#5785=DIRECTION('',(-0.499999999999995,0.,-0.866025403784441));
#5786=DIRECTION('',(0.,1.,0.));
#5787=DIRECTION('',(0.00110815887225593,-0.707106780899407,-0.707105913134653));
#5788=DIRECTION('',(-0.999998771983161,0.,-0.00156717330577201));
#5789=DIRECTION('',(-0.999998771983161,0.,-0.00156717330577201));
#5790=DIRECTION('',(0.606339062667625,-0.707106781186533,0.36380343742654));
#5791=DIRECTION('',(-0.514495755246554,0.,0.857492925821128));
#5792=DIRECTION('',(0.514495755246554,0.,-0.857492925821128));
#5793=DIRECTION('',(0.606339062667602,0.707106781186558,0.363803437426529));
#5794=DIRECTION('',(-0.514495755246554,0.,0.857492925821128));
#5795=DIRECTION('',(-0.906422949080882,-0.422368819270831,-0.00142052359396562));
#5796=DIRECTION('',(-0.415361168594566,0.891984325925444,-0.178435035593036));
#5797=DIRECTION('',(-0.906532638205242,-0.422135731570598,0.));
#5798=DIRECTION('',(-0.415361168594566,0.891984325925444,-0.178435035593036));
#5799=DIRECTION('',(-0.81956038616648,-0.452066325115388,-0.352075007808448));
#5800=DIRECTION('',(0.394709859327591,0.,-0.918805815692083));
#5801=DIRECTION('',(0.,-1.,0.));
#5802=DIRECTION('',(0.,0.,-1.));
#5803=DIRECTION('',(0.,-1.,0.));
#5804=DIRECTION('',(0.,0.,-1.));
#5805=DIRECTION('',(-0.906422949080882,-0.422368819270831,-0.00142052359396562));
#5806=DIRECTION('',(-0.906422949080882,-0.422368819270831,-0.00142052359396562));
#5807=DIRECTION('',(5.30862489238923E-13,0.,-1.));
#5808=DIRECTION('',(-1.,0.,-5.30862489238923E-13));
#5809=DIRECTION('',(1.,0.,5.36959365859957E-13));
#5810=DIRECTION('',(0.,1.,0.));
#5811=DIRECTION('',(-0.999998771983161,0.,-0.00156717330576923));
#5812=DIRECTION('',(-0.00156717330576923,0.,0.999998771983161));
#5813=DIRECTION('',(0.00156717330577105,0.,-0.999998771983161));
#5814=DIRECTION('',(-0.00111034581930858,0.705708549113376,0.708501383795724));
#5815=DIRECTION('',(0.0616284167162193,-0.707106781186548,0.704416026402758));
#5816=DIRECTION('',(-0.996194698091746,0.,0.0871557427476582));
#5817=DIRECTION('',(0.0616284167162108,0.707106781186544,0.704416026402763));
#5818=DIRECTION('',(-0.996194698091746,0.,0.0871557427476582));
#5819=DIRECTION('',(0.,1.,0.));
#5820=DIRECTION('',(0.,0.,1.));
#5821=DIRECTION('',(0.,-1.,0.));
#5822=DIRECTION('',(0.,0.,-1.));
#5823=DIRECTION('',(0.738027398140357,-0.64974166595674,-0.182075059011209));
#5824=DIRECTION('',(0.660786961385324,0.750573508500766,0.));
#5825=DIRECTION('',(-0.396927298972009,-0.636243878248503,0.66154549860315));
#5826=DIRECTION('',(-0.239523566119715,0.,-0.970890550614895));
#5827=DIRECTION('',(0.664714345607932,-0.704611743732495,0.248348805789906));
#5828=DIRECTION('',(0.727400719510357,0.686212935797493,0.));
#5829=DIRECTION('',(-0.349987654576155,0.,0.936754312316886));
#5830=DIRECTION('',(0.,-1.,0.));
#5831=DIRECTION('',(0.,0.,-1.));
#5832=DIRECTION('',(0.,-1.,0.));
#5833=DIRECTION('',(0.,0.,-1.));
#5834=DIRECTION('',(0.,-1.,0.));
#5835=DIRECTION('',(0.,0.,-1.));
#5836=DIRECTION('',(0.683012701892162,-0.707106781186546,0.183012701892437));
#5837=DIRECTION('',(-0.68301270189216,-0.707106781186549,-0.183012701892436));
#5838=DIRECTION('',(0.,-1.,0.));
#5839=DIRECTION('',(0.,0.,-1.));
#5840=DIRECTION('',(-0.857492925821128,0.,-0.514495755246554));
#5841=DIRECTION('',(-0.514495755246554,0.,0.857492925821128));
#5842=DIRECTION('',(0.514495755246554,0.,-0.857492925821128));
#5843=DIRECTION('',(0.683012701892162,-0.707106781186546,0.183012701892437));
#5844=DIRECTION('',(0.258819045102828,0.,-0.965925826288986));
#5845=DIRECTION('',(0.683012701892162,-0.707106781186546,0.183012701892437));
#5846=DIRECTION('',(0.68301270189216,0.707106781186549,0.183012701892436));
#5847=DIRECTION('',(0.719108371200304,0.69489702863871,0.00112696882723901));
#5848=DIRECTION('',(-0.258819045102828,0.,0.965925826288986));
#5849=DIRECTION('',(0.00156717330577201,0.,-0.999998771983161));
#5850=DIRECTION('',(-0.999998771983161,0.,-0.00156717330577201));
#5851=DIRECTION('',(0.,1.,0.));
#5852=DIRECTION('',(0.,1.,0.));
#5853=DIRECTION('',(0.,0.,1.));
#5854=DIRECTION('',(0.,-1.,0.));
#5855=DIRECTION('',(0.,0.,-1.));
#5856=DIRECTION('',(0.,-1.,0.));
#5857=DIRECTION('',(0.,0.,-1.));
#5858=DIRECTION('',(0.,-1.,0.));
#5859=DIRECTION('',(0.,0.,-1.));
#5860=DIRECTION('',(-0.394709859327591,0.,0.918805815692083));
#5861=DIRECTION('',(0.,-1.,0.));
#5862=DIRECTION('',(0.,0.,-1.));
#5863=DIRECTION('',(-0.349988417968554,0.,0.936754027099894));
#5864=DIRECTION('',(0.,-1.,0.));
#5865=DIRECTION('',(0.,0.,-1.));
#5866=DIRECTION('',(0.580856184781397,0.814005690366396,0.000910303425149933));
#5867=DIRECTION('',(-0.436525871199071,0.879931088137008,-0.187527181773501));
#5868=DIRECTION('',(-0.394709859327591,0.,0.918805815692083));
#5869=DIRECTION('',(0.394709859327591,-1.85330218316709E-18,-0.918805815692083));
#5870=DIRECTION('',(0.,1.,0.));
#5871=DIRECTION('',(0.,0.,1.));
#5872=DIRECTION('',(0.,-1.,0.));
#5873=DIRECTION('',(0.,0.,-1.));
#5874=DIRECTION('',(0.,-1.,0.));
#5875=DIRECTION('',(0.,0.,-1.));
#5876=DIRECTION('',(0.,-1.,0.));
#5877=DIRECTION('',(0.,0.,-1.));
#5878=DIRECTION('',(-0.349988417968554,0.,0.936754027099894));
#5879=DIRECTION('',(0.580856184781397,0.814005690366396,0.000910303425149933));
#5880=DIRECTION('',(0.768225369688309,-0.54855743973996,0.330021994226448));
#5881=DIRECTION('',(0.581115454130782,0.813821128363214,0.));
#5882=DIRECTION('',(0.580856184781397,0.814005690366396,0.000910303425149933));
#5883=DIRECTION('',(0.394709859327591,0.,-0.918805815692083));
#5884=DIRECTION('',(0.,-1.,0.));
#5885=DIRECTION('',(0.,0.,1.));
#5886=DIRECTION('',(0.,0.,1.));
#5887=DIRECTION('',(1.,0.,0.));
#5888=CARTESIAN_POINT('',(0.,0.,0.));
#5889=CARTESIAN_POINT('',(6.38701017588519E-14,-11.2000000000006,-9.91471739754452E-18));
#5890=CARTESIAN_POINT('',(140.856853630406,-11.1999999999998,-76.8719889650553));
#5891=CARTESIAN_POINT('',(139.742925829757,-11.1999999999998,-73.1626541385745));
#5892=CARTESIAN_POINT('',(129.747147272155,-11.1999999999999,-39.8771131008791));
#5893=CARTESIAN_POINT('',(131.66263953995,-11.1999999999999,-39.3018832581074));
#5894=CARTESIAN_POINT('',(131.66263953995,-11.1999999999999,-39.3018832581074));
#5895=CARTESIAN_POINT('',(130.548711739302,-11.1999999999999,-35.5925484316266));
#5896=CARTESIAN_POINT('',(141.658418097553,-11.1999999999998,-72.5874242958028));
#5897=CARTESIAN_POINT('',(139.742925829757,-11.1999999999998,-73.1626541385745));
#5898=CARTESIAN_POINT('',(6.38701017588519E-14,-11.2000000000006,-9.91471739754452E-18));
#5899=CARTESIAN_POINT('',(127.005342125097,-11.1999999999999,-37.7007542510679));
#5900=CARTESIAN_POINT('',(128.119269925745,-11.1999999999999,-41.4100890775486));
#5901=CARTESIAN_POINT('',(136.964588797804,-11.1999999999999,-70.8646455796528));
#5902=CARTESIAN_POINT('',(135.049096530009,-11.1999999999999,-71.4398754224245));
#5903=CARTESIAN_POINT('',(135.049096530009,-11.1999999999999,-71.4398754224245));
#5904=CARTESIAN_POINT('',(136.163024330657,-11.1999999999999,-75.1492102489053));
#5905=CARTESIAN_POINT('',(126.203777657949,-11.1999999999999,-41.9853189203204));
#5906=CARTESIAN_POINT('',(128.119269925745,-11.1999999999999,-41.4100890775486));
#5907=CARTESIAN_POINT('',(42.0606714901371,-8.3,-28.4071849432795));
#5908=CARTESIAN_POINT('',(41.9507812742455,-8.26438203378132,-28.6489535315357));
#5909=CARTESIAN_POINT('',(41.7573542927727,-8.16118988178289,-28.8030117411121));
#5910=CARTESIAN_POINT('',(41.9910882347355,-8.41043382685874,-28.3863558524175));
#5911=CARTESIAN_POINT('',(41.8850076819007,-8.37232741152606,-28.6278122940231));
#5912=CARTESIAN_POINT('',(41.6973173891215,-8.26480927677161,-28.7835381225181));
#5913=CARTESIAN_POINT('',(41.9173437649596,-8.51690613704493,-28.365650227735));
#5914=CARTESIAN_POINT('',(41.8153558964538,-8.4764172920002,-28.6068745444735));
#5915=CARTESIAN_POINT('',(41.6337055716059,-8.36474150741586,-28.7643373874562));
#5916=CARTESIAN_POINT('',(41.8395029253524,-8.61951102082059,-28.3455848918892));
#5917=CARTESIAN_POINT('',(41.7419102526177,-8.57674454907999,-28.5866743782423));
#5918=CARTESIAN_POINT('',(41.5665929287464,-8.46107092958901,-28.7459254096709));
#5919=CARTESIAN_POINT('',(41.7595476277571,-8.1623592189101,-28.8012594982959));
#5920=CARTESIAN_POINT('',(41.8831031749148,-8.29436312644906,-28.6692555907569));
#5921=CARTESIAN_POINT('',(41.8883863691966,-8.463638666379,-28.499980050827));
#5922=CARTESIAN_POINT('',(41.8408952661407,-8.61767473497819,-28.3459439822278));
#5923=CARTESIAN_POINT('',(41.7595476277571,-8.1623592189101,-28.8012594982959));
#5924=CARTESIAN_POINT('',(41.8408952661298,-8.61767473497797,-28.345943982228));
#5925=CARTESIAN_POINT('',(41.3272525815471,-7.76,-27.9942724773467));
#5926=CARTESIAN_POINT('',(42.0606714901371,-8.29999999999999,-28.4071849432795));
#5927=CARTESIAN_POINT('',(41.8408952661298,-8.61767473497797,-28.345943982228));
#5928=CARTESIAN_POINT('',(41.9187696655729,-8.51491482585864,-28.3660382463311));
#5929=CARTESIAN_POINT('',(41.9919782124448,-8.40902136369128,-28.3866222614976));
#5930=CARTESIAN_POINT('',(42.0606714901371,-8.3,-28.4071849432795));
#5931=CARTESIAN_POINT('',(29.5313017773485,-5.80000000000139,-21.2086187172038));
#5932=CARTESIAN_POINT('',(29.5313017773485,-5.80000000000139,-21.2086187172038));
#5933=CARTESIAN_POINT('',(31.5313017773485,-5.80000000000139,-21.2086187172045));
#5934=CARTESIAN_POINT('',(29.5313017773485,-5.80000000000139,-21.2086187172038));
#5935=CARTESIAN_POINT('',(30.5313017773485,-5.80000000000139,-21.2086187172042));
#5936=CARTESIAN_POINT('',(9.53130177734852,-5.80000000000139,-21.2086187172006));
#5937=CARTESIAN_POINT('',(9.53130177734852,-5.80000000000139,-21.2086187172006));
#5938=CARTESIAN_POINT('',(11.5313017773485,-5.80000000000139,-21.2086187172012));
#5939=CARTESIAN_POINT('',(9.53130177734852,-5.80000000000139,-21.2086187172006));
#5940=CARTESIAN_POINT('',(10.5313017773485,-5.80000000000139,-21.2086187172009));
#5941=CARTESIAN_POINT('',(46.3309052337343,-4.,-27.8936187172063));
#5942=CARTESIAN_POINT('',(46.3309052337343,-4.,-27.8936187172063));
#5943=CARTESIAN_POINT('',(45.3309052337343,-4.,-27.8936187172063));
#5944=CARTESIAN_POINT('',(46.3309052337343,-4.,-27.8936187172063));
#5945=CARTESIAN_POINT('',(48.3309052337343,-4.,-27.8936187172063));
#5946=CARTESIAN_POINT('',(-2.04450688539425,-10.6,-26.363618717206));
#5947=CARTESIAN_POINT('',(6.87333333333323,-7.04666666666647,-29.9169520505395));
#5948=CARTESIAN_POINT('',(4.70710678118606,-9.21289321881364,-27.7507254983923));
#5949=CARTESIAN_POINT('',(5.85,-8.06999999999971,-28.8936187172063));
#5950=CARTESIAN_POINT('',(-2.04450688539425,-8.06999999999971,-28.8936187172063));
#5951=CARTESIAN_POINT('',(11.4774665191146,-8.06999999999971,-28.8936187172063));
#5952=CARTESIAN_POINT('',(11.4774665191146,-10.6,-26.363618717206));
#5953=CARTESIAN_POINT('',(11.4774665191146,-10.6,-26.363618717206));
#5954=CARTESIAN_POINT('',(-2.04450688539425,-10.6,-26.363618717206));
#5955=CARTESIAN_POINT('',(6.09421356237241,-10.6,-26.363618717206));
#5956=CARTESIAN_POINT('',(1.02373351735536,-5.5295199549829,-31.4340987622231));
#5957=CARTESIAN_POINT('',(42.6774665191146,-8.06999999999971,-28.8936187172063));
#5958=CARTESIAN_POINT('',(21.4774665191146,-8.06999999999971,-28.8936187172063));
#5959=CARTESIAN_POINT('',(21.4774665191146,-10.6,-26.363618717206));
#5960=CARTESIAN_POINT('',(21.4774665191146,-8.06999999999971,-28.8936187172063));
#5961=CARTESIAN_POINT('',(42.6774665191146,-10.6,-26.363618717206));
#5962=CARTESIAN_POINT('',(16.6774665191146,-10.6,-26.363618717206));
#5963=CARTESIAN_POINT('',(16.6774665191146,-15.6599197725092,-21.3036989446967));
#5964=CARTESIAN_POINT('',(16.6774665191146,-8.06999999999971,-28.8936187172063));
#5965=CARTESIAN_POINT('',(42.6774665191146,-8.06999999999971,-28.8936187172063));
#5966=CARTESIAN_POINT('',(47.6774665191146,-8.06999999999971,-28.8936187172063));
#5967=CARTESIAN_POINT('',(40.4355693969499,-5.06999999999972,-31.8936187172063));
#5968=CARTESIAN_POINT('',(40.4355693969499,-8.06999999999971,-28.8936187172063));
#5969=CARTESIAN_POINT('',(40.9620139160517,-8.02344818276976,-28.9401705344362));
#5970=CARTESIAN_POINT('',(40.9620139160517,-8.02344818276976,-28.9401705344362));
#5971=CARTESIAN_POINT('',(41.1434180588639,-7.99111336231041,-28.9725053548956));
#5972=CARTESIAN_POINT('',(41.3382528272993,-7.97498913163653,-28.9886295855694));
#5973=CARTESIAN_POINT('',(41.5131159083214,-8.02247751809527,-28.9411411991107));
#5974=CARTESIAN_POINT('',(41.5131159083214,-8.02247751809528,-28.9411411991107));
#5975=CARTESIAN_POINT('',(41.5131159083214,-8.02247751809528,-28.9411411991107));
#5976=CARTESIAN_POINT('',(41.6136985771006,-8.04979322486492,-28.913825492341));
#5977=CARTESIAN_POINT('',(41.6999317127671,-8.09866694518209,-28.8649517720239));
#5978=CARTESIAN_POINT('',(41.7595476277571,-8.1623592189101,-28.8012594982959));
#5979=CARTESIAN_POINT('',(41.8408952661298,-8.61767473497797,-28.345943982228));
#5980=CARTESIAN_POINT('',(41.7549152650732,-8.89654847108577,-28.0670702461202));
#5981=CARTESIAN_POINT('',(41.4880532732756,-9.44631377085425,-27.5173049463517));
#5982=CARTESIAN_POINT('',(40.7065673296032,-10.1238748274836,-26.8397438897224));
#5983=CARTESIAN_POINT('',(39.605314021982,-10.5245795852963,-26.4390391319097));
#5984=CARTESIAN_POINT('',(38.7900781144625,-10.6,-26.363618717206));
#5985=CARTESIAN_POINT('',(38.3817720740118,-10.6,-26.363618717206));
#5986=CARTESIAN_POINT('',(38.3817720740118,-10.6,-26.363618717206));
#5987=CARTESIAN_POINT('',(47.6774665191146,-10.6,-26.363618717206));
#5988=CARTESIAN_POINT('',(26.6774665191146,-10.6,-26.363618717206));
#5989=CARTESIAN_POINT('',(26.6774665191146,-14.1599197725092,-22.8036989446967));
#5990=CARTESIAN_POINT('',(26.6774665191146,-8.06999999999971,-28.8936187172063));
#5991=CARTESIAN_POINT('',(47.6774665191146,-8.06999999999971,-28.8936187172063));
#5992=CARTESIAN_POINT('',(41.5154496158926,-8.02387311558684,-28.9402919566039));
#5993=CARTESIAN_POINT('',(41.3087850626834,-7.90033853150094,-29.0158624001004));
#5994=CARTESIAN_POINT('',(41.1043317853978,-7.76,-28.9691090373116));
#5995=CARTESIAN_POINT('',(41.4603126870988,-8.12580333374268,-28.9228292718584));
#5996=CARTESIAN_POINT('',(41.2594330381008,-7.99735924378116,-29.0012793297787));
#5997=CARTESIAN_POINT('',(41.0594650867285,-7.85170993233774,-28.9588491428855));
#5998=CARTESIAN_POINT('',(41.4016966713596,-8.22398271284261,-28.9057331130249));
#5999=CARTESIAN_POINT('',(41.2069096686732,-8.09081072299378,-28.987109131033));
#6000=CARTESIAN_POINT('',(41.0117188331885,-7.94000507734905,-28.9490144470539));
#6001=CARTESIAN_POINT('',(41.3396611032232,-8.31849222720281,-28.8895411243333));
#6002=CARTESIAN_POINT('',(41.1512528424331,-8.1807669873909,-28.9738419012876));
#6003=CARTESIAN_POINT('',(40.9611086724628,-8.0249687637306,-28.9400093202322));
#6004=CARTESIAN_POINT('',(41.3272525815471,-7.76,-27.9942724773467));
#6005=CARTESIAN_POINT('',(41.1043317853978,-7.76,-28.9691090373116));
#6006=CARTESIAN_POINT('',(41.1043317853978,-7.76,-28.9691090373116));
#6007=CARTESIAN_POINT('',(41.0604505850409,-7.84969552319291,-28.9590745017584));
#6008=CARTESIAN_POINT('',(41.0131198648497,-7.93755394509806,-28.9492800379634));
#6009=CARTESIAN_POINT('',(40.9620139160517,-8.02344818276976,-28.9401705344362));
#6010=CARTESIAN_POINT('',(64.2566795754922,-26.6337365419591,-24.6839957580484));
#6011=CARTESIAN_POINT('',(64.2566795754922,0.,-24.6839957580484));
#6012=CARTESIAN_POINT('',(64.2566795754922,0.,-25.6839957580484));
#6013=CARTESIAN_POINT('',(64.2566795754922,-3.,-24.6839957580484));
#6014=CARTESIAN_POINT('',(64.2566795754922,-3.,-25.6839957580484));
#6015=CARTESIAN_POINT('',(130.548711739302,-11.1999999999999,-35.5925484316266));
#6016=CARTESIAN_POINT('',(131.66263953995,-19.1999999999999,-39.3018832581074));
#6017=CARTESIAN_POINT('',(130.548711739302,-12.1999999999999,-35.5925484316266));
#6018=CARTESIAN_POINT('',(130.548711739302,-12.1999999999999,-35.5925484316266));
#6019=CARTESIAN_POINT('',(142.772345898201,-12.1999999999998,-76.2967591222835));
#6020=CARTESIAN_POINT('',(141.658418097553,-19.1999999999998,-72.5874242958028));
#6021=CARTESIAN_POINT('',(141.658418097553,-19.1999999999998,-72.5874242958028));
#6022=CARTESIAN_POINT('',(142.772345898201,-12.1999999999998,-76.2967591222835));
#6023=CARTESIAN_POINT('',(140.856853630406,-12.1999999999998,-76.8719889650553));
#6024=CARTESIAN_POINT('',(139.742925829757,-19.1999999999998,-73.1626541385745));
#6025=CARTESIAN_POINT('',(140.856853630406,-11.1999999999998,-76.8719889650553));
#6026=CARTESIAN_POINT('',(140.856853630406,-12.1999999999998,-76.8719889650553));
#6027=CARTESIAN_POINT('',(128.633219471506,-12.1999999999999,-36.1677782743983));
#6028=CARTESIAN_POINT('',(129.747147272155,-19.1999999999999,-39.8771131008791));
#6029=CARTESIAN_POINT('',(129.747147272155,-19.1999999999999,-39.8771131008791));
#6030=CARTESIAN_POINT('',(128.633219471506,-12.1999999999999,-36.1677782743983));
#6031=CARTESIAN_POINT('',(126.203777657949,-19.1999999999999,-41.9853189203204));
#6032=CARTESIAN_POINT('',(126.203777657949,-19.1999999999999,-41.9853189203204));
#6033=CARTESIAN_POINT('',(125.089849857301,-12.1999999999999,-38.2759840938396));
#6034=CARTESIAN_POINT('',(125.089849857301,-12.1999999999999,-38.2759840938396));
#6035=CARTESIAN_POINT('',(127.005342125097,-12.1999999999999,-37.7007542510679));
#6036=CARTESIAN_POINT('',(128.119269925745,-19.1999999999999,-41.4100890775486));
#6037=CARTESIAN_POINT('',(127.005342125097,-11.1999999999999,-37.7007542510679));
#6038=CARTESIAN_POINT('',(127.005342125097,-12.1999999999999,-37.7007542510679));
#6039=CARTESIAN_POINT('',(138.078516598452,-12.1999999999999,-74.5739804061336));
#6040=CARTESIAN_POINT('',(136.964588797804,-19.1999999999999,-70.8646455796528));
#6041=CARTESIAN_POINT('',(136.964588797804,-19.1999999999999,-70.8646455796528));
#6042=CARTESIAN_POINT('',(138.078516598452,-12.1999999999999,-74.5739804061336));
#6043=CARTESIAN_POINT('',(136.163024330657,-12.1999999999999,-75.1492102489053));
#6044=CARTESIAN_POINT('',(135.049096530009,-19.1999999999999,-71.4398754224245));
#6045=CARTESIAN_POINT('',(136.163024330657,-11.1999999999999,-75.1492102489053));
#6046=CARTESIAN_POINT('',(136.163024330657,-12.1999999999999,-75.1492102489053));
#6047=CARTESIAN_POINT('',(64.2566795754923,-3.,-25.1839957580484));
#6048=CARTESIAN_POINT('',(64.2566795754923,-3.,-24.6839957580484));
#6049=CARTESIAN_POINT('',(62.2746197568093,-3.,-24.4167152403103));
#6050=CARTESIAN_POINT('',(63.8135424909699,-7.,-36.6371512096154));
#6051=CARTESIAN_POINT('',(63.8135424909699,-3.00000000131431,-36.6371512096154));
#6052=CARTESIAN_POINT('',(56.8090029222782,-3.00000000131431,-26.8936187172063));
#6053=CARTESIAN_POINT('',(52.1888152896093,-3.00000000131431,-39.6146866827791));
#6054=CARTESIAN_POINT('',(52.1888152896093,-3.,-39.6146866827791));
#6055=CARTESIAN_POINT('',(52.1888152896093,0.,-39.6146866827791));
#6056=CARTESIAN_POINT('',(63.8135424909699,0.,-36.6371512096154));
#6057=CARTESIAN_POINT('',(56.8090029222782,0.,-26.8936187172063));
#6058=CARTESIAN_POINT('',(56.8090029222782,-4.,-26.8936187172063));
#6059=CARTESIAN_POINT('',(42.8213541386405,-5.,-25.8511104759964));
#6060=CARTESIAN_POINT('',(47.3265008502231,-5.,-41.1007377834032));
#6061=CARTESIAN_POINT('',(47.3265008502231,-6.,-41.1007377834032));
#6062=CARTESIAN_POINT('',(46.3701263386038,-5.,-41.3930309728539));
#6063=CARTESIAN_POINT('',(47.4371218743689,-6.,-41.4751827235094));
#6064=CARTESIAN_POINT('',(44.7977463293195,-6.,-32.541068928101));
#6065=CARTESIAN_POINT('',(44.7977463293195,-5.,-32.541068928101));
#6066=CARTESIAN_POINT('',(43.8387213589063,-5.,-32.8243904876832));
#6067=CARTESIAN_POINT('',(41.8623291682274,-5.,-26.1344320355786));
#6068=CARTESIAN_POINT('',(44.4465841257191,-6.09454251114119,-30.8431833645582));
#6069=CARTESIAN_POINT('',(43.3553591920273,-6.2599532820584,-31.188241129782));
#6070=CARTESIAN_POINT('',(43.3126443081893,-5.11345101336943,-31.0436540384596));
#6071=CARTESIAN_POINT('',(44.3658747408633,-6.14173346415714,-30.454758149809));
#6072=CARTESIAN_POINT('',(43.2965280368837,-6.33146785866524,-30.9311771798698));
#6073=CARTESIAN_POINT('',(43.2211369135332,-5.17008014871905,-30.7339074855252));
#6074=CARTESIAN_POINT('',(44.0899093334964,-6.29233449278135,-29.7503833485817));
#6075=CARTESIAN_POINT('',(43.143737692781,-6.50006440602357,-30.5033767614571));
#6076=CARTESIAN_POINT('',(42.941393092346,-5.35080139515622,-30.1594207819528));
#6077=CARTESIAN_POINT('',(43.4300892251841,-6.76207514827258,-28.9956667118937));
#6078=CARTESIAN_POINT('',(42.8148134902663,-6.83232916492659,-29.9271269008595));
#6079=CARTESIAN_POINT('',(42.3269375667295,-5.9144901769663,-29.5160554087404));
#6080=CARTESIAN_POINT('',(42.6983055003608,-7.44993480850108,-28.5668200487273));
#6081=CARTESIAN_POINT('',(42.3071003011483,-7.37418237479484,-29.4201784260255));
#6082=CARTESIAN_POINT('',(41.6682679349305,-6.73992177022592,-29.1302256903625));
#6083=CARTESIAN_POINT('',(42.2588970118843,-8.0021849368165,-28.4445725001548));
#6084=CARTESIAN_POINT('',(41.9198864960646,-7.89951888346028,-29.1964731230167));
#6085=CARTESIAN_POINT('',(41.2791697102283,-7.4026219247629,-29.0090901079864));
#6086=CARTESIAN_POINT('',(42.0606714901371,-8.3,-28.4071849432795));
#6087=CARTESIAN_POINT('',(41.7392676272247,-8.19582555790897,-29.1143030207717));
#6088=CARTESIAN_POINT('',(41.1043317853978,-7.76,-28.9691090373116));
#6089=CARTESIAN_POINT('',(44.2716692786024,-5.11345101336943,-30.7603324788773));
#6090=CARTESIAN_POINT('',(43.3126443081893,-5.11345101336943,-31.0436540384596));
#6091=CARTESIAN_POINT('',(44.4465841257191,-6.09454251114119,-30.8431833645582));
#6092=CARTESIAN_POINT('',(42.0606714901371,-8.3,-28.4071849432795));
#6093=CARTESIAN_POINT('',(42.2635653964622,-7.99517112607646,-28.4454530167474));
#6094=CARTESIAN_POINT('',(42.7135135709013,-7.43192319670254,-28.5714926269135));
#6095=CARTESIAN_POINT('',(43.4624879621169,-6.73485340885933,-29.0190250381695));
#6096=CARTESIAN_POINT('',(44.1194945148343,-6.27495658058492,-29.8022918398684));
#6097=CARTESIAN_POINT('',(44.3720279114473,-6.13813569351964,-30.484371125835));
#6098=CARTESIAN_POINT('',(44.4465841257191,-6.09454251114119,-30.8431833645582));
#6099=CARTESIAN_POINT('',(43.3126443081893,-5.11345101336943,-31.0436540384596));
#6100=CARTESIAN_POINT('',(43.2114830563004,-5.17605442418188,-30.7012298094573));
#6101=CARTESIAN_POINT('',(42.8913994306349,-5.38544308391196,-30.0791607960164));
#6102=CARTESIAN_POINT('',(42.0218904646533,-6.21924409811473,-29.2450660943991));
#6103=CARTESIAN_POINT('',(41.4174232526381,-7.12002427616021,-29.0407052432923));
#6104=CARTESIAN_POINT('',(41.1043317853978,-7.76,-28.9691090373116));
#6105=CARTESIAN_POINT('',(46.3309052337343,-20.2643884106917,-27.8936187172063));
#6106=CARTESIAN_POINT('',(46.3309052337343,-6.,-27.8936187172063));
#6107=CARTESIAN_POINT('',(46.0837477793578,-6.,-29.8782882596607));
#6108=CARTESIAN_POINT('',(48.2464903140064,-6.,-27.318698026816));
#6109=CARTESIAN_POINT('',(48.2464903140064,-6.,-27.318698026816));
#6110=CARTESIAN_POINT('',(48.1392314533614,-6.,-26.9613209544426));
#6111=CARTESIAN_POINT('',(47.7240341861701,-6.07646175092403,-26.3223521195041));
#6112=CARTESIAN_POINT('',(46.7380290336769,-6.42990927391551,-25.8432612571085));
#6113=CARTESIAN_POINT('',(45.6782132581387,-6.83922272179664,-25.9024654307143));
#6114=CARTESIAN_POINT('',(44.7245339027477,-7.05753890209185,-26.529495229406));
#6115=CARTESIAN_POINT('',(44.2575085158671,-6.8408392669384,-27.579262798247));
#6116=CARTESIAN_POINT('',(44.3783847065606,-6.42899424938496,-28.6393332753875));
#6117=CARTESIAN_POINT('',(45.0120634924929,-6.07730566467749,-29.5272105326027));
#6118=CARTESIAN_POINT('',(45.7127986672655,-6.,-29.8320927413203));
#6119=CARTESIAN_POINT('',(46.0837477793578,-6.,-29.8782882596607));
#6120=CARTESIAN_POINT('',(43.3126443081893,-5.11345101336943,-31.0436540384596));
#6121=CARTESIAN_POINT('',(43.3553591920273,-6.2599532820584,-31.188241129782));
#6122=CARTESIAN_POINT('',(44.4465841257191,-6.09454251114119,-30.8431833645582));
#6123=CARTESIAN_POINT('',(43.4872550450049,-5.03240792235032,-31.6346999756462));
#6124=CARTESIAN_POINT('',(43.5067942200258,-6.13549457743632,-31.7008388066295));
#6125=CARTESIAN_POINT('',(44.5620889260664,-6.02700660026857,-31.3990664197471));
#6126=CARTESIAN_POINT('',(43.6627076976316,-4.99999999646596,-32.2285957428525));
#6127=CARTESIAN_POINT('',(43.6684236253169,-6.05016640806094,-32.2479437846456));
#6128=CARTESIAN_POINT('',(44.6785492797194,-6.,-31.9648621144172));
#6129=CARTESIAN_POINT('',(43.8387213589063,-5.,-32.8243904876832));
#6130=CARTESIAN_POINT('',(43.8387213589063,-6.,-32.8243904876832));
#6131=CARTESIAN_POINT('',(44.7977463293195,-6.,-32.541068928101));
#6132=CARTESIAN_POINT('',(43.8387213589063,-5.,-32.8243904876832));
#6133=CARTESIAN_POINT('',(43.6627076976945,-5.,-32.2285957430654));
#6134=CARTESIAN_POINT('',(43.4872550449686,-5.03240792016857,-31.6346999755231));
#6135=CARTESIAN_POINT('',(43.3126443081893,-5.11345101336943,-31.0436540384596));
#6136=CARTESIAN_POINT('',(44.4465841257191,-6.09454251114119,-30.8431833645582));
#6137=CARTESIAN_POINT('',(44.5637503295726,-6.02603517418657,-31.4070621547841));
#6138=CARTESIAN_POINT('',(44.6803214634032,-6.,-31.9734289754832));
#6139=CARTESIAN_POINT('',(44.7977463293195,-6.,-32.541068928101));
#6140=CARTESIAN_POINT('',(9.53130177734852,-32.0078105048183,-21.2086187172006));
#6141=CARTESIAN_POINT('',(9.53130177734852,-5.98499999999401,-21.2086187172006));
#6142=CARTESIAN_POINT('',(8.69119761715572,-7.80000000000138,-23.0236187172079));
#6143=CARTESIAN_POINT('',(10.3714059375413,-7.80000000000138,-23.0236187172079));
#6144=CARTESIAN_POINT('',(9.53130177734852,-7.80000000000139,-21.2086187172006));
#6145=CARTESIAN_POINT('',(29.5313017773485,-32.0078105048183,-21.2086187172039));
#6146=CARTESIAN_POINT('',(29.5313017773485,-5.98499999999728,-21.2086187172038));
#6147=CARTESIAN_POINT('',(28.6911976171487,-7.80000000000139,-23.0236187172079));
#6148=CARTESIAN_POINT('',(30.3714059375484,-7.80000000000138,-23.0236187172079));
#6149=CARTESIAN_POINT('',(29.5313017773485,-7.80000000000139,-21.2086187172038));
#6150=CARTESIAN_POINT('',(56.6788130450387,-5.6,-36.6371512096154));
#6151=CARTESIAN_POINT('',(56.6788130450387,-8.29999999999999,-36.6371512096154));
#6152=CARTESIAN_POINT('',(46.2166109424837,-8.3,-23.5236187172066));
#6153=CARTESIAN_POINT('',(38.6956349832041,-10.6,-25.8236187172066));
#6154=CARTESIAN_POINT('',(39.3990832551595,-10.6,-25.8236187172066));
#6155=CARTESIAN_POINT('',(40.7499769073282,-10.3951588501899,-25.6187775673965));
#6156=CARTESIAN_POINT('',(43.3009300852759,-9.59493008698893,-24.8185488041955));
#6157=CARTESIAN_POINT('',(45.043473577398,-8.81404424386986,-24.0376629610764));
#6158=CARTESIAN_POINT('',(46.2166109424837,-8.3,-23.5236187172066));
#6159=CARTESIAN_POINT('',(38.6956349832041,-10.6,-25.8236187172066));
#6160=CARTESIAN_POINT('',(56.6788130450387,-10.6,-36.6371512096154));
#6161=CARTESIAN_POINT('',(47.6774665191146,-10.6,-26.363618717206));
#6162=CARTESIAN_POINT('',(6.09421356237241,-10.6,-26.363618717206));
#6163=CARTESIAN_POINT('',(6.09421356237241,-10.6,-25.8236187172066));
#6164=CARTESIAN_POINT('',(11.4774665191146,-10.6,-28.8936187172063));
#6165=CARTESIAN_POINT('',(11.4774665191146,-10.6,-25.8936187172063));
#6166=CARTESIAN_POINT('',(42.6774665191146,-10.6,-25.8936187172063));
#6167=CARTESIAN_POINT('',(16.6774665191146,-10.6,-25.8936187172063));
#6168=CARTESIAN_POINT('',(16.6774665191146,-10.6,-26.363618717206));
#6169=CARTESIAN_POINT('',(21.4774665191146,-10.6,-26.363618717206));
#6170=CARTESIAN_POINT('',(21.4774665191146,-10.6,-25.8936187172063));
#6171=CARTESIAN_POINT('',(32.6774665191146,-10.6,-25.8936187172063));
#6172=CARTESIAN_POINT('',(26.6774665191146,-10.6,-25.8936187172063));
#6173=CARTESIAN_POINT('',(26.6774665191146,-10.6,-26.363618717206));
#6174=CARTESIAN_POINT('',(47.6774665191146,-10.6,-25.8236187172066));
#6175=CARTESIAN_POINT('',(6.28710678118586,-10.7928932188135,-41.9608452898841));
#6176=CARTESIAN_POINT('',(4.06473785412413,-8.5705242917517,-27.1083565713304));
#6177=CARTESIAN_POINT('',(3.85,-8.35578643762757,-26.8936187172063));
#6178=CARTESIAN_POINT('',(15.7786312146196,-20.2844176522473,-35.5080363694538));
#6179=CARTESIAN_POINT('',(3.85,-8.35578643762757,-23.5794051548341));
#6180=CARTESIAN_POINT('',(3.85,-8.35578643762757,-41.9608452898841));
#6181=CARTESIAN_POINT('',(37.6774665191146,-7.80000000000138,-23.0236187172079));
#6182=CARTESIAN_POINT('',(37.6774665191146,-7.80000000000138,-23.0236187172079));
#6183=CARTESIAN_POINT('',(48.2864186064239,-7.80000000000138,-23.0236187172079));
#6184=CARTESIAN_POINT('',(52.6971100587951,-7.80000000000138,-25.5772275529966));
#6185=CARTESIAN_POINT('',(51.2806309515407,-7.80000000000138,-25.6170070520746));
#6186=CARTESIAN_POINT('',(49.9408266227778,-7.80000000000139,-24.9006263850096));
#6187=CARTESIAN_POINT('',(48.9835688048478,-7.80000000000138,-23.8877581929848));
#6188=CARTESIAN_POINT('',(46.7574876587254,-7.80000000000139,-19.1536187172063));
#6189=CARTESIAN_POINT('',(37.6774665191146,-7.80000000000139,-19.1536187172063));
#6190=CARTESIAN_POINT('',(3.85,-7.80000000000139,-19.1536187172063));
#6191=CARTESIAN_POINT('',(3.85,-7.80000000000138,-23.0236187172079));
#6192=CARTESIAN_POINT('',(3.85,-7.80000000000138,-23.0236187172079));
#6193=CARTESIAN_POINT('',(37.6774665191146,-7.80000000000138,-23.0236187172079));
#6194=CARTESIAN_POINT('',(37.6774665191146,-7.80000000000138,-23.0236187172079));
#6195=CARTESIAN_POINT('',(29.5313017773485,14.5539210698887,-21.2086187172038));
#6196=CARTESIAN_POINT('',(29.5313017773485,0.,-21.2086187172038));
#6197=CARTESIAN_POINT('',(29.5313017773485,0.,-22.2086187172038));
#6198=CARTESIAN_POINT('',(9.53130177734852,14.5539210698887,-21.2086187172006));
#6199=CARTESIAN_POINT('',(9.53130177734852,0.,-21.2086187172006));
#6200=CARTESIAN_POINT('',(9.53130177734852,0.,-22.2086187172006));
#6201=CARTESIAN_POINT('',(46.3309052337343,-15.455463984337,-27.8936187172063));
#6202=CARTESIAN_POINT('',(46.3309052337343,0.,-27.8936187172063));
#6203=CARTESIAN_POINT('',(46.3309052337343,0.,-28.8936187172063));
#6204=CARTESIAN_POINT('',(5.85,-5.,-28.8936187172063));
#6205=CARTESIAN_POINT('',(3.85,41.1833877898701,-26.8936187172063));
#6206=CARTESIAN_POINT('',(3.85,0.,-26.8936187172063));
#6207=CARTESIAN_POINT('',(5.85,0.,-28.8936187172063));
#6208=CARTESIAN_POINT('',(5.85,0.,-28.8936187172063));
#6209=CARTESIAN_POINT('',(5.85,-5.,-28.8936187172063));
#6210=CARTESIAN_POINT('',(12.0781094750597,-5.,-28.8936187172063));
#6211=CARTESIAN_POINT('',(12.0781094750597,0.,-28.8936187172063));
#6212=CARTESIAN_POINT('',(11.4774665191146,0.,-28.8936187172063));
#6213=CARTESIAN_POINT('',(11.4774665191146,-20.2498395450187,-28.8936187172063));
#6214=CARTESIAN_POINT('',(11.4774665191146,-20.2498395450187,-28.8936187172063));
#6215=CARTESIAN_POINT('',(11.4774665191146,0.,-28.8936187172063));
#6216=CARTESIAN_POINT('',(11.4774665191146,0.,-25.8936187172063));
#6217=CARTESIAN_POINT('',(11.4774665191146,-20.2498395450187,-25.8936187172063));
#6218=CARTESIAN_POINT('',(17.4774665191146,-20.2498395450187,-25.8936187172063));
#6219=CARTESIAN_POINT('',(17.4774665191146,0.,-25.8936187172063));
#6220=CARTESIAN_POINT('',(16.6774665191146,0.,-25.8936187172063));
#6221=CARTESIAN_POINT('',(16.6774665191146,-20.2498395450187,-25.8936187172063));
#6222=CARTESIAN_POINT('',(16.6774665191146,-20.2498395450187,-25.8936187172063));
#6223=CARTESIAN_POINT('',(16.6774665191146,0.,-25.8936187172063));
#6224=CARTESIAN_POINT('',(16.6774665191146,0.,-28.8936187172063));
#6225=CARTESIAN_POINT('',(16.6774665191146,-20.2498395450187,-28.8936187172063));
#6226=CARTESIAN_POINT('',(7.0781094750597,-5.,-28.8936187172063));
#6227=CARTESIAN_POINT('',(7.0781094750597,0.,-28.8936187172063));
#6228=CARTESIAN_POINT('',(21.4774665191146,0.,-28.8936187172063));
#6229=CARTESIAN_POINT('',(21.4774665191146,-20.2498395450187,-28.8936187172063));
#6230=CARTESIAN_POINT('',(21.4774665191146,-20.2498395450187,-25.8936187172063));
#6231=CARTESIAN_POINT('',(21.4774665191146,0.,-25.8936187172063));
#6232=CARTESIAN_POINT('',(21.4774665191146,0.,-25.8936187172063));
#6233=CARTESIAN_POINT('',(21.4774665191146,-20.2498395450187,-25.8936187172063));
#6234=CARTESIAN_POINT('',(32.6774665191146,-20.2498395450187,-25.8936187172063));
#6235=CARTESIAN_POINT('',(32.6774665191146,0.,-25.8936187172063));
#6236=CARTESIAN_POINT('',(26.6774665191146,0.,-25.8936187172063));
#6237=CARTESIAN_POINT('',(26.6774665191146,-20.2498395450187,-25.8936187172063));
#6238=CARTESIAN_POINT('',(26.6774665191146,-20.2498395450187,-28.8936187172063));
#6239=CARTESIAN_POINT('',(26.6774665191146,0.,-28.8936187172063));
#6240=CARTESIAN_POINT('',(26.6774665191146,0.,-28.8936187172063));
#6241=CARTESIAN_POINT('',(26.6774665191146,-20.2498395450187,-28.8936187172063));
#6242=CARTESIAN_POINT('',(12.0781094750597,-5.,-28.8936187172063));
#6243=CARTESIAN_POINT('',(12.0781094750597,0.,-28.8936187172063));
#6244=CARTESIAN_POINT('',(40.4355693969499,0.,-28.8936187172063));
#6245=CARTESIAN_POINT('',(40.4355693969499,-7.36451701589593,-28.8936187172063));
#6246=CARTESIAN_POINT('',(40.4355693969499,-5.,-31.8936187172063));
#6247=CARTESIAN_POINT('',(40.4355693969499,0.,-31.8936187172063));
#6248=CARTESIAN_POINT('',(43.3126443081893,0.,-31.0436540384596));
#6249=CARTESIAN_POINT('',(43.3126443081893,0.,-31.0436540384596));
#6250=CARTESIAN_POINT('',(41.8623291682274,-7.,-26.1344320355786));
#6251=CARTESIAN_POINT('',(41.8623291682274,0.,-26.1344320355786));
#6252=CARTESIAN_POINT('',(46.3701263386038,0.,-41.3930309728539));
#6253=CARTESIAN_POINT('',(46.3701263386038,-7.,-41.3930309728539));
#6254=CARTESIAN_POINT('',(47.5239757087746,0.,-18.8267752150507));
#6255=CARTESIAN_POINT('',(47.5622518094532,0.,-18.8782696765712));
#6256=CARTESIAN_POINT('',(47.6000254631376,0.,-18.9301374229721));
#6257=CARTESIAN_POINT('',(47.760989269427,0.,-19.1557530700441));
#6258=CARTESIAN_POINT('',(47.879071855474,0.,-19.3331446759682));
#6259=CARTESIAN_POINT('',(48.215724846613,0.,-19.8762243477882));
#6260=CARTESIAN_POINT('',(48.4166709646017,0.,-20.2528225198408));
#6261=CARTESIAN_POINT('',(48.9440284258646,0.,-21.4168563258898));
#6262=CARTESIAN_POINT('',(49.1944891850243,0.,-22.238616538489));
#6263=CARTESIAN_POINT('',(49.4765448318941,0.,-23.9190031125519));
#6264=CARTESIAN_POINT('',(49.5081186351728,0.,-24.7775038602622));
#6265=CARTESIAN_POINT('',(49.389724660319,0.,-26.0499281056762));
#6266=CARTESIAN_POINT('',(49.3227521714287,0.,-26.4714968560103));
#6267=CARTESIAN_POINT('',(49.1818670521988,0.,-27.094732084126));
#6268=CARTESIAN_POINT('',(49.1281750190787,0.,-27.3009563420601));
#6269=CARTESIAN_POINT('',(49.0377103733601,0.,-27.6073623264158));
#6270=CARTESIAN_POINT('',(49.0059014915938,0.,-27.7090094134933));
#6271=CARTESIAN_POINT('',(48.9557318971463,0.,-27.8606684881125));
#6272=CARTESIAN_POINT('',(48.9385993437842,0.,-27.9110862704359));
#6273=CARTESIAN_POINT('',(48.9122897721958,0.,-27.9865003425074));
#6274=CARTESIAN_POINT('',(48.9034181260014,0.,-28.0116029343581));
#6275=CARTESIAN_POINT('',(48.8854718196412,0.,-28.0617356454462));
#6276=CARTESIAN_POINT('',(48.8763963343739,0.,-28.0867663832097));
#6277=CARTESIAN_POINT('',(48.8522534344277,0.,-28.1525306304078));
#6278=CARTESIAN_POINT('',(48.8372841467335,0.,-28.1932988811194));
#6279=CARTESIAN_POINT('',(48.8146107941711,0.,-28.2550544918965));
#6280=CARTESIAN_POINT('',(48.8069060077194,0.,-28.2760400868549));
#6281=CARTESIAN_POINT('',(48.7992012212679,0.,-28.2970256818134));
#6282=CARTESIAN_POINT('',(47.5115986188077,-1.72903992636825,-18.8387687801616));
#6283=CARTESIAN_POINT('',(47.5497967139475,-1.72903992636825,-18.8901827416955));
#6284=CARTESIAN_POINT('',(47.5874931475981,-1.72903992636825,-18.9419692273094));
#6285=CARTESIAN_POINT('',(47.7481268544454,-1.72903992636825,-19.1672306439058));
#6286=CARTESIAN_POINT('',(47.8659645803352,-1.72903992636825,-19.3443418076669));
#6287=CARTESIAN_POINT('',(48.2019109904197,-1.72903992636825,-19.8865572646843));
#6288=CARTESIAN_POINT('',(48.4024234368694,-1.72903992636825,-20.2625487599768));
#6289=CARTESIAN_POINT('',(48.9286028504633,-1.72903992636825,-21.4246860713135));
#6290=CARTESIAN_POINT('',(49.1784429946646,-1.72903992636825,-22.2450797470428));
#6291=CARTESIAN_POINT('',(49.4596281542372,-1.72903992636825,-23.9226196449963));
#6292=CARTESIAN_POINT('',(49.4909521502492,-1.72903992636825,-24.7796404662637));
#6293=CARTESIAN_POINT('',(49.3724740695704,-1.72903992636825,-26.0498336996413));
#6294=CARTESIAN_POINT('',(49.3055217794044,-1.72903992636825,-26.4706569838745));
#6295=CARTESIAN_POINT('',(49.1647390574535,-1.72903992636825,-27.0927806190752));
#6296=CARTESIAN_POINT('',(49.1110931607313,-1.72903992636825,-27.298635450784));
#6297=CARTESIAN_POINT('',(49.020715580549,-1.72903992636825,-27.6044901158129));
#6298=CARTESIAN_POINT('',(48.9889386966652,-1.72903992636825,-27.7059538996059));
#6299=CARTESIAN_POINT('',(48.938821538262,-1.72903992636825,-27.8573388668358));
#6300=CARTESIAN_POINT('',(48.9217072034071,-1.72903992636825,-27.907665421262));
#6301=CARTESIAN_POINT('',(48.89542606583,-1.72903992636825,-27.982942880952));
#6302=CARTESIAN_POINT('',(48.8865640820119,-1.72903992636825,-28.0079999735841));
#6303=CARTESIAN_POINT('',(48.868637468538,-1.72903992636825,-28.058041765633));
#6304=CARTESIAN_POINT('',(48.859577122062,-1.72903992636825,-28.0830043944962));
#6305=CARTESIAN_POINT('',(48.8354476578032,-1.72903992636825,-28.1487089371386));
#6306=CARTESIAN_POINT('',(48.8204700404021,-1.72903992636825,-28.1895142028115));
#6307=CARTESIAN_POINT('',(48.7977966878397,-1.72903992636825,-28.2512698135886));
#6308=CARTESIAN_POINT('',(48.790091901388,-1.72903992636825,-28.272255408547));
#6309=CARTESIAN_POINT('',(48.7823871149365,-1.72903992636825,-28.2932410035055));
#6310=CARTESIAN_POINT('',(47.7440352470946,-3.41675605700735,-18.6135345899784));
#6311=CARTESIAN_POINT('',(47.7836982539776,-3.41675605700734,-18.6664603079519));
#6312=CARTESIAN_POINT('',(47.8228448479115,-3.41675605700734,-18.7197728375215));
#6313=CARTESIAN_POINT('',(47.9896776856965,-3.41675605700734,-18.9516865558804));
#6314=CARTESIAN_POINT('',(48.1121137840209,-3.41675605700734,-19.1340643074227));
#6315=CARTESIAN_POINT('',(48.461329493946,-3.41675605700734,-19.6925093608443));
#6316=CARTESIAN_POINT('',(48.6699861124637,-3.41675605700734,-20.0798939946676));
#6317=CARTESIAN_POINT('',(49.2182887738177,-3.41675605700734,-21.2776466919837));
#6318=CARTESIAN_POINT('',(49.4797838101602,-3.41675605700734,-22.1237033646967));
#6319=CARTESIAN_POINT('',(49.7773163609894,-3.41675605700734,-23.8547026621105));
#6320=CARTESIAN_POINT('',(49.8133316341058,-3.41675605700734,-24.7395158896085));
#6321=CARTESIAN_POINT('',(49.6964330260212,-3.41675605700734,-26.0516066059216));
#6322=CARTESIAN_POINT('',(49.6291014121691,-3.41675605700734,-26.4864294350689));
#6323=CARTESIAN_POINT('',(49.4863957116901,-3.41675605700734,-27.1294283252681));
#6324=CARTESIAN_POINT('',(49.4318833925005,-3.41675605700734,-27.342220828634));
#6325=CARTESIAN_POINT('',(49.3398707575768,-3.41675605700734,-27.6584290424937));
#6326=CARTESIAN_POINT('',(49.3074929666987,-3.41675605700734,-27.7633351861259));
#6327=CARTESIAN_POINT('',(49.2563910810789,-3.41675605700734,-27.9198677767082));
#6328=CARTESIAN_POINT('',(49.2389346101974,-3.41675605700734,-27.9719075532967));
#6329=CARTESIAN_POINT('',(49.2121194936544,-3.41675605700734,-28.0497505369847));
#6330=CARTESIAN_POINT('',(49.2030760544066,-3.41675605700734,-28.0756620861151));
#6331=CARTESIAN_POINT('',(49.1847796166757,-3.41675605700734,-28.1274113001015));
#6332=CARTESIAN_POINT('',(49.1754349699637,-3.41675605700734,-28.1536529859311));
#6333=CARTESIAN_POINT('',(49.1510531890558,-3.41675605700734,-28.2204787554259));
#6334=CARTESIAN_POINT('',(49.1362320001029,-3.41675605700734,-28.2605888954409));
#6335=CARTESIAN_POINT('',(49.1135586475405,-3.41675605700735,-28.322344506218));
#6336=CARTESIAN_POINT('',(49.1058538610889,-3.41675605700735,-28.3433301011765));
#6337=CARTESIAN_POINT('',(49.0981490746373,-3.41675605700735,-28.3643156961349));
#6338=CARTESIAN_POINT('',(48.2034721297041,-5.,-18.1683341284268));
#6339=CARTESIAN_POINT('',(48.2460306977971,-5.,-18.2242480013693));
#6340=CARTESIAN_POINT('',(48.2880436950374,-5.,-18.2805769267753));
#6341=CARTESIAN_POINT('',(48.4671298055269,-5.,-18.525639660444));
#6342=CARTESIAN_POINT('',(48.5986550990953,-5.,-18.7184274092834));
#6343=CARTESIAN_POINT('',(48.9740990579765,-5.,-19.3089520675111));
#6344=CARTESIAN_POINT('',(49.1988535396133,-5.,-19.7188565085109));
#6345=CARTESIAN_POINT('',(49.7908852640673,-5.,-20.9870069827519));
#6346=CARTESIAN_POINT('',(50.0754174927462,-5.,-21.8837894271279));
#6347=CARTESIAN_POINT('',(50.4052624830262,-5.,-23.7204571814249));
#6348=CARTESIAN_POINT('',(50.4505505878138,-5.,-24.6602051951208));
#6349=CARTESIAN_POINT('',(50.3367739832197,-5.,-26.0551109526341));
#6350=CARTESIAN_POINT('',(50.268692593856,-5.,-26.517605441455));
#6351=CARTESIAN_POINT('',(50.1221859121517,-5.,-27.201866598066));
#6352=CARTESIAN_POINT('',(50.0659610124612,-5.,-27.4283721821199));
#6353=CARTESIAN_POINT('',(49.9707165097415,-5.,-27.7650453383343));
#6354=CARTESIAN_POINT('',(49.9371509592657,-5.,-27.8767556895689));
#6355=CARTESIAN_POINT('',(49.8841026506317,-5.,-28.0434631310054));
#6356=CARTESIAN_POINT('',(49.8659699097899,-5.,-28.0988892820014));
#6357=CARTESIAN_POINT('',(49.8380993243503,-5.,-28.1818033095977));
#6358=CARTESIAN_POINT('',(49.8286972182371,-5.,-28.2094037871593));
#6359=CARTESIAN_POINT('',(49.809669781674,-5.,-28.2645279107628));
#6360=CARTESIAN_POINT('',(49.7997631838827,-5.,-28.2932977951371));
#6361=CARTESIAN_POINT('',(49.7748826710172,-5.,-28.3623397943783));
#6362=CARTESIAN_POINT('',(49.7603706803139,-5.,-28.4010759411135));
#6363=CARTESIAN_POINT('',(49.7376973277514,-5.,-28.4628315518906));
#6364=CARTESIAN_POINT('',(49.7299925412998,-5.,-28.4838171468491));
#6365=CARTESIAN_POINT('',(49.7222877548483,-5.,-28.5048027418075));
#6366=CARTESIAN_POINT('',(48.5424231343988,-5.,-18.6393857501501));
#6367=CARTESIAN_POINT('',(49.0274547075883,-5.,-19.3531297635367));
#6368=CARTESIAN_POINT('',(49.8098936084677,-5.,-20.864066114215));
#6369=CARTESIAN_POINT('',(50.6403355618847,-5.,-24.2266828603112));
#6370=CARTESIAN_POINT('',(50.3373306207597,-5.,-26.8296050517495));
#6371=CARTESIAN_POINT('',(49.742668409888,-5.,-28.4492917715374));
#6372=CARTESIAN_POINT('',(48.5424231343988,-5.,-18.6393857501501));
#6373=CARTESIAN_POINT('',(49.742668409888,-5.,-28.4492917715374));
#6374=CARTESIAN_POINT('',(49.7426684098881,-5.,-28.4492917715372));
#6375=CARTESIAN_POINT('',(49.146982287799,-3.40676223410593,-28.2196908140495));
#6376=CARTESIAN_POINT('',(48.8515409894856,-1.69650327053437,-28.1058187615722));
#6377=CARTESIAN_POINT('',(48.8671888193625,3.94639788637614E-16,-28.1118472680397));
#6378=CARTESIAN_POINT('',(48.8671888193621,1.69131337987549E-16,-28.1118472680405));
#6379=CARTESIAN_POINT('',(48.8671888193621,1.69131337987549E-16,-28.1118472680405));
#6380=CARTESIAN_POINT('',(49.1489641763691,1.69131337987549E-16,-27.3443032126967));
#6381=CARTESIAN_POINT('',(49.5130816155856,-7.68778809034313E-17,-25.7800746078977));
#6382=CARTESIAN_POINT('',(49.4621126913697,4.61267285420588E-17,-22.4979849557091));
#6383=CARTESIAN_POINT('',(48.5267248494208,0.,-20.1925440609853));
#6384=CARTESIAN_POINT('',(47.5591113376527,0.,-18.8743417708873));
#6385=CARTESIAN_POINT('',(47.5591113376527,0.,-18.8743417708873));
#6386=CARTESIAN_POINT('',(47.5591113376527,0.,-18.8743417708873));
#6387=CARTESIAN_POINT('',(47.5475768472407,-1.72605030924126,-18.8874565281863));
#6388=CARTESIAN_POINT('',(47.8825350805475,-3.4136584201027,-18.800715390044));
#6389=CARTESIAN_POINT('',(48.5424231343989,-4.99999999999998,-18.6393857501502));
#6390=CARTESIAN_POINT('',(48.8705624206203,1.01478802792529E-15,-28.1034959417319));
#6391=CARTESIAN_POINT('',(48.3389442827837,1.01478802792529E-15,-29.419512922058));
#6392=CARTESIAN_POINT('',(48.853878217991,-1.72903992636825,-28.0991744438155));
#6393=CARTESIAN_POINT('',(48.3222600801544,-1.72903992636825,-29.4151914241416));
#6394=CARTESIAN_POINT('',(49.1672006399176,-3.41675605700734,-28.180330386571));
#6395=CARTESIAN_POINT('',(48.635582502081,-3.41675605700734,-29.4963473668971));
#6396=CARTESIAN_POINT('',(49.786517302023,-5.,-28.3407441458809));
#6397=CARTESIAN_POINT('',(49.2548991641864,-5.,-29.656761126207));
#6398=CARTESIAN_POINT('',(48.3420961689765,-3.38265613037407E-16,-29.4117104498426));
#6399=CARTESIAN_POINT('',(48.3492291131207,-1.71567216499144,-29.3487824987319));
#6400=CARTESIAN_POINT('',(48.6692202521912,-3.40859414327899,-29.4043469044596));
#6401=CARTESIAN_POINT('',(49.2935989879168,-5.,-29.5609599833564));
#6402=CARTESIAN_POINT('',(48.3420961689764,-3.38265613037407E-16,-29.4117104498426));
#6403=CARTESIAN_POINT('',(49.2935989879168,-5.,-29.5609599833565));
#6404=CARTESIAN_POINT('',(48.3420961689764,-3.38265613037407E-16,-29.4117104498426));
#6405=CARTESIAN_POINT('',(49.742668409888,-5.,-28.4492917715374));
#6406=CARTESIAN_POINT('',(49.3736080747218,4.89549822404431,-29.4591682671544));
#6407=CARTESIAN_POINT('',(49.3608005283453,4.89549822404431,-29.4964977499444));
#6408=CARTESIAN_POINT('',(49.3479929819687,4.89549822404431,-29.5338272327344));
#6409=CARTESIAN_POINT('',(49.3351854355922,4.89549822404431,-29.5711567155244));
#6410=CARTESIAN_POINT('',(49.1656770016667,4.89549822404431,-30.0652140455507));
#6411=CARTESIAN_POINT('',(48.9961685677412,4.89549822404431,-30.559271375577));
#6412=CARTESIAN_POINT('',(48.8266601338157,4.89549822404431,-31.0533287056033));
#6413=CARTESIAN_POINT('',(48.7979217731359,4.89549822404431,-31.1370908961798));
#6414=CARTESIAN_POINT('',(48.767175318389,4.89549822404431,-31.2278812853926));
#6415=CARTESIAN_POINT('',(48.7219307834237,4.89549822404431,-31.3579108090007));
#6416=CARTESIAN_POINT('',(48.7064396863586,4.89549822404431,-31.4017950985216));
#6417=CARTESIAN_POINT('',(48.6752524428342,4.89549822404431,-31.4929928634889));
#6418=CARTESIAN_POINT('',(48.6598873850614,4.89549822404431,-31.538669483419));
#6419=CARTESIAN_POINT('',(48.6144801028431,4.89549822404431,-31.6759259165755));
#6420=CARTESIAN_POINT('',(48.5851257862683,4.89549822404431,-31.7677323217693));
#6421=CARTESIAN_POINT('',(48.4998314640625,4.89549822404431,-32.044004101589));
#6422=CARTESIAN_POINT('',(48.4466604001082,4.89549822404431,-32.2293222832744));
#6423=CARTESIAN_POINT('',(48.2983483130336,4.89549822404431,-32.7882478844535));
#6424=CARTESIAN_POINT('',(48.2144144233741,4.89549822404431,-33.1648284821033));
#6425=CARTESIAN_POINT('',(48.0082433197846,4.89549822404431,-34.3028296773026));
#6426=CARTESIAN_POINT('',(47.9317371330679,4.89549822404431,-35.0724803029639));
#6427=CARTESIAN_POINT('',(47.9025460681569,4.89549822404431,-36.6142365493567));
#6428=CARTESIAN_POINT('',(47.9498632833978,4.89549822404431,-37.3862316033152));
#6429=CARTESIAN_POINT('',(48.112809044433,4.89549822404431,-38.5312215260556));
#6430=CARTESIAN_POINT('',(48.1824278016515,4.89549822404431,-38.9107094349601));
#6431=CARTESIAN_POINT('',(48.3094761792765,4.89549822404431,-39.4748486133269));
#6432=CARTESIAN_POINT('',(48.3555941526086,4.89549822404431,-39.6620466983609));
#6433=CARTESIAN_POINT('',(48.4303694291891,4.89549822404431,-39.9413491790854));
#6434=CARTESIAN_POINT('',(48.4562274933648,4.89549822404431,-40.0342009558761));
#6435=CARTESIAN_POINT('',(48.4964065652757,4.89549822404431,-40.1730778506482));
#6436=CARTESIAN_POINT('',(48.5100315808219,4.89549822404431,-40.2193033583259));
#6437=CARTESIAN_POINT('',(48.5377442975683,4.89549822404431,-40.3116163142091));
#6438=CARTESIAN_POINT('',(48.5511197369572,4.89549822404431,-40.3561935063859));
#6439=CARTESIAN_POINT('',(48.5916396020597,4.89549822404431,-40.4843161514526));
#6440=CARTESIAN_POINT('',(48.6201942918962,4.89549822404431,-40.5720408548802));
#6441=CARTESIAN_POINT('',(48.6462492427362,4.89549822404431,-40.6531895416787));
#6442=CARTESIAN_POINT('',(48.6566136253771,4.89549822404431,-40.6854696271777));
#6443=CARTESIAN_POINT('',(48.666978008018,4.89549822404431,-40.7177497126766));
#6444=CARTESIAN_POINT('',(48.6773423906589,4.89549822404431,-40.7500297981756));
#6445=CARTESIAN_POINT('',(48.067492651444,1.65225498080106,-29.1373387720765));
#6446=CARTESIAN_POINT('',(48.0542568745979,1.65225498080106,-29.1759163957263));
#6447=CARTESIAN_POINT('',(48.0410210977517,1.65225498080106,-29.2144940193761));
#6448=CARTESIAN_POINT('',(48.0277853209055,1.65225498080106,-29.2530716430259));
#6449=CARTESIAN_POINT('',(47.8526092380696,1.65225498080106,-29.7636481716746));
#6450=CARTESIAN_POINT('',(47.6774331552337,1.65225498080106,-30.2742247003234));
#6451=CARTESIAN_POINT('',(47.5022570723978,1.65225498080106,-30.7848012289721));
#6452=CARTESIAN_POINT('',(47.4725578218388,1.65225498080106,-30.871364074815));
#6453=CARTESIAN_POINT('',(47.4435622339528,1.65225498080106,-30.9554569183368));
#6454=CARTESIAN_POINT('',(47.3970793803497,1.65225498080106,-31.091594964286));
#6455=CARTESIAN_POINT('',(47.3802651399493,1.65225498080106,-31.1421185385572));
#6456=CARTESIAN_POINT('',(47.3473729988099,1.65225498080106,-31.2421801335948));
#6457=CARTESIAN_POINT('',(47.3311777016246,1.65225498080106,-31.2922929019969));
#6458=CARTESIAN_POINT('',(47.28334644686,1.65225498080106,-31.4428698365376));
#6459=CARTESIAN_POINT('',(47.2524651446417,1.65225498080106,-31.5435726521226));
#6460=CARTESIAN_POINT('',(47.1628577311406,1.65225498080106,-31.8465766819338));
#6461=CARTESIAN_POINT('',(47.107168459473,1.65225498080106,-32.0497737404653));
#6462=CARTESIAN_POINT('',(46.9523792337187,1.65225498080106,-32.6624656672874));
#6463=CARTESIAN_POINT('',(46.8655644843067,1.65225498080106,-33.0750635271236));
#6464=CARTESIAN_POINT('',(46.6550901600974,1.65225498080106,-34.3212883633864));
#6465=CARTESIAN_POINT('',(46.5815099056174,1.65225498080106,-35.163313190162));
#6466=CARTESIAN_POINT('',(46.5696859644049,1.65225498080106,-36.8484333105564));
#6467=CARTESIAN_POINT('',(46.6314431256122,1.65225498080106,-37.6914077560833));
#6468=CARTESIAN_POINT('',(46.8244088762022,1.65225498080106,-38.940463400455));
#6469=CARTESIAN_POINT('',(46.905425231998,1.65225498080106,-39.3542388767192));
#6470=CARTESIAN_POINT('',(47.0516015191168,1.65225498080106,-39.9690425809028));
#6471=CARTESIAN_POINT('',(47.1044339121777,1.65225498080106,-40.1730011007505));
#6472=CARTESIAN_POINT('',(47.1897805500801,1.65225498080106,-40.4772327263854));
#6473=CARTESIAN_POINT('',(47.2192456832416,1.65225498080106,-40.5783589733291));
#6474=CARTESIAN_POINT('',(47.2649592334445,1.65225498080106,-40.7295922814203));
#6475=CARTESIAN_POINT('',(47.2804497205425,1.65225498080106,-40.779927378692));
#6476=CARTESIAN_POINT('',(47.3119344926637,1.65225498080106,-40.8804406856437));
#6477=CARTESIAN_POINT('',(47.3281801068273,1.65225498080106,-40.9311491833126));
#6478=CARTESIAN_POINT('',(47.3712972801169,1.65225498080106,-41.0647729301375));
#6479=CARTESIAN_POINT('',(47.3973469447211,1.65225498080106,-41.1463238436636));
#6480=CARTESIAN_POINT('',(47.4242730711006,1.65225498080106,-41.2301858248157));
#6481=CARTESIAN_POINT('',(47.4349839981159,1.65225498080106,-41.263545229983));
#6482=CARTESIAN_POINT('',(47.4456949251312,1.65225498080106,-41.2969046351502));
#6483=CARTESIAN_POINT('',(47.4564058521465,1.65225498080106,-41.3302640403175));
#6484=CARTESIAN_POINT('',(48.0674926514448,-1.86125853271245,-29.1373387720738));
#6485=CARTESIAN_POINT('',(48.0542568745986,-1.86125853271245,-29.1759163957236));
#6486=CARTESIAN_POINT('',(48.0410210977524,-1.86125853271245,-29.2144940193735));
#6487=CARTESIAN_POINT('',(48.0277853209062,-1.86125853271245,-29.2530716430233));
#6488=CARTESIAN_POINT('',(47.8526092380701,-1.86125853271245,-29.7636481716729));
#6489=CARTESIAN_POINT('',(47.6774331552339,-1.86125853271245,-30.2742247003225));
#6490=CARTESIAN_POINT('',(47.5022570723978,-1.86125853271245,-30.7848012289721));
#6491=CARTESIAN_POINT('',(47.4725578218388,-1.86125853271245,-30.8713640748151));
#6492=CARTESIAN_POINT('',(47.4435622339535,-1.86125853271245,-30.9554569183367));
#6493=CARTESIAN_POINT('',(47.3970793803494,-1.86125853271245,-31.091594964286));
#6494=CARTESIAN_POINT('',(47.3802651399496,-1.86125853271245,-31.1421185385572));
#6495=CARTESIAN_POINT('',(47.3473729988095,-1.86125853271245,-31.2421801335948));
#6496=CARTESIAN_POINT('',(47.3311777016246,-1.86125853271245,-31.2922929019966));
#6497=CARTESIAN_POINT('',(47.28334644686,-1.86125853271245,-31.4428698365383));
#6498=CARTESIAN_POINT('',(47.2524651446417,-1.86125853271245,-31.5435726521219));
#6499=CARTESIAN_POINT('',(47.1628577311406,-1.86125853271245,-31.8465766819353));
#6500=CARTESIAN_POINT('',(47.1071684594716,-1.86125853271245,-32.0497737404667));
#6501=CARTESIAN_POINT('',(46.9523792337215,-1.86125853271245,-32.6624656672845));
#6502=CARTESIAN_POINT('',(46.8655644843067,-1.86125853271245,-33.0750635271236));
#6503=CARTESIAN_POINT('',(46.6550901600974,-1.86125853271245,-34.3212883633864));
#6504=CARTESIAN_POINT('',(46.5815099056174,-1.86125853271245,-35.163313190162));
#6505=CARTESIAN_POINT('',(46.5696859644049,-1.86125853271245,-36.8484333105564));
#6506=CARTESIAN_POINT('',(46.6314431256122,-1.86125853271245,-37.6914077560833));
#6507=CARTESIAN_POINT('',(46.8244088762021,-1.86125853271245,-38.940463400455));
#6508=CARTESIAN_POINT('',(46.9054252319951,-1.86125853271245,-39.3542388767192));
#6509=CARTESIAN_POINT('',(47.0516015191182,-1.86125853271245,-39.9690425809028));
#6510=CARTESIAN_POINT('',(47.1044339121791,-1.86125853271245,-40.1730011007498));
#6511=CARTESIAN_POINT('',(47.1897805500794,-1.86125853271245,-40.4772327263858));
#6512=CARTESIAN_POINT('',(47.2192456832416,-1.86125853271245,-40.5783589733291));
#6513=CARTESIAN_POINT('',(47.2649592334445,-1.86125853271245,-40.7295922814203));
#6514=CARTESIAN_POINT('',(47.2804497205425,-1.86125853271245,-40.7799273786918));
#6515=CARTESIAN_POINT('',(47.3119344926637,-1.86125853271245,-40.8804406856439));
#6516=CARTESIAN_POINT('',(47.3281801068277,-1.86125853271245,-40.9311491833124));
#6517=CARTESIAN_POINT('',(47.3712972801163,-1.86125853271245,-41.0647729301378));
#6518=CARTESIAN_POINT('',(47.3973469447211,-1.86125853271245,-41.1463238436635));
#6519=CARTESIAN_POINT('',(47.4242730711006,-1.86125853271245,-41.2301858248157));
#6520=CARTESIAN_POINT('',(47.4349839981159,-1.86125853271245,-41.263545229983));
#6521=CARTESIAN_POINT('',(47.4456949251312,-1.86125853271245,-41.2969046351503));
#6522=CARTESIAN_POINT('',(47.4564058521465,-1.86125853271245,-41.3302640403176));
#6523=CARTESIAN_POINT('',(49.3736080747218,-5.1045017759557,-29.4591682671544));
#6524=CARTESIAN_POINT('',(49.3608005283453,-5.1045017759557,-29.4964977499444));
#6525=CARTESIAN_POINT('',(49.3479929819687,-5.1045017759557,-29.5338272327344));
#6526=CARTESIAN_POINT('',(49.3351854355922,-5.1045017759557,-29.5711567155244));
#6527=CARTESIAN_POINT('',(49.1656770016667,-5.1045017759557,-30.0652140455507));
#6528=CARTESIAN_POINT('',(48.9961685677412,-5.1045017759557,-30.559271375577));
#6529=CARTESIAN_POINT('',(48.8266601338157,-5.1045017759557,-31.0533287056033));
#6530=CARTESIAN_POINT('',(48.7979217731359,-5.1045017759557,-31.1370908961798));
#6531=CARTESIAN_POINT('',(48.767175318389,-5.1045017759557,-31.2278812853926));
#6532=CARTESIAN_POINT('',(48.7219307834237,-5.1045017759557,-31.3579108090007));
#6533=CARTESIAN_POINT('',(48.7064396863586,-5.1045017759557,-31.4017950985216));
#6534=CARTESIAN_POINT('',(48.6752524428342,-5.1045017759557,-31.4929928634889));
#6535=CARTESIAN_POINT('',(48.6598873850614,-5.1045017759557,-31.538669483419));
#6536=CARTESIAN_POINT('',(48.6144801028431,-5.1045017759557,-31.6759259165755));
#6537=CARTESIAN_POINT('',(48.5851257862683,-5.1045017759557,-31.7677323217693));
#6538=CARTESIAN_POINT('',(48.4998314640625,-5.1045017759557,-32.044004101589));
#6539=CARTESIAN_POINT('',(48.4466604001082,-5.1045017759557,-32.2293222832744));
#6540=CARTESIAN_POINT('',(48.2983483130336,-5.1045017759557,-32.7882478844535));
#6541=CARTESIAN_POINT('',(48.2144144233741,-5.1045017759557,-33.1648284821033));
#6542=CARTESIAN_POINT('',(48.0082433197846,-5.1045017759557,-34.3028296773026));
#6543=CARTESIAN_POINT('',(47.9317371330679,-5.1045017759557,-35.0724803029639));
#6544=CARTESIAN_POINT('',(47.9025460681569,-5.1045017759557,-36.6142365493567));
#6545=CARTESIAN_POINT('',(47.9498632833978,-5.1045017759557,-37.3862316033152));
#6546=CARTESIAN_POINT('',(48.112809044433,-5.1045017759557,-38.5312215260556));
#6547=CARTESIAN_POINT('',(48.1824278016515,-5.1045017759557,-38.9107094349601));
#6548=CARTESIAN_POINT('',(48.3094761792765,-5.1045017759557,-39.4748486133269));
#6549=CARTESIAN_POINT('',(48.3555941526086,-5.1045017759557,-39.6620466983609));
#6550=CARTESIAN_POINT('',(48.4303694291891,-5.1045017759557,-39.9413491790854));
#6551=CARTESIAN_POINT('',(48.4562274933648,-5.1045017759557,-40.0342009558761));
#6552=CARTESIAN_POINT('',(48.4964065652757,-5.1045017759557,-40.1730778506482));
#6553=CARTESIAN_POINT('',(48.5100315808219,-5.1045017759557,-40.2193033583259));
#6554=CARTESIAN_POINT('',(48.5377442975683,-5.1045017759557,-40.3116163142091));
#6555=CARTESIAN_POINT('',(48.5511197369572,-5.1045017759557,-40.3561935063859));
#6556=CARTESIAN_POINT('',(48.5916396020597,-5.1045017759557,-40.4843161514526));
#6557=CARTESIAN_POINT('',(48.6201942918962,-5.1045017759557,-40.5720408548802));
#6558=CARTESIAN_POINT('',(48.6462492427362,-5.1045017759557,-40.6531895416787));
#6559=CARTESIAN_POINT('',(48.6566136253771,-5.1045017759557,-40.6854696271777));
#6560=CARTESIAN_POINT('',(48.666978008018,-5.1045017759557,-40.7177497126766));
#6561=CARTESIAN_POINT('',(48.6773423906589,-5.1045017759557,-40.7500297981756));
#6562=CARTESIAN_POINT('',(49.2935989879168,-5.,-29.5609599833565));
#6563=CARTESIAN_POINT('',(48.9842989037627,-5.,-30.4624606946502));
#6564=CARTESIAN_POINT('',(48.3018285471607,-5.00000000000001,-32.2472999951195));
#6565=CARTESIAN_POINT('',(47.8165117191298,-5.,-35.0811113900954));
#6566=CARTESIAN_POINT('',(47.885987811656,-5.,-37.9224212617751));
#6567=CARTESIAN_POINT('',(48.3259906043607,-5.,-39.7952335709494));
#6568=CARTESIAN_POINT('',(48.6183855924718,-5.,-40.7059038484468));
#6569=CARTESIAN_POINT('',(48.6183855924714,-4.99999999999906,-40.7059038484469));
#6570=CARTESIAN_POINT('',(47.7112713591327,-6.76531226074813E-16,-40.9831418020283));
#6571=CARTESIAN_POINT('',(47.6980901209696,-1.729262557873,-40.9871703348853));
#6572=CARTESIAN_POINT('',(48.0000709047006,-3.39600671293679,-40.8948770696872));
#6573=CARTESIAN_POINT('',(48.6183855924714,-4.99999999999906,-40.7059038484469));
#6574=CARTESIAN_POINT('',(47.7112713591327,-6.76531226074813E-16,-40.9831418020283));
#6575=CARTESIAN_POINT('',(47.7112713591327,-6.76531226074813E-16,-40.9831418020283));
#6576=CARTESIAN_POINT('',(47.4071810309728,-6.76531226074813E-16,-40.0360651204744));
#6577=CARTESIAN_POINT('',(46.9547935714281,-1.17184873087959E-15,-38.1241125357642));
#6578=CARTESIAN_POINT('',(46.8627295095219,2.07187687985411E-15,-35.1293041361732));
#6579=CARTESIAN_POINT('',(47.3234985882353,-2.04167459297578E-15,-32.2138641789227));
#6580=CARTESIAN_POINT('',(48.0203232041593,1.35306245214963E-15,-30.3495652113473));
#6581=CARTESIAN_POINT('',(48.3420961689764,1.35306245214963E-15,-29.4117104498426));
#6582=CARTESIAN_POINT('',(47.1830108931338,-7.,-41.1445920859826));
#6583=CARTESIAN_POINT('',(47.1830108931338,0.,-41.1445920859826));
#6584=CARTESIAN_POINT('',(51.2396426792757,-1.79509197068766E-16,-39.904778781892));
#6585=CARTESIAN_POINT('',(52.1888152896093,-3.00000000131431,-39.6146866827791));
#6586=CARTESIAN_POINT('',(51.9167973228787,-3.78066699250271,-39.6978225235169));
#6587=CARTESIAN_POINT('',(51.644797242615,-4.56134079766107,-39.7809528976801));
#6588=CARTESIAN_POINT('',(51.3728117060142,-5.34202014332566,-39.8640788269178));
#6589=CARTESIAN_POINT('',(51.3728117060142,-5.34202014332566,-39.8640788269178));
#6590=CARTESIAN_POINT('',(51.3728117060141,-5.34202014332567,-39.8640788269174));
#6591=CARTESIAN_POINT('',(51.2382840973078,-5.72815437256156,-39.9051940002519));
#6592=CARTESIAN_POINT('',(50.8663906252437,-6.,-40.0188544206889));
#6593=CARTESIAN_POINT('',(50.4733847239648,-6.,-40.1389673544426));
#6594=CARTESIAN_POINT('',(50.4733847239648,-6.,-40.1389673544426));
#6595=CARTESIAN_POINT('',(47.1830108931338,-6.,-41.1445920859826));
#6596=CARTESIAN_POINT('',(47.1830108931338,0.,-41.1445920859826));
#6597=CARTESIAN_POINT('',(47.1830108931338,-5.,-41.1445920859826));
#6598=CARTESIAN_POINT('',(50.3105455886395,-5.,-40.188735274492));
#6599=CARTESIAN_POINT('',(51.2396426792757,-1.79509197068766E-16,-39.904778781892));
#6600=CARTESIAN_POINT('',(51.248089159539,-1.73130630444388,-39.9021973155043));
#6601=CARTESIAN_POINT('',(50.9384671447419,-3.39798861882005,-39.9968259417691));
#6602=CARTESIAN_POINT('',(50.3105455886395,-5.,-40.1887352744921));
#6603=CARTESIAN_POINT('',(50.3640399132765,-5.,-40.3699341642957));
#6604=CARTESIAN_POINT('',(50.1785442057459,-5.,-39.7561265152632));
#6605=CARTESIAN_POINT('',(49.8145490119435,-5.,-38.1896255171338));
#6606=CARTESIAN_POINT('',(49.6477208857554,-5.,-35.6142448919934));
#6607=CARTESIAN_POINT('',(50.0290516120159,-5.,-32.7346931346024));
#6608=CARTESIAN_POINT('',(50.9648319225255,-5.,-29.984847934086));
#6609=CARTESIAN_POINT('',(52.4191060140105,-5.,-27.4704114834541));
#6610=CARTESIAN_POINT('',(54.3359547276324,-5.,-25.2879860218037));
#6611=CARTESIAN_POINT('',(56.2574845987579,-5.,-23.8159672250176));
#6612=CARTESIAN_POINT('',(57.9447741456006,-5.,-22.880033363999));
#6613=CARTESIAN_POINT('',(59.2729268117944,-5.,-22.3054457020479));
#6614=CARTESIAN_POINT('',(60.6510107657866,-5.,-21.8638196083205));
#6615=CARTESIAN_POINT('',(61.8299532520861,-5.,-21.6101378017762));
#6616=CARTESIAN_POINT('',(62.7846100256841,-5.,-21.4772455864249));
#6617=CARTESIAN_POINT('',(63.3846421841049,-5.,-21.4235617524957));
#6618=CARTESIAN_POINT('',(63.782323358214,-5.,-21.4026970954214));
#6619=CARTESIAN_POINT('',(63.9395651126271,-5.,-21.3969735807022));
#6620=CARTESIAN_POINT('',(63.9764274706287,-5.,-21.3957704412938));
#6621=CARTESIAN_POINT('',(50.9760949822725,-3.4188451851685,-40.1553461280209));
#6622=CARTESIAN_POINT('',(50.7999442875718,-3.4188451851685,-39.5681966450081));
#6623=CARTESIAN_POINT('',(50.4549831968037,-3.4188451851685,-38.0699405578733));
#6624=CARTESIAN_POINT('',(50.3004524372928,-3.4188451851685,-35.6075872338849));
#6625=CARTESIAN_POINT('',(50.6705400392906,-3.4188451851685,-32.8555046571082));
#6626=CARTESIAN_POINT('',(51.5704251101557,-3.4188451851685,-30.2284866908765));
#6627=CARTESIAN_POINT('',(52.9655309740582,-3.4188451851685,-27.8275141610411));
#6628=CARTESIAN_POINT('',(54.8022137530433,-3.4188451851685,-25.7448300404245));
#6629=CARTESIAN_POINT('',(56.6420048515603,-3.4188451851685,-24.3412950028235));
#6630=CARTESIAN_POINT('',(58.2568337328673,-3.4188451851685,-23.4497999367458));
#6631=CARTESIAN_POINT('',(59.5276367709267,-3.4188451851685,-22.9030564563687));
#6632=CARTESIAN_POINT('',(60.8459183120271,-3.4188451851685,-22.4835186684397));
#6633=CARTESIAN_POINT('',(61.9734594610767,-3.4188451851685,-22.2432701959131));
#6634=CARTESIAN_POINT('',(62.8863584036051,-3.4188451851685,-22.1180635485112));
#6635=CARTESIAN_POINT('',(63.460077263537,-3.4188451851685,-22.0678969440081));
#6636=CARTESIAN_POINT('',(63.8403090152636,-3.4188451851685,-22.0487156089811));
#6637=CARTESIAN_POINT('',(63.9906290872111,-3.4188451851685,-22.0435466094996));
#6638=CARTESIAN_POINT('',(64.0258689746301,-3.4188451851685,-22.0424673610463));
#6639=CARTESIAN_POINT('',(51.2900016803738,-1.73112746759334,-40.0452896554398));
#6640=CARTESIAN_POINT('',(51.1186437931666,-1.73112746759334,-39.4718124337913));
#6641=CARTESIAN_POINT('',(50.7834447854815,-1.73112746759334,-38.0085573388183));
#6642=CARTESIAN_POINT('',(50.6352210169008,-1.73112746759334,-35.604172698854));
#6643=CARTESIAN_POINT('',(50.999542320746,-1.73112746759334,-32.9174656603634));
#6644=CARTESIAN_POINT('',(51.8810176818887,-1.73112746759334,-30.3534425021225));
#6645=CARTESIAN_POINT('',(53.2457777421311,-1.73112746759334,-28.0106625868656));
#6646=CARTESIAN_POINT('',(55.0413455543153,-1.73112746759334,-25.9791331361702));
#6647=CARTESIAN_POINT('',(56.8392150194432,-1.73112746759334,-24.6107215895888));
#6648=CARTESIAN_POINT('',(58.4168807606788,-1.73112746759334,-23.7420179945635));
#6649=CARTESIAN_POINT('',(59.6582707061637,-1.73112746759334,-23.2095550512525));
#6650=CARTESIAN_POINT('',(60.9458811868967,-1.73112746759334,-22.8013457654322));
#6651=CARTESIAN_POINT('',(62.0470599628995,-1.73112746759334,-22.5679868911453));
#6652=CARTESIAN_POINT('',(62.9385424291418,-1.73112746759334,-22.4467219662782));
#6653=CARTESIAN_POINT('',(63.4987659010551,-1.73112746759334,-22.3983592548095));
#6654=CARTESIAN_POINT('',(63.8700483100816,-1.73112746759334,-22.3800412507023));
#6655=CARTESIAN_POINT('',(64.0168184359569,-1.73112746759334,-22.3751566472762));
#6656=CARTESIAN_POINT('',(64.0512262015471,-1.73112746759334,-22.374140939185));
#6657=CARTESIAN_POINT('',(51.2816598778146,1.90424753311567E-17,-40.0482143122572));
#6658=CARTESIAN_POINT('',(51.1101746258393,6.49270424204578E-17,-39.4743737619333));
#6659=CARTESIAN_POINT('',(50.7747161991289,2.00364836246506E-16,-38.0101885454695));
#6660=CARTESIAN_POINT('',(50.6263248276477,0.,-35.6042634372079));
#6661=CARTESIAN_POINT('',(50.9907993659444,-1.12756290935419E-16,-32.9158190995902));
#6662=CARTESIAN_POINT('',(51.8727639494088,-1.12756290935419E-16,-30.3501219080978));
#6663=CARTESIAN_POINT('',(53.2383304234811,-3.38268872806258E-16,-28.0057955737801));
#6664=CARTESIAN_POINT('',(55.0349908308133,2.25512581870838E-16,-25.972906731396));
#6665=CARTESIAN_POINT('',(56.8339743275653,-2.25512581870838E-16,-24.6035618080213));
#6666=CARTESIAN_POINT('',(58.4126276475268,-1.12756290935419E-16,-23.7342525491069));
#6667=CARTESIAN_POINT('',(59.6547992208406,-1.12756290935419E-16,-23.2014101127129));
#6668=CARTESIAN_POINT('',(60.9432247588229,-2.25512581870838E-16,-22.7928997816188));
#6669=CARTESIAN_POINT('',(62.0451040923871,1.12756290935419E-16,-22.5593578221395));
#6670=CARTESIAN_POINT('',(62.9371556832061,-2.25512581870838E-16,-22.4379881493606));
#6671=CARTESIAN_POINT('',(63.4977377835367,-2.25512581870838E-16,-22.3895775009742));
#6672=CARTESIAN_POINT('',(63.8692580137065,-1.32314518680786E-16,-22.3712365545848));
#6673=CARTESIAN_POINT('',(64.0161224763685,-1.1954126531452E-16,-22.3663443935762));
#6674=CARTESIAN_POINT('',(64.0505523548861,-1.15522039522426E-16,-22.3653269969541));
#6675=CARTESIAN_POINT('',(63.8166468560983,-5.,-21.4018541043149));
#6676=CARTESIAN_POINT('',(63.5795125498507,-3.4036514179187,-22.0669844250983));
#6677=CARTESIAN_POINT('',(63.41057048418,-1.73283052917728,-22.406461728376));
#6678=CARTESIAN_POINT('',(63.202380316241,-3.61417425725852E-12,-22.4166560679866));
#6679=CARTESIAN_POINT('',(63.8166468560983,-5.,-21.4018541043149));
#6680=CARTESIAN_POINT('',(63.2023803162602,-1.45642349873054E-15,-22.4166560679848));
#6681=CARTESIAN_POINT('',(51.2396426792757,-1.79509197068766E-16,-39.904778781892));
#6682=CARTESIAN_POINT('',(50.9586370297982,-1.79509197068766E-16,-38.9258365540052));
#6683=CARTESIAN_POINT('',(50.622373199953,-2.71312018324063E-16,-36.9558783104946));
#6684=CARTESIAN_POINT('',(50.8175046128471,-3.4744678374017E-16,-32.8909205374795));
#6685=CARTESIAN_POINT('',(52.7352466174561,-6.7211060423166E-16,-28.0965837867547));
#6686=CARTESIAN_POINT('',(56.4954297277681,-4.47150204738652E-16,-24.5767832158893));
#6687=CARTESIAN_POINT('',(60.2232171205036,-3.05476319188035E-16,-22.9113559437441));
#6688=CARTESIAN_POINT('',(62.1881246902433,-6.57256389277342E-16,-22.5095609535272));
#6689=CARTESIAN_POINT('',(63.2023803162602,-6.57256389277342E-16,-22.4166560679848));
#6690=CARTESIAN_POINT('',(50.3105455886395,-5.,-40.188735274492));
#6691=CARTESIAN_POINT('',(50.0004257775106,-5.,-39.1129423299039));
#6692=CARTESIAN_POINT('',(49.633388791188,-5.,-36.9418859324428));
#6693=CARTESIAN_POINT('',(49.8874359418632,-5.00000000000001,-32.4608747365919));
#6694=CARTESIAN_POINT('',(52.0796008267973,-4.99999999999999,-27.2345860425579));
#6695=CARTESIAN_POINT('',(57.2052234800995,-5.,-22.7163863206479));
#6696=CARTESIAN_POINT('',(61.579534982463,-5.,-21.4992020688544));
#6697=CARTESIAN_POINT('',(63.8166468560983,-5.,-21.4018541043149));
#6698=CARTESIAN_POINT('',(63.0582142736184,-5.,-21.4416464353725));
#6699=CARTESIAN_POINT('',(63.124175754781,-5.,-21.4364779631716));
#6700=CARTESIAN_POINT('',(63.3104067950396,-5.,-21.4231469302422));
#6701=CARTESIAN_POINT('',(63.6172391965027,-5.,-21.4070381109748));
#6702=CARTESIAN_POINT('',(63.9788320552508,-5.,-21.3969459002083));
#6703=CARTESIAN_POINT('',(64.2799595111143,-5.,-21.3959347112655));
#6704=CARTESIAN_POINT('',(64.4913340187664,-5.,-21.3991039797497));
#6705=CARTESIAN_POINT('',(64.6111282208537,-5.,-21.4020335465985));
#6706=CARTESIAN_POINT('',(64.6728326673106,-5.,-21.403850464087));
#6707=CARTESIAN_POINT('',(64.7364488806504,-5.,-21.4060741922066));
#6708=CARTESIAN_POINT('',(64.8012816995454,-5.,-21.4085312376186));
#6709=CARTESIAN_POINT('',(64.868500199144,-5.,-21.410962652292));
#6710=CARTESIAN_POINT('',(64.9018112388552,-5.,-21.4121815634709));
#6711=CARTESIAN_POINT('',(65.6989076665887,-5.,-21.4413487631402));
#6712=CARTESIAN_POINT('',(66.4960040943222,-5.,-21.4705159628095));
#6713=CARTESIAN_POINT('',(67.2931005220556,-5.,-21.4996831624788));
#6714=CARTESIAN_POINT('',(67.3013281888297,-5.,-21.4999842276841));
#6715=CARTESIAN_POINT('',(67.3095558556038,-5.,-21.5002852928893));
#6716=CARTESIAN_POINT('',(67.3177835223778,-5.,-21.5005863580945));
#6717=CARTESIAN_POINT('',(63.1375250841078,-3.41978324829394,-22.0893520488262));
#6718=CARTESIAN_POINT('',(63.2005782776331,-3.41978324829394,-22.0845397387062));
#6719=CARTESIAN_POINT('',(63.3785968627744,-3.41978324829394,-22.0721584553541));
#6720=CARTESIAN_POINT('',(63.6718945675978,-3.41978324829394,-22.0573553098653));
#6721=CARTESIAN_POINT('',(64.0174585545772,-3.41978324829394,-22.0484088156496));
#6722=CARTESIAN_POINT('',(64.3054185977321,-3.41978324829394,-22.0480232453628));
#6723=CARTESIAN_POINT('',(64.5071589930977,-3.41978324829394,-22.0514627456706));
#6724=CARTESIAN_POINT('',(64.6220885405224,-3.41978324829394,-22.0544910857254));
#6725=CARTESIAN_POINT('',(64.680155353096,-3.41978324829394,-22.0563532604975));
#6726=CARTESIAN_POINT('',(64.7423134029332,-3.41978324829394,-22.0585919144562));
#6727=CARTESIAN_POINT('',(64.8083325302227,-3.41978324829394,-22.0610368167525));
#6728=CARTESIAN_POINT('',(64.8751555936898,-3.41978324829394,-22.0634722791311));
#6729=CARTESIAN_POINT('',(64.908466633401,-3.41978324829394,-22.06469119031));
#6730=CARTESIAN_POINT('',(65.7055630611345,-3.41978324829395,-22.0938583899793));
#6731=CARTESIAN_POINT('',(66.502659488868,-3.41978324829395,-22.1230255896487));
#6732=CARTESIAN_POINT('',(67.2997559166015,-3.41978324829396,-22.152192789318));
#6733=CARTESIAN_POINT('',(67.3079835833755,-3.41978324829396,-22.1524938545233));
#6734=CARTESIAN_POINT('',(67.3162112501496,-3.41978324829395,-22.1527949197285));
#6735=CARTESIAN_POINT('',(67.3244389169236,-3.41978324829395,-22.1530959849337));
#6736=CARTESIAN_POINT('',(63.1784438623147,-1.73206484631131,-22.423522411942));
#6737=CARTESIAN_POINT('',(63.2399965847685,-1.73206484631131,-22.4188938563078));
#6738=CARTESIAN_POINT('',(63.4137781229372,-1.73206484631131,-22.4070025766773));
#6739=CARTESIAN_POINT('',(63.7000928799571,-1.73206484631131,-22.3928730666669));
#6740=CARTESIAN_POINT('',(64.0373871008762,-1.73206484631131,-22.3845176812942));
#6741=CARTESIAN_POINT('',(64.3185536888028,-1.73206484631131,-22.38445488606));
#6742=CARTESIAN_POINT('',(64.5153235624774,-1.73206484631131,-22.3880338069081));
#6743=CARTESIAN_POINT('',(64.6277432915814,-1.73206484631131,-22.391113106963));
#6744=CARTESIAN_POINT('',(64.6839333419185,-1.73206484631131,-22.3929986312979));
#6745=CARTESIAN_POINT('',(64.7453390823469,-1.73206484631131,-22.3952449859357));
#6746=CARTESIAN_POINT('',(64.8119702610046,-1.73206484631131,-22.3976836232416));
#6747=CARTESIAN_POINT('',(64.8785893073489,-1.73206484631131,-22.4001211739503));
#6748=CARTESIAN_POINT('',(64.9119003470602,-1.73206484631131,-22.4013400851292));
#6749=CARTESIAN_POINT('',(65.7089967747937,-1.73206484631131,-22.4305072847986));
#6750=CARTESIAN_POINT('',(66.5060932025272,-1.73206484631132,-22.4596744844679));
#6751=CARTESIAN_POINT('',(67.3031896302606,-1.73206484631132,-22.4888416841373));
#6752=CARTESIAN_POINT('',(67.3114172970347,-1.73206484631132,-22.4891427493425));
#6753=CARTESIAN_POINT('',(67.3196449638088,-1.73206484631132,-22.4894438145478));
#6754=CARTESIAN_POINT('',(67.3278726305828,-1.73206484631132,-22.489744879753));
#6755=CARTESIAN_POINT('',(63.1778265169892,1.15282622877008E-12,-22.4184807533041));
#6756=CARTESIAN_POINT('',(63.2394018771865,1.15282535472356E-12,-22.4138494253493));
#6757=CARTESIAN_POINT('',(63.4132473400679,1.15282535472356E-12,-22.4019507529882));
#6758=CARTESIAN_POINT('',(63.6996674494559,1.15282535472356E-12,-22.387811079778));
#6759=CARTESIAN_POINT('',(64.0370864370871,1.15282535472356E-12,-22.3794467762925));
#6760=CARTESIAN_POINT('',(64.3183555184901,1.15327638185765E-12,-22.3793791113217));
#6761=CARTESIAN_POINT('',(64.5152003828771,1.15271259794004E-12,-22.3829559287194));
#6762=CARTESIAN_POINT('',(64.6276579778382,1.15305086829061E-12,-22.3860344599362));
#6763=CARTESIAN_POINT('',(64.6838763430578,1.15282535472356E-12,-22.3879196319942));
#6764=CARTESIAN_POINT('',(64.7452934336467,1.15293811150709E-12,-22.3901658704511));
#6765=CARTESIAN_POINT('',(64.8119153782297,1.15282535472356E-12,-22.3926046022775));
#6766=CARTESIAN_POINT('',(64.8785375025989,1.15293811150709E-12,-22.3950421214794));
#6767=CARTESIAN_POINT('',(64.9118485423102,1.15282535472356E-12,-22.3962610326583));
#6768=CARTESIAN_POINT('',(65.7089449700437,1.14899162408383E-12,-22.4254282323277));
#6769=CARTESIAN_POINT('',(66.5060413977772,1.14538340701115E-12,-22.454595431997));
#6770=CARTESIAN_POINT('',(67.3031378255106,1.14154967637142E-12,-22.4837626316663));
#6771=CARTESIAN_POINT('',(67.3113654922847,1.1415072883691E-12,-22.4840636968716));
#6772=CARTESIAN_POINT('',(67.3195931590588,1.14146490036679E-12,-22.4843647620768));
#6773=CARTESIAN_POINT('',(67.3278208258328,1.14142251236448E-12,-22.4846658272821));
#6774=CARTESIAN_POINT('',(67.29317851942,-4.9999987540059,-21.4996865308524));
#6775=CARTESIAN_POINT('',(67.1937466310147,-3.64459352930109,-22.0555186101227));
#6776=CARTESIAN_POINT('',(67.1211638666192,-2.19781905348943,-22.3798953666528));
#6777=CARTESIAN_POINT('',(67.0702849971636,-0.735754202824547,-22.4565736285934));
#6778=CARTESIAN_POINT('',(67.2930621904513,-5.00000000000023,-21.4996850976615));
#6779=CARTESIAN_POINT('',(67.0702849971636,-0.735754202824547,-22.4565736285934));
#6780=CARTESIAN_POINT('',(67.0465275836031,2.29269387712413E-12,-22.4743727988902));
#6781=CARTESIAN_POINT('',(67.053864391378,-0.245934196797182,-22.4753621664976));
#6782=CARTESIAN_POINT('',(67.0617740917123,-0.49118320820874,-22.4694001997128));
#6783=CARTESIAN_POINT('',(67.0702849971636,-0.735754202824548,-22.4565736285934));
#6784=CARTESIAN_POINT('',(67.0465275836033,1.14627741312327E-12,-22.4743727988904));
#6785=CARTESIAN_POINT('',(67.0465275836033,5.57072426867618E-16,-22.4743727988902));
#6786=CARTESIAN_POINT('',(66.4050498370575,5.57072426867618E-16,-22.4508999681686));
#6787=CARTESIAN_POINT('',(65.1217296424177,1.2656729389866E-15,-22.3975307585647));
#6788=CARTESIAN_POINT('',(63.8398682539712,3.39125056237336E-16,-22.369855741604));
#6789=CARTESIAN_POINT('',(63.2023803162603,3.39125056237336E-16,-22.4166560679852));
#6790=CARTESIAN_POINT('',(67.2930623124244,-5.,-21.4996817643193));
#6791=CARTESIAN_POINT('',(66.7129158706195,-5.,-21.4784531569428));
#6792=CARTESIAN_POINT('',(65.5531349969237,-5.,-21.4394954636095));
#6793=CARTESIAN_POINT('',(64.3913060835717,-5.,-21.3865396845975));
#6794=CARTESIAN_POINT('',(63.8166468560983,-5.,-21.4018541043149));
#6795=CARTESIAN_POINT('',(0.,0.,0.));
#6796=CARTESIAN_POINT('',(71.6122655033232,2.29077173896641E-12,-23.0900619842198));
#6797=CARTESIAN_POINT('',(76.2331229321336,2.29077173896641E-12,-23.7131840284309));
#6798=CARTESIAN_POINT('',(76.8750706082744,0.,-16.3756885145047));
#6799=CARTESIAN_POINT('',(76.2163381800241,0.,-23.905034622931));
#6800=CARTESIAN_POINT('',(74.123709068639,0.,-26.8936187172063));
#6801=CARTESIAN_POINT('',(75.0194640498507,0.,-25.6143480262594));
#6802=CARTESIAN_POINT('',(72.5620079169837,0.,-23.8936187172063));
#6803=CARTESIAN_POINT('',(72.5620079169837,0.,-26.8936187172063));
#6804=CARTESIAN_POINT('',(12.0781094750597,0.,-26.8936187172063));
#6805=CARTESIAN_POINT('',(76.8750706082744,-5.,-16.3756885145047));
#6806=CARTESIAN_POINT('',(76.2163381800241,0.,-23.905034622931));
#6807=CARTESIAN_POINT('',(76.2163381800241,-5.,-23.905034622931));
#6808=CARTESIAN_POINT('',(76.3202786572465,-4.99999951439335,-22.7169895319053));
#6809=CARTESIAN_POINT('',(76.2628806211964,-3.41943467862897,-23.3730520860334));
#6810=CARTESIAN_POINT('',(76.2331229321335,-1.71792472853025,-23.7131840284312));
#6811=CARTESIAN_POINT('',(76.2331229321336,2.29178655219986E-12,-23.7131840284309));
#6812=CARTESIAN_POINT('',(76.3202785556703,-5.,-22.7169906929265));
#6813=CARTESIAN_POINT('',(77.7129223126245,-5.,-6.79899971182548));
#6814=CARTESIAN_POINT('',(112.963587489721,-12.2,-25.));
#6815=CARTESIAN_POINT('',(131.169936860861,-12.1999999999999,-30.7074609863147));
#6816=CARTESIAN_POINT('',(131.169936860861,-12.1999999999999,-30.7074609863147));
#6817=CARTESIAN_POINT('',(121.592475521883,-12.1999999999999,-33.5836102001734));
#6818=CARTESIAN_POINT('',(145.83829785154,-12.1999999999998,-79.5525138151031));
#6819=CARTESIAN_POINT('',(145.83829785154,-12.1999999999998,-79.5525138151031));
#6820=CARTESIAN_POINT('',(136.260836512562,-12.1999999999999,-82.4286630289617));
#6821=CARTESIAN_POINT('',(136.260836512562,-12.1999999999999,-82.4286630289617));
#6822=CARTESIAN_POINT('',(121.592475521883,-12.1999999999999,-33.5836102001734));
#6823=CARTESIAN_POINT('',(3.85,41.1833877898701,-18.8936187172063));
#6824=CARTESIAN_POINT('',(3.85,-4.33680868994202E-15,-2.23958333333334));
#6825=CARTESIAN_POINT('',(3.85,-8.35578643762757,-10.1409017681744));
#6826=CARTESIAN_POINT('',(3.85,0.,-13.7395833333333));
#6827=CARTESIAN_POINT('',(3.85,0.,-18.8936187172063));
#6828=CARTESIAN_POINT('',(3.85,-9.33499999999986,-24.5586187172064));
#6829=CARTESIAN_POINT('',(3.85,-7.80000000000139,-19.1536187172063));
#6830=CARTESIAN_POINT('',(3.85,-8.35578643762757,-19.1536187172063));
#6831=CARTESIAN_POINT('',(3.85,-8.35578643762757,-41.9608452898841));
#6832=CARTESIAN_POINT('',(64.2566795754923,-42.9145438692512,-24.6839957580484));
#6833=CARTESIAN_POINT('',(64.2566795754923,-6.2096229591579,-24.6839957580484));
#6834=CARTESIAN_POINT('',(64.2566795754923,-4.2096229591579,-26.6839957580484));
#6835=CARTESIAN_POINT('',(37.6774665191146,-7.80000000000139,-19.1536187172063));
#6836=CARTESIAN_POINT('',(20.485840040744,-24.9916264783718,-19.1536187172063));
#6837=CARTESIAN_POINT('',(7.2342135623724,-11.74,-19.1536187172063));
#6838=CARTESIAN_POINT('',(46.7574876587254,-7.80000000000139,-19.1536187172063));
#6839=CARTESIAN_POINT('',(48.0116368116561,-7.80000000000141,-19.1536187172063));
#6840=CARTESIAN_POINT('',(50.466059704039,-8.56919959966869,-19.1536187172063));
#6841=CARTESIAN_POINT('',(52.1194330011908,-10.5724119629496,-19.1536187172063));
#6842=CARTESIAN_POINT('',(52.5779859191833,-11.74,-19.1536187172063));
#6843=CARTESIAN_POINT('',(52.5779859191833,-11.74,-19.1536187172063));
#6844=CARTESIAN_POINT('',(37.6774665191146,-11.74,-19.1536187172063));
#6845=CARTESIAN_POINT('',(3.88740894520172E-15,-5.,-25.3936187172063));
#6846=CARTESIAN_POINT('',(87.2263725678052,-5.35529848459483,-25.540788168216));
#6847=CARTESIAN_POINT('',(87.2469855053046,-5.23686565639655,-25.4917316845461));
#6848=CARTESIAN_POINT('',(87.2675984428041,-5.11843282819828,-25.4426752008762));
#6849=CARTESIAN_POINT('',(87.2882113803035,-5.,-25.3936187172063));
#6850=CARTESIAN_POINT('',(87.2882113804504,-5.00000000003597,-25.3936187230868));
#6851=CARTESIAN_POINT('',(87.2269349923824,-5.35661079229269,-25.5378563011374));
#6852=CARTESIAN_POINT('',(87.2264528444801,-5.35355339059327,-25.540065326613));
#6853=CARTESIAN_POINT('',(75.0714773561017,-5.35355339059327,-25.540065326613));
#6854=CARTESIAN_POINT('',(74.9601483392989,-5.73739961843911,-25.6990596400525));
#6855=CARTESIAN_POINT('',(75.1740203759535,-5.,-25.3936187172063));
#6856=CARTESIAN_POINT('',(76.0423596153071,-5.,-25.3936187172063));
#6857=CARTESIAN_POINT('',(74.123709068639,-5.,-26.8936187172063));
#6858=CARTESIAN_POINT('',(74.123709068639,-5.,-26.8936187172063));
#6859=CARTESIAN_POINT('',(70.3784159408325,1.34883291514179,-32.242451632348));
#6860=CARTESIAN_POINT('',(75.0194640498507,-5.27927069094686,-25.6143480262594));
#6861=CARTESIAN_POINT('',(75.0194640498507,-5.,-25.6143480262594));
#6862=CARTESIAN_POINT('',(72.5620079169837,-5.,-23.8936187172063));
#6863=CARTESIAN_POINT('',(72.5620079169837,-7.,-23.8936187172063));
#6864=CARTESIAN_POINT('',(72.5620079169837,-4.,-26.8936187172063));
#6865=CARTESIAN_POINT('',(72.5620079169837,-5.,-26.8936187172063));
#6866=CARTESIAN_POINT('',(12.0781094750597,-5.,-26.8936187172063));
#6867=CARTESIAN_POINT('',(32.2501977006458,-4.,-26.8936187172063));
#6868=CARTESIAN_POINT('',(56.2022788303574,-4.,-26.8936187172063));
#6869=CARTESIAN_POINT('',(56.2022788303574,-4.,-26.8936187172063));
#6870=CARTESIAN_POINT('',(56.4007225880823,-3.664362567899,-26.8936187172063));
#6871=CARTESIAN_POINT('',(56.6026936806892,-3.33086525485404,-26.8936187172063));
#6872=CARTESIAN_POINT('',(56.8090029222782,-3.00000000131431,-26.8936187172063));
#6873=CARTESIAN_POINT('',(63.8135424909699,-6.,-36.6371512096154));
#6874=CARTESIAN_POINT('',(63.8135424909699,-5.34202014332567,-36.6371512096154));
#6875=CARTESIAN_POINT('',(57.3100536525535,-5.34202014332567,-25.5515985738806));
#6876=CARTESIAN_POINT('',(63.8135424909699,2.04410398439382,-32.9377227016001));
#6877=CARTESIAN_POINT('',(63.8135424909699,-5.,-36.6371512096154));
#6878=CARTESIAN_POINT('',(56.5808410481831,-6.,-24.8936187172063));
#6879=CARTESIAN_POINT('',(56.716241971118,-6.,-24.8936187172063));
#6880=CARTESIAN_POINT('',(56.9818514949977,-5.98525011246918,-24.9083686047371));
#6881=CARTESIAN_POINT('',(57.3163192815445,-5.9073806259074,-24.9862380912989));
#6882=CARTESIAN_POINT('',(57.4885092944138,-5.74885173250842,-25.1447669846978));
#6883=CARTESIAN_POINT('',(57.4929467460366,-5.54814930250426,-25.345469414702));
#6884=CARTESIAN_POINT('',(57.3877871104502,-5.4209162279353,-25.472702489271));
#6885=CARTESIAN_POINT('',(57.3100536525535,-5.34202014332567,-25.5515985738806));
#6886=CARTESIAN_POINT('',(56.5808410481831,-6.,-24.8936187172063));
#6887=CARTESIAN_POINT('',(63.8135424909699,-6.,-36.6371512096154));
#6888=CARTESIAN_POINT('',(63.8135424909699,-6.,-36.6371512096154));
#6889=CARTESIAN_POINT('',(56.6788130450387,-6.,-36.6371512096154));
#6890=CARTESIAN_POINT('',(32.2501977006458,-6.,-24.8936187172063));
#6891=CARTESIAN_POINT('',(52.2036503708962,-6.,-24.8936187172063));
#6892=CARTESIAN_POINT('',(56.6788130450387,-6.,-36.6371512096154));
#6893=CARTESIAN_POINT('',(56.6788130450387,-11.,-36.6371512096154));
#6894=CARTESIAN_POINT('',(47.4141472611716,-7.83499999999985,-23.0586187172064));
#6895=CARTESIAN_POINT('',(47.4087266910882,-7.47008344196237,-23.4235352752439));
#6896=CARTESIAN_POINT('',(47.7657273923916,-6.7448205683644,-24.1487981488419));
#6897=CARTESIAN_POINT('',(49.1700929696875,-6.1923264537621,-24.7012922634442));
#6898=CARTESIAN_POINT('',(50.680477263295,-6.01943225489252,-24.8741864623138));
#6899=CARTESIAN_POINT('',(51.694547153224,-5.99999999999986,-24.8936187172064));
#6900=CARTESIAN_POINT('',(52.2036503708961,-5.99999999999986,-24.8936187172064));
#6901=CARTESIAN_POINT('',(47.4141472611716,-7.83499999999985,-23.0586187172064));
#6902=CARTESIAN_POINT('',(46.2166109424837,-8.3,-23.5236187172066));
#6903=CARTESIAN_POINT('',(46.6042523536875,-8.13014364553948,-23.353762362746));
#6904=CARTESIAN_POINT('',(47.0038520410253,-7.97568564589555,-23.1993043631021));
#6905=CARTESIAN_POINT('',(47.4141472611716,-7.83499999999985,-23.0586187172064));
#6906=CARTESIAN_POINT('',(37.6774665191146,-9.33499999999986,-24.5586187172064));
#6907=CARTESIAN_POINT('',(37.6774665191146,-7.83499999999985,-23.0586187172064));
#6908=CARTESIAN_POINT('',(49.1189340152744,-7.83499999999951,-23.0586187172068));
#6909=CARTESIAN_POINT('',(49.1189340152744,-7.8349999999998,-23.0586187172064));
#6910=CARTESIAN_POINT('',(48.8431924326775,-7.81316589307878,-23.0367846102853));
#6911=CARTESIAN_POINT('',(48.5659473388627,-7.80000000000153,-23.0236187172081));
#6912=CARTESIAN_POINT('',(48.2864186064239,-7.80000000000139,-23.0236187172079));
#6913=CARTESIAN_POINT('',(52.5779859191836,-12.8123500172622,-18.0812686999441));
#6914=CARTESIAN_POINT('',(51.7532313988121,-7.80000000000138,-18.2208653441395));
#6915=CARTESIAN_POINT('',(46.7428256794649,-7.80000000000138,-19.0689186826813));
#6916=CARTESIAN_POINT('',(52.5779859191836,-12.6657672992927,-18.2278514179135));
#6917=CARTESIAN_POINT('',(51.6607915588637,-7.80000000000139,-18.4114673654119));
#6918=CARTESIAN_POINT('',(46.7993849506103,-7.80000000000139,-19.3620841186203));
#6919=CARTESIAN_POINT('',(52.5779859191835,-12.3726018633538,-18.5210168538525));
#6920=CARTESIAN_POINT('',(51.4815008355238,-7.8000000000014,-18.78114751937));
#6921=CARTESIAN_POINT('',(46.9125034929009,-7.80000000000139,-19.9484149904982));
#6922=CARTESIAN_POINT('',(52.5779859191833,-11.8233028979794,-19.0703158192268));
#6923=CARTESIAN_POINT('',(51.2429521145246,-7.80000000000138,-19.5415351007306));
#6924=CARTESIAN_POINT('',(47.2421048813163,-7.80000000000138,-21.047012921247));
#6925=CARTESIAN_POINT('',(52.5779859191831,-11.2077461757223,-19.685872541484));
#6926=CARTESIAN_POINT('',(51.1102996898068,-7.80000000000139,-20.4460582491564));
#6927=CARTESIAN_POINT('',(47.7781443279279,-7.80000000000139,-22.2781263657615));
#6928=CARTESIAN_POINT('',(52.5779859191829,-10.6145216626073,-20.279097054599));
#6929=CARTESIAN_POINT('',(51.171720495813,-7.80000000000138,-21.3722497363927));
#6930=CARTESIAN_POINT('',(48.5641647803049,-7.80000000000138,-23.4645753919917));
#6931=CARTESIAN_POINT('',(52.5779859191827,-10.0213751856263,-20.87224353158));
#6932=CARTESIAN_POINT('',(51.4444091357069,-7.80000000000139,-22.3184466929995));
#6933=CARTESIAN_POINT('',(49.7034594207112,-7.80000000000138,-24.6508683459541));
#6934=CARTESIAN_POINT('',(52.5779859191826,-9.70570662504367,-21.1879120921626));
#6935=CARTESIAN_POINT('',(51.8723435545251,-7.80000000000138,-22.8478789061019));
#6936=CARTESIAN_POINT('',(50.8531893799236,-7.80000000000138,-25.2822054671197));
#6937=CARTESIAN_POINT('',(52.5779859191826,-9.57249880409153,-21.3211199131147));
#6938=CARTESIAN_POINT('',(52.2922389516351,-7.80000000000138,-23.0683308739759));
#6939=CARTESIAN_POINT('',(51.8891293129527,-7.80000000000139,-25.5486211090244));
#6940=CARTESIAN_POINT('',(52.5779859191826,-9.56240580995191,-21.3312129072544));
#6941=CARTESIAN_POINT('',(52.4827837430054,-7.80000000000138,-23.0851935789545));
#6942=CARTESIAN_POINT('',(52.3483670504384,-7.80000000000139,-25.5688070973038));
#6943=CARTESIAN_POINT('',(52.5779859191826,-9.5573593128821,-21.3362594043242));
#6944=CARTESIAN_POINT('',(52.577985919182,-7.80000000000138,-23.0936187172049));
#6945=CARTESIAN_POINT('',(52.5779859191812,-7.80000000000138,-25.5789000914434));
#6946=CARTESIAN_POINT('',(49.1189340152744,-7.83499999999979,-23.0586187172065));
#6947=CARTESIAN_POINT('',(49.7399811687087,-7.89134782972751,-23.0022708874788));
#6948=CARTESIAN_POINT('',(50.6532715689088,-8.07903518984376,-22.8145835273625));
#6949=CARTESIAN_POINT('',(51.7086344396917,-8.56747315861981,-22.3261455585864));
#6950=CARTESIAN_POINT('',(52.2492883581046,-8.97971655342916,-21.9139021637771));
#6951=CARTESIAN_POINT('',(52.5076256725836,-9.32879717104232,-21.564821546164));
#6952=CARTESIAN_POINT('',(52.5900046247459,-9.54731260631214,-21.3463061108941));
#6953=CARTESIAN_POINT('',(52.5710574889168,-9.77361466836117,-21.1200040488451));
#6954=CARTESIAN_POINT('',(52.5802482637594,-10.053873606647,-20.8397451105593));
#6955=CARTESIAN_POINT('',(52.5751579884622,-10.7286575477411,-20.1649611694651));
#6956=CARTESIAN_POINT('',(52.5779859191832,-11.2904143504216,-19.6032043667847));
#6957=CARTESIAN_POINT('',(52.5779859191833,-11.74,-19.1536187172063));
#6958=CARTESIAN_POINT('',(4.84999999999999,-4.33680868994202E-15,-2.23958333333334));
#6959=CARTESIAN_POINT('',(15.35,0.,-2.23958333333334));
#6960=CARTESIAN_POINT('',(4.84999999999999,0.,-12.7395833333333));
#6961=CARTESIAN_POINT('',(3.85,-8.35578643762757,-10.1409017681744));
#6962=CARTESIAN_POINT('',(3.93409014281023,-8.4398765804378,-9.92958565290596));
#6963=CARTESIAN_POINT('',(4.01571081880773,-8.52149725643531,-9.71600313885155));
#6964=CARTESIAN_POINT('',(4.09469398116544,-8.60048041879301,-9.49999999793128));
#6965=CARTESIAN_POINT('',(4.09469398116544,-8.60048041879302,-9.49999999793128));
#6966=CARTESIAN_POINT('',(4.84999999999999,-7.58527190392201,-9.49999999793128));
#6967=CARTESIAN_POINT('',(4.60296836353983,-7.92722829199698,-9.49999999793128));
#6968=CARTESIAN_POINT('',(4.35079389185559,-8.26532671506324,-9.49999999793128));
#6969=CARTESIAN_POINT('',(4.09469398116543,-8.60048041879302,-9.49999999793128));
#6970=CARTESIAN_POINT('',(4.84999999999999,-7.58527190392201,-9.49999999793128));
#6971=CARTESIAN_POINT('',(4.84999999999999,-4.33680868994202E-15,-2.23958333333334));
#6972=CARTESIAN_POINT('',(152.6,-4.33680868994202E-15,-2.23958333333334));
#6973=CARTESIAN_POINT('',(22.75,-4.33680868994202E-15,-2.23958333333334));
#6974=CARTESIAN_POINT('',(22.75,-7.58527190392201,-9.49999999793128));
#6975=CARTESIAN_POINT('',(22.75,0.,-12.7395833333333));
#6976=CARTESIAN_POINT('',(152.6,0.,-12.7395833333333));
#6977=CARTESIAN_POINT('',(5.78963370655383,-7.58527190392201,-9.49999999793128));
#6978=CARTESIAN_POINT('',(48.790152036401,4.92139915651827,-16.1769784026892));
#6979=CARTESIAN_POINT('',(48.7727492117746,4.92139915651827,-16.3758935983849));
#6980=CARTESIAN_POINT('',(48.7643824691657,4.92139915651827,-16.4715259040078));
#6981=CARTESIAN_POINT('',(48.5552139039444,4.92139915651827,-18.8623335445806));
#6982=CARTESIAN_POINT('',(47.4400615540465,1.67815591327502,-16.2353407557509));
#6983=CARTESIAN_POINT('',(47.42265872942,1.67815591327502,-16.4342559514466));
#6984=CARTESIAN_POINT('',(47.4142919868112,1.67815591327502,-16.5298882570695));
#6985=CARTESIAN_POINT('',(47.2051234215899,1.67815591327502,-18.9206958976423));
#6986=CARTESIAN_POINT('',(47.4400615540465,-1.83535760023849,-16.2353407557509));
#6987=CARTESIAN_POINT('',(47.42265872942,-1.83535760023849,-16.4342559514466));
#6988=CARTESIAN_POINT('',(47.4142919868112,-1.83535760023849,-16.5298882570695));
#6989=CARTESIAN_POINT('',(47.2051234215899,-1.83535760023849,-18.9206958976423));
#6990=CARTESIAN_POINT('',(48.790152036401,-5.07860084348174,-16.1769784026892));
#6991=CARTESIAN_POINT('',(48.7727492117746,-5.07860084348174,-16.3758935983849));
#6992=CARTESIAN_POINT('',(48.7643824691657,-5.07860084348174,-16.4715259040078));
#6993=CARTESIAN_POINT('',(48.5552139039444,-5.07860084348174,-18.8623335445806));
#6994=CARTESIAN_POINT('',(47.7466964575435,-2.25511990842329E-16,-16.7302340393157));
#6995=CARTESIAN_POINT('',(47.7369729180637,-1.73666791826985,-16.7219192084968));
#6996=CARTESIAN_POINT('',(48.0883982219216,-3.43294991221483,-16.5374519616767));
#6997=CARTESIAN_POINT('',(48.7556554406671,-5.00000000000003,-16.2021293368674));
#6998=CARTESIAN_POINT('',(47.7466964575435,-6.70612774468595E-16,-16.7302340393157));
#6999=CARTESIAN_POINT('',(48.755655440667,-5.,-16.2021293368672));
#7000=CARTESIAN_POINT('',(48.755655440667,-4.99999999999998,-16.2021293368672));
#7001=CARTESIAN_POINT('',(47.5912470727255,-4.51023981684658E-16,-18.5070286382174));
#7002=CARTESIAN_POINT('',(0.,0.,0.));
#7003=CARTESIAN_POINT('',(22.75,0.,-9.75));
#7004=CARTESIAN_POINT('',(22.75,0.,-14.5801604954865));
#7005=CARTESIAN_POINT('',(22.75,0.,-14.5801604954865));
#7006=CARTESIAN_POINT('',(42.6285378228397,0.,-14.5801604954865));
#7007=CARTESIAN_POINT('',(42.6285378228397,-7.40279988092915E-16,-14.5801604954865));
#7008=CARTESIAN_POINT('',(44.51580784257,-7.40279988092915E-16,-14.7465860754705));
#7009=CARTESIAN_POINT('',(46.3120186012474,-6.70612774468591E-16,-15.5034067425851));
#7010=CARTESIAN_POINT('',(47.7466964575435,-6.70612774468591E-16,-16.7302340393157));
#7011=CARTESIAN_POINT('',(79.7325806280229,-5.,-38.549728836454));
#7012=CARTESIAN_POINT('',(51.0758097346044,-5.,-19.3128137002637));
#7013=CARTESIAN_POINT('',(53.2123283601957,-5.,-19.6009199997753));
#7014=CARTESIAN_POINT('',(55.3488469857871,-5.,-19.8890262992868));
#7015=CARTESIAN_POINT('',(57.4853656113784,-5.,-20.1771325987984));
#7016=CARTESIAN_POINT('',(51.0758097346035,-5.,-19.3128137002623));
#7017=CARTESIAN_POINT('',(57.4853656113744,-4.99999999999999,-20.1771325988086));
#7018=CARTESIAN_POINT('',(67.293098737109,-5.,-21.4996905506015));
#7019=CARTESIAN_POINT('',(64.0238543618647,-5.,-21.0588379000003));
#7020=CARTESIAN_POINT('',(60.7546099866203,-5.,-20.6179852493992));
#7021=CARTESIAN_POINT('',(57.4853656113759,-5.,-20.177132598798));
#7022=CARTESIAN_POINT('',(51.0758097346035,-5.,-19.3128137002623));
#7023=CARTESIAN_POINT('',(50.7489934388125,-5.,-18.7545562246515));
#7024=CARTESIAN_POINT('',(50.1142484956678,-5.,-17.6297479135171));
#7025=CARTESIAN_POINT('',(49.2354046456722,-5.,-16.6482738107171));
#7026=CARTESIAN_POINT('',(48.755655440667,-5.,-16.2021293368673));
#7027=CARTESIAN_POINT('',(67.0785637538793,-5.00000000000001,-21.4707452333699));
#7028=CARTESIAN_POINT('',(76.3202787382625,-5.00000000000001,-22.7169893388861));
#7029=CARTESIAN_POINT('',(67.0212244494401,-3.42105263157824,-22.1261364821148));
#7030=CARTESIAN_POINT('',(76.2629394338232,-3.42105263157824,-23.372380587631));
#7031=CARTESIAN_POINT('',(66.9914080111316,-1.73333333333183,-22.4669399314619));
#7032=CARTESIAN_POINT('',(76.2331229955148,-1.73333333333183,-23.7131840369782));
#7033=CARTESIAN_POINT('',(66.9914080111317,2.29201206625174E-12,-22.4669399314616));
#7034=CARTESIAN_POINT('',(76.2331229955148,2.29201206625174E-12,-23.7131840369779));
#7035=CARTESIAN_POINT('',(76.32027837308,-5.,-22.7169920469672));
#7036=CARTESIAN_POINT('',(73.311218494423,-5.,-22.311224881512));
#7037=CARTESIAN_POINT('',(70.302158615766,-5.,-21.9054577160567));
#7038=CARTESIAN_POINT('',(67.293098737109,-5.,-21.4996905506015));
#7039=CARTESIAN_POINT('',(0.,-5.,0.));
#7040=CARTESIAN_POINT('',(97.3854160313338,-5.,-31.7054105283144));
#7041=CARTESIAN_POINT('',(96.7520959455757,-5.,-30.9194525724743));
#7042=CARTESIAN_POINT('',(95.7071585258023,-5.,-29.83035199356));
#7043=CARTESIAN_POINT('',(94.1429823531419,-5.,-28.5687645390173));
#7044=CARTESIAN_POINT('',(92.8464104785457,-5.,-27.6960993914794));
#7045=CARTESIAN_POINT('',(91.5802205807316,-5.,-26.9851327536656));
#7046=CARTESIAN_POINT('',(89.7648963702523,-5.,-26.1405894221345));
#7047=CARTESIAN_POINT('',(88.307580286135,-5.,-25.6550728961939));
#7048=CARTESIAN_POINT('',(87.2882113779633,-5.,-25.3936187263304));
#7049=CARTESIAN_POINT('',(97.3907277379324,-5.00000000000695,-31.7011303878137));
#7050=CARTESIAN_POINT('',(76.3202783730799,-5.,-22.7169920469672));
#7051=CARTESIAN_POINT('',(79.22879375817,-5.,-23.1092009398051));
#7052=CARTESIAN_POINT('',(82.13730914326,-5.,-23.501409832643));
#7053=CARTESIAN_POINT('',(85.0458245283501,-5.,-23.8936187254809));
#7054=CARTESIAN_POINT('',(85.0458245283501,-5.,-23.8936187254809));
#7055=CARTESIAN_POINT('',(85.0458245283501,-5.,-23.8936187254809));
#7056=CARTESIAN_POINT('',(86.2106839455498,-5.,-23.9879131864439));
#7057=CARTESIAN_POINT('',(88.502472322426,-5.,-24.3137904097051));
#7058=CARTESIAN_POINT('',(91.8384205065569,-5.,-25.4316495648247));
#7059=CARTESIAN_POINT('',(94.8002751672886,-5.,-27.4372762876602));
#7060=CARTESIAN_POINT('',(96.2100423882621,-5.,-29.3107329920049));
#7061=CARTESIAN_POINT('',(96.774586482208,-5.,-30.3394579239177));
#7062=CARTESIAN_POINT('',(96.7745864822085,-5.,-30.3394579239174));
#7063=CARTESIAN_POINT('',(96.6632300471805,-5.,-30.0946199361869));
#7064=CARTESIAN_POINT('',(87.1533391938325,-5.35936451551989,-25.5163884578058));
#7065=CARTESIAN_POINT('',(87.5458177758319,-5.3609173039797,-25.6180388454994));
#7066=CARTESIAN_POINT('',(87.9446853118818,-5.36327269382496,-25.725547652573));
#7067=CARTESIAN_POINT('',(88.9182469397655,-5.37001394307777,-26.035167034189));
#7068=CARTESIAN_POINT('',(89.4864102076984,-5.37463472260205,-26.2464938601812));
#7069=CARTESIAN_POINT('',(91.1593340156537,-5.38969238979027,-26.9602002160789));
#7070=CARTESIAN_POINT('',(92.2294487909495,-5.40120731531554,-27.5412998635991));
#7071=CARTESIAN_POINT('',(94.9628141151985,-5.43113840967919,-29.4013801223268));
#7072=CARTESIAN_POINT('',(96.4819680779688,-5.44791189989667,-30.8863589604084));
#7073=CARTESIAN_POINT('',(97.6822114457441,-5.46031731435708,-32.5961936957562));
#7074=CARTESIAN_POINT('',(87.1915403762819,-5.,-25.368908114659));
#7075=CARTESIAN_POINT('',(87.5859451734842,-5.,-25.4694133542114));
#7076=CARTESIAN_POINT('',(87.9896477716469,-5.,-25.5756901413273));
#7077=CARTESIAN_POINT('',(88.9737559226244,-5.,-25.8811198847194));
#7078=CARTESIAN_POINT('',(89.5486503946447,-5.,-26.0895135710563));
#7079=CARTESIAN_POINT('',(91.2438489845012,-5.,-26.7937495266376));
#7080=CARTESIAN_POINT('',(92.3316766880664,-5.,-27.3676493250104));
#7081=CARTESIAN_POINT('',(95.1222390222538,-5.,-29.2142328438965));
#7082=CARTESIAN_POINT('',(96.6866793186925,-5.,-30.6975527350621));
#7083=CARTESIAN_POINT('',(97.9321766172392,-5.,-32.4216453633236));
#7084=CARTESIAN_POINT('',(97.7034465734554,-5.27337554622989,-32.4138040399705));
#7085=CARTESIAN_POINT('',(97.6013666892178,-5.18856097054964,-32.1780623902537));
#7086=CARTESIAN_POINT('',(97.4983459510319,-5.09749262181897,-31.9458580371335));
#7087=CARTESIAN_POINT('',(97.3948122480589,-5.00000000001391,-31.7170814128796));
#7088=CARTESIAN_POINT('',(97.7034465681086,-5.27337550244002,-32.4138040580403));
#7089=CARTESIAN_POINT('',(97.725869110053,-5.29191763480168,-32.4656784345097));
#7090=CARTESIAN_POINT('',(97.7184000580891,-5.28577046881256,-32.4483679609259));
#7091=CARTESIAN_POINT('',(97.7109258274427,-5.27958979459107,-32.4310765093387));
#7092=CARTESIAN_POINT('',(97.7034465734554,-5.27337554622989,-32.4138040399705));
#7093=CARTESIAN_POINT('',(97.7260535972452,-5.29185283899638,-32.4656939397295));
#7094=CARTESIAN_POINT('',(97.725973106538,-5.29191498185503,-32.4658197595637));
#7095=CARTESIAN_POINT('',(97.6967785031486,-5.3477026645659,-32.4883365230467));
#7096=CARTESIAN_POINT('',(97.6675714253261,-5.40349374756484,-32.510849652995));
#7097=CARTESIAN_POINT('',(97.6383518729763,-5.45928822820869,-32.5333591397558));
#7098=CARTESIAN_POINT('',(97.6387257129341,-5.45951704645045,-32.5332801688964));
#7099=CARTESIAN_POINT('',(97.6380522270836,-5.45986041718554,-32.5335899945885));
#7100=CARTESIAN_POINT('',(96.4075028449578,-5.44711523657494,-30.7974859361276));
#7101=CARTESIAN_POINT('',(94.0613881136428,-5.42080025462979,-28.5492471266787));
#7102=CARTESIAN_POINT('',(90.3018571228241,-5.38083215921559,-26.4935159253354));
#7103=CARTESIAN_POINT('',(88.2506005743965,-5.36396533349249,-25.8021573348444));
#7104=CARTESIAN_POINT('',(87.2274971140495,-5.35966704718653,-25.5356486815764));
#7105=CARTESIAN_POINT('',(100.425612770132,-8.49831989669047,-34.050035052917));
#7106=CARTESIAN_POINT('',(100.215592741578,-8.35658286220019,-33.7807395868645));
#7107=CARTESIAN_POINT('',(99.9790294129138,-8.1848604222181,-33.4988035809409));
#7108=CARTESIAN_POINT('',(99.4202789452906,-7.68520743546101,-33.0352294528731));
#7109=CARTESIAN_POINT('',(99.1183011675993,-7.3681060453066,-32.8593870990357));
#7110=CARTESIAN_POINT('',(98.3992914771812,-6.48059792404079,-32.5529811865786));
#7111=CARTESIAN_POINT('',(98.0227733937799,-5.88360880725275,-32.4853093165366));
#7112=CARTESIAN_POINT('',(97.7143917846182,-5.26816617367638,-32.4648794061685));
#7113=CARTESIAN_POINT('',(100.359160243666,-8.55544738656767,-34.0711473016917));
#7114=CARTESIAN_POINT('',(100.150871195956,-8.41122314439117,-33.8017801008101));
#7115=CARTESIAN_POINT('',(99.9121981498124,-8.2401242602993,-33.5216274725659));
#7116=CARTESIAN_POINT('',(99.3457874427064,-7.74258397452413,-33.0629030443262));
#7117=CARTESIAN_POINT('',(99.0354771657444,-7.42882857522567,-32.8914409912533));
#7118=CARTESIAN_POINT('',(98.2935037471437,-6.54787348390301,-32.5977978496979));
#7119=CARTESIAN_POINT('',(97.899681885331,-5.95369610072176,-32.5402059068956));
#7120=CARTESIAN_POINT('',(97.5744851600866,-5.33825638699208,-32.5303883299528));
#7121=CARTESIAN_POINT('',(99.7734162591984,-8.00053246178448,-33.3292738493565));
#7122=CARTESIAN_POINT('',(99.9801641096508,-8.22004297286764,-33.5378413344601));
#7123=CARTESIAN_POINT('',(100.175165082668,-8.3930273704427,-33.7984536771456));
#7124=CARTESIAN_POINT('',(100.344389681636,-8.54451528203063,-34.0513759472852));
#7125=CARTESIAN_POINT('',(100.344183444274,-8.54472594333374,-34.0513951973793));
#7126=CARTESIAN_POINT('',(99.7738742262572,-8.00021749946367,-33.3291513654256));
#7127=CARTESIAN_POINT('',(100.343927257696,-8.54488885615615,-34.051498872555));
#7128=CARTESIAN_POINT('',(100.137085312013,-8.40136589633982,-33.7854082963253));
#7129=CARTESIAN_POINT('',(99.6553978531129,-8.04699888572884,-33.2451347632002));
#7130=CARTESIAN_POINT('',(98.8775582798717,-7.27210705194614,-32.8011321210222));
#7131=CARTESIAN_POINT('',(98.1971708428684,-6.40135337365389,-32.5876896772637));
#7132=CARTESIAN_POINT('',(97.8130526423797,-5.77743895190045,-32.5414878765686));
#7133=CARTESIAN_POINT('',(97.6394031252153,-5.45915603944284,-32.532960045916));
#7134=CARTESIAN_POINT('',(99.7728376959309,-7.99998550927667,-33.3287411332235));
#7135=CARTESIAN_POINT('',(99.1409423939242,-7.44770047717479,-32.7782547481479));
#7136=CARTESIAN_POINT('',(98.3765290411524,-6.5853333944493,-32.5116235092876));
#7137=CARTESIAN_POINT('',(97.7259061902938,-5.2919419958168,-32.4657762489461));
#7138=CARTESIAN_POINT('',(70.5,-8.75000000000009,-15.75));
#7139=CARTESIAN_POINT('',(70.5,-8.75000000000009,-15.75));
#7140=CARTESIAN_POINT('',(70.5,-8.75000000000009,-16.7817541634481));
#7141=CARTESIAN_POINT('',(133.571355732823,-15.,-61.0171557273713));
#7142=CARTESIAN_POINT('',(133.571355732823,-15.,-61.0171557273713));
#7143=CARTESIAN_POINT('',(133.571355732823,-15.,-62.5171557273713));
#7144=CARTESIAN_POINT('',(142.858720458589,-15.,-90.446928616824));
#7145=CARTESIAN_POINT('',(142.858720458589,-15.,-90.446928616824));
#7146=CARTESIAN_POINT('',(142.858720458589,-15.,-91.946928616824));
#7147=CARTESIAN_POINT('',(114.305891193738,-16.,-45.5069411320668));
#7148=CARTESIAN_POINT('',(114.305891193738,-13.7000000000001,-45.5069411320668));
#7149=CARTESIAN_POINT('',(114.748137126717,-13.7000000000001,-45.7035882145907));
#7150=CARTESIAN_POINT('',(137.216169019948,-13.7000000000001,-55.694121970538));
#7151=CARTESIAN_POINT('',(114.748137126717,-13.7000000000001,-45.7035882145907));
#7152=CARTESIAN_POINT('',(114.600453294947,-13.6181204917581,-45.6379197878448));
#7153=CARTESIAN_POINT('',(114.453043897404,-13.5356533300934,-45.5723733897847));
#7154=CARTESIAN_POINT('',(114.305891193738,-13.4526365028947,-45.5069411320668));
#7155=CARTESIAN_POINT('',(114.305891193738,-13.4526365028947,-45.5069411320668));
#7156=CARTESIAN_POINT('',(114.305891193738,-16.,-45.5069411320668));
#7157=CARTESIAN_POINT('',(114.305891193738,-15.,-45.5069411320668));
#7158=CARTESIAN_POINT('',(114.305891193738,-15.,-45.5069411320668));
#7159=CARTESIAN_POINT('',(137.216169019948,-15.,-55.694121970538));
#7160=CARTESIAN_POINT('',(137.216169019948,-16.,-55.694121970538));
#7161=CARTESIAN_POINT('',(114.748682585796,-13.7000000000001,-45.7054045714096));
#7162=CARTESIAN_POINT('',(114.656681821216,-13.7000000000001,-45.3990457212937));
#7163=CARTESIAN_POINT('',(114.573609794367,-13.5778194661683,-45.7582643737428));
#7164=CARTESIAN_POINT('',(114.481609029787,-13.5778194661683,-45.451905523627));
#7165=CARTESIAN_POINT('',(114.395218691598,-13.4511254022495,-45.8121260752292));
#7166=CARTESIAN_POINT('',(114.303217927019,-13.4511254022495,-45.5057672251134));
#7167=CARTESIAN_POINT('',(121.821847442719,-13.7000000000001,-69.2587593956251));
#7168=CARTESIAN_POINT('',(114.74812181096,-13.7000000000001,-45.7035372137334));
#7169=CARTESIAN_POINT('',(114.305891193738,-13.4526365028946,-45.5069411320668));
#7170=CARTESIAN_POINT('',(114.453038771428,-13.5356533132713,-45.5723564065281));
#7171=CARTESIAN_POINT('',(114.600443063143,-13.618120474793,-45.6378858046369));
#7172=CARTESIAN_POINT('',(114.74812181096,-13.7000000000001,-45.7035372137334));
#7173=CARTESIAN_POINT('',(145.83829785154,-11.1999999999998,-79.5525138151031));
#7174=CARTESIAN_POINT('',(131.169936860861,-11.1999999999999,-30.7074609863147));
#7175=CARTESIAN_POINT('',(131.169936860861,-11.1999999999999,-30.7074609863147));
#7176=CARTESIAN_POINT('',(145.83829785154,-11.1999999999998,-79.5525138151031));
#7177=CARTESIAN_POINT('',(145.83829785154,-11.1999999999998,-79.5525138151031));
#7178=CARTESIAN_POINT('',(145.83829785154,-11.1999999999998,-79.5525138151031));
#7179=CARTESIAN_POINT('',(136.260836512562,-11.1999999999999,-82.4286630289617));
#7180=CARTESIAN_POINT('',(136.260836512562,-11.1999999999999,-82.4286630289617));
#7181=CARTESIAN_POINT('',(136.260836512562,-11.1999999999999,-82.4286630289617));
#7182=CARTESIAN_POINT('',(136.260836512562,-11.1999999999999,-82.4286630289617));
#7183=CARTESIAN_POINT('',(121.592475521883,-11.1999999999999,-33.5836102001734));
#7184=CARTESIAN_POINT('',(121.592475521883,-11.1999999999999,-33.5836102001734));
#7185=CARTESIAN_POINT('',(121.592475521883,-11.1999999999999,-33.5836102001734));
#7186=CARTESIAN_POINT('',(121.592475521883,-11.1999999999999,-33.5836102001734));
#7187=CARTESIAN_POINT('',(131.169936860861,-11.1999999999999,-30.7074609863147));
#7188=CARTESIAN_POINT('',(131.169936860861,-11.1999999999999,-30.7074609863147));
#7189=CARTESIAN_POINT('',(6.28710678118586,-10.7928932188135,-41.9608452898841));
#7190=CARTESIAN_POINT('',(15.7462082751301,-20.2519947127578,-10.6416240044485));
#7191=CARTESIAN_POINT('',(7.49421356237239,-12.,-18.8936187172063));
#7192=CARTESIAN_POINT('',(7.49421356237239,-12.,-36.7793004625412));
#7193=CARTESIAN_POINT('',(7.49421356237239,-12.,-9.99999999793128));
#7194=CARTESIAN_POINT('',(15.7462082751301,-20.2519947127578,-18.2519947106891));
#7195=CARTESIAN_POINT('',(6.9942135623724,-11.5,-9.49999999793128));
#7196=CARTESIAN_POINT('',(6.28710678118586,-10.7928932188135,-9.49999999793128));
#7197=CARTESIAN_POINT('',(32.2501977006458,-12.,-9.99999999793128));
#7198=CARTESIAN_POINT('',(32.2501977006458,-12.,-9.99999999793128));
#7199=CARTESIAN_POINT('',(83.3450648947349,-12.,-9.99999999793128));
#7200=CARTESIAN_POINT('',(83.4112866031238,-12.2471427803444,-10.2471427782757));
#7201=CARTESIAN_POINT('',(83.3404998210745,-11.9829629131541,-9.98296291108537));
#7202=CARTESIAN_POINT('',(80.8798726925585,-10.0948573099461,-8.09485730787741));
#7203=CARTESIAN_POINT('',(82.711090298559,-11.5,-9.49999999793128));
#7204=CARTESIAN_POINT('',(84.3133537770365,-11.5,-9.49999999793128));
#7205=CARTESIAN_POINT('',(87.2264528444801,-4.15574106414821,-26.737877653058));
#7206=CARTESIAN_POINT('',(89.5230521043591,-4.39362915214009,-26.9766277466423));
#7207=CARTESIAN_POINT('',(91.7752778139443,-4.63144737663924,-27.7570268259061));
#7208=CARTESIAN_POINT('',(95.7225779934609,-5.10715368912956,-30.2688252767127));
#7209=CARTESIAN_POINT('',(97.4120093906135,-5.3449044888285,-31.9967711334119));
#7210=CARTESIAN_POINT('',(98.6334416789424,-5.58286000162059,-34.0336044620027));
#7211=CARTESIAN_POINT('',(98.6481039950321,-5.58571646691726,-34.0580550143348));
#7212=CARTESIAN_POINT('',(98.6627663111218,-5.58857293221393,-34.0825055666668));
#7213=CARTESIAN_POINT('',(98.6774286272115,-5.5914293975106,-34.1069561189988));
#7214=CARTESIAN_POINT('',(87.2264528444801,-4.23075596389917,-26.6628627533071));
#7215=CARTESIAN_POINT('',(89.5413328764059,-4.48061888754987,-26.9053930242847));
#7216=CARTESIAN_POINT('',(91.8097938705569,-4.73040255811813,-27.6956609136347));
#7217=CARTESIAN_POINT('',(95.7796758508413,-5.23004915233592,-30.2347364550877));
#7218=CARTESIAN_POINT('',(97.47537215926,-5.47976591039178,-31.9800121103945));
#7219=CARTESIAN_POINT('',(98.6968610236719,-5.72969574655488,-34.0342834812926));
#7220=CARTESIAN_POINT('',(98.7115240189122,-5.73269595401057,-34.0589433633523));
#7221=CARTESIAN_POINT('',(98.7261870141524,-5.73569616146627,-34.083603245412));
#7222=CARTESIAN_POINT('',(98.7408500093927,-5.73869636892196,-34.1082631274717));
#7223=CARTESIAN_POINT('',(87.2264528444801,-4.30611971701532,-26.5874990001909));
#7224=CARTESIAN_POINT('',(89.5598744728839,-4.56765229759998,-26.8335665938056));
#7225=CARTESIAN_POINT('',(91.8449567212015,-4.82909564305101,-27.6335804517847));
#7226=CARTESIAN_POINT('',(95.8382269657696,-5.35207156908493,-30.2000416539486));
#7227=CARTESIAN_POINT('',(97.5406054580011,-5.61344895526606,-31.962877315448));
#7228=CARTESIAN_POINT('',(98.7624648738665,-5.87504749512061,-34.0349817284932));
#7229=CARTESIAN_POINT('',(98.7771323172801,-5.87818777601592,-34.0598556819373));
#7230=CARTESIAN_POINT('',(98.7917997606937,-5.88132805691122,-34.0847296353813));
#7231=CARTESIAN_POINT('',(98.8064672041073,-5.88446833780653,-34.1096035888253));
#7232=CARTESIAN_POINT('',(87.2264528444801,-4.77927631138686,-26.1143424058194));
#7233=CARTESIAN_POINT('',(89.6770093450386,-5.11014841792453,-26.3815410637161));
#7234=CARTESIAN_POINT('',(92.067727543879,-5.44086539989446,-27.2420442021066));
#7235=CARTESIAN_POINT('',(96.2107355127496,-6.10245448839619,-29.9803619161585));
#7236=CARTESIAN_POINT('',(97.9566711394337,-6.43311487548164,-31.8540601826211));
#7237=CARTESIAN_POINT('',(99.1821557509709,-6.76404357690379,-34.0394226640287));
#7238=CARTESIAN_POINT('',(99.1968667119543,-6.76801611084592,-34.0656561898485));
#7239=CARTESIAN_POINT('',(99.2115776729376,-6.77198864478805,-34.0918897156683));
#7240=CARTESIAN_POINT('',(99.226288633921,-6.77596117873019,-34.118123241488));
#7241=CARTESIAN_POINT('',(87.2264528444801,-5.19857192778732,-25.6950467894189));
#7242=CARTESIAN_POINT('',(89.7838076880684,-5.57371876889473,-25.9765186999029));
#7243=CARTESIAN_POINT('',(92.273433424527,-5.94865085807529,-26.887738814651));
#7244=CARTESIAN_POINT('',(96.5611109778172,-6.69872978836271,-29.7780223054218));
#7245=CARTESIAN_POINT('',(98.3522759423081,-7.07361726162036,-31.7525028680175));
#7246=CARTESIAN_POINT('',(99.5863372032017,-7.44880871865068,-34.0435904750709));
#7247=CARTESIAN_POINT('',(99.6011511199895,-7.45331259151347,-34.071093146324));
#7248=CARTESIAN_POINT('',(99.6159650367774,-7.45781646437625,-34.0985958175771));
#7249=CARTESIAN_POINT('',(99.6307789535652,-7.46232033723903,-34.1260984888301));
#7250=CARTESIAN_POINT('',(87.2264528444801,-6.57182185615148,-24.3217968610548));
#7251=CARTESIAN_POINT('',(90.1039239831796,-6.96622656000964,-24.6937190382263));
#7252=CARTESIAN_POINT('',(92.8653281927826,-7.36023778104217,-25.7992260014438));
#7253=CARTESIAN_POINT('',(97.5090207829685,-8.14865370593094,-29.1900237487576));
#7254=CARTESIAN_POINT('',(99.3830731386785,-8.54273238944264,-31.4692107059064));
#7255=CARTESIAN_POINT('',(100.592785275231,-8.93706963082163,-34.0538307521202));
#7256=CARTESIAN_POINT('',(100.607306900288,-8.94180333348716,-34.0848570451464));
#7257=CARTESIAN_POINT('',(100.621828525345,-8.9465370361527,-34.1158833381726));
#7258=CARTESIAN_POINT('',(100.636350150402,-8.95127073881824,-34.1469096311988));
#7259=CARTESIAN_POINT('',(87.2264528444801,-7.62062721935522,-23.272991497851));
#7260=CARTESIAN_POINT('',(90.3353202264533,-7.96002001401903,-23.7332793906443));
#7261=CARTESIAN_POINT('',(93.281288474637,-8.29896430791619,-24.99957161279));
#7262=CARTESIAN_POINT('',(98.1449370865264,-8.97730139646496,-28.7738490436293));
#7263=CARTESIAN_POINT('',(100.05349936085,-9.3163843149017,-31.2745398303888));
#7264=CARTESIAN_POINT('',(101.221526846252,-9.65563848502593,-34.0600936683335));
#7265=CARTESIAN_POINT('',(101.235548080467,-9.65971095955002,-34.0935320105544));
#7266=CARTESIAN_POINT('',(101.249569314682,-9.66378343407409,-34.1269703527753));
#7267=CARTESIAN_POINT('',(101.263590548897,-9.66785590859818,-34.1604086949962));
#7268=CARTESIAN_POINT('',(87.2264528444801,-9.81031360967761,-21.0833051075286));
#7269=CARTESIAN_POINT('',(90.8163469291228,-9.99561662242798,-21.7311317305734));
#7270=CARTESIAN_POINT('',(94.1440598046075,-10.1805748743281,-23.3349860129661));
#7271=CARTESIAN_POINT('',(99.4588089131556,-10.5508361389774,-27.9100391425746));
#7272=CARTESIAN_POINT('',(101.434850494533,-10.7359399281122,-30.8713333905562));
#7273=CARTESIAN_POINT('',(102.51233511157,-10.9210974036279,-34.0728180238294));
#7274=CARTESIAN_POINT('',(102.525269451187,-10.9233200707854,-34.1112492820317));
#7275=CARTESIAN_POINT('',(102.538203790804,-10.9255427379429,-34.149680540234));
#7276=CARTESIAN_POINT('',(102.551138130422,-10.9277654051004,-34.1881117984362));
#7277=CARTESIAN_POINT('',(87.2264528444801,-10.9511946367963,-19.94242408041));
#7278=CARTESIAN_POINT('',(91.0663046352386,-11.0376608119655,-20.6889283001987));
#7279=CARTESIAN_POINT('',(94.5917879701145,-11.1239468848879,-22.4692470056442));
#7280=CARTESIAN_POINT('',(100.139003356566,-11.2966991329786,-27.4615630129206));
#7281=CARTESIAN_POINT('',(102.148754761516,-11.383065795121,-30.6622383250981));
#7282=CARTESIAN_POINT('',(103.177962387458,-11.4694513810702,-34.0793132729389));
#7283=CARTESIAN_POINT('',(103.190317200474,-11.470488370823,-34.1203325201507));
#7284=CARTESIAN_POINT('',(103.202672013489,-11.4715253605759,-34.1613517673625));
#7285=CARTESIAN_POINT('',(103.215026826505,-11.4725623503287,-34.2023710145743));
#7286=CARTESIAN_POINT('',(87.2264528444801,-12.,-18.8936187172063));
#7287=CARTESIAN_POINT('',(91.3124230904415,-11.999999999993,-19.706672540074));
#7288=CARTESIAN_POINT('',(95.0484878140883,-11.9999999999999,-21.6336356144622));
#7289=CARTESIAN_POINT('',(100.874426586917,-11.9999999999999,-27.0078982069133));
#7290=CARTESIAN_POINT('',(102.951206487242,-11.9999999999999,-30.4425346090769));
#7291=CARTESIAN_POINT('',(103.965013001328,-11.9999999999999,-34.0869184273277));
#7292=CARTESIAN_POINT('',(103.977182936334,-11.9999999999999,-34.1306663354237));
#7293=CARTESIAN_POINT('',(103.98935287134,-11.9999999999999,-34.1744142435198));
#7294=CARTESIAN_POINT('',(104.001522806346,-11.9999999999999,-34.2181621516158));
#7295=CARTESIAN_POINT('',(87.2264528444801,-12.,-18.8936187172063));
#7296=CARTESIAN_POINT('',(91.3124230904428,-11.999999999993,-19.7066725400743));
#7297=CARTESIAN_POINT('',(95.0484878140883,-11.9999999999999,-21.6336356144529));
#7298=CARTESIAN_POINT('',(100.874426586917,-11.9999999999999,-27.0078982069227));
#7299=CARTESIAN_POINT('',(102.951206487245,-11.9999999999999,-30.4425346090691));
#7300=CARTESIAN_POINT('',(103.965013001328,-11.9999999999999,-34.0869184273277));
#7301=CARTESIAN_POINT('',(103.965013001328,-11.9999999999999,-34.0869184273277));
#7302=CARTESIAN_POINT('',(87.2264528444801,-12.,-18.8936187172063));
#7303=CARTESIAN_POINT('',(87.2264528444801,-12.0000000000001,-18.8936187172061));
#7304=CARTESIAN_POINT('',(103.965013001328,-11.9999999999999,-34.0869184273277));
#7305=CARTESIAN_POINT('',(103.25781697478,-11.5232811351826,-34.0800848960779));
#7306=CARTESIAN_POINT('',(102.042900808077,-10.5393087486868,-34.0682403842433));
#7307=CARTESIAN_POINT('',(100.912822997152,-9.31179322260561,-34.0570243598033));
#7308=CARTESIAN_POINT('',(100.344426378539,-8.54457046930616,-34.0512877245554));
#7309=CARTESIAN_POINT('',(32.2501977006458,-12.,-18.8936187172063));
#7310=CARTESIAN_POINT('',(32.2501977006458,-12.,-18.8936187172063));
#7311=CARTESIAN_POINT('',(85.2876965398408,-8.75000000000009,-17.25));
#7312=CARTESIAN_POINT('',(85.7876965398408,-8.75000000000009,-17.25));
#7313=CARTESIAN_POINT('',(86.1918819845215,-8.75000000000009,-16.9044618448671));
#7314=CARTESIAN_POINT('',(85.902882245191,-8.75000000000009,-16.7308711685647));
#7315=CARTESIAN_POINT('',(87.5896775039537,-8.75000000000009,-14.25));
#7316=CARTESIAN_POINT('',(85.7876965398408,-7.75000000000009,-17.25));
#7317=CARTESIAN_POINT('',(85.7876965398408,-8.,-17.25));
#7318=CARTESIAN_POINT('',(85.0965944466007,-8.,-15.91869316207));
#7319=CARTESIAN_POINT('',(87.2876190649192,-8.,-17.234754713441));
#7320=CARTESIAN_POINT('',(85.0965944466007,-8.,-15.91869316207));
#7321=CARTESIAN_POINT('',(85.1317894685297,-8.24355085040348,-15.9712756948381));
#7322=CARTESIAN_POINT('',(85.3109662643431,-8.67889991495818,-16.2388758157908));
#7323=CARTESIAN_POINT('',(85.6959080780758,-8.75000000000009,-16.5901451815808));
#7324=CARTESIAN_POINT('',(85.902882245191,-8.75000000000009,-16.7308711685647));
#7325=CARTESIAN_POINT('',(86.1918819845215,-8.75000000000009,-16.9044618448671));
#7326=CARTESIAN_POINT('',(86.4123372104286,-8.75000000000009,-17.0205499052792));
#7327=CARTESIAN_POINT('',(86.9001691988804,-8.6814857529565,-17.1950027693973));
#7328=CARTESIAN_POINT('',(87.2244655397893,-8.24432834149678,-17.2283635499948));
#7329=CARTESIAN_POINT('',(87.2876190649192,-8.,-17.234754713441));
#7330=CARTESIAN_POINT('',(85.2230722977462,-5.,-17.0088190450312));
#7331=CARTESIAN_POINT('',(83.3404998210745,-5.,-9.98296291108537));
#7332=CARTESIAN_POINT('',(83.3404998210745,-8.,-9.98296291108537));
#7333=CARTESIAN_POINT('',(85.2230722977462,-12.,-17.0088190450312));
#7334=CARTESIAN_POINT('',(84.6919000250291,-12.,-15.0264571350935));
#7335=CARTESIAN_POINT('',(84.6919000250291,-5.,-15.0264571350935));
#7336=CARTESIAN_POINT('',(84.6919000250291,-8.,-15.0264571350935));
#7337=CARTESIAN_POINT('',(85.2230722977462,-8.,-17.0088190450312));
#7338=CARTESIAN_POINT('',(83.3404998210745,-5.,-9.98296291108537));
#7339=CARTESIAN_POINT('',(63.8136827474725,-8.,5.00049081996411));
#7340=CARTESIAN_POINT('',(82.711090298559,-8.,-9.49999999793128));
#7341=CARTESIAN_POINT('',(82.711090298559,-5.,-9.49999999793128));
#7342=CARTESIAN_POINT('',(84.3133537770365,-5.,-9.49999999793128));
#7343=CARTESIAN_POINT('',(84.3133537770365,-8.,-9.49999999793128));
#7344=CARTESIAN_POINT('',(22.75,-8.,-9.49999999793128));
#7345=CARTESIAN_POINT('',(22.75,-5.,-9.49999999793128));
#7346=CARTESIAN_POINT('',(22.75,-8.,-9.75));
#7347=CARTESIAN_POINT('',(22.75,-8.,-9.75));
#7348=CARTESIAN_POINT('',(22.75,-8.,-11.6103209909731));
#7349=CARTESIAN_POINT('',(22.75,4.33680868994202E-15,-2.32024770021602));
#7350=CARTESIAN_POINT('',(22.75,4.33680868994202E-15,-2.32024770021602));
#7351=CARTESIAN_POINT('',(22.75,-8.,-11.6103209909731));
#7352=CARTESIAN_POINT('',(42.75,-8.,-11.6103209909731));
#7353=CARTESIAN_POINT('',(42.75,-8.00000000000001,-11.6103209909731));
#7354=CARTESIAN_POINT('',(42.7134611210335,-6.88924982797773,-12.5668259719423));
#7355=CARTESIAN_POINT('',(42.6521681838754,-4.35993677446912,-14.0538904487707));
#7356=CARTESIAN_POINT('',(42.6285378228397,-1.45836783872137,-14.5801604954865));
#7357=CARTESIAN_POINT('',(42.6285378228396,3.20733365138429E-15,-14.5801604954865));
#7358=CARTESIAN_POINT('',(42.4666872710288,-4.93447152459498E-16,-14.5671638086501));
#7359=CARTESIAN_POINT('',(42.4856023378819,-4.93447152459498E-16,-14.5686110470438));
#7360=CARTESIAN_POINT('',(42.504517404735,-4.93447152459498E-16,-14.5700582854375));
#7361=CARTESIAN_POINT('',(42.523432471588,-4.93447152459498E-16,-14.5715055238312));
#7362=CARTESIAN_POINT('',(42.8884217408721,-4.93447152459498E-16,-14.5994317525831));
#7363=CARTESIAN_POINT('',(43.6150243571878,-4.93447152459498E-16,-14.6993552132976));
#7364=CARTESIAN_POINT('',(44.6789716567784,-9.86894304918996E-16,-14.9792719258602));
#7365=CARTESIAN_POINT('',(45.7015268486392,-4.93447152459498E-16,-15.3851607568502));
#7366=CARTESIAN_POINT('',(46.6678391469917,-7.40170728689247E-16,-15.9111301026151));
#7367=CARTESIAN_POINT('',(47.4145108409973,0.,-16.4431417088174));
#7368=CARTESIAN_POINT('',(47.9701986989618,-7.40170728689247E-16,-16.9203116443474));
#7369=CARTESIAN_POINT('',(48.3646408644846,-4.93447152459498E-16,-17.3026473571888));
#7370=CARTESIAN_POINT('',(48.6735417549537,-4.93447152459498E-16,-17.6404894202835));
#7371=CARTESIAN_POINT('',(48.9081110230885,-7.40170728689247E-16,-17.9215626892693));
#7372=CARTESIAN_POINT('',(49.0776034930714,-4.93447152459498E-16,-18.1375749323956));
#7373=CARTESIAN_POINT('',(49.2405078926187,-4.93447152459498E-16,-18.358599621122));
#7374=CARTESIAN_POINT('',(49.370646361976,-2.46723576229749E-16,-18.5467934764228));
#7375=CARTESIAN_POINT('',(49.4713212337301,-4.93447152459498E-16,-18.6996569384158));
#7376=CARTESIAN_POINT('',(49.5327883861654,-4.93447152459498E-16,-18.7961216807153));
#7377=CARTESIAN_POINT('',(49.581102351968,-4.93447152459498E-16,-18.8738719556807));
#7378=CARTESIAN_POINT('',(49.6168509085398,-4.93447152459498E-16,-18.9323766843914));
#7379=CARTESIAN_POINT('',(49.6464205590225,-2.46723576229749E-16,-18.9816066057997));
#7380=CARTESIAN_POINT('',(49.666634595717,-4.93447152459498E-16,-19.015687702552));
#7381=CARTESIAN_POINT('',(49.6785830084248,-4.93447152459498E-16,-19.0359694450479));
#7382=CARTESIAN_POINT('',(49.6836874837652,-4.93447152459498E-16,-19.044667758591));
#7383=CARTESIAN_POINT('',(49.6897318572724,-4.93447152459498E-16,-19.054992148722));
#7384=CARTESIAN_POINT('',(49.696396916181,-4.93447152459498E-16,-19.0663774675529));
#7385=CARTESIAN_POINT('',(49.7083685040297,-4.93447152459498E-16,-19.0868268305354));
#7386=CARTESIAN_POINT('',(49.7299517470607,-7.40170728689247E-16,-19.123694740658));
#7387=CARTESIAN_POINT('',(49.760454030523,-4.93447152459498E-16,-19.1757977502814));
#7388=CARTESIAN_POINT('',(49.7971984153095,-2.46723576229749E-16,-19.2385633852703));
#7389=CARTESIAN_POINT('',(49.8461414548398,-9.86894304918996E-16,-19.3221663648439));
#7390=CARTESIAN_POINT('',(49.9073371940615,-4.93447152459498E-16,-19.4266990337954));
#7391=CARTESIAN_POINT('',(50.0052409090763,-7.40170728689247E-16,-19.5939351269072));
#7392=CARTESIAN_POINT('',(50.100815353321,-5.47492910878724E-16,-19.7571924331084));
#7393=CARTESIAN_POINT('',(50.1719127294306,-5.94984161770117E-16,-19.8786387692087));
#7394=CARTESIAN_POINT('',(50.1940572653629,-6.04688101569636E-16,-19.916465379698));
#7395=CARTESIAN_POINT('',(42.4666872710287,-3.03416444510703,-14.5671638086501));
#7396=CARTESIAN_POINT('',(42.4856023378818,-3.03416444510703,-14.5686110470438));
#7397=CARTESIAN_POINT('',(42.5045174047349,-3.03416444510703,-14.5700582854375));
#7398=CARTESIAN_POINT('',(42.523432471588,-3.03416444510703,-14.5715055238312));
#7399=CARTESIAN_POINT('',(42.8884217408731,-3.03416444510703,-14.5994317525831));
#7400=CARTESIAN_POINT('',(43.6150243571874,-3.03416444510703,-14.6993552132976));
#7401=CARTESIAN_POINT('',(44.6789716567785,-3.03416444510703,-14.9792719258602));
#7402=CARTESIAN_POINT('',(45.7015268486391,-3.03416444510703,-15.3851607568502));
#7403=CARTESIAN_POINT('',(46.6678391469917,-3.03416444510703,-15.9111301026151));
#7404=CARTESIAN_POINT('',(47.4145108409973,-3.03416444510703,-16.4431417088174));
#7405=CARTESIAN_POINT('',(47.9701986989618,-3.03416444510703,-16.9203116443474));
#7406=CARTESIAN_POINT('',(48.3646408644846,-3.03416444510703,-17.3026473571888));
#7407=CARTESIAN_POINT('',(48.6735417549537,-3.03416444510703,-17.6404894202835));
#7408=CARTESIAN_POINT('',(48.9081110230885,-3.03416444510703,-17.9215626892693));
#7409=CARTESIAN_POINT('',(49.0776034930714,-3.03416444510703,-18.1375749323956));
#7410=CARTESIAN_POINT('',(49.2405078926187,-3.03416444510703,-18.358599621122));
#7411=CARTESIAN_POINT('',(49.370646361976,-3.03416444510703,-18.5467934764228));
#7412=CARTESIAN_POINT('',(49.4713212337301,-3.03416444510703,-18.6996569384158));
#7413=CARTESIAN_POINT('',(49.5327883861654,-3.03416444510703,-18.7961216807153));
#7414=CARTESIAN_POINT('',(49.581102351968,-3.03416444510703,-18.8738719556807));
#7415=CARTESIAN_POINT('',(49.6168509085398,-3.03416444510703,-18.9323766843914));
#7416=CARTESIAN_POINT('',(49.6464205590224,-3.03416444510703,-18.9816066057997));
#7417=CARTESIAN_POINT('',(49.666634595717,-3.03416444510703,-19.015687702552));
#7418=CARTESIAN_POINT('',(49.6785830084248,-3.03416444510703,-19.0359694450479));
#7419=CARTESIAN_POINT('',(49.6836874837652,-3.03416444510703,-19.044667758591));
#7420=CARTESIAN_POINT('',(49.6897318572724,-3.03416444510703,-19.054992148722));
#7421=CARTESIAN_POINT('',(49.696396916181,-3.03416444510703,-19.0663774675529));
#7422=CARTESIAN_POINT('',(49.7083685040297,-3.03416444510703,-19.0868268305354));
#7423=CARTESIAN_POINT('',(49.7299517470607,-3.03416444510703,-19.123694740658));
#7424=CARTESIAN_POINT('',(49.760454030523,-3.03416444510703,-19.1757977502814));
#7425=CARTESIAN_POINT('',(49.7971984153095,-3.03416444510703,-19.2385633852703));
#7426=CARTESIAN_POINT('',(49.8461414548398,-3.03416444510703,-19.3221663648439));
#7427=CARTESIAN_POINT('',(49.9073371940615,-3.03416444510703,-19.4266990337954));
#7428=CARTESIAN_POINT('',(50.0052409090763,-3.03416444510703,-19.5939351269072));
#7429=CARTESIAN_POINT('',(50.100815353321,-3.03416444510703,-19.7571924331084));
#7430=CARTESIAN_POINT('',(50.1719127294306,-3.03416444510703,-19.8786387692087));
#7431=CARTESIAN_POINT('',(50.1940572653629,-3.03416444510703,-19.916465379698));
#7432=CARTESIAN_POINT('',(42.5421326697212,-5.80180986086395,-13.492885985235));
#7433=CARTESIAN_POINT('',(42.5632847228538,-5.80180986086395,-13.4945043809634));
#7434=CARTESIAN_POINT('',(42.5844367759863,-5.80180986086395,-13.4961227766919));
#7435=CARTESIAN_POINT('',(42.6055888291188,-5.80180986086395,-13.4977411724203));
#7436=CARTESIAN_POINT('',(43.0137434751828,-5.80180986086395,-13.5289700905588));
#7437=CARTESIAN_POINT('',(43.8262775923401,-5.80180986086395,-13.6407109776824));
#7438=CARTESIAN_POINT('',(45.016052388595,-5.80180986086395,-13.9537319795677));
#7439=CARTESIAN_POINT('',(46.1595398484326,-5.80180986086395,-14.4076231650751));
#7440=CARTESIAN_POINT('',(47.2401328613169,-5.80180986086395,-14.9957961616668));
#7441=CARTESIAN_POINT('',(48.0751095208994,-5.80180986086395,-15.5907260044385));
#7442=CARTESIAN_POINT('',(48.6965156836706,-5.80180986086395,-16.1243283402677));
#7443=CARTESIAN_POINT('',(49.137606463937,-5.80180986086395,-16.5518808991369));
#7444=CARTESIAN_POINT('',(49.4830394588049,-5.80180986086395,-16.9296777935003));
#7445=CARTESIAN_POINT('',(49.7453499951081,-5.80180986086395,-17.2439921052831));
#7446=CARTESIAN_POINT('',(49.9348875025048,-5.80180986086395,-17.4855510701368));
#7447=CARTESIAN_POINT('',(50.1170575782982,-5.80180986086395,-17.7327148929901));
#7448=CARTESIAN_POINT('',(50.2625873969663,-5.80180986086395,-17.9431663957534));
#7449=CARTESIAN_POINT('',(50.3751674360147,-5.80180986086395,-18.1141063009541));
#7450=CARTESIAN_POINT('',(50.4439068498246,-5.80180986086395,-18.2219843137283));
#7451=CARTESIAN_POINT('',(50.4979287818052,-5.80180986086395,-18.3089196734448));
#7452=CARTESIAN_POINT('',(50.5379230810568,-5.80180986086395,-18.3743741083837));
#7453=CARTESIAN_POINT('',(50.5709336267787,-5.80180986086395,-18.4293302768489));
#7454=CARTESIAN_POINT('',(50.5936385148016,-5.80180986086395,-18.4676131985292));
#7455=CARTESIAN_POINT('',(50.6068393899955,-5.80180986086395,-18.4900192011248));
#7456=CARTESIAN_POINT('',(50.6128764480598,-5.80180986086395,-18.5003080408451));
#7457=CARTESIAN_POINT('',(50.619228139067,-5.80180986086395,-18.5111573313629));
#7458=CARTESIAN_POINT('',(50.6256951687554,-5.80180986086395,-18.5222044149346));
#7459=CARTESIAN_POINT('',(50.6377634606485,-5.80180986086395,-18.5428189490846));
#7460=CARTESIAN_POINT('',(50.659286348581,-5.80180986086395,-18.5795837722872));
#7461=CARTESIAN_POINT('',(50.6898224412372,-5.80180986086395,-18.6317445282446));
#7462=CARTESIAN_POINT('',(50.7265560200812,-5.80180986086395,-18.6944917066098));
#7463=CARTESIAN_POINT('',(50.775502596595,-5.80180986086395,-18.7781007273754));
#7464=CARTESIAN_POINT('',(50.8366966126823,-5.80180986086395,-18.8826304532015));
#7465=CARTESIAN_POINT('',(50.9346010047962,-5.80180986086395,-19.0498677028034));
#7466=CARTESIAN_POINT('',(51.0301751897452,-5.80180986086395,-19.2131245661257));
#7467=CARTESIAN_POINT('',(51.1012725505578,-5.80180986086395,-19.3345708760987));
#7468=CARTESIAN_POINT('',(51.123417089075,-5.80180986086395,-19.372397491003));
#7469=CARTESIAN_POINT('',(42.6747475846256,-8.,-11.6045632431634));
#7470=CARTESIAN_POINT('',(42.6998317230838,-8.,-11.6064824924333));
#7471=CARTESIAN_POINT('',(42.7249158615419,-8.,-11.6084017417032));
#7472=CARTESIAN_POINT('',(42.75,-8.,-11.6103209909731));
#7473=CARTESIAN_POINT('',(43.2340290249864,-8.,-11.6473552448847));
#7474=CARTESIAN_POINT('',(44.1976101094789,-8.00000000000001,-11.7798683331603));
#7475=CARTESIAN_POINT('',(45.608559464446,-8.00000000000001,-12.1510787354276));
#7476=CARTESIAN_POINT('',(46.964616845112,-8.,-12.6893465465456));
#7477=CARTESIAN_POINT('',(48.2460879432802,-8.,-13.3868586414005));
#7478=CARTESIAN_POINT('',(49.2362835519111,-8.,-14.0923836527731));
#7479=CARTESIAN_POINT('',(49.9732067316328,-8.00000000000001,-14.7251806127043));
#7480=CARTESIAN_POINT('',(50.4962945876898,-8.,-15.2322135413791));
#7481=CARTESIAN_POINT('',(50.9059422596629,-8.,-15.6802414457251));
#7482=CARTESIAN_POINT('',(51.2170152915091,-8.00000000000001,-16.0529855376968));
#7483=CARTESIAN_POINT('',(51.4417871667658,-8.,-16.3394495118243));
#7484=CARTESIAN_POINT('',(51.6578216804206,-8.,-16.6325596628566));
#7485=CARTESIAN_POINT('',(51.8304057994767,-8.00000000000001,-16.8821347712386));
#7486=CARTESIAN_POINT('',(51.9639122671082,-8.,-17.0848487278635));
#7487=CARTESIAN_POINT('',(52.0454345721224,-8.00000000000001,-17.2127885325958));
#7488=CARTESIAN_POINT('',(52.1094897395564,-8.00000000000001,-17.3158690682114));
#7489=CARTESIAN_POINT('',(52.1569470360743,-8.,-17.3935394197739));
#7490=CARTESIAN_POINT('',(52.196005850309,-8.,-17.4585609570929));
#7491=CARTESIAN_POINT('',(52.2230890575227,-8.,-17.5042296791657));
#7492=CARTESIAN_POINT('',(52.2384914613571,-8.,-17.5303696215011));
#7493=CARTESIAN_POINT('',(52.2461677761648,-8.,-17.5434542247443));
#7494=CARTESIAN_POINT('',(52.2530596576253,-8.,-17.5552261642419));
#7495=CARTESIAN_POINT('',(52.2591785994429,-8.,-17.5656787113553));
#7496=CARTESIAN_POINT('',(52.271416873851,-8.,-17.5865835768008));
#7497=CARTESIAN_POINT('',(52.2928336719968,-8.00000000000001,-17.6231671979239));
#7498=CARTESIAN_POINT('',(52.3234291931067,-8.,-17.6754294580857));
#7499=CARTESIAN_POINT('',(52.3601437776954,-8.,-17.7381441941333));
#7500=CARTESIAN_POINT('',(52.4090965713779,-8.00000000000001,-17.8217638338653));
#7501=CARTESIAN_POINT('',(52.4702875586082,-8.,-17.926288386383));
#7502=CARTESIAN_POINT('',(52.5681931409001,-8.00000000000001,-18.093527668817));
#7503=CARTESIAN_POINT('',(52.6637668700695,-8.,-18.2567837536647));
#7504=CARTESIAN_POINT('',(52.7348642039936,-8.,-18.378230017712));
#7505=CARTESIAN_POINT('',(52.7570087470545,-8.,-18.4160566403768));
#7506=CARTESIAN_POINT('',(42.6754792431177,-8.01212777977238,-11.594145053241));
#7507=CARTESIAN_POINT('',(42.7005850755431,-8.01212777977238,-11.5960659623698));
#7508=CARTESIAN_POINT('',(42.7256909079684,-8.01212777977238,-11.5979868714986));
#7509=CARTESIAN_POINT('',(42.7507967403938,-8.01212777977238,-11.5999077806274));
#7510=CARTESIAN_POINT('',(43.2352443769195,-8.01212777977238,-11.6369740635399));
#7511=CARTESIAN_POINT('',(44.1996588125961,-8.01212777977238,-11.7696017554962));
#7512=CARTESIAN_POINT('',(45.611828424306,-8.01212777977238,-12.1411331983415));
#7513=CARTESIAN_POINT('',(46.9690585884998,-8.01212777977238,-12.6798665293048));
#7514=CARTESIAN_POINT('',(48.2516379643988,-8.01212777977238,-13.3779818661089));
#7515=CARTESIAN_POINT('',(49.2426899417292,-8.01212777977238,-14.0841170493792));
#7516=CARTESIAN_POINT('',(49.9802504480026,-8.01212777977238,-14.7174612825122));
#7517=CARTESIAN_POINT('',(50.5037906955336,-8.01212777977238,-15.2249327175765));
#7518=CARTESIAN_POINT('',(50.9137926505363,-8.01212777977238,-15.6733480980589));
#7519=CARTESIAN_POINT('',(51.2251347131622,-8.01212777977238,-16.046414556824));
#7520=CARTESIAN_POINT('',(51.4501009822733,-8.01212777977238,-16.3331262793393));
#7521=CARTESIAN_POINT('',(51.6663223316513,-8.01212777977238,-16.6264899238886));
#7522=CARTESIAN_POINT('',(51.8390557137722,-8.01212777977238,-16.8762808836951));
#7523=CARTESIAN_POINT('',(51.9726776359828,-8.01212777977238,-17.0791701430344));
#7524=CARTESIAN_POINT('',(52.054270466329,-8.01212777977238,-17.2072206320021));
#7525=CARTESIAN_POINT('',(52.118380988788,-8.01212777977238,-17.3103902432323));
#7526=CARTESIAN_POINT('',(52.1658794599001,-8.01212777977238,-17.388127992034));
#7527=CARTESIAN_POINT('',(52.2049716434359,-8.01212777977238,-17.4532050616632));
#7528=CARTESIAN_POINT('',(52.2320790065632,-8.01212777977238,-17.4989145324224));
#7529=CARTESIAN_POINT('',(52.2474935565964,-8.01212777977238,-17.5250750755229));
#7530=CARTESIAN_POINT('',(52.2551789154556,-8.01212777977238,-17.5381751034575));
#7531=CARTESIAN_POINT('',(52.2620737772364,-8.01212777977238,-17.5499521333626));
#7532=CARTESIAN_POINT('',(52.2681907985955,-8.01212777977238,-17.5604014003197));
#7533=CARTESIAN_POINT('',(52.2804300108253,-8.01212777977238,-17.5813078675711));
#7534=CARTESIAN_POINT('',(52.3018462236562,-8.01212777977238,-17.6178904889723));
#7535=CARTESIAN_POINT('',(52.3324420726428,-8.01212777977238,-17.6701533091496));
#7536=CARTESIAN_POINT('',(52.369156552437,-8.01212777977238,-17.7328678662076));
#7537=CARTESIAN_POINT('',(52.4181093804206,-8.01212777977238,-17.8164875645262));
#7538=CARTESIAN_POINT('',(52.4793003509402,-8.01212777977238,-17.9210120885019));
#7539=CARTESIAN_POINT('',(52.5772059397985,-8.01212777977238,-18.0882513821514));
#7540=CARTESIAN_POINT('',(52.6727796664533,-8.01212777977238,-18.2515074627041));
#7541=CARTESIAN_POINT('',(52.7438770002291,-8.01212777977238,-18.372953726498));
#7542=CARTESIAN_POINT('',(52.766021543315,-8.01212777977238,-18.4107803492056));
#7543=CARTESIAN_POINT('',(42.6762109016098,-8.02425555954475,-11.5837268633186));
#7544=CARTESIAN_POINT('',(42.7013384280024,-8.02425555954475,-11.5856494323064));
#7545=CARTESIAN_POINT('',(42.726465954395,-8.02425555954475,-11.5875720012941));
#7546=CARTESIAN_POINT('',(42.7515934807876,-8.02425555954475,-11.5894945702818));
#7547=CARTESIAN_POINT('',(43.2364597288527,-8.02425555954475,-11.6265928821951));
#7548=CARTESIAN_POINT('',(44.2017075157132,-8.02425555954475,-11.7593351778321));
#7549=CARTESIAN_POINT('',(45.615097384166,-8.02425555954475,-12.1311876612555));
#7550=CARTESIAN_POINT('',(46.9735003318875,-8.02425555954475,-12.670386512064));
#7551=CARTESIAN_POINT('',(48.2571879855175,-8.02425555954475,-13.3691050908173));
#7552=CARTESIAN_POINT('',(49.2490963315473,-8.02425555954475,-14.0758504459853));
#7553=CARTESIAN_POINT('',(49.9872941643725,-8.02425555954475,-14.7097419523202));
#7554=CARTESIAN_POINT('',(50.5112868033775,-8.02425555954475,-15.2176518937739));
#7555=CARTESIAN_POINT('',(50.9216430414097,-8.02425555954475,-15.6664547503927));
#7556=CARTESIAN_POINT('',(51.2332541348154,-8.02425555954475,-16.0398435759511));
#7557=CARTESIAN_POINT('',(51.4584147977808,-8.02425555954475,-16.3268030468543));
#7558=CARTESIAN_POINT('',(51.6748229828821,-8.02425555954475,-16.6204201849206));
#7559=CARTESIAN_POINT('',(51.8477056280677,-8.02425555954475,-16.8704269961517));
#7560=CARTESIAN_POINT('',(51.9814430048574,-8.02425555954475,-17.0734915582054));
#7561=CARTESIAN_POINT('',(52.0631063605356,-8.02425555954475,-17.2016527314084));
#7562=CARTESIAN_POINT('',(52.1272722380195,-8.02425555954475,-17.3049114182532));
#7563=CARTESIAN_POINT('',(52.174811883726,-8.02425555954475,-17.382716564294));
#7564=CARTESIAN_POINT('',(52.2139374365629,-8.02425555954475,-17.4478491662335));
#7565=CARTESIAN_POINT('',(52.2410689556036,-8.02425555954475,-17.4935993856791));
#7566=CARTESIAN_POINT('',(52.2564956518357,-8.02425555954475,-17.5197805295448));
#7567=CARTESIAN_POINT('',(52.2641900547464,-8.02425555954475,-17.5328959821707));
#7568=CARTESIAN_POINT('',(52.2710878968476,-8.02425555954475,-17.5446781024833));
#7569=CARTESIAN_POINT('',(52.2772029977481,-8.02425555954475,-17.5551240892841));
#7570=CARTESIAN_POINT('',(52.2894431477997,-8.02425555954475,-17.5760321583414));
#7571=CARTESIAN_POINT('',(52.3108587753156,-8.02425555954475,-17.6126137800207));
#7572=CARTESIAN_POINT('',(52.3414549521788,-8.02425555954475,-17.6648771602135));
#7573=CARTESIAN_POINT('',(52.3781693271786,-8.02425555954475,-17.7275915382819));
#7574=CARTESIAN_POINT('',(52.4271221894633,-8.02425555954476,-17.8112112951871));
#7575=CARTESIAN_POINT('',(52.4883131432722,-8.02425555954475,-17.9157357906208));
#7576=CARTESIAN_POINT('',(52.586218738697,-8.02425555954475,-18.0829750954857));
#7577=CARTESIAN_POINT('',(52.6817924628371,-8.02425555954475,-18.2462311717434));
#7578=CARTESIAN_POINT('',(52.7528897964646,-8.02425555954475,-18.367677435284));
#7579=CARTESIAN_POINT('',(52.7750343395755,-8.02425555954475,-18.4055040580344));
#7580=CARTESIAN_POINT('',(42.6769425601019,-8.03638333931713,-11.5733086733963));
#7581=CARTESIAN_POINT('',(42.7020917804617,-8.03638333931713,-11.5752329022429));
#7582=CARTESIAN_POINT('',(42.7272410008216,-8.03638333931713,-11.5771571310895));
#7583=CARTESIAN_POINT('',(42.7523902211814,-8.03638333931713,-11.5790813599362));
#7584=CARTESIAN_POINT('',(43.2376750807859,-8.03638333931713,-11.6162117008503));
#7585=CARTESIAN_POINT('',(44.2037562188304,-8.03638333931713,-11.7490686001681));
#7586=CARTESIAN_POINT('',(45.618366344026,-8.03638333931713,-12.1212421241695));
#7587=CARTESIAN_POINT('',(46.9779420752753,-8.03638333931713,-12.6609064948232));
#7588=CARTESIAN_POINT('',(48.2627380066361,-8.03638333931713,-13.3602283155257));
#7589=CARTESIAN_POINT('',(49.2555027213653,-8.03638333931712,-14.0675838425914));
#7590=CARTESIAN_POINT('',(49.9943378807423,-8.03638333931713,-14.7020226221281));
#7591=CARTESIAN_POINT('',(50.5187829112213,-8.03638333931713,-15.2103710699713));
#7592=CARTESIAN_POINT('',(50.9294934322832,-8.03638333931713,-15.6595614027266));
#7593=CARTESIAN_POINT('',(51.2413735564685,-8.03638333931713,-16.0332725950783));
#7594=CARTESIAN_POINT('',(51.4667286132884,-8.03638333931713,-16.3204798143693));
#7595=CARTESIAN_POINT('',(51.6833236341129,-8.03638333931713,-16.6143504459527));
#7596=CARTESIAN_POINT('',(51.8563555423631,-8.03638333931713,-16.8645731086082));
#7597=CARTESIAN_POINT('',(51.990208373732,-8.03638333931712,-17.0678129733763));
#7598=CARTESIAN_POINT('',(52.0719422547422,-8.03638333931713,-17.1960848308147));
#7599=CARTESIAN_POINT('',(52.136163487251,-8.03638333931713,-17.2994325932741));
#7600=CARTESIAN_POINT('',(52.1837443075519,-8.03638333931713,-17.3773051365541));
#7601=CARTESIAN_POINT('',(52.2229032296898,-8.03638333931713,-17.4424932708039));
#7602=CARTESIAN_POINT('',(52.2500589046441,-8.03638333931713,-17.4882842389358));
#7603=CARTESIAN_POINT('',(52.265497747075,-8.03638333931713,-17.5144859835667));
#7604=CARTESIAN_POINT('',(52.2732011940371,-8.03638333931713,-17.5276168608838));
#7605=CARTESIAN_POINT('',(52.2801020164587,-8.03638333931713,-17.539404071604));
#7606=CARTESIAN_POINT('',(52.2862151969007,-8.03638333931713,-17.5498467782485));
#7607=CARTESIAN_POINT('',(52.298456284774,-8.03638333931713,-17.5707564491118));
#7608=CARTESIAN_POINT('',(52.319871326975,-8.03638333931713,-17.607337071069));
#7609=CARTESIAN_POINT('',(52.3504678317148,-8.03638333931713,-17.6596010112774));
#7610=CARTESIAN_POINT('',(52.3871821019202,-8.03638333931712,-17.7223152103561));
#7611=CARTESIAN_POINT('',(52.436134998506,-8.03638333931713,-17.805935025848));
#7612=CARTESIAN_POINT('',(52.4973259356043,-8.03638333931712,-17.9104594927397));
#7613=CARTESIAN_POINT('',(52.5952315375954,-8.03638333931713,-18.0776988088201));
#7614=CARTESIAN_POINT('',(52.6908052592209,-8.03638333931713,-18.2409548807828));
#7615=CARTESIAN_POINT('',(52.7619025927,-8.03638333931713,-18.36240114407));
#7616=CARTESIAN_POINT('',(52.7840471358361,-8.03638333931713,-18.4002277668632));
#7617=CARTESIAN_POINT('',(41.8287509666469,-8.,-23.6508300947988));
#7618=CARTESIAN_POINT('',(52.25,-8.,-17.55));
#7619=CARTESIAN_POINT('',(51.0758097346044,-5.00000000000025,-19.3128137002635));
#7620=CARTESIAN_POINT('',(51.3766474199831,-6.09208693179261,-18.8611656080514));
#7621=CARTESIAN_POINT('',(51.7765145672358,-7.10843155029005,-18.2608603768712));
#7622=CARTESIAN_POINT('',(52.25,-8.00000000000001,-17.55));
#7623=CARTESIAN_POINT('',(51.1868971374615,4.33680868994202E-15,-8.03248355596666));
#7624=CARTESIAN_POINT('',(52.25,-8.,-17.55));
#7625=CARTESIAN_POINT('',(85.25,-8.,-22.));
#7626=CARTESIAN_POINT('',(85.0458245283501,-5.,-23.8936187254809));
#7627=CARTESIAN_POINT('',(85.097547636747,-6.07981742847274,-23.4139079101779));
#7628=CARTESIAN_POINT('',(85.1661583536967,-7.09214406030847,-22.7775559141465));
#7629=CARTESIAN_POINT('',(85.2500000000001,-8.,-22.));
#7630=CARTESIAN_POINT('',(84.9304365442545,-5.,-23.8842778503221));
#7631=CARTESIAN_POINT('',(84.9489618291714,-5.,-23.8857775038719));
#7632=CARTESIAN_POINT('',(84.9858816277447,-5.,-23.8887662315469));
#7633=CARTESIAN_POINT('',(85.0408777431214,-5.,-23.8932183532638));
#7634=CARTESIAN_POINT('',(85.078574409283,-5.,-23.8962697525249));
#7635=CARTESIAN_POINT('',(85.1205287906898,-5.,-23.8996663917533));
#7636=CARTESIAN_POINT('',(85.1659312777812,-5.,-23.9034025029479));
#7637=CARTESIAN_POINT('',(85.2594322279836,-5.,-23.9113374253708));
#7638=CARTESIAN_POINT('',(85.4209684845255,-5.,-23.9256931418894));
#7639=CARTESIAN_POINT('',(85.6504320175007,-5.,-23.9479187336644));
#7640=CARTESIAN_POINT('',(85.9222376106535,-5.,-23.9772067346407));
#7641=CARTESIAN_POINT('',(86.2804299865495,-5.,-24.0197733824983));
#7642=CARTESIAN_POINT('',(86.7200261293275,-5.,-24.0795241099575));
#7643=CARTESIAN_POINT('',(87.2345884637006,-5.,-24.1615968967358));
#7644=CARTESIAN_POINT('',(87.7361902033844,-5.,-24.2539332457357));
#7645=CARTESIAN_POINT('',(88.3877518541807,-5.,-24.3905862380184));
#7646=CARTESIAN_POINT('',(89.1699595061807,-5.,-24.5865038171772));
#7647=CARTESIAN_POINT('',(90.057474441622,-5.,-24.8608434099685));
#7648=CARTESIAN_POINT('',(91.1736557018684,-5.,-25.2777800873344));
#7649=CARTESIAN_POINT('',(92.4453273030182,-5.,-25.8927658864945));
#7650=CARTESIAN_POINT('',(93.7854319533882,-5.,-26.7770826117649));
#7651=CARTESIAN_POINT('',(95.3437982446395,-5.,-28.1543916531577));
#7652=CARTESIAN_POINT('',(96.2786815612588,-5.,-29.4244734261441));
#7653=CARTESIAN_POINT('',(96.8053810020231,-5.,-30.395912472225));
#7654=CARTESIAN_POINT('',(96.8180551365131,-5.,-30.419288515877));
#7655=CARTESIAN_POINT('',(96.830729271003,-5.,-30.4426645595291));
#7656=CARTESIAN_POINT('',(96.8434034054929,-5.,-30.4660406031811));
#7657=CARTESIAN_POINT('',(84.9702307630259,-6.10444060131112,-23.3925670370772));
#7658=CARTESIAN_POINT('',(84.9887524225309,-6.10444060131112,-23.39406639708));
#7659=CARTESIAN_POINT('',(85.0256720604318,-6.10444060131112,-23.3970551117455));
#7660=CARTESIAN_POINT('',(85.0807539066613,-6.10444060131112,-23.4015141750285));
#7661=CARTESIAN_POINT('',(85.1182223844752,-6.10444060131112,-23.4045470980414));
#7662=CARTESIAN_POINT('',(85.1605464815981,-6.10444060131112,-23.4079736728883));
#7663=CARTESIAN_POINT('',(85.2071109920513,-6.10444060131112,-23.4118049593936));
#7664=CARTESIAN_POINT('',(85.3021745158931,-6.10444060131112,-23.4198731132112));
#7665=CARTESIAN_POINT('',(85.4668223134049,-6.10444060131112,-23.4345044966005));
#7666=CARTESIAN_POINT('',(85.7005978172152,-6.10444060131112,-23.4571483091915));
#7667=CARTESIAN_POINT('',(85.9777449264731,-6.10444060131112,-23.4870109765838));
#7668=CARTESIAN_POINT('',(86.3431476530332,-6.10444060131112,-23.5304341440588));
#7669=CARTESIAN_POINT('',(86.7919848240488,-6.10444060131112,-23.5914377810126));
#7670=CARTESIAN_POINT('',(87.3179811504852,-6.10444060131112,-23.6753305423477));
#7671=CARTESIAN_POINT('',(87.8313635999492,-6.10444060131112,-23.7698314224361));
#7672=CARTESIAN_POINT('',(88.4990847571813,-6.10444060131112,-23.90986792537));
#7673=CARTESIAN_POINT('',(89.3023178866059,-6.10444060131112,-24.1110207541844));
#7674=CARTESIAN_POINT('',(90.2162667829213,-6.10444060131112,-24.3934913473483));
#7675=CARTESIAN_POINT('',(91.3690369187161,-6.10444060131112,-24.8240367855058));
#7676=CARTESIAN_POINT('',(92.6883439402042,-6.10444060131112,-25.4617645997401));
#7677=CARTESIAN_POINT('',(94.085596004767,-6.10444060131112,-26.3835183193529));
#7678=CARTESIAN_POINT('',(95.7151046827099,-6.10444060131112,-27.8234667173968));
#7679=CARTESIAN_POINT('',(96.6916725786977,-6.10444060131112,-29.1511877618195));
#7680=CARTESIAN_POINT('',(97.2390578312381,-6.10444060131112,-30.1607795072544));
#7681=CARTESIAN_POINT('',(97.2522297349304,-6.10444060131112,-30.1850736313244));
#7682=CARTESIAN_POINT('',(97.2654016386226,-6.10444060131112,-30.2093677553945));
#7683=CARTESIAN_POINT('',(97.2785735423148,-6.10444060131112,-30.2336618794646));
#7684=CARTESIAN_POINT('',(85.0221322617161,-7.10909214256658,-22.7512545822155));
#7685=CARTESIAN_POINT('',(85.0406491927876,-7.10909214256658,-22.7527535593604));
#7686=CARTESIAN_POINT('',(85.0775686211322,-7.10909214256658,-22.7557422570582));
#7687=CARTESIAN_POINT('',(85.1327622815869,-7.10909214256659,-22.7602103738595));
#7688=CARTESIAN_POINT('',(85.1699331453857,-7.10909214256659,-22.7632191992774));
#7689=CARTESIAN_POINT('',(85.2127394431987,-7.10909214256659,-22.7666848175711));
#7690=CARTESIAN_POINT('',(85.2608195193762,-7.10909214256659,-22.7706402362096));
#7691=CARTESIAN_POINT('',(85.3579210255228,-7.10909214256659,-22.7788821567016));
#7692=CARTESIAN_POINT('',(85.5266270416545,-7.10909214256659,-22.793873077837));
#7693=CARTESIAN_POINT('',(85.7660264213835,-7.10909214256659,-22.8170623537593));
#7694=CARTESIAN_POINT('',(86.0501401881029,-7.10909214256659,-22.8476745282197));
#7695=CARTESIAN_POINT('',(86.4249469943785,-7.10909214256659,-22.8922148090133));
#7696=CARTESIAN_POINT('',(86.8858367506637,-7.10909214256659,-22.9548525496762));
#7697=CARTESIAN_POINT('',(87.4267458293143,-7.10909214256659,-23.0411190077441));
#7698=CARTESIAN_POINT('',(87.9554932366064,-7.10909214256659,-23.1384429714593));
#7699=CARTESIAN_POINT('',(88.644290384975,-7.10909214256659,-23.2828924087102));
#7700=CARTESIAN_POINT('',(89.474945934608,-7.10909214256659,-23.4908732972661));
#7701=CARTESIAN_POINT('',(90.4233712505654,-7.10909214256659,-23.7839487249567));
#7702=CARTESIAN_POINT('',(91.6238623251039,-7.10909214256659,-24.2322433513682));
#7703=CARTESIAN_POINT('',(93.0052977105259,-7.10909214256659,-24.8996323752463));
#7704=CARTESIAN_POINT('',(94.4770841304413,-7.10909214256659,-25.8702131901713));
#7705=CARTESIAN_POINT('',(96.1993800675311,-7.10909214256658,-27.3918587941801));
#7706=CARTESIAN_POINT('',(97.230314959738,-7.10909214256659,-28.7947556973915));
#7707=CARTESIAN_POINT('',(97.8046796245135,-7.10909214256659,-29.8541079944009));
#7708=CARTESIAN_POINT('',(97.8185007422976,-7.10909214256659,-29.879599522292));
#7709=CARTESIAN_POINT('',(97.8323218600817,-7.10909214256659,-29.9050910501832));
#7710=CARTESIAN_POINT('',(97.8461429778659,-7.10909214256659,-29.9305825780744));
#7711=CARTESIAN_POINT('',(85.0840188087294,-8.,-21.9865634964152));
#7712=CARTESIAN_POINT('',(85.10253010169,-8.,-21.9880620170463));
#7713=CARTESIAN_POINT('',(85.1394492801627,-8.,-21.9910506945122));
#7714=CARTESIAN_POINT('',(85.194776266176,-8.,-21.9955296065891));
#7715=CARTESIAN_POINT('',(85.2315922596107,-8.,-21.9985096984061));
#7716=CARTESIAN_POINT('',(85.2749735260938,-8.,-22.0020218715039));
#7717=CARTESIAN_POINT('',(85.3248607394795,-8.,-22.0061253033846));
#7718=CARTESIAN_POINT('',(85.4243923043124,-8.,-22.0145744205807));
#7719=CARTESIAN_POINT('',(85.5979372777719,-8.,-22.0299940489826));
#7720=CARTESIAN_POINT('',(85.8440424804581,-8.,-22.0538337269731));
#7721=CARTESIAN_POINT('',(86.1364631821486,-8.,-22.0853396021084));
#7722=CARTESIAN_POINT('',(86.5224832681198,-8.00000000000001,-22.1312119116037));
#7723=CARTESIAN_POINT('',(86.9977443412983,-8.,-22.1957981323408));
#7724=CARTESIAN_POINT('',(87.5564351558197,-8.00000000000001,-22.2848949498038));
#7725=CARTESIAN_POINT('',(88.1035035019861,-8.,-22.3855851149199));
#7726=CARTESIAN_POINT('',(88.8174313373145,-8.,-22.535296467028));
#7727=CARTESIAN_POINT('',(89.6807849581068,-8.,-22.7514190287701));
#7728=CARTESIAN_POINT('',(90.6703194254156,-8.,-23.0571394976844));
#7729=CARTESIAN_POINT('',(91.9277122117278,-8.00000000000001,-23.5265979825789));
#7730=CARTESIAN_POINT('',(93.3832285006398,-8.,-24.2293545756296));
#7731=CARTESIAN_POINT('',(94.9438885369833,-8.00000000000001,-25.25815606637));
#7732=CARTESIAN_POINT('',(96.7768225716301,-8.,-26.8772161594667));
#7733=CARTESIAN_POINT('',(97.8725838321001,-8.,-28.3697515979152));
#7734=CARTESIAN_POINT('',(98.4791183321562,-8.,-29.4884376095983));
#7735=CARTESIAN_POINT('',(98.4937135628163,-8.,-29.5153569033486));
#7736=CARTESIAN_POINT('',(98.5083087934764,-8.,-29.542276197099));
#7737=CARTESIAN_POINT('',(98.5229040241365,-8.,-29.5691954908493));
#7738=CARTESIAN_POINT('',(85.0840308795609,-8.00017376956904,-21.986414345143));
#7739=CARTESIAN_POINT('',(85.1025421714217,-8.00017376956904,-21.987912865685));
#7740=CARTESIAN_POINT('',(85.1394613498457,-8.00017376956904,-21.9909015431469));
#7741=CARTESIAN_POINT('',(85.1947883618639,-8.00017376956905,-21.9953804573294));
#7742=CARTESIAN_POINT('',(85.2316042860819,-8.00017376956905,-21.998360543542));
#7743=CARTESIAN_POINT('',(85.2749856647113,-8.00017376956905,-22.0018727257202));
#7744=CARTESIAN_POINT('',(85.3248732305751,-8.00017376956905,-22.0059761864705));
#7745=CARTESIAN_POINT('',(85.4244052693855,-8.00017376956905,-22.0144253440799));
#7746=CARTESIAN_POINT('',(85.5979511866727,-8.00017376956905,-22.0298450561002));
#7747=CARTESIAN_POINT('',(85.8440576973145,-8.00017376956905,-22.0536848609502));
#7748=CARTESIAN_POINT('',(86.136480019254,-8.00017376956905,-22.0851909103997));
#7749=CARTESIAN_POINT('',(86.5225022923501,-8.00017376956905,-22.1310634797043));
#7750=CARTESIAN_POINT('',(86.9977661686215,-8.00017376956905,-22.195650080488));
#7751=CARTESIAN_POINT('',(87.5564604514305,-8.00017376956905,-22.2847474500062));
#7752=CARTESIAN_POINT('',(88.1035323710547,-8.00017376956905,-22.3854382716923));
#7753=CARTESIAN_POINT('',(88.8174651080669,-8.00017376956905,-22.535150650125));
#7754=CARTESIAN_POINT('',(89.6808251065443,-8.00017376956905,-22.7512747998821));
#7755=CARTESIAN_POINT('',(90.6703675921003,-8.00017376956905,-23.0569977351832));
#7756=CARTESIAN_POINT('',(91.9277714769631,-8.00017376956905,-23.5264603480406));
#7757=CARTESIAN_POINT('',(93.3833022151884,-8.00017376956905,-24.2292238394559));
#7758=CARTESIAN_POINT('',(94.9439795861304,-8.00017376956905,-25.2580366860078));
#7759=CARTESIAN_POINT('',(96.7769352004887,-8.00017376956904,-26.877115779581));
#7760=CARTESIAN_POINT('',(97.8727091051957,-8.00017376956905,-28.3696687018238));
#7761=CARTESIAN_POINT('',(98.4792498799056,-8.00017376956905,-29.4883662864141));
#7762=CARTESIAN_POINT('',(98.4938452615546,-8.00017376956905,-29.515285858647));
#7763=CARTESIAN_POINT('',(98.5084406432037,-8.00017376956905,-29.5422054308798));
#7764=CARTESIAN_POINT('',(98.5230360248528,-8.00017376956905,-29.5691250031127));
#7765=CARTESIAN_POINT('',(85.0840429503924,-8.00034753913809,-21.9862651938707));
#7766=CARTESIAN_POINT('',(85.1025542411535,-8.00034753913809,-21.9877637143237));
#7767=CARTESIAN_POINT('',(85.1394734195288,-8.00034753913809,-21.9907523917816));
#7768=CARTESIAN_POINT('',(85.1948004575518,-8.00034753913809,-21.9952313080697));
#7769=CARTESIAN_POINT('',(85.2316163125531,-8.00034753913809,-21.9982113886779));
#7770=CARTESIAN_POINT('',(85.2749978033289,-8.00034753913809,-22.0017235799365));
#7771=CARTESIAN_POINT('',(85.3248857216707,-8.00034753913809,-22.0058270695565));
#7772=CARTESIAN_POINT('',(85.4244182344586,-8.00034753913809,-22.0142762675791));
#7773=CARTESIAN_POINT('',(85.5979650955734,-8.00034753913809,-22.0296960632178));
#7774=CARTESIAN_POINT('',(85.844072914171,-8.00034753913809,-22.0535359949272));
#7775=CARTESIAN_POINT('',(86.1364968563593,-8.00034753913809,-22.085042218691));
#7776=CARTESIAN_POINT('',(86.5225213165804,-8.00034753913809,-22.1309150478048));
#7777=CARTESIAN_POINT('',(86.9977879959448,-8.00034753913809,-22.1955020286352));
#7778=CARTESIAN_POINT('',(87.5564857470412,-8.00034753913809,-22.2845999502086));
#7779=CARTESIAN_POINT('',(88.1035612401233,-8.00034753913809,-22.3852914284647));
#7780=CARTESIAN_POINT('',(88.8174988788193,-8.00034753913809,-22.535004833222));
#7781=CARTESIAN_POINT('',(89.6808652549817,-8.00034753913809,-22.7511305709941));
#7782=CARTESIAN_POINT('',(90.6704157587851,-8.00034753913809,-23.056855972682));
#7783=CARTESIAN_POINT('',(91.9278307421985,-8.00034753913809,-23.5263227135022));
#7784=CARTESIAN_POINT('',(93.3833759297369,-8.00034753913809,-24.2290931032822));
#7785=CARTESIAN_POINT('',(94.9440706352775,-8.00034753913809,-25.2579173056457));
#7786=CARTESIAN_POINT('',(96.7770478293473,-8.00034753913809,-26.8770153996954));
#7787=CARTESIAN_POINT('',(97.8728343782912,-8.00034753913809,-28.3695858057324));
#7788=CARTESIAN_POINT('',(98.479381427655,-8.00034753913809,-29.48829496323));
#7789=CARTESIAN_POINT('',(98.493976960293,-8.00034753913809,-29.5152148139453));
#7790=CARTESIAN_POINT('',(98.5085724929311,-8.00034753913809,-29.5421346646607));
#7791=CARTESIAN_POINT('',(98.5231680255691,-8.00034753913809,-29.5690545153761));
#7792=CARTESIAN_POINT('',(85.0840550212238,-8.00052130870713,-21.9861160425984));
#7793=CARTESIAN_POINT('',(85.1025663108853,-8.00052130870713,-21.9876145629623));
#7794=CARTESIAN_POINT('',(85.1394854892118,-8.00052130870713,-21.9906032404163));
#7795=CARTESIAN_POINT('',(85.1948125532397,-8.00052130870713,-21.99508215881));
#7796=CARTESIAN_POINT('',(85.2316283390243,-8.00052130870713,-21.9980622338137));
#7797=CARTESIAN_POINT('',(85.2750099419465,-8.00052130870713,-22.0015744341528));
#7798=CARTESIAN_POINT('',(85.3248982127663,-8.00052130870713,-22.0056779526424));
#7799=CARTESIAN_POINT('',(85.4244311995316,-8.00052130870713,-22.0141271910783));
#7800=CARTESIAN_POINT('',(85.5979790044742,-8.00052130870713,-22.0295470703353));
#7801=CARTESIAN_POINT('',(85.8440881310274,-8.00052130870713,-22.0533871289042));
#7802=CARTESIAN_POINT('',(86.1365136934647,-8.00052130870713,-22.0848935269824));
#7803=CARTESIAN_POINT('',(86.5225403408107,-8.00052130870713,-22.1307666159053));
#7804=CARTESIAN_POINT('',(86.997809823268,-8.00052130870713,-22.1953539767823));
#7805=CARTESIAN_POINT('',(87.556511042652,-8.00052130870713,-22.284452450411));
#7806=CARTESIAN_POINT('',(88.1035901091918,-8.00052130870713,-22.3851445852371));
#7807=CARTESIAN_POINT('',(88.8175326495717,-8.00052130870713,-22.5348590163191));
#7808=CARTESIAN_POINT('',(89.6809054034192,-8.00052130870713,-22.7509863421061));
#7809=CARTESIAN_POINT('',(90.6704639254698,-8.00052130870713,-23.0567142101808));
#7810=CARTESIAN_POINT('',(91.9278900074338,-8.00052130870713,-23.5261850789639));
#7811=CARTESIAN_POINT('',(93.3834496442855,-8.00052130870713,-24.2289623671086));
#7812=CARTESIAN_POINT('',(94.9441616844246,-8.00052130870713,-25.2577979252836));
#7813=CARTESIAN_POINT('',(96.7771604582059,-8.00052130870713,-26.8769150198097));
#7814=CARTESIAN_POINT('',(97.8729596513868,-8.00052130870713,-28.3695029096409));
#7815=CARTESIAN_POINT('',(98.4795129754044,-8.00052130870713,-29.4882236400458));
#7816=CARTESIAN_POINT('',(98.4941086590314,-8.00052130870713,-29.5151437692437));
#7817=CARTESIAN_POINT('',(98.5087043426584,-8.00052130870713,-29.5420638984416));
#7818=CARTESIAN_POINT('',(98.5233000262854,-8.00052130870713,-29.5689840276395));
#7819=CARTESIAN_POINT('',(98.4791176530891,-7.9999991029782,-29.4884379777781));
#7820=CARTESIAN_POINT('',(97.9764867405762,-7.34840663678314,-29.7386191251813));
#7821=CARTESIAN_POINT('',(97.54370074884,-6.64994382591437,-29.9546661197624));
#7822=CARTESIAN_POINT('',(97.1778643084553,-5.90645273147825,-30.1376193897252));
#7823=CARTESIAN_POINT('',(98.4791183321562,-8.,-29.4884376095982));
#7824=CARTESIAN_POINT('',(97.1778643084553,-5.90645273147824,-30.1376193897252));
#7825=CARTESIAN_POINT('',(97.1778643084549,-5.9064527314781,-30.1376193897247));
#7826=CARTESIAN_POINT('',(97.0326532042361,-5.61133953092753,-30.2102388541056));
#7827=CARTESIAN_POINT('',(96.8981694451114,-5.30922847431832,-30.2775551253078));
#7828=CARTESIAN_POINT('',(96.7745864822123,-5.00000000000099,-30.3394579239248));
#7829=CARTESIAN_POINT('',(87.2300247016281,-8.,-22.2334478175854));
#7830=CARTESIAN_POINT('',(86.5926295712767,-8.,-22.1330754331784));
#7831=CARTESIAN_POINT('',(85.9326213374007,-8.,-22.0552594939833));
#7832=CARTESIAN_POINT('',(85.25,-8.,-22.));
#7833=CARTESIAN_POINT('',(87.2300247763905,-8.0000005579919,-22.2334473428215));
#7834=CARTESIAN_POINT('',(87.2300284450807,-8.,-22.2334484070776));
#7835=CARTESIAN_POINT('',(87.588830755222,-8.,-22.2899500626058));
#7836=CARTESIAN_POINT('',(87.9404674536614,-8.,-22.3535993760211));
#7837=CARTESIAN_POINT('',(88.284938540399,-8.,-22.4243963473236));
#7838=CARTESIAN_POINT('',(88.2849386048891,-8.0000003719946,-22.4243960335393));
#7839=CARTESIAN_POINT('',(85.25,-8.,-22.));
#7840=CARTESIAN_POINT('',(91.6432742211674,-8.,-22.517547692991));
#7841=CARTESIAN_POINT('',(96.0529803318861,-8.,-25.0136935628571));
#7842=CARTESIAN_POINT('',(98.4791183321562,-8.,-29.4884376095982));
#7843=CARTESIAN_POINT('',(106.852823403429,4.33680868994202E-15,-25.4602214874209));
#7844=CARTESIAN_POINT('',(107.985523716134,4.33680868994202E-15,-27.9506753637012));
#7845=CARTESIAN_POINT('',(99.1893431730023,-8.,-31.05));
#7846=CARTESIAN_POINT('',(99.1893431730023,-8.,-31.05));
#7847=CARTESIAN_POINT('',(108.11338557153,4.33680868994202E-15,-28.4500076211434));
#7848=CARTESIAN_POINT('',(99.1893431730023,-8.,-31.05));
#7849=CARTESIAN_POINT('',(99.3838994984778,-8.,-31.8097907045731));
#7850=CARTESIAN_POINT('',(99.5784558239532,-8.,-32.5695814091463));
#7851=CARTESIAN_POINT('',(99.7730121494287,-8.,-33.3293721137194));
#7852=CARTESIAN_POINT('',(105.54771545055,-11.9999999999999,-40.2677640312211));
#7853=CARTESIAN_POINT('',(105.50132169158,-11.9999999999999,-40.0865848959243));
#7854=CARTESIAN_POINT('',(103.511509243813,-11.9999999999999,-32.3158737768581));
#7855=CARTESIAN_POINT('',(104.057537646219,-10.9231351677344,-40.6517163276508));
#7856=CARTESIAN_POINT('',(104.011143887249,-10.9231351677344,-40.4705371923541));
#7857=CARTESIAN_POINT('',(102.021331439482,-10.9231351677344,-32.6998260732879));
#7858=CARTESIAN_POINT('',(102.792575834507,-9.57356777064441,-40.9776405167586));
#7859=CARTESIAN_POINT('',(102.746182075536,-9.57356777064441,-40.7964613814618));
#7860=CARTESIAN_POINT('',(100.75636962777,-9.57356777064441,-33.0257502623957));
#7861=CARTESIAN_POINT('',(101.798891974304,-8.00044057129459,-41.2336684880121));
#7862=CARTESIAN_POINT('',(101.752498215334,-8.00044057129459,-41.0524893527153));
#7863=CARTESIAN_POINT('',(99.7626857675672,-8.00044057129459,-33.2817782336492));
#7864=CARTESIAN_POINT('',(101.792880727005,-7.99092400671372,-41.2352173180902));
#7865=CARTESIAN_POINT('',(101.746486968034,-7.99092400671372,-41.0540381827934));
#7866=CARTESIAN_POINT('',(99.7566745202679,-7.99092400671372,-33.2833270637272));
#7867=CARTESIAN_POINT('',(101.786869479706,-7.98140744213285,-41.2367661481682));
#7868=CARTESIAN_POINT('',(101.740475720735,-7.98140744213285,-41.0555870128714));
#7869=CARTESIAN_POINT('',(99.7506632729686,-7.98140744213285,-33.2848758938053));
#7870=CARTESIAN_POINT('',(101.780858232406,-7.97189087755198,-41.2383149782463));
#7871=CARTESIAN_POINT('',(101.734464473436,-7.97189087755198,-41.0571358429495));
#7872=CARTESIAN_POINT('',(99.7446520256693,-7.97189087755198,-33.2864247238833));
#7873=CARTESIAN_POINT('',(105.50132169158,-11.9999999999999,-40.0865848959243));
#7874=CARTESIAN_POINT('',(104.974221277921,-12.0000000000007,-38.0281270498634));
#7875=CARTESIAN_POINT('',(99.9570761760344,-8.,-34.0409209911545));
#7876=CARTESIAN_POINT('',(99.8963035921404,-8.,-33.803588978316));
#7877=CARTESIAN_POINT('',(99.8355310082464,-8.,-33.5662569654774));
#7878=CARTESIAN_POINT('',(99.7747584243524,-8.,-33.3289249526389));
#7879=CARTESIAN_POINT('',(99.9564226122353,-8.0002202856473,-34.0410883739699));
#7880=CARTESIAN_POINT('',(101.786563185654,-8.,-41.1865958059329));
#7881=CARTESIAN_POINT('',(101.176298473248,-8.,-38.8048157895504));
#7882=CARTESIAN_POINT('',(100.566033760842,-8.,-36.4230357731678));
#7883=CARTESIAN_POINT('',(99.9557690484363,-8.,-34.0412557567853));
#7884=CARTESIAN_POINT('',(101.786715830513,-8.0002202856473,-41.1865566949443));
#7885=CARTESIAN_POINT('',(104.97422127792,-12.0000000000002,-38.0281270498644));
#7886=CARTESIAN_POINT('',(104.348124200405,-11.4729234506959,-38.6193783495681));
#7887=CARTESIAN_POINT('',(103.198390838634,-10.2831986452619,-39.7833054287007));
#7888=CARTESIAN_POINT('',(102.218040913575,-8.80445603951131,-40.7563536176209));
#7889=CARTESIAN_POINT('',(101.786689349903,-8.00023436023092,-41.1865564546684));
#7890=CARTESIAN_POINT('',(114.53235647634,-12.161164783309,-52.5788242572415));
#7891=CARTESIAN_POINT('',(113.792315740409,-12.161164783309,-50.117001924422));
#7892=CARTESIAN_POINT('',(113.052275004479,-12.161164783309,-47.6551795916025));
#7893=CARTESIAN_POINT('',(112.312234268548,-12.161164783309,-45.193357258783));
#7894=CARTESIAN_POINT('',(111.167049697549,-12.161164783309,-41.3837819000161));
#7895=CARTESIAN_POINT('',(108.298271557482,-12.161164783309,-38.6279836311203));
#7896=CARTESIAN_POINT('',(104.445781452701,-12.161164783309,-37.6367056134397));
#7897=CARTESIAN_POINT('',(104.410568515167,-12.161164783309,-37.6276450292552));
#7898=CARTESIAN_POINT('',(104.375355577634,-12.161164783309,-37.6185844450706));
#7899=CARTESIAN_POINT('',(104.340142640101,-12.161164783309,-37.609523860886));
#7900=CARTESIAN_POINT('',(100.783635949254,-12.161164783309,-36.6944048582455));
#7901=CARTESIAN_POINT('',(97.2271292584074,-12.161164783309,-35.779285855605));
#7902=CARTESIAN_POINT('',(93.6706225675606,-12.161164783309,-34.8641668529645));
#7903=CARTESIAN_POINT('',(92.6827263938034,-12.161164783309,-34.6099728812316));
#7904=CARTESIAN_POINT('',(91.6948302200461,-12.161164783309,-34.3557789094987));
#7905=CARTESIAN_POINT('',(90.7069340462888,-12.161164783309,-34.1015849377657));
#7906=CARTESIAN_POINT('',(90.627878212792,-12.161164783309,-34.0812432087065));
#7907=CARTESIAN_POINT('',(90.5488223792952,-12.161164783309,-34.0609014796473));
#7908=CARTESIAN_POINT('',(90.4697665457985,-12.161164783309,-34.0405597505881));
#7909=CARTESIAN_POINT('',(114.443452905875,-12.1074431888726,-52.5499692913105));
#7910=CARTESIAN_POINT('',(113.708549451138,-12.1074431888726,-50.1051617432469));
#7911=CARTESIAN_POINT('',(112.973645996401,-12.1074431888726,-47.6603541951832));
#7912=CARTESIAN_POINT('',(112.238742541665,-12.1074431888726,-45.2155466471196));
#7913=CARTESIAN_POINT('',(111.101507715692,-12.1074431888726,-41.4323010132384));
#7914=CARTESIAN_POINT('',(108.252587373522,-12.1074431888726,-38.6955322141516));
#7915=CARTESIAN_POINT('',(104.426741629226,-12.1074431888726,-37.7110755535845));
#7916=CARTESIAN_POINT('',(104.391772229295,-12.1074431888726,-37.7020773186897));
#7917=CARTESIAN_POINT('',(104.356802829364,-12.1074431888726,-37.6930790837949));
#7918=CARTESIAN_POINT('',(104.321833429432,-12.1074431888726,-37.6840808489002));
#7919=CARTESIAN_POINT('',(100.789924036375,-12.1074431888726,-36.7752591245276));
#7920=CARTESIAN_POINT('',(97.2580146433185,-12.1074431888726,-35.8664374001551));
#7921=CARTESIAN_POINT('',(93.7261052502616,-12.1074431888726,-34.9576156757826));
#7922=CARTESIAN_POINT('',(92.7450415046378,-12.1074431888726,-34.7051709084366));
#7923=CARTESIAN_POINT('',(91.7639777590139,-12.1074431888726,-34.4527261410907));
#7924=CARTESIAN_POINT('',(90.7829140133901,-12.1074431888726,-34.2002813737447));
#7925=CARTESIAN_POINT('',(90.7044049410969,-12.1074431888726,-34.1800796237789));
#7926=CARTESIAN_POINT('',(90.6258958688036,-12.1074431888726,-34.1598778738131));
#7927=CARTESIAN_POINT('',(90.5473867965103,-12.1074431888726,-34.1396761238473));
#7928=CARTESIAN_POINT('',(114.354549335411,-12.0537215944363,-52.5211143253796));
#7929=CARTESIAN_POINT('',(113.624783161867,-12.0537215944363,-50.0933215620718));
#7930=CARTESIAN_POINT('',(112.895016988324,-12.0537215944363,-47.665528798764));
#7931=CARTESIAN_POINT('',(112.165250814781,-12.0537215944363,-45.2377360354562));
#7932=CARTESIAN_POINT('',(111.035965733835,-12.0537215944363,-41.4808201264607));
#7933=CARTESIAN_POINT('',(108.206903189563,-12.0537215944363,-38.7630807971831));
#7934=CARTESIAN_POINT('',(104.407701805752,-12.0537215944363,-37.7854454937293));
#7935=CARTESIAN_POINT('',(104.372975943423,-12.0537215944363,-37.7765096081243));
#7936=CARTESIAN_POINT('',(104.338250081093,-12.0537215944363,-37.7675737225193));
#7937=CARTESIAN_POINT('',(104.303524218764,-12.0537215944363,-37.7586378369143));
#7938=CARTESIAN_POINT('',(100.796212123497,-12.0537215944363,-36.8561133908097));
#7939=CARTESIAN_POINT('',(97.2889000282296,-12.0537215944363,-35.9535889447051));
#7940=CARTESIAN_POINT('',(93.7815879329625,-12.0537215944363,-35.0510644986006));
#7941=CARTESIAN_POINT('',(92.8073566154722,-12.0537215944363,-34.8003689356416));
#7942=CARTESIAN_POINT('',(91.8331252979818,-12.0537215944363,-34.5496733726827));
#7943=CARTESIAN_POINT('',(90.8588939804914,-12.0537215944363,-34.2989778097237));
#7944=CARTESIAN_POINT('',(90.7809316694017,-12.0537215944363,-34.2789160388513));
#7945=CARTESIAN_POINT('',(90.7029693583119,-12.0537215944363,-34.2588542679789));
#7946=CARTESIAN_POINT('',(90.6250070472221,-12.0537215944363,-34.2387924971065));
#7947=CARTESIAN_POINT('',(114.265645764946,-11.9999999999999,-52.4922593594486));
#7948=CARTESIAN_POINT('',(113.541016872596,-11.9999999999999,-50.0814813808966));
#7949=CARTESIAN_POINT('',(112.816387980247,-11.9999999999999,-47.6707034023447));
#7950=CARTESIAN_POINT('',(112.091759087898,-11.9999999999999,-45.2599254237928));
#7951=CARTESIAN_POINT('',(110.970423751979,-11.9999999999999,-41.529339239683));
#7952=CARTESIAN_POINT('',(108.161219005603,-11.9999999999999,-38.8306293802144));
#7953=CARTESIAN_POINT('',(104.388661982278,-11.9999999999999,-37.859815433874));
#7954=CARTESIAN_POINT('',(104.35417965755,-11.9999999999999,-37.8509418975588));
#7955=CARTESIAN_POINT('',(104.319697332823,-11.9999999999999,-37.8420683612436));
#7956=CARTESIAN_POINT('',(104.285215008095,-11.9999999999999,-37.8331948249284));
#7957=CARTESIAN_POINT('',(100.802500210618,-11.9999999999999,-36.9369676570918));
#7958=CARTESIAN_POINT('',(97.3197854131407,-11.9999999999999,-36.0407404892552));
#7959=CARTESIAN_POINT('',(93.8370706156634,-11.9999999999999,-35.1445133214186));
#7960=CARTESIAN_POINT('',(92.8696717263065,-11.9999999999999,-34.8955669628466));
#7961=CARTESIAN_POINT('',(91.9022728369496,-11.9999999999999,-34.6466206042747));
#7962=CARTESIAN_POINT('',(90.9348739475928,-11.9999999999999,-34.3976742457027));
#7963=CARTESIAN_POINT('',(90.8574583977065,-11.9999999999999,-34.3777524539237));
#7964=CARTESIAN_POINT('',(90.7800428478202,-11.9999999999999,-34.3578306621447));
#7965=CARTESIAN_POINT('',(90.7026272979339,-11.9999999999999,-34.3379088703656));
#7966=CARTESIAN_POINT('',(112.483548090806,-10.9231351677344,-51.9138532571491));
#7967=CARTESIAN_POINT('',(111.861897479518,-10.9231351677344,-49.8441415392764));
#7968=CARTESIAN_POINT('',(111.240246868231,-10.9231351677344,-47.7744298214036));
#7969=CARTESIAN_POINT('',(110.618596256943,-10.9231351677344,-45.7047181035309));
#7970=CARTESIAN_POINT('',(109.656615849603,-10.9231351677344,-42.5019188377005));
#7971=CARTESIAN_POINT('',(107.245466381112,-10.9231351677344,-40.1846601810319));
#7972=CARTESIAN_POINT('',(104.007003237277,-10.9231351677344,-39.3505823025759));
#7973=CARTESIAN_POINT('',(103.977402693918,-10.9231351677344,-39.342958575731));
#7974=CARTESIAN_POINT('',(103.947802150559,-10.9231351677344,-39.335334848886));
#7975=CARTESIAN_POINT('',(103.9182016072,-10.9231351677344,-39.327711122041));
#7976=CARTESIAN_POINT('',(100.928546727928,-10.9231351677344,-38.5577147106982));
#7977=CARTESIAN_POINT('',(97.9388918486561,-10.9231351677344,-37.7877182993554));
#7978=CARTESIAN_POINT('',(94.9492369693843,-10.9231351677344,-37.0177218880126));
#7979=CARTESIAN_POINT('',(94.118796069698,-10.9231351677344,-36.8038388351478));
#7980=CARTESIAN_POINT('',(93.2883551700116,-10.9231351677344,-36.589955782283));
#7981=CARTESIAN_POINT('',(92.4579142703253,-10.9231351677344,-36.3760727294182));
#7982=CARTESIAN_POINT('',(92.3914587062301,-10.9231351677344,-36.3589568588802));
#7983=CARTESIAN_POINT('',(92.3250031421349,-10.9231351677344,-36.3418409883421));
#7984=CARTESIAN_POINT('',(92.2585475780397,-10.9231351677344,-36.3247251178041));
#7985=CARTESIAN_POINT('',(110.970785321171,-9.57356777064441,-51.4228637732474));
#7986=CARTESIAN_POINT('',(110.436549508708,-9.57356777064441,-49.642671731328));
#7987=CARTESIAN_POINT('',(109.902313696245,-9.57356777064441,-47.8624796894086));
#7988=CARTESIAN_POINT('',(109.368077883782,-9.57356777064441,-46.0822876474892));
#7989=CARTESIAN_POINT('',(108.541368514956,-9.57356777064441,-43.3275089429667));
#7990=CARTESIAN_POINT('',(106.468114782135,-9.57356777064441,-41.3340513811549));
#7991=CARTESIAN_POINT('',(103.683025966827,-9.57356777064441,-40.6160441512181));
#7992=CARTESIAN_POINT('',(103.657569403459,-9.57356777064441,-40.6094813455915));
#7993=CARTESIAN_POINT('',(103.632112840091,-9.57356777064441,-40.6029185399649));
#7994=CARTESIAN_POINT('',(103.606656276723,-9.57356777064441,-40.5963557343383));
#7995=CARTESIAN_POINT('',(101.035543376537,-9.57356777064441,-39.9335123660515));
#7996=CARTESIAN_POINT('',(98.4644304763506,-9.57356777064441,-39.2706689977647));
#7997=CARTESIAN_POINT('',(95.8933175761645,-9.57356777064441,-38.607825629478));
#7998=CARTESIAN_POINT('',(95.1791357069363,-9.57356777064441,-38.4237066373737));
#7999=CARTESIAN_POINT('',(94.4649538377081,-9.57356777064441,-38.2395876452694));
#8000=CARTESIAN_POINT('',(93.7507719684798,-9.57356777064441,-38.0554686531651));
#8001=CARTESIAN_POINT('',(93.6936199676523,-9.57356777064441,-38.0407346347833));
#8002=CARTESIAN_POINT('',(93.6364679668247,-9.57356777064441,-38.0260006164016));
#8003=CARTESIAN_POINT('',(93.5793159659971,-9.57356777064441,-38.0112665980199));
#8004=CARTESIAN_POINT('',(109.78244276839,-8.00044057129459,-51.0371696588758));
#8005=CARTESIAN_POINT('',(109.316875174944,-8.00044057129459,-49.4844082212182));
#8006=CARTESIAN_POINT('',(108.851307581498,-8.00044057129459,-47.9316467835606));
#8007=CARTESIAN_POINT('',(108.385739988053,-8.00044057129459,-46.378885345903));
#8008=CARTESIAN_POINT('',(107.665292046629,-8.00044057129459,-43.9760467526852));
#8009=CARTESIAN_POINT('',(105.857470468249,-8.00044057129459,-42.2369493770038));
#8010=CARTESIAN_POINT('',(103.428527386919,-8.00044057129459,-41.6101208127065));
#8011=CARTESIAN_POINT('',(103.406326104459,-8.00044057129459,-41.6043914079635));
#8012=CARTESIAN_POINT('',(103.384124821998,-8.00044057129459,-41.5986620032205));
#8013=CARTESIAN_POINT('',(103.361923539537,-8.00044057129459,-41.5929325984775));
#8014=CARTESIAN_POINT('',(101.119594010977,-8.00044057129459,-41.0142627194374));
#8015=CARTESIAN_POINT('',(98.8772644824176,-8.00044057129459,-40.4355928403974));
#8016=CARTESIAN_POINT('',(96.6349349538582,-8.00044057129459,-39.8569229613573));
#8017=CARTESIAN_POINT('',(96.012079732675,-8.00044057129459,-39.6961849650409));
#8018=CARTESIAN_POINT('',(95.3892245114918,-8.00044057129459,-39.5354469687246));
#8019=CARTESIAN_POINT('',(94.7663692903087,-8.00044057129459,-39.3747089724083));
#8020=CARTESIAN_POINT('',(94.716525652924,-8.00044057129459,-39.3618460050126));
#8021=CARTESIAN_POINT('',(94.6666820155393,-8.00044057129459,-39.3489830376169));
#8022=CARTESIAN_POINT('',(94.6168383781547,-8.00044057129459,-39.3361200702212));
#8023=CARTESIAN_POINT('',(109.770703582752,-7.98490024398606,-51.0333595329173));
#8024=CARTESIAN_POINT('',(109.305814336613,-7.98490024398606,-49.4828447959916));
#8025=CARTESIAN_POINT('',(108.840925090475,-7.98490024398606,-47.9323300590659));
#8026=CARTESIAN_POINT('',(108.376035844336,-7.98490024398606,-46.3818153221402));
#8027=CARTESIAN_POINT('',(107.656637619275,-7.98490024398606,-43.9824534118792));
#8028=CARTESIAN_POINT('',(105.851438144537,-7.98490024398606,-42.2458687640614));
#8029=CARTESIAN_POINT('',(103.426013291916,-7.98490024398606,-41.6199409192406));
#8030=CARTESIAN_POINT('',(103.403844167141,-7.98490024398606,-41.614219747349));
#8031=CARTESIAN_POINT('',(103.381675042367,-7.98490024398606,-41.6084985754575));
#8032=CARTESIAN_POINT('',(103.359505917592,-7.98490024398606,-41.6027774035659));
#8033=CARTESIAN_POINT('',(101.120424315335,-7.98490024398606,-41.0249390425201));
#8034=CARTESIAN_POINT('',(98.8813427130786,-7.98490024398606,-40.4471006814743));
#8035=CARTESIAN_POINT('',(96.642261110822,-7.98490024398606,-39.8692623204284));
#8036=CARTESIAN_POINT('',(96.0203080709774,-7.98490024398606,-39.7087552961069));
#8037=CARTESIAN_POINT('',(95.3983550311329,-7.98490024398606,-39.5482482717854));
#8038=CARTESIAN_POINT('',(94.7764019912884,-7.98490024398606,-39.3877412474639));
#8039=CARTESIAN_POINT('',(94.7266305504559,-7.98490024398606,-39.3748967634717));
#8040=CARTESIAN_POINT('',(94.6768591096235,-7.98490024398606,-39.3620522794794));
#8041=CARTESIAN_POINT('',(94.627087668791,-7.98490024398606,-39.3492077954872));
#8042=CARTESIAN_POINT('',(109.758964397114,-7.96935991667753,-51.0295494069588));
#8043=CARTESIAN_POINT('',(109.294753498283,-7.96935991667753,-49.481281370765));
#8044=CARTESIAN_POINT('',(108.830542599451,-7.96935991667752,-47.9330133345713));
#8045=CARTESIAN_POINT('',(108.366331700619,-7.96935991667752,-46.3847452983775));
#8046=CARTESIAN_POINT('',(107.647983191921,-7.96935991667752,-43.9888600710732));
#8047=CARTESIAN_POINT('',(105.845405820825,-7.96935991667752,-42.2547881511189));
#8048=CARTESIAN_POINT('',(103.423499196913,-7.96935991667752,-41.6297610257747));
#8049=CARTESIAN_POINT('',(103.401362229824,-7.96935991667752,-41.6240480867345));
#8050=CARTESIAN_POINT('',(103.379225262736,-7.96935991667752,-41.6183351476944));
#8051=CARTESIAN_POINT('',(103.357088295647,-7.96935991667752,-41.6126222086543));
#8052=CARTESIAN_POINT('',(101.121254619693,-7.96935991667752,-41.0356153656028));
#8053=CARTESIAN_POINT('',(98.8854209437395,-7.96935991667752,-40.4586085225512));
#8054=CARTESIAN_POINT('',(96.6495872677858,-7.96935991667752,-39.8816016794996));
#8055=CARTESIAN_POINT('',(96.0285364092799,-7.96935991667752,-39.7213256271729));
#8056=CARTESIAN_POINT('',(95.407485550774,-7.96935991667752,-39.5610495748462));
#8057=CARTESIAN_POINT('',(94.7864346922681,-7.96935991667752,-39.4007735225196));
#8058=CARTESIAN_POINT('',(94.7367354479879,-7.96935991667752,-39.3879475219308));
#8059=CARTESIAN_POINT('',(94.6870362037076,-7.96935991667752,-39.375121521342));
#8060=CARTESIAN_POINT('',(94.6373369594274,-7.96935991667752,-39.3622955207532));
#8061=CARTESIAN_POINT('',(109.747225211477,-7.95381958936899,-51.0257392810002));
#8062=CARTESIAN_POINT('',(109.283692659952,-7.95381958936899,-49.4797179455384));
#8063=CARTESIAN_POINT('',(108.820160108427,-7.95381958936899,-47.9336966100766));
#8064=CARTESIAN_POINT('',(108.356627556903,-7.95381958936899,-46.3876752746148));
#8065=CARTESIAN_POINT('',(107.639328764568,-7.95381958936898,-43.9952667302671));
#8066=CARTESIAN_POINT('',(105.839373497113,-7.95381958936898,-42.2637075381764));
#8067=CARTESIAN_POINT('',(103.42098510191,-7.95381958936899,-41.6395811323088));
#8068=CARTESIAN_POINT('',(103.398880292507,-7.95381958936899,-41.6338764261201));
#8069=CARTESIAN_POINT('',(103.376775483105,-7.95381958936899,-41.6281717199314));
#8070=CARTESIAN_POINT('',(103.354670673702,-7.95381958936899,-41.6224670137427));
#8071=CARTESIAN_POINT('',(101.122084924051,-7.95381958936899,-41.0462916886854));
#8072=CARTESIAN_POINT('',(98.8894991744005,-7.95381958936899,-40.4701163636281));
#8073=CARTESIAN_POINT('',(96.6569134247496,-7.95381958936899,-39.8939410385708));
#8074=CARTESIAN_POINT('',(96.0367647475823,-7.95381958936899,-39.7338959582389));
#8075=CARTESIAN_POINT('',(95.4166160704151,-7.95381958936899,-39.573850877907));
#8076=CARTESIAN_POINT('',(94.7964673932478,-7.95381958936899,-39.4138057975752));
#8077=CARTESIAN_POINT('',(94.7468403455198,-7.95381958936899,-39.4009982803898));
#8078=CARTESIAN_POINT('',(94.6972132977918,-7.95381958936899,-39.3881907632045));
#8079=CARTESIAN_POINT('',(94.6475862500637,-7.95381958936899,-39.3753832460192));
#8080=CARTESIAN_POINT('',(109.6997989015,-7.89103666704251,-51.0103463721278));
#8081=CARTESIAN_POINT('',(109.239006873096,-7.89103666704251,-49.473401707623));
#8082=CARTESIAN_POINT('',(108.778214844691,-7.8910366670425,-47.9364570431182));
#8083=CARTESIAN_POINT('',(108.317422816287,-7.8910366670425,-46.3995123786134));
#8084=CARTESIAN_POINT('',(107.604364878058,-7.8910366670425,-44.0211496334108));
#8085=CARTESIAN_POINT('',(105.815002909315,-7.8910366670425,-42.2997418618888));
#8086=CARTESIAN_POINT('',(103.410828158097,-7.8910366670425,-41.6792543627065));
#8087=CARTESIAN_POINT('',(103.388853265746,-7.8910366670425,-41.6735829172376));
#8088=CARTESIAN_POINT('',(103.366878373396,-7.8910366670425,-41.6679114717687));
#8089=CARTESIAN_POINT('',(103.344903481046,-7.8910366670425,-41.6622400262998));
#8090=CARTESIAN_POINT('',(101.125439353658,-7.8910366670425,-41.0894240339393));
#8091=CARTESIAN_POINT('',(98.9059752262707,-7.8910366670425,-40.5166080415788));
#8092=CARTESIAN_POINT('',(96.6865110988833,-7.8910366670425,-39.9437920492184));
#8093=CARTESIAN_POINT('',(96.0700072343241,-7.8910366670425,-39.7846800957455));
#8094=CARTESIAN_POINT('',(95.4535033697649,-7.8910366670425,-39.6255681422727));
#8095=CARTESIAN_POINT('',(94.8369995052058,-7.8910366670425,-39.4664561887998));
#8096=CARTESIAN_POINT('',(94.7876641315487,-7.8910366670425,-39.4537233445645));
#8097=CARTESIAN_POINT('',(94.7383287578916,-7.8910366670425,-39.4409905003292));
#8098=CARTESIAN_POINT('',(94.6889933842346,-7.8910366670425,-39.4282576560939));
#8099=CARTESIAN_POINT('',(109.652372591524,-7.82825374471602,-50.9949534632553));
#8100=CARTESIAN_POINT('',(109.19432108624,-7.82825374471602,-49.4670854697076));
#8101=CARTESIAN_POINT('',(108.736269580955,-7.82825374471602,-47.9392174761598));
#8102=CARTESIAN_POINT('',(108.278218075671,-7.82825374471602,-46.411349482612));
#8103=CARTESIAN_POINT('',(107.569400991549,-7.82825374471602,-44.0470325365544));
#8104=CARTESIAN_POINT('',(105.790632321518,-7.82825374471602,-42.3357761856011));
#8105=CARTESIAN_POINT('',(103.400671214284,-7.82825374471602,-41.7189275931043));
#8106=CARTESIAN_POINT('',(103.378826238986,-7.82825374471602,-41.7132894083552));
#8107=CARTESIAN_POINT('',(103.356981263687,-7.82825374471602,-41.707651223606));
#8108=CARTESIAN_POINT('',(103.335136288389,-7.82825374471602,-41.7020130388569));
#8109=CARTESIAN_POINT('',(101.128793783265,-7.82825374471602,-41.1325563791932));
#8110=CARTESIAN_POINT('',(98.922451278141,-7.82825374471602,-40.5630997195296));
#8111=CARTESIAN_POINT('',(96.716108773017,-7.82825374471602,-39.993643059866));
#8112=CARTESIAN_POINT('',(96.1032497210659,-7.82825374471602,-39.8354642332521));
#8113=CARTESIAN_POINT('',(95.4903906691148,-7.82825374471602,-39.6772854066383));
#8114=CARTESIAN_POINT('',(94.8775316171638,-7.82825374471602,-39.5191065800244));
#8115=CARTESIAN_POINT('',(94.8284879175776,-7.82825374471602,-39.5064484087392));
#8116=CARTESIAN_POINT('',(94.7794442179915,-7.82825374471602,-39.4937902374539));
#8117=CARTESIAN_POINT('',(94.7304005184054,-7.82825374471602,-39.4811320661686));
#8118=CARTESIAN_POINT('',(109.604946281548,-7.76547082238954,-50.9795605543829));
#8119=CARTESIAN_POINT('',(109.149635299384,-7.76547082238953,-49.4607692317921));
#8120=CARTESIAN_POINT('',(108.69432431722,-7.76547082238953,-47.9419779092014));
#8121=CARTESIAN_POINT('',(108.239013335056,-7.76547082238953,-46.4231865866106));
#8122=CARTESIAN_POINT('',(107.534437105039,-7.76547082238953,-44.072915439698));
#8123=CARTESIAN_POINT('',(105.766261733721,-7.76547082238953,-42.3718105093135));
#8124=CARTESIAN_POINT('',(103.390514270471,-7.76547082238953,-41.7586008235021));
#8125=CARTESIAN_POINT('',(103.368799212225,-7.76547082238953,-41.7529958994727));
#8126=CARTESIAN_POINT('',(103.347084153978,-7.76547082238953,-41.7473909754433));
#8127=CARTESIAN_POINT('',(103.325369095732,-7.76547082238953,-41.7417860514139));
#8128=CARTESIAN_POINT('',(101.132148212872,-7.76547082238953,-41.1756887244471));
#8129=CARTESIAN_POINT('',(98.9389273300112,-7.76547082238953,-40.6095913974803));
#8130=CARTESIAN_POINT('',(96.7457064471507,-7.76547082238953,-40.0434940705135));
#8131=CARTESIAN_POINT('',(96.1364922078077,-7.76547082238953,-39.8862483707587));
#8132=CARTESIAN_POINT('',(95.5272779684647,-7.76547082238953,-39.7290026710039));
#8133=CARTESIAN_POINT('',(94.9180637291217,-7.76547082238953,-39.5717569712491));
#8134=CARTESIAN_POINT('',(94.8693117036065,-7.76547082238953,-39.5591734729138));
#8135=CARTESIAN_POINT('',(94.8205596780914,-7.76547082238953,-39.5465899745785));
#8136=CARTESIAN_POINT('',(94.7718076525762,-7.76547082238953,-39.5340064762433));
#8137=CARTESIAN_POINT('',(103.886438215084,-8.,-41.745402722117));
#8138=CARTESIAN_POINT('',(103.544272984442,-8.,-41.631722610514));
#8139=CARTESIAN_POINT('',(102.837149337484,-8.,-41.462085290029));
#8140=CARTESIAN_POINT('',(102.137452735334,-8.,-41.2772345293929));
#8141=CARTESIAN_POINT('',(101.786676053657,-8.,-41.1867108290937));
#8142=CARTESIAN_POINT('',(103.886483519394,-8.0002202856473,-41.745266360886));
#8143=CARTESIAN_POINT('',(103.886543059608,-8.,-41.7451365259263));
#8144=CARTESIAN_POINT('',(104.34897523797,-8.,-41.9572004476091));
#8145=CARTESIAN_POINT('',(104.811407416332,-8.,-42.1692643692919));
#8146=CARTESIAN_POINT('',(105.273839594694,-8.,-42.3813282909746));
#8147=CARTESIAN_POINT('',(105.275273183579,-8.0002202856473,-42.3821865181357));
#8148=CARTESIAN_POINT('',(105.276705305805,-8.,-42.3830437976757));
#8149=CARTESIAN_POINT('',(105.656258762924,-8.,-42.610379670572));
#8150=CARTESIAN_POINT('',(106.357951688234,-8.,-43.1225600930746));
#8151=CARTESIAN_POINT('',(107.564099538448,-8.,-44.4264907854151));
#8152=CARTESIAN_POINT('',(108.137407076466,-8.,-45.5517737837528));
#8153=CARTESIAN_POINT('',(108.384982131655,-8.,-46.3763594715512));
#8154=CARTESIAN_POINT('',(108.384981665682,-8.00022005652954,-46.3763596181051));
#8155=CARTESIAN_POINT('',(120.133637539763,0.00428476165707271,-42.8318376445108));
#8156=CARTESIAN_POINT('',(112.091759087898,-11.9999999999999,-45.2599254237928));
#8157=CARTESIAN_POINT('',(101.678918765861,-11.9999999999999,-48.3898050791983));
#8158=CARTESIAN_POINT('',(113.467475400032,-11.9999999999999,-49.8410054767258));
#8159=CARTESIAN_POINT('',(112.091759087898,-11.9999999999999,-45.2599254237928));
#8160=CARTESIAN_POINT('',(111.994312569077,-10.9231351677344,-50.2857981564639));
#8161=CARTESIAN_POINT('',(110.618596256943,-10.9231351677344,-45.7047181035309));
#8162=CARTESIAN_POINT('',(110.743794195917,-9.57356777064441,-50.6633677004221));
#8163=CARTESIAN_POINT('',(109.368077883782,-9.57356777064441,-46.0822876474892));
#8164=CARTESIAN_POINT('',(109.761456300187,-8.00044057129459,-50.9599653988359));
#8165=CARTESIAN_POINT('',(108.385739988053,-8.00044057129459,-46.3788853459029));
#8166=CARTESIAN_POINT('',(109.755601812683,-7.99106512770076,-50.9617330467367));
#8167=CARTESIAN_POINT('',(108.379885500548,-7.99106512770076,-46.3806529938037));
#8168=CARTESIAN_POINT('',(109.749747325178,-7.98168968410693,-50.9635006946374));
#8169=CARTESIAN_POINT('',(108.374031013044,-7.98168968410693,-46.3824206417044));
#8170=CARTESIAN_POINT('',(109.743892837674,-7.9723142405131,-50.9652683425382));
#8171=CARTESIAN_POINT('',(108.368176525539,-7.9723142405131,-46.3841882896052));
#8172=CARTESIAN_POINT('',(112.729949820486,-11.9999999999999,-47.3850749253579));
#8173=CARTESIAN_POINT('',(111.589704483671,-10.9622826843866,-48.743966401946));
#8174=CARTESIAN_POINT('',(110.565944028924,-9.62079019614444,-49.9640366018467));
#8175=CARTESIAN_POINT('',(109.75316504437,-8.00030254828217,-50.9326688766734));
#8176=CARTESIAN_POINT('',(112.729949820486,-11.9999999999999,-47.3850749253579));
#8177=CARTESIAN_POINT('',(109.753233424614,-8.00022028564729,-50.9325886320227));
#8178=CARTESIAN_POINT('',(126.903022633248,-11.9999999999999,-94.5808380188326));
#8179=CARTESIAN_POINT('',(108.385739988053,-8.,-46.3788853459029));
#8180=CARTESIAN_POINT('',(108.841571599885,-8.,-47.8967863012408));
#8181=CARTESIAN_POINT('',(109.297403211718,-8.,-49.4146872565788));
#8182=CARTESIAN_POINT('',(109.75323482355,-8.,-50.9325882119167));
#8183=CARTESIAN_POINT('',(70.5,-7.75000000000009,-15.75));
#8184=CARTESIAN_POINT('',(70.5,-8.00000000000009,-15.75));
#8185=CARTESIAN_POINT('',(68.5,-8.00000000000009,-15.75));
#8186=CARTESIAN_POINT('',(110.363543215639,-5.10757561009333,-57.944963494604));
#8187=CARTESIAN_POINT('',(110.01860799508,-5.10757561009333,-57.3645378155539));
#8188=CARTESIAN_POINT('',(109.634970166951,-5.10757561009333,-56.8071377289409));
#8189=CARTESIAN_POINT('',(108.625342404377,-5.10757561009333,-55.5318304273298));
#8190=CARTESIAN_POINT('',(107.964514682482,-5.10757561009333,-54.8416604998181));
#8191=CARTESIAN_POINT('',(107.188299584042,-5.10757561009333,-54.1703313368268));
#8192=CARTESIAN_POINT('',(107.131323135301,-5.10757561009333,-54.1217866024037));
#8193=CARTESIAN_POINT('',(107.073990689407,-5.10757561009333,-54.0736662253468));
#8194=CARTESIAN_POINT('',(110.691476076062,-6.13266720077253,-57.750099785642));
#8195=CARTESIAN_POINT('',(110.337869691759,-6.13266720077253,-57.1550830593322));
#8196=CARTESIAN_POINT('',(109.944587773296,-6.13266720077253,-56.5836707549625));
#8197=CARTESIAN_POINT('',(108.909579454812,-6.13266720077253,-55.2763041048771));
#8198=CARTESIAN_POINT('',(108.232139496642,-6.13266720077253,-54.5687843212284));
#8199=CARTESIAN_POINT('',(107.436411493115,-6.13266720077253,-53.8805789311892));
#8200=CARTESIAN_POINT('',(107.378002740315,-6.13266720077253,-53.8308138535943));
#8201=CARTESIAN_POINT('',(107.319229041117,-6.13266720077253,-53.7814838010851));
#8202=CARTESIAN_POINT('',(111.112827883497,-7.09988831672193,-57.4997248281935));
#8203=CARTESIAN_POINT('',(110.748080162178,-7.09988831672193,-56.8859604712639));
#8204=CARTESIAN_POINT('',(110.342406820397,-7.09988831672193,-56.296544258197));
#8205=CARTESIAN_POINT('',(109.274787731855,-7.09988831672193,-54.9479854433271));
#8206=CARTESIAN_POINT('',(108.576003173539,-7.09988831672193,-54.2181733122978));
#8207=CARTESIAN_POINT('',(107.755203581225,-7.09988831672193,-53.5082841277157));
#8208=CARTESIAN_POINT('',(107.694954500794,-7.09988831672193,-53.4569510651361));
#8209=CARTESIAN_POINT('',(107.634328975329,-7.09988831672193,-53.4060667342982));
#8210=CARTESIAN_POINT('',(111.617474787321,-8.00000000000075,-57.1998543996302));
#8211=CARTESIAN_POINT('',(111.239383249434,-8.00000000000075,-56.5636362794098));
#8212=CARTESIAN_POINT('',(110.818868880983,-8.00000000000075,-55.9526570479328));
#8213=CARTESIAN_POINT('',(109.712192349584,-8.00000000000075,-54.5547629791172));
#8214=CARTESIAN_POINT('',(108.987843675518,-8.00000000000075,-53.7982516293209));
#8215=CARTESIAN_POINT('',(108.137016207609,-8.00000000000075,-53.0623920808145));
#8216=CARTESIAN_POINT('',(108.074562993661,-8.00000000000075,-53.0091810655269));
#8217=CARTESIAN_POINT('',(108.011719562932,-8.00000000000075,-52.9564351982428));
#8218=CARTESIAN_POINT('',(107.134139460953,-5.25,-54.0539020248066));
#8219=CARTESIAN_POINT('',(108.078814380904,-5.25,-54.8503234360471));
#8220=CARTESIAN_POINT('',(108.914202207713,-5.25,-55.748396916878));
#8221=CARTESIAN_POINT('',(109.64021346914,-5.25,-56.7482056888223));
#8222=CARTESIAN_POINT('',(107.134139460953,-5.25,-54.0539020248066));
#8223=CARTESIAN_POINT('',(109.64021346914,-5.25,-56.7482056888223));
#8224=CARTESIAN_POINT('',(107.134139460953,-5.25000000000001,-54.0539020248066));
#8225=CARTESIAN_POINT('',(107.372244773354,-6.21463162958098,-53.7701391633376));
#8226=CARTESIAN_POINT('',(107.673014719916,-7.13146559106643,-53.4116954989776));
#8227=CARTESIAN_POINT('',(108.037107291018,-8.00000000000075,-52.9777868693301));
#8228=CARTESIAN_POINT('',(108.037107291018,-8.,-52.9777868693305));
#8229=CARTESIAN_POINT('',(111.600500723807,-8.,-57.1713566822211));
#8230=CARTESIAN_POINT('',(110.657466463995,-8.,-55.5916808069054));
#8231=CARTESIAN_POINT('',(109.442684464058,-8.,-54.1623055756346));
#8232=CARTESIAN_POINT('',(108.037107291018,-8.,-52.9777868693305));
#8233=CARTESIAN_POINT('',(111.600500723807,-8.,-57.1713566822211));
#8234=CARTESIAN_POINT('',(110.263296937998,-5.12616022636416,-57.7654346867499));
#8235=CARTESIAN_POINT('',(110.61134184384,-6.13827938444392,-57.6095786605235));
#8236=CARTESIAN_POINT('',(111.057027328454,-7.09612918325938,-57.4109738852046));
#8237=CARTESIAN_POINT('',(111.600500723798,-7.99999999999999,-57.1713566822066));
#8238=CARTESIAN_POINT('',(110.263296937998,-5.12616022636416,-57.7654346867497));
#8239=CARTESIAN_POINT('',(109.64021346914,-5.24999999999999,-56.7482056888223));
#8240=CARTESIAN_POINT('',(109.874295781387,-5.25,-57.0705664586563));
#8241=CARTESIAN_POINT('',(110.085334273769,-5.21075281375546,-57.4144935386447));
#8242=CARTESIAN_POINT('',(110.263296937998,-5.12616022636412,-57.7654346867497));
#8243=CARTESIAN_POINT('',(79.7325806280229,-5.25,-38.549728836454));
#8244=CARTESIAN_POINT('',(109.420059339724,-5.25,-56.8004255877183));
#8245=CARTESIAN_POINT('',(109.199905210308,-5.25,-56.8526454866143));
#8246=CARTESIAN_POINT('',(106.893576138538,-5.25,-54.3405942285418));
#8247=CARTESIAN_POINT('',(107.79475596101,-5.25,-55.0563842457979));
#8248=CARTESIAN_POINT('',(108.563519792647,-5.25,-55.8937461650012));
#8249=CARTESIAN_POINT('',(109.199905210308,-5.25,-56.8526454866143));
#8250=CARTESIAN_POINT('',(106.893576138538,-5.25,-54.3405942285418));
#8251=CARTESIAN_POINT('',(114.305891193738,-5.25,-45.5069411320668));
#8252=CARTESIAN_POINT('',(114.305891193738,-16.,-45.5069411320668));
#8253=CARTESIAN_POINT('',(106.893576138538,-5.25000000000002,-54.3405942285418));
#8254=CARTESIAN_POINT('',(106.6765999779,-4.4345576773415,-54.5991763474893));
#8255=CARTESIAN_POINT('',(106.313800080726,-2.77274496580665,-55.0315444283382));
#8256=CARTESIAN_POINT('',(106.191258100117,-1.0083776362002,-55.1775842739737));
#8257=CARTESIAN_POINT('',(106.1846836098,-0.135183917200594,-55.1854194464278));
#8258=CARTESIAN_POINT('',(106.1846836098,-0.135183917200768,-55.1854194464278));
#8259=CARTESIAN_POINT('',(106.184683609797,-0.135183917202582,-55.1854194464317));
#8260=CARTESIAN_POINT('',(106.094350211999,-0.256723491844315,-55.2930745977893));
#8261=CARTESIAN_POINT('',(106.0040168142,-0.378263066486048,-55.4007297491468));
#8262=CARTESIAN_POINT('',(105.913683416402,-0.499802641127782,-55.5083849005044));
#8263=CARTESIAN_POINT('',(105.913683417893,-0.499802641077648,-55.5083849051486));
#8264=CARTESIAN_POINT('',(113.85958203829,-15.6673448258776,-46.0388316714801));
#8265=CARTESIAN_POINT('',(112.800849263617,-15.1539649140736,-47.3005802592934));
#8266=CARTESIAN_POINT('',(111.252125585623,-14.0372665759627,-49.146277266478));
#8267=CARTESIAN_POINT('',(109.473129661788,-11.9553270657427,-51.2664020499191));
#8268=CARTESIAN_POINT('',(108.279953318911,-10.0703674439339,-52.6883742431416));
#8269=CARTESIAN_POINT('',(107.307731800972,-7.96478330345055,-53.8470227299431));
#8270=CARTESIAN_POINT('',(106.301391929418,-4.8179654131878,-55.0463318872382));
#8271=CARTESIAN_POINT('',(105.951457568937,-2.25802112218852,-55.4633674185136));
#8272=CARTESIAN_POINT('',(105.913683416399,-0.499802640990941,-55.5083849005078));
#8273=CARTESIAN_POINT('',(113.85958203829,-15.6673448258776,-46.0388316714801));
#8274=CARTESIAN_POINT('',(113.984749806726,-15.4801874225109,-45.8896625337693));
#8275=CARTESIAN_POINT('',(114.305891193738,-13.4526365028947,-45.5069411320668));
#8276=CARTESIAN_POINT('',(113.774975019597,-12.9832449748077,-46.1396623899661));
#8277=CARTESIAN_POINT('',(113.25026116332,-12.4974457294203,-46.7649920132679));
#8278=CARTESIAN_POINT('',(112.729949820486,-11.9999999999999,-47.3850749253579));
#8279=CARTESIAN_POINT('',(114.305891193738,-8.,-45.5069411320668));
#8280=CARTESIAN_POINT('',(105.054509975514,-0.499802635810473,-52.7384679675163));
#8281=CARTESIAN_POINT('',(118.239342998923,-0.499802635810473,-95.2454758879085));
#8282=CARTESIAN_POINT('',(105.2485518632,-8.7233002580111,-52.5838985422515));
#8283=CARTESIAN_POINT('',(118.43338488661,-8.7233002580111,-95.0909064626438));
#8284=CARTESIAN_POINT('',(109.423614818005,-14.2000139202869,-49.2581368262483));
#8285=CARTESIAN_POINT('',(122.608447841415,-14.2000139202869,-91.7651447466405));
#8286=CARTESIAN_POINT('',(114.627433899319,-16.,-45.1128910024165));
#8287=CARTESIAN_POINT('',(127.812266922729,-16.,-87.6198989228087));
#8288=CARTESIAN_POINT('',(105.913683416402,-0.499802641127788,-55.5083849005044));
#8289=CARTESIAN_POINT('',(109.950893625724,-0.499802641127526,-68.5240769490306));
#8290=CARTESIAN_POINT('',(113.988103835046,-0.499802641127263,-81.5397689975569));
#8291=CARTESIAN_POINT('',(118.025314044368,-0.499802641127,-94.5554610460831));
#8292=CARTESIAN_POINT('',(118.025314043542,-0.499802635806686,-94.5554610436029));
#8293=CARTESIAN_POINT('',(118.025314044224,-0.499802635810473,-94.5554610461247));
#8294=CARTESIAN_POINT('',(118.072215569765,-2.25511530964581,-94.5401452660402));
#8295=CARTESIAN_POINT('',(118.672930398541,-5.76538424128317,-94.3681158581055));
#8296=CARTESIAN_POINT('',(120.760515029282,-10.4559056851756,-92.8643269677551));
#8297=CARTESIAN_POINT('',(123.85678236814,-14.0735024721277,-90.4381918719532));
#8298=CARTESIAN_POINT('',(126.401420498436,-15.5394364595585,-88.4247521211584));
#8299=CARTESIAN_POINT('',(127.734095975949,-16.,-87.3678810892886));
#8300=CARTESIAN_POINT('',(127.734095966108,-16.,-87.3678810602562));
#8301=CARTESIAN_POINT('',(115.487134935561,-16.,-47.8845088675668));
#8302=CARTESIAN_POINT('',(115.21443162811,-16.,-47.0053318898114));
#8303=CARTESIAN_POINT('',(115.21443162811,-16.,-47.0053318898114));
#8304=CARTESIAN_POINT('',(114.754698546901,-15.8995327441305,-46.6909573579841));
#8305=CARTESIAN_POINT('',(114.303382838866,-15.788261573442,-46.3685018177103));
#8306=CARTESIAN_POINT('',(113.85958203829,-15.6673448258776,-46.0388316714801));
#8307=CARTESIAN_POINT('',(133.571355732823,-15.,-61.0171557273713));
#8308=CARTESIAN_POINT('',(133.571355732823,-16.,-61.0171557273713));
#8309=CARTESIAN_POINT('',(133.571355732823,-16.,-63.5171557273713));
#8310=CARTESIAN_POINT('',(142.858720458589,-15.,-90.446928616824));
#8311=CARTESIAN_POINT('',(142.858720458589,-16.,-90.446928616824));
#8312=CARTESIAN_POINT('',(142.858720458589,-16.,-92.946928616824));
#8313=CARTESIAN_POINT('',(114.305891193738,-15.,-45.5069411320668));
#8314=CARTESIAN_POINT('',(122.81981033374,-16.,-50.3871052933043));
#8315=CARTESIAN_POINT('',(136.4025066468,-16.,-56.4267257930994));
#8316=CARTESIAN_POINT('',(133.079659792422,-20.0838153072307,-59.4185444978114));
#8317=CARTESIAN_POINT('',(155.41090843621,-13.7000000000001,-84.4666151432569));
#8318=CARTESIAN_POINT('',(139.031668186738,-13.7000000000001,-61.2913094454666));
#8319=CARTESIAN_POINT('',(149.195302627963,-13.7000000000001,-92.6258142664009));
#8320=CARTESIAN_POINT('',(140.756364728133,-13.7000000000001,-107.25));
#8321=CARTESIAN_POINT('',(149.888801915206,-13.7000000000001,-91.424020568765));
#8322=CARTESIAN_POINT('',(148.372596485737,-13.7000000000001,-86.7495562701938));
#8323=CARTESIAN_POINT('',(138.481142233939,-13.7000000000001,-56.2541835045401));
#8324=CARTESIAN_POINT('',(163.089550748997,-13.7000000000001,-67.1939884427544));
#8325=CARTESIAN_POINT('',(139.031668186738,-16.,-61.2913094454666));
#8326=CARTESIAN_POINT('',(139.031668186738,-15.,-61.2913094454666));
#8327=CARTESIAN_POINT('',(149.195302627963,-15.,-92.6258142664009));
#8328=CARTESIAN_POINT('',(149.195302627963,-16.,-92.6258142664009));
#8329=CARTESIAN_POINT('',(149.888801915206,-18.,-91.424020568765));
#8330=CARTESIAN_POINT('',(138.481142233939,-18.,-56.2541835045401));
#8331=CARTESIAN_POINT('',(138.481142233939,-15.,-56.2541835045401));
#8332=CARTESIAN_POINT('',(149.888801915206,-18.,-91.424020568765));
#8333=CARTESIAN_POINT('',(149.888801915206,-15.,-91.424020568765));
#8334=CARTESIAN_POINT('',(149.888801915206,-15.,-91.424020568765));
#8335=CARTESIAN_POINT('',(138.481142233939,-18.,-56.2541835045401));
#8336=CARTESIAN_POINT('',(138.481142233939,-15.,-56.2541835045401));
#8337=CARTESIAN_POINT('',(114.305891193738,-15.,-45.5069411320668));
#8338=CARTESIAN_POINT('',(114.305891193738,-16.,-45.5069411320668));
#8339=CARTESIAN_POINT('',(114.74173573417,-13.4851995818112,-46.7915625815076));
#8340=CARTESIAN_POINT('',(114.099715857186,-13.4851995818112,-44.6536621829321));
#8341=CARTESIAN_POINT('',(113.7856546322,-12.8077491407829,-47.0802325550207));
#8342=CARTESIAN_POINT('',(113.143634755216,-12.8077491407829,-44.9423321564452));
#8343=CARTESIAN_POINT('',(112.733778964882,-11.9999999999999,-47.3978258223683));
#8344=CARTESIAN_POINT('',(112.091759087898,-11.9999999999999,-45.2599254237928));
#8345=CARTESIAN_POINT('',(114.305891193738,-13.4526365028946,-45.5069411320668));
#8346=CARTESIAN_POINT('',(114.233363476939,-13.460802408242,-45.2236631336555));
#8347=CARTESIAN_POINT('',(114.160835713643,-13.4689615951171,-44.9403849536385));
#8348=CARTESIAN_POINT('',(114.088307903599,-13.4771140270708,-44.6571065910307));
#8349=CARTESIAN_POINT('',(114.088307903599,-13.4771140270708,-44.6571065910307));
#8350=CARTESIAN_POINT('',(112.091759087898,-11.9999999999999,-45.2599254237928));
#8351=CARTESIAN_POINT('',(115.687753214945,-14.7614111217044,-44.1741853884869));
#8352=CARTESIAN_POINT('',(118.164180568228,-16.0000000000001,-43.4264766250708));
#8353=CARTESIAN_POINT('',(114.405146547518,-13.7000000000001,-44.5614433647727));
#8354=CARTESIAN_POINT('',(113.109707959512,-13.7000000000001,-40.2551505487123));
#8355=CARTESIAN_POINT('',(109.945190723972,-13.7000000000001,-37.0456998376461));
#8356=CARTESIAN_POINT('',(105.632319942264,-13.7000000000001,-35.7018641073342));
#8357=CARTESIAN_POINT('',(113.313017861737,-12.9378206530414,-44.8911902430946));
#8358=CARTESIAN_POINT('',(112.129158811486,-12.9378206530414,-40.954451233117));
#8359=CARTESIAN_POINT('',(109.236573606164,-12.9378206530414,-38.020235080228));
#8360=CARTESIAN_POINT('',(105.294050994928,-12.9378206530414,-36.7913833542204));
#8361=CARTESIAN_POINT('',(112.091759087898,-11.9999999999999,-45.2599254237928));
#8362=CARTESIAN_POINT('',(111.032672412219,-11.9999999999999,-41.736435176494));
#8363=CARTESIAN_POINT('',(108.44417168166,-11.9999999999999,-39.1099965075355));
#8364=CARTESIAN_POINT('',(104.915786120807,-11.9999999999999,-38.0097241567759));
#8365=CARTESIAN_POINT('',(114.088307903599,-13.4771140270708,-44.6571065910307));
#8366=CARTESIAN_POINT('',(113.883941744564,-13.5003379583619,-43.8588953825536));
#8367=CARTESIAN_POINT('',(113.680783144744,-13.577252728741,-43.0654006462404));
#8368=CARTESIAN_POINT('',(113.478655362467,-13.6999999999974,-42.2759320663119));
#8369=CARTESIAN_POINT('',(113.478655362468,-13.6999999999982,-42.2759320663116));
#8370=CARTESIAN_POINT('',(113.478655362468,-13.6999999999982,-42.2759320663116));
#8371=CARTESIAN_POINT('',(112.080980069167,-13.6999999999982,-39.5784275100716));
#8372=CARTESIAN_POINT('',(109.787655870706,-13.7000000000001,-37.4311721084289));
#8373=CARTESIAN_POINT('',(107.004131405511,-13.7000000000001,-36.2137902422494));
#8374=CARTESIAN_POINT('',(107.004131405511,-13.7,-36.2137902422495));
#8375=CARTESIAN_POINT('',(104.974221277921,-12.0000000000009,-38.0281270498639));
#8376=CARTESIAN_POINT('',(105.62866347248,-12.5787686038165,-37.4101081962219));
#8377=CARTESIAN_POINT('',(106.304939634185,-13.1489575399037,-36.8082248924465));
#8378=CARTESIAN_POINT('',(107.004131405511,-13.7000000000001,-36.2137902422494));
#8379=CARTESIAN_POINT('',(147.879452092142,-7.99999999999979,-59.1867543080809));
#8380=CARTESIAN_POINT('',(147.529464437566,-7.9999999999998,-58.249999995764));
#8381=CARTESIAN_POINT('',(149.279464437566,-7.99999999999979,-58.249999995764));
#8382=CARTESIAN_POINT('',(150.923903607172,-7.99999999999978,-58.0492944307083));
#8383=CARTESIAN_POINT('',(150.923903607172,-7.99999999999978,-58.0492944307083));
#8384=CARTESIAN_POINT('',(150.22392829802,-7.99999999999978,-56.1757858060746));
#8385=CARTESIAN_POINT('',(148.113640670222,-7.99999999999979,-59.0992573944368));
#8386=CARTESIAN_POINT('',(145.303377733271,-7.99999999999981,-60.1492203581653));
#8387=CARTESIAN_POINT('',(144.603402424119,-7.99999999999981,-58.2757117335315));
#8388=CARTESIAN_POINT('',(144.603402424119,-7.99999999999981,-58.2757117335315));
#8389=CARTESIAN_POINT('',(147.413665361069,-7.9999999999998,-57.225748769803));
#8390=CARTESIAN_POINT('',(144.603402424119,-7.99999999999981,-58.2757117335315));
#8391=CARTESIAN_POINT('',(145.303377733271,-7.99999999999981,-60.1492203581653));
#8392=CARTESIAN_POINT('',(145.303377733271,-9.99999999999981,-60.1492203581653));
#8393=CARTESIAN_POINT('',(144.603402424119,-9.99999999999981,-58.2757117335315));
#8394=CARTESIAN_POINT('',(144.603402424119,-9.99999999999981,-58.2757117335315));
#8395=CARTESIAN_POINT('',(144.603402424119,-7.99999999999981,-58.2757117335315));
#8396=CARTESIAN_POINT('',(6.38701017588519E-14,-11.2000000000006,-9.91471739754452E-18));
#8397=CARTESIAN_POINT('',(134.920574087538,-11.1999999999999,-84.919385139529));
#8398=CARTESIAN_POINT('',(134.920574087538,-11.1999999999999,-84.919385139529));
#8399=CARTESIAN_POINT('',(119.101753411316,-11.2,-32.2433477751495));
#8400=CARTESIAN_POINT('',(119.101753411316,-11.2,-32.2433477751495));
#8401=CARTESIAN_POINT('',(132.510199285885,-11.1999999999999,-28.2167388757474));
#8402=CARTESIAN_POINT('',(132.510199285885,-11.1999999999999,-28.2167388757474));
#8403=CARTESIAN_POINT('',(148.329019962108,-11.1999999999998,-80.892776240127));
#8404=CARTESIAN_POINT('',(148.329019962108,-11.1999999999998,-80.892776240127));
#8405=CARTESIAN_POINT('',(155.41090843621,-13.7000000000001,-84.4666151432569));
#8406=CARTESIAN_POINT('',(104.569884300991,-13.7000000000001,-26.7074515604897));
#8407=CARTESIAN_POINT('',(102.148155510554,-13.7000000000001,-17.2500000000001));
#8408=CARTESIAN_POINT('',(114.305891193738,-13.7000000000001,-45.5069411320668));
#8409=CARTESIAN_POINT('',(107.071261481827,-13.7000000000001,-17.2500000000001));
#8410=CARTESIAN_POINT('',(95.4635874897207,-13.7000000000001,-17.2500000000001));
#8411=CARTESIAN_POINT('',(107.346251664413,-13.7000000000001,-37.5498547054575));
#8412=CARTESIAN_POINT('',(101.961839592709,-13.7000000000001,-16.5223901309955));
#8413=CARTESIAN_POINT('',(106.241508934807,-12.9378206530414,-37.8344975895237));
#8414=CARTESIAN_POINT('',(100.857096863103,-12.9378206530414,-16.8070330150618));
#8415=CARTESIAN_POINT('',(105.006144669649,-11.9999999999999,-38.1527958121629));
#8416=CARTESIAN_POINT('',(99.6217325979442,-11.9999999999999,-17.1253312377009));
#8417=CARTESIAN_POINT('',(99.6536559896737,-11.9999999999999,-17.2500000000001));
#8418=CARTESIAN_POINT('',(100.473458926761,-12.5838301486918,-17.2500000000001));
#8419=CARTESIAN_POINT('',(101.30317403742,-13.1531156431341,-17.2500000000001));
#8420=CARTESIAN_POINT('',(102.148155510554,-13.7000000000001,-17.2500000000001));
#8421=CARTESIAN_POINT('',(99.6536559896737,-11.9999999999999,-17.2500000000001));
#8422=CARTESIAN_POINT('',(102.229777306227,-11.9999999999999,-27.310392667195));
#8423=CARTESIAN_POINT('',(32.2501977006458,-12.,-36.7793004625412));
#8424=CARTESIAN_POINT('',(32.2501977006459,-12.,-17.2499999999997));
#8425=CARTESIAN_POINT('',(87.5896775039537,-12.,-17.25));
#8426=CARTESIAN_POINT('',(87.5896775039537,-12.,-14.25));
#8427=CARTESIAN_POINT('',(87.5896775039537,-5.,-14.25));
#8428=CARTESIAN_POINT('',(87.5896775039537,-12.0000000000001,-17.25));
#8429=CARTESIAN_POINT('',(87.5896775039537,-8.,-17.25));
#8430=CARTESIAN_POINT('',(87.5896775039537,-8.,-14.25));
#8431=CARTESIAN_POINT('',(87.5896775039537,-8.,-14.25));
#8432=CARTESIAN_POINT('',(155.41090843621,-13.7000000000001,-84.4666151432569));
#8433=CARTESIAN_POINT('',(143.083440057486,-13.7000000000004,-17.2499999999852));
#8434=CARTESIAN_POINT('',(111.963587489721,-13.7000000000001,-17.2500000000001));
#8435=CARTESIAN_POINT('',(112.963587489721,-13.7000000000001,-17.2500000000001));
#8436=CARTESIAN_POINT('',(112.96358748972,-13.7000000000001,-84.4666151432566));
#8437=CARTESIAN_POINT('',(112.963587489721,-13.7000000000001,-16.2500000000002));
#8438=CARTESIAN_POINT('',(111.963587489721,-13.7000000000001,-16.2500000000001));
#8439=CARTESIAN_POINT('',(41.8287509666469,-8.,-23.6508300947988));
#8440=CARTESIAN_POINT('',(155.41090843621,-8.00000000000009,-92.7499999999998));
#8441=CARTESIAN_POINT('',(125.256228524768,-8.00000000000009,-92.75));
#8442=CARTESIAN_POINT('',(122.308456965142,-8.,-92.75));
#8443=CARTESIAN_POINT('',(122.505536508131,-8.,-93.4048236290087));
#8444=CARTESIAN_POINT('',(113.481301855952,-8.,-63.4205746584853));
#8445=CARTESIAN_POINT('',(111.600500723798,-8.,-57.1713566822066));
#8446=CARTESIAN_POINT('',(112.227434434516,-8.,-59.2544293409662));
#8447=CARTESIAN_POINT('',(112.854368145234,-8.,-61.3375019997258));
#8448=CARTESIAN_POINT('',(113.481301855952,-8.,-63.4205746584853));
#8449=CARTESIAN_POINT('',(95.4635874897207,-8.,-17.2500000000001));
#8450=CARTESIAN_POINT('',(98.3457737995518,-8.00000000000009,-17.25));
#8451=CARTESIAN_POINT('',(98.3457737995518,-8.00000000000009,-21.500077515918));
#8452=CARTESIAN_POINT('',(98.3457737995518,-8.00000000000009,-21.25));
#8453=CARTESIAN_POINT('',(98.3457737995518,-8.00000000000009,-21.25));
#8454=CARTESIAN_POINT('',(100.069503865079,-8.00000000000009,-25.25));
#8455=CARTESIAN_POINT('',(98.6067937448604,-8.00000000000009,-25.25));
#8456=CARTESIAN_POINT('',(103.028388606396,-8.00000000000009,-25.25));
#8457=CARTESIAN_POINT('',(103.028388606396,-8.00000000000009,-33.25));
#8458=CARTESIAN_POINT('',(103.028388606396,-8.00000000000009,-33.25));
#8459=CARTESIAN_POINT('',(105.344726370545,-8.00000000000009,-33.25));
#8460=CARTESIAN_POINT('',(107.388145097678,-8.00000000000009,-33.25));
#8461=CARTESIAN_POINT('',(125.331304505554,-8.00000000000009,-92.9999999999999));
#8462=CARTESIAN_POINT('',(155.41090843621,-10.2500000000001,-92.7499999999998));
#8463=CARTESIAN_POINT('',(122.308456965142,-8.,-92.75));
#8464=CARTESIAN_POINT('',(122.456695829739,-8.,-93.2425438216656));
#8465=CARTESIAN_POINT('',(122.695142951034,-8.15864414316389,-93.6833301597591));
#8466=CARTESIAN_POINT('',(122.978968466841,-8.40235232682009,-94.0340163845498));
#8467=CARTESIAN_POINT('',(122.978968466841,-8.40235232682007,-94.0340163845498));
#8468=CARTESIAN_POINT('',(125.256228524768,-8.00000000000009,-92.75));
#8469=CARTESIAN_POINT('',(125.476518688785,-8.00000000000009,-93.4835573964863));
#8470=CARTESIAN_POINT('',(126.294616179624,-8.72161970829191,-94.709479018458));
#8471=CARTESIAN_POINT('',(127.403847744544,-9.78135750729704,-95.0000000000006));
#8472=CARTESIAN_POINT('',(128.002753531433,-10.2500000000028,-95.));
#8473=CARTESIAN_POINT('',(128.002753531433,-10.2500000000028,-95.));
#8474=CARTESIAN_POINT('',(123.560280002039,-10.2500000000001,-95.));
#8475=CARTESIAN_POINT('',(124.418612098045,-10.2500018104657,-95.0000000000006));
#8476=CARTESIAN_POINT('',(124.418612098045,-10.2500018104657,-95.0000000000006));
#8477=CARTESIAN_POINT('',(123.873664896478,-9.6039272080399,-95.0000005198654));
#8478=CARTESIAN_POINT('',(123.369840726382,-8.91415290774703,-94.7178222147691));
#8479=CARTESIAN_POINT('',(123.01637151487,-8.45110076632811,-94.1014664431995));
#8480=CARTESIAN_POINT('',(123.016371514927,-8.45110076630924,-94.1014664431744));
#8481=CARTESIAN_POINT('',(123.016371514927,-8.45110076630924,-94.1014664431744));
#8482=CARTESIAN_POINT('',(123.003684246738,-8.43449470092666,-94.0793625733801));
#8483=CARTESIAN_POINT('',(122.991217063039,-8.41824213408477,-94.0568811748852));
#8484=CARTESIAN_POINT('',(122.978968466841,-8.40235232682007,-94.0340163845498));
#8485=CARTESIAN_POINT('',(134.25193699527,8.67361737988404E-16,-89.8695583496078));
#8486=CARTESIAN_POINT('',(121.04280129409,9.47183658059898E-16,-96.7964695288915));
#8487=CARTESIAN_POINT('',(121.042523694973,-0.39029604109924,-96.7955471680096));
#8488=CARTESIAN_POINT('',(121.049198147653,-1.1571163534314,-96.7105145632832));
#8489=CARTESIAN_POINT('',(121.175936916098,-2.6714194295622,-96.509277558906));
#8490=CARTESIAN_POINT('',(121.64189534695,-5.27924594941959,-95.8851841422048));
#8491=CARTESIAN_POINT('',(122.409389067591,-7.25911849032809,-94.9202816938805));
#8492=CARTESIAN_POINT('',(122.978968466841,-8.40235232682013,-94.0340163845499));
#8493=CARTESIAN_POINT('',(121.04280129409,9.47183658059898E-16,-96.7964695288915));
#8494=CARTESIAN_POINT('',(120.228304416283,0.,-94.0901926964315));
#8495=CARTESIAN_POINT('',(110.54869858838,0.,-61.9283837157311));
#8496=CARTESIAN_POINT('',(110.54869858838,0.,-61.9283837157311));
#8497=CARTESIAN_POINT('',(110.54869858838,-1.20280126964339,-61.9283837157311));
#8498=CARTESIAN_POINT('',(110.629798575578,-3.54913057083376,-61.0360386609656));
#8499=CARTESIAN_POINT('',(110.507787262207,-4.86643650141981,-58.9145369058917));
#8500=CARTESIAN_POINT('',(110.263296937998,-5.12616022636416,-57.7654346867497));
#8501=CARTESIAN_POINT('',(108.836914884763,6.07153216591882E-15,-56.9387457026332));
#8502=CARTESIAN_POINT('',(110.04857993347,0.,-62.0470103600039));
#8503=CARTESIAN_POINT('',(109.885915890384,-3.38270909901012E-16,-62.0855937829291));
#8504=CARTESIAN_POINT('',(109.885915890384,-1.24032666963705E-15,-62.0855937829291));
#8505=CARTESIAN_POINT('',(109.886867718641,-0.692352112196191,-62.0853680121226));
#8506=CARTESIAN_POINT('',(109.983957694464,-2.08434514467127,-61.7708578419106));
#8507=CARTESIAN_POINT('',(110.216463385755,-3.80219129169107,-60.5282573603623));
#8508=CARTESIAN_POINT('',(110.138933880034,-4.98468922452075,-58.7466123791198));
#8509=CARTESIAN_POINT('',(109.586214172983,-5.25,-57.4347320523377));
#8510=CARTESIAN_POINT('',(109.199905210308,-5.24999999999999,-56.8526454866143));
#8511=CARTESIAN_POINT('',(106.146228690419,1.33940881255746E-9,-55.1563423817142));
#8512=CARTESIAN_POINT('',(106.532805253141,1.33940881255746E-9,-55.458438073056));
#8513=CARTESIAN_POINT('',(106.89674732876,1.33940881255746E-9,-55.7895000700371));
#8514=CARTESIAN_POINT('',(107.724584629447,1.33940881255746E-9,-56.6648655469445));
#8515=CARTESIAN_POINT('',(108.158319694832,1.33940881255746E-9,-57.2374186159907));
#8516=CARTESIAN_POINT('',(109.258168376739,1.33940881255746E-9,-59.0758197136997));
#8517=CARTESIAN_POINT('',(109.719092253773,1.33940881255746E-9,-60.4625553969834));
#8518=CARTESIAN_POINT('',(109.86519448674,1.33940881255746E-9,-61.8839938525764));
#8519=CARTESIAN_POINT('',(109.873749243091,1.33940881255746E-9,-61.9672236527533));
#8520=CARTESIAN_POINT('',(109.882303999441,1.33940881255746E-9,-62.0504534529301));
#8521=CARTESIAN_POINT('',(109.890858755792,1.33940881255746E-9,-62.1336832531069));
#8522=CARTESIAN_POINT('',(106.147464829919,-1.72706299291543,-55.1542461129863));
#8523=CARTESIAN_POINT('',(106.534146217686,-1.72706299291543,-55.4564036276391));
#8524=CARTESIAN_POINT('',(106.898188486314,-1.72706299291543,-55.7875353024523));
#8525=CARTESIAN_POINT('',(107.726257637401,-1.72706299291543,-56.6630893548399));
#8526=CARTESIAN_POINT('',(108.16011785412,-1.72706299291543,-57.2357692426468));
#8527=CARTESIAN_POINT('',(109.260296364125,-1.72706299291543,-59.074586990341));
#8528=CARTESIAN_POINT('',(109.721378353954,-1.72706299291543,-60.4616488581069));
#8529=CARTESIAN_POINT('',(109.867562391196,-1.72706299291543,-61.8834321927446));
#8530=CARTESIAN_POINT('',(109.876121937451,-1.72706299291543,-61.9666821867004));
#8531=CARTESIAN_POINT('',(109.884681483705,-1.72706299291543,-62.0499321806562));
#8532=CARTESIAN_POINT('',(109.89324102996,-1.72706299291543,-62.133182174612));
#8533=CARTESIAN_POINT('',(106.321201156784,-3.40844242517184,-54.8596207661056));
#8534=CARTESIAN_POINT('',(106.722615443518,-3.40844242517184,-55.1704673930492));
#8535=CARTESIAN_POINT('',(107.100739589826,-3.40844242517184,-55.511392113553));
#8536=CARTESIAN_POINT('',(107.961394737145,-3.40844242517184,-56.4134499799885));
#8537=CARTESIAN_POINT('',(108.412844662084,-3.40844242517184,-57.0039539285519));
#8538=CARTESIAN_POINT('',(109.559379689024,-3.40844242517184,-58.9013307935946));
#8539=CARTESIAN_POINT('',(110.042684038704,-3.40844242517184,-60.3342370776751));
#8540=CARTESIAN_POINT('',(110.200365462904,-3.40844242517184,-61.8044923027549));
#8541=CARTESIAN_POINT('',(110.2095982182,-3.40844242517184,-61.8905804820291));
#8542=CARTESIAN_POINT('',(110.218830973495,-3.40844242517184,-61.9766686613033));
#8543=CARTESIAN_POINT('',(110.22806372879,-3.40844242517184,-62.0627568405775));
#8544=CARTESIAN_POINT('',(106.654167960607,-4.98168171284525,-54.2949693667926));
#8545=CARTESIAN_POINT('',(107.083817944319,-4.98168171284525,-54.6224687341252));
#8546=CARTESIAN_POINT('',(107.488930101068,-4.98168171284525,-54.9821618905803));
#8547=CARTESIAN_POINT('',(108.412036522746,-4.98168171284525,-55.9350144895424));
#8548=CARTESIAN_POINT('',(108.897197238237,-4.98168171284525,-56.5596783668206));
#8549=CARTESIAN_POINT('',(110.132574832282,-4.98168171284525,-58.5692841622774));
#8550=CARTESIAN_POINT('',(110.658468479596,-4.98168171284525,-60.0900515692957));
#8551=CARTESIAN_POINT('',(110.838184720905,-4.98168171284525,-61.6532034886179));
#8552=CARTESIAN_POINT('',(110.848707685719,-4.98168171284525,-61.7447310685699));
#8553=CARTESIAN_POINT('',(110.859230650532,-4.98168171284525,-61.836258648522));
#8554=CARTESIAN_POINT('',(110.869753615346,-4.98168171284525,-61.927786228474));
#8555=CARTESIAN_POINT('',(106.660680086579,-5.01245094361448,-54.283925980484));
#8556=CARTESIAN_POINT('',(107.090882300765,-5.01245094361448,-54.6117510401737));
#8557=CARTESIAN_POINT('',(107.496522285878,-5.01245094361448,-54.9718112675134));
#8558=CARTESIAN_POINT('',(108.420850122308,-5.01245094361448,-55.9256573039387));
#8559=CARTESIAN_POINT('',(108.906670149514,-5.01245094361448,-56.5509892771245));
#8560=CARTESIAN_POINT('',(110.14378531614,-5.01245094361448,-58.5627900329322));
#8561=CARTESIAN_POINT('',(110.670511919976,-5.01245094361448,-60.0852758175606));
#8562=CARTESIAN_POINT('',(110.850659115673,-5.01245094361448,-61.65024459961));
#8563=CARTESIAN_POINT('',(110.861207314254,-5.01245094361448,-61.7418785627271));
#8564=CARTESIAN_POINT('',(110.871755512835,-5.01245094361448,-61.8335125258441));
#8565=CARTESIAN_POINT('',(110.882303711416,-5.01245094361448,-61.9251464889611));
#8566=CARTESIAN_POINT('',(106.667192212551,-5.04322017438371,-54.2728825941754));
#8567=CARTESIAN_POINT('',(107.09794665721,-5.04322017438371,-54.6010333462223));
#8568=CARTESIAN_POINT('',(107.504114470689,-5.04322017438371,-54.9614606444465));
#8569=CARTESIAN_POINT('',(108.429663721869,-5.04322017438371,-55.9163001183351));
#8570=CARTESIAN_POINT('',(108.916143060791,-5.04322017438371,-56.5423001874284));
#8571=CARTESIAN_POINT('',(110.154995799998,-5.04322017438371,-58.5562959035869));
#8572=CARTESIAN_POINT('',(110.682555360357,-5.04322017438371,-60.0805000658255));
#8573=CARTESIAN_POINT('',(110.86313351044,-5.04322017438371,-61.6472857106022));
#8574=CARTESIAN_POINT('',(110.873706942789,-5.04322017438371,-61.7390260568842));
#8575=CARTESIAN_POINT('',(110.884280375137,-5.04322017438371,-61.8307664031663));
#8576=CARTESIAN_POINT('',(110.894853807486,-5.04322017438371,-61.9225067494483));
#8577=CARTESIAN_POINT('',(106.673704338523,-5.07398940515294,-54.2618392078668));
#8578=CARTESIAN_POINT('',(107.105011013655,-5.07398940515294,-54.5903156522709));
#8579=CARTESIAN_POINT('',(107.511706655499,-5.07398940515294,-54.9511100213797));
#8580=CARTESIAN_POINT('',(108.43847732143,-5.07398940515294,-55.9069429327314));
#8581=CARTESIAN_POINT('',(108.925615972067,-5.07398940515294,-56.5336110977322));
#8582=CARTESIAN_POINT('',(110.166206283855,-5.07398940515294,-58.5498017742417));
#8583=CARTESIAN_POINT('',(110.694598800738,-5.07398940515294,-60.0757243140904));
#8584=CARTESIAN_POINT('',(110.875607905208,-5.07398940515294,-61.6443268215944));
#8585=CARTESIAN_POINT('',(110.886206571324,-5.07398940515294,-61.7361735510414));
#8586=CARTESIAN_POINT('',(110.89680523744,-5.07398940515294,-61.8280202804884));
#8587=CARTESIAN_POINT('',(110.907403903556,-5.07398940515294,-61.9198670099354));
#8588=CARTESIAN_POINT('',(106.686121539489,-5.1326596034353,-54.2407818837727));
#8589=CARTESIAN_POINT('',(107.118481197439,-5.1326596034353,-54.5698793523199));
#8590=CARTESIAN_POINT('',(107.526183292616,-5.1326596034353,-54.9313736453801));
#8591=CARTESIAN_POINT('',(108.455282929529,-5.1326596034353,-55.8891008248526));
#8592=CARTESIAN_POINT('',(108.943678743512,-5.1326596034353,-56.5170429027329));
#8593=CARTESIAN_POINT('',(110.187582226455,-5.1326596034353,-58.5374188889102));
#8594=CARTESIAN_POINT('',(110.71756300938,-5.1326596034353,-60.0666179993));
#8595=CARTESIAN_POINT('',(110.899393849679,-5.1326596034353,-61.6386848669389));
#8596=CARTESIAN_POINT('',(110.910040631074,-5.1326596034353,-61.7307344458309));
#8597=CARTESIAN_POINT('',(110.92068741247,-5.1326596034353,-61.8227840247228));
#8598=CARTESIAN_POINT('',(110.931334193865,-5.1326596034353,-61.9148336036148));
#8599=CARTESIAN_POINT('',(106.698538740454,-5.19132980171766,-54.2197245596786));
#8600=CARTESIAN_POINT('',(107.131951381224,-5.19132980171766,-54.5494430523689));
#8601=CARTESIAN_POINT('',(107.540659929733,-5.19132980171766,-54.9116372693805));
#8602=CARTESIAN_POINT('',(108.472088537629,-5.19132980171766,-55.8712587169739));
#8603=CARTESIAN_POINT('',(108.961741514957,-5.19132980171766,-56.5004747077336));
#8604=CARTESIAN_POINT('',(110.208958169055,-5.19132980171766,-58.5250360035786));
#8605=CARTESIAN_POINT('',(110.740527218023,-5.19132980171766,-60.0575116845095));
#8606=CARTESIAN_POINT('',(110.923179794149,-5.19132980171766,-61.6330429122834));
#8607=CARTESIAN_POINT('',(110.933874690824,-5.19132980171766,-61.7252953406203));
#8608=CARTESIAN_POINT('',(110.944569587499,-5.19132980171766,-61.8175477689572));
#8609=CARTESIAN_POINT('',(110.955264484175,-5.19132980171766,-61.9098001972942));
#8610=CARTESIAN_POINT('',(106.71095594142,-5.25000000000002,-54.1986672355845));
#8611=CARTESIAN_POINT('',(107.145421565009,-5.25000000000002,-54.529006752418));
#8612=CARTESIAN_POINT('',(107.55513656685,-5.25000000000002,-54.8919008933809));
#8613=CARTESIAN_POINT('',(108.488894145729,-5.25000000000002,-55.8534166090951));
#8614=CARTESIAN_POINT('',(108.979804286402,-5.25000000000002,-56.4839065127343));
#8615=CARTESIAN_POINT('',(110.230334111655,-5.25000000000002,-58.5126531182471));
#8616=CARTESIAN_POINT('',(110.763491426665,-5.25000000000002,-60.048405369719));
#8617=CARTESIAN_POINT('',(110.946965738619,-5.25000000000002,-61.6274009576279));
#8618=CARTESIAN_POINT('',(110.957708750574,-5.25000000000002,-61.7198562354098));
#8619=CARTESIAN_POINT('',(110.968451762529,-5.25000000000002,-61.8123115131917));
#8620=CARTESIAN_POINT('',(110.979194774484,-5.25000000000002,-61.9047667909736));
#8621=CARTESIAN_POINT('',(106.376141315627,-3.38270909901012E-16,-55.3416426076615));
#8622=CARTESIAN_POINT('',(107.380411951179,-3.38270909901012E-16,-56.1762406573745));
#8623=CARTESIAN_POINT('',(108.621727927482,-3.38270909901012E-16,-57.7264259433599));
#8624=CARTESIAN_POINT('',(109.594063834042,-3.38270909901012E-16,-60.1349846219802));
#8625=CARTESIAN_POINT('',(109.818954125869,-3.38270909901012E-16,-61.4341182701868));
#8626=CARTESIAN_POINT('',(109.885915890384,-3.38270909901012E-16,-62.0855937829291));
#8627=CARTESIAN_POINT('',(106.37613842646,-1.24950839755879E-10,-55.3416460841917));
#8628=CARTESIAN_POINT('',(106.368888978393,1.33940881255746E-9,-55.3356214373489));
#8629=CARTESIAN_POINT('',(106.30797337774,-0.0450630183388151,-55.2850144817271));
#8630=CARTESIAN_POINT('',(106.246570637843,-0.0901255426816694,-55.2349450774837));
#8631=CARTESIAN_POINT('',(106.184683609797,-0.135183917200735,-55.1854194464249));
#8632=CARTESIAN_POINT('',(105.773007874853,-0.499802641127634,-55.0548564903822));
#8633=CARTESIAN_POINT('',(109.857109931358,-0.499802641132341,-68.2217246756158));
#8634=CARTESIAN_POINT('',(113.941211987862,-0.499802641118206,-81.3885928608494));
#8635=CARTESIAN_POINT('',(118.025314044368,-0.499802641127,-94.5554610460831));
#8636=CARTESIAN_POINT('',(106.237145721411,0.,-54.9108901115164));
#8637=CARTESIAN_POINT('',(110.321247777304,0.,-68.0777582969399));
#8638=CARTESIAN_POINT('',(114.405349834893,0.,-81.2446264818372));
#8639=CARTESIAN_POINT('',(118.489451891005,0.,-94.4114946671929));
#8640=CARTESIAN_POINT('',(118.485498210464,0.,-94.3987482691325));
#8641=CARTESIAN_POINT('',(114.447408792288,0.,-81.380221710973));
#8642=CARTESIAN_POINT('',(110.409319374111,0.,-68.3616951528135));
#8643=CARTESIAN_POINT('',(106.371229955935,0.,-55.343168594654));
#8644=CARTESIAN_POINT('',(118.48541047331,-1.24950667556681E-10,-94.3987754834657));
#8645=CARTESIAN_POINT('',(118.48541293832,-9.18245368643685E-5,-94.3987747188648));
#8646=CARTESIAN_POINT('',(118.332046640336,-0.166662096733573,-94.4510034946043));
#8647=CARTESIAN_POINT('',(118.178680342352,-0.333232368930285,-94.5032322703437));
#8648=CARTESIAN_POINT('',(118.025314044368,-0.499802641127,-94.5554610460831));
#8649=CARTESIAN_POINT('',(118.025314044039,-0.499802628872868,-94.5554610461852));
#8650=CARTESIAN_POINT('',(119.359572614799,-0.49979521550137,-98.4733540129492));
#8651=CARTESIAN_POINT('',(119.321930040549,-0.499801938448569,-102.805668155428));
#8652=CARTESIAN_POINT('',(117.950999243017,-0.499802571021936,-106.685315010834));
#8653=CARTESIAN_POINT('',(118.485322736386,0.,-94.3988026977205));
#8654=CARTESIAN_POINT('',(119.85444177509,0.,-98.4198839553306));
#8655=CARTESIAN_POINT('',(119.81607244105,0.,-102.865778377569));
#8656=CARTESIAN_POINT('',(118.409057734663,0.,-106.84756731764));
#8657=CARTESIAN_POINT('',(118.434086884097,0.,-106.776273246427));
#8658=CARTESIAN_POINT('',(118.780348980209,0.,-105.783492661124));
#8659=CARTESIAN_POINT('',(119.302210931026,0.,-103.765602663013));
#8660=CARTESIAN_POINT('',(119.57417773447,0.,-100.603555979154));
#8661=CARTESIAN_POINT('',(119.331836617155,0.,-97.420971916494));
#8662=CARTESIAN_POINT('',(118.824916298318,0.,-95.3961841232659));
#8663=CARTESIAN_POINT('',(118.485323547641,0.,-94.3988050803649));
#8664=CARTESIAN_POINT('',(118.434091236318,1.86912704573921E-6,-106.776274764395));
#8665=CARTESIAN_POINT('',(118.434090089801,0.,-106.776264055182));
#8666=CARTESIAN_POINT('',(118.317178841434,-0.168294526220233,-106.614604031673));
#8667=CARTESIAN_POINT('',(118.201724087086,-0.334636699649669,-106.451337143141));
#8668=CARTESIAN_POINT('',(118.08745253886,-0.499026504248495,-106.28668131244));
#8669=CARTESIAN_POINT('',(118.087140790856,-0.499414494757621,-106.286421156852));
#8670=CARTESIAN_POINT('',(118.086829028953,-0.499802485676762,-106.286160982048));
#8671=CARTESIAN_POINT('',(119.322900874221,-0.499801495613708,-102.510154993791));
#8672=CARTESIAN_POINT('',(119.313992325905,-0.499795468753342,-98.3395128691125));
#8673=CARTESIAN_POINT('',(118.025314044039,-0.499802628872868,-94.5554610461852));
#8674=CARTESIAN_POINT('',(117.998548157868,-0.350239649006246,-94.4879595006909));
#8675=CARTESIAN_POINT('',(117.998914750258,-0.350239649006246,-94.4890358590806));
#8676=CARTESIAN_POINT('',(117.999281342648,-0.350239649006246,-94.4901122174703));
#8677=CARTESIAN_POINT('',(118.003284387507,-0.350239649006246,-94.5018656281739));
#8678=CARTESIAN_POINT('',(118.006920839976,-0.350239649006246,-94.5125426804879));
#8679=CARTESIAN_POINT('',(118.012375518681,-0.350239649006246,-94.5285582589588));
#8680=CARTESIAN_POINT('',(118.014193744915,-0.350239649006246,-94.5338967851158));
#8681=CARTESIAN_POINT('',(118.017830197385,-0.350239649006246,-94.5445738374298));
#8682=CARTESIAN_POINT('',(118.019648131985,-0.350239649006246,-94.549911907193));
#8683=CARTESIAN_POINT('',(118.022825614955,-0.350239649006246,-94.55924067235));
#8684=CARTESIAN_POINT('',(118.024183865481,-0.350239649006246,-94.5632315254983));
#8685=CARTESIAN_POINT('',(118.026896980625,-0.350239649006246,-94.5712135436863));
#8686=CARTESIAN_POINT('',(118.028252171274,-0.350239649006246,-94.5752050133034));
#8687=CARTESIAN_POINT('',(118.032313641564,-0.350239649006246,-94.5871808010277));
#8688=CARTESIAN_POINT('',(118.035015819556,-0.350239649006246,-94.5951664980417));
#8689=CARTESIAN_POINT('',(118.04310593989,-0.350239649006246,-94.6191290832858));
#8690=CARTESIAN_POINT('',(118.048477468606,-0.350239649006246,-94.6351114657965));
#8691=CARTESIAN_POINT('',(118.06452634425,-0.350239649006246,-94.683080419313));
#8692=CARTESIAN_POINT('',(118.075137980621,-0.350239649006246,-94.7150887965825));
#8693=CARTESIAN_POINT('',(118.106709603443,-0.350239649006246,-94.8111997801435));
#8694=CARTESIAN_POINT('',(118.127406302016,-0.350239649006246,-94.8753882407425));
#8695=CARTESIAN_POINT('',(118.188439753655,-0.350239649006246,-95.0682859706577));
#8696=CARTESIAN_POINT('',(118.227719832822,-0.350239649006246,-95.1973276227035));
#8697=CARTESIAN_POINT('',(118.341306467821,-0.350239649006246,-95.5856922671393));
#8698=CARTESIAN_POINT('',(118.411358852337,-0.350239649006246,-95.8462554019933));
#8699=CARTESIAN_POINT('',(118.604303085009,-0.350239649006246,-96.6321682805853));
#8700=CARTESIAN_POINT('',(118.709970894234,-0.350239649006246,-97.1617452652499));
#8701=CARTESIAN_POINT('',(118.95687501209,-0.350239649006246,-98.7612820410792));
#8702=CARTESIAN_POINT('',(119.027830732633,-0.350239649006246,-99.8419813965853));
#8703=CARTESIAN_POINT('',(118.980306655165,-0.350239649006246,-101.999427169411));
#8704=CARTESIAN_POINT('',(118.861831699539,-0.350239649006246,-103.07595375809));
#8705=CARTESIAN_POINT('',(118.474965257022,-0.350239649006246,-105.012257238761));
#8706=CARTESIAN_POINT('',(118.235495265362,-0.350239649006246,-105.877677574862));
#8707=CARTESIAN_POINT('',(117.934646635116,-0.350239649006246,-106.721273265024));
#8708=CARTESIAN_POINT('',(118.132606508901,-8.64439914820069,-94.3750106879332));
#8709=CARTESIAN_POINT('',(118.132973101291,-8.64439914820069,-94.3760870463229));
#8710=CARTESIAN_POINT('',(118.133339693681,-8.64439914820069,-94.3771634047126));
#8711=CARTESIAN_POINT('',(118.13734273854,-8.64439914820069,-94.3889168154162));
#8712=CARTESIAN_POINT('',(118.140979191009,-8.64439914820069,-94.3995938677302));
#8713=CARTESIAN_POINT('',(118.146433869713,-8.64439914820069,-94.4156094462011));
#8714=CARTESIAN_POINT('',(118.148252095948,-8.64439914820069,-94.4209479723581));
#8715=CARTESIAN_POINT('',(118.151888548417,-8.64439914820069,-94.4316250246721));
#8716=CARTESIAN_POINT('',(118.153689243671,-8.64439914820069,-94.4369426320223));
#8717=CARTESIAN_POINT('',(118.156896848825,-8.64439914820069,-94.4463071510038));
#8718=CARTESIAN_POINT('',(118.158293739033,-8.64439914820069,-94.450343885785));
#8719=CARTESIAN_POINT('',(118.161058345218,-8.64439914820069,-94.458387103369));
#8720=CARTESIAN_POINT('',(118.162439270894,-8.64439914820069,-94.4624091814657));
#8721=CARTESIAN_POINT('',(118.166577914761,-8.64439914820069,-94.4744768209528));
#8722=CARTESIAN_POINT('',(118.169331499803,-8.64439914820069,-94.4825237875746));
#8723=CARTESIAN_POINT('',(118.177575715151,-8.64439914820069,-94.5066702867743));
#8724=CARTESIAN_POINT('',(118.183049805692,-8.64439914820069,-94.522775418766));
#8725=CARTESIAN_POINT('',(118.199405861174,-8.64439914820069,-94.5711130399384));
#8726=CARTESIAN_POINT('',(118.210221609921,-8.64439914820069,-94.603367754598));
#8727=CARTESIAN_POINT('',(118.242403538669,-8.64439914820069,-94.700219416584));
#8728=CARTESIAN_POINT('',(118.263504399583,-8.64439914820069,-94.7649038844998));
#8729=CARTESIAN_POINT('',(118.325742144387,-8.64439914820069,-94.9592962156958));
#8730=CARTESIAN_POINT('',(118.365814160378,-8.64439914820069,-95.0893430414443));
#8731=CARTESIAN_POINT('',(118.481743282376,-8.64439914820069,-95.4807488245914));
#8732=CARTESIAN_POINT('',(118.553312890132,-8.64439914820069,-95.7433735480322));
#8733=CARTESIAN_POINT('',(118.750671209853,-8.64439914820069,-96.5355678480971));
#8734=CARTESIAN_POINT('',(118.859098214934,-8.64439914820069,-97.0694613929736));
#8735=CARTESIAN_POINT('',(119.113697579252,-8.64439914820069,-98.6822849618933));
#8736=CARTESIAN_POINT('',(119.189005178674,-8.64439914820069,-99.7722917018948));
#8737=CARTESIAN_POINT('',(119.148496877721,-8.64439914820069,-101.94897021113));
#8738=CARTESIAN_POINT('',(119.032685104874,-8.64439914820069,-103.035420192042));
#8739=CARTESIAN_POINT('',(118.649072919087,-8.64439914820069,-104.990171379676));
#8740=CARTESIAN_POINT('',(118.410469079413,-8.64439914820069,-105.864066230552));
#8741=CARTESIAN_POINT('',(118.109868875371,-8.64439914820069,-106.716155081611));
#8742=CARTESIAN_POINT('',(122.232833973868,-14.185711563299,-90.9204267650622));
#8743=CARTESIAN_POINT('',(122.233200566258,-14.185711563299,-90.9215031234519));
#8744=CARTESIAN_POINT('',(122.233567158647,-14.185711563299,-90.9225794818416));
#8745=CARTESIAN_POINT('',(122.237570203507,-14.185711563299,-90.9343328925453));
#8746=CARTESIAN_POINT('',(122.241206655976,-14.185711563299,-90.9450099448592));
#8747=CARTESIAN_POINT('',(122.24666133468,-14.185711563299,-90.9610255233302));
#8748=CARTESIAN_POINT('',(122.248479560915,-14.185711563299,-90.9663640494872));
#8749=CARTESIAN_POINT('',(122.252116013384,-14.185711563299,-90.9770411018011));
#8750=CARTESIAN_POINT('',(122.253389436448,-14.185711563299,-90.9817328581914));
#8751=CARTESIAN_POINT('',(122.257518340443,-14.185711563299,-90.9921909219772));
#8752=CARTESIAN_POINT('',(122.260097040543,-14.185711563299,-90.9976309645701));
#8753=CARTESIAN_POINT('',(122.2644365205,-14.185711563299,-91.0075459897825));
#8754=CARTESIAN_POINT('',(122.266604562082,-14.185711563299,-91.012504240283));
#8755=CARTESIAN_POINT('',(122.273103590205,-14.185711563299,-91.0273812021149));
#8756=CARTESIAN_POINT('',(122.27742948014,-14.185711563299,-91.0373021238194));
#8757=CARTESIAN_POINT('',(122.29038675217,-14.185711563299,-91.0670737037856));
#8758=CARTESIAN_POINT('',(122.29899773652,-14.185711563299,-91.0869331769983));
#8759=CARTESIAN_POINT('',(122.324749008325,-14.185711563299,-91.1465466436223));
#8760=CARTESIAN_POINT('',(122.341807614499,-14.185711563299,-91.1863356843822));
#8761=CARTESIAN_POINT('',(122.392655990359,-14.185711563299,-91.3058412877097));
#8762=CARTESIAN_POINT('',(122.426118315632,-14.185711563299,-91.3856963347634));
#8763=CARTESIAN_POINT('',(122.525189841197,-14.185711563299,-91.625801634776));
#8764=CARTESIAN_POINT('',(122.589483556858,-14.185711563299,-91.7865920941067));
#8765=CARTESIAN_POINT('',(122.777058566311,-14.185711563299,-92.2710123024868));
#8766=CARTESIAN_POINT('',(122.895033044399,-14.185711563299,-92.5966915248067));
#8767=CARTESIAN_POINT('',(123.227397955024,-14.185711563299,-93.581005574545));
#8768=CARTESIAN_POINT('',(123.420216052064,-14.185711563299,-94.2469228135734));
#8769=CARTESIAN_POINT('',(123.910177560166,-14.185711563299,-96.2661281821428));
#8770=CARTESIAN_POINT('',(124.11858908908,-14.185711563299,-97.6408049426319));
#8771=CARTESIAN_POINT('',(124.292661076001,-14.185711563299,-100.405724269739));
#8772=CARTESIAN_POINT('',(124.25830379734,-14.185711563299,-101.795685110409));
#8773=CARTESIAN_POINT('',(123.974224335329,-14.185711563299,-104.314666681108));
#8774=CARTESIAN_POINT('',(123.762112095276,-14.185711563299,-105.447757904052));
#8775=CARTESIAN_POINT('',(123.469110104516,-14.185711563299,-106.559613426144));
#8776=CARTESIAN_POINT('',(127.361161237835,-16.,-86.5996330850308));
#8777=CARTESIAN_POINT('',(127.361527830224,-16.,-86.6007094434205));
#8778=CARTESIAN_POINT('',(127.361894422614,-16.,-86.6017858018101));
#8779=CARTESIAN_POINT('',(127.365897467473,-16.,-86.6135392125138));
#8780=CARTESIAN_POINT('',(127.369533919943,-16.,-86.6242162648278));
#8781=CARTESIAN_POINT('',(127.374988598647,-16.,-86.6402318432987));
#8782=CARTESIAN_POINT('',(127.376806824882,-16.,-86.6455703694557));
#8783=CARTESIAN_POINT('',(127.380443277351,-16.,-86.6562474217697));
#8784=CARTESIAN_POINT('',(127.381057218869,-16.,-86.6601563999925));
#8785=CARTESIAN_POINT('',(127.386338430145,-16.,-86.6719822063444));
#8786=CARTESIAN_POINT('',(127.390395269675,-16.,-86.6791774251494));
#8787=CARTESIAN_POINT('',(127.396704510621,-16.,-86.691433599036));
#8788=CARTESIAN_POINT('',(127.399857031235,-16.,-86.6975627598098));
#8789=CARTESIAN_POINT('',(127.409308291407,-16.,-86.7159534594764));
#8790=CARTESIAN_POINT('',(127.415600729324,-16.,-86.7282182157668));
#8791=CARTESIAN_POINT('',(127.434452819943,-16.,-86.7650253212746));
#8792=CARTESIAN_POINT('',(127.446987249561,-16.,-86.7895805072512));
#8793=CARTESIAN_POINT('',(127.484489514314,-16.,-86.8632971489181));
#8794=CARTESIAN_POINT('',(127.509356325329,-16.,-86.9125096888096));
#8795=CARTESIAN_POINT('',(127.583551613151,-16.,-87.0603495311545));
#8796=CARTESIAN_POINT('',(127.63247494278,-16.,-87.159179060787));
#8797=CARTESIAN_POINT('',(127.777616030026,-16.,-87.4564594971309));
#8798=CARTESIAN_POINT('',(127.872204846109,-16.,-87.6557023144443));
#8799=CARTESIAN_POINT('',(128.149390385983,-16.,-88.2564595838629));
#8800=CARTESIAN_POINT('',(128.325405390783,-16.,-88.661003724893));
#8801=CARTESIAN_POINT('',(128.826628733499,-16.,-89.8856100410031));
#8802=CARTESIAN_POINT('',(129.124998325286,-16.,-90.716654877462));
#8803=CARTESIAN_POINT('',(129.909337184202,-16.,-93.2441390867858));
#8804=CARTESIAN_POINT('',(130.284227406404,-16.,-94.9748646371956));
#8805=CARTESIAN_POINT('',(130.726684001257,-16.,-98.4755215422411));
#8806=CARTESIAN_POINT('',(130.794205290767,-16.,-100.245096204413));
#8807=CARTESIAN_POINT('',(130.634615600448,-16.,-103.469784490496));
#8808=CARTESIAN_POINT('',(130.455637520332,-16.,-104.927063537886));
#8809=CARTESIAN_POINT('',(130.172138935095,-16.,-106.363820181369));
#8810=CARTESIAN_POINT('',(127.361285905764,-16.0000441047483,-86.599528047974));
#8811=CARTESIAN_POINT('',(127.361652498154,-16.0000441047483,-86.6006044063637));
#8812=CARTESIAN_POINT('',(127.362019090544,-16.0000441047483,-86.6016807647533));
#8813=CARTESIAN_POINT('',(127.366022135403,-16.0000441047483,-86.613434175457));
#8814=CARTESIAN_POINT('',(127.369658587872,-16.0000441047483,-86.624111227771));
#8815=CARTESIAN_POINT('',(127.375113266576,-16.0000441047483,-86.6401268062419));
#8816=CARTESIAN_POINT('',(127.376931492811,-16.0000441047483,-86.6454653323989));
#8817=CARTESIAN_POINT('',(127.38056794528,-16.0000441047483,-86.6561423847129));
#8818=CARTESIAN_POINT('',(127.381181870766,-16.0000441047483,-86.6600513439066));
#8819=CARTESIAN_POINT('',(127.386463110055,-16.0000441047483,-86.6718771835078));
#8820=CARTESIAN_POINT('',(127.390519985518,-16.0000441047483,-86.6790724449807));
#8821=CARTESIAN_POINT('',(127.396829274349,-16.0000441047483,-86.6913286757798));
#8822=CARTESIAN_POINT('',(127.399981818894,-16.0000441047483,-86.6974578650181));
#8823=CARTESIAN_POINT('',(127.409433150835,-16.0000441047483,-86.7158486501024));
#8824=CARTESIAN_POINT('',(127.415725636557,-16.0000441047483,-86.7281134633707));
#8825=CARTESIAN_POINT('',(127.434577870478,-16.0000441047483,-86.7649207399097));
#8826=CARTESIAN_POINT('',(127.447112395473,-16.0000441047483,-86.7894760400376));
#8827=CARTESIAN_POINT('',(127.484614945889,-16.0000441047483,-86.8631930245479));
#8828=CARTESIAN_POINT('',(127.509481946719,-16.0000441047483,-86.9124057935216));
#8829=CARTESIAN_POINT('',(127.583677802097,-16.0000441047483,-87.0602463246624));
#8830=CARTESIAN_POINT('',(127.632601507577,-16.0000441047483,-87.1590763155582));
#8831=CARTESIAN_POINT('',(127.77774371476,-16.0000441047483,-87.4563581418107));
#8832=CARTESIAN_POINT('',(127.872333267306,-16.0000441047483,-87.6556018938881));
#8833=CARTESIAN_POINT('',(128.149520985582,-16.0000441047483,-88.256361991422));
#8834=CARTESIAN_POINT('',(128.325537401328,-16.0000441047483,-88.660908049632));
#8835=CARTESIAN_POINT('',(128.826764848936,-16.0000441047483,-89.8855202071672));
#8836=CARTESIAN_POINT('',(129.125137006645,-16.0000441047483,-90.716569057823));
#8837=CARTESIAN_POINT('',(129.909483021776,-16.0000441047483,-93.2440656232364));
#8838=CARTESIAN_POINT('',(130.28437729102,-16.0000441047483,-94.9747998290737));
#8839=CARTESIAN_POINT('',(130.726840410214,-16.0000441047483,-98.475474619655));
#8840=CARTESIAN_POINT('',(130.794364176357,-16.0000441047483,-100.245058510113));
#8841=CARTESIAN_POINT('',(130.634777512344,-16.0000441047483,-103.469763951691));
#8842=CARTESIAN_POINT('',(130.455800237708,-16.0000441047483,-104.927050879979));
#8843=CARTESIAN_POINT('',(130.172301883496,-16.0000441047483,-106.363815421701));
#8844=CARTESIAN_POINT('',(127.361410573694,-16.0000882094965,-86.5994230109172));
#8845=CARTESIAN_POINT('',(127.361777166083,-16.0000882094965,-86.6004993693068));
#8846=CARTESIAN_POINT('',(127.362143758473,-16.0000882094965,-86.6015757276965));
#8847=CARTESIAN_POINT('',(127.366146803333,-16.0000882094965,-86.6133291384002));
#8848=CARTESIAN_POINT('',(127.369783255802,-16.0000882094965,-86.6240061907142));
#8849=CARTESIAN_POINT('',(127.375237934506,-16.0000882094965,-86.6400217691851));
#8850=CARTESIAN_POINT('',(127.377056160741,-16.0000882094965,-86.6453602953421));
#8851=CARTESIAN_POINT('',(127.38069261321,-16.0000882094965,-86.6560373476561));
#8852=CARTESIAN_POINT('',(127.381306522664,-16.0000882094965,-86.6599462878207));
#8853=CARTESIAN_POINT('',(127.386587789965,-16.0000882094965,-86.6717721606713));
#8854=CARTESIAN_POINT('',(127.390644701361,-16.0000882094965,-86.6789674648119));
#8855=CARTESIAN_POINT('',(127.396954038076,-16.0000882094965,-86.6912237525236));
#8856=CARTESIAN_POINT('',(127.400106606554,-16.0000882094965,-86.6973529702263));
#8857=CARTESIAN_POINT('',(127.409558010262,-16.0000882094965,-86.7157438407284));
#8858=CARTESIAN_POINT('',(127.415850543791,-16.0000882094965,-86.7280087109745));
#8859=CARTESIAN_POINT('',(127.434702921012,-16.0000882094965,-86.7648161585449));
#8860=CARTESIAN_POINT('',(127.447237541386,-16.0000882094965,-86.7893715728239));
#8861=CARTESIAN_POINT('',(127.484740377464,-16.0000882094965,-86.8630889001778));
#8862=CARTESIAN_POINT('',(127.509607568108,-16.0000882094965,-86.9123018982336));
#8863=CARTESIAN_POINT('',(127.583803991042,-16.0000882094965,-87.0601431181703));
#8864=CARTESIAN_POINT('',(127.632728072375,-16.0000882094965,-87.1589735703295));
#8865=CARTESIAN_POINT('',(127.777871399493,-16.0000882094965,-87.4562567864905));
#8866=CARTESIAN_POINT('',(127.872461688502,-16.0000882094965,-87.655501473332));
#8867=CARTESIAN_POINT('',(128.149651585181,-16.0000882094965,-88.2562643989811));
#8868=CARTESIAN_POINT('',(128.325669411873,-16.0000882094965,-88.660812374371));
#8869=CARTESIAN_POINT('',(128.826900964374,-16.0000882094965,-89.8854303733313));
#8870=CARTESIAN_POINT('',(129.125275688004,-16.0000882094965,-90.7164832381841));
#8871=CARTESIAN_POINT('',(129.909628859351,-16.0000882094965,-93.2439921596869));
#8872=CARTESIAN_POINT('',(130.284527175636,-16.0000882094965,-94.9747350209519));
#8873=CARTESIAN_POINT('',(130.726996819171,-16.0000882094965,-98.4754276970689));
#8874=CARTESIAN_POINT('',(130.794523061948,-16.0000882094965,-100.245020815812));
#8875=CARTESIAN_POINT('',(130.63493942424,-16.0000882094965,-103.469743412886));
#8876=CARTESIAN_POINT('',(130.455962955085,-16.0000882094965,-104.927038222073));
#8877=CARTESIAN_POINT('',(130.172464831896,-16.0000882094965,-106.363810662032));
#8878=CARTESIAN_POINT('',(127.361535241623,-16.0001323142448,-86.5993179738604));
#8879=CARTESIAN_POINT('',(127.361901834013,-16.0001323142448,-86.6003943322501));
#8880=CARTESIAN_POINT('',(127.362268426403,-16.0001323142448,-86.6014706906397));
#8881=CARTESIAN_POINT('',(127.366271471262,-16.0001323142448,-86.6132241013434));
#8882=CARTESIAN_POINT('',(127.369907923731,-16.0001323142448,-86.6239011536574));
#8883=CARTESIAN_POINT('',(127.375362602435,-16.0001323142448,-86.6399167321283));
#8884=CARTESIAN_POINT('',(127.37718082867,-16.0001323142448,-86.6452552582853));
#8885=CARTESIAN_POINT('',(127.38081728114,-16.0001323142448,-86.6559323105993));
#8886=CARTESIAN_POINT('',(127.381431174562,-16.0001323142448,-86.6598412317348));
#8887=CARTESIAN_POINT('',(127.386712469875,-16.0001323142448,-86.6716671378348));
#8888=CARTESIAN_POINT('',(127.390769417204,-16.0001323142448,-86.6788624846431));
#8889=CARTESIAN_POINT('',(127.397078801803,-16.0001323142448,-86.6911188292674));
#8890=CARTESIAN_POINT('',(127.400231394214,-16.0001323142448,-86.6972480754345));
#8891=CARTESIAN_POINT('',(127.40968286969,-16.0001323142448,-86.7156390313544));
#8892=CARTESIAN_POINT('',(127.415975451025,-16.0001323142448,-86.7279039585784));
#8893=CARTESIAN_POINT('',(127.434827971547,-16.0001323142448,-86.76471157718));
#8894=CARTESIAN_POINT('',(127.447362687298,-16.0001323142448,-86.7892671056103));
#8895=CARTESIAN_POINT('',(127.484865809039,-16.0001323142448,-86.8629847758076));
#8896=CARTESIAN_POINT('',(127.509733189498,-16.0001323142448,-86.9121980029456));
#8897=CARTESIAN_POINT('',(127.583930179988,-16.0001323142448,-87.0600399116782));
#8898=CARTESIAN_POINT('',(127.632854637172,-16.0001323142448,-87.1588708251007));
#8899=CARTESIAN_POINT('',(127.777999084226,-16.0001323142448,-87.4561554311703));
#8900=CARTESIAN_POINT('',(127.872590109699,-16.0001323142448,-87.6554010527758));
#8901=CARTESIAN_POINT('',(128.14978218478,-16.0001323142448,-88.2561668065401));
#8902=CARTESIAN_POINT('',(128.325801422418,-16.0001323142448,-88.6607166991101));
#8903=CARTESIAN_POINT('',(128.827037079811,-16.0001323142448,-89.8853405394954));
#8904=CARTESIAN_POINT('',(129.125414369363,-16.0001323142448,-90.7163974185451));
#8905=CARTESIAN_POINT('',(129.909774696925,-16.0001323142448,-93.2439186961374));
#8906=CARTESIAN_POINT('',(130.284677060252,-16.0001323142448,-94.97467021283));
#8907=CARTESIAN_POINT('',(130.727153228127,-16.0001323142448,-98.4753807744827));
#8908=CARTESIAN_POINT('',(130.794681947539,-16.0001323142448,-100.244983121512));
#8909=CARTESIAN_POINT('',(130.635101336135,-16.0001323142448,-103.469722874081));
#8910=CARTESIAN_POINT('',(130.456125672461,-16.0001323142448,-104.927025564166));
#8911=CARTESIAN_POINT('',(130.172627780297,-16.0001323142448,-106.363805902363));
#8912=CARTESIAN_POINT('',(118.08733556965,-0.499408793363671,-106.286639037331));
#8913=CARTESIAN_POINT('',(118.106967805651,-1.16074175461964,-106.286393840972));
#8914=CARTESIAN_POINT('',(118.22697322115,-2.60516807530588,-106.286701489096));
#8915=CARTESIAN_POINT('',(118.691499745749,-4.65307157350704,-106.283875617121));
#8916=CARTESIAN_POINT('',(119.310734616093,-6.36839204241461,-106.278384233509));
#8917=CARTESIAN_POINT('',(119.808924094455,-7.45297306030598,-106.27384340179));
#8918=CARTESIAN_POINT('',(120.277404438286,-8.31606210254857,-106.269870849319));
#8919=CARTESIAN_POINT('',(120.66300381793,-8.95663365596438,-106.266861708276));
#8920=CARTESIAN_POINT('',(121.0156903117,-9.48574122625045,-106.264443190239));
#8921=CARTESIAN_POINT('',(121.273042869859,-9.84484309971186,-106.262909007765));
#8922=CARTESIAN_POINT('',(121.431427672556,-10.057292953903,-106.262047003238));
#8923=CARTESIAN_POINT('',(121.532347926127,-10.1902618580905,-106.261533992669));
#8924=CARTESIAN_POINT('',(121.712114489679,-10.4199759746606,-106.260653037335));
#8925=CARTESIAN_POINT('',(121.922318220804,-10.678722139377,-106.259620066276));
#8926=CARTESIAN_POINT('',(122.297961394853,-11.1208413835193,-106.257808213436));
#8927=CARTESIAN_POINT('',(122.808390758431,-11.6686049676894,-106.255519888251));
#8928=CARTESIAN_POINT('',(123.381270985482,-12.2237528809048,-106.253358565929));
#8929=CARTESIAN_POINT('',(123.902737885767,-12.6848171796866,-106.251807067643));
#8930=CARTESIAN_POINT('',(124.367955505534,-13.0646177153499,-106.250774094595));
#8931=CARTESIAN_POINT('',(124.705805121719,-13.3218591649502,-106.250226879322));
#8932=CARTESIAN_POINT('',(124.944022118728,-13.4957767011394,-106.249896364933));
#8933=CARTESIAN_POINT('',(125.108964043952,-13.612855779727,-106.249676874219));
#8934=CARTESIAN_POINT('',(125.226302553709,-13.6943172848962,-106.249515803782));
#8935=CARTESIAN_POINT('',(125.327281007485,-13.7629888476164,-106.249356712591));
#8936=CARTESIAN_POINT('',(125.357496994183,-13.7837028809686,-106.249306217427));
#8937=CARTESIAN_POINT('',(125.542366498433,-13.9068326283082,-106.248970706409));
#8938=CARTESIAN_POINT('',(125.735267384887,-14.0314039577082,-106.248635244872));
#8939=CARTESIAN_POINT('',(126.098505967338,-14.2584312834614,-106.248029446077));
#8940=CARTESIAN_POINT('',(126.605148187183,-14.5513883533426,-106.247282082855));
#8941=CARTESIAN_POINT('',(127.217810705775,-14.8721021652035,-106.246545573287));
#8942=CARTESIAN_POINT('',(128.028783757496,-15.2541039555833,-106.245801350647));
#8943=CARTESIAN_POINT('',(129.031089120986,-15.652784515375,-106.245293366255));
#8944=CARTESIAN_POINT('',(129.811712510704,-15.8954926404316,-106.245203008289));
#8945=CARTESIAN_POINT('',(130.195302641484,-16.,-106.24517811199));
#8946=CARTESIAN_POINT('',(130.200192394076,-15.9992221659209,-106.245308576681));
#8947=CARTESIAN_POINT('',(100.530711683237,-16.,-100.513774356684));
#8948=CARTESIAN_POINT('',(100.530711683237,-16.,-100.513774356684));
#8949=CARTESIAN_POINT('',(100.527413810707,-16.,-106.226777378993));
#8950=CARTESIAN_POINT('',(140.179206910088,-16.,-106.249666664841));
#8951=CARTESIAN_POINT('',(132.750797329493,-16.,-119.116049477862));
#8952=CARTESIAN_POINT('',(148.108375809209,-16.,-92.5159432697668));
#8953=CARTESIAN_POINT('',(145.926505157001,-16.,-85.7892317901632));
#8954=CARTESIAN_POINT('',(139.031668186738,-15.,-61.2913094454666));
#8955=CARTESIAN_POINT('',(151.899140629884,-4.50177170014919,-66.9356660829021));
#8956=CARTESIAN_POINT('',(149.194818775048,-15.0018786622451,-92.6304115289184));
#8957=CARTESIAN_POINT('',(141.937432029465,-21.6692811811752,-91.8657690645851));
#8958=CARTESIAN_POINT('',(140.756364728133,-18.,-107.25));
#8959=CARTESIAN_POINT('',(140.756364728133,-15.,-107.25));
#8960=CARTESIAN_POINT('',(147.529464437566,-76.3985337744449,-58.249999995764));
#8961=CARTESIAN_POINT('',(147.529464437566,-11.9999999999998,-58.249999995764));
#8962=CARTESIAN_POINT('',(147.529464437566,-11.9999999999998,-56.499999995764));
#8963=CARTESIAN_POINT('',(128.903019768162,-16.,-23.4836867396045));
#8964=CARTESIAN_POINT('',(135.217499544117,-1.52088161810661,-89.8798946024506));
#8965=CARTESIAN_POINT('',(150.977248648547,-16.,-91.5385774650371));
#8966=CARTESIAN_POINT('',(128.903019768162,-16.,-23.4836867396045));
#8967=CARTESIAN_POINT('',(139.294789177471,-16.,-55.5215321124421));
#8968=CARTESIAN_POINT('',(137.410438420353,-13.6840682901868,-57.2183027036405));
#8969=CARTESIAN_POINT('',(128.858585540749,-16.,-50.8820597137555));
#8970=CARTESIAN_POINT('',(128.858585540749,-16.,-50.8820597137555));
#8971=CARTESIAN_POINT('',(115.154550994309,-16.,-44.7898549003937));
#8972=CARTESIAN_POINT('',(117.912509103039,-19.2497805444238,-42.4594820160283));
#8973=CARTESIAN_POINT('',(110.648089768143,-16.,-27.1885657325373));
#8974=CARTESIAN_POINT('',(110.648089768143,-16.,-27.1885657325373));
#8975=CARTESIAN_POINT('',(109.959735800878,-16.,-24.5));
#8976=CARTESIAN_POINT('',(111.087669589175,-16.5042661199803,-26.872385571249));
#8977=CARTESIAN_POINT('',(107.722952991949,-15.,-19.7953698905215));
#8978=CARTESIAN_POINT('',(114.305891193738,-15.,-45.5069411320668));
#8979=CARTESIAN_POINT('',(114.305891193738,-18.,-45.5069411320668));
#8980=CARTESIAN_POINT('',(105.551874253049,-13.1975678310845,-11.3155932383491));
#8981=CARTESIAN_POINT('',(107.071261481827,-14.4589649278924,-17.2500000000001));
#8982=CARTESIAN_POINT('',(107.071261481827,-18.,-17.2500000000001));
#8983=CARTESIAN_POINT('',(112.963587489721,-12.3116515749497,-9.49999999999999));
#8984=CARTESIAN_POINT('',(112.963587489721,-12.3116515749497,-9.49999999999999));
#8985=CARTESIAN_POINT('',(112.963587489721,-12.9156074203586,-9.9890738003669));
#8986=CARTESIAN_POINT('',(112.963587489721,-12.3116515749497,-9.49999999999999));
#8987=CARTESIAN_POINT('',(112.963587489721,-12.9156074203586,-9.9890738003669));
#8988=CARTESIAN_POINT('',(129.963587490289,-12.9156074203586,-9.98907380036689));
#8989=CARTESIAN_POINT('',(129.963587490289,-12.3116515749497,-9.49999999999999));
#8990=CARTESIAN_POINT('',(129.963587490289,-12.3116515749497,-9.49999999999999));
#8991=CARTESIAN_POINT('',(129.963587490289,-12.3116515749497,-9.49999999999999));
#8992=CARTESIAN_POINT('',(150.923903607172,-7.99999999999978,-58.0492944307083));
#8993=CARTESIAN_POINT('',(150.22392829802,-7.99999999999978,-56.1757858060746));
#8994=CARTESIAN_POINT('',(150.22392829802,-9.99999999999978,-56.1757858060746));
#8995=CARTESIAN_POINT('',(150.923903607172,-9.99999999999978,-58.0492944307083));
#8996=CARTESIAN_POINT('',(150.923903607172,-9.99999999999978,-58.0492944307083));
#8997=CARTESIAN_POINT('',(150.923903607172,-7.99999999999978,-58.0492944307083));
#8998=CARTESIAN_POINT('',(147.413665361069,-7.9999999999998,-57.225748769803));
#8999=CARTESIAN_POINT('',(147.413665361069,-9.9999999999998,-57.225748769803));
#9000=CARTESIAN_POINT('',(146.255803328254,-9.9999999999998,-54.4581947029481));
#9001=CARTESIAN_POINT('',(147.924414907579,-9.9999999999998,-54.2695459856997));
#9002=CARTESIAN_POINT('',(147.360727581827,-10.0412564409975,-54.1721565077013));
#9003=CARTESIAN_POINT('',(146.777698092258,-10.0408013504869,-54.2398495079609));
#9004=CARTESIAN_POINT('',(146.255803328254,-9.99999999999986,-54.4581947029481));
#9005=CARTESIAN_POINT('',(147.924414907579,-9.9999999999998,-54.2695459856997));
#9006=CARTESIAN_POINT('',(147.413665361069,-9.9999999999998,-57.225748769803));
#9007=CARTESIAN_POINT('',(148.113640670222,-7.99999999999979,-59.0992573944368));
#9008=CARTESIAN_POINT('',(148.113640670222,-9.99999999999979,-59.0992573944368));
#9009=CARTESIAN_POINT('',(150.437662024755,-9.99999999999978,-60.9963406144544));
#9010=CARTESIAN_POINT('',(150.437662024755,-9.99999999999978,-60.9963406144544));
#9011=CARTESIAN_POINT('',(150.075927108338,-10.0412564409974,-61.4394838891217));
#9012=CARTESIAN_POINT('',(149.5913431358,-10.0408013504868,-61.7706697909213));
#9013=CARTESIAN_POINT('',(149.054133556998,-9.9999999999998,-61.9480243434735));
#9014=CARTESIAN_POINT('',(149.054133556998,-9.99999999999979,-61.9480243434735));
#9015=CARTESIAN_POINT('',(148.113640670222,-9.99999999999979,-59.0992573944368));
#9016=CARTESIAN_POINT('',(147.529464437566,-9.99999999999979,-58.249999995764));
#9017=CARTESIAN_POINT('',(147.529464437566,-9.99999999999979,-58.249999995764));
#9018=CARTESIAN_POINT('',(132.510199285885,-11.1999999999999,-28.2167388757474));
#9019=CARTESIAN_POINT('',(132.510199285885,-11.9999999999999,-28.2167388757474));
#9020=CARTESIAN_POINT('',(132.510199285885,-11.9999999999999,-28.2167388757474));
#9021=CARTESIAN_POINT('',(148.329019962108,-11.9999999999998,-80.892776240127));
#9022=CARTESIAN_POINT('',(148.329019962108,-11.1999999999998,-80.892776240127));
#9023=CARTESIAN_POINT('',(132.510199285885,-11.1999999999999,-28.2167388757474));
#9024=CARTESIAN_POINT('',(148.329019962108,-11.1999999999998,-80.892776240127));
#9025=CARTESIAN_POINT('',(148.329019962108,-11.9999999999998,-80.892776240127));
#9026=CARTESIAN_POINT('',(134.920574087538,-11.9999999999999,-84.919385139529));
#9027=CARTESIAN_POINT('',(134.920574087538,-11.1999999999999,-84.919385139529));
#9028=CARTESIAN_POINT('',(134.920574087538,-11.1999999999999,-84.919385139529));
#9029=CARTESIAN_POINT('',(119.101753411316,-11.2,-32.2433477751495));
#9030=CARTESIAN_POINT('',(119.101753411316,-12.,-32.2433477751495));
#9031=CARTESIAN_POINT('',(134.920574087538,-11.9999999999999,-84.919385139529));
#9032=CARTESIAN_POINT('',(119.101753411316,-11.2,-32.2433477751495));
#9033=CARTESIAN_POINT('',(119.101753411316,-12.,-32.2433477751495));
#9034=CARTESIAN_POINT('',(147.529464437566,-9.99999999999979,-58.249999995764));
#9035=CARTESIAN_POINT('',(145.779526164686,-9.9999999999998,-53.5662284341795));
#9036=CARTESIAN_POINT('',(145.779526164686,-10.9999999999998,-53.5662284341795));
#9037=CARTESIAN_POINT('',(145.779526164686,-11.9999999999998,-53.5662284341795));
#9038=CARTESIAN_POINT('',(147.529464437566,-10.9999999999998,-58.249999995764));
#9039=CARTESIAN_POINT('',(149.279402710447,-10.9999999999998,-62.9337715573484));
#9040=CARTESIAN_POINT('',(149.279402710447,-9.99999999999978,-62.9337715573484));
#9041=CARTESIAN_POINT('',(149.279402710447,-11.9999999999998,-62.9337715573484));
#9042=CARTESIAN_POINT('',(147.529464437566,-11.9999999999998,-58.249999995764));
#9043=CARTESIAN_POINT('',(130.963587490289,-12.0000000000001,-14.5836688194899));
#9044=CARTESIAN_POINT('',(129.963587490289,-12.0000000000001,-14.5836688194899));
#9045=CARTESIAN_POINT('',(129.963587490289,-13.5,-14.5836688194899));
#9046=CARTESIAN_POINT('',(129.963587490289,-11.9999999999999,-14.5836688194899));
#9047=CARTESIAN_POINT('',(130.963587490289,-13.5,-14.5836688194899));
#9048=CARTESIAN_POINT('',(130.876431747541,-13.5,-15.5798635175817));
#9049=CARTESIAN_POINT('',(130.876431747541,-13.7000000000001,-15.5798635175817));
#9050=CARTESIAN_POINT('',(130.876431747541,-12.0000000000001,-15.5798635175817));
#9051=CARTESIAN_POINT('',(130.963587490289,-11.9999999999999,-14.5836688194899));
#9052=CARTESIAN_POINT('',(112.963587489721,-12.0000000000001,-9.49999999999999));
#9053=CARTESIAN_POINT('',(112.963587489721,-12.0000000000001,-9.49999999999999));
#9054=CARTESIAN_POINT('',(112.963587489721,-12.,-9.49999999999999));
#9055=CARTESIAN_POINT('',(129.963587490289,-12.0000000000001,-9.49999999999999));
#9056=CARTESIAN_POINT('',(129.963587490289,-11.9999999999999,-9.49999999999999));
#9057=CARTESIAN_POINT('',(112.963587489721,-12.,-9.49999999999999));
#9058=CARTESIAN_POINT('',(112.963587489721,-12.0000000000001,-16.5000000000001));
#9059=CARTESIAN_POINT('',(112.963587489721,-12.8116515749497,-9.49999999999999));
#9060=CARTESIAN_POINT('',(112.963587489721,-14.4589649278924,-17.2500000000001));
#9061=CARTESIAN_POINT('',(112.963587489721,-12.0000000000001,-16.5000000000001));
#9062=CARTESIAN_POINT('',(112.963587489721,-12.0000000000001,-16.2500000000001));
#9063=CARTESIAN_POINT('',(112.963587489721,-13.7000000000001,-16.2500000000001));
#9064=CARTESIAN_POINT('',(112.963587489721,-13.7000000000001,-17.2500000000001));
#9065=CARTESIAN_POINT('',(111.963587489721,-12.0000000000001,-16.2500000000001));
#9066=CARTESIAN_POINT('',(111.963587489721,-12.,-16.2500000000001));
#9067=CARTESIAN_POINT('',(111.963587489721,-12.,-17.2500000000001));
#9068=CARTESIAN_POINT('',(111.963587489721,-12.,-17.2500000000001));
#9069=CARTESIAN_POINT('',(95.4635874897207,-12.0000000000001,-17.2500000000001));
#9070=CARTESIAN_POINT('',(112.963587489721,-14.4589649278924,-17.2500000000001));
#9071=CARTESIAN_POINT('',(95.4635874897207,-12.0000000000001,-17.2500000000001));
#9072=CARTESIAN_POINT('',(103.310302212852,-12.,-17.2500000000001));
#9073=CARTESIAN_POINT('',(105.26006321334,-4.49927123267501,-17.2500000000001));
#9074=CARTESIAN_POINT('',(105.26006321334,-4.49927123267501,-25.));
#9075=CARTESIAN_POINT('',(103.310302212852,-12.,-21.25));
#9076=CARTESIAN_POINT('',(103.310680900591,-12.,-21.25));
#9077=CARTESIAN_POINT('',(98.3457737995518,-8.00000000000009,-21.25));
#9078=CARTESIAN_POINT('',(98.8404567661904,-8.97704833100347,-21.25));
#9079=CARTESIAN_POINT('',(100.250037862819,-10.7176754965617,-21.25));
#9080=CARTESIAN_POINT('',(102.250726674205,-11.7246243917133,-21.25));
#9081=CARTESIAN_POINT('',(103.310656938646,-12.0000921994881,-21.25));
#9082=CARTESIAN_POINT('',(100.069503865079,-8.00000000000009,-25.25));
#9083=CARTESIAN_POINT('',(100.35810900224,-8.57002400858628,-25.25));
#9084=CARTESIAN_POINT('',(101.077033438288,-9.63824552909815,-25.25));
#9085=CARTESIAN_POINT('',(102.514944192589,-10.9277934624767,-25.25));
#9086=CARTESIAN_POINT('',(103.898727540247,-11.6550517496509,-25.25));
#9087=CARTESIAN_POINT('',(104.769687969929,-11.9312021322775,-25.25));
#9088=CARTESIAN_POINT('',(105.034410966107,-12.,-25.25));
#9089=CARTESIAN_POINT('',(98.3457737995518,-8.00000000000009,-21.25));
#9090=CARTESIAN_POINT('',(98.6343789367135,-8.57002400858628,-21.25));
#9091=CARTESIAN_POINT('',(99.3533033727609,-9.63824552909815,-21.25));
#9092=CARTESIAN_POINT('',(100.791214127062,-10.9277934624767,-21.25));
#9093=CARTESIAN_POINT('',(102.17499747472,-11.6550517496509,-21.25));
#9094=CARTESIAN_POINT('',(103.045957904402,-11.9312021322775,-21.25));
#9095=CARTESIAN_POINT('',(103.31068090058,-12.,-21.25));
#9096=CARTESIAN_POINT('',(103.31068090058,-12.,-21.25));
#9097=CARTESIAN_POINT('',(105.034410966107,-12.,-25.2500000000001));
#9098=CARTESIAN_POINT('',(96.8554238945631,-1.65187062597912,-25.25));
#9099=CARTESIAN_POINT('',(97.2358631863697,-2.40327627409744,-25.25));
#9100=CARTESIAN_POINT('',(97.6163024781764,-3.15468192221576,-25.25));
#9101=CARTESIAN_POINT('',(97.996741769983,-3.90608757033407,-25.25));
#9102=CARTESIAN_POINT('',(98.289387379065,-4.48409191504047,-25.25));
#9103=CARTESIAN_POINT('',(98.582032988147,-5.06209625974687,-25.25));
#9104=CARTESIAN_POINT('',(98.874678597229,-5.64010060445326,-25.25));
#9105=CARTESIAN_POINT('',(99.0997906042152,-6.08471933115049,-25.25));
#9106=CARTESIAN_POINT('',(99.3249026112014,-6.52933805784772,-25.25));
#9107=CARTESIAN_POINT('',(99.5500146181875,-6.97395678454495,-25.25));
#9108=CARTESIAN_POINT('',(99.7231777004846,-7.31597118969666,-25.25));
#9109=CARTESIAN_POINT('',(99.8963407827816,-7.65798559484838,-25.25));
#9110=CARTESIAN_POINT('',(100.069503865079,-8.00000000000009,-25.25));
#9111=CARTESIAN_POINT('',(100.35810900224,-8.57002400858628,-25.25));
#9112=CARTESIAN_POINT('',(101.077033438288,-9.63824552909815,-25.25));
#9113=CARTESIAN_POINT('',(102.514944192589,-10.9277934624767,-25.25));
#9114=CARTESIAN_POINT('',(104.224658297934,-11.8263472381923,-25.25));
#9115=CARTESIAN_POINT('',(105.476422496727,-12.1280688850647,-25.25));
#9116=CARTESIAN_POINT('',(106.111281701813,-12.2,-25.25));
#9117=CARTESIAN_POINT('',(106.492197224865,-12.2431586689612,-25.25));
#9118=CARTESIAN_POINT('',(106.873112747916,-12.2863173379224,-25.25));
#9119=CARTESIAN_POINT('',(107.254028270967,-12.3294760068836,-25.25));
#9120=CARTESIAN_POINT('',(107.749218450934,-12.3855822765332,-25.25));
#9121=CARTESIAN_POINT('',(108.244408630901,-12.4416885461828,-25.25));
#9122=CARTESIAN_POINT('',(108.739598810868,-12.4977948158323,-25.25));
#9123=CARTESIAN_POINT('',(109.383346044825,-12.5707329663767,-25.25));
#9124=CARTESIAN_POINT('',(110.027093278782,-12.6436711169212,-25.25));
#9125=CARTESIAN_POINT('',(110.670840512739,-12.7166092674656,-25.25));
#9126=CARTESIAN_POINT('',(111.507711916883,-12.8114288631733,-25.25));
#9127=CARTESIAN_POINT('',(112.344583321027,-12.9062484588811,-25.25));
#9128=CARTESIAN_POINT('',(113.181454725171,-13.0010680545888,-25.25));
#9129=CARTESIAN_POINT('',(105.26006321334,-4.49927123267501,-25.25));
#9130=CARTESIAN_POINT('',(106.111281701813,-12.2,-25.25));
#9131=CARTESIAN_POINT('',(105.964477268698,-12.,-25.25));
#9132=CARTESIAN_POINT('',(105.26006321334,-12.,-25.25));
#9133=CARTESIAN_POINT('',(106.111281701813,-12.2,-33.25));
#9134=CARTESIAN_POINT('',(105.964477268698,-12.,-33.25));
#9135=CARTESIAN_POINT('',(105.964477268698,-12.,-33.25));
#9136=CARTESIAN_POINT('',(106.111281701813,-12.2,-33.25));
#9137=CARTESIAN_POINT('',(2.49016385210744E-44,9.22048375510497E-30,-33.25));
#9138=CARTESIAN_POINT('',(120.643731573079,-12.,-33.25));
#9139=CARTESIAN_POINT('',(113.098849759789,-12.0000000000029,-33.25));
#9140=CARTESIAN_POINT('',(107.388145097678,-8.00000000000009,-33.25));
#9141=CARTESIAN_POINT('',(108.047544969436,-9.00405368349282,-33.25));
#9142=CARTESIAN_POINT('',(109.727272116069,-10.730360338583,-33.25));
#9143=CARTESIAN_POINT('',(111.942174229852,-11.7263132978833,-33.25));
#9144=CARTESIAN_POINT('',(113.098849759788,-12.0000000000058,-33.25));
#9145=CARTESIAN_POINT('',(103.420536756116,-3.24410841994718,-25.1608797456318));
#9146=CARTESIAN_POINT('',(134.389720817199,-3.24410841994718,-128.287018548003));
#9147=CARTESIAN_POINT('',(103.653963618938,-8.47354673771383,-25.1608797456318));
#9148=CARTESIAN_POINT('',(134.623147680021,-8.47354673771383,-128.287018548003));
#9149=CARTESIAN_POINT('',(107.536927012421,-12.2712720344601,-25.1608797456321));
#9150=CARTESIAN_POINT('',(138.506111073504,-12.2712720344601,-128.287018548004));
#9151=CARTESIAN_POINT('',(113.107184741812,-12.2535968244256,-25.1608797456317));
#9152=CARTESIAN_POINT('',(144.076368802895,-12.2535968244256,-128.287018548003));
#9153=CARTESIAN_POINT('',(124.434858808362,-11.9142663560049,-25.1608797456317));
#9154=CARTESIAN_POINT('',(155.404042869446,-11.9142663560049,-128.287018548004));
#9155=CARTESIAN_POINT('',(135.607486393766,-11.5795804416881,-25.1608797456317));
#9156=CARTESIAN_POINT('',(166.57667045485,-11.5795804416881,-128.287018548003));
#9157=CARTESIAN_POINT('',(146.625067498025,-11.2495390814753,-25.1608797456317));
#9158=CARTESIAN_POINT('',(177.594251559108,-11.2495390814753,-128.287018548003));
#9159=CARTESIAN_POINT('',(128.002753531433,-10.2500000000028,-95.));
#9160=CARTESIAN_POINT('',(129.079437020816,-11.092502519374,-95.));
#9161=CARTESIAN_POINT('',(130.312217245385,-11.6852075489332,-95.));
#9162=CARTESIAN_POINT('',(131.642617013952,-12.0000000000056,-95.));
#9163=CARTESIAN_POINT('',(131.642617013954,-12.0000000000029,-95.));
#9164=CARTESIAN_POINT('',(113.098849759789,-12.0000000000029,-33.25));
#9165=CARTESIAN_POINT('',(128.567133614798,-8.,-95.));
#9166=CARTESIAN_POINT('',(126.183423905273,-12.,-95.));
#9167=CARTESIAN_POINT('',(125.543017916282,-11.4692439792992,-95.));
#9168=CARTESIAN_POINT('',(124.954875922801,-10.8857815518604,-95.));
#9169=CARTESIAN_POINT('',(124.418612098045,-10.2500018104657,-95.));
#9170=CARTESIAN_POINT('',(126.183423905273,-12.,-95.));
#9171=CARTESIAN_POINT('',(123.560280002039,-12.0000000000001,-95.));
#9172=CARTESIAN_POINT('',(120.033802169033,-4.19945922291438,-88.0493256486384));
#9173=CARTESIAN_POINT('',(120.296300281182,-4.19945922284486,-91.2340223515491));
#9174=CARTESIAN_POINT('',(120.558798393331,-4.19945922277534,-94.4187190544599));
#9175=CARTESIAN_POINT('',(120.82129650548,-4.19945922270582,-97.6034157573707));
#9176=CARTESIAN_POINT('',(120.826876820155,-4.19945922270434,-97.6711176147362));
#9177=CARTESIAN_POINT('',(120.832457134831,-4.19945922270286,-97.7388194721018));
#9178=CARTESIAN_POINT('',(120.838037449506,-4.19945922270138,-97.8065213294674));
#9179=CARTESIAN_POINT('',(120.842493207309,-4.1994592227002,-97.8605797646588));
#9180=CARTESIAN_POINT('',(120.846948965111,-4.19945922269902,-97.9146381998502));
#9181=CARTESIAN_POINT('',(120.851404722914,-4.19945922269783,-97.9686966350416));
#9182=CARTESIAN_POINT('',(120.855544637321,-4.19945922269674,-98.0189231744009));
#9183=CARTESIAN_POINT('',(120.859684551728,-4.19945922269564,-98.0691497137603));
#9184=CARTESIAN_POINT('',(120.863824466135,-4.19945922269454,-98.1193762531197));
#9185=CARTESIAN_POINT('',(120.880225635044,-4.19945922269018,-98.3183595834051));
#9186=CARTESIAN_POINT('',(120.896626803953,-4.19945922268582,-98.5173429136905));
#9187=CARTESIAN_POINT('',(120.913027972862,-4.19945922268146,-98.7163262439759));
#9188=CARTESIAN_POINT('',(120.959382667393,-4.19945922266914,-99.278713689852));
#9189=CARTESIAN_POINT('',(120.981160782485,-4.19945922267908,-99.8413925791692));
#9190=CARTESIAN_POINT('',(120.974665041514,-4.19945922267908,-101.190928081765));
#9191=CARTESIAN_POINT('',(120.923460378659,-4.19945922268077,-101.978844746593));
#9192=CARTESIAN_POINT('',(120.729572667027,-4.19945922268077,-103.553687566028));
#9193=CARTESIAN_POINT('',(120.588148474896,-4.19945922267893,-104.342579518499));
#9194=CARTESIAN_POINT('',(120.308308982454,-4.19945922268169,-105.525901577232));
#9195=CARTESIAN_POINT('',(120.203848368274,-4.19945922268447,-105.920482450003));
#9196=CARTESIAN_POINT('',(120.0304534757,-4.19945922267894,-106.5127303629));
#9197=CARTESIAN_POINT('',(119.96987238741,-4.19945922268332,-106.710224405484));
#9198=CARTESIAN_POINT('',(119.880456802956,-4.19945922267972,-106.988992835412));
#9199=CARTESIAN_POINT('',(119.853937341842,-4.1994592226801,-107.070218606427));
#9200=CARTESIAN_POINT('',(119.826947351076,-4.19945922268077,-107.151455801453));
#9201=CARTESIAN_POINT('',(118.767142192703,-4.19945922270713,-110.341364204357));
#9202=CARTESIAN_POINT('',(117.70733703433,-4.19945922273349,-113.531272607261));
#9203=CARTESIAN_POINT('',(116.647531875957,-4.19945922275985,-116.721181010164));
#9204=CARTESIAN_POINT('',(120.675983407559,-5.61667307073317,-87.2174728657182));
#9205=CARTESIAN_POINT('',(120.99899253821,-5.6166730706782,-90.5386320041848));
#9206=CARTESIAN_POINT('',(121.322001668861,-5.61667307062323,-93.8597911426514));
#9207=CARTESIAN_POINT('',(121.645010799513,-5.61667307056826,-97.180950281118));
#9208=CARTESIAN_POINT('',(121.651877487343,-5.61667307056709,-97.2515531244203));
#9209=CARTESIAN_POINT('',(121.658744175172,-5.61667307056592,-97.3221559677226));
#9210=CARTESIAN_POINT('',(121.665610863002,-5.61667307056475,-97.3927588110248));
#9211=CARTESIAN_POINT('',(121.671093761307,-5.61667307056382,-97.4491336193018));
#9212=CARTESIAN_POINT('',(121.676576659613,-5.61667307056288,-97.5055084275789));
#9213=CARTESIAN_POINT('',(121.682059557918,-5.61667307056195,-97.5618832358559));
#9214=CARTESIAN_POINT('',(121.687153804664,-5.61667307056108,-97.6142619537522));
#9215=CARTESIAN_POINT('',(121.692248051409,-5.61667307056021,-97.6666406716484));
#9216=CARTESIAN_POINT('',(121.697342298155,-5.61667307055935,-97.7190193895447));
#9217=CARTESIAN_POINT('',(121.717524261627,-5.6166730705559,-97.9265290419319));
#9218=CARTESIAN_POINT('',(121.7377062251,-5.61667307055246,-98.1340386943191));
#9219=CARTESIAN_POINT('',(121.757888188572,-5.61667307054901,-98.3415483467063));
#9220=CARTESIAN_POINT('',(121.814928559109,-5.61667307053928,-98.9280337735674));
#9221=CARTESIAN_POINT('',(121.846387592092,-5.61667307054683,-99.5153058905988));
#9222=CARTESIAN_POINT('',(121.860640765604,-5.61667307054683,-100.925074753486));
#9223=CARTESIAN_POINT('',(121.819404617858,-5.61667307054837,-101.748898766381));
#9224=CARTESIAN_POINT('',(121.640915080587,-5.61667307054837,-103.395427440871));
#9225=CARTESIAN_POINT('',(121.504884147956,-5.61667307054653,-104.219759781536));
#9226=CARTESIAN_POINT('',(121.230062457297,-5.61667307054929,-105.455700303595));
#9227=CARTESIAN_POINT('',(121.126755000602,-5.61667307055161,-105.867687802441));
#9228=CARTESIAN_POINT('',(120.954354786683,-5.61667307054676,-106.485752749874));
#9229=CARTESIAN_POINT('',(120.893982844542,-5.61667307055069,-106.691801750948));
#9230=CARTESIAN_POINT('',(120.804696037618,-5.61667307054741,-106.98256576556));
#9231=CARTESIAN_POINT('',(120.778194178113,-5.6166730705477,-107.067276633294));
#9232=CARTESIAN_POINT('',(120.751202170763,-5.61667307054837,-107.151989334267));
#9233=CARTESIAN_POINT('',(119.691317827985,-5.61667307057473,-110.478369037343));
#9234=CARTESIAN_POINT('',(118.631433485208,-5.61667307060109,-113.804748740418));
#9235=CARTESIAN_POINT('',(117.57154914243,-5.61667307062745,-117.131128443494));
#9236=CARTESIAN_POINT('',(121.318164646084,-7.03388691855196,-86.385620082798));
#9237=CARTESIAN_POINT('',(121.701684795238,-7.03388691851154,-89.8432416568204));
#9238=CARTESIAN_POINT('',(122.085204944392,-7.03388691847112,-93.3008632308429));
#9239=CARTESIAN_POINT('',(122.468725093546,-7.03388691843071,-96.7584848048654));
#9240=CARTESIAN_POINT('',(122.47687815453,-7.03388691842985,-96.8319886341043));
#9241=CARTESIAN_POINT('',(122.485031215514,-7.03388691842899,-96.9054924633433));
#9242=CARTESIAN_POINT('',(122.493184276498,-7.03388691842812,-96.9789962925823));
#9243=CARTESIAN_POINT('',(122.499694315306,-7.03388691842744,-97.0376874739449));
#9244=CARTESIAN_POINT('',(122.506204354114,-7.03388691842675,-97.0963786553076));
#9245=CARTESIAN_POINT('',(122.512714392922,-7.03388691842606,-97.1550698366703));
#9246=CARTESIAN_POINT('',(122.518762972006,-7.03388691842543,-97.2096007331034));
#9247=CARTESIAN_POINT('',(122.52481155109,-7.03388691842479,-97.2641316295365));
#9248=CARTESIAN_POINT('',(122.530860130175,-7.03388691842415,-97.3186625259697));
#9249=CARTESIAN_POINT('',(122.554822888211,-7.03388691842162,-97.5346985004587));
#9250=CARTESIAN_POINT('',(122.578785646247,-7.03388691841909,-97.7507344749476));
#9251=CARTESIAN_POINT('',(122.602748404283,-7.03388691841656,-97.9667704494366));
#9252=CARTESIAN_POINT('',(122.670474450825,-7.03388691840941,-98.5773538572827));
#9253=CARTESIAN_POINT('',(122.711614401698,-7.03388691841458,-99.1892192020285));
#9254=CARTESIAN_POINT('',(122.746616489694,-7.03388691841458,-100.659221425206));
#9255=CARTESIAN_POINT('',(122.715348857056,-7.03388691841597,-101.518952786168));
#9256=CARTESIAN_POINT('',(122.552257494148,-7.03388691841597,-103.237167315713));
#9257=CARTESIAN_POINT('',(122.421619821016,-7.03388691841412,-104.096940044574));
#9258=CARTESIAN_POINT('',(122.151815932141,-7.03388691841689,-105.385499029957));
#9259=CARTESIAN_POINT('',(122.049661632929,-7.03388691841875,-105.814893154878));
#9260=CARTESIAN_POINT('',(121.878256097667,-7.03388691841459,-106.458775136849));
#9261=CARTESIAN_POINT('',(121.818093301674,-7.03388691841806,-106.673379096413));
#9262=CARTESIAN_POINT('',(121.72893527228,-7.0338869184151,-106.976138695708));
#9263=CARTESIAN_POINT('',(121.702451014384,-7.03388691841529,-107.06433466016));
#9264=CARTESIAN_POINT('',(121.67545699045,-7.03388691841597,-107.152522867082));
#9265=CARTESIAN_POINT('',(120.615493463267,-7.03388691844233,-110.615373870329));
#9266=CARTESIAN_POINT('',(119.555529936085,-7.03388691846869,-114.078224873576));
#9267=CARTESIAN_POINT('',(118.495566408903,-7.03388691849505,-117.541075876823));
#9268=CARTESIAN_POINT('',(121.960345884609,-8.45110076637075,-85.5537672998778));
#9269=CARTESIAN_POINT('',(122.404377052266,-8.45110076634488,-89.1478513094561));
#9270=CARTESIAN_POINT('',(122.848408219922,-8.45110076631902,-92.7419353190344));
#9271=CARTESIAN_POINT('',(123.292439387579,-8.45110076629315,-96.3360193286128));
#9272=CARTESIAN_POINT('',(123.301878821717,-8.4511007662926,-96.4124241437884));
#9273=CARTESIAN_POINT('',(123.311318255856,-8.45110076629205,-96.488828958964));
#9274=CARTESIAN_POINT('',(123.320757689994,-8.4511007662915,-96.5652337741397));
#9275=CARTESIAN_POINT('',(123.328294869305,-8.45110076629106,-96.626241328588));
#9276=CARTESIAN_POINT('',(123.335832048616,-8.45110076629062,-96.6872488830363));
#9277=CARTESIAN_POINT('',(123.343369227926,-8.45110076629018,-96.7482564374847));
#9278=CARTESIAN_POINT('',(123.350372139349,-8.45110076628977,-96.8049395124547));
#9279=CARTESIAN_POINT('',(123.357375050772,-8.45110076628936,-96.8616225874247));
#9280=CARTESIAN_POINT('',(123.364377962195,-8.45110076628896,-96.9183056623947));
#9281=CARTESIAN_POINT('',(123.392121514794,-8.45110076628734,-97.1428679589854));
#9282=CARTESIAN_POINT('',(123.419865067394,-8.45110076628572,-97.3674302555762));
#9283=CARTESIAN_POINT('',(123.447608619993,-8.45110076628411,-97.591992552167));
#9284=CARTESIAN_POINT('',(123.526020342541,-8.45110076627954,-98.2266739409981));
#9285=CARTESIAN_POINT('',(123.576841211304,-8.45110076628233,-98.8631325134581));
#9286=CARTESIAN_POINT('',(123.632592213785,-8.45110076628233,-100.393368096926));
#9287=CARTESIAN_POINT('',(123.611293096255,-8.45110076628356,-101.289006805956));
#9288=CARTESIAN_POINT('',(123.463599907709,-8.45110076628356,-103.078907190555));
#9289=CARTESIAN_POINT('',(123.338355494076,-8.45110076628172,-103.974120307611));
#9290=CARTESIAN_POINT('',(123.073569406984,-8.45110076628449,-105.31529775632));
#9291=CARTESIAN_POINT('',(122.972568265257,-8.45110076628589,-105.762098507316));
#9292=CARTESIAN_POINT('',(122.80215740865,-8.45110076628241,-106.431797523823));
#9293=CARTESIAN_POINT('',(122.742203758805,-8.45110076628542,-106.654956441877));
#9294=CARTESIAN_POINT('',(122.653174506942,-8.4511007662828,-106.969711625856));
#9295=CARTESIAN_POINT('',(122.626707850656,-8.45110076628289,-107.061392687027));
#9296=CARTESIAN_POINT('',(122.599711810137,-8.45110076628356,-107.153056399896));
#9297=CARTESIAN_POINT('',(121.53966909855,-8.45110076630992,-110.752378703315));
#9298=CARTESIAN_POINT('',(120.479626386963,-8.45110076633629,-114.351701006733));
#9299=CARTESIAN_POINT('',(119.419583675376,-8.45110076636265,-117.951023310152));
#9300=CARTESIAN_POINT('',(122.608638762659,-9.88180223987321,-84.7139977731456));
#9301=CARTESIAN_POINT('',(123.113756832244,-9.88180223986203,-88.4458429314228));
#9302=CARTESIAN_POINT('',(123.61887490183,-9.88180223985085,-92.1776880897001));
#9303=CARTESIAN_POINT('',(124.123992971416,-9.88180223983967,-95.9095332479773));
#9304=CARTESIAN_POINT('',(124.134731021124,-9.88180223983943,-95.9888666577758));
#9305=CARTESIAN_POINT('',(124.145469070831,-9.8818022398392,-96.0682000675744));
#9306=CARTESIAN_POINT('',(124.156207120539,-9.88180223983896,-96.1475334773729));
#9307=CARTESIAN_POINT('',(124.16478121565,-9.88180223983877,-96.210879449832));
#9308=CARTESIAN_POINT('',(124.17335531076,-9.88180223983858,-96.2742254222911));
#9309=CARTESIAN_POINT('',(124.181929405871,-9.88180223983839,-96.3375713947501));
#9310=CARTESIAN_POINT('',(124.189895732014,-9.88180223983822,-96.3964271305424));
#9311=CARTESIAN_POINT('',(124.197862058157,-9.88180223983804,-96.4552828663347));
#9312=CARTESIAN_POINT('',(124.205828384301,-9.88180223983787,-96.514138602127));
#9313=CARTESIAN_POINT('',(124.237388713289,-9.88180223983717,-96.747308365836));
#9314=CARTESIAN_POINT('',(124.268949042278,-9.88180223983648,-96.980478129545));
#9315=CARTESIAN_POINT('',(124.300509371267,-9.88180223983579,-97.213647893254));
#9316=CARTESIAN_POINT('',(124.38970846541,-9.88180223983383,-97.8726566035805));
#9317=CARTESIAN_POINT('',(124.45030238537,-9.88180223983421,-98.5339424575289));
#9318=CARTESIAN_POINT('',(124.526999769775,-9.88180223983421,-100.124984642241));
#9319=CARTESIAN_POINT('',(124.515764037722,-9.8818022398353,-101.056872429607));
#9320=CARTESIAN_POINT('',(124.38361556798,-9.8818022398353,-102.91914090362));
#9321=CARTESIAN_POINT('',(124.263815741503,-9.88180223983345,-103.850131695082));
#9322=CARTESIAN_POINT('',(124.00409521062,-9.88180223983621,-105.244428377087));
#9323=CARTESIAN_POINT('',(123.904258200977,-9.88180223983715,-105.708801413037));
#9324=CARTESIAN_POINT('',(123.734851489384,-9.88180223983437,-106.404563164826));
#9325=CARTESIAN_POINT('',(123.675108976132,-9.88180223983692,-106.636358458919));
#9326=CARTESIAN_POINT('',(123.586209727375,-9.88180223983462,-106.963223389574));
#9327=CARTESIAN_POINT('',(123.559760840212,-9.88180223983462,-107.058422715132));
#9328=CARTESIAN_POINT('',(123.532762763917,-9.88180223983529,-107.153595010343));
#9329=CARTESIAN_POINT('',(122.472640114327,-9.88180223986165,-110.89068741144));
#9330=CARTESIAN_POINT('',(121.412517464738,-9.88180223988801,-114.627779812538));
#9331=CARTESIAN_POINT('',(120.352394815148,-9.88180223991438,-118.364872213636));
#9332=CARTESIAN_POINT('',(123.41433815454,-11.1359148474981,-83.6703192468157));
#9333=CARTESIAN_POINT('',(123.995378250951,-11.1359148474721,-87.5733762660444));
#9334=CARTESIAN_POINT('',(124.576418347362,-11.1359148474462,-91.4764332852732));
#9335=CARTESIAN_POINT('',(125.157458443773,-11.1359148474202,-95.3794903045019));
#9336=CARTESIAN_POINT('',(125.169810481471,-11.1359148474197,-95.462463420706));
#9337=CARTESIAN_POINT('',(125.182162519169,-11.1359148474191,-95.5454365369102));
#9338=CARTESIAN_POINT('',(125.194514556867,-11.1359148474186,-95.6284096531143));
#9339=CARTESIAN_POINT('',(125.204377385678,-11.1359148474182,-95.6946618506091));
#9340=CARTESIAN_POINT('',(125.214240214488,-11.1359148474177,-95.760914048104));
#9341=CARTESIAN_POINT('',(125.224103043299,-11.1359148474173,-95.8271662455988));
#9342=CARTESIAN_POINT('',(125.233266752121,-11.1359148474169,-95.8887222006192));
#9343=CARTESIAN_POINT('',(125.242430460943,-11.1359148474165,-95.9502781556396));
#9344=CARTESIAN_POINT('',(125.251594169765,-11.135914847416,-96.01183411066));
#9345=CARTESIAN_POINT('',(125.287898189958,-11.1359148474144,-96.2557013785443));
#9346=CARTESIAN_POINT('',(125.324202210152,-11.1359148474128,-96.4995686464287));
#9347=CARTESIAN_POINT('',(125.360506230345,-11.1359148474112,-96.7434359143131));
#9348=CARTESIAN_POINT('',(125.46311243943,-11.1359148474066,-97.4326790268973));
#9349=CARTESIAN_POINT('',(125.535852022482,-11.1359148474099,-98.1248204995472));
#9350=CARTESIAN_POINT('',(125.638581860266,-11.1359148474099,-99.7914339699388));
#9351=CARTESIAN_POINT('',(125.639853042959,-11.1359148474108,-100.768372613592));
#9352=CARTESIAN_POINT('',(125.527023764949,-11.1359148474108,-102.720581150826));
#9353=CARTESIAN_POINT('',(125.413990546741,-11.1359148474089,-103.696036931256));
#9354=CARTESIAN_POINT('',(125.160565559211,-11.1359148474117,-105.156350931636));
#9355=CARTESIAN_POINT('',(125.062175349039,-11.1359148474126,-105.64256304656));
#9356=CARTESIAN_POINT('',(124.894016602773,-11.1359148474098,-106.3707159265));
#9357=CARTESIAN_POINT('',(124.834536493001,-11.1359148474122,-106.613244628274));
#9358=CARTESIAN_POINT('',(124.745798813901,-11.1359148474102,-106.955159719715));
#9359=CARTESIAN_POINT('',(124.719372009591,-11.1359148474101,-107.054731592345));
#9360=CARTESIAN_POINT('',(124.692371404066,-11.1359148474108,-107.154264402861));
#9361=CARTESIAN_POINT('',(123.632149440205,-11.1359148474371,-111.062579412113));
#9362=CARTESIAN_POINT('',(122.571927476344,-11.1359148474635,-114.970894421365));
#9363=CARTESIAN_POINT('',(121.511705512482,-11.1359148474899,-118.879209430617));
#9364=CARTESIAN_POINT('',(124.354654015846,-12.1779699708991,-82.4522486993793));
#9365=CARTESIAN_POINT('',(125.024305057888,-12.1779699708879,-86.5551261569651));
#9366=CARTESIAN_POINT('',(125.69395609993,-12.1779699708767,-90.658003614551));
#9367=CARTESIAN_POINT('',(126.363607141972,-12.1779699708655,-94.7608810721369));
#9368=CARTESIAN_POINT('',(126.377842914971,-12.1779699708653,-94.8481020700322));
#9369=CARTESIAN_POINT('',(126.39207868797,-12.1779699708651,-94.9353230679276));
#9370=CARTESIAN_POINT('',(126.406314460969,-12.1779699708648,-95.0225440658229));
#9371=CARTESIAN_POINT('',(126.41768141074,-12.1779699708646,-95.0921881028631));
#9372=CARTESIAN_POINT('',(126.429048360511,-12.1779699708644,-95.1618321399032));
#9373=CARTESIAN_POINT('',(126.440415310281,-12.1779699708643,-95.2314761769434));
#9374=CARTESIAN_POINT('',(126.45097652146,-12.1779699708641,-95.2961835432434));
#9375=CARTESIAN_POINT('',(126.461537732639,-12.1779699708639,-95.3608909095435));
#9376=CARTESIAN_POINT('',(126.472098943818,-12.1779699708637,-95.4255982758436));
#9377=CARTESIAN_POINT('',(126.51393947273,-12.177969970863,-95.6819505430835));
#9378=CARTESIAN_POINT('',(126.555780001642,-12.1779699708623,-95.9383028103233));
#9379=CARTESIAN_POINT('',(126.597620530554,-12.1779699708617,-96.1946550775632));
#9380=CARTESIAN_POINT('',(126.715874598145,-12.1779699708597,-96.9191845977537));
#9381=CARTESIAN_POINT('',(126.802788776255,-12.1779699708606,-97.6473373632402));
#9382=CARTESIAN_POINT('',(126.935900893087,-12.1779699708606,-99.4021495083695));
#9383=CARTESIAN_POINT('',(126.951768801188,-12.1779699708613,-100.431666664941));
#9384=CARTESIAN_POINT('',(126.861486805401,-12.1779699708613,-102.488843568286));
#9385=CARTESIAN_POINT('',(126.756350844411,-12.1779699708595,-103.516194100325));
#9386=CARTESIAN_POINT('',(126.510273337839,-12.1779699708622,-105.053556412613));
#9387=CARTESIAN_POINT('',(126.413571676365,-12.1779699708627,-105.565256751079));
#9388=CARTESIAN_POINT('',(126.246869420959,-12.1779699708606,-106.33121307119));
#9389=CARTESIAN_POINT('',(126.187695560302,-12.1779699708625,-106.586268651721));
#9390=CARTESIAN_POINT('',(126.099146447928,-12.1779699708608,-106.945748671738));
#9391=CARTESIAN_POINT('',(126.07274541526,-12.1779699708606,-107.050423710205));
#9392=CARTESIAN_POINT('',(126.045741858977,-12.1779699708613,-107.155045645795));
#9393=CARTESIAN_POINT('',(124.985404028889,-12.1779699708877,-111.263193291231));
#9394=CARTESIAN_POINT('',(123.925066198802,-12.177969970914,-115.371340936668));
#9395=CARTESIAN_POINT('',(122.864728368715,-12.1779699709404,-119.479488582104));
#9396=CARTESIAN_POINT('',(125.28610525473,-13.2102013472036,-81.2456612460085));
#9397=CARTESIAN_POINT('',(126.043531882066,-13.2102013472071,-85.5464753784086));
#9398=CARTESIAN_POINT('',(126.800958509401,-13.2102013472105,-89.8472895108088));
#9399=CARTESIAN_POINT('',(127.558385136736,-13.210201347214,-94.1481036432089));
#9400=CARTESIAN_POINT('',(127.574486886533,-13.210201347214,-94.2395324768186));
#9401=CARTESIAN_POINT('',(127.59058863633,-13.2102013472141,-94.3309613104282));
#9402=CARTESIAN_POINT('',(127.606690386127,-13.2102013472142,-94.4223901440378));
#9403=CARTESIAN_POINT('',(127.619547277085,-13.2102013472143,-94.4953940447967));
#9404=CARTESIAN_POINT('',(127.632404168044,-13.2102013472143,-94.5683979455557));
#9405=CARTESIAN_POINT('',(127.645261059003,-13.2102013472144,-94.6414018463146));
#9406=CARTESIAN_POINT('',(127.65720659789,-13.2102013472144,-94.7092309146528));
#9407=CARTESIAN_POINT('',(127.669152136778,-13.2102013472145,-94.7770599829909));
#9408=CARTESIAN_POINT('',(127.681097675666,-13.2102013472145,-94.8448890513291));
#9409=CARTESIAN_POINT('',(127.728422519069,-13.2102013472148,-95.1136086183197));
#9410=CARTESIAN_POINT('',(127.775747362473,-13.210201347215,-95.3823281853103));
#9411=CARTESIAN_POINT('',(127.823072205877,-13.2102013472152,-95.6510477523009));
#9412=CARTESIAN_POINT('',(127.956826615205,-13.2102013472158,-96.4105310251962));
#9413=CARTESIAN_POINT('',(128.057781760475,-13.2102013472145,-97.174355594921));
#9414=CARTESIAN_POINT('',(128.220989734054,-13.2102013472145,-99.016534941044));
#9415=CARTESIAN_POINT('',(128.251316760122,-13.2102013472149,-100.098134938087));
#9416=CARTESIAN_POINT('',(128.183369486978,-13.2102013472149,-102.259290641194));
#9417=CARTESIAN_POINT('',(128.086056333538,-13.2102013472131,-103.338046698406));
#9418=CARTESIAN_POINT('',(127.847257041154,-13.2102013472158,-104.951730966469));
#9419=CARTESIAN_POINT('',(127.752228009953,-13.2102013472159,-105.488679243815));
#9420=CARTESIAN_POINT('',(127.586968514657,-13.2102013472145,-106.292082620421));
#9421=CARTESIAN_POINT('',(127.528098016018,-13.2102013472159,-106.559546985296));
#9422=CARTESIAN_POINT('',(127.439735692698,-13.2102013472145,-106.936426344361));
#9423=CARTESIAN_POINT('',(127.413360188716,-13.2102013472142,-107.046156439684));
#9424=CARTESIAN_POINT('',(127.386353709493,-13.2102013472149,-107.155819523733));
#9425=CARTESIAN_POINT('',(126.325901105483,-13.2102013472413,-111.461915926818));
#9426=CARTESIAN_POINT('',(125.265448501473,-13.2102013472676,-115.768012329903));
#9427=CARTESIAN_POINT('',(124.204995897463,-13.210201347294,-120.074108732988));
#9428=CARTESIAN_POINT('',(126.217556493614,-14.2424327235082,-80.0390737926378));
#9429=CARTESIAN_POINT('',(127.062758706243,-14.2424327235262,-84.5378245998522));
#9430=CARTESIAN_POINT('',(127.907960918872,-14.2424327235443,-89.0365754070666));
#9431=CARTESIAN_POINT('',(128.7531631315,-14.2424327235624,-93.535326214281));
#9432=CARTESIAN_POINT('',(128.771130858095,-14.2424327235628,-93.6309628836049));
#9433=CARTESIAN_POINT('',(128.789098584689,-14.2424327235632,-93.7265995529288));
#9434=CARTESIAN_POINT('',(128.807066311284,-14.2424327235636,-93.8222362222527));
#9435=CARTESIAN_POINT('',(128.821413143431,-14.2424327235639,-93.8985999867304));
#9436=CARTESIAN_POINT('',(128.835759975578,-14.2424327235642,-93.9749637512081));
#9437=CARTESIAN_POINT('',(128.850106807724,-14.2424327235645,-94.0513275156858));
#9438=CARTESIAN_POINT('',(128.863436674321,-14.2424327235648,-94.1222782860621));
#9439=CARTESIAN_POINT('',(128.876766540917,-14.2424327235651,-94.1932290564383));
#9440=CARTESIAN_POINT('',(128.890096407513,-14.2424327235653,-94.2641798268146));
#9441=CARTESIAN_POINT('',(128.942905565409,-14.2424327235665,-94.5452666935559));
#9442=CARTESIAN_POINT('',(128.995714723305,-14.2424327235676,-94.8263535602972));
#9443=CARTESIAN_POINT('',(129.0485238812,-14.2424327235688,-95.1074404270385));
#9444=CARTESIAN_POINT('',(129.197778632266,-14.242432723572,-95.9018774526388));
#9445=CARTESIAN_POINT('',(129.312774744695,-14.2424327235683,-96.7013738266018));
#9446=CARTESIAN_POINT('',(129.506078575022,-14.2424327235683,-98.6309203737185));
#9447=CARTESIAN_POINT('',(129.550864719056,-14.2424327235686,-99.7646032112317));
#9448=CARTESIAN_POINT('',(129.505252168556,-14.2424327235686,-102.029737714103));
#9449=CARTESIAN_POINT('',(129.415761822666,-14.2424327235667,-103.159899296487));
#9450=CARTESIAN_POINT('',(129.184240744468,-14.2424327235695,-104.849905520325));
#9451=CARTESIAN_POINT('',(129.090884343541,-14.242432723569,-105.412101736551));
#9452=CARTESIAN_POINT('',(128.927067608355,-14.2424327235683,-106.252952169653));
#9453=CARTESIAN_POINT('',(128.868500471735,-14.2424327235692,-106.53282531887));
#9454=CARTESIAN_POINT('',(128.780324937469,-14.2424327235683,-106.927104016984));
#9455=CARTESIAN_POINT('',(128.753974962172,-14.2424327235679,-107.041889169162));
#9456=CARTESIAN_POINT('',(128.726965560008,-14.2424327235685,-107.15659340167));
#9457=CARTESIAN_POINT('',(127.666398182076,-14.2424327235949,-111.660638562404));
#9458=CARTESIAN_POINT('',(126.605830804144,-14.2424327236213,-116.164683723138));
#9459=CARTESIAN_POINT('',(125.545263426211,-14.2424327236476,-120.668728883872));
#9460=CARTESIAN_POINT('',(127.149007732498,-15.2746640998127,-78.832486339267));
#9461=CARTESIAN_POINT('',(128.08198553042,-15.2746640998454,-83.5291738212957));
#9462=CARTESIAN_POINT('',(129.014963328342,-15.2746640998781,-88.2258613033244));
#9463=CARTESIAN_POINT('',(129.947941126264,-15.2746640999108,-92.922548785353));
#9464=CARTESIAN_POINT('',(129.967774829656,-15.2746640999115,-93.0223932903912));
#9465=CARTESIAN_POINT('',(129.987608533049,-15.2746640999122,-93.1222377954294));
#9466=CARTESIAN_POINT('',(130.007442236441,-15.2746640999129,-93.2220823004676));
#9467=CARTESIAN_POINT('',(130.023279009776,-15.2746640999135,-93.3018059286641));
#9468=CARTESIAN_POINT('',(130.039115783111,-15.274664099914,-93.3815295568605));
#9469=CARTESIAN_POINT('',(130.054952556446,-15.2746640999146,-93.461253185057));
#9470=CARTESIAN_POINT('',(130.069666750751,-15.2746640999151,-93.5353256574714));
#9471=CARTESIAN_POINT('',(130.084380945056,-15.2746640999156,-93.6093981298857));
#9472=CARTESIAN_POINT('',(130.099095139361,-15.2746640999162,-93.6834706023001));
#9473=CARTESIAN_POINT('',(130.157388611748,-15.2746640999182,-93.9769247687921));
#9474=CARTESIAN_POINT('',(130.215682084136,-15.2746640999203,-94.2703789352842));
#9475=CARTESIAN_POINT('',(130.273975556523,-15.2746640999223,-94.5638331017762));
#9476=CARTESIAN_POINT('',(130.438730649326,-15.2746640999281,-95.3932238800814));
#9477=CARTESIAN_POINT('',(130.567767728914,-15.2746640999221,-96.2283920582826));
#9478=CARTESIAN_POINT('',(130.791167415989,-15.2746640999221,-98.245305806393));
#9479=CARTESIAN_POINT('',(130.850412677989,-15.2746640999222,-99.4310714843769));
#9480=CARTESIAN_POINT('',(130.827134850134,-15.2746640999222,-101.800184787011));
#9481=CARTESIAN_POINT('',(130.745467311794,-15.2746640999203,-102.981751894568));
#9482=CARTESIAN_POINT('',(130.521224447783,-15.2746640999231,-104.748080074181));
#9483=CARTESIAN_POINT('',(130.429540677129,-15.2746640999222,-105.335524229288));
#9484=CARTESIAN_POINT('',(130.267166702054,-15.2746640999222,-106.213821718884));
#9485=CARTESIAN_POINT('',(130.208902927452,-15.2746640999226,-106.506103652444));
#9486=CARTESIAN_POINT('',(130.12091418224,-15.274664099922,-106.917781689606));
#9487=CARTESIAN_POINT('',(130.094589735628,-15.2746640999215,-107.03762189864));
#9488=CARTESIAN_POINT('',(130.067577410524,-15.2746640999222,-107.157367279607));
#9489=CARTESIAN_POINT('',(129.006895258669,-15.2746640999485,-111.85936119799));
#9490=CARTESIAN_POINT('',(127.946213106815,-15.2746640999749,-116.561355116373));
#9491=CARTESIAN_POINT('',(126.88553095496,-15.2746641000013,-121.263349034756));
#9492=CARTESIAN_POINT('',(126.183423905277,-12.,-94.9999999999994));
#9493=CARTESIAN_POINT('',(126.347752683012,-12.,-96.0212430514057));
#9494=CARTESIAN_POINT('',(126.6836284106,-12.,-98.0644191519675));
#9495=CARTESIAN_POINT('',(126.785325012922,-12.,-102.145550043396));
#9496=CARTESIAN_POINT('',(126.320369578509,-12.,-105.228581228854));
#9497=CARTESIAN_POINT('',(125.796600873734,-12.,-107.241364367553));
#9498=CARTESIAN_POINT('',(125.796600873734,-11.9999999999999,-107.241364367553));
#9499=CARTESIAN_POINT('',(122.574251904498,-8.45110076628421,-107.239504243183));
#9500=CARTESIAN_POINT('',(123.458871550161,-9.80612746619401,-107.240014896305));
#9501=CARTESIAN_POINT('',(124.533039552141,-10.9890469537256,-107.240634967594));
#9502=CARTESIAN_POINT('',(125.796600873734,-11.9999999999999,-107.241364367553));
#9503=CARTESIAN_POINT('',(122.574251904498,-8.45110076628421,-107.239504243183));
#9504=CARTESIAN_POINT('',(113.489885434491,-8.45110076686424,-16.9920340680395));
#9505=CARTESIAN_POINT('',(114.301130459159,-8.45110076681698,-23.5584262131749));
#9506=CARTESIAN_POINT('',(115.112375483827,-8.45110076676971,-30.1248183583103));
#9507=CARTESIAN_POINT('',(115.923620508495,-8.45110076672245,-36.6912105034458));
#9508=CARTESIAN_POINT('',(116.547655142856,-8.4511007666861,-41.7422813843192));
#9509=CARTESIAN_POINT('',(117.171689777216,-8.45110076664974,-46.7933522651926));
#9510=CARTESIAN_POINT('',(117.795724411576,-8.45110076661339,-51.844423146066));
#9511=CARTESIAN_POINT('',(118.275751053392,-8.45110076658542,-55.7298622851994));
#9512=CARTESIAN_POINT('',(118.755777695207,-8.45110076655746,-59.6153014243328));
#9513=CARTESIAN_POINT('',(119.235804337023,-8.45110076652949,-63.5007405634661));
#9514=CARTESIAN_POINT('',(119.605055599958,-8.45110076650798,-66.4895399012611));
#9515=CARTESIAN_POINT('',(119.974306862893,-8.45110076648647,-69.478339239056));
#9516=CARTESIAN_POINT('',(120.343558125828,-8.45110076646496,-72.4671385768509));
#9517=CARTESIAN_POINT('',(120.627597558855,-8.45110076644841,-74.7662149905393));
#9518=CARTESIAN_POINT('',(120.911636991882,-8.45110076643186,-77.0652914042277));
#9519=CARTESIAN_POINT('',(121.195676424909,-8.45110076641531,-79.3643678179161));
#9520=CARTESIAN_POINT('',(121.414168296468,-8.45110076640258,-81.132888136138));
#9521=CARTESIAN_POINT('',(121.632660168027,-8.45110076638985,-82.9014084543598));
#9522=CARTESIAN_POINT('',(121.851152039586,-8.45110076637713,-84.6699287725816));
#9523=CARTESIAN_POINT('',(122.019222710016,-8.45110076636733,-86.0303290173677));
#9524=CARTESIAN_POINT('',(122.187293380446,-8.45110076635754,-87.3907292621537));
#9525=CARTESIAN_POINT('',(122.355364050877,-8.45110076634775,-88.7511295069397));
#9526=CARTESIAN_POINT('',(122.484649181977,-8.45110076634022,-89.7975912336982));
#9527=CARTESIAN_POINT('',(122.613934313077,-8.45110076633268,-90.8440529604567));
#9528=CARTESIAN_POINT('',(122.743219444177,-8.45110076632515,-91.8905146872152));
#9529=CARTESIAN_POINT('',(122.842669545023,-8.45110076631936,-92.6954852462602));
#9530=CARTESIAN_POINT('',(122.942119645869,-8.45110076631356,-93.5004558053052));
#9531=CARTESIAN_POINT('',(123.041569746716,-8.45110076630777,-94.3054263643502));
#9532=CARTESIAN_POINT('',(123.11806982429,-8.45110076630331,-94.9246344866925));
#9533=CARTESIAN_POINT('',(123.194569901864,-8.45110076629886,-95.5438426090348));
#9534=CARTESIAN_POINT('',(123.271069979438,-8.4511007662944,-96.1630507313771));
#9535=CARTESIAN_POINT('',(123.329916192956,-8.45110076629097,-96.6393646716404));
#9536=CARTESIAN_POINT('',(123.388762406475,-8.45110076628755,-97.1156786119037));
#9537=CARTESIAN_POINT('',(123.447608619993,-8.45110076628412,-97.591992552167));
#9538=CARTESIAN_POINT('',(123.526020342529,-8.45110076627955,-98.2266739410037));
#9539=CARTESIAN_POINT('',(123.576841211304,-8.45110076628234,-98.8631325134529));
#9540=CARTESIAN_POINT('',(123.632592213785,-8.45110076628234,-100.393368096934));
#9541=CARTESIAN_POINT('',(123.611293096255,-8.45110076628358,-101.289006805956));
#9542=CARTESIAN_POINT('',(123.463599907709,-8.45110076628358,-103.078907190555));
#9543=CARTESIAN_POINT('',(123.338355494076,-8.45110076628173,-103.974120307611));
#9544=CARTESIAN_POINT('',(123.073569406984,-8.4511007662845,-105.31529775632));
#9545=CARTESIAN_POINT('',(122.972568265257,-8.4511007662859,-105.762098507316));
#9546=CARTESIAN_POINT('',(122.80215740865,-8.45110076628242,-106.431797523823));
#9547=CARTESIAN_POINT('',(122.742203758805,-8.45110076628543,-106.654956441877));
#9548=CARTESIAN_POINT('',(122.653174506942,-8.45110076628281,-106.969711625856));
#9549=CARTESIAN_POINT('',(122.626707850656,-8.4511007662829,-107.061392687027));
#9550=CARTESIAN_POINT('',(122.599711810137,-8.45110076628357,-107.153056399896));
#9551=CARTESIAN_POINT('',(122.459227302971,-8.45110076628707,-107.630064556643));
#9552=CARTESIAN_POINT('',(122.318742795804,-8.45110076629056,-108.107072713391));
#9553=CARTESIAN_POINT('',(122.178258288638,-8.45110076629406,-108.584080870138));
#9554=CARTESIAN_POINT('',(121.995628429322,-8.4511007662986,-109.20419147391));
#9555=CARTESIAN_POINT('',(121.812998570006,-8.45110076630314,-109.824302077682));
#9556=CARTESIAN_POINT('',(121.63036871069,-8.45110076630768,-110.444412681454));
#9557=CARTESIAN_POINT('',(121.392949893579,-8.45110076631358,-111.250556466357));
#9558=CARTESIAN_POINT('',(121.155531076469,-8.45110076631949,-112.05670025126));
#9559=CARTESIAN_POINT('',(120.918112259358,-8.45110076632539,-112.862844036164));
#9560=CARTESIAN_POINT('',(120.609467797114,-8.45110076633306,-113.910830956538));
#9561=CARTESIAN_POINT('',(120.30082333487,-8.45110076634074,-114.958817876912));
#9562=CARTESIAN_POINT('',(119.992178872626,-8.45110076634841,-116.006804797286));
#9563=CARTESIAN_POINT('',(119.590941071709,-8.45110076635839,-117.369187793773));
#9564=CARTESIAN_POINT('',(119.189703270791,-8.45110076636837,-118.731570790259));
#9565=CARTESIAN_POINT('',(118.788465469874,-8.45110076637834,-120.093953786746));
#9566=CARTESIAN_POINT('',(118.266856328682,-8.45110076639131,-121.865051682179));
#9567=CARTESIAN_POINT('',(117.745247187489,-8.45110076640428,-123.636149577611));
#9568=CARTESIAN_POINT('',(117.223638046297,-8.45110076641725,-125.407247473044));
#9569=CARTESIAN_POINT('',(116.545546162747,-8.45110076643411,-127.709674737106));
#9570=CARTESIAN_POINT('',(115.867454279197,-8.45110076645097,-130.012102001168));
#9571=CARTESIAN_POINT('',(115.189362395647,-8.45110076646783,-132.314529265231));
#9572=CARTESIAN_POINT('',(114.307842947031,-8.45110076648975,-135.307684708511));
#9573=CARTESIAN_POINT('',(113.426323498416,-8.45110076651167,-138.300840151792));
#9574=CARTESIAN_POINT('',(112.544804049801,-8.45110076653358,-141.293995595073));
#9575=CARTESIAN_POINT('',(111.398828766601,-8.45110076656208,-145.185097671339));
#9576=CARTESIAN_POINT('',(110.252853483402,-8.45110076659057,-149.076199747604));
#9577=CARTESIAN_POINT('',(109.106878200202,-8.45110076661906,-152.967301823869));
#9578=CARTESIAN_POINT('',(107.617110332042,-8.4511007666561,-158.025734523014));
#9579=CARTESIAN_POINT('',(106.127342463883,-8.45110076669314,-163.084167222159));
#9580=CARTESIAN_POINT('',(104.637574595723,-8.45110076673018,-168.142599921304));
#9581=CARTESIAN_POINT('',(102.700876367116,-8.45110076677833,-174.718562430192));
#9582=CARTESIAN_POINT('',(100.764178138508,-8.45110076682649,-181.294524939081));
#9583=CARTESIAN_POINT('',(98.8274799099009,-8.45110076687464,-187.870487447969));
#9584=CARTESIAN_POINT('',(120.230587300974,8.62515050626933,-87.4835471917919));
#9585=CARTESIAN_POINT('',(120.518025811991,8.62515050631439,-90.7617901918854));
#9586=CARTESIAN_POINT('',(120.805464323009,8.62515050635946,-94.0400331919788));
#9587=CARTESIAN_POINT('',(121.092902834027,8.62515050640452,-97.3182761920723));
#9588=CARTESIAN_POINT('',(121.098671755452,8.62515050640542,-97.3840708770305));
#9589=CARTESIAN_POINT('',(121.104440676876,8.62515050640633,-97.4498655619888));
#9590=CARTESIAN_POINT('',(121.1102095983,8.62515050640723,-97.515660246947));
#9591=CARTESIAN_POINT('',(121.116491553317,8.62515050640822,-97.5873060921082));
#9592=CARTESIAN_POINT('',(121.122773508334,8.6251505064092,-97.6589519372694));
#9593=CARTESIAN_POINT('',(121.129055463351,8.62515050641019,-97.7305977824305));
#9594=CARTESIAN_POINT('',(121.130882736073,8.62515050641048,-97.7514378709486));
#9595=CARTESIAN_POINT('',(121.13271000878,8.62515050641076,-97.7722779594666));
#9596=CARTESIAN_POINT('',(121.134537281498,8.62515050641104,-97.7931180479931));
#9597=CARTESIAN_POINT('',(121.157745248168,8.62515050641463,-98.0578054567779));
#9598=CARTESIAN_POINT('',(121.180953214838,8.62515050641823,-98.3224928655628));
#9599=CARTESIAN_POINT('',(121.204161181507,8.62515050642182,-98.5871802743476));
#9600=CARTESIAN_POINT('',(121.254199819345,8.62515050642958,-99.1578721223804));
#9601=CARTESIAN_POINT('',(121.279312183837,8.62515050642411,-99.7290252760281));
#9602=CARTESIAN_POINT('',(121.279966380807,8.62515050642416,-101.099316793854));
#9603=CARTESIAN_POINT('',(121.232196801939,8.62515050642249,-101.899606891864));
#9604=CARTESIAN_POINT('',(121.043615198628,8.62515050642249,-103.499152179964));
#9605=CARTESIAN_POINT('',(120.904049487802,8.62515050642434,-104.300256654327));
#9606=CARTESIAN_POINT('',(120.625939096594,8.62515050642158,-105.501710685481));
#9607=CARTESIAN_POINT('',(120.521875852764,8.62515050641965,-105.902289765768));
#9608=CARTESIAN_POINT('',(120.34882371984,8.62515050642391,-106.503434056952));
#9609=CARTESIAN_POINT('',(120.288314701912,8.62515050642037,-106.70387608132));
#9610=CARTESIAN_POINT('',(120.198943493349,8.62515050642337,-106.986778109903));
#9611=CARTESIAN_POINT('',(120.172430094262,8.62515050642317,-107.069204819418));
#9612=CARTESIAN_POINT('',(120.14543941196,8.6251505064225,-107.151639653311));
#9613=CARTESIAN_POINT('',(119.070351028854,8.6251505063957,-110.435170291433));
#9614=CARTESIAN_POINT('',(117.995262645747,8.6251505063689,-113.718700929555));
#9615=CARTESIAN_POINT('',(116.92017426264,8.6251505063421,-117.002231567677));
#9616=CARTESIAN_POINT('',(120.229490346619,5.71948510457776,-87.4850000319385));
#9617=CARTESIAN_POINT('',(120.516823161627,5.71948510462067,-90.7630046470586));
#9618=CARTESIAN_POINT('',(120.804155976636,5.71948510466358,-94.0410092621787));
#9619=CARTESIAN_POINT('',(121.091488791645,5.7194851047065,-97.3190138772987));
#9620=CARTESIAN_POINT('',(121.097255591739,5.71948510470736,-97.3848037778452));
#9621=CARTESIAN_POINT('',(121.103022391833,5.71948510470822,-97.4505936783917));
#9622=CARTESIAN_POINT('',(121.108789191927,5.71948510470908,-97.5163835789382));
#9623=CARTESIAN_POINT('',(121.115068836962,5.71948510471002,-97.5880242142078));
#9624=CARTESIAN_POINT('',(121.121348481997,5.71948510471096,-97.6596648494774));
#9625=CARTESIAN_POINT('',(121.127628127032,5.7194851047119,-97.731305484747));
#9626=CARTESIAN_POINT('',(121.129454727836,5.71948510471217,-97.7521440578304));
#9627=CARTESIAN_POINT('',(121.131281328628,5.71948510471244,-97.7729826309138));
#9628=CARTESIAN_POINT('',(121.133107929429,5.71948510471271,-97.7938212040028));
#9629=CARTESIAN_POINT('',(121.156307362175,5.71948510471614,-98.0584893654233));
#9630=CARTESIAN_POINT('',(121.17950679492,5.71948510471958,-98.3231575268437));
#9631=CARTESIAN_POINT('',(121.202706227665,5.71948510472301,-98.5878256882642));
#9632=CARTESIAN_POINT('',(121.25272646553,5.71948510473042,-99.1584760371033));
#9633=CARTESIAN_POINT('',(121.277822156208,5.71948510472531,-99.7295868376668));
#9634=CARTESIAN_POINT('',(121.27844062096,5.71948510472534,-101.099774626178));
#9635=CARTESIAN_POINT('',(121.230653875078,5.71948510472369,-101.9000028873));
#9636=CARTESIAN_POINT('',(121.042045754223,5.71948510472369,-103.499424723481));
#9637=CARTESIAN_POINT('',(120.902470755551,5.71948510472553,-104.300468165121));
#9638=CARTESIAN_POINT('',(120.624351723032,5.71948510472277,-105.501831580759));
#9639=CARTESIAN_POINT('',(120.520286493336,5.71948510472094,-105.902380684679));
#9640=CARTESIAN_POINT('',(120.34723264745,5.71948510472505,-106.503480515742));
#9641=CARTESIAN_POINT('',(120.286723269347,5.71948510472157,-106.70390780741));
#9642=CARTESIAN_POINT('',(120.197351839013,5.71948510472456,-106.986789178114));
#9643=CARTESIAN_POINT('',(120.170838409611,5.71948510472436,-107.069209885857));
#9644=CARTESIAN_POINT('',(120.143847730785,5.71948510472369,-107.151638734502));
#9645=CARTESIAN_POINT('',(119.068759486139,5.71948510469692,-110.434930969186));
#9646=CARTESIAN_POINT('',(117.993671241492,5.71948510467015,-113.718223203871));
#9647=CARTESIAN_POINT('',(116.918582996845,5.71948510464337,-117.001515438555));
#9648=CARTESIAN_POINT('',(120.228393392264,2.81381970288618,-87.4864528720852));
#9649=CARTESIAN_POINT('',(120.515620511263,2.81381970292694,-90.7642191022318));
#9650=CARTESIAN_POINT('',(120.802847630263,2.81381970296771,-94.0419853323785));
#9651=CARTESIAN_POINT('',(121.090074749262,2.81381970300848,-97.3197515625251));
#9652=CARTESIAN_POINT('',(121.095839428026,2.81381970300929,-97.3855366786599));
#9653=CARTESIAN_POINT('',(121.10160410679,2.81381970301011,-97.4513217947947));
#9654=CARTESIAN_POINT('',(121.107368785554,2.81381970301093,-97.5171069109294));
#9655=CARTESIAN_POINT('',(121.113646120607,2.81381970301182,-97.5887423363075));
#9656=CARTESIAN_POINT('',(121.11992345566,2.81381970301271,-97.6603777616855));
#9657=CARTESIAN_POINT('',(121.126200790713,2.8138197030136,-97.7320131870635));
#9658=CARTESIAN_POINT('',(121.128026719598,2.81381970301386,-97.7528502447122));
#9659=CARTESIAN_POINT('',(121.129852648477,2.81381970301412,-97.773687302361));
#9660=CARTESIAN_POINT('',(121.13167857736,2.81381970301438,-97.7945243600126));
#9661=CARTESIAN_POINT('',(121.154869476181,2.81381970301765,-98.0591732740687));
#9662=CARTESIAN_POINT('',(121.178060375002,2.81381970302093,-98.3238221881247));
#9663=CARTESIAN_POINT('',(121.201251273823,2.81381970302421,-98.5884711021808));
#9664=CARTESIAN_POINT('',(121.251253111714,2.81381970303127,-99.1590799518263));
#9665=CARTESIAN_POINT('',(121.27633212858,2.81381970302651,-99.7301483993056));
#9666=CARTESIAN_POINT('',(121.276914861113,2.81381970302653,-101.100232458501));
#9667=CARTESIAN_POINT('',(121.229110948217,2.81381970302488,-101.900398882736));
#9668=CARTESIAN_POINT('',(121.040476309818,2.81381970302488,-103.499697266999));
#9669=CARTESIAN_POINT('',(120.9008920233,2.81381970302673,-104.300679675914));
#9670=CARTESIAN_POINT('',(120.62276434947,2.81381970302396,-105.501952476036));
#9671=CARTESIAN_POINT('',(120.518697133909,2.81381970302223,-105.902471603591));
#9672=CARTESIAN_POINT('',(120.345641575059,2.8138197030262,-106.503526974532));
#9673=CARTESIAN_POINT('',(120.285131836782,2.81381970302277,-106.7039395335));
#9674=CARTESIAN_POINT('',(120.195760184677,2.81381970302575,-106.986800246324));
#9675=CARTESIAN_POINT('',(120.16924672496,2.81381970302555,-107.069214952296));
#9676=CARTESIAN_POINT('',(120.14225604961,2.81381970302488,-107.151637815692));
#9677=CARTESIAN_POINT('',(119.067167943423,2.81381970299814,-110.434691646939));
#9678=CARTESIAN_POINT('',(117.992079837236,2.81381970297139,-113.717745478186));
#9679=CARTESIAN_POINT('',(116.916991731049,2.81381970294465,-117.000799309433));
#9680=CARTESIAN_POINT('',(120.227296437909,-0.0918456988053971,-87.4879057122318));
#9681=CARTESIAN_POINT('',(120.514417860899,-0.0918456987667804,-90.7654335574051));
#9682=CARTESIAN_POINT('',(120.801539283889,-0.0918456987281636,-94.0429614025783));
#9683=CARTESIAN_POINT('',(121.08866070688,-0.0918456986895469,-97.3204892477516));
#9684=CARTESIAN_POINT('',(121.094423264314,-0.0918456986887719,-97.3862695794746));
#9685=CARTESIAN_POINT('',(121.100185821748,-0.0918456986879968,-97.4520499111976));
#9686=CARTESIAN_POINT('',(121.105948379182,-0.0918456986872218,-97.5178302429207));
#9687=CARTESIAN_POINT('',(121.112223404253,-0.0918456986863778,-97.5894604584071));
#9688=CARTESIAN_POINT('',(121.118498429324,-0.0918456986855338,-97.6610906738935));
#9689=CARTESIAN_POINT('',(121.124773454395,-0.0918456986846899,-97.7327208893799));
#9690=CARTESIAN_POINT('',(121.12659871136,-0.0918456986844444,-97.7535564315941));
#9691=CARTESIAN_POINT('',(121.128423968326,-0.0918456986841989,-97.7743919738082));
#9692=CARTESIAN_POINT('',(121.130249225292,-0.0918456986839534,-97.7952275160224));
#9693=CARTESIAN_POINT('',(121.153431590188,-0.0918456986808356,-98.059857182714));
#9694=CARTESIAN_POINT('',(121.176613955085,-0.0918456986777178,-98.3244868494057));
#9695=CARTESIAN_POINT('',(121.199796319981,-0.0918456986746,-98.5891165160974));
#9696=CARTESIAN_POINT('',(121.249779757899,-0.0918456986678777,-99.1596838665493));
#9697=CARTESIAN_POINT('',(121.274842100951,-0.0918456986722965,-99.7307099609443));
#9698=CARTESIAN_POINT('',(121.275389101267,-0.0918456986722848,-101.100690290824));
#9699=CARTESIAN_POINT('',(121.227568021355,-0.0918456986739271,-101.900794878173));
#9700=CARTESIAN_POINT('',(121.038906865413,-0.0918456986739271,-103.499969810517));
#9701=CARTESIAN_POINT('',(120.899313291049,-0.0918456986720822,-104.300891186708));
#9702=CARTESIAN_POINT('',(120.621176975908,-0.0918456986748469,-105.502073371313));
#9703=CARTESIAN_POINT('',(120.517107774481,-0.0918456986764735,-105.902562522503));
#9704=CARTESIAN_POINT('',(120.344050502668,-0.0918456986726626,-106.503573433322));
#9705=CARTESIAN_POINT('',(120.283540404218,-0.0918456986760265,-106.703971259589));
#9706=CARTESIAN_POINT('',(120.19416853034,-0.0918456986730591,-106.986811314535));
#9707=CARTESIAN_POINT('',(120.167655040309,-0.0918456986732546,-107.069220018735));
#9708=CARTESIAN_POINT('',(120.140664368435,-0.0918456986739253,-107.151636896882));
#9709=CARTESIAN_POINT('',(119.065576400708,-0.0918456987006422,-110.434452324692));
#9710=CARTESIAN_POINT('',(117.990488432981,-0.0918456987273591,-113.717267752502));
#9711=CARTESIAN_POINT('',(116.915400465254,-0.0918456987540759,-117.000083180311));
#9712=CARTESIAN_POINT('',(120.227285576974,-0.120614663178581,-87.4879200967878));
#9713=CARTESIAN_POINT('',(120.51440595347,-0.120614663139986,-90.7654455817137));
#9714=CARTESIAN_POINT('',(120.801526329965,-0.12061466310139,-94.0429710666397));
#9715=CARTESIAN_POINT('',(121.08864670646,-0.120614663062795,-97.3204965515657));
#9716=CARTESIAN_POINT('',(121.094409242891,-0.12061466306202,-97.3862768359183));
#9717=CARTESIAN_POINT('',(121.100171779321,-0.120614663061245,-97.4520571202709));
#9718=CARTESIAN_POINT('',(121.105934315752,-0.120614663060471,-97.5178374046236));
#9719=CARTESIAN_POINT('',(121.112209317952,-0.120614663059627,-97.5894675685269));
#9720=CARTESIAN_POINT('',(121.118484320152,-0.120614663058784,-97.6610977324302));
#9721=CARTESIAN_POINT('',(121.124759322352,-0.12061466305794,-97.7327278963336));
#9722=CARTESIAN_POINT('',(121.126584572665,-0.120614663057695,-97.7535634235434));
#9723=CARTESIAN_POINT('',(121.128409822978,-0.12061466305745,-97.7743989507532));
#9724=CARTESIAN_POINT('',(121.130235073291,-0.120614663057204,-97.795234477963));
#9725=CARTESIAN_POINT('',(121.153417353693,-0.120614663054088,-98.0598639540868));
#9726=CARTESIAN_POINT('',(121.176599634095,-0.120614663050972,-98.3244934302105));
#9727=CARTESIAN_POINT('',(121.199781914498,-0.120614663047856,-98.5891229063342));
#9728=CARTESIAN_POINT('',(121.249765170238,-0.120614663041137,-99.159689845903));
#9729=CARTESIAN_POINT('',(121.274827348202,-0.120614663045552,-99.7307155209605));
#9730=CARTESIAN_POINT('',(121.275373994733,-0.12061466304554,-101.100694823817));
#9731=CARTESIAN_POINT('',(121.227552744852,-0.120614663047183,-101.900798798919));
#9732=CARTESIAN_POINT('',(121.038891326359,-0.120614663047183,-103.499972508968));
#9733=CARTESIAN_POINT('',(120.899297660036,-0.120614663045338,-104.300893280874));
#9734=CARTESIAN_POINT('',(120.621161259338,-0.120614663048102,-105.502074568296));
#9735=CARTESIAN_POINT('',(120.517092038249,-0.120614663049728,-105.90256342269));
#9736=CARTESIAN_POINT('',(120.344034749476,-0.120614663045919,-106.50357389331));
#9737=CARTESIAN_POINT('',(120.28352464746,-0.120614663049282,-106.703971573709));
#9738=CARTESIAN_POINT('',(120.194152771387,-0.120614663046315,-106.986811424121));
#9739=CARTESIAN_POINT('',(120.167639281055,-0.12061466304651,-107.069220068898));
#9740=CARTESIAN_POINT('',(120.140648609216,-0.120614663047181,-107.151636887785));
#9741=CARTESIAN_POINT('',(119.06556064286,-0.120614663073897,-110.434449955165));
#9742=CARTESIAN_POINT('',(117.990472676503,-0.120614663100614,-113.717263022544));
#9743=CARTESIAN_POINT('',(116.915384710147,-0.120614663127331,-117.000076089924));
#9744=CARTESIAN_POINT('',(120.227274716019,-0.149383627551771,-87.4879344813567));
#9745=CARTESIAN_POINT('',(120.514394046026,-0.149383627513195,-90.7654576060312));
#9746=CARTESIAN_POINT('',(120.801513376033,-0.149383627474619,-94.0429807307058));
#9747=CARTESIAN_POINT('',(121.08863270604,-0.149383627436043,-97.3205038553804));
#9748=CARTESIAN_POINT('',(121.094395221467,-0.149383627435268,-97.3862840923625));
#9749=CARTESIAN_POINT('',(121.100157736895,-0.149383627434494,-97.4520643293446));
#9750=CARTESIAN_POINT('',(121.105920252322,-0.14938362743372,-97.5178445663267));
#9751=CARTESIAN_POINT('',(121.112195231651,-0.149383627432877,-97.5894746786469));
#9752=CARTESIAN_POINT('',(121.11847021098,-0.149383627432034,-97.6611047909671));
#9753=CARTESIAN_POINT('',(121.124745190309,-0.149383627431191,-97.7327349032872));
#9754=CARTESIAN_POINT('',(121.12657043397,-0.149383627430945,-97.7535704154927));
#9755=CARTESIAN_POINT('',(121.12839567763,-0.1493836274307,-97.7744059276982));
#9756=CARTESIAN_POINT('',(121.13022092129,-0.149383627430455,-97.7952414399037));
#9757=CARTESIAN_POINT('',(121.153403117198,-0.14938362742734,-98.0598707254595));
#9758=CARTESIAN_POINT('',(121.176585313106,-0.149383627424226,-98.3245000110152));
#9759=CARTESIAN_POINT('',(121.199767509014,-0.149383627421111,-98.589129296571));
#9760=CARTESIAN_POINT('',(121.249750582576,-0.149383627414396,-99.1596958252567));
#9761=CARTESIAN_POINT('',(121.274812595453,-0.149383627418807,-99.7307210809768));
#9762=CARTESIAN_POINT('',(121.2753588882,-0.149383627418796,-101.100699356811));
#9763=CARTESIAN_POINT('',(121.227537468348,-0.149383627420438,-101.900802719666));
#9764=CARTESIAN_POINT('',(121.038875787306,-0.149383627420438,-103.499975207418));
#9765=CARTESIAN_POINT('',(120.899282029024,-0.149383627418593,-104.30089537504));
#9766=CARTESIAN_POINT('',(120.621145542768,-0.149383627421358,-105.502075765279));
#9767=CARTESIAN_POINT('',(120.517076302017,-0.149383627422983,-105.902564322877));
#9768=CARTESIAN_POINT('',(120.344018996284,-0.149383627419175,-106.503574353298));
#9769=CARTESIAN_POINT('',(120.283508890702,-0.149383627422537,-106.703971887829));
#9770=CARTESIAN_POINT('',(120.194137012433,-0.14938362741957,-106.986811533707));
#9771=CARTESIAN_POINT('',(120.167623521801,-0.149383627419766,-107.069220119061));
#9772=CARTESIAN_POINT('',(120.140632849996,-0.149383627420436,-107.151636878688));
#9773=CARTESIAN_POINT('',(119.065544885011,-0.149383627447153,-110.434447585637));
#9774=CARTESIAN_POINT('',(117.990456920026,-0.14938362747387,-113.717258292587));
#9775=CARTESIAN_POINT('',(116.91536895504,-0.149383627500587,-117.000068999537));
#9776=CARTESIAN_POINT('',(120.227263855065,-0.17815259192496,-87.487948865904));
#9777=CARTESIAN_POINT('',(120.514382138583,-0.178152591886404,-90.765469630334));
#9778=CARTESIAN_POINT('',(120.801500422101,-0.178152591847847,-94.0429903947641));
#9779=CARTESIAN_POINT('',(121.088618705619,-0.178152591809291,-97.3205111591941));
#9780=CARTESIAN_POINT('',(121.094381200044,-0.178152591808517,-97.3862913488059));
#9781=CARTESIAN_POINT('',(121.100143694468,-0.178152591807743,-97.4520715384177));
#9782=CARTESIAN_POINT('',(121.105906188892,-0.178152591806969,-97.5178517280295));
#9783=CARTESIAN_POINT('',(121.11218114535,-0.178152591806126,-97.5894817887666));
#9784=CARTESIAN_POINT('',(121.118456101808,-0.178152591805284,-97.6611118495037));
#9785=CARTESIAN_POINT('',(121.124731058266,-0.178152591804441,-97.7327419102408));
#9786=CARTESIAN_POINT('',(121.126556295274,-0.178152591804196,-97.7535774074421));
#9787=CARTESIAN_POINT('',(121.128381532282,-0.178152591803951,-97.7744129046432));
#9788=CARTESIAN_POINT('',(121.130206769289,-0.178152591803706,-97.7952484018444));
#9789=CARTESIAN_POINT('',(121.153388880703,-0.178152591800593,-98.0598774968322));
#9790=CARTESIAN_POINT('',(121.176570992117,-0.17815259179748,-98.32450659182));
#9791=CARTESIAN_POINT('',(121.199753103531,-0.178152591794367,-98.5891356868078));
#9792=CARTESIAN_POINT('',(121.249735994915,-0.178152591787654,-99.1597018046103));
#9793=CARTESIAN_POINT('',(121.274797842704,-0.178152591792063,-99.730726640993));
#9794=CARTESIAN_POINT('',(121.275343781667,-0.178152591792052,-101.100703889804));
#9795=CARTESIAN_POINT('',(121.227522191845,-0.178152591793694,-101.900806640413));
#9796=CARTESIAN_POINT('',(121.038860248252,-0.178152591793694,-103.499977905869));
#9797=CARTESIAN_POINT('',(120.899266398011,-0.178152591791849,-104.300897469206));
#9798=CARTESIAN_POINT('',(120.621129826199,-0.178152591794613,-105.502076962262));
#9799=CARTESIAN_POINT('',(120.517060565785,-0.178152591796237,-105.902565223064));
#9800=CARTESIAN_POINT('',(120.344003243092,-0.178152591792431,-106.503574813286));
#9801=CARTESIAN_POINT('',(120.283493133944,-0.178152591795793,-106.703972201949));
#9802=CARTESIAN_POINT('',(120.194121253479,-0.178152591792826,-106.986811643293));
#9803=CARTESIAN_POINT('',(120.167607762547,-0.178152591793021,-107.069220169224));
#9804=CARTESIAN_POINT('',(120.140617090777,-0.178152591793692,-107.151636869591));
#9805=CARTESIAN_POINT('',(119.065529127162,-0.178152591820409,-110.43444521611));
#9806=CARTESIAN_POINT('',(117.990441163548,-0.178152591847126,-113.71725356263));
#9807=CARTESIAN_POINT('',(116.915353199933,-0.178152591873843,-117.000061909149));
#9808=CARTESIAN_POINT('',(120.226146775182,-3.13712349825748,-87.4894283593968));
#9809=CARTESIAN_POINT('',(120.513157424136,-3.1371234982209,-90.7667063654478));
#9810=CARTESIAN_POINT('',(120.80016807309,-3.13712349818431,-94.0439843714989));
#9811=CARTESIAN_POINT('',(121.087178722044,-3.13712349814773,-97.32126237755));
#9812=CARTESIAN_POINT('',(121.092939056231,-3.137123498147,-97.3870376949753));
#9813=CARTESIAN_POINT('',(121.098699390418,-3.13712349814626,-97.4528130124007));
#9814=CARTESIAN_POINT('',(121.104459724606,-3.13712349814553,-97.518588329826));
#9815=CARTESIAN_POINT('',(121.110732328715,-3.13712349814473,-97.5902130850903));
#9816=CARTESIAN_POINT('',(121.117004932825,-3.13712349814393,-97.6618378403546));
#9817=CARTESIAN_POINT('',(121.123277536935,-3.13712349814313,-97.7334625956188));
#9818=CARTESIAN_POINT('',(121.1251020897,-3.1371234981429,-97.754296549583));
#9819=CARTESIAN_POINT('',(121.126926642465,-3.13712349814266,-97.7751305035471));
#9820=CARTESIAN_POINT('',(121.12875119523,-3.13712349814243,-97.7959644575112));
#9821=CARTESIAN_POINT('',(121.151924616161,-3.13712349813948,-98.0605739520346));
#9822=CARTESIAN_POINT('',(121.175098037092,-3.13712349813653,-98.3251834465579));
#9823=CARTESIAN_POINT('',(121.198271458023,-3.13712349813358,-98.5897929410813));
#9824=CARTESIAN_POINT('',(121.248235611879,-3.13712349812722,-99.1603167983724));
#9825=CARTESIAN_POINT('',(121.273280479968,-3.13712349813127,-99.731298504688));
#9826=CARTESIAN_POINT('',(121.273790031193,-3.13712349813127,-101.10117012123));
#9827=CARTESIAN_POINT('',(121.225950959421,-3.1371234981329,-101.901209900532));
#9828=CARTESIAN_POINT('',(121.03726201181,-3.1371234981329,-103.500255449298));
#9829=CARTESIAN_POINT('',(120.897658703335,-3.13712349813106,-104.301112860244));
#9830=CARTESIAN_POINT('',(120.619513331683,-3.13712349813382,-105.502200075407));
#9831=CARTESIAN_POINT('',(120.515442048973,-3.13712349813535,-105.902657809917));
#9832=CARTESIAN_POINT('',(120.342382981891,-3.13712349813169,-106.50362212438));
#9833=CARTESIAN_POINT('',(120.281872505961,-3.137123498135,-106.704004510065));
#9834=CARTESIAN_POINT('',(120.192500399657,-3.13712349813204,-106.986822914554));
#9835=CARTESIAN_POINT('',(120.165986877853,-3.13712349813223,-107.069225328608));
#9836=CARTESIAN_POINT('',(120.138996209623,-3.1371234981329,-107.151635933925));
#9837=CARTESIAN_POINT('',(119.063908386996,-3.13712349815963,-110.434201503435));
#9838=CARTESIAN_POINT('',(117.98882056437,-3.13712349818635,-113.716767072945));
#9839=CARTESIAN_POINT('',(116.913732741744,-3.13712349821307,-116.999332642454));
#9840=CARTESIAN_POINT('',(120.807179665071,-5.97344538091693,-86.719885338003));
#9841=CARTESIAN_POINT('',(121.150176342979,-5.97344538087942,-90.1234316957316));
#9842=CARTESIAN_POINT('',(121.493173020888,-5.97344538084191,-93.5269780534601));
#9843=CARTESIAN_POINT('',(121.836169698796,-5.9734453808044,-96.9305244111886));
#9844=CARTESIAN_POINT('',(121.843053678526,-5.97344538080364,-96.998833947834));
#9845=CARTESIAN_POINT('',(121.849937658257,-5.97344538080289,-97.0671434844794));
#9846=CARTESIAN_POINT('',(121.856821637988,-5.97344538080214,-97.1354530211248));
#9847=CARTESIAN_POINT('',(121.864317814103,-5.97344538080132,-97.2098373652216));
#9848=CARTESIAN_POINT('',(121.871813990218,-5.9734453808005,-97.2842217093183));
#9849=CARTESIAN_POINT('',(121.879310166333,-5.97344538079968,-97.3586060534151));
#9850=CARTESIAN_POINT('',(121.881490627369,-5.97344538079944,-97.38024270676));
#9851=CARTESIAN_POINT('',(121.883671088406,-5.9734453807992,-97.4018793601049));
#9852=CARTESIAN_POINT('',(121.885851549442,-5.97344538079896,-97.4235160134498));
#9853=CARTESIAN_POINT('',(121.913545317684,-5.97344538079594,-97.6983204943767));
#9854=CARTESIAN_POINT('',(121.941239085926,-5.97344538079291,-97.9731249753035));
#9855=CARTESIAN_POINT('',(121.968932854168,-5.97344538078988,-98.2479294562304));
#9856=CARTESIAN_POINT('',(122.028643317351,-5.97344538078335,-98.8404346977437));
#9857=CARTESIAN_POINT('',(122.062519798692,-5.97344538078775,-99.4338499824288));
#9858=CARTESIAN_POINT('',(122.081956016282,-5.97344538078775,-100.858665037752));
#9859=CARTESIAN_POINT('',(122.043209986907,-5.97344538078925,-101.691458646005));
#9860=CARTESIAN_POINT('',(121.868566887738,-5.97344538078925,-103.355894326897));
#9861=CARTESIAN_POINT('',(121.733883182299,-5.97344538078741,-104.189079617117));
#9862=CARTESIAN_POINT('',(121.46031493013,-5.97344538079017,-105.43816414313));
#9863=CARTESIAN_POINT('',(121.357295530238,-5.97344538079181,-105.854499787979));
#9864=CARTESIAN_POINT('',(121.185143785376,-5.97344538078798,-106.479013787367));
#9865=CARTESIAN_POINT('',(121.12482408759,-5.97344538079123,-106.687199802728));
#9866=CARTESIAN_POINT('',(121.035569449082,-5.97344538078844,-106.980960294285));
#9867=CARTESIAN_POINT('',(121.009071984801,-5.97344538078858,-107.066541732087));
#9868=CARTESIAN_POINT('',(120.982079475338,-5.97344538078925,-107.15212260987));
#9869=CARTESIAN_POINT('',(119.90691831304,-5.97344538081596,-110.56096594668));
#9870=CARTESIAN_POINT('',(118.831757150742,-5.97344538084266,-113.969809283489));
#9871=CARTESIAN_POINT('',(117.756595988445,-5.97344538086937,-117.378652620299));
#9872=CARTESIAN_POINT('',(121.921995455003,-8.45110076637365,-85.2433506518046));
#9873=CARTESIAN_POINT('',(122.372418360897,-8.4511007663472,-88.8891707694101));
#9874=CARTESIAN_POINT('',(122.822841266791,-8.45110076632075,-92.5349908870155));
#9875=CARTESIAN_POINT('',(123.273264172685,-8.4511007662943,-96.180811004621));
#9876=CARTESIAN_POINT('',(123.282304208213,-8.45110076629377,-96.2539830013416));
#9877=CARTESIAN_POINT('',(123.291344243742,-8.45110076629324,-96.3271549980622));
#9878=CARTESIAN_POINT('',(123.30038427927,-8.45110076629271,-96.4003269947828));
#9879=CARTESIAN_POINT('',(123.310228250499,-8.45110076629213,-96.480006220402));
#9880=CARTESIAN_POINT('',(123.320072221727,-8.45110076629155,-96.5596854460212));
#9881=CARTESIAN_POINT('',(123.329916192956,-8.45110076629097,-96.6393646716404));
#9882=CARTESIAN_POINT('',(123.332779572281,-8.45110076629081,-96.6625414812829));
#9883=CARTESIAN_POINT('',(123.335642951607,-8.45110076629064,-96.6857182909253));
#9884=CARTESIAN_POINT('',(123.338506330932,-8.45110076629047,-96.7088951005678));
#9885=CARTESIAN_POINT('',(123.374873760619,-8.45110076628835,-97.0032609177675));
#9886=CARTESIAN_POINT('',(123.411241190306,-8.45110076628623,-97.2976267349673));
#9887=CARTESIAN_POINT('',(123.447608619993,-8.45110076628412,-97.591992552167));
#9888=CARTESIAN_POINT('',(123.526020342529,-8.45110076627955,-98.2266739410037));
#9889=CARTESIAN_POINT('',(123.576841211304,-8.45110076628234,-98.8631325134529));
#9890=CARTESIAN_POINT('',(123.632592213785,-8.45110076628234,-100.393368096934));
#9891=CARTESIAN_POINT('',(123.611293096255,-8.45110076628358,-101.289006805956));
#9892=CARTESIAN_POINT('',(123.463599907709,-8.45110076628358,-103.078907190555));
#9893=CARTESIAN_POINT('',(123.338355494076,-8.45110076628173,-103.974120307611));
#9894=CARTESIAN_POINT('',(123.073569406984,-8.4511007662845,-105.31529775632));
#9895=CARTESIAN_POINT('',(122.972568265257,-8.4511007662859,-105.762098507316));
#9896=CARTESIAN_POINT('',(122.80215740865,-8.45110076628242,-106.431797523823));
#9897=CARTESIAN_POINT('',(122.742203758805,-8.45110076628543,-106.654956441877));
#9898=CARTESIAN_POINT('',(122.653174506942,-8.45110076628281,-106.969711625856));
#9899=CARTESIAN_POINT('',(122.626707850656,-8.4511007662829,-107.061392687027));
#9900=CARTESIAN_POINT('',(122.599711810137,-8.45110076628357,-107.153056399896));
#9901=CARTESIAN_POINT('',(121.524409999413,-8.45110076631032,-110.804190215484));
#9902=CARTESIAN_POINT('',(120.449108188689,-8.45110076633706,-114.455324031072));
#9903=CARTESIAN_POINT('',(119.373806377966,-8.4511007663638,-118.106457846659));
#9904=CARTESIAN_POINT('',(123.016727972694,-10.884121488352,-83.7934155602146));
#9905=CARTESIAN_POINT('',(123.57264183601,-10.8841214883364,-87.6771449050807));
#9906=CARTESIAN_POINT('',(124.128555699326,-10.8841214883208,-91.5608742499469));
#9907=CARTESIAN_POINT('',(124.684469562643,-10.8841214883052,-95.444603594813));
#9908=CARTESIAN_POINT('',(124.695626812883,-10.8841214883049,-95.5225504549759));
#9909=CARTESIAN_POINT('',(124.706784063123,-10.8841214883046,-95.6004973151389));
#9910=CARTESIAN_POINT('',(124.717941313364,-10.8841214883043,-95.6784441753018));
#9911=CARTESIAN_POINT('',(124.73009078446,-10.8841214883039,-95.7633228957903));
#9912=CARTESIAN_POINT('',(124.742240255556,-10.8841214883036,-95.8482016162788));
#9913=CARTESIAN_POINT('',(124.754389726652,-10.8841214883033,-95.9330803367673));
#9914=CARTESIAN_POINT('',(124.757923721575,-10.8841214883032,-95.9577695569771));
#9915=CARTESIAN_POINT('',(124.761457716499,-10.8841214883031,-95.9824587771868));
#9916=CARTESIAN_POINT('',(124.764991711422,-10.884121488303,-96.0071479973965));
#9917=CARTESIAN_POINT('',(124.809876547587,-10.8841214883017,-96.3207227557512));
#9918=CARTESIAN_POINT('',(124.854761383753,-10.8841214883005,-96.6342975141059));
#9919=CARTESIAN_POINT('',(124.899646219918,-10.8841214882993,-96.9478722724606));
#9920=CARTESIAN_POINT('',(124.996422300871,-10.8841214882966,-97.6239700104043));
#9921=CARTESIAN_POINT('',(125.063882305981,-10.8841214882979,-98.3026964509706));
#9922=CARTESIAN_POINT('',(125.155293886874,-10.8841214882979,-99.9364534244867));
#9923=CARTESIAN_POINT('',(125.151127377173,-10.8841214882988,-100.893805087353));
#9924=CARTESIAN_POINT('',(125.029898599855,-10.8841214882988,-102.806909944127));
#9925=CARTESIAN_POINT('',(124.913923430323,-10.884121488297,-103.763033464185));
#9926=CARTESIAN_POINT('',(124.657761298662,-10.8841214882998,-105.194644792675));
#9927=CARTESIAN_POINT('',(124.558742056421,-10.8841214883009,-105.6713618246));
#9928=CARTESIAN_POINT('',(124.390040726177,-10.8841214882978,-106.385431855583));
#9929=CARTESIAN_POINT('',(124.330446529964,-10.8841214883006,-106.623293941291));
#9930=CARTESIAN_POINT('',(124.241638604433,-10.8841214882981,-106.958665600834));
#9931=CARTESIAN_POINT('',(124.215202201137,-10.8841214882982,-107.056336401393));
#9932=CARTESIAN_POINT('',(124.188202693174,-10.8841214882988,-107.153973367807));
#9933=CARTESIAN_POINT('',(123.112762767789,-10.8841214883256,-111.043032828368));
#9934=CARTESIAN_POINT('',(122.037322842404,-10.8841214883524,-114.932092288929));
#9935=CARTESIAN_POINT('',(120.96188291702,-10.8841214883792,-118.821151749489));
#9936=CARTESIAN_POINT('',(124.111460490385,-13.3171422103303,-82.3434804686246));
#9937=CARTESIAN_POINT('',(124.772865311123,-13.3171422103256,-86.4651190407514));
#9938=CARTESIAN_POINT('',(125.434270131862,-13.3171422103209,-90.5867576128782));
#9939=CARTESIAN_POINT('',(126.0956749526,-13.3171422103161,-94.708396185005));
#9940=CARTESIAN_POINT('',(126.108949417552,-13.317142210316,-94.7911179086103));
#9941=CARTESIAN_POINT('',(126.122223882505,-13.3171422103159,-94.8738396322155));
#9942=CARTESIAN_POINT('',(126.135498347457,-13.3171422103159,-94.9565613558208));
#9943=CARTESIAN_POINT('',(126.14995331842,-13.3171422103157,-95.0466395711786));
#9944=CARTESIAN_POINT('',(126.164408289384,-13.3171422103156,-95.1367177865364));
#9945=CARTESIAN_POINT('',(126.178863260347,-13.3171422103155,-95.2267960018941));
#9946=CARTESIAN_POINT('',(126.183067870869,-13.3171422103155,-95.2529976326712));
#9947=CARTESIAN_POINT('',(126.18727248139,-13.3171422103155,-95.2791992634482));
#9948=CARTESIAN_POINT('',(126.191477091912,-13.3171422103155,-95.3054008942252));
#9949=CARTESIAN_POINT('',(126.244879334555,-13.3171422103151,-95.6381845937348));
#9950=CARTESIAN_POINT('',(126.298281577199,-13.3171422103148,-95.9709682932445));
#9951=CARTESIAN_POINT('',(126.351683819842,-13.3171422103145,-96.3037519927542));
#9952=CARTESIAN_POINT('',(126.466824259213,-13.3171422103137,-97.0212660798049));
#9953=CARTESIAN_POINT('',(126.550923400658,-13.3171422103134,-97.7422603884884));
#9954=CARTESIAN_POINT('',(126.677995559963,-13.3171422103134,-99.4795387520396));
#9955=CARTESIAN_POINT('',(126.690961658091,-13.3171422103141,-100.49860336875));
#9956=CARTESIAN_POINT('',(126.596197292001,-13.3171422103141,-102.534912697699));
#9957=CARTESIAN_POINT('',(126.48949136657,-13.3171422103123,-103.55194662076));
#9958=CARTESIAN_POINT('',(126.24195319034,-13.317142210315,-105.073991829031));
#9959=CARTESIAN_POINT('',(126.144915847585,-13.317142210316,-105.580625141884));
#9960=CARTESIAN_POINT('',(125.977924043704,-13.3171422103132,-106.339066187343));
#9961=CARTESIAN_POINT('',(125.918689301122,-13.3171422103157,-106.591631440704));
#9962=CARTESIAN_POINT('',(125.830102701923,-13.3171422103134,-106.947619575813));
#9963=CARTESIAN_POINT('',(125.803696551619,-13.3171422103134,-107.05128011576));
#9964=CARTESIAN_POINT('',(125.776693576212,-13.3171422103141,-107.154890335718));
#9965=CARTESIAN_POINT('',(124.701115536166,-13.3171422103409,-111.281875441252));
#9966=CARTESIAN_POINT('',(123.625537496119,-13.3171422103677,-115.408860546786));
#9967=CARTESIAN_POINT('',(122.549959456073,-13.3171422103945,-119.535845652319));
#9968=CARTESIAN_POINT('',(125.206193008076,-15.7501629323086,-80.8935453770346));
#9969=CARTESIAN_POINT('',(125.973088786236,-15.7501629323148,-85.253093176422));
#9970=CARTESIAN_POINT('',(126.739984564397,-15.7501629323209,-89.6126409758096));
#9971=CARTESIAN_POINT('',(127.506880342557,-15.7501629323271,-93.972188775197));
#9972=CARTESIAN_POINT('',(127.522272022222,-15.7501629323272,-94.0596853622446));
#9973=CARTESIAN_POINT('',(127.537663701886,-15.7501629323273,-94.1471819492922));
#9974=CARTESIAN_POINT('',(127.553055381551,-15.7501629323274,-94.2346785363398));
#9975=CARTESIAN_POINT('',(127.569815852381,-15.7501629323276,-94.3299562465669));
#9976=CARTESIAN_POINT('',(127.586576323212,-15.7501629323277,-94.4252339567939));
#9977=CARTESIAN_POINT('',(127.603336794042,-15.7501629323278,-94.5205116670209));
#9978=CARTESIAN_POINT('',(127.608212020162,-15.7501629323279,-94.5482257083654));
#9979=CARTESIAN_POINT('',(127.613087246282,-15.7501629323279,-94.5759397497096));
#9980=CARTESIAN_POINT('',(127.617962472402,-15.750162932328,-94.6036537910539));
#9981=CARTESIAN_POINT('',(127.679882121524,-15.7501629323285,-94.9556464317185));
#9982=CARTESIAN_POINT('',(127.741801770645,-15.7501629323291,-95.3076390723831));
#9983=CARTESIAN_POINT('',(127.803721419767,-15.7501629323296,-95.6596317130478));
#9984=CARTESIAN_POINT('',(127.937226217555,-15.7501629323308,-96.4185621492056));
#9985=CARTESIAN_POINT('',(128.037964495334,-15.7501629323289,-97.1818243260061));
#9986=CARTESIAN_POINT('',(128.200697233052,-15.7501629323289,-99.0226240795925));
#9987=CARTESIAN_POINT('',(128.230795939009,-15.7501629323294,-100.103401650147));
#9988=CARTESIAN_POINT('',(128.162495984147,-15.7501629323294,-102.262915451271));
#9989=CARTESIAN_POINT('',(128.065059302817,-15.7501629323275,-103.340859777335));
#9990=CARTESIAN_POINT('',(127.826145082017,-15.7501629323303,-104.953338865386));
#9991=CARTESIAN_POINT('',(127.731089638748,-15.750162932331,-105.489888459168));
#9992=CARTESIAN_POINT('',(127.565807361231,-15.7501629323285,-106.292700519103));
#9993=CARTESIAN_POINT('',(127.50693207228,-15.7501629323309,-106.559968940118));
#9994=CARTESIAN_POINT('',(127.418566799414,-15.7501629323287,-106.936573550791));
#9995=CARTESIAN_POINT('',(127.392190902101,-15.7501629323287,-107.046223830127));
#9996=CARTESIAN_POINT('',(127.365184459249,-15.7501629323294,-107.155807303629));
#9997=CARTESIAN_POINT('',(126.289468304542,-15.7501629323562,-111.520718054136));
#9998=CARTESIAN_POINT('',(125.213752149834,-15.750162932383,-115.885628804642));
#9999=CARTESIAN_POINT('',(124.138035995127,-15.7501629324099,-120.250539555149));
#10000=CARTESIAN_POINT('',(120.112404512768,8.51075183267082E-16,-107.238083123878));
#10001=CARTESIAN_POINT('',(120.11158310044,-1.49758415092096,-107.238082649712));
#10002=CARTESIAN_POINT('',(120.48928926819,-4.445135846734,-107.238300683343));
#10003=CARTESIAN_POINT('',(121.753383422437,-7.19512207256229,-107.239030390884));
#10004=CARTESIAN_POINT('',(122.574251904498,-8.45110076628421,-107.239504243183));
#10005=CARTESIAN_POINT('',(120.112404512768,8.51075183654635E-16,-107.238083123878));
#10006=CARTESIAN_POINT('',(121.04280129409,9.47183658059898E-16,-96.7964695288915));
#10007=CARTESIAN_POINT('',(121.119688389418,9.47183658059898E-16,-97.6741373822578));
#10008=CARTESIAN_POINT('',(121.313220006224,-4.51462526249607E-16,-99.4310835923568));
#10009=CARTESIAN_POINT('',(121.237888002414,2.61965959603573E-16,-102.927815213192));
#10010=CARTESIAN_POINT('',(120.665657038643,-1.24709876434979E-16,-105.548705004402));
#10011=CARTESIAN_POINT('',(120.112404512768,-1.24709876434979E-16,-107.238083123878));
#10012=CARTESIAN_POINT('',(0.,0.,0.));
#10013=CARTESIAN_POINT('',(121.099521090873,0.,-107.238652944099));
#10014=CARTESIAN_POINT('',(118.76760873962,-5.49460969176971E-6,-107.237306830741));
#10015=CARTESIAN_POINT('',(118.76760873827,0.,-107.23730683074));
#10016=CARTESIAN_POINT('',(118.656437681963,0.,-107.083628430453));
#10017=CARTESIAN_POINT('',(118.545266625655,0.,-106.929950030166));
#10018=CARTESIAN_POINT('',(118.434095569348,0.,-106.776271629878));
#10019=CARTESIAN_POINT('',(130.583151744008,-15.1220529748776,-107.244127438843));
#10020=CARTESIAN_POINT('',(129.935446073552,-14.944480304075,-107.243753546035));
#10021=CARTESIAN_POINT('',(129.331848038283,-14.7666395346528,-107.243405114681));
#10022=CARTESIAN_POINT('',(127.852239974683,-14.1962003821468,-107.242551000169));
#10023=CARTESIAN_POINT('',(127.00240520992,-13.7764233843914,-107.242060426873));
#10024=CARTESIAN_POINT('',(124.592943692804,-12.2999314249651,-107.240669547694));
#10025=CARTESIAN_POINT('',(123.170532994039,-11.0229720567383,-107.239848450777));
#10026=CARTESIAN_POINT('',(120.869406455395,-8.04559791791151,-107.238520108753));
#10027=CARTESIAN_POINT('',(119.992017214349,-6.34576866638757,-107.238013629435));
#10028=CARTESIAN_POINT('',(118.983912402547,-3.03504094870603,-107.237431693603));
#10029=CARTESIAN_POINT('',(118.755982466084,-1.45631752690809,-107.23730011939));
#10030=CARTESIAN_POINT('',(118.768064546057,0.123135359512311,-107.237307093858));
#10031=CARTESIAN_POINT('',(130.331787569541,-16.0346042007524,-106.245395929315));
#10032=CARTESIAN_POINT('',(129.66727900228,-15.8468537926978,-106.245281722019));
#10033=CARTESIAN_POINT('',(129.019533092284,-15.6466670975163,-106.245411768451));
#10034=CARTESIAN_POINT('',(127.460557413664,-15.0186978247722,-106.246328815387));
#10035=CARTESIAN_POINT('',(126.568216034941,-14.5600551817375,-106.247263272266));
#10036=CARTESIAN_POINT('',(124.047843124605,-12.9581494945575,-106.251448649368));
#10037=CARTESIAN_POINT('',(122.574187894021,-11.5859483243635,-106.256259878855));
#10038=CARTESIAN_POINT('',(120.208884882639,-8.42144961754456,-106.268221516226));
#10039=CARTESIAN_POINT('',(119.317821067918,-6.63045698769505,-106.275263829929));
#10040=CARTESIAN_POINT('',(118.29741527753,-3.16385587202145,-106.284393954606));
#10041=CARTESIAN_POINT('',(118.068120566553,-1.51806313142644,-106.286849719454));
#10042=CARTESIAN_POINT('',(118.080465574581,0.128406577643656,-106.286773087925));
#10043=CARTESIAN_POINT('',(130.204889166371,-15.9984123785435,-106.245496539128));
#10044=CARTESIAN_POINT('',(130.185526627519,-15.6656082524217,-106.578289543533));
#10045=CARTESIAN_POINT('',(130.166164088666,-15.3328041262999,-106.911082547938));
#10046=CARTESIAN_POINT('',(130.146801549813,-15.0000000001782,-107.243875552342));
#10047=CARTESIAN_POINT('',(130.146801547722,-14.9999999995714,-107.243875552348));
#10048=CARTESIAN_POINT('',(130.146801550824,-15.000000000293,-107.243875552521));
#10049=CARTESIAN_POINT('',(128.467186047695,-14.5186506054209,-107.242905982261));
#10050=CARTESIAN_POINT('',(126.208688305719,-13.4764419417896,-107.241602248019));
#10051=CARTESIAN_POINT('',(123.558479892352,-11.3444419858115,-107.240072395945));
#10052=CARTESIAN_POINT('',(121.311815212709,-8.82669653809961,-107.238775492424));
#10053=CARTESIAN_POINT('',(119.314358659984,-5.03945655810577,-107.237622446107));
#10054=CARTESIAN_POINT('',(118.768026672902,-1.70176210616392,-107.237307071996));
#10055=CARTESIAN_POINT('',(118.767608739619,-5.49460968390925E-6,-107.237306830741));
#10056=CARTESIAN_POINT('',(140.756364728133,-15.,-107.25));
#10057=CARTESIAN_POINT('',(140.268923876969,-15.8445538393903,-106.405164641121));
#10058=CARTESIAN_POINT('',(140.756364728133,-15.,-107.25));
#10059=CARTESIAN_POINT('',(140.756364728133,-15.,-107.25));
#10060=CARTESIAN_POINT('',(142.462164553891,-15.,-104.295468034244));
#10061=CARTESIAN_POINT('',(142.462164553891,-15.,-104.295468034244));
#10062=CARTESIAN_POINT('',(140.770259583775,-15.,-107.225933404065));
#10063=CARTESIAN_POINT('',(142.461835689701,-15.0003796908637,-104.295278262004));
#10064=CARTESIAN_POINT('',(180.457524339241,-16.,-40.4509841806875));
#10065=CARTESIAN_POINT('',(188.081238898007,-42.297312119492,-79.8544431902405));
#10066=CARTESIAN_POINT('',(142.503426246135,-16.,-106.223216000995));
#10067=CARTESIAN_POINT('',(180.457524339241,-16.,-40.4509841806875));
#10068=CARTESIAN_POINT('',(147.27946442872,-11.9999999999998,-58.4999999999988));
#10069=CARTESIAN_POINT('',(147.529464437566,-11.9999999999998,-58.249999995764));
#10070=CARTESIAN_POINT('',(151.779464432097,-11.9999999999998,-58.249999995764));
#10071=CARTESIAN_POINT('',(143.083440057486,-16.,-18.8841371738065));
#10072=CARTESIAN_POINT('',(146.891688181494,-16.,-57.9614547691631));
#10073=CARTESIAN_POINT('',(148.762830448975,-16.,-62.3171007119267));
#10074=CARTESIAN_POINT('',(154.334940579014,-16.,-75.2878615687209));
#10075=CARTESIAN_POINT('',(147.529464437566,-16.,-58.249999995764));
#10076=CARTESIAN_POINT('',(145.353071821094,-16.,-54.599545896275));
#10077=CARTESIAN_POINT('',(137.884264292992,-16.,-41.9775919781714));
#10078=CARTESIAN_POINT('',(141.436196073668,-16.,-46.9704022772366));
#10079=CARTESIAN_POINT('',(144.46048977803,-16.,-52.3370749473518));
#10080=CARTESIAN_POINT('',(146.891688181494,-16.,-57.9614547691631));
#10081=CARTESIAN_POINT('',(137.884264292991,-16.,-41.9775919781714));
#10082=CARTESIAN_POINT('',(137.884264292992,-16.,-41.9775919781714));
#10083=CARTESIAN_POINT('',(137.457128180625,-16.,-41.3083344006619));
#10084=CARTESIAN_POINT('',(136.74033330417,-16.,-39.9186884001098));
#10085=CARTESIAN_POINT('',(136.070676353375,-16.,-37.6471270369003));
#10086=CARTESIAN_POINT('',(135.867816733326,-16.,-35.6824984966977));
#10087=CARTESIAN_POINT('',(135.928484958771,-16.,-34.1258028968396));
#10088=CARTESIAN_POINT('',(136.085484202893,-16.,-32.9458926944447));
#10089=CARTESIAN_POINT('',(136.347332214694,-16.,-31.8011240538325));
#10090=CARTESIAN_POINT('',(136.654312001543,-16.,-30.8688000660778));
#10091=CARTESIAN_POINT('',(136.916478341226,-16.,-30.2288256344821));
#10092=CARTESIAN_POINT('',(137.073666610297,-16.,-29.8789795133126));
#10093=CARTESIAN_POINT('',(137.212887520964,-16.,-29.5889905356633));
#10094=CARTESIAN_POINT('',(137.30108360766,-16.,-29.4172064849314));
#10095=CARTESIAN_POINT('',(137.435637715392,-16.,-29.1660194038531));
#10096=CARTESIAN_POINT('',(137.583125887067,-16.,-28.9007639321468));
#10097=CARTESIAN_POINT('',(137.779861106047,-16.,-28.5577094682026));
#10098=CARTESIAN_POINT('',(137.914015395982,-16.,-28.3264437787418));
#10099=CARTESIAN_POINT('',(138.114716752797,-16.,-27.979096275817));
#10100=CARTESIAN_POINT('',(138.455773191404,-16.,-27.3894065632651));
#10101=CARTESIAN_POINT('',(138.948317486624,-16.,-26.5374880834278));
#10102=CARTESIAN_POINT('',(139.537078599014,-16.,-25.5192801989057));
#10103=CARTESIAN_POINT('',(139.930022586678,-16.,-24.8396950775514));
#10104=CARTESIAN_POINT('',(140.126440008084,-16.,-24.5));
#10105=CARTESIAN_POINT('',(140.126440008072,-15.9999999999989,-24.5000000000026));
#10106=CARTESIAN_POINT('',(143.083440057486,-16.,-24.5));
#10107=CARTESIAN_POINT('',(157.31647869398,-16.,-106.200001352114));
#10108=CARTESIAN_POINT('',(157.534336120985,-15.9981532766659,-106.201507346788));
#10109=CARTESIAN_POINT('',(154.334940579015,-16.,-75.2878615687209));
#10110=CARTESIAN_POINT('',(155.406547838978,-16.,-77.7823495054285));
#10111=CARTESIAN_POINT('',(156.282839334035,-16.,-80.360713829509));
#10112=CARTESIAN_POINT('',(157.623468997344,-16.,-85.6224588661053));
#10113=CARTESIAN_POINT('',(158.087793860413,-16.,-88.3057873585213));
#10114=CARTESIAN_POINT('',(158.59316576339,-16.,-93.7120659274532));
#10115=CARTESIAN_POINT('',(158.634207787875,-16.,-96.4349623501837));
#10116=CARTESIAN_POINT('',(158.2920053537,-16.,-101.85401634682));
#10117=CARTESIAN_POINT('',(157.90876426609,-16.,-104.550120132859));
#10118=CARTESIAN_POINT('',(157.305580223512,-16.,-107.255919255089));
#10119=CARTESIAN_POINT('',(157.293022375325,-16.,-107.311817832544));
#10120=CARTESIAN_POINT('',(157.280372392674,-16.,-107.367695551863));
#10121=CARTESIAN_POINT('',(112.963587489721,-12.8116515749497,-9.49999999999999));
#10122=CARTESIAN_POINT('',(129.963587490289,-12.8116515749497,-9.49999999999999));
#10123=CARTESIAN_POINT('',(129.96358749029,-15.0541233005701,-20.0500000000079));
#10124=CARTESIAN_POINT('',(144.723892320702,-15.0548774078062,-20.0535477956167));
#10125=CARTESIAN_POINT('',(143.191408216498,-15.3699182718719,-21.5356985304161));
#10126=CARTESIAN_POINT('',(141.658924112276,-15.6849591359321,-23.0178492651913));
#10127=CARTESIAN_POINT('',(140.126440008076,-15.9999999999988,-24.4999999999955));
#10128=CARTESIAN_POINT('',(144.725545890928,-15.0541068883655,-20.0517738978084));
#10129=CARTESIAN_POINT('',(144.975502248395,-15.0541233005701,-20.05));
#10130=CARTESIAN_POINT('',(129.963587490289,-12.0000000000001,-9.99999999999999));
#10131=CARTESIAN_POINT('',(129.963587490292,-20.2183109373277,-20.0500000000079));
#10132=CARTESIAN_POINT('',(129.963587490292,-13.7000000000001,-20.0500000000079));
#10133=CARTESIAN_POINT('',(129.963587490292,-13.7000000000001,-20.0500000000079));
#10134=CARTESIAN_POINT('',(129.963587490289,-13.7000000000001,-15.2469937775616));
#10135=CARTESIAN_POINT('',(129.963587490289,-13.7000000000001,-15.2469937775616));
#10136=CARTESIAN_POINT('',(129.963587490289,-13.5867773956092,-15.0421663794429));
#10137=CARTESIAN_POINT('',(129.963587490289,-13.5,-14.8193112007693));
#10138=CARTESIAN_POINT('',(129.963587490289,-13.5,-14.5836688194899));
#10139=CARTESIAN_POINT('',(129.963587490289,-11.9999999999999,-25.));
#10140=CARTESIAN_POINT('',(145.422671705359,-13.7000000000001,-16.6397052279335));
#10141=CARTESIAN_POINT('',(146.429453066993,-13.7000000000001,-17.4046076165686));
#10142=CARTESIAN_POINT('',(147.428218836476,-13.5407679669804,-18.1634201570836));
#10143=CARTESIAN_POINT('',(145.206761875794,-13.7000000000001,-16.923890498382));
#10144=CARTESIAN_POINT('',(146.213543237408,-13.6999999999981,-17.6887928870367));
#10145=CARTESIAN_POINT('',(147.212309006874,-13.5407679669772,-18.4476054275715));
#10146=CARTESIAN_POINT('',(144.775266217557,-13.7000000000001,-17.492451736158));
#10147=CARTESIAN_POINT('',(145.782752635165,-13.7000000000009,-18.25645507886));
#10148=CARTESIAN_POINT('',(146.78221755258,-13.5407624952388,-19.014375546299));
#10149=CARTESIAN_POINT('',(144.126078726146,-13.7000000000001,-18.34414941028));
#10150=CARTESIAN_POINT('',(145.130393065908,-13.7000000000001,-19.1121975755255));
#10151=CARTESIAN_POINT('',(146.126712183067,-13.5407871180401,-19.8741318926336));
#10152=CARTESIAN_POINT('',(143.483310198477,-13.7000000000001,-19.1996250951012));
#10153=CARTESIAN_POINT('',(144.502592800789,-13.6999999999992,-19.9476467340576));
#10154=CARTESIAN_POINT('',(145.513762862499,-13.5408180493932,-20.6897147551981));
#10155=CARTESIAN_POINT('',(143.069498235718,-13.7000000000001,-19.7785944299205));
#10156=CARTESIAN_POINT('',(144.101615695297,-13.7000000000022,-20.5089178411125));
#10157=CARTESIAN_POINT('',(145.12551699724,-13.5407889971724,-21.2334273821658));
#10158=CARTESIAN_POINT('',(142.86718711918,-13.7000000000001,-20.0707834976327));
#10159=CARTESIAN_POINT('',(143.906683528524,-13.7000000000001,-20.7905286950211));
#10160=CARTESIAN_POINT('',(144.937904389115,-13.5407777327718,-21.5045439193019));
#10161=CARTESIAN_POINT('',(145.97164615365,-13.6874384352572,-17.0886780712315));
#10162=CARTESIAN_POINT('',(145.97319511876,-13.6661927779998,-18.0770583623744));
#10163=CARTESIAN_POINT('',(145.974742075079,-13.6177560913194,-19.0641568626127));
#10164=CARTESIAN_POINT('',(145.976287064025,-13.5426890017263,-20.0499999999994));
#10165=CARTESIAN_POINT('',(145.97164615365,-13.6874384352572,-17.0886780712315));
#10166=CARTESIAN_POINT('',(145.976287064025,-13.5426890017263,-20.0499999999994));
#10167=CARTESIAN_POINT('',(145.97164615365,-13.6874384352571,-17.0886780712375));
#10168=CARTESIAN_POINT('',(145.690213384438,-13.6957340961595,-17.0723832433661));
#10169=CARTESIAN_POINT('',(145.409012577346,-13.7000000000001,-17.0520635594725));
#10170=CARTESIAN_POINT('',(145.128057325527,-13.7000000000001,-17.0274831599803));
#10171=CARTESIAN_POINT('',(145.128057325527,-13.7000000000001,-17.0274831599804));
#10172=CARTESIAN_POINT('',(142.881588708555,-13.7000000000001,-20.0500000000008));
#10173=CARTESIAN_POINT('',(143.594798311113,-13.7000000000001,-19.0215334765268));
#10174=CARTESIAN_POINT('',(144.367743192047,-13.7000000000001,-18.0282253591775));
#10175=CARTESIAN_POINT('',(145.128057325527,-13.7000000000001,-17.0274831599807));
#10176=CARTESIAN_POINT('',(142.881588708555,-13.7000000000001,-20.0500000000008));
#10177=CARTESIAN_POINT('',(142.881588708555,-13.7000000000001,-20.0500000000008));
#10178=CARTESIAN_POINT('',(143.916069201914,-13.7000000000001,-20.0500000000003));
#10179=CARTESIAN_POINT('',(144.952122876136,-13.6458432788945,-20.05));
#10180=CARTESIAN_POINT('',(145.976287064025,-13.5426890017263,-20.0499999999994));
#10181=CARTESIAN_POINT('',(155.41090843621,-13.7000000000001,-84.4666151432569));
#10182=CARTESIAN_POINT('',(161.188139815471,-13.7000000000001,-18.4325583131416));
#10183=CARTESIAN_POINT('',(130.859000598992,-13.7000000000001,-15.7791024572001));
#10184=CARTESIAN_POINT('',(130.963587490289,-13.7000000000001,-14.5836688194899));
#10185=CARTESIAN_POINT('',(144.975502248395,-13.7000000000001,-20.05));
#10186=CARTESIAN_POINT('',(130.963587490289,-13.5,-14.5836688194899));
#10187=CARTESIAN_POINT('',(130.832853876167,-14.,-16.0779608666275));
#10188=CARTESIAN_POINT('',(129.963587490289,-12.0000000000001,-15.4999999935073));
#10189=CARTESIAN_POINT('',(147.881970123057,-13.5,-17.0676553425944));
#10190=CARTESIAN_POINT('',(147.881970123057,-13.5,-17.0676553425944));
#10191=CARTESIAN_POINT('',(147.881970123057,-12.0000000000001,-17.0676553425944));
#10192=CARTESIAN_POINT('',(147.881970123057,-12.,-17.0676553425944));
#10193=CARTESIAN_POINT('',(129.963587490289,-12.0000000000001,-15.4999999935073));
#10194=CARTESIAN_POINT('',(152.841439669313,-9.99999999999976,-50.927775093953));
#10195=CARTESIAN_POINT('',(152.841439669317,-6.00000000000012,-50.9277750939513));
#10196=CARTESIAN_POINT('',(147.782947918973,-11.4381955276601,-52.8177153270708));
#10197=CARTESIAN_POINT('',(147.2603695611,-11.9999999999998,-53.0129596631784));
#10198=CARTESIAN_POINT('',(147.782947918973,-11.4381955276601,-52.8177153270708));
#10199=CARTESIAN_POINT('',(147.138994214075,-11.1678489905503,-53.0583075974978));
#10200=CARTESIAN_POINT('',(146.47536796961,-10.9999999999998,-53.306249869833));
#10201=CARTESIAN_POINT('',(145.779526164686,-10.9999999999998,-53.5662284341795));
#10202=CARTESIAN_POINT('',(152.841439669313,-11.9999999999998,-50.927775093953));
#10203=CARTESIAN_POINT('',(147.529464437566,-9.99999999999979,-58.249999995764));
#10204=CARTESIAN_POINT('',(160.340118267935,-9.99999999999972,-82.3469968925659));
#10205=CARTESIAN_POINT('',(150.236998054585,-9.99999999999978,-55.3056389933196));
#10206=CARTESIAN_POINT('',(151.504331018855,-9.99999999999977,-58.6977004100546));
#10207=CARTESIAN_POINT('',(147.529464437566,-9.99999999999979,-58.249999995764));
#10208=CARTESIAN_POINT('',(147.529464437566,-9.99999999999979,-58.249999995764));
#10209=CARTESIAN_POINT('',(147.529464437566,-10.9999999999998,-58.249999995764));
#10210=CARTESIAN_POINT('',(151.282824464734,-11.4381955276601,-62.1852584502397));
#10211=CARTESIAN_POINT('',(151.530065772262,-10.8214281370708,-61.0971247595598));
#10212=CARTESIAN_POINT('',(151.658346276218,-10.2918701527233,-59.9380175812442));
#10213=CARTESIAN_POINT('',(151.504331018855,-9.99999999999978,-58.6977004100546));
#10214=CARTESIAN_POINT('',(151.282824464734,-11.4381955276601,-62.1852584502397));
#10215=CARTESIAN_POINT('',(149.279402710447,-10.9999999999998,-62.9337715573484));
#10216=CARTESIAN_POINT('',(149.971505887534,-10.9999999999998,-62.6751898091907));
#10217=CARTESIAN_POINT('',(150.640731978259,-11.1686303727389,-62.4251553371902));
#10218=CARTESIAN_POINT('',(151.282824464734,-11.4381955276601,-62.1852584502397));
#10219=CARTESIAN_POINT('',(150.236998054585,-9.99999999999978,-55.3056389933196));
#10220=CARTESIAN_POINT('',(149.54242635362,-10.2908541938336,-54.2718007504547));
#10221=CARTESIAN_POINT('',(148.682340493463,-10.8219580940569,-53.4765911103961));
#10222=CARTESIAN_POINT('',(147.782947918973,-11.4381955276601,-52.8177153270708));
#10223=CARTESIAN_POINT('',(149.279402710447,-9.99999999999978,-62.9337715573484));
#10224=CARTESIAN_POINT('',(156.341316215079,-6.0000000000001,-60.2953182171202));
#10225=CARTESIAN_POINT('',(150.760246106861,-11.9999999999998,-62.3805027863473));
#10226=CARTESIAN_POINT('',(149.279402710447,-11.9999999999998,-62.9337715573484));
#10227=CARTESIAN_POINT('',(137.181714273354,-11.1461366814406,-24.0857748277651));
#10228=CARTESIAN_POINT('',(148.499688802909,-11.1461366814406,-17.2949901132809));
#10229=CARTESIAN_POINT('',(151.072167579141,-11.1461366814406,-21.5824547423865));
#10230=CARTESIAN_POINT('',(148.652309871827,-11.1461366814406,-17.5493585615995));
#10231=CARTESIAN_POINT('',(139.754193049587,-11.1461366814406,-28.3732394568707));
#10232=CARTESIAN_POINT('',(146.919677844567,-11.1461366814406,-24.073948581939));
#10233=CARTESIAN_POINT('',(146.358245683154,-11.1461366814406,-26.3496711304872));
#10234=CARTESIAN_POINT('',(148.560951081467,-11.1461366814406,-17.4211723958745));
#10235=CARTESIAN_POINT('',(147.79481438031,-11.1461366814406,-18.0638500406861));
#10236=CARTESIAN_POINT('',(140.01144092721,-10.6461366814406,-28.8019859197813));
#10237=CARTESIAN_POINT('',(151.329415456765,-10.6461366814406,-22.011201205297));
#10238=CARTESIAN_POINT('',(151.329415456765,-10.6461366814406,-22.011201205297));
#10239=CARTESIAN_POINT('',(140.01144092721,-10.6461366814406,-28.8019859197813));
#10240=CARTESIAN_POINT('',(147.267498895063,-10.6461366814406,-24.4483511411522));
#10241=CARTESIAN_POINT('',(146.659306496552,-11.5204259138555,-23.7936788889349));
#10242=CARTESIAN_POINT('',(140.01144092721,-11.3961366814406,-28.8019859197813));
#10243=CARTESIAN_POINT('',(151.329415456765,-11.3961366814406,-22.011201205297));
#10244=CARTESIAN_POINT('',(151.329415456765,-6.71524902727556,-22.011201205297));
#10245=CARTESIAN_POINT('',(142.654421972182,-15.1104054197108,-27.2161972935568));
#10246=CARTESIAN_POINT('',(149.705784679722,-13.5105266995076,-19.3051499089315));
#10247=CARTESIAN_POINT('',(150.329765771166,-12.9186923108136,-20.3451183951684));
#10248=CARTESIAN_POINT('',(150.953746862698,-12.3268579224732,-21.3850868815534));
#10249=CARTESIAN_POINT('',(151.57772795406,-11.7350235334551,-22.4250553676545));
#10250=CARTESIAN_POINT('',(149.428637221546,-14.0660186123721,-19.7875625942791));
#10251=CARTESIAN_POINT('',(150.052618312946,-13.4741842236827,-20.8275310805463));
#10252=CARTESIAN_POINT('',(150.676599403699,-12.8823498351659,-21.8674995672988));
#10253=CARTESIAN_POINT('',(151.300580495773,-12.2905154462918,-22.9074680530552));
#10254=CARTESIAN_POINT('',(151.398561460123,-11.9049596003101,-22.1264445442834));
#10255=CARTESIAN_POINT('',(151.363585543133,-12.0339983858211,-22.3775173397302));
#10256=CARTESIAN_POINT('',(151.328609626181,-12.163037171335,-22.6285901351562));
#10257=CARTESIAN_POINT('',(151.293633709299,-12.2920759568582,-22.8796629305451));
#10258=CARTESIAN_POINT('',(151.301148089833,-12.2956227729234,-22.8788868429236));
#10259=CARTESIAN_POINT('',(151.398561431384,-11.9049595345679,-22.1264444965436));
#10260=CARTESIAN_POINT('',(149.716883150278,-13.5000000078704,-19.3236473598674));
#10261=CARTESIAN_POINT('',(150.277442586893,-12.968319872017,-20.257913088006));
#10262=CARTESIAN_POINT('',(150.838002023508,-12.4366397361636,-21.1921788161447));
#10263=CARTESIAN_POINT('',(151.398561460123,-11.9049596003101,-22.1264445442833));
#10264=CARTESIAN_POINT('',(149.716883155403,-13.5000000006838,-19.323647365983));
#10265=CARTESIAN_POINT('',(149.512911878507,-13.9864406700881,-19.9291659560776));
#10266=CARTESIAN_POINT('',(149.580902306069,-13.8242937779786,-19.7273264260282));
#10267=CARTESIAN_POINT('',(149.648892733631,-13.6621468858692,-19.5254868959788));
#10268=CARTESIAN_POINT('',(149.716883161193,-13.4999999937597,-19.3236473659294));
#10269=CARTESIAN_POINT('',(149.502895916524,-13.9930185753248,-19.9205077094601));
#10270=CARTESIAN_POINT('',(149.506687737402,-13.9919891586335,-19.9176467874545));
#10271=CARTESIAN_POINT('',(150.100952497497,-13.4283401540744,-20.9080880549686));
#10272=CARTESIAN_POINT('',(150.69521725708,-12.8646911496519,-21.898529322867));
#10273=CARTESIAN_POINT('',(151.28948201785,-12.3010421449081,-22.8889705898697));
#10274=CARTESIAN_POINT('',(147.79481438031,-12.0000000000001,-18.0638500406861));
#10275=CARTESIAN_POINT('',(147.79481438031,-13.5,-18.0638500406861));
#10276=CARTESIAN_POINT('',(148.652307306131,-13.5,-17.5493542854396));
#10277=CARTESIAN_POINT('',(148.652307306131,-12.0000000000001,-17.5493542854396));
#10278=CARTESIAN_POINT('',(147.79481438031,-11.8362791327639,-18.0638500406861));
#10279=CARTESIAN_POINT('',(147.896114389103,-12.,-17.0689941173392));
#10280=CARTESIAN_POINT('',(147.79481438031,-12.,-18.0638500406861));
#10281=CARTESIAN_POINT('',(156.202236352969,-12.0000000000001,-94.538247625967));
#10282=CARTESIAN_POINT('',(156.202236352969,-8.00000000000009,-94.538247625967));
#10283=CARTESIAN_POINT('',(158.949883811269,-8.00000000000009,-104.792607541615));
#10284=CARTESIAN_POINT('',(159.593986988601,-8.00000000000009,-107.196433324734));
#10285=CARTESIAN_POINT('',(159.593986988601,-12.0000000000001,-107.196433324734));
#10286=CARTESIAN_POINT('',(159.593986988601,-9.49999999999974,-107.196433324734));
#10287=CARTESIAN_POINT('',(156.202236352969,-9.49999999999976,-94.538247625967));
#10288=CARTESIAN_POINT('',(158.949883811269,-9.49999999999974,-104.792607541615));
#10289=CARTESIAN_POINT('',(158.949883811269,-6.00000000000009,-104.792607541615));
#10290=CARTESIAN_POINT('',(133.506419619549,-9.49999999999988,-19.4955647205574));
#10291=CARTESIAN_POINT('',(157.006882922949,-9.49999999999974,-107.200487770144));
#10292=CARTESIAN_POINT('',(157.006882922949,-11.9999999999997,-107.200487770144));
#10293=CARTESIAN_POINT('',(133.506419619549,-11.9999999999999,-19.4955647205574));
#10294=CARTESIAN_POINT('',(156.439967482302,-12.0000000000001,-105.084730542054));
#10295=CARTESIAN_POINT('',(158.949883811269,-9.49999999999974,-104.792607541615));
#10296=CARTESIAN_POINT('',(158.949883811269,-10.1644637715251,-104.792607541615));
#10297=CARTESIAN_POINT('',(158.406149976165,-11.4666044066436,-104.899610908749));
#10298=CARTESIAN_POINT('',(157.10323070608,-11.9999999999998,-105.048019143233));
#10299=CARTESIAN_POINT('',(156.439967482301,-11.9999999999997,-105.084730542054));
#10300=CARTESIAN_POINT('',(124.160941742706,-12.,-100.598041813935));
#10301=CARTESIAN_POINT('',(147.889757243419,-11.9999999999998,-17.094762323672));
#10302=CARTESIAN_POINT('',(142.829846348006,-11.9999999999998,-37.6047261443298));
#10303=CARTESIAN_POINT('',(147.1531359943,-11.9999999999998,-52.7259452362088));
#10304=CARTESIAN_POINT('',(146.75592442725,-11.9999999999998,-51.4764043815656));
#10305=CARTESIAN_POINT('',(145.964000525952,-11.9999999999998,-48.9766081196208));
#10306=CARTESIAN_POINT('',(144.961599485313,-11.9999999999998,-45.8554355554827));
#10307=CARTESIAN_POINT('',(144.185920596946,-11.9999999999998,-43.3509947013405));
#10308=CARTESIAN_POINT('',(143.511433081494,-11.9999999999998,-40.8176223429224));
#10309=CARTESIAN_POINT('',(143.078262192741,-11.9999999999998,-38.8968090057908));
#10310=CARTESIAN_POINT('',(142.829846348006,-11.9999999999998,-37.6047261443299));
#10311=CARTESIAN_POINT('',(147.1531359943,-11.9999999999998,-52.7259452362088));
#10312=CARTESIAN_POINT('',(158.479761565196,-11.9999999999997,-83.0420584156417));
#10313=CARTESIAN_POINT('',(158.479761565196,-11.9999999999997,-83.0420584156417));
#10314=CARTESIAN_POINT('',(157.089584558186,-11.9999999999997,-79.3212005820202));
#10315=CARTESIAN_POINT('',(160.180960639426,-11.9999999999996,-88.9325450324291));
#10316=CARTESIAN_POINT('',(159.543961694751,-11.9999999999996,-85.6152842085428));
#10317=CARTESIAN_POINT('',(158.505882231407,-11.9999999999998,-82.3878091207866));
#10318=CARTESIAN_POINT('',(157.089584558185,-11.9999999999998,-79.3212005820201));
#10319=CARTESIAN_POINT('',(160.181464718902,-11.9999999999997,-88.9324482362737));
#10320=CARTESIAN_POINT('',(160.606244345085,-11.9999999999997,-104.427278560096));
#10321=CARTESIAN_POINT('',(160.668446624638,-11.9999999999997,-103.132331951403));
#10322=CARTESIAN_POINT('',(160.789250250712,-11.9999999999999,-100.542947645664));
#10323=CARTESIAN_POINT('',(161.059664967188,-11.9999999999998,-95.3601077410194));
#10324=CARTESIAN_POINT('',(160.67075363916,-11.9999999999998,-91.4809704147392));
#10325=CARTESIAN_POINT('',(160.181464718902,-11.9999999999998,-88.9324482362737));
#10326=CARTESIAN_POINT('',(160.606244345085,-11.9999999999997,-104.427278560096));
#10327=CARTESIAN_POINT('',(155.286545225489,-12.0000000000001,-84.2459014860656));
#10328=CARTESIAN_POINT('',(159.593986988601,-12.0000000000001,-107.196433324734));
#10329=CARTESIAN_POINT('',(127.163317618399,-12.,-107.247257866473));
#10330=CARTESIAN_POINT('',(101.131418973342,-12.0000000000001,-100.463683891048));
#10331=CARTESIAN_POINT('',(127.164647063895,-12.,-107.242154082162));
#10332=CARTESIAN_POINT('',(128.368745698044,-11.9999999999999,-107.242849156853));
#10333=CARTESIAN_POINT('',(101.131418973342,-21.9581087017393,-100.463683891048));
#10334=CARTESIAN_POINT('',(127.164647063895,-21.9581087017393,-107.242154082162));
#10335=CARTESIAN_POINT('',(127.164647063895,-12.2296120876227,-107.242154082162));
#10336=CARTESIAN_POINT('',(127.163317618399,-21.9581087017393,-107.247257866473));
#10337=CARTESIAN_POINT('',(127.163317618399,-12.2286444667446,-107.247257866473));
#10338=CARTESIAN_POINT('',(127.164647063895,-12.2296120876241,-107.242154082163));
#10339=CARTESIAN_POINT('',(127.164204075689,-12.2292896698419,-107.243855411913));
#10340=CARTESIAN_POINT('',(127.163760927248,-12.2289671282739,-107.245556673111));
#10341=CARTESIAN_POINT('',(127.163317618585,-12.2286444629166,-107.247257865759));
#10342=CARTESIAN_POINT('',(129.267243656305,-13.7000000000001,-107.2439606457));
#10343=CARTESIAN_POINT('',(129.267243266817,-13.7000000000001,-107.238828335269));
#10344=CARTESIAN_POINT('',(128.261114198736,-13.0278082980895,-107.245537426864));
#10345=CARTESIAN_POINT('',(128.261113809248,-13.0278082980895,-107.240405116433));
#10346=CARTESIAN_POINT('',(127.150068320006,-12.2190015293467,-107.247278630445));
#10347=CARTESIAN_POINT('',(127.150067930518,-12.2190015293467,-107.242146320014));
#10348=CARTESIAN_POINT('',(127.164647063894,-12.2296120876237,-107.242154082162));
#10349=CARTESIAN_POINT('',(127.856320310091,-12.732882294014,-107.242553355573));
#10350=CARTESIAN_POINT('',(128.555945744919,-13.2247843684814,-107.242957219441));
#10351=CARTESIAN_POINT('',(129.267243611316,-13.7000000000001,-107.243367821306));
#10352=CARTESIAN_POINT('',(129.267243611316,-13.7000000000001,-107.243367821306));
#10353=CARTESIAN_POINT('',(126.850712178596,-11.9999999999999,-107.247747773975));
#10354=CARTESIAN_POINT('',(130.607036250264,-14.7614111217044,-107.241860955933));
#10355=CARTESIAN_POINT('',(133.193876870751,-16.0000000000001,-107.237806923388));
#10356=CARTESIAN_POINT('',(129.267243656305,-13.7000000000001,-107.2439606457));
#10357=CARTESIAN_POINT('',(129.267215170436,-13.7000000000001,-106.8686000265));
#10358=CARTESIAN_POINT('',(155.41090843621,-13.7000000000001,-84.4666151432569));
#10359=CARTESIAN_POINT('',(159.593986988601,-13.7000000000001,-107.196433324734));
#10360=CARTESIAN_POINT('',(129.543691793359,-13.7000000000001,-107.243527403028));
#10361=CARTESIAN_POINT('',(140.756364728133,-13.7000000000001,-107.25));
#10362=CARTESIAN_POINT('',(140.756364728133,-16.,-107.25));
#10363=CARTESIAN_POINT('',(129.54369179253,-16.,-107.243527403028));
#10364=CARTESIAN_POINT('',(129.54369179253,-13.2000000000001,-107.243527403028));
#10365=CARTESIAN_POINT('',(155.397751682769,-13.2000000000001,-107.258451847067));
#10366=CARTESIAN_POINT('',(140.756364728133,-13.2000000000001,-107.25));
#10367=CARTESIAN_POINT('',(140.756364728133,-16.,-107.25));
#10368=CARTESIAN_POINT('',(155.41090843621,-13.2000000000001,-84.4666151432569));
#10369=CARTESIAN_POINT('',(155.44654023054,-13.2000000000001,-107.202933100562));
#10370=CARTESIAN_POINT('',(140.770254226147,-13.2000000000001,-107.225930312427));
#10371=CARTESIAN_POINT('',(142.462164553891,-13.2000000000001,-104.295468034244));
#10372=CARTESIAN_POINT('',(142.462164553891,-16.,-104.295468034244));
#10373=CARTESIAN_POINT('',(140.770259583775,-16.,-107.225933404065));
#10374=CARTESIAN_POINT('',(143.220313937757,-16.,-106.222092512362));
#10375=CARTESIAN_POINT('',(141.925849686997,-15.,-107.224122391879));
#10376=CARTESIAN_POINT('',(157.106672424093,-15.0000000023653,-107.200331383341));
#10377=CARTESIAN_POINT('',(157.106672433702,-14.9999999958439,-107.200331386651));
#10378=CARTESIAN_POINT('',(157.250440833321,-15.3321398213444,-106.867965843272));
#10379=CARTESIAN_POINT('',(157.394209232941,-15.6642796468448,-106.535600299892));
#10380=CARTESIAN_POINT('',(157.537977632561,-15.9964194723453,-106.203234756513));
#10381=CARTESIAN_POINT('',(157.519052004649,-16.0051009555045,-106.203378715112));
#10382=CARTESIAN_POINT('',(158.580144706854,-15.5106601734997,-106.201715796954));
#10383=CARTESIAN_POINT('',(159.641237409063,-15.0162193915048,-106.200052878668));
#10384=CARTESIAN_POINT('',(160.702330111268,-14.5217786095015,-106.198389960491));
#10385=CARTESIAN_POINT('',(157.061970552734,-15.0208298802044,-107.200401438175));
#10386=CARTESIAN_POINT('',(158.123063254934,-14.5263890981898,-107.198738519975));
#10387=CARTESIAN_POINT('',(159.184155957184,-14.0319483162826,-107.197075601775));
#10388=CARTESIAN_POINT('',(160.245248659361,-13.5375075342177,-107.195412683575));
#10389=CARTESIAN_POINT('',(160.18543268453,-14.7626389672817,-106.199200029331));
#10390=CARTESIAN_POINT('',(160.199320838666,-14.358311667693,-106.530256451412));
#10391=CARTESIAN_POINT('',(160.213208992801,-13.9539843681014,-106.861312873497));
#10392=CARTESIAN_POINT('',(160.227097146929,-13.549657068497,-107.192369295578));
#10393=CARTESIAN_POINT('',(160.228989640694,-13.55191302202,-107.19515871322));
#10394=CARTESIAN_POINT('',(160.185432739415,-14.7626390534112,-106.199200069921));
#10395=CARTESIAN_POINT('',(160.185432720687,-14.7626389504336,-106.199200029275));
#10396=CARTESIAN_POINT('',(159.302930212126,-15.1738614850371,-106.200583065352));
#10397=CARTESIAN_POINT('',(158.420427703564,-15.5850840196369,-106.201966101478));
#10398=CARTESIAN_POINT('',(157.537925195005,-15.9963065542435,-106.203349137516));
#10399=CARTESIAN_POINT('',(160.226375469006,-13.5463019354794,-107.195442261172));
#10400=CARTESIAN_POINT('',(159.186474452103,-14.0308679596584,-107.197071968288));
#10401=CARTESIAN_POINT('',(158.1465734352,-14.5154339838375,-107.198701675403));
#10402=CARTESIAN_POINT('',(157.106672418297,-15.0000000080165,-107.200331382519));
#10403=CARTESIAN_POINT('',(148.499688802909,-13.5,-17.2949901132808));
#10404=CARTESIAN_POINT('',(149.776301636672,-13.5,-19.4226781705715));
#10405=CARTESIAN_POINT('',(148.22356084322,-14.,-17.8066021630629));
#10406=CARTESIAN_POINT('',(148.22356084322,-14.,-17.8066021630629));
#10407=CARTESIAN_POINT('',(148.223563408916,-14.,-17.8066064392227));
#10408=CARTESIAN_POINT('',(154.334940579014,-16.,-75.2878615687209));
#10409=CARTESIAN_POINT('',(155.406547309155,-16.,-77.782348272107));
#10410=CARTESIAN_POINT('',(156.282838724391,-15.9999999999953,-80.3607119146749));
#10411=CARTESIAN_POINT('',(157.623468490615,-16.0000000000047,-85.6224563993709));
#10412=CARTESIAN_POINT('',(158.087793538048,-16.0000000000047,-88.3057850374041));
#10413=CARTESIAN_POINT('',(158.593165711679,-15.9999999999953,-93.7120642468595));
#10414=CARTESIAN_POINT('',(158.634207822233,-15.9999999999953,-96.4349611812453));
#10415=CARTESIAN_POINT('',(158.313410873635,-16.0000000000041,-101.515043067553));
#10416=CARTESIAN_POINT('',(158.001334121995,-16.000000000001,-103.875322776603));
#10417=CARTESIAN_POINT('',(157.529998890171,-16.0000000000002,-106.203361559643));
#10418=CARTESIAN_POINT('',(158.627032739821,-14.,-75.2811351082003));
#10419=CARTESIAN_POINT('',(159.698639469962,-14.,-77.7756218115865));
#10420=CARTESIAN_POINT('',(160.574930885199,-13.9999999999953,-80.3539854541544));
#10421=CARTESIAN_POINT('',(161.915560651422,-14.0000000000047,-85.6157299388504));
#10422=CARTESIAN_POINT('',(162.379885698855,-14.0000000000047,-88.2990585768836));
#10423=CARTESIAN_POINT('',(162.885257872486,-13.9999999999953,-93.705337786339));
#10424=CARTESIAN_POINT('',(162.926299983041,-13.9999999999953,-96.4282347207247));
#10425=CARTESIAN_POINT('',(162.605503034442,-14.0000000000041,-101.508316607032));
#10426=CARTESIAN_POINT('',(162.293426282802,-14.0000000000011,-103.868596316082));
#10427=CARTESIAN_POINT('',(161.822091050978,-14.0000000000002,-106.196635099123));
#10428=CARTESIAN_POINT('',(158.678759455252,-13.9758967359074,-75.2810540433731));
#10429=CARTESIAN_POINT('',(159.750366185393,-13.9758967359074,-77.7755407467593));
#10430=CARTESIAN_POINT('',(160.626657600629,-13.9758967359027,-80.3539043893272));
#10431=CARTESIAN_POINT('',(161.967287366853,-13.9758967359122,-85.6156488740232));
#10432=CARTESIAN_POINT('',(162.431612414286,-13.9758967359122,-88.2989775120564));
#10433=CARTESIAN_POINT('',(162.936984587917,-13.9758967359027,-93.7052567215118));
#10434=CARTESIAN_POINT('',(162.978026698471,-13.9758967359027,-96.4281536558976));
#10435=CARTESIAN_POINT('',(162.657229749873,-13.9758967359116,-101.508235542205));
#10436=CARTESIAN_POINT('',(162.345152998233,-13.9758967359085,-103.868515251255));
#10437=CARTESIAN_POINT('',(161.873817766409,-13.9758967359076,-106.196554034296));
#10438=CARTESIAN_POINT('',(160.185432684567,-14.7626389672415,-106.199200029575));
#10439=CARTESIAN_POINT('',(160.765735600071,-14.5047376106825,-106.065789470642));
#10440=CARTESIAN_POINT('',(161.342056310649,-14.2505254516197,-105.910373525249));
#10441=CARTESIAN_POINT('',(161.913796713055,-14.0000024900531,-105.732840520197));
#10442=CARTESIAN_POINT('',(161.913796734776,-14.0000025367697,-105.732840524224));
#10443=CARTESIAN_POINT('',(161.913802348675,-14.0000000206593,-105.732838770261));
#10444=CARTESIAN_POINT('',(161.932143226121,-13.9919655924088,-105.727120283512));
#10445=CARTESIAN_POINT('',(161.950483153889,-13.9839311641583,-105.721401613434));
#10446=CARTESIAN_POINT('',(161.968822131934,-13.9758967359078,-105.715682760349));
#10447=CARTESIAN_POINT('',(161.968822133779,-13.975896741732,-105.715682769393));
#10448=CARTESIAN_POINT('',(161.968822127923,-13.9758967358958,-105.715682781299));
#10449=CARTESIAN_POINT('',(161.952196010569,-13.9839312709669,-105.712510963862));
#10450=CARTESIAN_POINT('',(161.935572797239,-13.9919656935663,-105.709323712717));
#10451=CARTESIAN_POINT('',(161.918952486837,-13.9999999996597,-105.70612103171));
#10452=CARTESIAN_POINT('',(161.918952487085,-14.,-105.706121031276));
#10453=CARTESIAN_POINT('',(158.627032739821,-14.,-75.2811351082003));
#10454=CARTESIAN_POINT('',(159.698639999785,-14.,-77.775623044908));
#10455=CARTESIAN_POINT('',(160.574931494841,-14.,-80.3539873689885));
#10456=CARTESIAN_POINT('',(161.915561158151,-14.,-85.6157324055848));
#10457=CARTESIAN_POINT('',(162.37988602122,-14.,-88.2990608980008));
#10458=CARTESIAN_POINT('',(162.885257924197,-14.,-93.7053394669326));
#10459=CARTESIAN_POINT('',(162.926299948681,-14.,-96.4282358896632));
#10460=CARTESIAN_POINT('',(162.584097514507,-14.,-101.847289886299));
#10461=CARTESIAN_POINT('',(162.200856426896,-14.,-104.543393672339));
#10462=CARTESIAN_POINT('',(161.597672384319,-14.,-107.249192794569));
#10463=CARTESIAN_POINT('',(161.585114536132,-14.,-107.305091372023));
#10464=CARTESIAN_POINT('',(161.57246455348,-14.,-107.360969091342));
#10465=CARTESIAN_POINT('',(158.627032739821,-14.,-75.2811351082003));
#10466=CARTESIAN_POINT('',(158.627032739821,-14.,-75.2811351082003));
#10467=CARTESIAN_POINT('',(151.183780342301,-14.,-57.9547283086426));
#10468=CARTESIAN_POINT('',(147.529464437566,-15.7607346821659,-58.249999995764));
#10469=CARTESIAN_POINT('',(151.687790866432,-14.,-59.1279642686739));
#10470=CARTESIAN_POINT('',(151.183780342301,-14.,-57.9547283086426));
#10471=CARTESIAN_POINT('',(147.529464437566,-12.526428478989,-58.249999995764));
#10472=CARTESIAN_POINT('',(149.625928378713,-14.,-54.5530635752959));
#10473=CARTESIAN_POINT('',(148.245034348217,-14.4664404172422,-53.7699842327758));
#10474=CARTESIAN_POINT('',(146.613768471084,-15.2437716497219,-53.8479213570201));
#10475=CARTESIAN_POINT('',(145.35307182111,-16.,-54.5995458962733));
#10476=CARTESIAN_POINT('',(149.625928378713,-14.,-54.5530635752959));
#10477=CARTESIAN_POINT('',(147.529464437566,-14.,-58.249999995764));
#10478=CARTESIAN_POINT('',(137.884264292991,-16.,-41.9775919781714));
#10479=CARTESIAN_POINT('',(140.738727357516,-16.,-45.9899980337087));
#10480=CARTESIAN_POINT('',(143.252424817761,-16.,-50.24385640777));
#10481=CARTESIAN_POINT('',(145.391383429642,-16.,-54.6788808645918));
#10482=CARTESIAN_POINT('',(142.176356453798,-14.,-41.9708655176509));
#10483=CARTESIAN_POINT('',(145.030819518323,-14.,-45.9832715731882));
#10484=CARTESIAN_POINT('',(147.544516978569,-14.,-50.2371299472494));
#10485=CARTESIAN_POINT('',(149.683475590449,-14.,-54.6721544040713));
#10486=CARTESIAN_POINT('',(142.176356453798,-14.,-41.9708655176509));
#10487=CARTESIAN_POINT('',(145.728288234474,-14.,-46.9636758167163));
#10488=CARTESIAN_POINT('',(148.752581938836,-14.,-52.3303484868311));
#10489=CARTESIAN_POINT('',(151.183780342301,-14.,-57.9547283086425));
#10490=CARTESIAN_POINT('',(142.176356453798,-14.,-41.9708655176509));
#10491=CARTESIAN_POINT('',(142.176356453798,-14.,-41.9708655176509));
#10492=CARTESIAN_POINT('',(142.768521683594,-16.,-19.9306388240277));
#10493=CARTESIAN_POINT('',(142.744219684471,-16.,-19.9726680361913));
#10494=CARTESIAN_POINT('',(142.719917685347,-16.,-20.0146972483549));
#10495=CARTESIAN_POINT('',(142.695615686224,-16.,-20.0567264605185));
#10496=CARTESIAN_POINT('',(141.695848027428,-16.,-21.7857795656788));
#10497=CARTESIAN_POINT('',(140.696080368584,-15.9999999999965,-23.5148326708348));
#10498=CARTESIAN_POINT('',(139.196428880424,-16.0000000000017,-26.1084123285906));
#10499=CARTESIAN_POINT('',(138.696545050977,-16.,-26.9729388811632));
#10500=CARTESIAN_POINT('',(138.071690264261,-16.,-28.0535970718952));
#10501=CARTESIAN_POINT('',(137.946719306909,-16.,-28.26972871004));
#10502=CARTESIAN_POINT('',(137.696777392195,-16.,-28.7019919863293));
#10503=CARTESIAN_POINT('',(137.569726631723,-16.,-28.9169728409693));
#10504=CARTESIAN_POINT('',(137.21043930003,-16.,-29.5741343007968));
#10505=CARTESIAN_POINT('',(136.997015294029,-16.,-30.0264861562712));
#10506=CARTESIAN_POINT('',(136.439011494006,-16.,-31.4165509610253));
#10507=CARTESIAN_POINT('',(136.177503175925,-16.,-32.3875489387743));
#10508=CARTESIAN_POINT('',(135.890532469675,-16.,-34.3640187065863));
#10509=CARTESIAN_POINT('',(135.86454044502,-16.0000000000017,-35.3692988537282));
#10510=CARTESIAN_POINT('',(136.050655789638,-15.9999999999983,-37.3577919445817));
#10511=CARTESIAN_POINT('',(136.261793247155,-16.,-38.3410171076721));
#10512=CARTESIAN_POINT('',(136.910376093608,-16.,-40.2299314860107));
#10513=CARTESIAN_POINT('',(137.347002679107,-16.,-41.135784423111));
#10514=CARTESIAN_POINT('',(137.884264292991,-16.,-41.9775919781714));
#10515=CARTESIAN_POINT('',(147.060613844401,-14.,-19.9239123635071));
#10516=CARTESIAN_POINT('',(147.036311845278,-14.,-19.9659415756707));
#10517=CARTESIAN_POINT('',(147.012009846155,-14.,-20.0079707878343));
#10518=CARTESIAN_POINT('',(146.987707847031,-14.,-20.0499999999979));
#10519=CARTESIAN_POINT('',(145.987940188236,-14.,-21.7790531051582));
#10520=CARTESIAN_POINT('',(144.988172529391,-13.9999999999966,-23.5081062103143));
#10521=CARTESIAN_POINT('',(143.488521041231,-14.0000000000018,-26.1016858680701));
#10522=CARTESIAN_POINT('',(142.988637211784,-14.,-26.9662124206427));
#10523=CARTESIAN_POINT('',(142.363782425068,-14.,-28.0468706113746));
#10524=CARTESIAN_POINT('',(142.238811467717,-14.,-28.2630022495194));
#10525=CARTESIAN_POINT('',(141.988869553002,-14.,-28.6952655258088));
#10526=CARTESIAN_POINT('',(141.86181879253,-14.,-28.9102463804488));
#10527=CARTESIAN_POINT('',(141.502531460837,-14.,-29.5674078402762));
#10528=CARTESIAN_POINT('',(141.289107454836,-14.,-30.0197596957507));
#10529=CARTESIAN_POINT('',(140.731103654813,-14.,-31.4098245005048));
#10530=CARTESIAN_POINT('',(140.469595336732,-14.,-32.3808224782538));
#10531=CARTESIAN_POINT('',(140.182624630482,-14.,-34.3572922460657));
#10532=CARTESIAN_POINT('',(140.156632605827,-14.0000000000009,-35.3625723932077));
#10533=CARTESIAN_POINT('',(140.342747950445,-13.9999999999992,-37.3510654840612));
#10534=CARTESIAN_POINT('',(140.553885407962,-14.,-38.3342906471516));
#10535=CARTESIAN_POINT('',(141.202468254415,-14.,-40.2232050254902));
#10536=CARTESIAN_POINT('',(141.639094839914,-14.,-41.1290579625904));
#10537=CARTESIAN_POINT('',(142.176356453798,-14.,-41.9708655176509));
#10538=CARTESIAN_POINT('',(145.976424826026,-14.4716582056877,-20.0499999999994));
#10539=CARTESIAN_POINT('',(146.313519166361,-14.3144388037918,-20.0499999999992));
#10540=CARTESIAN_POINT('',(146.650613506696,-14.157219401896,-20.0499999999981));
#10541=CARTESIAN_POINT('',(146.987707847031,-14.,-20.0499999999979));
#10542=CARTESIAN_POINT('',(145.976342838253,-14.4714824155889,-20.0507936460437));
#10543=CARTESIAN_POINT('',(146.987707847031,-14.,-20.0499999999989));
#10544=CARTESIAN_POINT('',(146.987707847031,-14.,-20.0499999999979));
#10545=CARTESIAN_POINT('',(146.987707847031,-14.,-20.0499999999979));
#10546=CARTESIAN_POINT('',(146.49311534128,-14.,-20.905375446818));
#10547=CARTESIAN_POINT('',(145.504261218755,-13.9999999999965,-22.6164795586726));
#10548=CARTESIAN_POINT('',(144.018994700995,-14.0000000000007,-25.1810164171208));
#10549=CARTESIAN_POINT('',(142.540676852291,-13.9999999999999,-27.7529708582948));
#10550=CARTESIAN_POINT('',(141.036549661275,-14.0000000000001,-30.2973742778871));
#10551=CARTESIAN_POINT('',(140.227330615196,-14.,-33.2307631591272));
#10552=CARTESIAN_POINT('',(140.118636919104,-14.0000000000002,-36.2755178834481));
#10553=CARTESIAN_POINT('',(140.748382035322,-14.,-39.2761214158299));
#10554=CARTESIAN_POINT('',(141.627025732582,-14.,-41.1101474998427));
#10555=CARTESIAN_POINT('',(142.176356453798,-14.,-41.9708655176509));
#10556=CARTESIAN_POINT('',(144.975502248395,-20.2183109373277,-20.05));
#10557=CARTESIAN_POINT('',(145.976287064025,-14.,-20.0499999999994));
#10558=CARTESIAN_POINT('',(145.976287064025,-14.,-20.0499999999994));
#10559=CARTESIAN_POINT('',(145.976287064025,-25.3372431142293,-20.0499999999994));
#10560=CARTESIAN_POINT('',(145.975501020375,-25.3372431142293,-19.5484328266942));
#10561=CARTESIAN_POINT('',(145.971351242268,-14.,-16.9004978502068));
#10562=CARTESIAN_POINT('',(145.972137930924,-14.,-17.4024765953175));
#10563=CARTESIAN_POINT('',(145.982709762293,-20.7191965304854,-24.1482642803687));
#10564=CARTESIAN_POINT('',(129.963587490289,-13.5,-15.4999999935073));
#10565=CARTESIAN_POINT('',(147.838392251684,-14.,-17.5657526916403));
#10566=CARTESIAN_POINT('',(147.838392251684,-14.,-17.5657526916403));
#10567=CARTESIAN_POINT('',(145.927773370895,-14.,-17.3985951992526));
#10568=CARTESIAN_POINT('',(147.79481438031,-13.5,-18.0638500406861));
#10569=CARTESIAN_POINT('',(147.79481438031,-14.,-18.0638500406861));
#10570=CARTESIAN_POINT('',(147.72378373394,-12.2,-17.0538158268225));
#10571=CARTESIAN_POINT('',(148.310555340978,-11.5542491991768,-16.979767676579));
#10572=CARTESIAN_POINT('',(151.775630931985,-6.00000000000009,-22.7548936643537));
#10573=CARTESIAN_POINT('',(151.875514993543,-6.00000000000009,-22.3500212207172));
#10574=CARTESIAN_POINT('',(148.598497138931,-6.00000000000009,-35.6331637556309));
#10575=CARTESIAN_POINT('',(142.829846348006,-11.9999999999997,-37.60472614433));
#10576=CARTESIAN_POINT('',(144.752694136887,-10.0004756395327,-36.9459864893299));
#10577=CARTESIAN_POINT('',(146.674871780496,-8.00985283061587,-36.2581976971752));
#10578=CARTESIAN_POINT('',(148.598497138947,-5.99999999998323,-35.6331637556256));
#10579=CARTESIAN_POINT('',(147.188182607761,-11.9999999999998,-52.8361942293624));
#10580=CARTESIAN_POINT('',(146.586133960583,-11.9999999999998,-50.9422806489563));
#10581=CARTESIAN_POINT('',(145.984085313406,-11.9999999999998,-49.0483670685501));
#10582=CARTESIAN_POINT('',(145.382036666228,-11.9999999999998,-47.154453488144));
#10583=CARTESIAN_POINT('',(145.233058843249,-11.9999999999998,-46.6858017879157));
#10584=CARTESIAN_POINT('',(145.084081020215,-11.9999999999998,-46.2171500877006));
#10585=CARTESIAN_POINT('',(144.860614285721,-11.9999999999998,-45.5141725373667));
#10586=CARTESIAN_POINT('',(144.786125374212,-11.9999999999998,-45.2798466872563));
#10587=CARTESIAN_POINT('',(144.674392006965,-11.9999999999998,-44.9283579120894));
#10588=CARTESIAN_POINT('',(144.637147551215,-11.9999999999998,-44.8111949870342));
#10589=CARTESIAN_POINT('',(144.581280867586,-11.9999999999998,-44.6354505994507));
#10590=CARTESIAN_POINT('',(144.56265863971,-11.9999999999998,-44.5768691369231));
#10591=CARTESIAN_POINT('',(144.525414183961,-11.9999999999998,-44.4597062118675));
#10592=CARTESIAN_POINT('',(144.506665607613,-11.9999999999998,-44.4026690828096));
#10593=CARTESIAN_POINT('',(144.467004587655,-11.9999999999998,-44.2737403445173));
#10594=CARTESIAN_POINT('',(144.446303382423,-11.9999999999997,-44.2016631246299));
#10595=CARTESIAN_POINT('',(144.404959683537,-11.9999999999999,-44.0615414683855));
#10596=CARTESIAN_POINT('',(144.384460936744,-11.9999999999999,-43.9917285812411));
#10597=CARTESIAN_POINT('',(144.323473965335,-11.9999999999996,-43.7829902947065));
#10598=CARTESIAN_POINT('',(144.283495022966,-11.9999999999998,-43.6447650554436));
#10599=CARTESIAN_POINT('',(144.165514640057,-11.9999999999998,-43.2325502011834));
#10600=CARTESIAN_POINT('',(144.089470020534,-11.9999999999998,-42.9610177695939));
#10601=CARTESIAN_POINT('',(143.868507650758,-11.9999999999998,-42.1536613780255));
#10602=CARTESIAN_POINT('',(143.730773057903,-11.9999999999998,-41.6250246150988));
#10603=CARTESIAN_POINT('',(143.340739846774,-11.9999999999998,-40.0492352105288));
#10604=CARTESIAN_POINT('',(143.111818696695,-11.9999999999998,-39.0122908805926));
#10605=CARTESIAN_POINT('',(142.651697095079,-11.9999999999998,-36.7278837126892));
#10606=CARTESIAN_POINT('',(142.437025204546,-11.9999999999998,-35.3759800309973));
#10607=CARTESIAN_POINT('',(142.347478123374,-11.9999999999998,-33.922708933786));
#10608=CARTESIAN_POINT('',(153.415956382989,-6.17787337491511,-53.3440627542366));
#10609=CARTESIAN_POINT('',(152.813907735811,-6.17787337491511,-51.4501491738303));
#10610=CARTESIAN_POINT('',(152.211859088634,-6.17787337491511,-49.556235593424));
#10611=CARTESIAN_POINT('',(151.609810441456,-6.17787337491511,-47.6623220130178));
#10612=CARTESIAN_POINT('',(151.460832618476,-6.17787337491511,-47.1936703127895));
#10613=CARTESIAN_POINT('',(151.311854795443,-6.17787337491511,-46.7250186125743));
#10614=CARTESIAN_POINT('',(151.088388060949,-6.17787337491511,-46.0220410622405));
#10615=CARTESIAN_POINT('',(151.01389914944,-6.17787337491511,-45.7877152121301));
#10616=CARTESIAN_POINT('',(150.902165782193,-6.17787337491511,-45.4362264369632));
#10617=CARTESIAN_POINT('',(150.864921326442,-6.17787337491511,-45.3190635119079));
#10618=CARTESIAN_POINT('',(150.809054642814,-6.17787337491511,-45.1433191243245));
#10619=CARTESIAN_POINT('',(150.790432414938,-6.17787337491511,-45.0847376617969));
#10620=CARTESIAN_POINT('',(150.753187959189,-6.17787337491511,-44.9675747367412));
#10621=CARTESIAN_POINT('',(150.734565383704,-6.17787337491511,-44.9089925901417));
#10622=CARTESIAN_POINT('',(150.694634178013,-6.17787337491511,-44.7833768585046));
#10623=CARTESIAN_POINT('',(150.673491942159,-6.17787337491511,-44.7166707403297));
#10624=CARTESIAN_POINT('',(150.631536702034,-6.17787337491511,-44.5838908106923));
#10625=CARTESIAN_POINT('',(150.610723300133,-6.17787337491523,-44.517816217011));
#10626=CARTESIAN_POINT('',(150.548764747305,-6.17787337491488,-44.3204934582233));
#10627=CARTESIAN_POINT('',(150.508101249812,-6.17787337491511,-44.190146317476));
#10628=CARTESIAN_POINT('',(150.387949360912,-6.17787337491511,-43.802348273736));
#10629=CARTESIAN_POINT('',(150.310299574143,-6.17787337491512,-43.5481407535909));
#10630=CARTESIAN_POINT('',(150.084000561147,-6.17787337491512,-42.7956060106323));
#10631=CARTESIAN_POINT('',(149.942001684468,-6.17787337491511,-42.3073666146714));
#10632=CARTESIAN_POINT('',(149.536973901149,-6.17787337491511,-40.8599141010139));
#10633=CARTESIAN_POINT('',(149.294913845126,-6.17787337491511,-39.917966676027));
#10634=CARTESIAN_POINT('',(148.804732020433,-6.17787337491511,-37.8203153322756));
#10635=CARTESIAN_POINT('',(148.560468732995,-6.17787337491511,-36.6531177774419));
#10636=CARTESIAN_POINT('',(148.398607749928,-6.17787337491511,-35.4805704043782));
#10637=CARTESIAN_POINT('',(153.606222794378,-6.00000000000008,-53.3595787837477));
#10638=CARTESIAN_POINT('',(153.0041741472,-6.00000000000009,-51.4656652033414));
#10639=CARTESIAN_POINT('',(152.402125500023,-6.00000000000009,-49.5717516229352));
#10640=CARTESIAN_POINT('',(151.800076852845,-6.00000000000009,-47.6778380425289));
#10641=CARTESIAN_POINT('',(151.651099029865,-6.00000000000009,-47.2091863423006));
#10642=CARTESIAN_POINT('',(151.502121206832,-6.00000000000009,-46.7405346420855));
#10643=CARTESIAN_POINT('',(151.278654472338,-6.00000000000009,-46.0375570917517));
#10644=CARTESIAN_POINT('',(151.204165560829,-6.00000000000009,-45.8032312416412));
#10645=CARTESIAN_POINT('',(151.092432193582,-6.00000000000009,-45.4517424664743));
#10646=CARTESIAN_POINT('',(151.055187737831,-6.00000000000009,-45.3345795414191));
#10647=CARTESIAN_POINT('',(150.999321054203,-6.00000000000009,-45.1588351538356));
#10648=CARTESIAN_POINT('',(150.980698826327,-6.00000000000009,-45.100253691308));
#10649=CARTESIAN_POINT('',(150.943454370578,-6.00000000000009,-44.9830907662524));
#10650=CARTESIAN_POINT('',(150.924835644579,-6.00000000000009,-44.9244614174014));
#10651=CARTESIAN_POINT('',(150.88489618437,-6.00000000000009,-44.7989469023323));
#10652=CARTESIAN_POINT('',(150.863740474471,-6.00000000000009,-44.7324048781475));
#10653=CARTESIAN_POINT('',(150.821766550982,-6.00000000000008,-44.5998492475976));
#10654=CARTESIAN_POINT('',(150.800943535968,-6.00000000000021,-44.5338888635371));
#10655=CARTESIAN_POINT('',(150.738955300091,-5.99999999999985,-44.3369148636442));
#10656=CARTESIAN_POINT('',(150.698270888568,-6.00000000000009,-44.2068084088286));
#10657=CARTESIAN_POINT('',(150.578052657398,-6.00000000000009,-43.8197563297113));
#10658=CARTESIAN_POINT('',(150.500353830727,-6.00000000000009,-43.5660781076505));
#10659=CARTESIAN_POINT('',(150.273891776493,-6.00000000000009,-42.8152182357973));
#10660=CARTESIAN_POINT('',(150.131762620518,-6.00000000000009,-42.3282130307881));
#10661=CARTESIAN_POINT('',(149.726276733943,-6.00000000000009,-40.8846813724094));
#10662=CARTESIAN_POINT('',(149.483815267629,-6.00000000000009,-39.9456362237175));
#10663=CARTESIAN_POINT('',(148.992715064881,-6.00000000000009,-37.8536905079722));
#10664=CARTESIAN_POINT('',(148.747547722623,-6.00000000000009,-36.6921359602847));
#10665=CARTESIAN_POINT('',(148.583477457861,-6.00000000000009,-35.5281650541116));
#10666=CARTESIAN_POINT('',(152.786110571145,-6.00000000000009,-50.779684809532));
#10667=CARTESIAN_POINT('',(150.908452378863,-7.99999999999998,-51.4284382850904));
#10668=CARTESIAN_POINT('',(149.030794186582,-9.99999999999992,-52.0771917606511));
#10669=CARTESIAN_POINT('',(147.1531359943,-11.9999999999998,-52.7259452362092));
#10670=CARTESIAN_POINT('',(152.786110571145,-6.00000000000008,-50.7796848095329));
#10671=CARTESIAN_POINT('',(152.786110571145,-6.00000000000009,-50.7796848095329));
#10672=CARTESIAN_POINT('',(152.388959960259,-6.00000000000009,-49.5303357096728));
#10673=CARTESIAN_POINT('',(151.599793594106,-6.00000000000009,-47.0303413477978));
#10674=CARTESIAN_POINT('',(150.385234911013,-6.00000000000009,-43.2881267779591));
#10675=CARTESIAN_POINT('',(149.344448136698,-6.00000000000009,-39.4994853877138));
#10676=CARTESIAN_POINT('',(148.785817918186,-6.00000000000009,-36.9239577716895));
#10677=CARTESIAN_POINT('',(148.598497138931,-6.00000000000009,-35.6331637556309));
#10678=CARTESIAN_POINT('',(164.060831673413,-6.00000000000009,-80.9568738464146));
#10679=CARTESIAN_POINT('',(164.151968090786,-6.00000000000009,-81.2008036847017));
#10680=CARTESIAN_POINT('',(163.034950006428,-6.00000000000009,-78.2110653502863));
#10681=CARTESIAN_POINT('',(157.089584558186,-11.9999999999998,-79.3212005820202));
#10682=CARTESIAN_POINT('',(159.137314515197,-10.0243367917937,-79.196698192298));
#10683=CARTESIAN_POINT('',(161.169152122084,-8.02242486774902,-78.9551868785397));
#10684=CARTESIAN_POINT('',(163.034950006426,-6.00000000000193,-78.2110653502867));
#10685=CARTESIAN_POINT('',(159.909573021845,-12.261731057153,-88.8618861985298));
#10686=CARTESIAN_POINT('',(159.19287618971,-12.261731057153,-85.1873929921547));
#10687=CARTESIAN_POINT('',(157.987422374318,-12.261731057153,-81.6430403330865));
#10688=CARTESIAN_POINT('',(156.315214210801,-12.261731057153,-78.2935217810022));
#10689=CARTESIAN_POINT('',(159.973905462598,-12.1997337199534,-88.8788719455203));
#10690=CARTESIAN_POINT('',(159.25874435284,-12.1997337199534,-85.1985622879247));
#10691=CARTESIAN_POINT('',(158.05402822462,-12.1997337199534,-81.6482392548603));
#10692=CARTESIAN_POINT('',(156.381746248381,-12.1997337199534,-78.2927053806981));
#10693=CARTESIAN_POINT('',(160.181162068861,-11.9999999999998,-88.933594076919));
#10694=CARTESIAN_POINT('',(159.470948519062,-11.9999999999998,-85.2345458493835));
#10695=CARTESIAN_POINT('',(158.268608960704,-11.9999999999998,-81.6649883610725));
#10696=CARTESIAN_POINT('',(156.596089185712,-11.9999999999998,-78.2900752246773));
#10697=CARTESIAN_POINT('',(166.4071495379,-6.00000000000009,-90.5774466445677));
#10698=CARTESIAN_POINT('',(165.845560665815,-6.00000000000009,-86.3154918649226));
#10699=CARTESIAN_POINT('',(164.714613254836,-6.00000000000009,-82.168131432239));
#10700=CARTESIAN_POINT('',(163.034950006428,-6.00000000000009,-78.2110653502866));
#10701=CARTESIAN_POINT('',(119.268104962496,-6.00000000000009,-96.7888600083904));
#10702=CARTESIAN_POINT('',(166.4071495379,-6.00000000000009,-90.5774466445677));
#10703=CARTESIAN_POINT('',(160.181162125304,-11.9999999456057,-88.9335940918216));
#10704=CARTESIAN_POINT('',(162.256491262836,-9.99999996373714,-89.481544942737));
#10705=CARTESIAN_POINT('',(164.331820400368,-7.99999998186861,-90.0294957936523));
#10706=CARTESIAN_POINT('',(166.4071495379,-6.00000000000009,-90.5774466445677));
#10707=CARTESIAN_POINT('',(160.420076835894,-12.2000000000044,-104.547253929008));
#10708=CARTESIAN_POINT('',(160.422446792789,-12.2000000000044,-104.495486417242));
#10709=CARTESIAN_POINT('',(160.424816749685,-12.2000000000044,-104.443718905476));
#10710=CARTESIAN_POINT('',(160.42718670658,-12.2000000000044,-104.39195139371));
#10711=CARTESIAN_POINT('',(160.43973678292,-12.2000000000044,-104.117817199212));
#10712=CARTESIAN_POINT('',(160.45228685926,-12.2000000000044,-103.843683004713));
#10713=CARTESIAN_POINT('',(160.464836935599,-12.2000000000044,-103.569548810215));
#10714=CARTESIAN_POINT('',(160.539837263906,-12.2000000000044,-101.931299445749));
#10715=CARTESIAN_POINT('',(160.614837592212,-12.2000000000044,-100.293050081283));
#10716=CARTESIAN_POINT('',(160.689837920518,-12.2000000000044,-98.6548007168178));
#10717=CARTESIAN_POINT('',(160.839989227215,-12.2000000000044,-95.375011303547));
#10718=CARTESIAN_POINT('',(160.600229852487,-12.2000000000044,-92.1005526532451));
#10719=CARTESIAN_POINT('',(159.973941891597,-12.2000000000044,-88.8776149559959));
#10720=CARTESIAN_POINT('',(160.542019586887,-12.0599999999998,-104.637614257703));
#10721=CARTESIAN_POINT('',(160.544479173474,-12.0599999999998,-104.585681109724));
#10722=CARTESIAN_POINT('',(160.546938760062,-12.0599999999998,-104.533747961745));
#10723=CARTESIAN_POINT('',(160.54939834665,-12.0599999999998,-104.481814813766));
#10724=CARTESIAN_POINT('',(160.562423055874,-12.0599999999998,-104.206803494826));
#10725=CARTESIAN_POINT('',(160.575447765098,-12.0599999999998,-103.931792175887));
#10726=CARTESIAN_POINT('',(160.588472474322,-12.0599999999998,-103.656780856947));
#10727=CARTESIAN_POINT('',(160.666309249291,-12.0599999999998,-102.013289721892));
#10728=CARTESIAN_POINT('',(160.744146024261,-12.0599999999998,-100.369798586836));
#10729=CARTESIAN_POINT('',(160.82198279923,-12.0599999999998,-98.7263074517808));
#10730=CARTESIAN_POINT('',(160.977812696708,-12.0599999999998,-95.436023968401));
#10731=CARTESIAN_POINT('',(160.74244768471,-12.0599999999998,-92.1504720103463));
#10732=CARTESIAN_POINT('',(160.119207870712,-12.0599999999998,-88.9159982521907));
#10733=CARTESIAN_POINT('',(160.594280765882,-11.9999999999998,-104.676340112856));
#10734=CARTESIAN_POINT('',(160.596778765195,-11.9999999999998,-104.624335977929));
#10735=CARTESIAN_POINT('',(160.599276764508,-11.9999999999998,-104.572331843001));
#10736=CARTESIAN_POINT('',(160.60177476382,-11.9999999999998,-104.520327708074));
#10737=CARTESIAN_POINT('',(160.615002887138,-11.9999999999998,-104.24494047866));
#10738=CARTESIAN_POINT('',(160.628231010455,-11.9999999999998,-103.969553249245));
#10739=CARTESIAN_POINT('',(160.641459133772,-11.9999999999998,-103.694166019831));
#10740=CARTESIAN_POINT('',(160.72051152874,-11.9999999999998,-102.048428411666));
#10741=CARTESIAN_POINT('',(160.799563923708,-11.9999999999998,-100.402690803501));
#10742=CARTESIAN_POINT('',(160.878616318676,-11.9999999999998,-98.7569531953354));
#10743=CARTESIAN_POINT('',(161.036879897918,-11.9999999999998,-95.4621722533376));
#10744=CARTESIAN_POINT('',(160.803398184232,-11.9999999999998,-92.1718660205318));
#10745=CARTESIAN_POINT('',(160.181464718902,-11.9999999999998,-88.9324482362736));
#10746=CARTESIAN_POINT('',(165.820398665411,-6.00000000000009,-108.548925628209));
#10747=CARTESIAN_POINT('',(165.826737937239,-6.00000000000009,-108.48982279844));
#10748=CARTESIAN_POINT('',(165.833077209068,-6.00000000000009,-108.43071996867));
#10749=CARTESIAN_POINT('',(165.839416480896,-6.00000000000009,-108.3716171389));
#10750=CARTESIAN_POINT('',(165.872986013546,-6.00000000000009,-108.058638862007));
#10751=CARTESIAN_POINT('',(165.906555546195,-6.00000000000009,-107.745660585114));
#10752=CARTESIAN_POINT('',(165.940125078845,-6.00000000000009,-107.432682308222));
#10753=CARTESIAN_POINT('',(166.140739473663,-6.00000000000009,-105.562297389079));
#10754=CARTESIAN_POINT('',(166.341353868481,-6.00000000000009,-103.691912469936));
#10755=CARTESIAN_POINT('',(166.5419682633,-6.00000000000009,-101.821527550794));
#10756=CARTESIAN_POINT('',(166.943600018847,-6.00000000000009,-98.0770007469964));
#10757=CARTESIAN_POINT('',(166.898448136454,-6.00000000000009,-94.3112670390803));
#10758=CARTESIAN_POINT('',(166.4071495379,-6.00000000000009,-90.5774466445677));
#10759=CARTESIAN_POINT('',(119.389620777244,-6.00000000000009,-96.7640446988078));
#10760=CARTESIAN_POINT('',(166.541968263299,-6.00000000000009,-101.821527550793));
#10761=CARTESIAN_POINT('',(160.606244345091,-12.0000000000051,-104.427278560094));
#10762=CARTESIAN_POINT('',(162.570852269564,-9.85621460790051,-103.909418802168));
#10763=CARTESIAN_POINT('',(164.584729454722,-7.82521706528647,-103.074942404719));
#10764=CARTESIAN_POINT('',(166.5419682633,-6.00000000000009,-101.821527550794));
#10765=CARTESIAN_POINT('',(155.286545225489,-6.00000000000009,-84.2459014860656));
#10766=CARTESIAN_POINT('',(155.286545225489,-6.22063450914015,-84.2459014860656));
#10767=CARTESIAN_POINT('',(160.901101170835,-6.00000000000009,-104.347243253813));
#10768=CARTESIAN_POINT('',(155.286545225489,-6.00000000000009,-84.2459014860656));
#10769=CARTESIAN_POINT('',(152.227531562384,-12.2841432311126,-21.3271642452901));
#10770=CARTESIAN_POINT('',(151.38999367015,-12.2841432311071,-22.7756482810675));
#10771=CARTESIAN_POINT('',(150.552455777912,-12.2841432311132,-24.2241323168388));
#10772=CARTESIAN_POINT('',(149.160087843852,-12.2841432311278,-26.6321699030679));
#10773=CARTESIAN_POINT('',(148.611949972824,-12.2841432311144,-27.5801496457872));
#10774=CARTESIAN_POINT('',(147.983258667968,-12.284143231123,-28.6674429216478));
#10775=CARTESIAN_POINT('',(147.904339414989,-12.2825039694446,-28.8053305054021));
#10776=CARTESIAN_POINT('',(147.788714423276,-12.2874226338782,-29.0007592959815));
#10777=CARTESIAN_POINT('',(147.731729786949,-12.2898460003358,-29.1000707540309));
#10778=CARTESIAN_POINT('',(147.559231890686,-12.2971803103918,-29.41107797136));
#10779=CARTESIAN_POINT('',(147.44336654364,-12.3021045918923,-29.6343638012516));
#10780=CARTESIAN_POINT('',(147.112987413699,-12.3161513766672,-30.3241003477593));
#10781=CARTESIAN_POINT('',(146.916984251859,-12.3244955112941,-30.8073648600218));
#10782=CARTESIAN_POINT('',(146.102037501049,-12.3593883492885,-33.2484183506259));
#10783=CARTESIAN_POINT('',(145.953526021843,-12.3658878650871,-35.3491075566485));
#10784=CARTESIAN_POINT('',(146.505383591188,-12.3426071184246,-38.3770487899531));
#10785=CARTESIAN_POINT('',(146.815837783246,-12.3293170003533,-39.3620698588889));
#10786=CARTESIAN_POINT('',(147.356288958844,-12.3064941241532,-40.5380937418885));
#10787=CARTESIAN_POINT('',(147.471629081779,-12.3016300960894,-40.7699325227149));
#10788=CARTESIAN_POINT('',(147.720157278516,-12.2911552097104,-41.2322096661799));
#10789=CARTESIAN_POINT('',(147.852023572146,-12.2855998958736,-41.4584407471684));
#10790=CARTESIAN_POINT('',(148.027044824084,-12.2782256567243,-41.7419894122362));
#10791=CARTESIAN_POINT('',(148.083208411626,-12.2758592019009,-41.8303631447438));
#10792=CARTESIAN_POINT('',(148.170166543266,-12.272194868722,-41.9633376270665));
#10793=CARTESIAN_POINT('',(148.201665109966,-12.2719207523769,-42.012433307422));
#10794=CARTESIAN_POINT('',(148.234971953941,-12.2719653453243,-42.0646455815793));
#10795=CARTESIAN_POINT('',(152.205950401411,-12.2980521822231,-21.3146856541373));
#10796=CARTESIAN_POINT('',(151.368412509177,-12.2980521822176,-22.7631696899147));
#10797=CARTESIAN_POINT('',(150.530874616938,-12.2980521822237,-24.2116537256859));
#10798=CARTESIAN_POINT('',(149.138506682878,-12.2980521822382,-26.6196913119151));
#10799=CARTESIAN_POINT('',(148.590368811851,-12.2980521822249,-27.5676710546344));
#10800=CARTESIAN_POINT('',(147.961677506994,-12.2980521822334,-28.654964330495));
#10801=CARTESIAN_POINT('',(147.88285137828,-12.2964262086167,-28.7927326600287));
#10802=CARTESIAN_POINT('',(147.766946970247,-12.3013050017368,-28.9885185371642));
#10803=CARTESIAN_POINT('',(147.709824611414,-12.3037087240806,-29.0880124897774));
#10804=CARTESIAN_POINT('',(147.536909688252,-12.3109835812954,-29.3995946091969));
#10805=CARTESIAN_POINT('',(147.42076405177,-12.3158679459498,-29.6232977252141));
#10806=CARTESIAN_POINT('',(147.089584367886,-12.3298008657178,-30.3143386333684));
#10807=CARTESIAN_POINT('',(146.893104217831,-12.3380773617384,-30.7985367121271));
#10808=CARTESIAN_POINT('',(146.076158804123,-12.3726873539927,-33.2444077049292));
#10809=CARTESIAN_POINT('',(145.927271908075,-12.3791341838975,-35.3495082472948));
#10810=CARTESIAN_POINT('',(146.48048577666,-12.3560421539,-38.3835751060289));
#10811=CARTESIAN_POINT('',(146.791710019724,-12.3428597671999,-39.3705755593054));
#10812=CARTESIAN_POINT('',(147.333469971061,-12.3202218961093,-40.5488370386795));
#10813=CARTESIAN_POINT('',(147.449088548823,-12.3153972964697,-40.7811114671173));
#10814=CARTESIAN_POINT('',(147.698215387839,-12.3050073208391,-41.2442458021094));
#10815=CARTESIAN_POINT('',(147.830398647959,-12.2994970390761,-41.470890031839));
#10816=CARTESIAN_POINT('',(148.005840227572,-12.2921825764382,-41.7549503282925));
#10817=CARTESIAN_POINT('',(148.062138636546,-12.2898353043957,-41.8434824949652));
#10818=CARTESIAN_POINT('',(148.149305449792,-12.2862006747632,-41.9766937787964));
#10819=CARTESIAN_POINT('',(148.180819626986,-12.2859287804397,-42.0258071452577));
#10820=CARTESIAN_POINT('',(148.214123931115,-12.285973011911,-42.0780165058882));
#10821=CARTESIAN_POINT('',(149.565204199034,-14.,-19.7877616745552));
#10822=CARTESIAN_POINT('',(148.727666306805,-14.,-21.2362457103343));
#10823=CARTESIAN_POINT('',(147.890128414571,-14.,-22.6847297460984));
#10824=CARTESIAN_POINT('',(146.497760480487,-14.,-25.0927673323283));
#10825=CARTESIAN_POINT('',(145.949622609494,-14.,-26.0407470750546));
#10826=CARTESIAN_POINT('',(145.320931304609,-14.,-27.128040350907));
#10827=CARTESIAN_POINT('',(145.253500186039,-14.,-27.2512163176698));
#10828=CARTESIAN_POINT('',(145.103405421646,-14.,-27.4906965524884));
#10829=CARTESIAN_POINT('',(145.029430856131,-14.,-27.6125211770673));
#10830=CARTESIAN_POINT('',(144.805487065654,-14.,-27.9944503234099));
#10831=CARTESIAN_POINT('',(144.655044235268,-14.,-28.2692140266153));
#10832=CARTESIAN_POINT('',(144.225905975886,-14.,-29.1198611797249));
#10833=CARTESIAN_POINT('',(143.971059882465,-14.,-29.7182937142958));
#10834=CARTESIAN_POINT('',(142.909551098817,-14.,-32.7536510952378));
#10835=CARTESIAN_POINT('',(142.714726887227,-14.,-35.3985381536994));
#10836=CARTESIAN_POINT('',(143.433902265992,-14.,-39.1821579261932));
#10837=CARTESIAN_POINT('',(143.839352638708,-14.,-40.4113627579551));
#10838=CARTESIAN_POINT('',(144.541258958719,-14.,-41.8634243417743));
#10839=CARTESIAN_POINT('',(144.690950241228,-14.,-42.1490061329042));
#10840=CARTESIAN_POINT('',(145.013329039563,-14.,-42.7170294158391));
#10841=CARTESIAN_POINT('',(145.184297426075,-14.,-42.994227967943));
#10842=CARTESIAN_POINT('',(145.411171767425,-14.,-43.3408932669824));
#10843=CARTESIAN_POINT('',(145.483967397498,-14.,-43.4488119912381));
#10844=CARTESIAN_POINT('',(145.596669220589,-14.,-43.6109991343903));
#10845=CARTESIAN_POINT('',(145.630093552308,-14.,-43.6622766345098));
#10846=CARTESIAN_POINT('',(145.663087072028,-14.,-43.7141294858186));
#10847=CARTESIAN_POINT('',(148.14092807614,-12.2866934461161,-41.9640223161386));
#10848=CARTESIAN_POINT('',(148.033048336344,-12.2895826976365,-41.7976859038568));
#10849=CARTESIAN_POINT('',(147.858445206794,-12.299007519583,-41.5235370798136));
#10850=CARTESIAN_POINT('',(147.527634871293,-12.3119382754268,-40.9392361114067));
#10851=CARTESIAN_POINT('',(147.243936824696,-12.3240039293859,-40.3665901774623));
#10852=CARTESIAN_POINT('',(146.731861999984,-12.3453349716343,-39.1883369176829));
#10853=CARTESIAN_POINT('',(146.201436814497,-12.3677989108091,-37.3456199963776));
#10854=CARTESIAN_POINT('',(146.016711062468,-12.3752874735093,-34.7969940579148));
#10855=CARTESIAN_POINT('',(146.300734404127,-12.363221703145,-32.6862382413463));
#10856=CARTESIAN_POINT('',(146.785921026498,-12.3425490876893,-31.0563283079173));
#10857=CARTESIAN_POINT('',(147.198530570294,-12.3253572640613,-30.0628502773431));
#10858=CARTESIAN_POINT('',(147.529459314657,-12.3110970945098,-29.4127990295254));
#10859=CARTESIAN_POINT('',(147.721897327998,-12.3035517301409,-29.0650861263103));
#10860=CARTESIAN_POINT('',(147.857624743832,-12.2961475526029,-28.8363967646706));
#10861=CARTESIAN_POINT('',(148.044147666336,-12.2985504469483,-28.5119492855782));
#10862=CARTESIAN_POINT('',(148.269955421172,-12.2977681883473,-28.122031933372));
#10863=CARTESIAN_POINT('',(148.673436766584,-12.2982562496904,-27.4238504276696));
#10864=CARTESIAN_POINT('',(149.240796526499,-12.297984159749,-26.442838418777));
#10865=CARTESIAN_POINT('',(150.156453148689,-12.2980929957203,-24.8591671107439));
#10866=CARTESIAN_POINT('',(150.843465664817,-12.2980521822222,-23.6710415972388));
#10867=CARTESIAN_POINT('',(151.301413997903,-12.2980521822213,-22.8790405954533));
#10868=CARTESIAN_POINT('',(148.144847511895,-12.2794752771017,-41.9613549337566));
#10869=CARTESIAN_POINT('',(145.12262412039,-14.,-42.8898209354171));
#10870=CARTESIAN_POINT('',(144.532785421908,-14.,-41.9324799150524));
#10871=CARTESIAN_POINT('',(143.591866346666,-14.,-39.9465071229581));
#10872=CARTESIAN_POINT('',(142.893272221857,-14.,-36.7022269647156));
#10873=CARTESIAN_POINT('',(142.913823717334,-14.,-33.9061811477788));
#10874=CARTESIAN_POINT('',(143.301499024999,-14.,-31.7656734816997));
#10875=CARTESIAN_POINT('',(143.698805447555,-14.,-30.4429938698054));
#10876=CARTESIAN_POINT('',(144.105678798173,-14.,-29.409300394729));
#10877=CARTESIAN_POINT('',(144.389542239444,-14.,-28.7906188026593));
#10878=CARTESIAN_POINT('',(144.642071894137,-14.,-28.2973036236844));
#10879=CARTESIAN_POINT('',(144.793193926656,-14.,-28.0204578917804));
#10880=CARTESIAN_POINT('',(144.928071359544,-14.,-27.7847608757042));
#10881=CARTESIAN_POINT('',(144.996973444856,-14.,-27.6681533411647));
#10882=CARTESIAN_POINT('',(145.11466074792,-14.,-27.471085919332));
#10883=CARTESIAN_POINT('',(145.204863194591,-14.,-27.3198205929673));
#10884=CARTESIAN_POINT('',(145.298867082688,-14.,-27.1620780081015));
#10885=CARTESIAN_POINT('',(145.355545172566,-14.,-27.0668545578895));
#10886=CARTESIAN_POINT('',(145.388126056649,-14.,-27.0116610531577));
#10887=CARTESIAN_POINT('',(145.385234832298,-14.,-27.0168755053123));
#10888=CARTESIAN_POINT('',(145.442334047486,-14.,-26.9180679523417));
#10889=CARTESIAN_POINT('',(145.497541132188,-14.,-26.8226083547795));
#10890=CARTESIAN_POINT('',(145.603901615294,-14.,-26.6386511097994));
#10891=CARTESIAN_POINT('',(145.750759657648,-14.,-26.3846731936586));
#10892=CARTESIAN_POINT('',(145.988571307884,-14.,-25.9733861299706));
#10893=CARTESIAN_POINT('',(146.284887021924,-14.,-25.4609226918655));
#10894=CARTESIAN_POINT('',(146.759387231482,-14.,-24.6402954809914));
#10895=CARTESIAN_POINT('',(147.353344885239,-14.,-23.6130727256731));
#10896=CARTESIAN_POINT('',(148.303924313114,-14.,-21.9690883543551));
#10897=CARTESIAN_POINT('',(149.0168032681,-14.,-20.7361963674986));
#10898=CARTESIAN_POINT('',(149.492068263852,-14.,-19.9142469781205));
#10899=CARTESIAN_POINT('',(145.122624201244,-14.,-42.8898208856008));
#10900=CARTESIAN_POINT('',(148.146399151253,-12.2829950108158,-41.9604267079253));
#10901=CARTESIAN_POINT('',(147.16233789483,-12.858829946957,-42.3043088932184));
#10902=CARTESIAN_POINT('',(146.173698403734,-13.4326055488933,-42.6510285783877));
#10903=CARTESIAN_POINT('',(145.122625334733,-14.,-42.8898229063637));
#10904=CARTESIAN_POINT('',(152.962600713407,-7.74935154536124,-25.6371580774712));
#10905=CARTESIAN_POINT('',(152.406054039617,-9.28230200289757,-24.7095802873813));
#10906=CARTESIAN_POINT('',(151.849507365815,-10.8152524604373,-23.7820024973041));
#10907=CARTESIAN_POINT('',(151.292960692038,-12.3482029179684,-22.854424707198));
#10908=CARTESIAN_POINT('',(152.964580338182,-7.74074495600593,-25.6217467245623));
#10909=CARTESIAN_POINT('',(152.408033664391,-9.27369541354184,-24.6941689344719));
#10910=CARTESIAN_POINT('',(151.85148699059,-10.8066458710819,-23.766591144395));
#10911=CARTESIAN_POINT('',(151.294940316812,-12.339596328613,-22.8390133542891));
#10912=CARTESIAN_POINT('',(153.058243389892,-7.33353676469074,-24.8925810952213));
#10913=CARTESIAN_POINT('',(152.501696716089,-8.86648722220698,-23.9650033051059));
#10914=CARTESIAN_POINT('',(151.945150042318,-10.399437679766,-23.0374255150427));
#10915=CARTESIAN_POINT('',(151.388603368526,-11.9323881372979,-22.1098477249463));
#10916=CARTESIAN_POINT('',(152.964580338182,-7.74074495600593,-25.6217467245623));
#10917=CARTESIAN_POINT('',(152.995801355419,-7.6050088922342,-25.378691514782));
#10918=CARTESIAN_POINT('',(153.027022372655,-7.46927282846247,-25.1356363050016));
#10919=CARTESIAN_POINT('',(153.058243389892,-7.33353676469074,-24.8925810952213));
#10920=CARTESIAN_POINT('',(152.964580338094,-7.74074495622554,-25.621746724291));
#10921=CARTESIAN_POINT('',(153.058243355206,-7.33353671570242,-24.8925810375581));
#10922=CARTESIAN_POINT('',(151.398561460105,-11.9049596002844,-22.1264445442522));
#10923=CARTESIAN_POINT('',(151.951788770034,-10.3811519884199,-23.0484900612419));
#10924=CARTESIAN_POINT('',(152.505016079963,-8.85734437655531,-23.9705355782316));
#10925=CARTESIAN_POINT('',(153.058243389892,-7.33353676469074,-24.8925810952213));
#10926=CARTESIAN_POINT('',(151.31290345924,-12.2901187040032,-22.8689519250171));
#10927=CARTESIAN_POINT('',(151.863462418876,-10.7736607880085,-23.7865501915463));
#10928=CARTESIAN_POINT('',(152.414021378534,-9.25720287200517,-24.7041484580477));
#10929=CARTESIAN_POINT('',(152.964580338182,-7.74074495600593,-25.6217467245623));
#10930=CARTESIAN_POINT('',(148.499688802909,-12.0000000000001,-17.2949901132808));
#10931=CARTESIAN_POINT('',(153.058243389909,-7.3335367646606,-24.8925810952488));
#10932=CARTESIAN_POINT('',(153.209479338559,-6.90642643661367,-25.144641009787));
#10933=CARTESIAN_POINT('',(153.3469597093,-6.46197553993978,-25.3737749611315));
#10934=CARTESIAN_POINT('',(153.470684502131,-6.00018407463893,-25.5799829492822));
#10935=CARTESIAN_POINT('',(153.470650336216,-6.00009203731951,-25.5799260060888));
#10936=CARTESIAN_POINT('',(179.963669740519,-6.00000000000009,-69.7349583677182));
#10937=CARTESIAN_POINT('',(156.202236352969,-8.00000000000009,-94.538247625967));
#10938=CARTESIAN_POINT('',(154.779499297891,-6.37940952254121,-82.9670398665566));
#10939=CARTESIAN_POINT('',(160.228292374124,-7.38705076271916,-107.195439257046));
#10940=CARTESIAN_POINT('',(161.572623541924,-6.00000000000009,-106.853398861133));
#10941=CARTESIAN_POINT('',(157.850313940185,-9.6849660896588,-107.199165965945));
#10942=CARTESIAN_POINT('',(155.563170965806,-6.00000000000009,-84.425816521414));
#10943=CARTESIAN_POINT('',(159.593986988601,-12.2000000000001,-107.196433324734));
#10944=CARTESIAN_POINT('',(160.228292374124,-51.4257255443649,-107.195439257046));
#10945=CARTESIAN_POINT('',(160.174579641094,-14.7674629434635,-106.201692554719));
#10946=CARTESIAN_POINT('',(160.784848894285,-14.4962214154888,-106.061689372723));
#10947=CARTESIAN_POINT('',(161.381988392825,-14.2329047967477,-105.899727791035));
#10948=CARTESIAN_POINT('',(161.979448875496,-13.9712425030217,-105.712352682104));
#10949=CARTESIAN_POINT('',(159.920448587531,-13.6946633518464,-107.262635771576));
#10950=CARTESIAN_POINT('',(160.558794001242,-13.4131406244281,-107.12764191108));
#10951=CARTESIAN_POINT('',(161.184322871139,-13.1398352020178,-106.969344677436));
#10952=CARTESIAN_POINT('',(161.811037328683,-12.8682528427667,-106.784306095651));
#10953=CARTESIAN_POINT('',(159.918122469481,-13.6848437786016,-107.272346820786));
#10954=CARTESIAN_POINT('',(160.556724870533,-13.4032269450783,-107.137398811724));
#10955=CARTESIAN_POINT('',(161.18251359466,-13.1298300929266,-106.979135118673));
#10956=CARTESIAN_POINT('',(161.809495820341,-12.8581569331096,-106.794117923639));
#10957=CARTESIAN_POINT('',(161.507411088367,-12.999999997443,-106.871848712315));
#10958=CARTESIAN_POINT('',(161.085033270386,-13.1859104038213,-106.9907252413));
#10959=CARTESIAN_POINT('',(160.659504098392,-13.3718208101997,-107.098404544275));
#10960=CARTESIAN_POINT('',(160.231421144748,-13.557731216578,-107.194735406752));
#10961=CARTESIAN_POINT('',(161.507454841335,-12.999982893078,-106.871854168368));
#10962=CARTESIAN_POINT('',(161.968822139056,-13.9758967512049,-105.715682761725));
#10963=CARTESIAN_POINT('',(161.815667421073,-13.6606354557853,-106.094715045264));
#10964=CARTESIAN_POINT('',(161.661827352194,-13.3353255675792,-106.480034632582));
#10965=CARTESIAN_POINT('',(161.507499191569,-12.9999670865863,-106.871858108023));
#10966=CARTESIAN_POINT('',(154.779499297891,-13.,-82.9670398665566));
#10967=CARTESIAN_POINT('',(154.779499297891,-14.,-82.9670398665566));
#10968=CARTESIAN_POINT('',(164.833432645835,-14.0000008835018,-104.576185182173));
#10969=CARTESIAN_POINT('',(154.779499297891,-13.,-82.9670398665566));
#10970=CARTESIAN_POINT('',(164.425658069738,-13.0000642582206,-105.850507981303));
#10971=CARTESIAN_POINT('',(164.425512831918,-13.0001267746927,-105.850501348628));
#10972=CARTESIAN_POINT('',(164.586890823533,-13.3298580815648,-105.424647597278));
#10973=CARTESIAN_POINT('',(164.747352182558,-13.6503508685026,-105.002734936085));
#10974=CARTESIAN_POINT('',(164.90641431696,-13.9616051355061,-104.584505986708));
#10975=CARTESIAN_POINT('',(164.9068107847,-13.9615682608338,-104.584360969719));
#10976=CARTESIAN_POINT('',(164.833442035942,-14.0000179975005,-104.576181024604));
#10977=CARTESIAN_POINT('',(164.857922328722,-13.9872423144118,-104.57888201374));
#10978=CARTESIAN_POINT('',(164.882406836021,-13.9744676374053,-104.581549156444));
#10979=CARTESIAN_POINT('',(164.906895555005,-13.9616939718443,-104.5841824374));
#10980=CARTESIAN_POINT('',(167.421162336723,-11.6224533910861,-104.341795301177));
#10981=CARTESIAN_POINT('',(166.450519365631,-12.0676047684246,-104.91502209899));
#10982=CARTESIAN_POINT('',(165.431467335521,-12.5344107574645,-105.426855325304));
#10983=CARTESIAN_POINT('',(164.407185361701,-13.0085979060836,-105.858240410222));
#10984=CARTESIAN_POINT('',(167.348170945004,-12.8192646529605,-103.27303513994));
#10985=CARTESIAN_POINT('',(166.431230797848,-13.2454365119625,-103.834725861464));
#10986=CARTESIAN_POINT('',(165.464857515907,-13.6983810229785,-104.34221677357));
#10987=CARTESIAN_POINT('',(164.492770415816,-14.1563283907587,-104.772363570422));
#10988=CARTESIAN_POINT('',(167.421146809691,-11.6227079817448,-104.34156795008));
#10989=CARTESIAN_POINT('',(167.396821521462,-12.0215602054834,-103.9853903467));
#10990=CARTESIAN_POINT('',(167.372496233233,-12.4204124292219,-103.62921274332));
#10991=CARTESIAN_POINT('',(167.348170945004,-12.8192646529605,-103.27303513994));
#10992=CARTESIAN_POINT('',(167.421432530022,-11.6229201369546,-104.341786010809));
#10993=CARTESIAN_POINT('',(167.348628508285,-12.8192760183326,-103.272813476023));
#10994=CARTESIAN_POINT('',(167.348170945003,-12.8192646529605,-103.27303513994));
#10995=CARTESIAN_POINT('',(166.561543574421,-13.1848702488142,-103.754900065065));
#10996=CARTESIAN_POINT('',(165.738535233131,-13.5701795327492,-104.196875922111));
#10997=CARTESIAN_POINT('',(164.906749002204,-13.9614477011082,-104.584350082163));
#10998=CARTESIAN_POINT('',(167.421294235156,-11.6224533910861,-104.342018317465));
#10999=CARTESIAN_POINT('',(166.442938512175,-12.0713121921309,-104.920646850543));
#11000=CARTESIAN_POINT('',(165.440316762176,-12.5304944022699,-105.422858306333));
#11001=CARTESIAN_POINT('',(164.425803838888,-13.0000000215031,-105.850516257066));
#11002=CARTESIAN_POINT('',(141.889321563394,-14.,-28.8674292871));
#11003=CARTESIAN_POINT('',(164.833391466595,-14.,-104.576177903432));
#11004=CARTESIAN_POINT('',(164.929143571384,-14.,-104.034463517655));
#11005=CARTESIAN_POINT('',(165.01603059179,-14.,-103.490828130793));
#11006=CARTESIAN_POINT('',(165.094052527813,-14.,-102.945271742844));
#11007=CARTESIAN_POINT('',(165.094052465341,-14.,-102.94527173391));
#11008=CARTESIAN_POINT('',(165.094405871963,-14.,-102.942800605182));
#11009=CARTESIAN_POINT('',(165.414776693976,-14.,-100.701864202752));
#11010=CARTESIAN_POINT('',(165.752593209526,-14.,-96.2240639223473));
#11011=CARTESIAN_POINT('',(165.34310736515,-14.,-89.464145712023));
#11012=CARTESIAN_POINT('',(164.039716599884,-14.,-82.8273158012253));
#11013=CARTESIAN_POINT('',(162.587837452078,-14.,-78.5809467004307));
#11014=CARTESIAN_POINT('',(161.715077831854,-14.,-76.4942977510745));
#11015=CARTESIAN_POINT('',(161.715077833342,-13.9999999998328,-76.4942977538283));
#11016=CARTESIAN_POINT('',(141.353865063088,-14.,-29.0974560852573));
#11017=CARTESIAN_POINT('',(154.263172452178,-13.9999999986629,-59.1477485144437));
#11018=CARTESIAN_POINT('',(154.263172452578,-14.,-59.1477485142696));
#11019=CARTESIAN_POINT('',(153.897991846799,-14.,-58.3086325473984));
#11020=CARTESIAN_POINT('',(153.379002125019,-14.,-57.1449667847371));
#11021=CARTESIAN_POINT('',(152.831969290988,-14.,-55.9700530504063));
#11022=CARTESIAN_POINT('',(152.526837038421,-14.,-55.3320933014157));
#11023=CARTESIAN_POINT('',(152.327136553649,-14.,-54.9219766624178));
#11024=CARTESIAN_POINT('',(152.052594613977,-14.,-54.3689440300967));
#11025=CARTESIAN_POINT('',(151.706544557025,-14.,-53.6842324237793));
#11026=CARTESIAN_POINT('',(151.078013964707,-14.,-52.4707062096786));
#11027=CARTESIAN_POINT('',(150.14140279778,-14.,-50.7509349487665));
#11028=CARTESIAN_POINT('',(148.999172002026,-14.,-48.7842816502847));
#11029=CARTESIAN_POINT('',(147.368842227146,-14.,-46.1455103576752));
#11030=CARTESIAN_POINT('',(146.048652270365,-14.,-44.1888556513506));
#11031=CARTESIAN_POINT('',(145.122625334736,-14.,-42.8898229063492));
#11032=CARTESIAN_POINT('',(167.362206855353,-12.8123733109858,-103.275082772003));
#11033=CARTESIAN_POINT('',(167.278749024973,-12.8117090669659,-103.851565189416));
#11034=CARTESIAN_POINT('',(167.186307567548,-12.8109741853819,-104.423047846092));
#11035=CARTESIAN_POINT('',(167.083867826195,-12.8101599769269,-104.994503498656));
#11036=CARTESIAN_POINT('',(165.094405870839,-14.,-102.942800609008));
#11037=CARTESIAN_POINT('',(165.015651833589,-14.,-103.493670964773));
#11038=CARTESIAN_POINT('',(164.928417022469,-14.,-104.039808789391));
#11039=CARTESIAN_POINT('',(164.831746446302,-14.,-104.58596486894));
#11040=CARTESIAN_POINT('',(165.080845711113,-14.0071013319549,-102.94081375071));
#11041=CARTESIAN_POINT('',(165.002119799869,-14.0071053037562,-103.491530960917));
#11042=CARTESIAN_POINT('',(164.914916121532,-14.00710969793,-104.037517237858));
#11043=CARTESIAN_POINT('',(164.818280041691,-14.0071145664334,-104.583522040354));
#11044=CARTESIAN_POINT('',(167.348680998767,-12.8194566786991,-103.273100939861));
#11045=CARTESIAN_POINT('',(166.597258186039,-13.2129699513468,-103.163001156308));
#11046=CARTESIAN_POINT('',(165.845835373311,-13.6064832239944,-103.052901372755));
#11047=CARTESIAN_POINT('',(165.094412560583,-13.9999964966421,-102.942801589201));
#11048=CARTESIAN_POINT('',(155.41090843621,-6.00000000000009,-84.4666151432569));
#11049=CARTESIAN_POINT('',(153.470600055412,-6.00000000000009,-25.5798969328805));
#11050=CARTESIAN_POINT('',(153.367566143213,-6.00000000000009,-25.7580894401711));
#11051=CARTESIAN_POINT('',(153.161536189408,-6.00000000000009,-26.1144088982587));
#11052=CARTESIAN_POINT('',(152.903809394181,-6.00000000000009,-26.5601360033366));
#11053=CARTESIAN_POINT('',(152.69802559924,-6.00000000000009,-26.9160293442153));
#11054=CARTESIAN_POINT('',(152.542608441097,-6.00000000000009,-27.1848177099444));
#11055=CARTESIAN_POINT('',(152.416526165249,-6.00000000000009,-27.402866957478));
#11056=CARTESIAN_POINT('',(152.307963146289,-6.00000000000009,-27.5906307128473));
#11057=CARTESIAN_POINT('',(152.247573263352,-6.00000000000009,-27.6950450916915));
#11058=CARTESIAN_POINT('',(152.106847568323,-6.00000000000009,-27.9385259656527));
#11059=CARTESIAN_POINT('',(151.968319087953,-6.00000000000009,-28.1786088071568));
#11060=CARTESIAN_POINT('',(151.81395509235,-6.00000000000009,-28.4469172797494));
#11061=CARTESIAN_POINT('',(151.709272874874,-6.00000000000009,-28.629787704388));
#11062=CARTESIAN_POINT('',(151.640253887217,-6.00000000000009,-28.7519184067573));
#11063=CARTESIAN_POINT('',(151.626250473915,-6.00000000000009,-28.7762864124357));
#11064=CARTESIAN_POINT('',(151.528286690657,-6.00000000000009,-28.9544278018481));
#11065=CARTESIAN_POINT('',(151.431233624781,-6.00000000000009,-29.1370938696387));
#11066=CARTESIAN_POINT('',(151.255508761658,-6.00000000000009,-29.4809320328547));
#11067=CARTESIAN_POINT('',(150.95650256622,-6.00000000000009,-30.125711637321));
#11068=CARTESIAN_POINT('',(150.565087388048,-6.00000000000009,-31.159777047539));
#11069=CARTESIAN_POINT('',(150.236799734401,-6.00000000000009,-32.3857740118598));
#11070=CARTESIAN_POINT('',(150.027495281267,-6.00000000000009,-33.6467113577666));
#11071=CARTESIAN_POINT('',(149.914370045479,-6.00000000000009,-35.3696371185792));
#11072=CARTESIAN_POINT('',(150.051201978404,-6.00000000000009,-37.0849000910594));
#11073=CARTESIAN_POINT('',(150.433013741216,-6.00000000000009,-38.7361901936818));
#11074=CARTESIAN_POINT('',(150.85691417214,-6.00000000000009,-39.9835809010033));
#11075=CARTESIAN_POINT('',(151.356449514296,-6.00000000000009,-41.1001576728316));
#11076=CARTESIAN_POINT('',(152.034526079742,-6.00000000000009,-42.2651141856867));
#11077=CARTESIAN_POINT('',(152.693083543903,-6.00000000000009,-43.2798720585887));
#11078=CARTESIAN_POINT('',(153.141061351334,-6.00000000000009,-43.9816506310473));
#11079=CARTESIAN_POINT('',(153.365455776865,-6.00000000000009,-44.3284077690332));
#11080=CARTESIAN_POINT('',(153.365455775476,-6.00000000004522,-44.3284077668029));
#11081=CARTESIAN_POINT('',(165.780665529208,-6.00000000000009,-77.5580723399385));
#11082=CARTESIAN_POINT('',(165.780665529208,-6.00000000000009,-77.5580723399388));
#11083=CARTESIAN_POINT('',(169.189408845422,-6.00000000000009,-103.1922516045));
#11084=CARTESIAN_POINT('',(169.756102414318,-6.00000000000009,-98.8393774149883));
#11085=CARTESIAN_POINT('',(169.747897343805,-6.0000000000001,-92.3537999246992));
#11086=CARTESIAN_POINT('',(168.036121188752,-6.00000000000009,-83.7335385942333));
#11087=CARTESIAN_POINT('',(166.622945580208,-6.00000000000009,-79.5848083313039));
#11088=CARTESIAN_POINT('',(165.780665529208,-6.00000000000009,-77.5580723399388));
#11089=CARTESIAN_POINT('',(169.189408845422,-6.00000000000009,-103.1922516045));
#11090=CARTESIAN_POINT('',(154.779499297891,-6.00000000000009,-82.9670398665566));
#11091=CARTESIAN_POINT('',(154.324630377517,-14.,-59.2890779013426));
#11092=CARTESIAN_POINT('',(153.737956378074,-14.,-57.9389383405655));
#11093=CARTESIAN_POINT('',(153.160252012612,-14.,-56.6374240554751));
#11094=CARTESIAN_POINT('',(151.783615032055,-14.,-53.8005542752081));
#11095=CARTESIAN_POINT('',(150.988633900051,-14.,-52.2803881963172));
#11096=CARTESIAN_POINT('',(149.309143142434,-14.,-49.2913282432689));
#11097=CARTESIAN_POINT('',(148.423565121988,-14.,-47.8206139622249));
#11098=CARTESIAN_POINT('',(147.0328000944,-14.,-45.660635408846));
#11099=CARTESIAN_POINT('',(146.558854959156,-14.,-44.9483799825323));
#11100=CARTESIAN_POINT('',(145.745112843827,-14.,-43.7643105807908));
#11101=CARTESIAN_POINT('',(145.403675777191,-14.,-43.2838232621408));
#11102=CARTESIAN_POINT('',(145.056228431571,-14.,-42.7967104546341));
#11103=CARTESIAN_POINT('',(157.16267997129,-12.3268281516383,-58.0528195827439));
#11104=CARTESIAN_POINT('',(156.563877526895,-12.3252547906108,-56.6812794411984));
#11105=CARTESIAN_POINT('',(155.950607909726,-12.3199586639681,-55.3203255699972));
#11106=CARTESIAN_POINT('',(154.510412454755,-12.3109545108205,-52.3863380374362));
#11107=CARTESIAN_POINT('',(153.678906400565,-12.305771865274,-50.814962756178));
#11108=CARTESIAN_POINT('',(151.922582135528,-12.2948542854232,-47.7268976066489));
#11109=CARTESIAN_POINT('',(150.996646267845,-12.2891123015694,-46.2083272505572));
#11110=CARTESIAN_POINT('',(149.542702450933,-12.2801159317283,-43.979394675748));
#11111=CARTESIAN_POINT('',(149.047259208497,-12.2770535385179,-43.2446282579481));
#11112=CARTESIAN_POINT('',(148.196654859441,-12.2718014548154,-42.0235250729124));
#11113=CARTESIAN_POINT('',(147.852307689496,-12.2714553403104,-41.5400063602378));
#11114=CARTESIAN_POINT('',(147.504843462384,-12.2714491192856,-41.0529409250767));
#11115=CARTESIAN_POINT('',(157.180062409805,-12.3165803367859,-58.0452477685449));
#11116=CARTESIAN_POINT('',(156.581185681313,-12.3149973392631,-56.6735765530815));
#11117=CARTESIAN_POINT('',(155.967698234688,-12.3096687749928,-55.312258627301));
#11118=CARTESIAN_POINT('',(154.52711349784,-12.3006094733592,-52.3776762695609));
#11119=CARTESIAN_POINT('',(153.695383736419,-12.2953950852323,-50.8059873430396));
#11120=CARTESIAN_POINT('',(151.938588882806,-12.2844106375717,-47.7173158081449));
#11121=CARTESIAN_POINT('',(151.012405832058,-12.2786334853115,-46.198452343968));
#11122=CARTESIAN_POINT('',(149.558075058758,-12.2695820146555,-43.9690974407257));
#11123=CARTESIAN_POINT('',(149.062500145075,-12.2665008649505,-43.2341931479831));
#11124=CARTESIAN_POINT('',(148.211670022829,-12.2612166133739,-42.0128631390531));
#11125=CARTESIAN_POINT('',(147.867305029131,-12.2608683789926,-41.5293258597472));
#11126=CARTESIAN_POINT('',(147.519840698625,-12.2608621198654,-41.0422607147314));
#11127=CARTESIAN_POINT('',(157.117121672797,-12.3279818145093,-57.9455862175505));
#11128=CARTESIAN_POINT('',(156.165805416533,-12.8853212077232,-58.3463073315261));
#11129=CARTESIAN_POINT('',(155.214489160269,-13.4426606009372,-58.7470284455018));
#11130=CARTESIAN_POINT('',(154.263172904006,-13.9999999941511,-59.1477495594774));
#11131=CARTESIAN_POINT('',(157.116752994535,-12.3272362424517,-57.945747943629));
#11132=CARTESIAN_POINT('',(157.11603094905,-12.326698223084,-57.9460610344961));
#11133=CARTESIAN_POINT('',(155.887481915111,-12.3230851963374,-55.1368633869665));
#11134=CARTESIAN_POINT('',(153.87303362354,-12.3055605353254,-51.0073350487574));
#11135=CARTESIAN_POINT('',(150.732895175144,-12.2886287356831,-45.7460695701276));
#11136=CARTESIAN_POINT('',(149.019865882616,-12.2746928599378,-43.1923707997332));
#11137=CARTESIAN_POINT('',(148.150370552512,-12.2722030343602,-41.9611893575334));
#11138=CARTESIAN_POINT('',(155.958687649269,-7.74074495600593,-20.4435730780813));
#11139=CARTESIAN_POINT('',(154.337863412725,-7.74074495600593,-23.2467155426718));
#11140=CARTESIAN_POINT('',(152.717039176181,-7.74074495600593,-26.0498580072624));
#11141=CARTESIAN_POINT('',(151.096214939637,-7.74074495600593,-28.8530004718529));
#11142=CARTESIAN_POINT('',(150.521312804469,-7.74074495600593,-29.84726780309));
#11143=CARTESIAN_POINT('',(150.08309880501,-7.74074495600593,-30.9203357455618));
#11144=CARTESIAN_POINT('',(149.512219127374,-7.74074495600593,-33.1451884084069));
#11145=CARTESIAN_POINT('',(149.379630456739,-7.74074495600593,-34.2967257624074));
#11146=CARTESIAN_POINT('',(149.429933294702,-7.74074495600593,-36.5931017474857));
#11147=CARTESIAN_POINT('',(149.612820162182,-7.74074495600593,-37.7377285106216));
#11148=CARTESIAN_POINT('',(150.280577682932,-7.74074495600593,-39.9354484362342));
#11149=CARTESIAN_POINT('',(150.765360570216,-7.74074495600593,-40.9882978416816));
#11150=CARTESIAN_POINT('',(151.383249830041,-7.74074495600593,-41.9564367024037));
#11151=CARTESIAN_POINT('',(151.425385580785,-7.74074495600593,-42.0224570403063));
#11152=CARTESIAN_POINT('',(151.467521331528,-7.74074495600593,-42.0884773782089));
#11153=CARTESIAN_POINT('',(151.509657082271,-7.74074495600593,-42.1544977161115));
#11154=CARTESIAN_POINT('',(151.492223781195,-14.,-20.4505728096226));
#11155=CARTESIAN_POINT('',(149.871399544651,-14.,-23.253715274213));
#11156=CARTESIAN_POINT('',(148.250575308107,-14.,-26.0568577388035));
#11157=CARTESIAN_POINT('',(146.629751071563,-14.,-28.8600002033939));
#11158=CARTESIAN_POINT('',(146.054848936395,-14.,-29.854267534631));
#11159=CARTESIAN_POINT('',(145.616634936936,-14.,-30.9273354771029));
#11160=CARTESIAN_POINT('',(145.0457552593,-14.,-33.1521881399479));
#11161=CARTESIAN_POINT('',(144.913166588665,-14.,-34.3037254939484));
#11162=CARTESIAN_POINT('',(144.963469426628,-14.,-36.6001014790268));
#11163=CARTESIAN_POINT('',(145.146356294108,-14.,-37.7447282421627));
#11164=CARTESIAN_POINT('',(145.814113814858,-14.,-39.9424481677752));
#11165=CARTESIAN_POINT('',(146.298896702142,-14.,-40.9952975732226));
#11166=CARTESIAN_POINT('',(146.916785961967,-14.,-41.9634364339448));
#11167=CARTESIAN_POINT('',(146.958921712711,-14.,-42.0294567718473));
#11168=CARTESIAN_POINT('',(147.001057463454,-14.,-42.0954771097499));
#11169=CARTESIAN_POINT('',(147.043193214197,-14.,-42.1614974476525));
#11170=CARTESIAN_POINT('',(157.498670058149,-7.74074495600593,-17.7802429107976));
#11171=CARTESIAN_POINT('',(156.74083406357,-7.74074495600593,-19.0908861068344));
#11172=CARTESIAN_POINT('',(155.982998068992,-7.74074495600593,-20.4015293028711));
#11173=CARTESIAN_POINT('',(155.225162074414,-7.74074495600593,-21.7121724989079));
#11174=CARTESIAN_POINT('',(154.642211309353,-7.74074495600593,-22.7203595727823));
#11175=CARTESIAN_POINT('',(154.059260544293,-7.74074495600593,-23.7285466466568));
#11176=CARTESIAN_POINT('',(153.476309779232,-7.74074495600593,-24.7367337205312));
#11177=CARTESIAN_POINT('',(153.027886113801,-7.74074495600593,-25.5122622388962));
#11178=CARTESIAN_POINT('',(152.57946244837,-7.74074495600593,-26.2877907572611));
#11179=CARTESIAN_POINT('',(152.131038782939,-7.74074495600593,-27.0633192756261));
#11180=CARTESIAN_POINT('',(151.786097501838,-7.74074495600593,-27.6598796743683));
#11181=CARTESIAN_POINT('',(151.441156220738,-7.74074495600593,-28.2564400731106));
#11182=CARTESIAN_POINT('',(151.096214939637,-7.74074495600593,-28.8530004718529));
#11183=CARTESIAN_POINT('',(150.521312804469,-7.74074495600593,-29.84726780309));
#11184=CARTESIAN_POINT('',(150.08309880501,-7.74074495600593,-30.9203357455618));
#11185=CARTESIAN_POINT('',(149.512219127374,-7.74074495600593,-33.1451884084069));
#11186=CARTESIAN_POINT('',(149.379630456739,-7.74074495600593,-34.2967257624074));
#11187=CARTESIAN_POINT('',(149.429933294702,-7.74074495600593,-36.5931017474857));
#11188=CARTESIAN_POINT('',(149.612820162182,-7.74074495600593,-37.7377285106216));
#11189=CARTESIAN_POINT('',(150.280577682932,-7.74074495600593,-39.9354484362342));
#11190=CARTESIAN_POINT('',(150.765360570216,-7.74074495600593,-40.9882978416816));
#11191=CARTESIAN_POINT('',(151.383249830041,-7.74074495600593,-41.9564367024037));
#11192=CARTESIAN_POINT('',(151.753983385937,-7.74074495600593,-42.537320018837));
#11193=CARTESIAN_POINT('',(152.124716941832,-7.74074495600593,-43.1182033352703));
#11194=CARTESIAN_POINT('',(152.495450497728,-7.74074495600593,-43.6990866517035));
#11195=CARTESIAN_POINT('',(152.977404120392,-7.74074495600593,-44.4542349630668));
#11196=CARTESIAN_POINT('',(153.459357743056,-7.74074495600593,-45.20938327443));
#11197=CARTESIAN_POINT('',(153.94131136572,-7.74074495600593,-45.9645315857933));
#11198=CARTESIAN_POINT('',(154.567851075184,-7.74074495600593,-46.9462243905655));
#11199=CARTESIAN_POINT('',(155.194390784647,-7.74074495600593,-47.9279171953377));
#11200=CARTESIAN_POINT('',(155.82093049411,-7.74074495600593,-48.9096100001099));
#11201=CARTESIAN_POINT('',(156.635432116413,-7.74074495600593,-50.1858106463138));
#11202=CARTESIAN_POINT('',(157.449933738715,-7.74074495600593,-51.4620112925177));
#11203=CARTESIAN_POINT('',(158.264435361017,-7.74074495600593,-52.7382119387216));
#11204=CARTESIAN_POINT('',(151.383249830041,-7.74074495600593,-41.9564367024037));
#11205=CARTESIAN_POINT('',(151.383249830041,-7.74074495600593,-41.9564367024037));
#11206=CARTESIAN_POINT('',(153.058243389909,-7.3335367646606,-24.8925810952488));
#11207=CARTESIAN_POINT('',(153.208553189299,-6.90904200465642,-25.1430974276865));
#11208=CARTESIAN_POINT('',(153.348347021459,-6.45763922058121,-25.3760871480644));
#11209=CARTESIAN_POINT('',(153.472914976592,-5.99185143533904,-25.5837004067178));
#11210=CARTESIAN_POINT('',(152.96458033818,-7.74074495600593,-25.6217467245651));
#11211=CARTESIAN_POINT('',(153.127644673798,-7.2951812560145,-25.8891062861126));
#11212=CARTESIAN_POINT('',(153.279473412517,-6.82037453330238,-26.1379562949084));
#11213=CARTESIAN_POINT('',(153.414811920074,-6.32973785779836,-26.3597510669502));
#11214=CARTESIAN_POINT('',(153.380870052821,-6.45120558114867,-26.3039273107515));
#11215=CARTESIAN_POINT('',(153.41173972173,-6.29906415565388,-26.0638701434506));
#11216=CARTESIAN_POINT('',(153.441671304432,-6.14871292913329,-25.8225468690177));
#11217=CARTESIAN_POINT('',(153.470684502637,-6.00018407280423,-25.57998295049));
#11218=CARTESIAN_POINT('',(153.381070460044,-6.45072810371491,-26.3043091594255));
#11219=CARTESIAN_POINT('',(152.96458033818,-7.74074495600593,-25.6217467245651));
#11220=CARTESIAN_POINT('',(153.114203617123,-7.33190815231128,-25.8670683891944));
#11221=CARTESIAN_POINT('',(153.254367214556,-6.89845052216519,-26.096806148892));
#11222=CARTESIAN_POINT('',(153.381011719321,-6.4507341884111,-26.3043581274371));
#11223=CARTESIAN_POINT('',(153.672899241744,-6.45332626640101,-44.2728282425577));
#11224=CARTESIAN_POINT('',(153.341548071978,-6.45332626636796,-43.753651158779));
#11225=CARTESIAN_POINT('',(153.010644637546,-6.45332626718138,-43.2351756091697));
#11226=CARTESIAN_POINT('',(152.433391725514,-6.45332626718312,-42.330707749088));
#11227=CARTESIAN_POINT('',(152.181032226659,-6.45323507549098,-41.9509313435889));
#11228=CARTESIAN_POINT('',(151.7161077144,-6.44972492370749,-41.155105438588));
#11229=CARTESIAN_POINT('',(151.505501641716,-6.44812246976044,-40.7445160480012));
#11230=CARTESIAN_POINT('',(150.566909222134,-6.44092681111817,-38.6397412986772));
#11231=CARTESIAN_POINT('',(150.189645584441,-6.43789005153461,-36.7880751495976));
#11232=CARTESIAN_POINT('',(150.255560966523,-6.43845944184097,-33.0975577918783));
#11233=CARTESIAN_POINT('',(150.698762074358,-6.44204802464376,-31.2588900745824));
#11234=CARTESIAN_POINT('',(151.709701096989,-6.44981870666002,-29.191244091752));
#11235=CARTESIAN_POINT('',(151.941975777986,-6.45132926503439,-28.7925860377679));
#11236=CARTESIAN_POINT('',(152.399614628818,-6.45132926503453,-28.0011202715914));
#11237=CARTESIAN_POINT('',(152.624151276361,-6.45132926504253,-27.6127942597958));
#11238=CARTESIAN_POINT('',(153.15952683129,-6.4513292650235,-26.6868863675909));
#11239=CARTESIAN_POINT('',(153.468046116149,-6.45132926501599,-26.1533161697711));
#11240=CARTESIAN_POINT('',(153.776565401011,-6.4513292650201,-25.6197459719377));
#11241=CARTESIAN_POINT('',(153.429235186366,-6.00000000000009,-44.428340441218));
#11242=CARTESIAN_POINT('',(153.09788401655,-6.00000000000009,-43.9091633574441));
#11243=CARTESIAN_POINT('',(152.766980582598,-6.00000000000009,-43.3906878074537));
#11244=CARTESIAN_POINT('',(152.189727670717,-6.00000000000009,-42.4862199474242));
#11245=CARTESIAN_POINT('',(151.937194683977,-6.00000000000009,-42.1060846242939));
#11246=CARTESIAN_POINT('',(151.468062248831,-6.00000000000009,-41.2885091321857));
#11247=CARTESIAN_POINT('',(151.255702321917,-6.00000000000009,-40.8673763373235));
#11248=CARTESIAN_POINT('',(150.309659775535,-6.00000000000009,-38.710960710479));
#11249=CARTESIAN_POINT('',(149.930361809497,-6.00000000000009,-36.8213977714997));
#11250=CARTESIAN_POINT('',(149.996603971407,-6.00000000000009,-33.0549350504247));
#11251=CARTESIAN_POINT('',(150.442142000302,-6.00000000000009,-31.1781730581285));
#11252=CARTESIAN_POINT('',(151.461358405262,-6.00000000000009,-29.0579866250146));
#11253=CARTESIAN_POINT('',(151.695405916319,-6.00000000000009,-28.6500151863595));
#11254=CARTESIAN_POINT('',(152.153044767142,-6.00000000000009,-27.858549420181));
#11255=CARTESIAN_POINT('',(152.377581414709,-6.00000000000009,-27.470223408379));
#11256=CARTESIAN_POINT('',(152.912956969593,-6.00000000000009,-26.5443155161916));
#11257=CARTESIAN_POINT('',(153.221476254439,-6.00000000000009,-26.0107453183426));
#11258=CARTESIAN_POINT('',(153.52999553931,-6.00000000000009,-25.4771751205068));
#11259=CARTESIAN_POINT('',(153.380822369078,-6.45132926502056,-26.3041657090459));
#11260=CARTESIAN_POINT('',(153.044501643571,-6.45132926502528,-26.8858172454246));
#11261=CARTESIAN_POINT('',(152.379611070841,-6.45243148690337,-28.040947301584));
#11262=CARTESIAN_POINT('',(150.996984959744,-6.44581815572046,-30.400746175721));
#11263=CARTESIAN_POINT('',(150.080159406892,-6.43665821393896,-33.7497399606875));
#11264=CARTESIAN_POINT('',(150.290074818824,-6.43848886294469,-37.8978774398559));
#11265=CARTESIAN_POINT('',(151.307594451576,-6.44744928287735,-40.478764838243));
#11266=CARTESIAN_POINT('',(152.005953909387,-6.4518778604129,-41.6502358679133));
#11267=CARTESIAN_POINT('',(152.00016098364,-6.44118884660809,-41.6537296646076));
#11268=CARTESIAN_POINT('',(151.99640679375,-6.43891665480096,-41.6502173831647));
#11269=CARTESIAN_POINT('',(151.986163824495,-6.39141003738156,-41.6918991791363));
#11270=CARTESIAN_POINT('',(151.976036613352,-6.34386534017786,-41.7337018790488));
#11271=CARTESIAN_POINT('',(151.966009942075,-6.29628914764765,-41.7755931840751));
#11272=CARTESIAN_POINT('',(151.965905801327,-6.29593434503577,-41.7758129287443));
#11273=CARTESIAN_POINT('',(151.965699899307,-6.29562785048827,-41.7758910175712));
#11274=CARTESIAN_POINT('',(152.058435540868,-6.27818071112598,-41.9519341650739));
#11275=CARTESIAN_POINT('',(152.198182416907,-6.25186753535982,-42.2053549727997));
#11276=CARTESIAN_POINT('',(152.362240911616,-6.22008816943862,-42.4976046703157));
#11277=CARTESIAN_POINT('',(152.448860886499,-6.20305897237721,-42.6520834263734));
#11278=CARTESIAN_POINT('',(152.528557207117,-6.18699318496673,-42.7953882388578));
#11279=CARTESIAN_POINT('',(152.547165204654,-6.18348241852115,-42.8288262569323));
#11280=CARTESIAN_POINT('',(152.61112120036,-6.1719870665202,-42.9426208260939));
#11281=CARTESIAN_POINT('',(152.748419606115,-6.14909701205935,-43.1849017582873));
#11282=CARTESIAN_POINT('',(152.933475347145,-6.12001193746794,-43.5093178753031));
#11283=CARTESIAN_POINT('',(153.084048315991,-6.09693865211224,-43.7725901051067));
#11284=CARTESIAN_POINT('',(153.084048315991,-6.09693865211228,-43.7725901051067));
#11285=CARTESIAN_POINT('',(153.084048315991,-6.09693865211229,-43.7725901051067));
#11286=CARTESIAN_POINT('',(153.177872057096,-6.06462576804772,-43.9578959617678));
#11287=CARTESIAN_POINT('',(153.271646694593,-6.03231288401921,-44.1431248805473));
#11288=CARTESIAN_POINT('',(153.365455776865,-6.00000000000009,-44.328407769033));
#11289=CARTESIAN_POINT('',(152.939354154763,-6.30232583906356,-43.8146665202775));
#11290=CARTESIAN_POINT('',(152.883411721373,-6.30232583906356,-43.7031642709054));
#11291=CARTESIAN_POINT('',(152.828064868271,-6.30232583906357,-43.5923814819717));
#11292=CARTESIAN_POINT('',(152.711178138509,-6.30232583906357,-43.3572596757153));
#11293=CARTESIAN_POINT('',(152.649816561421,-6.30232583906357,-43.2330809610882));
#11294=CARTESIAN_POINT('',(152.46836385081,-6.30232583906357,-42.8629466894361));
#11295=CARTESIAN_POINT('',(152.350904499514,-6.30232583906357,-42.6193927859796));
#11296=CARTESIAN_POINT('',(152.140461654734,-6.30232583906357,-42.1722315913902));
#11297=CARTESIAN_POINT('',(152.046419936168,-6.30232583906357,-41.9680209649062));
#11298=CARTESIAN_POINT('',(151.955428811953,-6.30232583906357,-41.7648023355587));
#11299=CARTESIAN_POINT('',(152.955693646605,-6.28012811464655,-43.8114748666851));
#11300=CARTESIAN_POINT('',(152.899753488616,-6.28012811464655,-43.6999842826486));
#11301=CARTESIAN_POINT('',(152.844411611202,-6.28012811464655,-43.5892270916534));
#11302=CARTESIAN_POINT('',(152.727533983611,-6.28012811464655,-43.3541528020647));
#11303=CARTESIAN_POINT('',(152.666177993706,-6.28012811464655,-43.2300035614714));
#11304=CARTESIAN_POINT('',(152.48474415941,-6.28012811464655,-42.8599708032259));
#11305=CARTESIAN_POINT('',(152.367300244331,-6.28012811464655,-42.6165020608834));
#11306=CARTESIAN_POINT('',(152.15689003226,-6.28012811464655,-42.1695330487993));
#11307=CARTESIAN_POINT('',(152.06286500931,-6.28012811464655,-41.9654245362906));
#11308=CARTESIAN_POINT('',(151.971891354941,-6.28012811464655,-41.7623217428257));
#11309=CARTESIAN_POINT('',(152.972033138448,-6.25793039022953,-43.8082832130927));
#11310=CARTESIAN_POINT('',(152.916095255858,-6.25793039022953,-43.6968042943917));
#11311=CARTESIAN_POINT('',(152.860758354132,-6.25793039022953,-43.586072701335));
#11312=CARTESIAN_POINT('',(152.743889828713,-6.25793039022953,-43.3510459284142));
#11313=CARTESIAN_POINT('',(152.682539425991,-6.25793039022953,-43.2269261618546));
#11314=CARTESIAN_POINT('',(152.50112446801,-6.25793039022953,-42.8569949170157));
#11315=CARTESIAN_POINT('',(152.383695989147,-6.25793039022953,-42.6136113357872));
#11316=CARTESIAN_POINT('',(152.173318409786,-6.25793039022953,-42.1668345062084));
#11317=CARTESIAN_POINT('',(152.079310082452,-6.25793039022953,-41.962828107675));
#11318=CARTESIAN_POINT('',(151.988353897929,-6.25793039022953,-41.7598411500926));
#11319=CARTESIAN_POINT('',(152.98837263029,-6.23573266581251,-43.8050915595004));
#11320=CARTESIAN_POINT('',(152.932437023101,-6.23573266581251,-43.6936243061348));
#11321=CARTESIAN_POINT('',(152.877105097063,-6.23573266581251,-43.5829183110167));
#11322=CARTESIAN_POINT('',(152.760245673816,-6.23573266581251,-43.3479390547636));
#11323=CARTESIAN_POINT('',(152.698900858276,-6.23573266581251,-43.2238487622378));
#11324=CARTESIAN_POINT('',(152.51750477661,-6.23573266581251,-42.8540190308055));
#11325=CARTESIAN_POINT('',(152.400091733964,-6.23573266581251,-42.6107206106909));
#11326=CARTESIAN_POINT('',(152.189746787312,-6.23573266581251,-42.1641359636175));
#11327=CARTESIAN_POINT('',(152.095755155594,-6.23573266581251,-41.9602316790594));
#11328=CARTESIAN_POINT('',(152.004816440917,-6.23573266581251,-41.7573605573595));
#11329=CARTESIAN_POINT('',(153.011927465422,-6.20373266581251,-43.8004905061204));
#11330=CARTESIAN_POINT('',(152.955995138427,-6.20373266581251,-43.6890400693767));
#11331=CARTESIAN_POINT('',(152.900670385286,-6.20373266581251,-43.5783709759705));
#11332=CARTESIAN_POINT('',(152.783824083632,-6.20373266581251,-43.343460219233));
#11333=CARTESIAN_POINT('',(152.722487322514,-6.20373266581251,-43.2194124161562));
#11334=CARTESIAN_POINT('',(152.54111845274,-6.20373266581251,-42.8497290253556));
#11335=CARTESIAN_POINT('',(152.423727662777,-6.20373266581251,-42.606553372584));
#11336=CARTESIAN_POINT('',(152.213429759087,-6.20373266581251,-42.1602457737365));
#11337=CARTESIAN_POINT('',(152.119462195589,-6.20373266581252,-41.9564886955833));
#11338=CARTESIAN_POINT('',(152.028548665253,-6.20373266581252,-41.7537845616418));
#11339=CARTESIAN_POINT('',(153.035482300554,-6.17173266581252,-43.7958894527405));
#11340=CARTESIAN_POINT('',(152.979553253752,-6.17173266581252,-43.6844558326185));
#11341=CARTESIAN_POINT('',(152.924235673509,-6.17173266581252,-43.5738236409244));
#11342=CARTESIAN_POINT('',(152.807402493447,-6.17173266581252,-43.3389813837023));
#11343=CARTESIAN_POINT('',(152.746073786752,-6.17173266581252,-43.2149760700746));
#11344=CARTESIAN_POINT('',(152.564732128869,-6.17173266581252,-42.8454390199056));
#11345=CARTESIAN_POINT('',(152.44736359159,-6.17173266581252,-42.602386134477));
#11346=CARTESIAN_POINT('',(152.237112730861,-6.17173266581252,-42.1563555838556));
#11347=CARTESIAN_POINT('',(152.143169235583,-6.17173266581252,-41.9527457121073));
#11348=CARTESIAN_POINT('',(152.052280889589,-6.17173266581252,-41.750208565924));
#11349=CARTESIAN_POINT('',(153.059037135686,-6.13973266581251,-43.7912883993605));
#11350=CARTESIAN_POINT('',(153.003111369077,-6.13973266581252,-43.6798715958604));
#11351=CARTESIAN_POINT('',(152.947800961731,-6.13973266581252,-43.5692763058782));
#11352=CARTESIAN_POINT('',(152.830980903263,-6.13973266581252,-43.3345025481717));
#11353=CARTESIAN_POINT('',(152.76966025099,-6.13973266581252,-43.2105397239931));
#11354=CARTESIAN_POINT('',(152.588345804999,-6.13973266581252,-42.8411490144556));
#11355=CARTESIAN_POINT('',(152.470999520403,-6.13973266581252,-42.59821889637));
#11356=CARTESIAN_POINT('',(152.260795702636,-6.13973266581252,-42.1524653939746));
#11357=CARTESIAN_POINT('',(152.166876275578,-6.13973266581252,-41.9490027286312));
#11358=CARTESIAN_POINT('',(152.076013113926,-6.13973266581252,-41.7466325702063));
#11359=CARTESIAN_POINT('',(153.294807991553,-5.81943038624086,-43.7452344029222));
#11360=CARTESIAN_POINT('',(153.238915057862,-5.81943038624086,-43.6339859244939));
#11361=CARTESIAN_POINT('',(153.183676447248,-5.81943038624086,-43.5237600002139));
#11362=CARTESIAN_POINT('',(153.066987728657,-5.81943038624086,-43.2896718847252));
#11363=CARTESIAN_POINT('',(153.00574769669,-5.81943038624086,-43.1661343564024));
#11364=CARTESIAN_POINT('',(152.824705626668,-5.81943038624086,-42.7982084355494));
#11365=CARTESIAN_POINT('',(152.707582079107,-5.81943038624086,-42.556507150583));
#11366=CARTESIAN_POINT('',(152.497849135339,-5.81943038624086,-42.1135267475106));
#11367=CARTESIAN_POINT('',(152.404170617832,-5.81943038624086,-41.911537536763));
#11368=CARTESIAN_POINT('',(152.313559537495,-5.81943038624086,-41.7108388333272));
#11369=CARTESIAN_POINT('',(153.512747373881,-5.48332347401909,-43.7026634943994));
#11370=CARTESIAN_POINT('',(153.456884789935,-5.48332347401909,-43.5915706105293));
#11371=CARTESIAN_POINT('',(153.40171254603,-5.48332347401909,-43.4816861166297));
#11372=CARTESIAN_POINT('',(153.285145234012,-5.48332347401909,-43.2482317878781));
#11373=CARTESIAN_POINT('',(153.223979724995,-5.48332347401909,-43.1250873900625));
#11374=CARTESIAN_POINT('',(153.043189431004,-5.48332347401909,-42.758515475157));
#11375=CARTESIAN_POINT('',(152.926271774761,-5.48332347401909,-42.5179500860163));
#11376=CARTESIAN_POINT('',(152.716974092543,-5.48332347401909,-42.0775330513101));
#11377=CARTESIAN_POINT('',(152.623518264473,-5.48332347401909,-41.8769058570141));
#11378=CARTESIAN_POINT('',(152.533140200407,-5.48332347401909,-41.6777521955496));
#11379=CARTESIAN_POINT('',(153.711314944351,-5.13218853732371,-43.6638765537931));
#11380=CARTESIAN_POINT('',(153.655480012478,-5.13218853732371,-43.5529254342663));
#11381=CARTESIAN_POINT('',(153.600368236194,-5.13218853732371,-43.4433520222849));
#11382=CARTESIAN_POINT('',(153.483911539376,-5.13218853732371,-43.2104751453516));
#11383=CARTESIAN_POINT('',(153.422813929243,-5.13218853732371,-43.0876889341511));
#11384=CARTESIAN_POINT('',(153.24225303186,-5.13218853732371,-42.722350672698));
#11385=CARTESIAN_POINT('',(153.125522966028,-5.13218853732371,-42.482820213876));
#11386=CARTESIAN_POINT('',(152.9166218566,-5.13218853732371,-42.0447386993648));
#11387=CARTESIAN_POINT('',(152.823368923939,-5.13218853732371,-41.8453524570015));
#11388=CARTESIAN_POINT('',(152.733203164205,-5.1321885373237,-41.6476065045396));
#11389=CARTESIAN_POINT('',(153.665677836749,-5.13973266581256,-43.5824887674629));
#11390=CARTESIAN_POINT('',(153.48881388377,-5.47022868280912,-43.6396883863536));
#11391=CARTESIAN_POINT('',(153.294965695911,-5.78953935123733,-43.7032904770337));
#11392=CARTESIAN_POINT('',(153.084048315991,-6.09693865211228,-43.7725901051068));
#11393=CARTESIAN_POINT('',(153.665677836749,-5.13973266581256,-43.5824887674629));
#11394=CARTESIAN_POINT('',(151.96563832922,-6.29573980320467,-41.7759514163353));
#11395=CARTESIAN_POINT('',(152.083443335405,-6.19821710331765,-41.8664816113698));
#11396=CARTESIAN_POINT('',(152.202276506636,-6.10123051777111,-41.9564396884999));
#11397=CARTESIAN_POINT('',(152.320091276805,-6.00191301115312,-42.0463722129335));
#11398=CARTESIAN_POINT('',(152.320091373348,-6.00191234561169,-42.0463713514637));
#11399=CARTESIAN_POINT('',(152.320636936096,-6.00145187838446,-42.0467868710068));
#11400=CARTESIAN_POINT('',(152.644263255422,-5.72828207393689,-42.293276332433));
#11401=CARTESIAN_POINT('',(152.962152153699,-5.44059092984784,-42.539351694855));
#11402=CARTESIAN_POINT('',(153.271542013938,-5.13958242286862,-42.7902542709125));
#11403=CARTESIAN_POINT('',(153.27154054634,-5.1396605413739,-42.790349799603));
#11404=CARTESIAN_POINT('',(153.271504573814,-5.13973266581256,-42.7903674511405));
#11405=CARTESIAN_POINT('',(153.398758995392,-5.13973266581256,-43.0497025353934));
#11406=CARTESIAN_POINT('',(153.530277094138,-5.13973266581256,-43.3132669600197));
#11407=CARTESIAN_POINT('',(153.665677836749,-5.13973266581256,-43.5824887674629));
#11408=CARTESIAN_POINT('',(153.816867097786,-5.13973266581258,-43.8832152786789));
#11409=CARTESIAN_POINT('',(153.787973781803,-5.13973266581258,-43.8257033119121));
#11410=CARTESIAN_POINT('',(153.75895997489,-5.13973266581258,-43.7678700007876));
#11411=CARTESIAN_POINT('',(153.666335181572,-5.13973266581258,-43.583820050553));
#11412=CARTESIAN_POINT('',(153.603568161764,-5.13973266581258,-43.4591192824107));
#11413=CARTESIAN_POINT('',(153.479636748542,-5.13973266581258,-43.2112871630076));
#11414=CARTESIAN_POINT('',(153.418537678135,-5.13973266581258,-43.0884932484247));
#11415=CARTESIAN_POINT('',(153.328130741754,-5.13973266581258,-42.9055599024997));
#11416=CARTESIAN_POINT('',(153.298141991269,-5.13973266581258,-42.8446683862953));
#11417=CARTESIAN_POINT('',(153.268388135185,-5.13973266581258,-42.7840155048761));
#11418=CARTESIAN_POINT('',(154.051518573212,-4.72560669638265,-43.8373244615797));
#11419=CARTESIAN_POINT('',(154.022640613035,-4.72560669638265,-43.7798409091049));
#11420=CARTESIAN_POINT('',(153.993598815333,-4.72560669638265,-43.7219201288697));
#11421=CARTESIAN_POINT('',(153.90100893297,-4.72560669638265,-43.5380486764005));
#11422=CARTESIAN_POINT('',(153.838324775319,-4.72560669638265,-43.4137734785861));
#11423=CARTESIAN_POINT('',(153.714532471093,-4.72560669638265,-43.1666675590403));
#11424=CARTESIAN_POINT('',(153.653513641437,-4.72560669638265,-43.0442969380515));
#11425=CARTESIAN_POINT('',(153.563242438077,-4.72560669638265,-42.8620935397574));
#11426=CARTESIAN_POINT('',(153.533301637165,-4.72560669638265,-42.8014618315898));
#11427=CARTESIAN_POINT('',(153.503598158318,-4.72560669638265,-42.7410848281611));
#11428=CARTESIAN_POINT('',(154.257782699603,-4.29309481323381,-43.7969853617245));
#11429=CARTESIAN_POINT('',(154.228918237539,-4.29309481323381,-43.739526786076));
#11430=CARTESIAN_POINT('',(154.199851835279,-4.29309481323381,-43.68152911845));
#11431=CARTESIAN_POINT('',(154.107292640461,-4.29309481323381,-43.4978145696847));
#11432=CARTESIAN_POINT('',(154.04468132058,-4.29309481323381,-43.3739134581263));
#11433=CARTESIAN_POINT('',(153.92101129641,-4.29309481323381,-43.127445885213));
#11434=CARTESIAN_POINT('',(153.860063000248,-4.29309481323381,-43.005447349178));
#11435=CARTESIAN_POINT('',(153.769911109383,-4.29309481323381,-42.823885591897));
#11436=CARTESIAN_POINT('',(153.740012457266,-4.29309481323381,-42.7634822610607));
#11437=CARTESIAN_POINT('',(153.710353261187,-4.29309481323381,-42.7033477608278));
#11438=CARTESIAN_POINT('',(154.43355738817,-3.84398126045539,-43.7626090848693));
#11439=CARTESIAN_POINT('',(154.404704428962,-3.84398126045539,-43.7051717940361));
#11440=CARTESIAN_POINT('',(154.375617059128,-3.84398126045539,-43.6471086043176));
#11441=CARTESIAN_POINT('',(154.2830840157,-3.84398126045539,-43.4635277661504));
#11442=CARTESIAN_POINT('',(154.220534766897,-3.84398126045539,-43.3399454443704));
#11443=CARTESIAN_POINT('',(154.096968947656,-3.84398126045539,-43.0940218593162));
#11444=CARTESIAN_POINT('',(154.036080758906,-3.84398126045539,-42.9723404075848));
#11445=CARTESIAN_POINT('',(153.946030544067,-3.84398126045539,-42.7913254455765));
#11446=CARTESIAN_POINT('',(153.916167810417,-3.84398126045539,-42.731116733916));
#11447=CARTESIAN_POINT('',(153.88654635134,-3.84398126045539,-42.6711888906741));
#11448=CARTESIAN_POINT('',(153.271545354438,-5.1397326627221,-42.7904505549846));
#11449=CARTESIAN_POINT('',(153.545484835513,-4.86873880206277,-43.0069445523597));
#11450=CARTESIAN_POINT('',(153.8122636103,-4.58695849129582,-43.2271649146003));
#11451=CARTESIAN_POINT('',(154.069943877909,-4.29570714942077,-43.4538175081043));
#11452=CARTESIAN_POINT('',(154.070142774042,-4.29580509607575,-43.4537172420106));
#11453=CARTESIAN_POINT('',(154.069943877909,-4.29570714942076,-43.4538175081043));
#11454=CARTESIAN_POINT('',(154.190417157595,-4.15538517372815,-43.5557271227965));
#11455=CARTESIAN_POINT('',(154.310275749314,-4.00760868803535,-43.657527139856));
#11456=CARTESIAN_POINT('',(154.427034167793,-3.85209031149631,-43.7565701061854));
#11457=CARTESIAN_POINT('',(154.42705196226,-3.85209816502534,-43.7565616752264));
#11458=CARTESIAN_POINT('',(154.427034563432,-3.85209097685277,-43.756571464808));
#11459=CARTESIAN_POINT('',(154.27375938386,-4.11165422475639,-43.6740899739976));
#11460=CARTESIAN_POINT('',(154.112021203071,-4.35179183876268,-43.5853960521455));
#11461=CARTESIAN_POINT('',(153.946933222502,-4.57361407891404,-43.4924236665469));
#11462=CARTESIAN_POINT('',(153.946879155669,-4.57358660456709,-43.4924541203539));
#11463=CARTESIAN_POINT('',(153.94693515196,-4.57361594023084,-43.492429466975));
#11464=CARTESIAN_POINT('',(153.858818454186,-4.76523817701696,-43.52030220978));
#11465=CARTESIAN_POINT('',(153.765095917877,-4.95395552311781,-43.5503359389444));
#11466=CARTESIAN_POINT('',(153.665677836749,-5.13973266581258,-43.5824887674635));
#11467=CARTESIAN_POINT('',(141.353865063088,-14.,-29.0974560852573));
#11468=CARTESIAN_POINT('',(161.715077831854,-14.,-76.4942977510748));
#11469=CARTESIAN_POINT('',(162.663626886232,-13.4425914184347,-76.0868104916078));
#11470=CARTESIAN_POINT('',(163.612175940609,-12.8851828368694,-75.6793232321408));
#11471=CARTESIAN_POINT('',(164.560724994987,-12.3277742553041,-75.2718359726739));
#11472=CARTESIAN_POINT('',(164.560724995833,-12.3277742554549,-75.2718359753168));
#11473=CARTESIAN_POINT('',(157.625563485353,-12.3277742553041,-59.1281634060176));
#11474=CARTESIAN_POINT('',(154.779499297891,-51.4257255443649,-82.9670398665566));
#11475=CARTESIAN_POINT('',(171.241336151328,-0.500000000574867,-101.560388419829));
#11476=CARTESIAN_POINT('',(171.149798813411,-2.59551021403292,-101.64143206393));
#11477=CARTESIAN_POINT('',(170.370542116757,-4.49531005417364,-102.350726490991));
#11478=CARTESIAN_POINT('',(169.189408845422,-6.00000000000008,-103.1922516045));
#11479=CARTESIAN_POINT('',(171.241336151328,-0.500000000000014,-101.560388419829));
#11480=CARTESIAN_POINT('',(154.779499297891,-0.500000000000014,-82.9670398665566));
#11481=CARTESIAN_POINT('',(173.840354251181,-0.499961330883805,-98.8851606872492));
#11482=CARTESIAN_POINT('',(173.839972849447,-0.499913765311395,-98.8856777166705));
#11483=CARTESIAN_POINT('',(173.813836665528,-1.04965245639566,-98.9169723567662));
#11484=CARTESIAN_POINT('',(173.681890441905,-2.13976106068851,-99.0760276969839));
#11485=CARTESIAN_POINT('',(173.278723614262,-3.53369712749366,-99.5388334488738));
#11486=CARTESIAN_POINT('',(172.877222280855,-4.50589269022965,-99.9746029172825));
#11487=CARTESIAN_POINT('',(172.566774926316,-5.12879326400976,-100.29847242228));
#11488=CARTESIAN_POINT('',(172.338928778806,-5.53000343435146,-100.527949209123));
#11489=CARTESIAN_POINT('',(172.200353083833,-5.7604759438019,-100.66530692571));
#11490=CARTESIAN_POINT('',(172.018362985803,-6.05284571056194,-100.843098766158));
#11491=CARTESIAN_POINT('',(171.832183015165,-6.33407060975723,-101.020745787883));
#11492=CARTESIAN_POINT('',(171.702229598601,-6.51192692813986,-101.142080305591));
#11493=CARTESIAN_POINT('',(171.644372467996,-6.58551339301294,-101.195609090962));
#11494=CARTESIAN_POINT('',(171.644269034386,-6.5857870110448,-101.195704785338));
#11495=CARTESIAN_POINT('',(171.644322317836,-6.58586673506408,-101.195655489214));
#11496=CARTESIAN_POINT('',(170.426711361394,-8.09621824073096,-102.322169631189));
#11497=CARTESIAN_POINT('',(169.088126932845,-9.74038215776301,-103.333397379247));
#11498=CARTESIAN_POINT('',(167.651883306409,-11.5183584861603,-104.203951434624));
#11499=CARTESIAN_POINT('',(167.651554170961,-11.5186338945197,-104.203871857698));
#11500=CARTESIAN_POINT('',(167.651594809277,-11.5183860120451,-104.204126299455));
#11501=CARTESIAN_POINT('',(167.575198957187,-11.5533924613816,-104.250430895328));
#11502=CARTESIAN_POINT('',(167.498553246448,-11.588398910718,-104.296323260712));
#11503=CARTESIAN_POINT('',(167.42166214022,-11.6234053600545,-104.341800723247));
#11504=CARTESIAN_POINT('',(171.666671845771,-6.55814386168139,-101.174977673443));
#11505=CARTESIAN_POINT('',(171.659279459709,-6.56731354902739,-101.181817120286));
#11506=CARTESIAN_POINT('',(171.651887073647,-6.5764832363734,-101.18865656713));
#11507=CARTESIAN_POINT('',(171.644494687585,-6.5856529237194,-101.195496013973));
#11508=CARTESIAN_POINT('',(170.405037957848,-8.1231038353994,-102.342243268029));
#11509=CARTESIAN_POINT('',(169.012624106911,-9.83247672490969,-103.379329416725));
#11510=CARTESIAN_POINT('',(167.626502514723,-11.5496456274024,-104.219069324536));
#11511=CARTESIAN_POINT('',(171.930842465727,-7.71446236176698,-99.8371472534889));
#11512=CARTESIAN_POINT('',(171.923971093775,-7.72335407748046,-99.8439621017248));
#11513=CARTESIAN_POINT('',(171.917099721824,-7.73224579319394,-99.8507769499607));
#11514=CARTESIAN_POINT('',(171.910228349872,-7.74113750890742,-99.8575917981966));
#11515=CARTESIAN_POINT('',(170.758128319324,-9.2319818435342,-101.000214685752));
#11516=CARTESIAN_POINT('',(169.452022317756,-10.8938539388865,-102.046843854691));
#11517=CARTESIAN_POINT('',(168.140897942444,-12.5673420675404,-102.905246901516));
#11518=CARTESIAN_POINT('',(171.644478850497,-6.5856725684098,-101.195510666457));
#11519=CARTESIAN_POINT('',(171.733059195406,-6.9708134644522,-100.749553771042));
#11520=CARTESIAN_POINT('',(171.821639168273,-7.35595455898763,-100.30359689319));
#11521=CARTESIAN_POINT('',(171.9102187691,-7.74109585201603,-99.8576400329012));
#11522=CARTESIAN_POINT('',(171.910372623758,-7.7409412354163,-99.8575370613788));
#11523=CARTESIAN_POINT('',(171.910228349872,-7.74113750890742,-99.8575917981966));
#11524=CARTESIAN_POINT('',(170.8534306816,-9.10865836197121,-100.905696278072));
#11525=CARTESIAN_POINT('',(169.667052147992,-10.6200822409013,-101.873031492687));
#11526=CARTESIAN_POINT('',(168.466081429706,-12.1523751176787,-102.688412440162));
#11527=CARTESIAN_POINT('',(168.466111415582,-12.1524145895135,-102.68838242934));
#11528=CARTESIAN_POINT('',(168.466026724992,-12.1524449142558,-102.688449580991));
#11529=CARTESIAN_POINT('',(168.174368338057,-11.9481719420102,-103.227193388169));
#11530=CARTESIAN_POINT('',(167.901351435385,-11.7378903736975,-103.731678087007));
#11531=CARTESIAN_POINT('',(167.651341922038,-11.5189960248014,-104.203927345392));
#11532=CARTESIAN_POINT('',(168.585737261995,-11.0922198887801,-103.609300445514));
#11533=CARTESIAN_POINT('',(168.557341807652,-11.1051700900484,-103.628123604868));
#11534=CARTESIAN_POINT('',(168.528946353309,-11.1181202913166,-103.646946764221));
#11535=CARTESIAN_POINT('',(168.500550898965,-11.1310704925848,-103.665769923575));
#11536=CARTESIAN_POINT('',(168.126896956286,-11.301481351444,-103.913462657106));
#11537=CARTESIAN_POINT('',(167.784182505611,-11.457819571107,-104.12738643178));
#11538=CARTESIAN_POINT('',(167.421688118003,-11.6233934353278,-104.341785358592));
#11539=CARTESIAN_POINT('',(168.448616580538,-12.3066391172915,-102.554525308541));
#11540=CARTESIAN_POINT('',(168.421814634468,-12.3191370617765,-102.572944381476));
#11541=CARTESIAN_POINT('',(168.395012688398,-12.3316350062615,-102.59136345441));
#11542=CARTESIAN_POINT('',(168.368210742328,-12.3441329507465,-102.609782527345));
#11543=CARTESIAN_POINT('',(168.015525671706,-12.5085925919174,-102.852157913885));
#11544=CARTESIAN_POINT('',(167.691778937073,-12.6594794420161,-103.061933174118));
#11545=CARTESIAN_POINT('',(167.349086073795,-12.8192873824582,-103.272591810663));
#11546=CARTESIAN_POINT('',(168.46601950945,-12.1525088192303,-102.688394076782));
#11547=CARTESIAN_POINT('',(168.416564212964,-12.224182250407,-102.673629889325));
#11548=CARTESIAN_POINT('',(168.367301840098,-12.2958258634953,-102.658937476674));
#11549=CARTESIAN_POINT('',(168.318820119454,-12.3671636603498,-102.643641518983));
#11550=CARTESIAN_POINT('',(168.318808538474,-12.3671751381893,-102.643642723502));
#11551=CARTESIAN_POINT('',(168.318809581678,-12.3671685739811,-102.64364872502));
#11552=CARTESIAN_POINT('',(167.985138568267,-12.5227551409743,-102.87182254815));
#11553=CARTESIAN_POINT('',(167.675718261243,-12.6669690159217,-103.07180592151));
#11554=CARTESIAN_POINT('',(167.349086073795,-12.8192873824582,-103.272591810663));
#11555=CARTESIAN_POINT('',(165.094405871963,-14.,-102.942800605182));
#11556=CARTESIAN_POINT('',(165.731158898136,-14.,-98.4888274663635));
#11557=CARTESIAN_POINT('',(165.765217820783,-14.,-93.9493991383674));
#11558=CARTESIAN_POINT('',(164.908575907111,-14.,-87.2522910737324));
#11559=CARTESIAN_POINT('',(164.473543670542,-14.,-85.0425435750904));
#11560=CARTESIAN_POINT('',(163.308012377154,-14.,-80.6926972149192));
#11561=CARTESIAN_POINT('',(162.571489065386,-14.,-78.541859942606));
#11562=CARTESIAN_POINT('',(161.715077831854,-14.,-76.4942977510745));
#11563=CARTESIAN_POINT('',(168.21445254028,-12.3660600203572,-103.399955294725));
#11564=CARTESIAN_POINT('',(168.903550837929,-12.3734491837129,-98.6609329946613));
#11565=CARTESIAN_POINT('',(168.940559737959,-12.3739261665712,-93.825898338895));
#11566=CARTESIAN_POINT('',(168.013778806945,-12.3642045837765,-86.6991951003683));
#11567=CARTESIAN_POINT('',(167.543138997076,-12.359247524077,-84.3487883935685));
#11568=CARTESIAN_POINT('',(166.282525709437,-12.345933782833,-79.7258711335972));
#11569=CARTESIAN_POINT('',(165.486362542987,-12.3375516100003,-77.4427873053215));
#11570=CARTESIAN_POINT('',(164.560724994987,-12.3277742553041,-75.2718359726739));
#11571=CARTESIAN_POINT('',(168.318788370348,-12.3671794842974,-102.643640097331));
#11572=CARTESIAN_POINT('',(168.922103292966,-12.3736570440805,-98.0211003450977));
#11573=CARTESIAN_POINT('',(168.895917770241,-12.3735109269465,-90.9573179820675));
#11574=CARTESIAN_POINT('',(167.015689939163,-12.3536712688366,-81.8195142988594));
#11575=CARTESIAN_POINT('',(165.461767252551,-12.3372918140586,-77.3851025466775));
#11576=CARTESIAN_POINT('',(164.560724994987,-12.3277742553041,-75.2718359726739));
#11577=CARTESIAN_POINT('',(169.168425511791,-6.00000000000008,-103.352215407093));
#11578=CARTESIAN_POINT('',(169.172867408485,-6.00000000000008,-103.31841015811));
#11579=CARTESIAN_POINT('',(169.17730930518,-6.00000000000008,-103.284604909127));
#11580=CARTESIAN_POINT('',(169.181751201874,-6.00000000000008,-103.250799660144));
#11581=CARTESIAN_POINT('',(169.757018936763,-6.00000000000008,-98.8726994144806));
#11582=CARTESIAN_POINT('',(169.748683095176,-6.00000000000008,-94.4189151845372));
#11583=CARTESIAN_POINT('',(168.861390840016,-6.00000000000008,-87.8554920757576));
#11584=CARTESIAN_POINT('',(168.420476888754,-6.00000000000008,-85.6873820052209));
#11585=CARTESIAN_POINT('',(167.547133586327,-6.00000000000008,-82.4930524124327));
#11586=CARTESIAN_POINT('',(167.220731775583,-6.00000000000008,-81.4379201547831));
#11587=CARTESIAN_POINT('',(166.679272440032,-6.00000000000008,-79.8731637984327));
#11588=CARTESIAN_POINT('',(166.49014558487,-6.00000000000008,-79.3545676907715));
#11589=CARTESIAN_POINT('',(166.1936484851,-6.00000000000008,-78.5815801526047));
#11590=CARTESIAN_POINT('',(166.09268177465,-6.00000000000008,-78.3247353124795));
#11591=CARTESIAN_POINT('',(165.938050477368,-6.00000000000008,-77.940746426712));
#11592=CARTESIAN_POINT('',(165.885976513284,-6.00000000000008,-77.8129631867144));
#11593=CARTESIAN_POINT('',(165.807072865437,-6.00000000000008,-77.621614326681));
#11594=CARTESIAN_POINT('',(165.780639532927,-6.00000000000008,-77.5578857061739));
#11595=CARTESIAN_POINT('',(165.727509072182,-6.00000000000008,-77.4305381946298));
#11596=CARTESIAN_POINT('',(165.700805965216,-6.00000000000008,-77.3668752114026));
#11597=CARTESIAN_POINT('',(165.646157982918,-6.00000000000008,-77.2374627801144));
#11598=CARTESIAN_POINT('',(165.618343910509,-6.00000000000008,-77.1716617886845));
#11599=CARTESIAN_POINT('',(165.562704682975,-6.00000000000008,-77.0399677702109));
#11600=CARTESIAN_POINT('',(165.534885069208,-6.00000000000008,-76.9741207609745));
#11601=CARTESIAN_POINT('',(165.483021213702,-6.00000000000008,-76.8513627744222));
#11602=CARTESIAN_POINT('',(165.458976971961,-6.00000000000008,-76.794451797105));
#11603=CARTESIAN_POINT('',(165.43493273022,-6.00000000000008,-76.7375408197877));
#11604=CARTESIAN_POINT('',(170.329808686161,-4.27668118610932,-103.849820269313));
#11605=CARTESIAN_POINT('',(170.334588407923,-4.27668118610932,-103.815222075889));
#11606=CARTESIAN_POINT('',(170.339368129685,-4.27668118610932,-103.780623882465));
#11607=CARTESIAN_POINT('',(170.344147851447,-4.27668118610932,-103.746025689041));
#11608=CARTESIAN_POINT('',(170.963167135461,-4.27668118610932,-99.2652316204455));
#11609=CARTESIAN_POINT('',(170.984886899415,-4.27668118610932,-94.7029457965738));
#11610=CARTESIAN_POINT('',(170.120581265861,-4.27668118610932,-87.973682062336));
#11611=CARTESIAN_POINT('',(169.683661451479,-4.27668118610932,-85.749785265966));
#11612=CARTESIAN_POINT('',(168.810755121168,-4.27668118610932,-82.4717436987187));
#11613=CARTESIAN_POINT('',(168.483574235039,-4.27668118610932,-81.3887025385136));
#11614=CARTESIAN_POINT('',(167.939561735891,-4.27668118610932,-79.7821673890784));
#11615=CARTESIAN_POINT('',(167.749353131988,-4.27668118610932,-79.2496591023496));
#11616=CARTESIAN_POINT('',(167.450888241458,-4.27668118610932,-78.4558357584372));
#11617=CARTESIAN_POINT('',(167.349208076542,-4.27668118610932,-78.1920510586724));
#11618=CARTESIAN_POINT('',(167.193420452765,-4.27668118610932,-77.7976618975445));
#11619=CARTESIAN_POINT('',(167.140946689268,-4.27668118610932,-77.6664134846476));
#11620=CARTESIAN_POINT('',(167.061421826036,-4.27668118610932,-77.469869417487));
#11621=CARTESIAN_POINT('',(167.0347778357,-4.27668118610932,-77.4044094866302));
#11622=CARTESIAN_POINT('',(166.981218890663,-4.27668118610932,-77.273600233983));
#11623=CARTESIAN_POINT('',(166.954187244054,-4.27668118610932,-77.2073418328195));
#11624=CARTESIAN_POINT('',(166.899313733528,-4.27668118610932,-77.0761670994489));
#11625=CARTESIAN_POINT('',(166.8716144935,-4.27668118610932,-77.011263420724));
#11626=CARTESIAN_POINT('',(166.815975265966,-4.27668118610932,-76.8795694022504));
#11627=CARTESIAN_POINT('',(166.7881556522,-4.27668118610932,-76.8137223930139));
#11628=CARTESIAN_POINT('',(166.736291796693,-4.27668118610932,-76.6909644064617));
#11629=CARTESIAN_POINT('',(166.712247554952,-4.27668118610932,-76.6340534291445));
#11630=CARTESIAN_POINT('',(166.688203313211,-4.27668118610932,-76.5771424518272));
#11631=CARTESIAN_POINT('',(170.964748357809,-2.21316198933001,-104.121865770575));
#11632=CARTESIAN_POINT('',(170.969712771878,-2.21316198933001,-104.08683406658));
#11633=CARTESIAN_POINT('',(170.974677185947,-2.21316198933001,-104.051802362585));
#11634=CARTESIAN_POINT('',(170.979641600016,-2.21316198933001,-104.01677065859));
#11635=CARTESIAN_POINT('',(171.622580288795,-2.21316198933001,-99.4798328609897));
#11636=CARTESIAN_POINT('',(171.660731749656,-2.21316198933001,-94.8582281422497));
#11637=CARTESIAN_POINT('',(170.808993129553,-2.21316198933001,-88.0382976973187));
#11638=CARTESIAN_POINT('',(170.37425694932,-2.21316198933001,-85.7839017460061));
#11639=CARTESIAN_POINT('',(169.501589515988,-2.21316198933001,-82.4600940141121));
#11640=CARTESIAN_POINT('',(169.173982701638,-2.21316198933001,-81.3617947807614));
#11641=CARTESIAN_POINT('',(168.628574362693,-2.21316198933001,-79.7324187518054));
#11642=CARTESIAN_POINT('',(168.437774356049,-2.21316198933001,-79.1923045391393));
#11643=CARTESIAN_POINT('',(168.138233654843,-2.21316198933001,-78.3870900540854));
#11644=CARTESIAN_POINT('',(168.036163437312,-2.21316198933001,-78.1195112643957));
#11645=CARTESIAN_POINT('',(167.8797436384,-2.21316198933001,-77.7194361698326));
#11646=CARTESIAN_POINT('',(167.827051300608,-2.21316198933001,-77.5862933126287));
#11647=CARTESIAN_POINT('',(167.74718681278,-2.21316198933001,-77.3869089743325));
#11648=CARTESIAN_POINT('',(167.720427653725,-2.21316198933001,-77.3205025189787));
#11649=CARTESIAN_POINT('',(167.666634452087,-2.21316198933001,-77.1878006982214));
#11650=CARTESIAN_POINT('',(167.639423189605,-2.21316198933001,-77.1201233563942));
#11651=CARTESIAN_POINT('',(167.584426380565,-2.21316198933001,-76.9879851550398));
#11652=CARTESIAN_POINT('',(167.556789920536,-2.21316198933001,-76.9235720460483));
#11653=CARTESIAN_POINT('',(167.501150693002,-2.21316198933001,-76.7918780275746));
#11654=CARTESIAN_POINT('',(167.473331079235,-2.21316198933001,-76.7260310183382));
#11655=CARTESIAN_POINT('',(167.421467223729,-2.21316198933001,-76.6032730317859));
#11656=CARTESIAN_POINT('',(167.397422981988,-2.21316198933001,-76.5463620544687));
#11657=CARTESIAN_POINT('',(167.373378740247,-2.21316198933001,-76.4894510771514));
#11658=CARTESIAN_POINT('',(170.947009092288,6.67472765383433E-11,-104.114265225837));
#11659=CARTESIAN_POINT('',(170.95196834633,6.67472765383433E-11,-104.079245633479));
#11660=CARTESIAN_POINT('',(170.956927600372,6.67472765383433E-11,-104.044226041121));
#11661=CARTESIAN_POINT('',(170.961886854413,6.67472765383433E-11,-104.009206448763));
#11662=CARTESIAN_POINT('',(171.60415727077,6.67472765383433E-11,-99.4738372230459));
#11663=CARTESIAN_POINT('',(171.641849654576,6.67472765383433E-11,-94.8538897855777));
#11664=CARTESIAN_POINT('',(170.789759930898,6.67472765383433E-11,-88.036492433044));
#11665=CARTESIAN_POINT('',(170.354962743191,6.67472765383433E-11,-85.7829485825401));
#11666=CARTESIAN_POINT('',(169.482288635435,6.67472765383433E-11,-82.4604194888898));
#11667=CARTESIAN_POINT('',(169.154693720882,6.67472765383433E-11,-81.3625465432999));
#11668=CARTESIAN_POINT('',(168.609324379615,6.67472765383433E-11,-79.7338086543825));
#11669=CARTESIAN_POINT('',(168.41854089588,6.67472765383433E-11,-79.1939069399202));
#11670=CARTESIAN_POINT('',(168.119030251217,6.67472765383433E-11,-78.389010706326));
#11671=CARTESIAN_POINT('',(168.016970931172,6.67472765383433E-11,-78.1215379178386));
#11672=CARTESIAN_POINT('',(167.860568794289,6.67472765383433E-11,-77.7216216797581));
#11673=CARTESIAN_POINT('',(167.807882563136,6.67472765383433E-11,-77.588531750497));
#11674=CARTESIAN_POINT('',(167.728027563911,6.67472765383433E-11,-77.3892267651316));
#11675=CARTESIAN_POINT('',(167.701271622499,6.67472765383433E-11,-77.3228467542576));
#11676=CARTESIAN_POINT('',(167.64748496564,6.67472765383433E-11,-77.190197809025));
#11677=CARTESIAN_POINT('',(167.620278721357,6.67472765383433E-11,-77.1225601102793));
#11678=CARTESIAN_POINT('',(167.565285357093,6.67472765383433E-11,-76.9904488267805));
#11679=CARTESIAN_POINT('',(167.537647143085,6.67472765383433E-11,-76.9260220120038));
#11680=CARTESIAN_POINT('',(167.482007915551,6.67472765383433E-11,-76.7943279935301));
#11681=CARTESIAN_POINT('',(167.454188301784,6.67472765383433E-11,-76.7284809842937));
#11682=CARTESIAN_POINT('',(167.402324446278,6.67472765383433E-11,-76.6057229977415));
#11683=CARTESIAN_POINT('',(167.378280204537,6.67472765383433E-11,-76.5488120204242));
#11684=CARTESIAN_POINT('',(167.354235962796,6.67472765383433E-11,-76.4919010431069));
#11685=CARTESIAN_POINT('',(167.416943801876,1.08418156309916E-15,-76.6403259527343));
#11686=CARTESIAN_POINT('',(169.026347805653,1.08418156309916E-15,-80.4496685695401));
#11687=CARTESIAN_POINT('',(170.730254620794,2.95685880845225E-15,-86.42386006813));
#11688=CARTESIAN_POINT('',(171.554192172027,-2.03694717915599E-15,-94.6504222609894));
#11689=CARTESIAN_POINT('',(171.475281876404,7.22787708732771E-16,-98.760328769522));
#11690=CARTESIAN_POINT('',(171.312830745032,7.22787708732771E-16,-100.821173695827));
#11691=CARTESIAN_POINT('',(167.416943801875,-7.34829532369542E-15,-76.6403259527346));
#11692=CARTESIAN_POINT('',(171.312830737705,0.,-100.821173687915));
#11693=CARTESIAN_POINT('',(171.312830737705,0.,-100.821173687915));
#11694=CARTESIAN_POINT('',(171.294867052134,-0.168229130871016,-101.067089277842));
#11695=CARTESIAN_POINT('',(171.270977038873,-0.334825484758775,-101.313536091143));
#11696=CARTESIAN_POINT('',(171.241336151351,-0.500000000010957,-101.560388419823));
#11697=CARTESIAN_POINT('',(165.780665529208,-6.00000000000003,-77.5580723399388));
#11698=CARTESIAN_POINT('',(166.331629739905,-5.12584305024019,-77.2752119812825));
#11699=CARTESIAN_POINT('',(167.170987094253,-3.19198358238412,-76.8368007832169));
#11700=CARTESIAN_POINT('',(167.438091248162,-1.07058410225138,-76.6672774636682));
#11701=CARTESIAN_POINT('',(167.416943801869,-6.54604734875647E-13,-76.6403259527166));
#11702=CARTESIAN_POINT('',(154.779499297891,-0.500000000000014,-82.9670398665566));
#11703=CARTESIAN_POINT('',(154.779499297891,0.,-82.9670398665566));
#11704=CARTESIAN_POINT('',(173.425552007232,-4.99763027838123E-11,-98.6018043792996));
#11705=CARTESIAN_POINT('',(173.425552007111,4.86806775445991E-14,-98.6018043794843));
#11706=CARTESIAN_POINT('',(173.563746780178,-0.166642957279542,-98.6963517608289));
#11707=CARTESIAN_POINT('',(173.70214468381,-0.333285914559133,-98.7906312601277));
#11708=CARTESIAN_POINT('',(173.840744918147,-0.499928871838724,-98.8846422517747));
#11709=CARTESIAN_POINT('',(165.763569819855,-6.12615215506218,-77.7699822927935));
#11710=CARTESIAN_POINT('',(165.642137659974,-6.12615215506218,-77.4449656381056));
#11711=CARTESIAN_POINT('',(152.911234608899,-6.12615215506218,-43.3703389092181));
#11712=CARTESIAN_POINT('',(165.769925324475,-6.11764736510087,-77.7694400724169));
#11713=CARTESIAN_POINT('',(165.648493164594,-6.11764736510087,-77.4444234177289));
#11714=CARTESIAN_POINT('',(152.917590113519,-6.11764736510087,-43.3697966888415));
#11715=CARTESIAN_POINT('',(165.776280829095,-6.10914257513956,-77.7688978520403));
#11716=CARTESIAN_POINT('',(165.654848669214,-6.10914257513956,-77.4438811973523));
#11717=CARTESIAN_POINT('',(152.923945618139,-6.10914257513956,-43.3692544684649));
#11718=CARTESIAN_POINT('',(165.782636333715,-6.10063778517825,-77.7683556316636));
#11719=CARTESIAN_POINT('',(165.661204173834,-6.10063778517825,-77.4433389769757));
#11720=CARTESIAN_POINT('',(152.930301122759,-6.10063778517825,-43.3687122480882));
#11721=CARTESIAN_POINT('',(167.084439542977,-4.3585947016118,-77.657292188452));
#11722=CARTESIAN_POINT('',(166.963007383096,-4.3585947016118,-77.332275533764));
#11723=CARTESIAN_POINT('',(154.232104332021,-4.3585947016118,-43.2576488048766));
#11724=CARTESIAN_POINT('',(167.797537107726,-2.25816083963551,-77.5964542136157));
#11725=CARTESIAN_POINT('',(167.676104947846,-2.25816083963551,-77.2714375589277));
#11726=CARTESIAN_POINT('',(154.94520189677,-2.25816083963551,-43.1968108300403));
#11727=CARTESIAN_POINT('',(167.774892587763,3.86955122078644E-15,-77.5983861326178));
#11728=CARTESIAN_POINT('',(167.653460427882,4.09577116402695E-15,-77.2733694779298));
#11729=CARTESIAN_POINT('',(154.922557376807,4.09577116402695E-15,-43.1987427490424));
#11730=CARTESIAN_POINT('',(153.946938616011,-4.5736181325986,-43.4924417558479));
#11731=CARTESIAN_POINT('',(154.812113515428,-3.296061966933,-44.0498727069199));
#11732=CARTESIAN_POINT('',(155.298053655497,-1.83508675408169,-44.3275074807962));
#11733=CARTESIAN_POINT('',(155.341810794028,-0.386215045074712,-44.3307165117115));
#11734=CARTESIAN_POINT('',(155.341754525936,-0.386213376665237,-44.3307304783767));
#11735=CARTESIAN_POINT('',(155.341808646815,-0.386218124129102,-44.330711006705));
#11736=CARTESIAN_POINT('',(155.548313424545,-0.257537247160724,-44.8733101461086));
#11737=CARTESIAN_POINT('',(155.752342454342,-0.128749860875374,-45.4161205041418));
#11738=CARTESIAN_POINT('',(155.953893081185,-6.46843935296409E-10,-45.959142307318));
#11739=CARTESIAN_POINT('',(155.953893082007,-3.08712988324171E-10,-45.9591423089891));
#11740=CARTESIAN_POINT('',(155.953900997249,2.40927715530997E-16,-45.959163494907));
#11741=CARTESIAN_POINT('',(151.383249830041,-7.74074495600593,-41.9564367024037));
#11742=CARTESIAN_POINT('',(154.935181610718,-7.74074495600593,-46.9492470014691));
#11743=CARTESIAN_POINT('',(157.95947531508,-7.74074495600593,-52.315919671584));
#11744=CARTESIAN_POINT('',(160.390673718544,-7.74074495600593,-57.9402994933954));
#11745=CARTESIAN_POINT('',(148.090420995958,-12.3552803239221,-41.9615971421901));
#11746=CARTESIAN_POINT('',(151.642352776634,-12.3552803239221,-46.9544074412555));
#11747=CARTESIAN_POINT('',(154.666646480996,-12.3552803239221,-52.3210801113703));
#11748=CARTESIAN_POINT('',(157.09784488446,-12.3552803239221,-57.9454599331817));
#11749=CARTESIAN_POINT('',(160.390673718544,-7.74074495600593,-57.9402994933954));
#11750=CARTESIAN_POINT('',(160.390673718544,-7.74074495600593,-57.9402994933954));
#11751=CARTESIAN_POINT('',(151.383249830041,-7.74074495600593,-41.9564367024037));
#11752=CARTESIAN_POINT('',(154.935181610718,-7.74074495600593,-46.9492470014691));
#11753=CARTESIAN_POINT('',(157.95947531508,-7.74074495600593,-52.315919671584));
#11754=CARTESIAN_POINT('',(160.390673718544,-7.74074495600593,-57.9402994933954));
#11755=CARTESIAN_POINT('',(158.425371572872,8.08554582662491E-7,-20.4397073521323));
#11756=CARTESIAN_POINT('',(156.804547336327,8.08554582662491E-7,-23.2428498167238));
#11757=CARTESIAN_POINT('',(155.183723099782,8.08554582662491E-7,-26.0459922813153));
#11758=CARTESIAN_POINT('',(153.562898863237,8.08554582662491E-7,-28.8491347459068));
#11759=CARTESIAN_POINT('',(152.987996728069,8.08554582662491E-7,-29.8434020771439));
#11760=CARTESIAN_POINT('',(152.54978272861,8.08554582662491E-7,-30.9164700196158));
#11761=CARTESIAN_POINT('',(151.978903050975,8.08554582662491E-7,-33.1413226824608));
#11762=CARTESIAN_POINT('',(151.84631438034,8.08554582662491E-7,-34.2928600364613));
#11763=CARTESIAN_POINT('',(151.896617218303,8.08554582662491E-7,-36.5892360215397));
#11764=CARTESIAN_POINT('',(152.079504085783,8.08554582662491E-7,-37.7338627846756));
#11765=CARTESIAN_POINT('',(152.747261606533,8.08554582662491E-7,-39.9315827102882));
#11766=CARTESIAN_POINT('',(153.232044493816,8.08554582662491E-7,-40.9844321157356));
#11767=CARTESIAN_POINT('',(153.849933753642,8.08554582662491E-7,-41.9525709764577));
#11768=CARTESIAN_POINT('',(153.892069504385,8.08554582662491E-7,-42.0185913143603));
#11769=CARTESIAN_POINT('',(153.934205255128,8.08554582662491E-7,-42.0846116522629));
#11770=CARTESIAN_POINT('',(153.976341005871,8.08554582662491E-7,-42.1506319901655));
#11771=CARTESIAN_POINT('',(158.425430883269,-0.687311703438731,-20.4397072591825));
#11772=CARTESIAN_POINT('',(156.804606646724,-0.687311703438731,-23.2428497237741));
#11773=CARTESIAN_POINT('',(155.18378241018,-0.687311703438731,-26.0459921883656));
#11774=CARTESIAN_POINT('',(153.562958173635,-0.687311703438731,-28.8491346529571));
#11775=CARTESIAN_POINT('',(152.988056038467,-0.687311703438731,-29.8434019841942));
#11776=CARTESIAN_POINT('',(152.549842039008,-0.687311703438731,-30.916469926666));
#11777=CARTESIAN_POINT('',(151.978962361372,-0.687311703438731,-33.141322589511));
#11778=CARTESIAN_POINT('',(151.846373690737,-0.687311703438731,-34.2928599435115));
#11779=CARTESIAN_POINT('',(151.8966765287,-0.687311703438731,-36.5892359285899));
#11780=CARTESIAN_POINT('',(152.079563396181,-0.687311703438731,-37.7338626917258));
#11781=CARTESIAN_POINT('',(152.74732091693,-0.687311703438731,-39.9315826173384));
#11782=CARTESIAN_POINT('',(153.232103804214,-0.687311703438731,-40.9844320227858));
#11783=CARTESIAN_POINT('',(153.84999306404,-0.687311703438731,-41.9525708835079));
#11784=CARTESIAN_POINT('',(153.892128814783,-0.687311703438731,-42.0185912214105));
#11785=CARTESIAN_POINT('',(153.934264565526,-0.687311703438731,-42.0846115593131));
#11786=CARTESIAN_POINT('',(153.976400316269,-0.687311703438731,-42.1506318972157));
#11787=CARTESIAN_POINT('',(158.372673097873,-1.37144565322162,-20.4397899398772));
#11788=CARTESIAN_POINT('',(156.751848861329,-1.37144565322162,-23.2429324044687));
#11789=CARTESIAN_POINT('',(155.131024624784,-1.37144565322162,-26.0460748690601));
#11790=CARTESIAN_POINT('',(153.510200388239,-1.37144565322162,-28.8492173336515));
#11791=CARTESIAN_POINT('',(152.935298253071,-1.37144565322162,-29.8434846648886));
#11792=CARTESIAN_POINT('',(152.497084253612,-1.37144565322162,-30.9165526073605));
#11793=CARTESIAN_POINT('',(151.926204575977,-1.37144565322162,-33.1414052702055));
#11794=CARTESIAN_POINT('',(151.793615905342,-1.37144565322162,-34.292942624206));
#11795=CARTESIAN_POINT('',(151.843918743305,-1.37144565322162,-36.5893186092844));
#11796=CARTESIAN_POINT('',(152.026805610785,-1.37144565322162,-37.7339453724203));
#11797=CARTESIAN_POINT('',(152.694563131534,-1.37144565322162,-39.9316652980329));
#11798=CARTESIAN_POINT('',(153.179346018818,-1.37144565322162,-40.9845147034803));
#11799=CARTESIAN_POINT('',(153.797235278644,-1.37144565322162,-41.9526535642024));
#11800=CARTESIAN_POINT('',(153.839371029387,-1.37144565322162,-42.018673902105));
#11801=CARTESIAN_POINT('',(153.88150678013,-1.37144565322162,-42.0846942400076));
#11802=CARTESIAN_POINT('',(153.923642530873,-1.37144565322162,-42.1507145779102));
#11803=CARTESIAN_POINT('',(158.21610275143,-2.38524269901375,-20.4400353130458));
#11804=CARTESIAN_POINT('',(156.595278514885,-2.38524269901375,-23.2431777776373));
#11805=CARTESIAN_POINT('',(154.97445427834,-2.38524269901375,-26.0463202422288));
#11806=CARTESIAN_POINT('',(153.353630041796,-2.38524269901375,-28.8494627068203));
#11807=CARTESIAN_POINT('',(152.778727906628,-2.38524269901375,-29.8437300380574));
#11808=CARTESIAN_POINT('',(152.340513907169,-2.38524269901375,-30.9167979805292));
#11809=CARTESIAN_POINT('',(151.769634229533,-2.38524269901375,-33.1416506433743));
#11810=CARTESIAN_POINT('',(151.637045558898,-2.38524269901375,-34.2931879973748));
#11811=CARTESIAN_POINT('',(151.687348396861,-2.38524269901375,-36.5895639824531));
#11812=CARTESIAN_POINT('',(151.870235264341,-2.38524269901375,-37.734190745589));
#11813=CARTESIAN_POINT('',(152.537992785091,-2.38524269901375,-39.9319106712016));
#11814=CARTESIAN_POINT('',(153.022775672374,-2.38524269901375,-40.984760076649));
#11815=CARTESIAN_POINT('',(153.6406649322,-2.38524269901375,-41.9528989373711));
#11816=CARTESIAN_POINT('',(153.682800682943,-2.38524269901375,-42.0189192752737));
#11817=CARTESIAN_POINT('',(153.724936433686,-2.38524269901375,-42.0849396131763));
#11818=CARTESIAN_POINT('',(153.76707218443,-2.38524269901375,-42.150959951079));
#11819=CARTESIAN_POINT('',(158.150806928878,-2.72233597131861,-20.4401376430413));
#11820=CARTESIAN_POINT('',(156.529982692333,-2.72233597131861,-23.2432801076329));
#11821=CARTESIAN_POINT('',(154.909158455788,-2.72233597131861,-26.0464225722244));
#11822=CARTESIAN_POINT('',(153.288334219243,-2.72233597131861,-28.849565036816));
#11823=CARTESIAN_POINT('',(152.713432084075,-2.72233597131861,-29.8438323680531));
#11824=CARTESIAN_POINT('',(152.275218084616,-2.72233597131861,-30.916900310525));
#11825=CARTESIAN_POINT('',(151.704338406981,-2.72233597131861,-33.14175297337));
#11826=CARTESIAN_POINT('',(151.571749736345,-2.72233597131861,-34.2932903273705));
#11827=CARTESIAN_POINT('',(151.622052574309,-2.72233597131861,-36.5896663124489));
#11828=CARTESIAN_POINT('',(151.804939441789,-2.72233597131861,-37.7342930755848));
#11829=CARTESIAN_POINT('',(152.472696962538,-2.72233597131861,-39.9320130011974));
#11830=CARTESIAN_POINT('',(152.957479849822,-2.72233597131861,-40.9848624066447));
#11831=CARTESIAN_POINT('',(153.575369109648,-2.72233597131861,-41.9530012673669));
#11832=CARTESIAN_POINT('',(153.617504860391,-2.72233597131861,-42.0190216052695));
#11833=CARTESIAN_POINT('',(153.659640611134,-2.72233597131861,-42.0850419431721));
#11834=CARTESIAN_POINT('',(153.701776361877,-2.72233597131861,-42.1510622810747));
#11835=CARTESIAN_POINT('',(157.993536775756,-3.39383037774066,-20.44038411293));
#11836=CARTESIAN_POINT('',(156.372712539211,-3.39383037774066,-23.2435265775215));
#11837=CARTESIAN_POINT('',(154.751888302667,-3.39383037774066,-26.046669042113));
#11838=CARTESIAN_POINT('',(153.131064066122,-3.39383037774066,-28.8498115067045));
#11839=CARTESIAN_POINT('',(152.556161930954,-3.39383037774066,-29.8440788379416));
#11840=CARTESIAN_POINT('',(152.117947931495,-3.39383037774066,-30.9171467804134));
#11841=CARTESIAN_POINT('',(151.547068253859,-3.39383037774066,-33.1419994432584));
#11842=CARTESIAN_POINT('',(151.414479583224,-3.39383037774066,-34.293536797259));
#11843=CARTESIAN_POINT('',(151.464782421188,-3.39383037774066,-36.5899127823373));
#11844=CARTESIAN_POINT('',(151.647669288668,-3.39383037774066,-37.7345395454732));
#11845=CARTESIAN_POINT('',(152.315426809417,-3.39383037774066,-39.9322594710858));
#11846=CARTESIAN_POINT('',(152.800209696701,-3.39383037774066,-40.9851088765333));
#11847=CARTESIAN_POINT('',(153.418098956527,-3.39383037774066,-41.9532477372553));
#11848=CARTESIAN_POINT('',(153.46023470727,-3.39383037774066,-42.0192680751579));
#11849=CARTESIAN_POINT('',(153.502370458013,-3.39383037774066,-42.0852884130605));
#11850=CARTESIAN_POINT('',(153.544506208756,-3.39383037774066,-42.1513087509631));
#11851=CARTESIAN_POINT('',(157.901618982411,-3.72771844433282,-20.4405281642189));
#11852=CARTESIAN_POINT('',(156.280794745866,-3.72771844433282,-23.2436706288104));
#11853=CARTESIAN_POINT('',(154.659970509322,-3.72771844433282,-26.0468130934019));
#11854=CARTESIAN_POINT('',(153.039146272777,-3.72771844433282,-28.8499555579934));
#11855=CARTESIAN_POINT('',(152.464244137609,-3.72771844433282,-29.8442228892305));
#11856=CARTESIAN_POINT('',(152.02603013815,-3.72771844433282,-30.9172908317024));
#11857=CARTESIAN_POINT('',(151.455150460514,-3.72771844433282,-33.1421434945474));
#11858=CARTESIAN_POINT('',(151.322561789879,-3.72771844433282,-34.2936808485479));
#11859=CARTESIAN_POINT('',(151.372864627843,-3.72771844433282,-36.5900568336263));
#11860=CARTESIAN_POINT('',(151.555751495323,-3.72771844433282,-37.7346835967622));
#11861=CARTESIAN_POINT('',(152.223509016072,-3.72771844433282,-39.9324035223748));
#11862=CARTESIAN_POINT('',(152.708291903356,-3.72771844433282,-40.9852529278221));
#11863=CARTESIAN_POINT('',(153.326181163182,-3.72771844433282,-41.9533917885443));
#11864=CARTESIAN_POINT('',(153.368316913925,-3.72771844433282,-42.0194121264469));
#11865=CARTESIAN_POINT('',(153.410452664668,-3.72771844433282,-42.0854324643495));
#11866=CARTESIAN_POINT('',(153.452588415411,-3.72771844433282,-42.1514528022521));
#11867=CARTESIAN_POINT('',(157.381347344902,-5.36833013859687,-20.441343521042));
#11868=CARTESIAN_POINT('',(155.760523108357,-5.36833013859687,-23.2444859856336));
#11869=CARTESIAN_POINT('',(154.139698871812,-5.36833013859687,-26.0476284502252));
#11870=CARTESIAN_POINT('',(152.518874635267,-5.36833013859687,-28.8507709148167));
#11871=CARTESIAN_POINT('',(151.943972500099,-5.36833013859687,-29.8450382460539));
#11872=CARTESIAN_POINT('',(151.50575850064,-5.36833013859687,-30.9181061885257));
#11873=CARTESIAN_POINT('',(150.934878823005,-5.36833013859687,-33.1429588513707));
#11874=CARTESIAN_POINT('',(150.802290152369,-5.36833013859687,-34.2944962053712));
#11875=CARTESIAN_POINT('',(150.852592990333,-5.36833013859687,-36.5908721904496));
#11876=CARTESIAN_POINT('',(151.035479857813,-5.36833013859687,-37.7354989535855));
#11877=CARTESIAN_POINT('',(151.703237378562,-5.36833013859687,-39.9332188791981));
#11878=CARTESIAN_POINT('',(152.188020265846,-5.36833013859687,-40.9860682846455));
#11879=CARTESIAN_POINT('',(152.805909525672,-5.36833013859687,-41.9542071453676));
#11880=CARTESIAN_POINT('',(152.848045276415,-5.36833013859687,-42.0202274832702));
#11881=CARTESIAN_POINT('',(152.890181027158,-5.36833013859687,-42.0862478211728));
#11882=CARTESIAN_POINT('',(152.932316777901,-5.36833013859687,-42.1522681590754));
#11883=CARTESIAN_POINT('',(156.764863339695,-6.61097890280864,-20.4423096595048));
#11884=CARTESIAN_POINT('',(155.144039103151,-6.61097890280864,-23.2454521240964));
#11885=CARTESIAN_POINT('',(153.523214866606,-6.61097890280864,-26.048594588688));
#11886=CARTESIAN_POINT('',(151.902390630061,-6.61097890280864,-28.8517370532796));
#11887=CARTESIAN_POINT('',(151.327488494893,-6.61097890280864,-29.8460043845167));
#11888=CARTESIAN_POINT('',(150.889274495434,-6.61097890280864,-30.9190723269885));
#11889=CARTESIAN_POINT('',(150.318394817799,-6.61097890280864,-33.1439249898336));
#11890=CARTESIAN_POINT('',(150.185806147163,-6.61097890280864,-34.2954623438341));
#11891=CARTESIAN_POINT('',(150.236108985127,-6.61097890280864,-36.5918383289124));
#11892=CARTESIAN_POINT('',(150.418995852607,-6.61097890280864,-37.7364650920483));
#11893=CARTESIAN_POINT('',(151.086753373356,-6.61097890280864,-39.9341850176609));
#11894=CARTESIAN_POINT('',(151.57153626064,-6.61097890280864,-40.9870344231083));
#11895=CARTESIAN_POINT('',(152.189425520466,-6.61097890280864,-41.9551732838304));
#11896=CARTESIAN_POINT('',(152.231561271209,-6.61097890280864,-42.021193621733));
#11897=CARTESIAN_POINT('',(152.273697021952,-6.61097890280864,-42.0872139596356));
#11898=CARTESIAN_POINT('',(152.315832772695,-6.61097890280864,-42.1532342975382));
#11899=CARTESIAN_POINT('',(155.958687649271,-7.74074495600593,-20.4435730780781));
#11900=CARTESIAN_POINT('',(154.337863412726,-7.74074495600593,-23.2467155426697));
#11901=CARTESIAN_POINT('',(152.717039176182,-7.74074495600593,-26.0498580072613));
#11902=CARTESIAN_POINT('',(151.096214939637,-7.74074495600593,-28.8530004718529));
#11903=CARTESIAN_POINT('',(150.521312804469,-7.74074495600593,-29.84726780309));
#11904=CARTESIAN_POINT('',(150.08309880501,-7.74074495600593,-30.9203357455618));
#11905=CARTESIAN_POINT('',(149.512219127374,-7.74074495600593,-33.1451884084069));
#11906=CARTESIAN_POINT('',(149.379630456739,-7.74074495600593,-34.2967257624074));
#11907=CARTESIAN_POINT('',(149.429933294702,-7.74074495600593,-36.5931017474857));
#11908=CARTESIAN_POINT('',(149.612820162182,-7.74074495600593,-37.7377285106216));
#11909=CARTESIAN_POINT('',(150.280577682932,-7.74074495600593,-39.9354484362342));
#11910=CARTESIAN_POINT('',(150.765360570216,-7.74074495600593,-40.9882978416816));
#11911=CARTESIAN_POINT('',(151.383249830041,-7.74074495600593,-41.9564367024037));
#11912=CARTESIAN_POINT('',(151.425385580785,-7.74074495600593,-42.0224570403063));
#11913=CARTESIAN_POINT('',(151.467521331528,-7.74074495600593,-42.0884773782089));
#11914=CARTESIAN_POINT('',(151.509657082271,-7.74074495600593,-42.1544977161115));
#11915=CARTESIAN_POINT('',(151.383249830041,-7.74074495600593,-41.9564367024037));
#11916=CARTESIAN_POINT('',(152.189425520466,-6.61097890280864,-41.9551732838304));
#11917=CARTESIAN_POINT('',(152.805909525672,-5.36833013859687,-41.9542071453676));
#11918=CARTESIAN_POINT('',(153.326181163182,-3.72771844433282,-41.9533917885443));
#11919=CARTESIAN_POINT('',(153.418098956527,-3.39383037774066,-41.9532477372553));
#11920=CARTESIAN_POINT('',(153.575369109648,-2.72233597131861,-41.9530012673669));
#11921=CARTESIAN_POINT('',(153.6406649322,-2.38524269901375,-41.9528989373711));
#11922=CARTESIAN_POINT('',(153.797235278644,-1.37144565322162,-41.9526535642024));
#11923=CARTESIAN_POINT('',(153.84999306404,-0.687311703438731,-41.9525708835079));
#11924=CARTESIAN_POINT('',(153.849933753642,8.08554582662491E-7,-41.9525709764577));
#11925=CARTESIAN_POINT('',(152.193386658227,-6.45360387744587,-41.9548962811851));
#11926=CARTESIAN_POINT('',(152.193421224986,-6.45322814355302,-41.9546254321646));
#11927=CARTESIAN_POINT('',(152.130124608066,-6.45265828221257,-41.854945104635));
#11928=CARTESIAN_POINT('',(152.067646840116,-6.45210457359926,-41.7534532370068));
#11929=CARTESIAN_POINT('',(152.006086718474,-6.45156702129866,-41.6501446034549));
#11930=CARTESIAN_POINT('',(153.359219548402,-5.18519673288495,-42.7383034979048));
#11931=CARTESIAN_POINT('',(153.027720969574,-5.51954915143099,-42.4633257564412));
#11932=CARTESIAN_POINT('',(152.685301218696,-5.84080242314654,-42.1916561656693));
#11933=CARTESIAN_POINT('',(152.33034006447,-6.14627901651789,-41.9150732663537));
#11934=CARTESIAN_POINT('',(152.21943884786,-6.24171967374873,-41.8286599231965));
#11935=CARTESIAN_POINT('',(152.10853763125,-6.33716033097956,-41.7422465800393));
#11936=CARTESIAN_POINT('',(151.997636414639,-6.43260098821039,-41.6558332368822));
#11937=CARTESIAN_POINT('',(151.993924699305,-6.43579525930868,-41.6529410979074));
#11938=CARTESIAN_POINT('',(151.99021298397,-6.43898953040697,-41.6500489589326));
#11939=CARTESIAN_POINT('',(151.986501268636,-6.44218380150526,-41.6471568199579));
#11940=CARTESIAN_POINT('',(153.358783264552,-5.18496987135069,-42.7385618971135));
#11941=CARTESIAN_POINT('',(153.027259429982,-5.51929129479424,-42.4635984317119));
#11942=CARTESIAN_POINT('',(152.684809901387,-5.84050658235681,-42.191946729949));
#11943=CARTESIAN_POINT('',(152.329827697689,-6.14594635039054,-41.9153734932825));
#11944=CARTESIAN_POINT('',(152.218919904551,-6.24137550220818,-41.8289631690459));
#11945=CARTESIAN_POINT('',(152.108012111413,-6.33680465402583,-41.7425528448093));
#11946=CARTESIAN_POINT('',(151.997104318275,-6.43223380584348,-41.6561425205727));
#11947=CARTESIAN_POINT('',(151.993392382832,-6.43542769187098,-41.6532504826372));
#11948=CARTESIAN_POINT('',(151.98968044739,-6.43862157789849,-41.6503584447017));
#11949=CARTESIAN_POINT('',(151.985968511948,-6.44181546392599,-41.6474664067662));
#11950=CARTESIAN_POINT('',(153.271526494396,-5.13959756449865,-42.7902417388421));
#11951=CARTESIAN_POINT('',(152.934951511752,-5.46771996744398,-42.51813348585));
#11952=CARTESIAN_POINT('',(152.586546439581,-5.78133842441041,-42.2500595858811));
#11953=CARTESIAN_POINT('',(152.227354341575,-6.07941312491987,-41.9754188790363));
#11954=CARTESIAN_POINT('',(152.115131242818,-6.17254119410036,-41.8896123389203));
#11955=CARTESIAN_POINT('',(152.002908144061,-6.26566926328085,-41.8038057988043));
#11956=CARTESIAN_POINT('',(151.890685045305,-6.35879733246133,-41.7179992586884));
#11957=CARTESIAN_POINT('',(151.886929088343,-6.36191420433181,-41.7151274285995));
#11958=CARTESIAN_POINT('',(151.883173131382,-6.36503107620229,-41.7122555985106));
#11959=CARTESIAN_POINT('',(151.879417174421,-6.36814794807277,-41.7093837684218));
#11960=CARTESIAN_POINT('',(153.271090210545,-5.13937070296439,-42.7905001380507));
#11961=CARTESIAN_POINT('',(152.93448997216,-5.46746211080722,-42.5184061611207));
#11962=CARTESIAN_POINT('',(152.586055122272,-5.78104258362067,-42.2503501501607));
#11963=CARTESIAN_POINT('',(152.226841974794,-6.07908045879252,-41.975719105965));
#11964=CARTESIAN_POINT('',(152.114612299509,-6.17219702255982,-41.8899155847697));
#11965=CARTESIAN_POINT('',(152.002382624225,-6.26531358632712,-41.8041120635743));
#11966=CARTESIAN_POINT('',(151.89015294894,-6.35843015009442,-41.7183085423789));
#11967=CARTESIAN_POINT('',(151.886396771871,-6.36154663689412,-41.7154368133293));
#11968=CARTESIAN_POINT('',(151.882640594802,-6.36466312369381,-41.7125650842797));
#11969=CARTESIAN_POINT('',(151.878884417733,-6.3677796104935,-41.70969335523));
#11970=CARTESIAN_POINT('',(152.494541965759,-6.00236403956502,-42.0440325347809));
#11971=CARTESIAN_POINT('',(152.329214353272,-6.14841298989489,-41.9144781440726));
#11972=CARTESIAN_POINT('',(152.161377047082,-6.29090359102341,-41.7841662573197));
#11973=CARTESIAN_POINT('',(151.991819012559,-6.43282389205356,-41.6554961098255));
#11974=CARTESIAN_POINT('',(152.494597881213,-6.00283000047403,-42.044486465619));
#11975=CARTESIAN_POINT('',(152.494504862036,-6.00234111004166,-42.0440540019893));
#11976=CARTESIAN_POINT('',(152.791035261029,-5.74030334658772,-42.2765006978876));
#11977=CARTESIAN_POINT('',(153.078805423346,-5.46731032667895,-42.5063503049861));
#11978=CARTESIAN_POINT('',(153.358783264552,-5.18496987135069,-42.7385618971135));
#11979=CARTESIAN_POINT('',(153.366431337918,-5.17733312028761,-42.7449602956246));
#11980=CARTESIAN_POINT('',(153.35871385149,-5.18493377752425,-42.7386030086057));
#11981=CARTESIAN_POINT('',(153.329647862089,-5.16981986730602,-42.7558180135761));
#11982=CARTESIAN_POINT('',(153.300581872688,-5.15470595708778,-42.7730330185467));
#11983=CARTESIAN_POINT('',(153.271515883287,-5.13959204686956,-42.790248023517));
#11984=CARTESIAN_POINT('',(154.513528925757,-3.85679663326352,-43.7284845142925));
#11985=CARTESIAN_POINT('',(154.192822477695,-4.29844690086671,-43.449410732795));
#11986=CARTESIAN_POINT('',(153.848162139624,-4.68107541100362,-43.1474668622709));
#11987=CARTESIAN_POINT('',(153.447616127815,-5.09486351539829,-42.812402105481));
#11988=CARTESIAN_POINT('',(153.403330754233,-5.1401262878448,-42.7755654903769));
#11989=CARTESIAN_POINT('',(153.358833077821,-5.18512239190417,-42.738749161979));
#11990=CARTESIAN_POINT('',(154.442869755517,-3.83097788958887,-43.7699619623244));
#11991=CARTESIAN_POINT('',(154.117484417841,-4.26754348151594,-43.4938509802586));
#11992=CARTESIAN_POINT('',(153.768287541587,-4.64475966112445,-43.1948145323651));
#11993=CARTESIAN_POINT('',(153.36169779945,-5.05115786187027,-42.8633016942259));
#11994=CARTESIAN_POINT('',(153.3167329298,-5.09558764350079,-42.8268636872844));
#11995=CARTESIAN_POINT('',(153.27154579429,-5.13973293492784,-42.7904503391506));
#11996=CARTESIAN_POINT('',(153.366445507638,-5.17741999519148,-42.7450494215507));
#11997=CARTESIAN_POINT('',(153.765604606502,-4.77329695881954,-43.0755051979896));
#11998=CARTESIAN_POINT('',(154.150621476871,-4.35513885074084,-43.4126575154256));
#11999=CARTESIAN_POINT('',(154.506864005052,-3.86596179623118,-43.7226845175623));
#12000=CARTESIAN_POINT('',(154.506375681975,-3.86553791726838,-43.7231390881611));
#12001=CARTESIAN_POINT('',(154.506438031845,-3.86543355090349,-43.7232463934934));
#12002=CARTESIAN_POINT('',(154.480027852917,-3.86104389556753,-43.7343226265927));
#12003=CARTESIAN_POINT('',(154.453571665518,-3.85660124367425,-43.7454246103802));
#12004=CARTESIAN_POINT('',(154.427069514439,-3.85210554291166,-43.7565523537526));
#12005=CARTESIAN_POINT('',(153.932469215655,-4.59473956204032,-43.4832051056485));
#12006=CARTESIAN_POINT('',(154.740832761566,-3.40591666790431,-44.0059590975627));
#12007=CARTESIAN_POINT('',(155.29975609198,-1.9307834969727,-44.3316916805952));
#12008=CARTESIAN_POINT('',(155.342517835723,-0.358252205980999,-44.3307749466248));
#12009=CARTESIAN_POINT('',(154.044070236319,-4.64451313083238,-43.4248994142946));
#12010=CARTESIAN_POINT('',(154.847067066306,-3.43784704950655,-43.9512133047834));
#12011=CARTESIAN_POINT('',(155.400885596504,-1.94733880503551,-44.2800673133054));
#12012=CARTESIAN_POINT('',(155.44397929591,-0.36089079214849,-44.2790082117049));
#12013=CARTESIAN_POINT('',(154.044628241423,-4.64476199867634,-43.4246078858378));
#12014=CARTESIAN_POINT('',(154.84759823783,-3.43800670141457,-43.9509395758195));
#12015=CARTESIAN_POINT('',(155.401391244027,-1.94742158157582,-44.2798091914689));
#12016=CARTESIAN_POINT('',(155.444486603211,-0.360903985079328,-44.2787493780303));
#12017=CARTESIAN_POINT('',(154.505766454414,-3.86534475658496,-43.7235165880012));
#12018=CARTESIAN_POINT('',(155.033178934223,-2.85893722846464,-44.0597176645343));
#12019=CARTESIAN_POINT('',(155.383259297365,-1.70902884598353,-44.2644007379437));
#12020=CARTESIAN_POINT('',(155.438897924668,-0.499754458126181,-44.2782587814911));
#12021=CARTESIAN_POINT('',(155.438980710516,-0.499671810119773,-44.2782194777423));
#12022=CARTESIAN_POINT('',(155.438980583752,-0.49967196952887,-44.2782195909571));
#12023=CARTESIAN_POINT('',(155.406866176571,-0.461583624585277,-44.2958910528952));
#12024=CARTESIAN_POINT('',(155.374478664782,-0.423766228217392,-44.3133847040107));
#12025=CARTESIAN_POINT('',(155.341806024289,-0.386219758323339,-44.3307041159189));
#12026=CARTESIAN_POINT('',(160.390673718544,-7.74074495600593,-57.9402994933954));
#12027=CARTESIAN_POINT('',(167.833926116065,-7.74074495600593,-75.2667062929532));
#12028=CARTESIAN_POINT('',(167.833926116065,-7.74074495600593,-75.2667062929532));
#12029=CARTESIAN_POINT('',(160.390673718544,-7.74074495600593,-57.9402994933954));
#12030=CARTESIAN_POINT('',(153.563919157195,-0.453341446648466,-41.5612616498968));
#12031=CARTESIAN_POINT('',(153.586156925551,-0.453341446648466,-41.5925204030854));
#12032=CARTESIAN_POINT('',(153.608394693906,-0.453341446648466,-41.6237791562741));
#12033=CARTESIAN_POINT('',(153.630632462262,-0.453341446648466,-41.6550379094627));
#12034=CARTESIAN_POINT('',(153.70119122828,-0.453341446648466,-41.7542195816946));
#12035=CARTESIAN_POINT('',(153.771749994297,-0.453341446648466,-41.8534012539265));
#12036=CARTESIAN_POINT('',(153.842308760314,-0.453341446648466,-41.9525829261584));
#12037=CARTESIAN_POINT('',(157.394240540991,-0.453341446648466,-46.9453932252237));
#12038=CARTESIAN_POINT('',(160.418534245353,-0.453341446648466,-52.3120658953386));
#12039=CARTESIAN_POINT('',(162.849732648817,-0.453341446648466,-57.93644571715));
#12040=CARTESIAN_POINT('',(153.545877062717,-0.988084140892041,-41.5612899250204));
#12041=CARTESIAN_POINT('',(153.568114831073,-0.988084140892041,-41.592548678209));
#12042=CARTESIAN_POINT('',(153.590352599428,-0.988084140892041,-41.6238074313976));
#12043=CARTESIAN_POINT('',(153.612590367784,-0.988084140892041,-41.6550661845862));
#12044=CARTESIAN_POINT('',(153.683149133802,-0.988084140892041,-41.7542478568181));
#12045=CARTESIAN_POINT('',(153.753707899819,-0.988084140892041,-41.85342952905));
#12046=CARTESIAN_POINT('',(153.824266665836,-0.988084140892041,-41.9526112012819));
#12047=CARTESIAN_POINT('',(157.376198446513,-0.988084140892041,-46.9454215003473));
#12048=CARTESIAN_POINT('',(160.400492150875,-0.988084140892041,-52.3120941704622));
#12049=CARTESIAN_POINT('',(162.831690554339,-0.988084140892041,-57.9364739922736));
#12050=CARTESIAN_POINT('',(153.495870265823,-1.52021202572134,-41.5613682944338));
#12051=CARTESIAN_POINT('',(153.518108034179,-1.52021202572134,-41.5926270476225));
#12052=CARTESIAN_POINT('',(153.540345802534,-1.52021202572134,-41.6238858008111));
#12053=CARTESIAN_POINT('',(153.56258357089,-1.52021202572134,-41.6551445539997));
#12054=CARTESIAN_POINT('',(153.633142336907,-1.52021202572134,-41.7543262262316));
#12055=CARTESIAN_POINT('',(153.703701102925,-1.52021202572134,-41.8535078984635));
#12056=CARTESIAN_POINT('',(153.774259868942,-1.52021202572134,-41.9526895706954));
#12057=CARTESIAN_POINT('',(157.326191649618,-1.52021202572134,-46.9454998697608));
#12058=CARTESIAN_POINT('',(160.35048535398,-1.52021202572134,-52.3121725398755));
#12059=CARTESIAN_POINT('',(162.781683757445,-1.52021202572134,-57.936552361687));
#12060=CARTESIAN_POINT('',(153.362275329081,-2.38524269901375,-41.5615776611096));
#12061=CARTESIAN_POINT('',(153.384513097436,-2.38524269901375,-41.5928364142982));
#12062=CARTESIAN_POINT('',(153.406750865792,-2.38524269901375,-41.6240951674868));
#12063=CARTESIAN_POINT('',(153.428988634148,-2.38524269901375,-41.6553539206755));
#12064=CARTESIAN_POINT('',(153.499547400165,-2.38524269901375,-41.7545355929073));
#12065=CARTESIAN_POINT('',(153.570106166183,-2.38524269901375,-41.8537172651392));
#12066=CARTESIAN_POINT('',(153.6406649322,-2.38524269901375,-41.9528989373711));
#12067=CARTESIAN_POINT('',(157.192596712876,-2.38524269901375,-46.9457092364364));
#12068=CARTESIAN_POINT('',(160.216890417238,-2.38524269901375,-52.3123819065515));
#12069=CARTESIAN_POINT('',(162.648088820703,-2.38524269901375,-57.9367617283628));
#12070=CARTESIAN_POINT('',(153.296979506528,-2.72233597131861,-41.5616799911054));
#12071=CARTESIAN_POINT('',(153.319217274884,-2.72233597131861,-41.592938744294));
#12072=CARTESIAN_POINT('',(153.34145504324,-2.72233597131861,-41.6241974974826));
#12073=CARTESIAN_POINT('',(153.363692811596,-2.72233597131861,-41.6554562506712));
#12074=CARTESIAN_POINT('',(153.434251577613,-2.72233597131861,-41.7546379229031));
#12075=CARTESIAN_POINT('',(153.504810343631,-2.72233597131861,-41.853819595135));
#12076=CARTESIAN_POINT('',(153.575369109648,-2.72233597131861,-41.9530012673669));
#12077=CARTESIAN_POINT('',(157.127300890324,-2.72233597131861,-46.9458115664321));
#12078=CARTESIAN_POINT('',(160.151594594686,-2.72233597131861,-52.3124842365473));
#12079=CARTESIAN_POINT('',(162.58279299815,-2.72233597131861,-57.9368640583585));
#12080=CARTESIAN_POINT('',(153.139709353407,-3.39383037774066,-41.5619264609938));
#12081=CARTESIAN_POINT('',(153.161947121763,-3.39383037774066,-41.5931852141824));
#12082=CARTESIAN_POINT('',(153.184184890119,-3.39383037774066,-41.624443967371));
#12083=CARTESIAN_POINT('',(153.206422658474,-3.39383037774066,-41.6557027205596));
#12084=CARTESIAN_POINT('',(153.276981424492,-3.39383037774066,-41.7548843927915));
#12085=CARTESIAN_POINT('',(153.347540190509,-3.39383037774066,-41.8540660650234));
#12086=CARTESIAN_POINT('',(153.418098956527,-3.39383037774066,-41.9532477372553));
#12087=CARTESIAN_POINT('',(156.970030737203,-3.39383037774066,-46.9460580363207));
#12088=CARTESIAN_POINT('',(159.994324441565,-3.39383037774066,-52.3127307064356));
#12089=CARTESIAN_POINT('',(162.425522845029,-3.39383037774066,-57.937110528247));
#12090=CARTESIAN_POINT('',(153.047791560062,-3.72771844433282,-41.5620705122828));
#12091=CARTESIAN_POINT('',(153.070029328418,-3.72771844433282,-41.5933292654714));
#12092=CARTESIAN_POINT('',(153.092267096774,-3.72771844433282,-41.62458801866));
#12093=CARTESIAN_POINT('',(153.114504865129,-3.72771844433282,-41.6558467718486));
#12094=CARTESIAN_POINT('',(153.185063631147,-3.72771844433282,-41.7550284440805));
#12095=CARTESIAN_POINT('',(153.255622397164,-3.72771844433282,-41.8542101163124));
#12096=CARTESIAN_POINT('',(153.326181163182,-3.72771844433282,-41.9533917885443));
#12097=CARTESIAN_POINT('',(156.878112943858,-3.72771844433282,-46.9462020876095));
#12098=CARTESIAN_POINT('',(159.90240664822,-3.72771844433282,-52.3128747577246));
#12099=CARTESIAN_POINT('',(162.333605051684,-3.72771844433282,-57.9372545795359));
#12100=CARTESIAN_POINT('',(152.527519922552,-5.36833013859687,-41.562885869106));
#12101=CARTESIAN_POINT('',(152.549757690908,-5.36833013859687,-41.5941446222947));
#12102=CARTESIAN_POINT('',(152.571995459264,-5.36833013859687,-41.6254033754833));
#12103=CARTESIAN_POINT('',(152.59423322762,-5.36833013859687,-41.6566621286719));
#12104=CARTESIAN_POINT('',(152.664791993637,-5.36833013859687,-41.7558438009038));
#12105=CARTESIAN_POINT('',(152.735350759654,-5.36833013859687,-41.8550254731357));
#12106=CARTESIAN_POINT('',(152.805909525672,-5.36833013859687,-41.9542071453676));
#12107=CARTESIAN_POINT('',(156.357841306348,-5.36833013859687,-46.947017444433));
#12108=CARTESIAN_POINT('',(159.38213501071,-5.36833013859687,-52.3136901145478));
#12109=CARTESIAN_POINT('',(161.813333414174,-5.36833013859687,-57.9380699363593));
#12110=CARTESIAN_POINT('',(151.911035917346,-6.61097890280864,-41.5638520075689));
#12111=CARTESIAN_POINT('',(151.933273685702,-6.61097890280864,-41.5951107607575));
#12112=CARTESIAN_POINT('',(151.955511454058,-6.61097890280864,-41.6263695139461));
#12113=CARTESIAN_POINT('',(151.977749222414,-6.61097890280864,-41.6576282671347));
#12114=CARTESIAN_POINT('',(152.048307988431,-6.61097890280864,-41.7568099393666));
#12115=CARTESIAN_POINT('',(152.118866754448,-6.61097890280864,-41.8559916115985));
#12116=CARTESIAN_POINT('',(152.189425520466,-6.61097890280864,-41.9551732838304));
#12117=CARTESIAN_POINT('',(155.741357301142,-6.61097890280864,-46.9479835828959));
#12118=CARTESIAN_POINT('',(158.765651005504,-6.61097890280864,-52.3146562530105));
#12119=CARTESIAN_POINT('',(161.196849408968,-6.61097890280864,-57.9390360748221));
#12120=CARTESIAN_POINT('',(151.104860226922,-7.74074495600593,-41.5651154261422));
#12121=CARTESIAN_POINT('',(151.127097995278,-7.74074495600593,-41.5963741793308));
#12122=CARTESIAN_POINT('',(151.149335763633,-7.74074495600593,-41.6276329325194));
#12123=CARTESIAN_POINT('',(151.171573531989,-7.74074495600593,-41.658891685708));
#12124=CARTESIAN_POINT('',(151.242132298007,-7.74074495600593,-41.7580733579399));
#12125=CARTESIAN_POINT('',(151.312691064024,-7.74074495600593,-41.8572550301718));
#12126=CARTESIAN_POINT('',(151.383249830041,-7.74074495600593,-41.9564367024037));
#12127=CARTESIAN_POINT('',(154.935181610718,-7.74074495600593,-46.9492470014691));
#12128=CARTESIAN_POINT('',(157.95947531508,-7.74074495600593,-52.315919671584));
#12129=CARTESIAN_POINT('',(160.390673718544,-7.74074495600593,-57.9402994933954));
#12130=CARTESIAN_POINT('',(160.390673718544,-7.74074495600593,-57.9402994933954));
#12131=CARTESIAN_POINT('',(161.196849408968,-6.61097890280864,-57.9390360748221));
#12132=CARTESIAN_POINT('',(161.813333414174,-5.36833013859687,-57.9380699363593));
#12133=CARTESIAN_POINT('',(162.333605051684,-3.72771844433282,-57.9372545795359));
#12134=CARTESIAN_POINT('',(162.425522845029,-3.39383037774066,-57.937110528247));
#12135=CARTESIAN_POINT('',(162.58279299815,-2.72233597131861,-57.9368640583585));
#12136=CARTESIAN_POINT('',(162.648088820703,-2.38524269901375,-57.9367617283628));
#12137=CARTESIAN_POINT('',(162.804659167146,-1.37144565322162,-57.9365163551941));
#12138=CARTESIAN_POINT('',(162.857416952542,-0.687311703438731,-57.9364336744996));
#12139=CARTESIAN_POINT('',(162.857357642145,8.08554582662491E-7,-57.9364337674494));
#12140=CARTESIAN_POINT('',(162.85747100129,-0.496443113830896,-57.966505000843));
#12141=CARTESIAN_POINT('',(162.848087902532,-0.499708280843877,-57.9364482947557));
#12142=CARTESIAN_POINT('',(160.790140751772,-0.499725340890095,-53.1755563658062));
#12143=CARTESIAN_POINT('',(158.307229889087,-0.499742400933578,-48.5993163597446));
#12144=CARTESIAN_POINT('',(155.43905605728,-0.499759460974327,-44.2781780782283));
#12145=CARTESIAN_POINT('',(173.846391367331,-0.352274713373983,-98.8779902141718));
#12146=CARTESIAN_POINT('',(173.837158280176,-0.633573473025272,-98.8890601228565));
#12147=CARTESIAN_POINT('',(173.816951041369,-0.912180690173132,-98.9132779093995));
#12148=CARTESIAN_POINT('',(173.71573135925,-1.81384919209583,-99.0336367561339));
#12149=CARTESIAN_POINT('',(173.590855460209,-2.42807396207129,-99.1813921281834));
#12150=CARTESIAN_POINT('',(173.075227670969,-4.19511526460865,-99.7670884968231));
#12151=CARTESIAN_POINT('',(172.547782400704,-5.27610267249647,-100.340384136759));
#12152=CARTESIAN_POINT('',(171.805681349691,-6.36234400324024,-101.0453482388));
#12153=CARTESIAN_POINT('',(171.728976694479,-6.47791556934438,-101.117345222173));
#12154=CARTESIAN_POINT('',(171.644370549823,-6.58551656185312,-101.195612015746));
#12155=CARTESIAN_POINT('',(174.509246844165,-0.447632839274812,-97.1124452598572));
#12156=CARTESIAN_POINT('',(174.497006422762,-0.805081872632645,-97.1270021635004));
#12157=CARTESIAN_POINT('',(174.470232782987,-1.15816207591005,-97.1588298628082));
#12158=CARTESIAN_POINT('',(174.337803254498,-2.29054003534184,-97.3151953459504));
#12159=CARTESIAN_POINT('',(174.176298828607,-3.04469789352942,-97.5049498102243));
#12160=CARTESIAN_POINT('',(173.540054792485,-5.14329316535377,-98.226128035181));
#12161=CARTESIAN_POINT('',(172.918393430994,-6.34290677891586,-98.8992117175477));
#12162=CARTESIAN_POINT('',(172.089143622108,-7.50416310479862,-99.6901483451061));
#12163=CARTESIAN_POINT('',(171.992474848187,-7.634058469415,-99.777438745655));
#12164=CARTESIAN_POINT('',(171.910480350612,-7.74074809866566,-99.8574820364576));
#12165=CARTESIAN_POINT('',(174.513249185902,-0.448208614569065,-97.1017848451732));
#12166=CARTESIAN_POINT('',(174.500990606122,-0.806117445619404,-97.1163628033991));
#12167=CARTESIAN_POINT('',(174.474177318217,-1.15964731907539,-97.148236451594));
#12168=CARTESIAN_POINT('',(174.341559343716,-2.29341830930062,-97.3048193439133));
#12169=CARTESIAN_POINT('',(174.179833753654,-3.04842108777454,-97.4948273999965));
#12170=CARTESIAN_POINT('',(173.542861432927,-5.14901829265308,-98.2168236685646));
#12171=CARTESIAN_POINT('',(172.920631191783,-6.34934817489005,-98.8905098741976));
#12172=CARTESIAN_POINT('',(172.090855176019,-7.51105744361845,-99.6819656065069));
#12173=CARTESIAN_POINT('',(171.994065858136,-7.64103929577037,-99.7693483491786));
#12174=CARTESIAN_POINT('',(171.912087129766,-7.74772342218167,-99.849402366526));
#12175=CARTESIAN_POINT('',(173.840529373177,-0.49985664554619,-98.8850144913761));
#12176=CARTESIAN_POINT('',(174.062438992035,-0.509476539287673,-98.2954162175866));
#12177=CARTESIAN_POINT('',(174.284708558251,-0.509525629392553,-97.7054068877986));
#12178=CARTESIAN_POINT('',(174.507170124257,-0.499909910536742,-97.1151814053797));
#12179=CARTESIAN_POINT('',(174.507339833604,-0.499763272844867,-97.1152477594004));
#12180=CARTESIAN_POINT('',(174.507356516114,-0.499789130626059,-97.1146932013198));
#12181=CARTESIAN_POINT('',(174.479668140277,-1.22376204573753,-97.1476174742873));
#12182=CARTESIAN_POINT('',(174.299746175119,-2.66172868139456,-97.3623907200164));
#12183=CARTESIAN_POINT('',(173.722030878074,-4.60651098653257,-98.0248523816723));
#12184=CARTESIAN_POINT('',(173.056844900428,-6.01272322649058,-98.7382644533346));
#12185=CARTESIAN_POINT('',(172.504344825331,-6.91020261796031,-99.2901728344312));
#12186=CARTESIAN_POINT('',(172.176272837339,-7.38689663864013,-99.609779628485));
#12187=CARTESIAN_POINT('',(171.990968547587,-7.63601838177825,-99.7789092981721));
#12188=CARTESIAN_POINT('',(171.910482068676,-7.74074586315438,-99.8574803592794));
#12189=CARTESIAN_POINT('',(167.833926116065,-7.74074495600593,-75.2667062929532));
#12190=CARTESIAN_POINT('',(168.905533376028,-7.74074495600593,-77.7611942296608));
#12191=CARTESIAN_POINT('',(169.781824871085,-7.74074495600593,-80.3395585537413));
#12192=CARTESIAN_POINT('',(171.122454534394,-7.74074495600593,-85.6013035903376));
#12193=CARTESIAN_POINT('',(171.586779397463,-7.74074495600593,-88.2846320827536));
#12194=CARTESIAN_POINT('',(172.09215130044,-7.74074495600593,-93.6909106516855));
#12195=CARTESIAN_POINT('',(172.133193324924,-7.74074495600593,-96.413807074416));
#12196=CARTESIAN_POINT('',(171.883400411329,-7.74074495600593,-100.369481118693));
#12197=CARTESIAN_POINT('',(171.759836870679,-7.74074495600593,-101.612788885605));
#12198=CARTESIAN_POINT('',(171.591855063699,-7.74074495600593,-102.850066504315));
#12199=CARTESIAN_POINT('',(164.505924954824,-12.404570449773,-75.2719218539394));
#12200=CARTESIAN_POINT('',(165.577532214788,-12.404570449773,-77.7664097906471));
#12201=CARTESIAN_POINT('',(166.453823709844,-12.404570449773,-80.3447741147276));
#12202=CARTESIAN_POINT('',(167.794453373153,-12.404570449773,-85.6065191513239));
#12203=CARTESIAN_POINT('',(168.258778236222,-12.404570449773,-88.2898476437399));
#12204=CARTESIAN_POINT('',(168.7641501392,-12.404570449773,-93.6961262126717));
#12205=CARTESIAN_POINT('',(168.805192163684,-12.404570449773,-96.4190226354023));
#12206=CARTESIAN_POINT('',(168.555399250088,-12.404570449773,-100.374696679679));
#12207=CARTESIAN_POINT('',(168.431835709439,-12.404570449773,-101.618004446591));
#12208=CARTESIAN_POINT('',(168.263853902458,-12.404570449773,-102.855282065301));
#12209=CARTESIAN_POINT('',(167.833926116065,-7.74074495600593,-75.2667062929532));
#12210=CARTESIAN_POINT('',(168.905533376028,-7.74074495600593,-77.7611942296608));
#12211=CARTESIAN_POINT('',(169.781824871085,-7.74074495600593,-80.3395585537413));
#12212=CARTESIAN_POINT('',(171.122454534394,-7.74074495600593,-85.6013035903376));
#12213=CARTESIAN_POINT('',(171.586779397463,-7.74074495600593,-88.2846320827536));
#12214=CARTESIAN_POINT('',(172.09215130044,-7.74074495600593,-93.6909106516855));
#12215=CARTESIAN_POINT('',(172.133193324924,-7.74074495600593,-96.413807074416));
#12216=CARTESIAN_POINT('',(171.79099089075,-7.74074495600593,-101.832861071052));
#12217=CARTESIAN_POINT('',(171.40774980314,-7.74074495600593,-104.528964857092));
#12218=CARTESIAN_POINT('',(170.804565760562,-7.74074495600593,-107.234763979322));
#12219=CARTESIAN_POINT('',(170.792007912375,-7.74074495600593,-107.290662556776));
#12220=CARTESIAN_POINT('',(170.779357929723,-7.74074495600593,-107.346540276095));
#12221=CARTESIAN_POINT('',(154.978446149096,0.,-44.4604494346499));
#12222=CARTESIAN_POINT('',(157.855017399196,0.,-48.782052791356));
#12223=CARTESIAN_POINT('',(160.344672164503,0.,-53.363218115369));
#12224=CARTESIAN_POINT('',(162.404806173966,0.,-58.1280615684773));
#12225=CARTESIAN_POINT('',(155.38180079252,-0.499759775874746,-44.1920318684385));
#12226=CARTESIAN_POINT('',(158.273909810876,-0.49974075738837,-48.5380884521464));
#12227=CARTESIAN_POINT('',(160.776872984929,-0.499723301884276,-53.1448622904176));
#12228=CARTESIAN_POINT('',(162.848087902532,-0.499708280843877,-57.9364482947557));
#12229=CARTESIAN_POINT('',(162.848087759744,-0.499708119879376,-57.9364483564775));
#12230=CARTESIAN_POINT('',(162.700329487083,-0.333141289681659,-58.0003184519935));
#12231=CARTESIAN_POINT('',(162.552571214422,-0.166574459483942,-58.0641885475095));
#12232=CARTESIAN_POINT('',(162.404812941761,-7.62928622488831E-6,-58.1280586430255));
#12233=CARTESIAN_POINT('',(162.404807413752,0.,-58.1280457479774));
#12234=CARTESIAN_POINT('',(155.953893080507,0.,-45.9591423074203));
#12235=CARTESIAN_POINT('',(158.42811314015,0.,-49.8475385597577));
#12236=CARTESIAN_POINT('',(160.578415650123,0.,-53.9038406908421));
#12237=CARTESIAN_POINT('',(162.404800610424,0.,-58.1280487006738));
#12238=CARTESIAN_POINT('',(0.,0.,0.));
#12239=CARTESIAN_POINT('',(174.028088459872,0.,-96.9968067511458));
#12240=CARTESIAN_POINT('',(173.827242975618,0.,-97.531805960592));
#12241=CARTESIAN_POINT('',(173.626397491365,0.,-98.0668051700381));
#12242=CARTESIAN_POINT('',(173.425552007111,0.,-98.6018043794843));
#12243=CARTESIAN_POINT('',(174.028088417121,-8.32963184373313E-11,-96.9968066243013));
#12244=CARTESIAN_POINT('',(162.404820201854,0.,-58.1280555422359));
#12245=CARTESIAN_POINT('',(163.693201448547,0.,-61.1271500777997));
#12246=CARTESIAN_POINT('',(165.395517488919,0.,-65.0921972262964));
#12247=CARTESIAN_POINT('',(167.204760515166,0.,-69.3117373591623));
#12248=CARTESIAN_POINT('',(168.331437007546,0.,-71.9427979371102));
#12249=CARTESIAN_POINT('',(169.078454037378,0.,-73.6906857255489));
#12250=CARTESIAN_POINT('',(169.560940156596,0.,-74.822199671864));
#12251=CARTESIAN_POINT('',(169.865239658396,0.,-75.5374335941217));
#12252=CARTESIAN_POINT('',(170.111979509744,0.,-76.1192798040472));
#12253=CARTESIAN_POINT('',(170.269612666025,0.,-76.4929519642705));
#12254=CARTESIAN_POINT('',(170.366967267283,0.,-76.7252667816978));
#12255=CARTESIAN_POINT('',(170.415752972857,0.,-76.8424981587638));
#12256=CARTESIAN_POINT('',(170.447742757611,0.,-76.9200069087288));
#12257=CARTESIAN_POINT('',(170.467708260554,0.,-76.968710006143));
#12258=CARTESIAN_POINT('',(170.482713052812,0.,-77.0058188671575));
#12259=CARTESIAN_POINT('',(170.488963627384,0.,-77.0213361168034));
#12260=CARTESIAN_POINT('',(170.496268336497,0.,-77.0397962726724));
#12261=CARTESIAN_POINT('',(170.489739358761,0.,-77.0231603967631));
#12262=CARTESIAN_POINT('',(170.528024787916,0.,-77.1205253827947));
#12263=CARTESIAN_POINT('',(170.563245800332,0.,-77.2106648212832));
#12264=CARTESIAN_POINT('',(170.631779776858,0.,-77.387102845241));
#12265=CARTESIAN_POINT('',(170.724711663869,0.,-77.6299753431736));
#12266=CARTESIAN_POINT('',(170.836013907205,0.,-77.9263667035441));
#12267=CARTESIAN_POINT('',(170.981379430275,0.,-78.3211745138521));
#12268=CARTESIAN_POINT('',(171.158656758812,0.,-78.8171809798906));
#12269=CARTESIAN_POINT('',(171.432323681171,0.,-79.6147778999612));
#12270=CARTESIAN_POINT('',(171.755949106782,0.,-80.619898264916));
#12271=CARTESIAN_POINT('',(172.114661249735,0.,-81.838679012547));
#12272=CARTESIAN_POINT('',(172.443855942286,0.,-83.0707323145277));
#12273=CARTESIAN_POINT('',(172.84292097785,0.,-84.7282567302261));
#12274=CARTESIAN_POINT('',(173.270494843932,0.,-86.8481221082361));
#12275=CARTESIAN_POINT('',(173.652598715381,0.,-89.3700228326368));
#12276=CARTESIAN_POINT('',(173.996511579788,0.,-92.7516426485497));
#12277=CARTESIAN_POINT('',(174.065636564532,0.,-95.2957342691226));
#12278=CARTESIAN_POINT('',(174.028088462649,0.,-96.9968066253063));
#12279=CARTESIAN_POINT('',(173.83667320144,-0.499856297934471,-98.8952487404414));
#12280=CARTESIAN_POINT('',(174.06155772513,-0.499876620005378,-98.2984102063262));
#12281=CARTESIAN_POINT('',(174.286364224255,-0.499890988709652,-97.7015528154179));
#12282=CARTESIAN_POINT('',(174.511123313718,-0.49990251674469,-97.1046838286528));
#12283=CARTESIAN_POINT('',(173.380002010488,0.,-98.7231779852273));
#12284=CARTESIAN_POINT('',(173.60407949565,0.,-98.1260795921556));
#12285=CARTESIAN_POINT('',(173.828236308018,0.,-97.5290110304694));
#12286=CARTESIAN_POINT('',(174.052439380463,0.,-96.9319598678995));
#12287=CARTESIAN_POINT('',(174.028088459872,0.,-96.9968067511461));
#12288=CARTESIAN_POINT('',(174.18770939966,-0.166588934955211,-97.0362834736547));
#12289=CARTESIAN_POINT('',(174.347347419103,-0.33317822514903,-97.075765790572));
#12290=CARTESIAN_POINT('',(174.507002256981,-0.499767862635363,-97.1152536209785));
#12291=CARTESIAN_POINT('',(162.849823592118,-0.450638131790342,-57.9364455912513));
#12292=CARTESIAN_POINT('',(165.330907722245,-0.450638131790342,-63.7119145188992));
#12293=CARTESIAN_POINT('',(167.811991852373,-0.450638131790342,-69.487383446547));
#12294=CARTESIAN_POINT('',(170.293075982501,-0.450638131790342,-75.2628523741949));
#12295=CARTESIAN_POINT('',(171.364683242465,-0.450638131790342,-77.7573403109025));
#12296=CARTESIAN_POINT('',(172.240974737521,-0.450638131790342,-80.335704634983));
#12297=CARTESIAN_POINT('',(173.58160440083,-0.450638131790342,-85.5974496715793));
#12298=CARTESIAN_POINT('',(174.045929263899,-0.450638131790342,-88.2807781639954));
#12299=CARTESIAN_POINT('',(174.551301166877,-0.450638131790342,-93.6870567329272));
#12300=CARTESIAN_POINT('',(174.592343191361,-0.450638131790342,-96.4099531556578));
#12301=CARTESIAN_POINT('',(174.400230340933,-0.450638131790342,-99.4522164651717));
#12302=CARTESIAN_POINT('',(174.376019549302,-0.450638131790342,-99.7847503486921));
#12303=CARTESIAN_POINT('',(174.348618234024,-0.450638131790342,-100.117021060771));
#12304=CARTESIAN_POINT('',(162.831859005715,-0.986290744003291,-57.936473744906));
#12305=CARTESIAN_POINT('',(165.312943135843,-0.986290744003291,-63.7119426725539));
#12306=CARTESIAN_POINT('',(167.794027265971,-0.986290744003291,-69.4874116002018));
#12307=CARTESIAN_POINT('',(170.275111396099,-0.986290744003291,-75.2628805278497));
#12308=CARTESIAN_POINT('',(171.346718656062,-0.986290744003291,-77.7573684645573));
#12309=CARTESIAN_POINT('',(172.223010151119,-0.986290744003291,-80.3357327886379));
#12310=CARTESIAN_POINT('',(173.563639814428,-0.986290744003291,-85.5974778252342));
#12311=CARTESIAN_POINT('',(174.027964677497,-0.986290744003291,-88.2808063176502));
#12312=CARTESIAN_POINT('',(174.533336580474,-0.986290744003291,-93.687084886582));
#12313=CARTESIAN_POINT('',(174.574378604959,-0.986290744003291,-96.4099813093126));
#12314=CARTESIAN_POINT('',(174.382265754531,-0.986290744003291,-99.4522446188265));
#12315=CARTESIAN_POINT('',(174.358054962899,-0.986290744003291,-99.7847785023469));
#12316=CARTESIAN_POINT('',(174.330653647622,-0.986290744003291,-100.117049214426));
#12317=CARTESIAN_POINT('',(162.781820940245,-1.51932380975428,-57.9365521633227));
#12318=CARTESIAN_POINT('',(165.262905070373,-1.51932380975428,-63.7120210909707));
#12319=CARTESIAN_POINT('',(167.7439892005,-1.51932380975428,-69.4874900186186));
#12320=CARTESIAN_POINT('',(170.225073330628,-1.51932380975428,-75.2629589462665));
#12321=CARTESIAN_POINT('',(171.296680590592,-1.51932380975428,-77.7574468829741));
#12322=CARTESIAN_POINT('',(172.172972085648,-1.51932380975428,-80.3358112070547));
#12323=CARTESIAN_POINT('',(173.513601748957,-1.51932380975428,-85.597556243651));
#12324=CARTESIAN_POINT('',(173.977926612026,-1.51932380975428,-88.280884736067));
#12325=CARTESIAN_POINT('',(174.483298515004,-1.51932380975428,-93.6871633049988));
#12326=CARTESIAN_POINT('',(174.524340539488,-1.51932380975428,-96.4100597277294));
#12327=CARTESIAN_POINT('',(174.33222768906,-1.51932380975428,-99.4523230372433));
#12328=CARTESIAN_POINT('',(174.308016897429,-1.51932380975428,-99.7848569207637));
#12329=CARTESIAN_POINT('',(174.280615582151,-1.51932380975428,-100.117127632843));
#12330=CARTESIAN_POINT('',(162.64808882784,-2.38524269901375,-57.9367617449768));
#12331=CARTESIAN_POINT('',(165.129172957968,-2.38524269901375,-63.7122306726247));
#12332=CARTESIAN_POINT('',(167.610257088096,-2.38524269901375,-69.4876996002726));
#12333=CARTESIAN_POINT('',(170.091341218223,-2.38524269901375,-75.2631685279206));
#12334=CARTESIAN_POINT('',(171.162948478187,-2.38524269901375,-77.7576564646282));
#12335=CARTESIAN_POINT('',(172.039239973243,-2.38524269901375,-80.3360207887087));
#12336=CARTESIAN_POINT('',(173.379869636552,-2.38524269901375,-85.597765825305));
#12337=CARTESIAN_POINT('',(173.844194499622,-2.38524269901375,-88.281094317721));
#12338=CARTESIAN_POINT('',(174.349566402599,-2.38524269901375,-93.6873728866529));
#12339=CARTESIAN_POINT('',(174.390608427083,-2.38524269901375,-96.4102693093834));
#12340=CARTESIAN_POINT('',(174.198495576656,-2.38524269901375,-99.4525326188974));
#12341=CARTESIAN_POINT('',(174.174284785024,-2.38524269901375,-99.7850665024177));
#12342=CARTESIAN_POINT('',(174.146883469746,-2.38524269901375,-100.117337214497));
#12343=CARTESIAN_POINT('',(162.582793005288,-2.72233597131861,-57.9368640749729));
#12344=CARTESIAN_POINT('',(165.063877135416,-2.72233597131861,-63.7123330026207));
#12345=CARTESIAN_POINT('',(167.544961265543,-2.72233597131861,-69.4878019302685));
#12346=CARTESIAN_POINT('',(170.026045395671,-2.72233597131861,-75.2632708579163));
#12347=CARTESIAN_POINT('',(171.097652655635,-2.72233597131861,-77.7577587946239));
#12348=CARTESIAN_POINT('',(171.973944150691,-2.72233597131861,-80.3361231187045));
#12349=CARTESIAN_POINT('',(173.314573814,-2.72233597131861,-85.5978681553008));
#12350=CARTESIAN_POINT('',(173.778898677069,-2.72233597131861,-88.2811966477168));
#12351=CARTESIAN_POINT('',(174.284270580047,-2.72233597131861,-93.6874752166486));
#12352=CARTESIAN_POINT('',(174.325312604531,-2.72233597131861,-96.4103716393792));
#12353=CARTESIAN_POINT('',(174.133199754103,-2.72233597131861,-99.4526349488931));
#12354=CARTESIAN_POINT('',(174.108988962472,-2.72233597131861,-99.7851688324135));
#12355=CARTESIAN_POINT('',(174.081587647194,-2.72233597131861,-100.117439544493));
#12356=CARTESIAN_POINT('',(162.425522852166,-3.39383037774066,-57.9371105448614));
#12357=CARTESIAN_POINT('',(164.906606982294,-3.39383037774066,-63.7125794725092));
#12358=CARTESIAN_POINT('',(167.387691112422,-3.39383037774066,-69.488048400157));
#12359=CARTESIAN_POINT('',(169.86877524255,-3.39383037774066,-75.2635173278048));
#12360=CARTESIAN_POINT('',(170.940382502513,-3.39383037774066,-77.7580052645123));
#12361=CARTESIAN_POINT('',(171.81667399757,-3.39383037774066,-80.3363695885929));
#12362=CARTESIAN_POINT('',(173.157303660879,-3.39383037774066,-85.5981146251892));
#12363=CARTESIAN_POINT('',(173.621628523948,-3.39383037774066,-88.2814431176052));
#12364=CARTESIAN_POINT('',(174.127000426925,-3.39383037774066,-93.6877216865371));
#12365=CARTESIAN_POINT('',(174.16804245141,-3.39383037774066,-96.4106181092676));
#12366=CARTESIAN_POINT('',(173.975929600982,-3.39383037774066,-99.4528814187816));
#12367=CARTESIAN_POINT('',(173.95171880935,-3.39383037774066,-99.7854153023019));
#12368=CARTESIAN_POINT('',(173.924317494073,-3.39383037774066,-100.117686014381));
#12369=CARTESIAN_POINT('',(162.333605058821,-3.72771844433282,-57.9372545961499));
#12370=CARTESIAN_POINT('',(164.814689188949,-3.72771844433282,-63.7127235237979));
#12371=CARTESIAN_POINT('',(167.295773319077,-3.72771844433282,-69.4881924514458));
#12372=CARTESIAN_POINT('',(169.776857449205,-3.72771844433282,-75.2636613790937));
#12373=CARTESIAN_POINT('',(170.848464709168,-3.72771844433282,-77.7581493158013));
#12374=CARTESIAN_POINT('',(171.724756204225,-3.72771844433282,-80.3365136398819));
#12375=CARTESIAN_POINT('',(173.065385867534,-3.72771844433282,-85.5982586764782));
#12376=CARTESIAN_POINT('',(173.529710730603,-3.72771844433282,-88.2815871688942));
#12377=CARTESIAN_POINT('',(174.03508263358,-3.72771844433282,-93.687865737826));
#12378=CARTESIAN_POINT('',(174.076124658065,-3.72771844433282,-96.4107621605566));
#12379=CARTESIAN_POINT('',(173.884011807637,-3.72771844433282,-99.4530254700705));
#12380=CARTESIAN_POINT('',(173.859801016005,-3.72771844433282,-99.7855593535909));
#12381=CARTESIAN_POINT('',(173.832399700728,-3.72771844433282,-100.11783006567));
#12382=CARTESIAN_POINT('',(161.813333421312,-5.36833013859687,-57.9380699529737));
#12383=CARTESIAN_POINT('',(164.294417551439,-5.36833013859687,-63.7135388806214));
#12384=CARTESIAN_POINT('',(166.775501681567,-5.36833013859687,-69.4890078082692));
#12385=CARTESIAN_POINT('',(169.256585811695,-5.36833013859687,-75.264476735917));
#12386=CARTESIAN_POINT('',(170.328193071658,-5.36833013859687,-77.7589646726246));
#12387=CARTESIAN_POINT('',(171.204484566715,-5.36833013859687,-80.3373289967052));
#12388=CARTESIAN_POINT('',(172.545114230024,-5.36833013859687,-85.5990740333015));
#12389=CARTESIAN_POINT('',(173.009439093093,-5.36833013859687,-88.2824025257175));
#12390=CARTESIAN_POINT('',(173.51481099607,-5.36833013859687,-93.6886810946493));
#12391=CARTESIAN_POINT('',(173.555853020555,-5.36833013859687,-96.4115775173799));
#12392=CARTESIAN_POINT('',(173.363740170127,-5.36833013859687,-99.4538408268938));
#12393=CARTESIAN_POINT('',(173.339529378496,-5.36833013859687,-99.7863747104142));
#12394=CARTESIAN_POINT('',(173.312128063218,-5.36833013859687,-100.118645422493));
#12395=CARTESIAN_POINT('',(161.196849416105,-6.61097890280864,-57.9390360914361));
#12396=CARTESIAN_POINT('',(163.677933546233,-6.61097890280864,-63.714505019084));
#12397=CARTESIAN_POINT('',(166.159017676361,-6.61097890280864,-69.4899739467319));
#12398=CARTESIAN_POINT('',(168.640101806489,-6.61097890280864,-75.2654428743799));
#12399=CARTESIAN_POINT('',(169.711709066452,-6.61097890280864,-77.7599308110875));
#12400=CARTESIAN_POINT('',(170.588000561509,-6.61097890280864,-80.338295135168));
#12401=CARTESIAN_POINT('',(171.928630224818,-6.61097890280864,-85.6000401717643));
#12402=CARTESIAN_POINT('',(172.392955087887,-6.61097890280864,-88.2833686641803));
#12403=CARTESIAN_POINT('',(172.898326990864,-6.61097890280864,-93.6896472331122));
#12404=CARTESIAN_POINT('',(172.939369015349,-6.61097890280864,-96.4125436558427));
#12405=CARTESIAN_POINT('',(172.747256164921,-6.61097890280864,-99.4548069653567));
#12406=CARTESIAN_POINT('',(172.723045373289,-6.61097890280864,-99.787340848877));
#12407=CARTESIAN_POINT('',(172.695644058012,-6.61097890280864,-100.119611560956));
#12408=CARTESIAN_POINT('',(160.390673725681,-7.74074495600593,-57.9402995100094));
#12409=CARTESIAN_POINT('',(162.871757855809,-7.74074495600593,-63.7157684376573));
#12410=CARTESIAN_POINT('',(165.352841985937,-7.74074495600593,-69.4912373653052));
#12411=CARTESIAN_POINT('',(167.833926116065,-7.74074495600593,-75.2667062929532));
#12412=CARTESIAN_POINT('',(168.905533376028,-7.74074495600593,-77.7611942296608));
#12413=CARTESIAN_POINT('',(169.781824871085,-7.74074495600593,-80.3395585537413));
#12414=CARTESIAN_POINT('',(171.122454534394,-7.74074495600593,-85.6013035903376));
#12415=CARTESIAN_POINT('',(171.586779397463,-7.74074495600593,-88.2846320827536));
#12416=CARTESIAN_POINT('',(172.09215130044,-7.74074495600593,-93.6909106516855));
#12417=CARTESIAN_POINT('',(172.133193324924,-7.74074495600593,-96.413807074416));
#12418=CARTESIAN_POINT('',(171.941080474497,-7.74074495600593,-99.45607038393));
#12419=CARTESIAN_POINT('',(171.916869682865,-7.74074495600593,-99.7886042674503));
#12420=CARTESIAN_POINT('',(171.889468367588,-7.74074495600593,-100.12087497953));
#12421=CARTESIAN_POINT('',(160.381579459966,-7.75348956342242,-57.9403137623174));
#12422=CARTESIAN_POINT('',(162.862663590094,-7.75348956342242,-63.7157826899653));
#12423=CARTESIAN_POINT('',(165.343747720222,-7.75348956342242,-69.4912516176132));
#12424=CARTESIAN_POINT('',(167.82483185035,-7.75348956342242,-75.2667205452611));
#12425=CARTESIAN_POINT('',(168.896439110313,-7.75348956342242,-77.7612084819687));
#12426=CARTESIAN_POINT('',(169.77273060537,-7.75348956342242,-80.3395728060493));
#12427=CARTESIAN_POINT('',(171.113360268679,-7.75348956342242,-85.6013178426456));
#12428=CARTESIAN_POINT('',(171.577685131748,-7.75348956342242,-88.2846463350616));
#12429=CARTESIAN_POINT('',(172.083057034725,-7.75348956342242,-93.6909249039934));
#12430=CARTESIAN_POINT('',(172.12409905921,-7.75348956342242,-96.413821326724));
#12431=CARTESIAN_POINT('',(171.931986208782,-7.75348956342242,-99.4560846362379));
#12432=CARTESIAN_POINT('',(171.90777541715,-7.75348956342242,-99.7886185197583));
#12433=CARTESIAN_POINT('',(171.880374101873,-7.75348956342242,-100.120889231837));
#12434=CARTESIAN_POINT('',(160.372485194252,-7.76623417083891,-57.9403280146253));
#12435=CARTESIAN_POINT('',(162.85356932438,-7.76623417083891,-63.7157969422733));
#12436=CARTESIAN_POINT('',(165.334653454507,-7.76623417083891,-69.4912658699212));
#12437=CARTESIAN_POINT('',(167.815737584635,-7.76623417083891,-75.2667347975691));
#12438=CARTESIAN_POINT('',(168.887344844599,-7.76623417083891,-77.7612227342767));
#12439=CARTESIAN_POINT('',(169.763636339655,-7.76623417083891,-80.3395870583572));
#12440=CARTESIAN_POINT('',(171.104266002964,-7.76623417083891,-85.6013320949535));
#12441=CARTESIAN_POINT('',(171.568590866034,-7.76623417083891,-88.2846605873696));
#12442=CARTESIAN_POINT('',(172.073962769011,-7.76623417083891,-93.6909391563014));
#12443=CARTESIAN_POINT('',(172.115004793495,-7.76623417083891,-96.413835579032));
#12444=CARTESIAN_POINT('',(171.922891943068,-7.76623417083891,-99.4560988885459));
#12445=CARTESIAN_POINT('',(171.898681151436,-7.76623417083891,-99.7886327720663));
#12446=CARTESIAN_POINT('',(171.871279836158,-7.76623417083891,-100.120903484145));
#12447=CARTESIAN_POINT('',(160.363390928537,-7.7789787782554,-57.9403422669333));
#12448=CARTESIAN_POINT('',(162.844475058665,-7.7789787782554,-63.7158111945812));
#12449=CARTESIAN_POINT('',(165.325559188793,-7.7789787782554,-69.4912801222291));
#12450=CARTESIAN_POINT('',(167.806643318921,-7.7789787782554,-75.266749049877));
#12451=CARTESIAN_POINT('',(168.878250578884,-7.7789787782554,-77.7612369865846));
#12452=CARTESIAN_POINT('',(169.754542073941,-7.7789787782554,-80.3396013106652));
#12453=CARTESIAN_POINT('',(171.09517173725,-7.7789787782554,-85.6013463472615));
#12454=CARTESIAN_POINT('',(171.559496600319,-7.7789787782554,-88.2846748396775));
#12455=CARTESIAN_POINT('',(172.064868503296,-7.7789787782554,-93.6909534086094));
#12456=CARTESIAN_POINT('',(172.10591052778,-7.7789787782554,-96.4138498313399));
#12457=CARTESIAN_POINT('',(171.913797677353,-7.7789787782554,-99.4561131408539));
#12458=CARTESIAN_POINT('',(171.889586885721,-7.7789787782554,-99.7886470243742));
#12459=CARTESIAN_POINT('',(171.862185570444,-7.7789787782554,-100.120917736453));
#12460=CARTESIAN_POINT('',(174.507352258724,-0.499671217853587,-97.1147167776649));
#12461=CARTESIAN_POINT('',(174.66567291653,-0.499688069585333,-90.6618130723639));
#12462=CARTESIAN_POINT('',(173.611822777566,-0.499717211938156,-84.1812148297677));
#12463=CARTESIAN_POINT('',(171.416879324619,-0.499693407643522,-78.1110174585372));
#12464=CARTESIAN_POINT('',(171.416874864706,-0.499707839971047,-78.1110190707147));
#12465=CARTESIAN_POINT('',(170.744633112399,-0.502764888724314,-76.352184040746));
#12466=CARTESIAN_POINT('',(170.979300208764,-0.501912065239573,-76.9344140268772));
#12467=CARTESIAN_POINT('',(171.203515880362,-0.499661988062829,-77.5209499476317));
#12468=CARTESIAN_POINT('',(171.416879097831,-0.499702375930297,-78.1110177546239));
#12469=CARTESIAN_POINT('',(170.743364032404,-0.501349385770911,-76.3526934685498));
#12470=CARTESIAN_POINT('',(170.743187668428,-0.499726699870501,-76.3483161860706));
#12471=CARTESIAN_POINT('',(170.729209691256,-0.499726797481021,-76.3136388732598));
#12472=CARTESIAN_POINT('',(170.715194379805,-0.499726895091542,-76.2789766091237));
#12473=CARTESIAN_POINT('',(170.701141761919,-0.499726992702062,-76.2443294755904));
#12474=CARTESIAN_POINT('',(170.699470192318,-0.501328448850749,-76.2445344609685));
#12475=CARTESIAN_POINT('',(170.700875832287,-0.50289793872439,-76.2439658195762));
#12476=CARTESIAN_POINT('',(170.389347035235,-0.503651262822899,-75.4759686249043));
#12477=CARTESIAN_POINT('',(169.727293700702,-0.495056475720535,-73.9564049058254));
#12478=CARTESIAN_POINT('',(168.422607317678,-0.502365570114392,-70.9090815364564));
#12479=CARTESIAN_POINT('',(166.130488903434,-0.497714328225489,-65.5800249279131));
#12480=CARTESIAN_POINT('',(164.168873317722,-0.499707717618781,-61.0109732218982));
#12481=CARTESIAN_POINT('',(162.860450184852,-0.499707717607114,-57.9652251731529));
#12482=CARTESIAN_POINT('',(174.505133338315,-0.504651265376448,-97.3629994327015));
#12483=CARTESIAN_POINT('',(174.696616170904,-0.504648660003831,-90.7461027308807));
#12484=CARTESIAN_POINT('',(173.617362216008,-0.504663406130095,-84.0927674195314));
#12485=CARTESIAN_POINT('',(170.715647542724,-0.504699665648216,-76.1841344968084));
#12486=CARTESIAN_POINT('',(169.981900030087,-0.504704794781511,-74.5303053634417));
#12487=CARTESIAN_POINT('',(168.557157566432,-0.504704794784636,-71.2137891160351));
#12488=CARTESIAN_POINT('',(167.84333732054,-0.504704794781675,-69.5521579766458));
#12489=CARTESIAN_POINT('',(165.704417709134,-0.504704794785867,-64.5731797935142));
#12490=CARTESIAN_POINT('',(164.278471301585,-0.504704794796083,-61.2538610048958));
#12491=CARTESIAN_POINT('',(162.852524893987,-0.504704794783073,-57.9345422161535));
#12492=CARTESIAN_POINT('',(174.500321232316,-0.499654718194503,-97.3628582264754));
#12493=CARTESIAN_POINT('',(174.691787074849,-0.499652138617654,-90.7465725735743));
#12494=CARTESIAN_POINT('',(173.612628831295,-0.499666738742669,-84.0938519760577));
#12495=CARTESIAN_POINT('',(170.711172945303,-0.499702639255659,-76.1859541996747));
#12496=CARTESIAN_POINT('',(169.97746305956,-0.499707717605456,-74.5322114419434));
#12497=CARTESIAN_POINT('',(168.552720595903,-0.49970771760855,-71.2156951945377));
#12498=CARTESIAN_POINT('',(167.838900350013,-0.499707717605619,-69.5540640551481));
#12499=CARTESIAN_POINT('',(165.699980738605,-0.49970771760977,-64.5750858720159));
#12500=CARTESIAN_POINT('',(164.274034331058,-0.499707717619884,-61.2557670833983));
#12501=CARTESIAN_POINT('',(162.848087923459,-0.499707717607002,-57.9364482946557));
#12502=CARTESIAN_POINT('',(174.019110632382,0.,-97.3487376038643));
#12503=CARTESIAN_POINT('',(174.208877469347,0.,-90.7935568429323));
#12504=CARTESIAN_POINT('',(173.139290360021,0.,-84.2023076286942));
#12505=CARTESIAN_POINT('',(170.263713203182,0.,-76.367924486308));
#12506=CARTESIAN_POINT('',(169.533766006862,0.,-74.7228192921081));
#12507=CARTESIAN_POINT('',(168.109023543011,0.,-71.4063030447999));
#12508=CARTESIAN_POINT('',(167.395203297279,0.,-69.744671905382));
#12509=CARTESIAN_POINT('',(165.256283685688,0.,-64.7656937221886));
#12510=CARTESIAN_POINT('',(163.830337278338,0.,-61.4463749336495));
#12511=CARTESIAN_POINT('',(162.404390870664,0.,-58.1270561448691));
#12512=CARTESIAN_POINT('',(0.,0.,0.));
#12513=MECHANICAL_DESIGN_GEOMETRIC_PRESENTATION_REPRESENTATION('',(#4670),
#12514);
#12514=(
GEOMETRIC_REPRESENTATION_CONTEXT(3)
GLOBAL_UNCERTAINTY_ASSIGNED_CONTEXT((#12516))
GLOBAL_UNIT_ASSIGNED_CONTEXT((#12520,#12519,#12518))
REPRESENTATION_CONTEXT('CZ82_standardGrip_34mm_001',
'TOP_LEVEL_ASSEMBLY_PART')
);
#12515=(
GEOMETRIC_REPRESENTATION_CONTEXT(3)
GLOBAL_UNCERTAINTY_ASSIGNED_CONTEXT((#12517))
GLOBAL_UNIT_ASSIGNED_CONTEXT((#12520,#12519,#12518))
REPRESENTATION_CONTEXT('CZ82_standardGripLeft_NATO_bebop',
'COMPONENT_PART')
);
#12516=UNCERTAINTY_MEASURE_WITH_UNIT(LENGTH_MEASURE(0.005),#12520,
'DISTANCE_ACCURACY_VALUE','Maximum Tolerance applied to model');
#12517=UNCERTAINTY_MEASURE_WITH_UNIT(LENGTH_MEASURE(0.005),#12520,
'DISTANCE_ACCURACY_VALUE','Maximum Tolerance applied to model');
#12518=(
NAMED_UNIT(*)
SI_UNIT($,.STERADIAN.)
SOLID_ANGLE_UNIT()
);
#12519=(
NAMED_UNIT(*)
PLANE_ANGLE_UNIT()
SI_UNIT($,.RADIAN.)
);
#12520=(
LENGTH_UNIT()
NAMED_UNIT(*)
SI_UNIT(.MILLI.,.METRE.)
);
#12521=PRODUCT_DEFINITION_SHAPE('','',#12524);
#12522=PRODUCT_DEFINITION_SHAPE('','',#12525);
#12523=PRODUCT_DEFINITION_SHAPE(' ','NAUO PRDDFN',#19);
#12524=PRODUCT_DEFINITION('','',#12528,#12526);
#12525=PRODUCT_DEFINITION('','',#12529,#12527);
#12526=PRODUCT_DEFINITION_CONTEXT('',#12539,'design');
#12527=PRODUCT_DEFINITION_CONTEXT('',#12539,'design');
#12528=PRODUCT_DEFINITION_FORMATION_WITH_SPECIFIED_SOURCE('','',#12532,
 .NOT_KNOWN.);
#12529=PRODUCT_DEFINITION_FORMATION_WITH_SPECIFIED_SOURCE('','',#12533,
 .NOT_KNOWN.);
#12530=PRODUCT_RELATED_PRODUCT_CATEGORY('','',(#12532));
#12531=PRODUCT_RELATED_PRODUCT_CATEGORY('','',(#12533));
#12532=PRODUCT('CZ82_standardGrip_34mm_001',
'CZ82_standardGrip_34mm_001','CZ82_standardGrip_34mm_001',(#12536));
#12533=PRODUCT('CZ82_standardGripLeft_NATO_bebop',
'CZ82_standardGripLeft_NATO_bebop','CZ82_standardGripLeft_NATO_bebop',(#12537));
#12534=PRODUCT_CATEGORY('','');
#12535=PRODUCT_CATEGORY('','');
#12536=PRODUCT_CONTEXT('',#12539,'mechanical');
#12537=PRODUCT_CONTEXT('',#12539,'mechanical');
#12538=APPLICATION_PROTOCOL_DEFINITION('international standard',
'automotive_design',2010,#12539);
#12539=APPLICATION_CONTEXT(
'core data for automotive mechanical design processes');
ENDSEC;
END-ISO-10303-21;
