ISO-10303-21;
HEADER;
/* Generated by software containing ST-Developer
 * from STEP Tools, Inc. (www.steptools.com) 
 */
/* OPTION: strings as raw bytes, not using required /X/ escapes */

FILE_DESCRIPTION(
/* description */ ('Unknown'),
/* implementation_level */ '2;1');

FILE_NAME(
/* name */ 'CZ82_standardGripRight_NATO_bebop',
/* time_stamp */ '2026-03-02T19:59:53-05:00',
/* author */ ('Unknown'),
/* organization */ ('Unknown'),
/* preprocessor_version */ 'ST-DEVELOPER v18.1',
/* originating_system */ 'Solid Edge',
/* authorisation */ 'Unknown');

FILE_SCHEMA (('AUTOMOTIVE_DESIGN {1 0 10303 214 3 1 1}'));
ENDSEC;

DATA;
#10=PROPERTY_DEFINITION_REPRESENTATION(#14,#12);
#11=PROPERTY_DEFINITION_REPRESENTATION(#15,#13);
#12=REPRESENTATION('',(#16),#13218);
#13=REPRESENTATION('',(#17),#13218);
#14=PROPERTY_DEFINITION('pmi validation property','',#13225);
#15=PROPERTY_DEFINITION('pmi validation property','',#13225);
#16=VALUE_REPRESENTATION_ITEM('number of annotations',COUNT_MEASURE(0.));
#17=VALUE_REPRESENTATION_ITEM('number of views',COUNT_MEASURE(0.));
#18=CONTEXT_DEPENDENT_SHAPE_REPRESENTATION(#20,#13227);
#19=NEXT_ASSEMBLY_USAGE_OCCURRENCE('CZ82_standardGripRight_NATO_bebop',
'CZ82_standardGripRight_NATO_bebop','CZ82_standardGripRight_NATO_bebop',
#13228,#13229,'');
#20=(
REPRESENTATION_RELATIONSHIP(' ',' ',#5283,#5284)
REPRESENTATION_RELATIONSHIP_WITH_TRANSFORMATION(#21)
SHAPE_REPRESENTATION_RELATIONSHIP()
);
#21=ITEM_DEFINED_TRANSFORMATION(' ',' ',#5285,#5578);
#22=SHAPE_REPRESENTATION_RELATIONSHIP('','',#5283,#23);
#23=ADVANCED_BREP_SHAPE_REPRESENTATION('',(#5280),#13219);
#24=DEGENERATE_TOROIDAL_SURFACE('',#5436,0.531754163448123,1.,.T.);
#25=CONICAL_SURFACE('',#5409,13.0919107023202,0.349065850398866);
#26=CONICAL_SURFACE('',#5423,10.5,0.785398163397448);
#27=CONICAL_SURFACE('',#5475,5.,0.785398163397455);
#28=CONICAL_SURFACE('',#5565,0.499999999999995,0.785398163397452);
#29=CONICAL_SURFACE('',#5567,1.5,0.785398163397447);
#30=CONICAL_SURFACE('',#5569,23.8335394781464,0.785398163397464);
#31=CONICAL_SURFACE('',#5572,24.3335394781464,0.785398163397473);
#32=TOROIDAL_SURFACE('',#5355,20.9839743177508,5.);
#33=TOROIDAL_SURFACE('',#5402,12.5673241527505,5.);
#34=TOROIDAL_SURFACE('',#5407,13.7921182405299,1.);
#35=TOROIDAL_SURFACE('',#5434,1.03175416344812,1.);
#36=(
BOUNDED_SURFACE()
B_SPLINE_SURFACE(3,3,((#6889,#6890,#6891,#6892,#6893,#6894,#6895,#6896,
#6897,#6898,#6899),(#6900,#6901,#6902,#6903,#6904,#6905,#6906,#6907,#6908,
#6909,#6910),(#6911,#6912,#6913,#6914,#6915,#6916,#6917,#6918,#6919,#6920,
#6921),(#6922,#6923,#6924,#6925,#6926,#6927,#6928,#6929,#6930,#6931,#6932),
(#6933,#6934,#6935,#6936,#6937,#6938,#6939,#6940,#6941,#6942,#6943),(#6944,
#6945,#6946,#6947,#6948,#6949,#6950,#6951,#6952,#6953,#6954),(#6955,#6956,
#6957,#6958,#6959,#6960,#6961,#6962,#6963,#6964,#6965),(#6966,#6967,#6968,
#6969,#6970,#6971,#6972,#6973,#6974,#6975,#6976),(#6977,#6978,#6979,#6980,
#6981,#6982,#6983,#6984,#6985,#6986,#6987),(#6988,#6989,#6990,#6991,#6992,
#6993,#6994,#6995,#6996,#6997,#6998)),.UNSPECIFIED.,.F.,.F.,.F.)
B_SPLINE_SURFACE_WITH_KNOTS((4,3,3,4),(4,2,2,3,4),(0.50176137451042,1.,
1.01,1.02906781444177),(0.53911703521543,0.625,0.75,1.,1.01463830527613),
 .UNSPECIFIED.)
GEOMETRIC_REPRESENTATION_ITEM()
RATIONAL_B_SPLINE_SURFACE(((0.961538938836949,0.961538938836949,0.961538938836948,
0.961538938836949,0.961538938836949,0.961538938836949,0.961538938836949,
0.961538938836949,0.961538938836948,0.961538938836948,0.961538938836948),
(0.961628947535927,0.961628947535927,0.961628947535927,0.961628947535927,
0.961628947535927,0.961628947535927,0.961628947535927,0.961628947535927,
0.961628947535927,0.961628947535927,0.961628947535927),(0.974449301256945,
0.974449301256945,0.974449301256945,0.974449301256945,0.974449301256945,
0.974449301256945,0.974449301256945,0.974449301256945,0.974449301256945,
0.974449301256945,0.974449301256945),(1.,1.,1.,1.,1.,1.,1.,1.,1.,1.,1.),
(1.,1.,1.,1.,1.,1.,1.,1.,1.,1.,1.),(1.,1.,1.,1.,1.,1.,1.,1.,1.,1.,1.),(1.,
1.,1.,1.,1.,1.,1.,1.,1.,1.,1.),(1.,1.,1.,1.,1.,1.,1.,1.,1.,1.,1.),(1.,1.,
1.,1.,1.,1.,1.,1.,1.,1.,1.),(1.,1.,1.,1.,1.,1.,1.,1.,1.,1.,1.)))
REPRESENTATION_ITEM('')
SURFACE()
);
#37=(
BOUNDED_SURFACE()
B_SPLINE_SURFACE(3,3,((#7067,#7068,#7069,#7070,#7071,#7072,#7073,#7074,
#7075,#7076,#7077,#7078,#7079,#7080,#7081,#7082,#7083,#7084,#7085,#7086,
#7087,#7088,#7089,#7090,#7091,#7092,#7093,#7094,#7095,#7096,#7097,#7098),
(#7099,#7100,#7101,#7102,#7103,#7104,#7105,#7106,#7107,#7108,#7109,#7110,
#7111,#7112,#7113,#7114,#7115,#7116,#7117,#7118,#7119,#7120,#7121,#7122,
#7123,#7124,#7125,#7126,#7127,#7128,#7129,#7130),(#7131,#7132,#7133,#7134,
#7135,#7136,#7137,#7138,#7139,#7140,#7141,#7142,#7143,#7144,#7145,#7146,
#7147,#7148,#7149,#7150,#7151,#7152,#7153,#7154,#7155,#7156,#7157,#7158,
#7159,#7160,#7161,#7162),(#7163,#7164,#7165,#7166,#7167,#7168,#7169,#7170,
#7171,#7172,#7173,#7174,#7175,#7176,#7177,#7178,#7179,#7180,#7181,#7182,
#7183,#7184,#7185,#7186,#7187,#7188,#7189,#7190,#7191,#7192,#7193,#7194),
(#7195,#7196,#7197,#7198,#7199,#7200,#7201,#7202,#7203,#7204,#7205,#7206,
#7207,#7208,#7209,#7210,#7211,#7212,#7213,#7214,#7215,#7216,#7217,#7218,
#7219,#7220,#7221,#7222,#7223,#7224,#7225,#7226),(#7227,#7228,#7229,#7230,
#7231,#7232,#7233,#7234,#7235,#7236,#7237,#7238,#7239,#7240,#7241,#7242,
#7243,#7244,#7245,#7246,#7247,#7248,#7249,#7250,#7251,#7252,#7253,#7254,
#7255,#7256,#7257,#7258),(#7259,#7260,#7261,#7262,#7263,#7264,#7265,#7266,
#7267,#7268,#7269,#7270,#7271,#7272,#7273,#7274,#7275,#7276,#7277,#7278,
#7279,#7280,#7281,#7282,#7283,#7284,#7285,#7286,#7287,#7288,#7289,#7290),
(#7291,#7292,#7293,#7294,#7295,#7296,#7297,#7298,#7299,#7300,#7301,#7302,
#7303,#7304,#7305,#7306,#7307,#7308,#7309,#7310,#7311,#7312,#7313,#7314,
#7315,#7316,#7317,#7318,#7319,#7320,#7321,#7322),(#7323,#7324,#7325,#7326,
#7327,#7328,#7329,#7330,#7331,#7332,#7333,#7334,#7335,#7336,#7337,#7338,
#7339,#7340,#7341,#7342,#7343,#7344,#7345,#7346,#7347,#7348,#7349,#7350,
#7351,#7352,#7353,#7354),(#7355,#7356,#7357,#7358,#7359,#7360,#7361,#7362,
#7363,#7364,#7365,#7366,#7367,#7368,#7369,#7370,#7371,#7372,#7373,#7374,
#7375,#7376,#7377,#7378,#7379,#7380,#7381,#7382,#7383,#7384,#7385,#7386),
(#7387,#7388,#7389,#7390,#7391,#7392,#7393,#7394,#7395,#7396,#7397,#7398,
#7399,#7400,#7401,#7402,#7403,#7404,#7405,#7406,#7407,#7408,#7409,#7410,
#7411,#7412,#7413,#7414,#7415,#7416,#7417,#7418),(#7419,#7420,#7421,#7422,
#7423,#7424,#7425,#7426,#7427,#7428,#7429,#7430,#7431,#7432,#7433,#7434,
#7435,#7436,#7437,#7438,#7439,#7440,#7441,#7442,#7443,#7444,#7445,#7446,
#7447,#7448,#7449,#7450),(#7451,#7452,#7453,#7454,#7455,#7456,#7457,#7458,
#7459,#7460,#7461,#7462,#7463,#7464,#7465,#7466,#7467,#7468,#7469,#7470,
#7471,#7472,#7473,#7474,#7475,#7476,#7477,#7478,#7479,#7480,#7481,#7482)),
 .UNSPECIFIED.,.F.,.F.,.F.)
B_SPLINE_SURFACE_WITH_KNOTS((4,3,3,3,4),(4,3,3,3,3,3,2,2,2,2,2,3,4),(-1.02,
-0.01,0.,1.,2.01),(-1.29627130937333,-0.148135654686666,-0.125092450236226,
-0.1,-0.0927011973564145,0.,0.199872815548657,0.48034649206314,0.760820168577397,
0.901057006834513,0.971175425963095,1.,2.14813565468667),.UNSPECIFIED.)
GEOMETRIC_REPRESENTATION_ITEM()
RATIONAL_B_SPLINE_SURFACE(((1.,1.,1.,1.,1.,1.,1.,1.,1.,1.,1.,1.,1.,1.,1.,
1.,1.,1.,1.,1.,1.,1.,1.,1.,1.,1.,1.,1.,1.,1.,1.,1.),(1.,1.,1.,1.,1.,1.,
1.,1.,1.,1.,1.,1.,1.,1.,1.,1.,1.,1.,1.,1.,1.,1.,1.,1.,1.,1.,1.,1.,1.,1.,
1.,1.),(1.,1.,1.,1.,1.,1.,1.,1.,1.,1.,1.,1.,1.,1.,1.,1.,1.,1.,1.,1.,1.,
1.,1.,1.,1.,1.,1.,1.,1.,1.,1.,1.),(1.,1.,1.,1.,1.,1.,1.,1.,1.,1.,1.,1.,
1.,1.,1.,1.,1.,1.,1.,1.,1.,1.,1.,1.,1.,1.,1.,1.,1.,1.,1.,1.),(1.,1.,1.,
1.,1.,1.,1.,1.,1.,1.,1.,1.,1.,1.,1.,1.,1.,1.,1.,1.,1.,1.,1.,1.,1.,1.,1.,
1.,1.,1.,1.,1.),(1.,1.,1.,1.,1.,1.,1.,1.,1.,1.,1.,1.,1.,1.,1.,1.,1.,1.,
1.,1.,1.,1.,1.,1.,1.,1.,1.,1.,1.,1.,1.,1.),(1.,1.,1.,1.,1.,1.,1.,1.,1.,
1.,1.,1.,1.,1.,1.,1.,1.,1.,1.,1.,1.,1.,1.,1.,1.,1.,1.,1.,1.,1.,1.,1.),(0.972262495437916,
0.972262495437916,0.972262495437916,0.972262495437916,0.972262495437916,
0.972262495437916,0.972262495437916,0.972262495437916,0.972262495437916,
0.972262495437916,0.972262495437916,0.972262495437916,0.972262495437916,
0.972262495437916,0.972262495437916,0.972262495437916,0.972262495437916,
0.972262495437916,0.972262495437916,0.972262495437916,0.972262495437916,
0.972262495437916,0.972262495437916,0.972262495437916,0.972262495437916,
0.972262495437916,0.972262495437916,0.972262495437916,0.972262495437916,
0.972262495437916,0.972262495437916,0.972262495437916),(0.972262495437916,
0.972262495437916,0.972262495437916,0.972262495437916,0.972262495437916,
0.972262495437916,0.972262495437916,0.972262495437916,0.972262495437916,
0.972262495437916,0.972262495437916,0.972262495437916,0.972262495437916,
0.972262495437916,0.972262495437916,0.972262495437916,0.972262495437916,
0.972262495437916,0.972262495437916,0.972262495437916,0.972262495437916,
0.972262495437916,0.972262495437916,0.972262495437916,0.972262495437916,
0.972262495437916,0.972262495437916,0.972262495437916,0.972262495437916,
0.972262495437916,0.972262495437916,0.972262495437916),(1.,1.,1.,1.,1.,
1.,1.,1.,1.,1.,1.,1.,1.,1.,1.,1.,1.,1.,1.,1.,1.,1.,1.,1.,1.,1.,1.,1.,1.,
1.,1.,1.),(1.,1.,1.,1.,1.,1.,1.,1.,1.,1.,1.,1.,1.,1.,1.,1.,1.,1.,1.,1.,
1.,1.,1.,1.,1.,1.,1.,1.,1.,1.,1.,1.),(1.,1.,1.,1.,1.,1.,1.,1.,1.,1.,1.,
1.,1.,1.,1.,1.,1.,1.,1.,1.,1.,1.,1.,1.,1.,1.,1.,1.,1.,1.,1.,1.),(1.,1.,
1.,1.,1.,1.,1.,1.,1.,1.,1.,1.,1.,1.,1.,1.,1.,1.,1.,1.,1.,1.,1.,1.,1.,1.,
1.,1.,1.,1.,1.,1.)))
REPRESENTATION_ITEM('')
SURFACE()
);
#38=(
BOUNDED_SURFACE()
B_SPLINE_SURFACE(3,3,((#7628,#7629,#7630,#7631,#7632,#7633,#7634,#7635),
(#7636,#7637,#7638,#7639,#7640,#7641,#7642,#7643),(#7644,#7645,#7646,#7647,
#7648,#7649,#7650,#7651),(#7652,#7653,#7654,#7655,#7656,#7657,#7658,#7659)),
 .UNSPECIFIED.,.F.,.F.,.F.)
B_SPLINE_SURFACE_WITH_KNOTS((4,4),(4,2,2,4),(0.672830112348409,0.785375964870171),
(0.171371744231836,0.265638530752376,0.398457796128564,0.408907227047436),
 .UNSPECIFIED.)
GEOMETRIC_REPRESENTATION_ITEM()
RATIONAL_B_SPLINE_SURFACE(((0.812111853648314,0.812111853648314,0.812111853648314,
0.812111853648314,0.812111853648314,0.812111853648314,0.812111853648314,
0.812111853648314),(0.82318008645569,0.82318008645569,0.82318008645569,
0.82318008645569,0.82318008645569,0.82318008645569,0.82318008645569,0.82318008645569),
(0.837852100109729,0.837852100109729,0.837852100109729,0.837852100109729,
0.837852100109729,0.837852100109729,0.837852100109729,0.837852100109729),
(0.856127894610431,0.856127894610431,0.856127894610431,0.856127894610431,
0.856127894610431,0.856127894610431,0.856127894610431,0.856127894610431)))
REPRESENTATION_ITEM('')
SURFACE()
);
#39=(
BOUNDED_SURFACE()
B_SPLINE_SURFACE(3,3,((#7702,#7703,#7704,#7705,#7706,#7707,#7708,#7709,
#7710,#7711,#7712,#7713,#7714,#7715,#7716,#7717,#7718,#7719,#7720,#7721,
#7722,#7723,#7724,#7725,#7726,#7727,#7728,#7729,#7730,#7731,#7732,#7733,
#7734,#7735),(#7736,#7737,#7738,#7739,#7740,#7741,#7742,#7743,#7744,#7745,
#7746,#7747,#7748,#7749,#7750,#7751,#7752,#7753,#7754,#7755,#7756,#7757,
#7758,#7759,#7760,#7761,#7762,#7763,#7764,#7765,#7766,#7767,#7768,#7769),
(#7770,#7771,#7772,#7773,#7774,#7775,#7776,#7777,#7778,#7779,#7780,#7781,
#7782,#7783,#7784,#7785,#7786,#7787,#7788,#7789,#7790,#7791,#7792,#7793,
#7794,#7795,#7796,#7797,#7798,#7799,#7800,#7801,#7802,#7803),(#7804,#7805,
#7806,#7807,#7808,#7809,#7810,#7811,#7812,#7813,#7814,#7815,#7816,#7817,
#7818,#7819,#7820,#7821,#7822,#7823,#7824,#7825,#7826,#7827,#7828,#7829,
#7830,#7831,#7832,#7833,#7834,#7835,#7836,#7837),(#7838,#7839,#7840,#7841,
#7842,#7843,#7844,#7845,#7846,#7847,#7848,#7849,#7850,#7851,#7852,#7853,
#7854,#7855,#7856,#7857,#7858,#7859,#7860,#7861,#7862,#7863,#7864,#7865,
#7866,#7867,#7868,#7869,#7870,#7871),(#7872,#7873,#7874,#7875,#7876,#7877,
#7878,#7879,#7880,#7881,#7882,#7883,#7884,#7885,#7886,#7887,#7888,#7889,
#7890,#7891,#7892,#7893,#7894,#7895,#7896,#7897,#7898,#7899,#7900,#7901,
#7902,#7903,#7904,#7905),(#7906,#7907,#7908,#7909,#7910,#7911,#7912,#7913,
#7914,#7915,#7916,#7917,#7918,#7919,#7920,#7921,#7922,#7923,#7924,#7925,
#7926,#7927,#7928,#7929,#7930,#7931,#7932,#7933,#7934,#7935,#7936,#7937,
#7938,#7939)),.UNSPECIFIED.,.F.,.F.,.F.)
B_SPLINE_SURFACE_WITH_KNOTS((4,3,4),(4,2,2,2,2,2,2,2,2,2,2,2,2,2,2,2,4),
(0.506909880108272,1.,1.00294839175595),(-0.00549068045609473,-0.00522720224326295,
-0.00261360112163148,-0.00130680056081574,0.,0.0009765625,0.001953125,0.00390625,
0.0078125,0.015625,0.03125,0.0625,0.125,0.25,0.5,0.75,0.957506057336533),
 .UNSPECIFIED.)
GEOMETRIC_REPRESENTATION_ITEM()
RATIONAL_B_SPLINE_SURFACE(((0.630651494693393,0.630651494693393,0.630651494693393,
0.630651494693393,0.630651494693393,0.630651494693393,0.630651494693393,
0.630651494693393,0.630651494693393,0.630651494693393,0.630651494693393,
0.630651494693393,0.630651494693393,0.630651494693393,0.630651494693393,
0.630651494693393,0.630651494693393,0.630651494693393,0.630651494693393,
0.630651494693393,0.630651494693393,0.630651494693393,0.630651494693393,
0.630651494693393,0.630651494693393,0.630651494693393,0.630651494693393,
0.630651494693393,0.630651494693393,0.630651494693393,0.630651494693393,
0.630651494693393,0.630651494693393,0.630651494693393),(0.634007980714528,
0.634007980714528,0.634007980714528,0.634007980714528,0.634007980714528,
0.634007980714528,0.634007980714528,0.634007980714528,0.634007980714528,
0.634007980714528,0.634007980714528,0.634007980714528,0.634007980714528,
0.634007980714528,0.634007980714528,0.634007980714528,0.634007980714528,
0.634007980714528,0.634007980714528,0.634007980714528,0.634007980714528,
0.634007980714528,0.634007980714528,0.634007980714528,0.634007980714528,
0.634007980714528,0.634007980714528,0.634007980714528,0.634007980714528,
0.634007980714528,0.634007980714528,0.634007980714528,0.634007980714528,
0.634007980714528),(0.757124149150064,0.757124149150064,0.757124149150064,
0.757124149150064,0.757124149150064,0.757124149150064,0.757124149150064,
0.757124149150064,0.757124149150064,0.757124149150064,0.757124149150064,
0.757124149150064,0.757124149150064,0.757124149150064,0.757124149150064,
0.757124149150064,0.757124149150064,0.757124149150064,0.757124149150064,
0.757124149150064,0.757124149150064,0.757124149150064,0.757124149150064,
0.757124149150064,0.757124149150064,0.757124149150064,0.757124149150064,
0.757124149150064,0.757124149150064,0.757124149150064,0.757124149150064,
0.757124149150064,0.757124149150064,0.757124149150064),(1.,1.,1.,1.,1.,
1.,1.,1.,1.,1.,1.,1.,1.,1.,1.,1.,1.,1.,1.,1.,1.,1.,1.,1.,1.,1.,1.,1.,1.,
1.,1.,1.,1.,1.),(1.,1.,1.,1.,1.,1.,1.,1.,1.,1.,1.,1.,1.,1.,1.,1.,1.,1.,
1.,1.,1.,1.,1.,1.,1.,1.,1.,1.,1.,1.,1.,1.,1.,1.),(1.,1.,1.,1.,1.,1.,1.,
1.,1.,1.,1.,1.,1.,1.,1.,1.,1.,1.,1.,1.,1.,1.,1.,1.,1.,1.,1.,1.,1.,1.,1.,
1.,1.,1.),(1.,1.,1.,1.,1.,1.,1.,1.,1.,1.,1.,1.,1.,1.,1.,1.,1.,1.,1.,1.,
1.,1.,1.,1.,1.,1.,1.,1.,1.,1.,1.,1.,1.,1.)))
REPRESENTATION_ITEM('')
SURFACE()
);
#40=(
BOUNDED_SURFACE()
B_SPLINE_SURFACE(3,1,((#7978,#7979),(#7980,#7981),(#7982,#7983),(#7984,
#7985),(#7986,#7987),(#7988,#7989),(#7990,#7991)),
 .SURF_OF_LINEAR_EXTRUSION.,.F.,.F.,.F.)
B_SPLINE_SURFACE_WITH_KNOTS((4,3,4),(2,2),(0.,1.,1.00603295059242),(0.907116883855192,
1.),.PIECEWISE_BEZIER_KNOTS.)
GEOMETRIC_REPRESENTATION_ITEM()
RATIONAL_B_SPLINE_SURFACE(((1.,1.),(0.987862095001546,0.987862095001546),
(0.987862095001546,0.987862095001546),(1.,1.),(1.,1.),(1.,1.),(1.,1.)))
REPRESENTATION_ITEM('')
SURFACE()
);
#41=(
BOUNDED_SURFACE()
B_SPLINE_SURFACE(3,3,((#8003,#8004,#8005,#8006,#8007,#8008,#8009,#8010,
#8011,#8012,#8013,#8014,#8015,#8016,#8017,#8018,#8019,#8020,#8021,#8022,
#8023,#8024,#8025,#8026,#8027,#8028,#8029,#8030,#8031,#8032,#8033,#8034),
(#8035,#8036,#8037,#8038,#8039,#8040,#8041,#8042,#8043,#8044,#8045,#8046,
#8047,#8048,#8049,#8050,#8051,#8052,#8053,#8054,#8055,#8056,#8057,#8058,
#8059,#8060,#8061,#8062,#8063,#8064,#8065,#8066),(#8067,#8068,#8069,#8070,
#8071,#8072,#8073,#8074,#8075,#8076,#8077,#8078,#8079,#8080,#8081,#8082,
#8083,#8084,#8085,#8086,#8087,#8088,#8089,#8090,#8091,#8092,#8093,#8094,
#8095,#8096,#8097,#8098),(#8099,#8100,#8101,#8102,#8103,#8104,#8105,#8106,
#8107,#8108,#8109,#8110,#8111,#8112,#8113,#8114,#8115,#8116,#8117,#8118,
#8119,#8120,#8121,#8122,#8123,#8124,#8125,#8126,#8127,#8128,#8129,#8130),
(#8131,#8132,#8133,#8134,#8135,#8136,#8137,#8138,#8139,#8140,#8141,#8142,
#8143,#8144,#8145,#8146,#8147,#8148,#8149,#8150,#8151,#8152,#8153,#8154,
#8155,#8156,#8157,#8158,#8159,#8160,#8161,#8162),(#8163,#8164,#8165,#8166,
#8167,#8168,#8169,#8170,#8171,#8172,#8173,#8174,#8175,#8176,#8177,#8178,
#8179,#8180,#8181,#8182,#8183,#8184,#8185,#8186,#8187,#8188,#8189,#8190,
#8191,#8192,#8193,#8194),(#8195,#8196,#8197,#8198,#8199,#8200,#8201,#8202,
#8203,#8204,#8205,#8206,#8207,#8208,#8209,#8210,#8211,#8212,#8213,#8214,
#8215,#8216,#8217,#8218,#8219,#8220,#8221,#8222,#8223,#8224,#8225,#8226),
(#8227,#8228,#8229,#8230,#8231,#8232,#8233,#8234,#8235,#8236,#8237,#8238,
#8239,#8240,#8241,#8242,#8243,#8244,#8245,#8246,#8247,#8248,#8249,#8250,
#8251,#8252,#8253,#8254,#8255,#8256,#8257,#8258),(#8259,#8260,#8261,#8262,
#8263,#8264,#8265,#8266,#8267,#8268,#8269,#8270,#8271,#8272,#8273,#8274,
#8275,#8276,#8277,#8278,#8279,#8280,#8281,#8282,#8283,#8284,#8285,#8286,
#8287,#8288,#8289,#8290),(#8291,#8292,#8293,#8294,#8295,#8296,#8297,#8298,
#8299,#8300,#8301,#8302,#8303,#8304,#8305,#8306,#8307,#8308,#8309,#8310,
#8311,#8312,#8313,#8314,#8315,#8316,#8317,#8318,#8319,#8320,#8321,#8322)),
 .UNSPECIFIED.,.F.,.F.,.F.)
B_SPLINE_SURFACE_WITH_KNOTS((4,3,3,4),(4,3,3,3,3,3,2,2,2,2,2,3,4),(-1.,
0.,1.,2.),(-1.2636860098764,-0.1318430049382,-0.107781726634834,-0.088569328269438,
-0.0707187878446159,0.,0.199872815548657,0.48034649206314,0.760820168577397,
0.901057006834513,0.971175425963095,1.,2.1318430049382),.UNSPECIFIED.)
GEOMETRIC_REPRESENTATION_ITEM()
RATIONAL_B_SPLINE_SURFACE(((1.,1.,1.,1.,1.,1.,1.,1.,1.,1.,1.,1.,1.,1.,1.,
1.,1.,1.,1.,1.,1.,1.,1.,1.,1.,1.,1.,1.,1.,1.,1.,1.),(1.,1.,1.,1.,1.,1.,
1.,1.,1.,1.,1.,1.,1.,1.,1.,1.,1.,1.,1.,1.,1.,1.,1.,1.,1.,1.,1.,1.,1.,1.,
1.,1.),(1.,1.,1.,1.,1.,1.,1.,1.,1.,1.,1.,1.,1.,1.,1.,1.,1.,1.,1.,1.,1.,
1.,1.,1.,1.,1.,1.,1.,1.,1.,1.,1.),(1.,1.,1.,1.,1.,1.,1.,1.,1.,1.,1.,1.,
1.,1.,1.,1.,1.,1.,1.,1.,1.,1.,1.,1.,1.,1.,1.,1.,1.,1.,1.,1.),(0.990572718394811,
0.990572718394811,0.990572718394811,0.990572718394811,0.990572718394811,
0.990572718394811,0.990572718394811,0.990572718394811,0.990572718394811,
0.990572718394811,0.990572718394811,0.990572718394811,0.990572718394811,
0.990572718394811,0.990572718394811,0.990572718394811,0.990572718394811,
0.990572718394811,0.990572718394811,0.990572718394811,0.990572718394811,
0.990572718394811,0.990572718394811,0.990572718394811,0.990572718394811,
0.990572718394811,0.990572718394811,0.990572718394811,0.990572718394811,
0.990572718394811,0.990572718394811,0.990572718394811),(0.990572718394811,
0.990572718394811,0.990572718394811,0.990572718394811,0.990572718394811,
0.990572718394811,0.990572718394811,0.990572718394811,0.990572718394811,
0.990572718394811,0.990572718394811,0.990572718394811,0.990572718394811,
0.990572718394811,0.990572718394811,0.990572718394811,0.990572718394811,
0.990572718394811,0.990572718394811,0.990572718394811,0.990572718394811,
0.990572718394811,0.990572718394811,0.990572718394811,0.990572718394811,
0.990572718394811,0.990572718394811,0.990572718394811,0.990572718394811,
0.990572718394811,0.990572718394811,0.990572718394811),(1.,1.,1.,1.,1.,
1.,1.,1.,1.,1.,1.,1.,1.,1.,1.,1.,1.,1.,1.,1.,1.,1.,1.,1.,1.,1.,1.,1.,1.,
1.,1.,1.),(1.,1.,1.,1.,1.,1.,1.,1.,1.,1.,1.,1.,1.,1.,1.,1.,1.,1.,1.,1.,
1.,1.,1.,1.,1.,1.,1.,1.,1.,1.,1.,1.),(1.,1.,1.,1.,1.,1.,1.,1.,1.,1.,1.,
1.,1.,1.,1.,1.,1.,1.,1.,1.,1.,1.,1.,1.,1.,1.,1.,1.,1.,1.,1.,1.),(1.,1.,
1.,1.,1.,1.,1.,1.,1.,1.,1.,1.,1.,1.,1.,1.,1.,1.,1.,1.,1.,1.,1.,1.,1.,1.,
1.,1.,1.,1.,1.,1.)))
REPRESENTATION_ITEM('')
SURFACE()
);
#42=(
BOUNDED_SURFACE()
B_SPLINE_SURFACE(3,2,((#8355,#8356,#8357),(#8358,#8359,#8360),(#8361,#8362,
#8363),(#8364,#8365,#8366)),.UNSPECIFIED.,.F.,.F.,.F.)
B_SPLINE_SURFACE_WITH_KNOTS((4,4),(3,3),(0.,0.000314735037737204),(0.602381422092084,
1.),.PIECEWISE_BEZIER_KNOTS.)
GEOMETRIC_REPRESENTATION_ITEM()
RATIONAL_B_SPLINE_SURFACE(((0.898009416036342,0.915343850073063,1.),(0.899094797705682,
0.916244759056586,1.),(0.900136897081129,0.917109742053428,1.),(0.901106453715914,
0.917914511755172,1.)))
REPRESENTATION_ITEM('')
SURFACE()
);
#43=(
BOUNDED_SURFACE()
B_SPLINE_SURFACE(3,2,((#8405,#8406,#8407),(#8408,#8409,#8410),(#8411,#8412,
#8413),(#8414,#8415,#8416)),.UNSPECIFIED.,.F.,.F.,.F.)
B_SPLINE_SURFACE_WITH_KNOTS((4,4),(3,3),(0.,0.000326715216651684),(0.,0.376329453614929),
 .PIECEWISE_BEZIER_KNOTS.)
GEOMETRIC_REPRESENTATION_ITEM()
RATIONAL_B_SPLINE_SURFACE(((1.,0.919876473542124,0.900058632951436),(1.,
0.920761602865306,0.901162691128656),(1.,0.921610076835625,0.902221027577981),
(1.,0.922396228440544,0.903201626779944)))
REPRESENTATION_ITEM('')
SURFACE()
);
#44=(
BOUNDED_SURFACE()
B_SPLINE_SURFACE(3,3,((#8443,#8444,#8445,#8446,#8447,#8448,#8449,#8450,
#8451,#8452,#8453,#8454,#8455,#8456,#8457,#8458),(#8459,#8460,#8461,#8462,
#8463,#8464,#8465,#8466,#8467,#8468,#8469,#8470,#8471,#8472,#8473,#8474),
(#8475,#8476,#8477,#8478,#8479,#8480,#8481,#8482,#8483,#8484,#8485,#8486,
#8487,#8488,#8489,#8490),(#8491,#8492,#8493,#8494,#8495,#8496,#8497,#8498,
#8499,#8500,#8501,#8502,#8503,#8504,#8505,#8506)),.UNSPECIFIED.,.F.,.F.,
 .F.)
B_SPLINE_SURFACE_WITH_KNOTS((4,4),(4,1,1,1,1,1,1,1,1,1,1,1,1,4),(0.0112940370109461,
0.510051157039326),(0.395348490351155,0.4375,0.5,0.5625,0.625,0.6875,0.75,
0.8125,0.84375,0.875,0.90625,0.9375,0.953125,0.965396511957509),
 .UNSPECIFIED.)
GEOMETRIC_REPRESENTATION_ITEM()
RATIONAL_B_SPLINE_SURFACE(((0.998282079732471,0.998282079732471,0.998282079732471,
0.998282079732471,0.998282079732471,0.998282079732471,0.998282079732471,
0.998282079732471,0.998282079732471,0.998282079732471,0.998282079732471,
0.998282079732471,0.998282079732471,0.998282079732471,0.998282079732471,
0.998282079732471),(0.973282533205177,0.973282533205177,0.973282533205177,
0.973282533205177,0.973282533205177,0.973282533205177,0.973282533205177,
0.973282533205177,0.973282533205177,0.973282533205177,0.973282533205177,
0.973282533205177,0.973282533205177,0.973282533205177,0.973282533205177,
0.973282533205177),(0.961039841281934,0.961039841281934,0.961039841281934,
0.961039841281934,0.961039841281934,0.961039841281934,0.961039841281934,
0.961039841281934,0.961039841281934,0.961039841281934,0.961039841281934,
0.961039841281934,0.961039841281934,0.961039841281934,0.961039841281934,
0.961039841281934),(0.961554003962743,0.961554003962743,0.961554003962743,
0.961554003962743,0.961554003962743,0.961554003962743,0.961554003962743,
0.961554003962743,0.961554003962743,0.961554003962743,0.961554003962743,
0.961554003962743,0.961554003962743,0.961554003962743,0.961554003962743,
0.961554003962743)))
REPRESENTATION_ITEM('')
SURFACE()
);
#45=(
BOUNDED_SURFACE()
B_SPLINE_SURFACE(3,3,((#8537,#8538,#8539,#8540,#8541,#8542,#8543,#8544,
#8545,#8546,#8547,#8548,#8549,#8550,#8551,#8552,#8553,#8554,#8555,#8556,
#8557),(#8558,#8559,#8560,#8561,#8562,#8563,#8564,#8565,#8566,#8567,#8568,
#8569,#8570,#8571,#8572,#8573,#8574,#8575,#8576,#8577,#8578),(#8579,#8580,
#8581,#8582,#8583,#8584,#8585,#8586,#8587,#8588,#8589,#8590,#8591,#8592,
#8593,#8594,#8595,#8596,#8597,#8598,#8599),(#8600,#8601,#8602,#8603,#8604,
#8605,#8606,#8607,#8608,#8609,#8610,#8611,#8612,#8613,#8614,#8615,#8616,
#8617,#8618,#8619,#8620)),.UNSPECIFIED.,.F.,.F.,.F.)
B_SPLINE_SURFACE_WITH_KNOTS((4,4),(4,1,1,1,1,1,1,1,1,2,1,3,3,4),(0.00412592011914942,
0.50366564345941),(0.929192775635075,0.9375,0.953125,0.96875,0.9765625,
0.984375,0.9921875,0.99609375,0.998046875,1.,1.00231483990333,1.00462967980667,
1.06002124469676,1.06080335115251),.UNSPECIFIED.)
GEOMETRIC_REPRESENTATION_ITEM()
RATIONAL_B_SPLINE_SURFACE(((0.999367862015028,0.999367862015028,0.999367862015028,
0.999367862015028,0.999367862015028,0.999367862015028,0.999367862015028,
0.999367862015028,0.999367862015028,0.999367862015028,0.999367862015028,
0.999367862015028,0.999367862015028,0.999367862015028,0.999367862015028,
0.999367862015028,0.999367862015028,0.999367862015028,0.999367862015028,
0.999367862015028,0.999367862015028),(0.973961831176537,0.973961831176537,
0.973961831176537,0.973961831176537,0.973961831176537,0.973961831176537,
0.973961831176537,0.973961831176537,0.973961831176537,0.973961831176537,
0.973961831176537,0.973961831176537,0.973961831176537,0.973961831176537,
0.973961831176537,0.973961831176537,0.973961831176537,0.973961831176537,
0.973961831176537,0.973961831176537,0.973961831176537),(0.961352720091629,
0.961352720091629,0.961352720091629,0.961352720091629,0.961352720091629,
0.961352720091629,0.961352720091629,0.961352720091629,0.961352720091629,
0.961352720091629,0.961352720091629,0.961352720091629,0.961352720091629,
0.961352720091629,0.961352720091629,0.961352720091629,0.961352720091629,
0.961352720091629,0.961352720091629,0.961352720091629,0.961352720091629),
(0.961540528760303,0.961540528760303,0.961540528760303,0.961540528760303,
0.961540528760303,0.961540528760303,0.961540528760303,0.961540528760303,
0.961540528760303,0.961540528760303,0.961540528760303,0.961540528760303,
0.961540528760303,0.961540528760303,0.961540528760303,0.961540528760303,
0.961540528760303,0.961540528760303,0.961540528760303,0.961540528760303,
0.961540528760303)))
REPRESENTATION_ITEM('')
SURFACE()
);
#46=(
BOUNDED_SURFACE()
B_SPLINE_SURFACE(3,1,((#8646,#8647),(#8648,#8649),(#8650,#8651),(#8652,
#8653)),.SURF_OF_LINEAR_EXTRUSION.,.F.,.F.,.F.)
B_SPLINE_SURFACE_WITH_KNOTS((4,4),(2,2),(0.484143583310975,0.982210218032482),
(0.0593678987969551,0.44887348035505),.PIECEWISE_BEZIER_KNOTS.)
GEOMETRIC_REPRESENTATION_ITEM()
RATIONAL_B_SPLINE_SURFACE(((0.961577142453879,0.961577142453879),(0.960767137110387,
0.960767137110387),(0.972678689337296,0.972678689337296),(0.997311799134605,
0.997311799134605)))
REPRESENTATION_ITEM('')
SURFACE()
);
#47=(
BOUNDED_SURFACE()
B_SPLINE_SURFACE(3,3,((#8668,#8669,#8670,#8671,#8672,#8673,#8674,#8675,
#8676,#8677,#8678,#8679,#8680,#8681,#8682,#8683,#8684,#8685,#8686,#8687,
#8688,#8689,#8690,#8691,#8692,#8693,#8694,#8695,#8696,#8697,#8698,#8699,
#8700,#8701,#8702,#8703,#8704,#8705,#8706),(#8707,#8708,#8709,#8710,#8711,
#8712,#8713,#8714,#8715,#8716,#8717,#8718,#8719,#8720,#8721,#8722,#8723,
#8724,#8725,#8726,#8727,#8728,#8729,#8730,#8731,#8732,#8733,#8734,#8735,
#8736,#8737,#8738,#8739,#8740,#8741,#8742,#8743,#8744,#8745),(#8746,#8747,
#8748,#8749,#8750,#8751,#8752,#8753,#8754,#8755,#8756,#8757,#8758,#8759,
#8760,#8761,#8762,#8763,#8764,#8765,#8766,#8767,#8768,#8769,#8770,#8771,
#8772,#8773,#8774,#8775,#8776,#8777,#8778,#8779,#8780,#8781,#8782,#8783,
#8784),(#8785,#8786,#8787,#8788,#8789,#8790,#8791,#8792,#8793,#8794,#8795,
#8796,#8797,#8798,#8799,#8800,#8801,#8802,#8803,#8804,#8805,#8806,#8807,
#8808,#8809,#8810,#8811,#8812,#8813,#8814,#8815,#8816,#8817,#8818,#8819,
#8820,#8821,#8822,#8823)),.UNSPECIFIED.,.F.,.F.,.F.)
B_SPLINE_SURFACE_WITH_KNOTS((4,4),(4,3,3,2,2,2,2,2,2,2,2,2,2,2,2,2,3,4),
(0.,1.),(-0.202189067654157,-0.189919498363313,-0.02753121459017,0.,0.015625,
0.03125,0.0625,0.125,0.25,0.5,0.75,0.875,0.9375,0.96875,0.984375,1.,1.02649714710411,
1.03703743072105),.UNSPECIFIED.)
GEOMETRIC_REPRESENTATION_ITEM()
RATIONAL_B_SPLINE_SURFACE(((1.,1.,1.,1.,1.,1.,1.,1.,1.,1.,1.,1.,1.,1.,1.,
1.,1.,1.,1.,1.,1.,1.,1.,1.,1.,1.,1.,1.,1.,1.,1.,1.,1.,1.,1.,1.,1.,1.,1.),
(0.948717948717949,0.948717948717949,0.948717948717949,0.948717948717949,
0.948717948717949,0.948717948717949,0.948717948717949,0.948717948717949,
0.948717948717949,0.948717948717949,0.948717948717949,0.948717948717949,
0.948717948717949,0.948717948717949,0.948717948717949,0.948717948717949,
0.948717948717949,0.948717948717949,0.948717948717949,0.948717948717949,
0.948717948717949,0.948717948717949,0.948717948717949,0.948717948717949,
0.948717948717949,0.948717948717949,0.948717948717949,0.948717948717949,
0.948717948717949,0.948717948717949,0.948717948717949,0.948717948717949,
0.948717948717949,0.948717948717949,0.948717948717949,0.948717948717949,
0.948717948717949,0.948717948717949,0.948717948717949),(0.948717948717949,
0.948717948717949,0.948717948717949,0.948717948717949,0.948717948717949,
0.948717948717949,0.948717948717949,0.948717948717949,0.948717948717949,
0.948717948717949,0.948717948717949,0.948717948717949,0.948717948717949,
0.948717948717949,0.948717948717949,0.948717948717949,0.948717948717949,
0.948717948717949,0.948717948717949,0.948717948717949,0.948717948717949,
0.948717948717949,0.948717948717949,0.948717948717949,0.948717948717949,
0.948717948717949,0.948717948717949,0.948717948717949,0.948717948717949,
0.948717948717949,0.948717948717949,0.948717948717949,0.948717948717949,
0.948717948717949,0.948717948717949,0.948717948717949,0.948717948717949,
0.948717948717949,0.948717948717949),(1.,1.,1.,1.,1.,1.,1.,1.,1.,1.,1.,
1.,1.,1.,1.,1.,1.,1.,1.,1.,1.,1.,1.,1.,1.,1.,1.,1.,1.,1.,1.,1.,1.,1.,1.,
1.,1.,1.,1.)))
REPRESENTATION_ITEM('')
SURFACE()
);
#48=(
BOUNDED_SURFACE()
B_SPLINE_SURFACE(3,3,((#8902,#8903,#8904,#8905,#8906,#8907,#8908,#8909,
#8910,#8911,#8912,#8913,#8914,#8915,#8916,#8917,#8918,#8919,#8920,#8921,
#8922,#8923,#8924,#8925,#8926,#8927,#8928,#8929),(#8930,#8931,#8932,#8933,
#8934,#8935,#8936,#8937,#8938,#8939,#8940,#8941,#8942,#8943,#8944,#8945,
#8946,#8947,#8948,#8949,#8950,#8951,#8952,#8953,#8954,#8955,#8956,#8957),
(#8958,#8959,#8960,#8961,#8962,#8963,#8964,#8965,#8966,#8967,#8968,#8969,
#8970,#8971,#8972,#8973,#8974,#8975,#8976,#8977,#8978,#8979,#8980,#8981,
#8982,#8983,#8984,#8985),(#8986,#8987,#8988,#8989,#8990,#8991,#8992,#8993,
#8994,#8995,#8996,#8997,#8998,#8999,#9000,#9001,#9002,#9003,#9004,#9005,
#9006,#9007,#9008,#9009,#9010,#9011,#9012,#9013)),.UNSPECIFIED.,.F.,.F.,
 .F.)
B_SPLINE_SURFACE_WITH_KNOTS((4,4),(4,2,2,2,2,2,2,2,2,2,2,2,2,4),(0.484143583310975,
0.982210218032481),(0.0422575321775127,0.0625,0.125,0.25,0.5,0.75,0.875,
0.9375,0.96875,0.984375,0.9921875,1.,1.01274502224138,1.01910953227866),
 .UNSPECIFIED.)
GEOMETRIC_REPRESENTATION_ITEM()
RATIONAL_B_SPLINE_SURFACE(((0.961577142453879,0.961577142453879,0.961577142453879,
0.961577142453879,0.961577142453879,0.961577142453879,0.961577142453879,
0.961577142453879,0.961577142453879,0.961577142453879,0.961577142453879,
0.961577142453879,0.961577142453879,0.961577142453879,0.961577142453879,
0.961577142453879,0.961577142453879,0.961577142453879,0.961577142453879,
0.961577142453879,0.961577142453879,0.961577142453879,0.961577142453879,
0.961577142453879,0.961577142453879,0.961577142453879,0.961577142453879,
0.961577142453879),(0.960767137110387,0.960767137110387,0.960767137110387,
0.960767137110387,0.960767137110387,0.960767137110387,0.960767137110387,
0.960767137110387,0.960767137110387,0.960767137110387,0.960767137110387,
0.960767137110387,0.960767137110387,0.960767137110387,0.960767137110387,
0.960767137110387,0.960767137110387,0.960767137110387,0.960767137110387,
0.960767137110387,0.960767137110387,0.960767137110387,0.960767137110387,
0.960767137110387,0.960767137110387,0.960767137110387,0.960767137110387,
0.960767137110387),(0.972678689337296,0.972678689337296,0.972678689337296,
0.972678689337296,0.972678689337296,0.972678689337296,0.972678689337296,
0.972678689337296,0.972678689337296,0.972678689337296,0.972678689337296,
0.972678689337296,0.972678689337296,0.972678689337296,0.972678689337296,
0.972678689337296,0.972678689337296,0.972678689337296,0.972678689337296,
0.972678689337296,0.972678689337296,0.972678689337296,0.972678689337296,
0.972678689337296,0.972678689337296,0.972678689337296,0.972678689337296,
0.972678689337296),(0.997311799134605,0.997311799134605,0.997311799134605,
0.997311799134605,0.997311799134605,0.997311799134605,0.997311799134605,
0.997311799134605,0.997311799134605,0.997311799134605,0.997311799134605,
0.997311799134605,0.997311799134605,0.997311799134605,0.997311799134605,
0.997311799134605,0.997311799134605,0.997311799134605,0.997311799134605,
0.997311799134605,0.997311799134605,0.997311799134605,0.997311799134605,
0.997311799134605,0.997311799134605,0.997311799134605,0.997311799134605,
0.997311799134605)))
REPRESENTATION_ITEM('')
SURFACE()
);
#49=(
BOUNDED_SURFACE()
B_SPLINE_SURFACE(3,2,((#9183,#9184,#9185),(#9186,#9187,#9188),(#9189,#9190,
#9191),(#9192,#9193,#9194),(#9195,#9196,#9197),(#9198,#9199,#9200),(#9201,
#9202,#9203)),.UNSPECIFIED.,.F.,.F.,.F.)
B_SPLINE_SURFACE_WITH_KNOTS((4,1,1,1,4),(3,3),(0.,0.00128462704796412,0.00256925409592825,
0.00385388114389237,0.0051385081918565),(0.,1.),.UNSPECIFIED.)
GEOMETRIC_REPRESENTATION_ITEM()
RATIONAL_B_SPLINE_SURFACE(((1.,0.65411227479042,1.),(1.,0.646943268752118,
1.),(1.,0.639516108694235,1.),(1.,0.671622022831806,1.),(1.,0.7301357894079,
1.),(1.,0.769308927447768,1.),(1.,0.787092066038869,1.)))
REPRESENTATION_ITEM('')
SURFACE()
);
#50=(
BOUNDED_SURFACE()
B_SPLINE_SURFACE(3,2,((#9213,#9214,#9215),(#9216,#9217,#9218),(#9219,#9220,
#9221),(#9222,#9223,#9224)),.UNSPECIFIED.,.F.,.F.,.F.)
B_SPLINE_SURFACE_WITH_KNOTS((4,4),(3,3),(0.,0.00186028237031892),(0.,1.),
 .PIECEWISE_BEZIER_KNOTS.)
GEOMETRIC_REPRESENTATION_ITEM()
RATIONAL_B_SPLINE_SURFACE(((1.,0.65411227479042,1.),(1.,0.671969173359021,
1.),(1.,0.689804279158816,1.),(1.,0.707106781186548,1.)))
REPRESENTATION_ITEM('')
SURFACE()
);
#51=(
BOUNDED_SURFACE()
B_SPLINE_SURFACE(3,1,((#9320,#9321),(#9322,#9323),(#9324,#9325),(#9326,
#9327)),.SURF_OF_LINEAR_EXTRUSION.,.F.,.F.,.F.)
B_SPLINE_SURFACE_WITH_KNOTS((4,4),(2,2),(0.499999999999891,1.),(0.184692916511391,
0.85589126023305),.PIECEWISE_BEZIER_KNOTS.)
GEOMETRIC_REPRESENTATION_ITEM()
RATIONAL_B_SPLINE_SURFACE(((0.961538461538461,0.961538461538461),(0.961538461538456,
0.961538461538456),(0.974358974358969,0.974358974358969),(1.,1.)))
REPRESENTATION_ITEM('')
SURFACE()
);
#52=(
BOUNDED_SURFACE()
B_SPLINE_SURFACE(3,1,((#9350,#9351,#9352,#9353),(#9354,#9355,#9356,#9357),
(#9358,#9359,#9360,#9361),(#9362,#9363,#9364,#9365)),
 .SURF_OF_LINEAR_EXTRUSION.,.F.,.F.,.F.)
B_SPLINE_SURFACE_WITH_KNOTS((4,4),(2,1,1,2),(0.492442157515103,0.991501964614318),
(-0.119738339199151,-0.04,0.,0.971875679891383),
 .PIECEWISE_BEZIER_KNOTS.)
GEOMETRIC_REPRESENTATION_ITEM()
RATIONAL_B_SPLINE_SURFACE(((0.961547249382004,0.961547249382004,0.961547249382004,
0.961547249382004),(0.961160396519173,0.961160396519173,0.961160396519173,
0.961160396519173),(0.973545886787723,0.973545886787722,0.973545886787723,
0.973545886787723),(0.998703720187651,0.998703720187651,0.998703720187651,
0.998703720187651)))
REPRESENTATION_ITEM('')
SURFACE()
);
#53=(
BOUNDED_SURFACE()
B_SPLINE_SURFACE(3,2,((#9503,#9504,#9505),(#9506,#9507,#9508),(#9509,#9510,
#9511),(#9512,#9513,#9514),(#9515,#9516,#9517),(#9518,#9519,#9520),(#9521,
#9522,#9523),(#9524,#9525,#9526),(#9527,#9528,#9529),(#9530,#9531,#9532),
(#9533,#9534,#9535)),.UNSPECIFIED.,.F.,.F.,.F.)
B_SPLINE_SURFACE_WITH_KNOTS((4,1,1,1,1,1,1,1,4),(3,3),(0.554899969549902,
0.582718721453033,0.610537473356165,0.666174977162427,0.721812480968689,
0.777449984774951,0.888724992387476,0.944362496193738,1.),(0.,1.),
 .UNSPECIFIED.)
GEOMETRIC_REPRESENTATION_ITEM()
RATIONAL_B_SPLINE_SURFACE(((1.,0.76308856971407,1.),(1.,0.771017719245998,
1.),(1.,0.786876018309853,1.),(1.,0.815492139692262,1.),(1.,0.846396838911383,
1.),(1.,0.875016601196581,1.),(1.,0.902845911490145,1.),(1.,0.91717107665854,
1.),(1.,0.923198596903182,1.),(1.,0.923652553975252,1.),(1.,0.923879532511287,
1.)))
REPRESENTATION_ITEM('')
SURFACE()
);
#54=(
BOUNDED_SURFACE()
B_SPLINE_SURFACE(3,3,((#9708,#9709,#9710,#9711,#9712,#9713,#9714,#9715,
#9716,#9717,#9718,#9719,#9720,#9721,#9722,#9723,#9724,#9725,#9726,#9727,
#9728,#9729,#9730,#9731,#9732,#9733,#9734),(#9735,#9736,#9737,#9738,#9739,
#9740,#9741,#9742,#9743,#9744,#9745,#9746,#9747,#9748,#9749,#9750,#9751,
#9752,#9753,#9754,#9755,#9756,#9757,#9758,#9759,#9760,#9761),(#9762,#9763,
#9764,#9765,#9766,#9767,#9768,#9769,#9770,#9771,#9772,#9773,#9774,#9775,
#9776,#9777,#9778,#9779,#9780,#9781,#9782,#9783,#9784,#9785,#9786,#9787,
#9788),(#9789,#9790,#9791,#9792,#9793,#9794,#9795,#9796,#9797,#9798,#9799,
#9800,#9801,#9802,#9803,#9804,#9805,#9806,#9807,#9808,#9809,#9810,#9811,
#9812,#9813,#9814,#9815),(#9816,#9817,#9818,#9819,#9820,#9821,#9822,#9823,
#9824,#9825,#9826,#9827,#9828,#9829,#9830,#9831,#9832,#9833,#9834,#9835,
#9836,#9837,#9838,#9839,#9840,#9841,#9842),(#9843,#9844,#9845,#9846,#9847,
#9848,#9849,#9850,#9851,#9852,#9853,#9854,#9855,#9856,#9857,#9858,#9859,
#9860,#9861,#9862,#9863,#9864,#9865,#9866,#9867,#9868,#9869),(#9870,#9871,
#9872,#9873,#9874,#9875,#9876,#9877,#9878,#9879,#9880,#9881,#9882,#9883,
#9884,#9885,#9886,#9887,#9888,#9889,#9890,#9891,#9892,#9893,#9894,#9895,
#9896)),.UNSPECIFIED.,.F.,.F.,.F.)
B_SPLINE_SURFACE_WITH_KNOTS((4,3,4),(4,1,1,2,1,1,1,1,1,1,1,1,1,1,1,1,1,
1,1,1,3,4),(0.78713217046139,1.,1.00004299750315),(-0.00865394869617538,
-0.00575851688914079,-0.00287925844457039,0.,0.00390625,0.0078125,0.015625,
0.03125,0.046875,0.0625,0.09375,0.125,0.15625,0.1875,0.25,0.3125,0.375,
0.5,0.625,0.75,1.,1.00601582871986),.UNSPECIFIED.)
GEOMETRIC_REPRESENTATION_ITEM()
RATIONAL_B_SPLINE_SURFACE(((0.918822945476448,0.918822945476448,0.918822945476448,
0.918822945476448,0.918822945476448,0.918822945476448,0.918822945476448,
0.918822945476448,0.918822945476448,0.918822945476448,0.918822945476448,
0.918822945476448,0.918822945476448,0.918822945476448,0.918822945476448,
0.918822945476448,0.918822945476448,0.918822945476448,0.918822945476448,
0.918822945476448,0.918822945476448,0.918822945476448,0.918822945476448,
0.918822945476448,0.918822945476448,0.918822945476448,0.918822945476448),
(0.938564266973825,0.938564266973825,0.938564266973825,0.938564266973825,
0.938564266973825,0.938564266973825,0.938564266973825,0.938564266973825,
0.938564266973825,0.938564266973825,0.938564266973825,0.938564266973825,
0.938564266973825,0.938564266973825,0.938564266973825,0.938564266973825,
0.938564266973825,0.938564266973825,0.938564266973825,0.938564266973825,
0.938564266973825,0.938564266973825,0.938564266973825,0.938564266973825,
0.938564266973825,0.938564266973825,0.938564266973825),(0.965623285148343,
0.965623285148343,0.965623285148343,0.965623285148343,0.965623285148343,
0.965623285148343,0.965623285148343,0.965623285148343,0.965623285148343,
0.965623285148343,0.965623285148343,0.965623285148343,0.965623285148343,
0.965623285148343,0.965623285148343,0.965623285148343,0.965623285148343,
0.965623285148343,0.965623285148343,0.965623285148343,0.965623285148343,
0.965623285148343,0.965623285148343,0.965623285148343,0.965623285148343,
0.965623285148343,0.965623285148343),(1.,1.,1.,1.,1.,1.,1.,1.,1.,1.,1.,
1.,1.,1.,1.,1.,1.,1.,1.,1.,1.,1.,1.,1.,1.,1.,1.),(1.,1.,1.,1.,1.,1.,1.,
1.,1.,1.,1.,1.,1.,1.,1.,1.,1.,1.,1.,1.,1.,1.,1.,1.,1.,1.,1.),(1.,1.,1.,
1.,1.,1.,1.,1.,1.,1.,1.,1.,1.,1.,1.,1.,1.,1.,1.,1.,1.,1.,1.,1.,1.,1.,1.),
(1.,1.,1.,1.,1.,1.,1.,1.,1.,1.,1.,1.,1.,1.,1.,1.,1.,1.,1.,1.,1.,1.,1.,1.,
1.,1.,1.)))
REPRESENTATION_ITEM('')
SURFACE()
);
#55=(
BOUNDED_SURFACE()
B_SPLINE_SURFACE(3,3,((#9923,#9924,#9925,#9926,#9927,#9928,#9929,#9930,
#9931,#9932,#9933,#9934,#9935,#9936,#9937,#9938,#9939,#9940,#9941,#9942,
#9943,#9944,#9945,#9946,#9947,#9948,#9949,#9950,#9951,#9952,#9953,#9954,
#9955,#9956,#9957,#9958,#9959),(#9960,#9961,#9962,#9963,#9964,#9965,#9966,
#9967,#9968,#9969,#9970,#9971,#9972,#9973,#9974,#9975,#9976,#9977,#9978,
#9979,#9980,#9981,#9982,#9983,#9984,#9985,#9986,#9987,#9988,#9989,#9990,
#9991,#9992,#9993,#9994,#9995,#9996),(#9997,#9998,#9999,#10000,#10001,#10002,
#10003,#10004,#10005,#10006,#10007,#10008,#10009,#10010,#10011,#10012,#10013,
#10014,#10015,#10016,#10017,#10018,#10019,#10020,#10021,#10022,#10023,#10024,
#10025,#10026,#10027,#10028,#10029,#10030,#10031,#10032,#10033),(#10034,
#10035,#10036,#10037,#10038,#10039,#10040,#10041,#10042,#10043,#10044,#10045,
#10046,#10047,#10048,#10049,#10050,#10051,#10052,#10053,#10054,#10055,#10056,
#10057,#10058,#10059,#10060,#10061,#10062,#10063,#10064,#10065,#10066,#10067,
#10068,#10069,#10070),(#10071,#10072,#10073,#10074,#10075,#10076,#10077,
#10078,#10079,#10080,#10081,#10082,#10083,#10084,#10085,#10086,#10087,#10088,
#10089,#10090,#10091,#10092,#10093,#10094,#10095,#10096,#10097,#10098,#10099,
#10100,#10101,#10102,#10103,#10104,#10105,#10106,#10107),(#10108,#10109,
#10110,#10111,#10112,#10113,#10114,#10115,#10116,#10117,#10118,#10119,#10120,
#10121,#10122,#10123,#10124,#10125,#10126,#10127,#10128,#10129,#10130,#10131,
#10132,#10133,#10134,#10135,#10136,#10137,#10138,#10139,#10140,#10141,#10142,
#10143,#10144),(#10145,#10146,#10147,#10148,#10149,#10150,#10151,#10152,
#10153,#10154,#10155,#10156,#10157,#10158,#10159,#10160,#10161,#10162,#10163,
#10164,#10165,#10166,#10167,#10168,#10169,#10170,#10171,#10172,#10173,#10174,
#10175,#10176,#10177,#10178,#10179,#10180,#10181)),.UNSPECIFIED.,.F.,.F.,
 .F.)
B_SPLINE_SURFACE_WITH_KNOTS((4,3,4),(4,3,1,1,1,1,1,1,1,1,1,1,1,1,1,1,1,
1,1,1,1,2,1,1,1,1,1,1,1,1,1,4),(-0.00300089510375753,0.,0.5),(-0.00647795307982519,
0.,0.125,0.25,0.375,0.5,0.625,0.6875,0.75,0.8125,0.84375,0.875,0.90625,
0.9375,0.953125,0.96875,0.9765625,0.984375,0.9921875,0.99609375,0.998046875,
1.,1.00155938015532,1.00311876031065,1.0062375206213,1.0124750412426,1.0187125618639,
1.0249500824852,1.0374251237278,1.0499001649704,1.07485024745559,1.0861367985595),
 .UNSPECIFIED.)
GEOMETRIC_REPRESENTATION_ITEM()
RATIONAL_B_SPLINE_SURFACE(((1.,1.,1.,1.,1.,1.,1.,1.,1.,1.,1.,1.,1.,1.,1.,
1.,1.,1.,1.,1.,1.,1.,1.,1.,1.,1.,1.,1.,1.,1.,1.,1.,1.,1.,1.,1.,1.),(1.,
1.,1.,1.,1.,1.,1.,1.,1.,1.,1.,1.,1.,1.,1.,1.,1.,1.,1.,1.,1.,1.,1.,1.,1.,
1.,1.,1.,1.,1.,1.,1.,1.,1.,1.,1.,1.),(1.,1.,1.,1.,1.,1.,1.,1.,1.,1.,1.,
1.,1.,1.,1.,1.,1.,1.,1.,1.,1.,1.,1.,1.,1.,1.,1.,1.,1.,1.,1.,1.,1.,1.,1.,
1.,1.),(1.,1.,1.,1.,1.,1.,1.,1.,1.,1.,1.,1.,1.,1.,1.,1.,1.,1.,1.,1.,1.,
1.,1.,1.,1.,1.,1.,1.,1.,1.,1.,1.,1.,1.,1.,1.,1.),(0.919253381485195,0.919253381485195,
0.919253381485195,0.919253381485195,0.919253381485195,0.919253381485195,
0.919253381485195,0.919253381485195,0.919253381485195,0.919253381485195,
0.919253381485195,0.919253381485195,0.919253381485195,0.919253381485195,
0.919253381485195,0.919253381485195,0.919253381485195,0.919253381485195,
0.919253381485195,0.919253381485195,0.919253381485195,0.919253381485195,
0.919253381485195,0.919253381485195,0.919253381485195,0.919253381485195,
0.919253381485195,0.919253381485195,0.919253381485195,0.919253381485195,
0.919253381485195,0.919253381485195,0.919253381485195,0.919253381485195,
0.919253381485195,0.919253381485195,0.919253381485195),(0.878880072227792,
0.878880072227792,0.878880072227792,0.878880072227792,0.878880072227792,
0.878880072227792,0.878880072227792,0.878880072227792,0.878880072227792,
0.878880072227792,0.878880072227792,0.878880072227792,0.878880072227792,
0.878880072227792,0.878880072227792,0.878880072227792,0.878880072227792,
0.878880072227792,0.878880072227792,0.878880072227792,0.878880072227792,
0.878880072227792,0.878880072227792,0.878880072227792,0.878880072227792,
0.878880072227792,0.878880072227792,0.878880072227792,0.878880072227792,
0.878880072227792,0.878880072227792,0.878880072227792,0.878880072227792,
0.878880072227792,0.878880072227792,0.878880072227792,0.878880072227792),
(0.878880072227792,0.878880072227792,0.878880072227792,0.878880072227792,
0.878880072227792,0.878880072227792,0.878880072227792,0.878880072227792,
0.878880072227792,0.878880072227792,0.878880072227792,0.878880072227792,
0.878880072227792,0.878880072227792,0.878880072227792,0.878880072227792,
0.878880072227792,0.878880072227792,0.878880072227792,0.878880072227792,
0.878880072227792,0.878880072227792,0.878880072227792,0.878880072227792,
0.878880072227792,0.878880072227792,0.878880072227792,0.878880072227792,
0.878880072227792,0.878880072227792,0.878880072227792,0.878880072227792,
0.878880072227792,0.878880072227792,0.878880072227792,0.878880072227792,
0.878880072227792)))
REPRESENTATION_ITEM('')
SURFACE()
);
#56=(
BOUNDED_SURFACE()
B_SPLINE_SURFACE(3,1,((#10372,#10373),(#10374,#10375),(#10376,#10377),(#10378,
#10379),(#10380,#10381),(#10382,#10383),(#10384,#10385)),
 .SURF_OF_LINEAR_EXTRUSION.,.F.,.F.,.F.)
B_SPLINE_SURFACE_WITH_KNOTS((4,1,1,1,4),(2,2),(0.,1.,1.03758726713454,1.07517453426908,
3.74612044081835),(-0.772866057112212,1.45155169382912),.UNSPECIFIED.)
GEOMETRIC_REPRESENTATION_ITEM()
RATIONAL_B_SPLINE_SURFACE(((1.,1.),(0.820267109315542,0.820267109315542),
(0.820267109315539,0.820267109315539),(1.02077485873379,1.02077485873379),
(1.02077485873379,1.02077485873379),(1.02077485873379,1.02077485873379),
(1.02077485873379,1.02077485873379)))
REPRESENTATION_ITEM('')
SURFACE()
);
#57=(
BOUNDED_SURFACE()
B_SPLINE_SURFACE(2,3,((#10496,#10497,#10498,#10499),(#10500,#10501,#10502,
#10503),(#10504,#10505,#10506,#10507)),.UNSPECIFIED.,.F.,.F.,.F.)
B_SPLINE_SURFACE_WITH_KNOTS((3,3),(4,4),(0.660383546053598,1.),(0.,0.949016127245302),
 .PIECEWISE_BEZIER_KNOTS.)
GEOMETRIC_REPRESENTATION_ITEM()
RATIONAL_B_SPLINE_SURFACE(((1.,0.91841363111152,0.914254042061592,0.987521232850216),
(1.,0.91841363111152,0.914254042061592,0.987521232850216),(1.,0.91841363111152,
0.914254042061592,0.987521232850216)))
REPRESENTATION_ITEM('')
SURFACE()
);
#58=(
BOUNDED_SURFACE()
B_SPLINE_SURFACE(3,1,((#10514,#10515,#10516),(#10517,#10518,#10519),(#10520,
#10521,#10522),(#10523,#10524,#10525),(#10526,#10527,#10528),(#10529,#10530,
#10531),(#10532,#10533,#10534)),.SURF_OF_LINEAR_EXTRUSION.,.F.,.F.,.F.)
B_SPLINE_SURFACE_WITH_KNOTS((4,3,4),(2,1,2),(0.,1.,1.00612378645052),(-0.00748290493754882,
0.,0.319782511454266),.PIECEWISE_BEZIER_KNOTS.)
GEOMETRIC_REPRESENTATION_ITEM()
RATIONAL_B_SPLINE_SURFACE(((1.,1.,1.),(0.987862095001546,0.987862095001546,
0.987862095001546),(0.987862095001546,0.987862095001546,0.987862095001546),
(1.,1.,1.),(1.,1.,1.),(1.,1.,1.),(1.,1.,1.)))
REPRESENTATION_ITEM('')
SURFACE()
);
#59=(
BOUNDED_SURFACE()
B_SPLINE_SURFACE(3,3,((#10580,#10581,#10582,#10583,#10584,#10585,#10586,
#10587,#10588,#10589),(#10590,#10591,#10592,#10593,#10594,#10595,#10596,
#10597,#10598,#10599),(#10600,#10601,#10602,#10603,#10604,#10605,#10606,
#10607,#10608,#10609),(#10610,#10611,#10612,#10613,#10614,#10615,#10616,
#10617,#10618,#10619),(#10620,#10621,#10622,#10623,#10624,#10625,#10626,
#10627,#10628,#10629),(#10630,#10631,#10632,#10633,#10634,#10635,#10636,
#10637,#10638,#10639),(#10640,#10641,#10642,#10643,#10644,#10645,#10646,
#10647,#10648,#10649)),.UNSPECIFIED.,.F.,.F.,.F.)
B_SPLINE_SURFACE_WITH_KNOTS((4,3,4),(4,3,3,4),(0.,1.,1.01),(0.,1.,1.01,
1.44008202946503),.PIECEWISE_BEZIER_KNOTS.)
GEOMETRIC_REPRESENTATION_ITEM()
RATIONAL_B_SPLINE_SURFACE(((1.,0.914030576987875,0.914030576987875,1.,1.,
1.,1.,1.,1.,1.),(0.987862095001546,0.902936160678714,0.902936160678714,
0.987862095001546,0.987862095001546,0.987862095001546,0.987862095001546,
0.987862095001546,0.987862095001546,0.987862095001546),(0.987862095001546,
0.902936160678714,0.902936160678714,0.987862095001546,0.987862095001546,
0.987862095001546,0.987862095001546,0.987862095001546,0.987862095001546,
0.987862095001546),(1.,0.914030576987875,0.914030576987875,1.,1.,1.,1.,
1.,1.,1.),(1.,0.914030576987875,0.914030576987875,1.,1.,1.,1.,1.,1.,1.),
(1.,0.914030576987875,0.914030576987875,1.,1.,1.,1.,1.,1.,1.),(1.,0.914030576987875,
0.914030576987875,1.,1.,1.,1.,1.,1.,1.)))
REPRESENTATION_ITEM('')
SURFACE()
);
#60=(
BOUNDED_SURFACE()
B_SPLINE_SURFACE(3,1,((#10901,#10902),(#10903,#10904),(#10905,#10906),(#10907,
#10908)),.SURF_OF_LINEAR_EXTRUSION.,.F.,.F.,.F.)
B_SPLINE_SURFACE_WITH_KNOTS((4,4),(2,2),(0.,0.490148822214973),(-0.0691239879198444,
0.910377055828122),.PIECEWISE_BEZIER_KNOTS.)
GEOMETRIC_REPRESENTATION_ITEM()
RATIONAL_B_SPLINE_SURFACE(((1.,1.),(0.758572911043735,0.758572911043735),
(0.635481025390173,0.635481025390173),(0.630724343039313,0.630724343039313)))
REPRESENTATION_ITEM('')
SURFACE()
);
#61=(
BOUNDED_SURFACE()
B_SPLINE_SURFACE(3,3,((#10918,#10919,#10920,#10921,#10922,#10923,#10924,
#10925,#10926,#10927),(#10928,#10929,#10930,#10931,#10932,#10933,#10934,
#10935,#10936,#10937),(#10938,#10939,#10940,#10941,#10942,#10943,#10944,
#10945,#10946,#10947),(#10948,#10949,#10950,#10951,#10952,#10953,#10954,
#10955,#10956,#10957),(#10958,#10959,#10960,#10961,#10962,#10963,#10964,
#10965,#10966,#10967),(#10968,#10969,#10970,#10971,#10972,#10973,#10974,
#10975,#10976,#10977),(#10978,#10979,#10980,#10981,#10982,#10983,#10984,
#10985,#10986,#10987),(#10988,#10989,#10990,#10991,#10992,#10993,#10994,
#10995,#10996,#10997),(#10998,#10999,#11000,#11001,#11002,#11003,#11004,
#11005,#11006,#11007),(#11008,#11009,#11010,#11011,#11012,#11013,#11014,
#11015,#11016,#11017)),.UNSPECIFIED.,.F.,.F.,.F.)
B_SPLINE_SURFACE_WITH_KNOTS((4,3,3,4),(4,2,2,2,4),(-0.0177773941459546,
-0.01,0.,0.0987751084731798),(0.00023345915864711,0.0128026791415849,0.0256053582831699,
0.0512107165663398,0.0726824267405776),.UNSPECIFIED.)
GEOMETRIC_REPRESENTATION_ITEM()
RATIONAL_B_SPLINE_SURFACE(((1.,1.,1.,1.,1.,1.,1.,1.,1.,1.),(1.,1.,1.,1.,
1.,1.,1.,1.,1.,1.),(1.,1.,1.,1.,1.,1.,1.,1.,1.,1.),(1.,1.,1.,1.,1.,1.,1.,
1.,1.,1.),(1.,1.,1.,1.,1.,1.,1.,1.,1.,1.),(1.,1.,1.,1.,1.,1.,1.,1.,1.,1.),
(1.,1.,1.,1.,1.,1.,1.,1.,1.,1.),(0.98682998553691,0.98682998553691,0.986829985536909,
0.986829985536909,0.986829985536909,0.986829985536909,0.986829985536909,
0.986829985536909,0.98682998553691,0.98682998553691),(0.974960840681004,
0.974960840681004,0.974960840681004,0.974960840681004,0.974960840681004,
0.974960840681004,0.974960840681004,0.974960840681004,0.974960840681004,
0.974960840681004),(0.964392565432284,0.964392565432283,0.964392565432284,
0.964392565432283,0.964392565432283,0.964392565432283,0.964392565432283,
0.964392565432283,0.964392565432283,0.964392565432283)))
REPRESENTATION_ITEM('')
SURFACE()
);
#62=(
BOUNDED_SURFACE()
B_SPLINE_SURFACE(3,3,((#11050,#11051,#11052,#11053,#11054,#11055,#11056,
#11057,#11058,#11059),(#11060,#11061,#11062,#11063,#11064,#11065,#11066,
#11067,#11068,#11069),(#11070,#11071,#11072,#11073,#11074,#11075,#11076,
#11077,#11078,#11079),(#11080,#11081,#11082,#11083,#11084,#11085,#11086,
#11087,#11088,#11089)),.UNSPECIFIED.,.F.,.F.,.F.)
B_SPLINE_SURFACE_WITH_KNOTS((4,4),(4,2,2,2,4),(0.0980762113533171,0.205309937944494),
(-0.00512075404668752,0.,0.0128026791415849,0.0256053582831699,0.0310519769949639),
 .UNSPECIFIED.)
GEOMETRIC_REPRESENTATION_ITEM()
RATIONAL_B_SPLINE_SURFACE(((0.964617092752041,0.964617092752041,0.964617092752041,
0.964617092752041,0.964617092752041,0.964617092752041,0.964617092752041,
0.964617092752041,0.964617092752041,0.964617092752041),(0.953123816575447,
0.953123816575447,0.953123816575447,0.953123816575447,0.953123816575447,
0.953123816575447,0.953123816575447,0.953123816575447,0.953123816575447,
0.953123816575447),(0.94316375001467,0.94316375001467,0.94316375001467,
0.94316375001467,0.94316375001467,0.94316375001467,0.94316375001467,0.94316375001467,
0.94316375001467,0.94316375001467),(0.934736893069711,0.934736893069711,
0.934736893069711,0.934736893069711,0.934736893069711,0.934736893069711,
0.934736893069711,0.934736893069711,0.934736893069711,0.934736893069711)))
REPRESENTATION_ITEM('')
SURFACE()
);
#63=(
BOUNDED_SURFACE()
B_SPLINE_SURFACE(3,1,((#11273,#11274,#11275),(#11276,#11277,#11278),(#11279,
#11280,#11281),(#11282,#11283,#11284),(#11285,#11286,#11287),(#11288,#11289,
#11290),(#11291,#11292,#11293)),.SURF_OF_LINEAR_EXTRUSION.,.F.,.F.,.F.)
B_SPLINE_SURFACE_WITH_KNOTS((4,3,4),(2,1,2),(-0.00116400211631477,0.,0.508443786520492),
(-0.0127625498886291,0.,0.984799237021252),.PIECEWISE_BEZIER_KNOTS.)
GEOMETRIC_REPRESENTATION_ITEM()
RATIONAL_B_SPLINE_SURFACE(((1.,1.,1.),(1.,1.,1.),(1.,1.,1.),(1.,1.,1.),
(0.932207495130601,0.932207495130601,0.932207495130601),(0.898883668134708,
0.898883668134708,0.898883668134708),(0.900028519012321,0.900028519012321,
0.900028519012321)))
REPRESENTATION_ITEM('')
SURFACE()
);
#64=(
BOUNDED_SURFACE()
B_SPLINE_SURFACE(3,3,((#11678,#11679,#11680,#11681,#11682,#11683,#11684,
#11685,#11686,#11687,#11688,#11689,#11690,#11691,#11692,#11693,#11694,#11695,
#11696,#11697,#11698,#11699,#11700,#11701,#11702),(#11703,#11704,#11705,
#11706,#11707,#11708,#11709,#11710,#11711,#11712,#11713,#11714,#11715,#11716,
#11717,#11718,#11719,#11720,#11721,#11722,#11723,#11724,#11725,#11726,#11727),
(#11728,#11729,#11730,#11731,#11732,#11733,#11734,#11735,#11736,#11737,
#11738,#11739,#11740,#11741,#11742,#11743,#11744,#11745,#11746,#11747,#11748,
#11749,#11750,#11751,#11752),(#11753,#11754,#11755,#11756,#11757,#11758,
#11759,#11760,#11761,#11762,#11763,#11764,#11765,#11766,#11767,#11768,#11769,
#11770,#11771,#11772,#11773,#11774,#11775,#11776,#11777)),.UNSPECIFIED.,
 .F.,.F.,.F.)
B_SPLINE_SURFACE_WITH_KNOTS((4,4),(4,3,2,2,2,2,2,2,2,2,2,4),(0.0108285075651734,
0.507851485512042),(-0.00245968542935225,0.,0.5,0.75,0.875,0.9375,0.96875,
0.984375,0.9921875,1.,1.00810444115278,1.01591162194448),.UNSPECIFIED.)
GEOMETRIC_REPRESENTATION_ITEM()
RATIONAL_B_SPLINE_SURFACE(((0.995715499604366,0.995715499604366,0.995715499604366,
0.995715499604366,0.995715499604366,0.995715499604366,0.995715499604366,
0.995715499604366,0.995715499604366,0.995715499604366,0.995715499604366,
0.995715499604366,0.995715499604366,0.995715499604366,0.995715499604366,
0.995715499604366,0.995715499604366,0.995715499604366,0.995715499604366,
0.995715499604366,0.995715499604366,0.995715499604366,0.995715499604366,
0.995715499604366,0.995715499604366),(0.930880973765254,0.930880973765254,
0.930880973765254,0.930880973765254,0.930880973765254,0.930880973765254,
0.930880973765254,0.930880973765254,0.930880973765254,0.930880973765254,
0.930880973765254,0.930880973765254,0.930880973765254,0.930880973765254,
0.930880973765254,0.930880973765254,0.930880973765254,0.930880973765254,
0.930880973765254,0.930880973765254,0.930880973765254,0.930880973765254,
0.930880973765254,0.930880973765254,0.930880973765254),(0.898984026673765,
0.898984026673765,0.898984026673765,0.898984026673765,0.898984026673765,
0.898984026673765,0.898984026673765,0.898984026673765,0.898984026673765,
0.898984026673765,0.898984026673765,0.898984026673765,0.898984026673765,
0.898984026673765,0.898984026673765,0.898984026673765,0.898984026673765,
0.898984026673765,0.898984026673765,0.898984026673765,0.898984026673765,
0.898984026673765,0.898984026673765,0.898984026673765,0.898984026673765),
(0.900024658329898,0.900024658329898,0.900024658329898,0.900024658329898,
0.900024658329898,0.900024658329898,0.900024658329898,0.900024658329898,
0.900024658329898,0.900024658329898,0.900024658329898,0.900024658329898,
0.900024658329898,0.900024658329898,0.900024658329898,0.900024658329898,
0.900024658329898,0.900024658329898,0.900024658329898,0.900024658329898,
0.900024658329898,0.900024658329898,0.900024658329898,0.900024658329898,
0.900024658329899)))
REPRESENTATION_ITEM('')
SURFACE()
);
#65=(
BOUNDED_SURFACE()
B_SPLINE_SURFACE(1,3,((#12435,#12436,#12437,#12438),(#12439,#12440,#12441,
#12442),(#12443,#12444,#12445,#12446),(#12447,#12448,#12449,#12450)),
 .SURF_OF_REVOLUTION.,.F.,.F.,.F.)
B_SPLINE_SURFACE_WITH_KNOTS((2,1,1,2),(4,4),(-0.0436218428588628,-0.0332889533256067,
0.,1.),(0.,1.),.PIECEWISE_BEZIER_KNOTS.)
GEOMETRIC_REPRESENTATION_ITEM()
RATIONAL_B_SPLINE_SURFACE(((1.,0.993915808621031,0.993915808621031,1.),
(1.,0.993915808621031,0.993915808621031,1.),(1.,0.993915808621031,0.993915808621031,
1.),(1.,0.993915808621031,0.993915808621031,1.)))
REPRESENTATION_ITEM('')
SURFACE()
);
#66=(
BOUNDED_SURFACE()
B_SPLINE_SURFACE(1,3,((#12459,#12460,#12461,#12462,#12463,#12464,#12465,
#12466,#12467,#12468,#12469,#12470,#12471),(#12472,#12473,#12474,#12475,
#12476,#12477,#12478,#12479,#12480,#12481,#12482,#12483,#12484),(#12485,
#12486,#12487,#12488,#12489,#12490,#12491,#12492,#12493,#12494,#12495,#12496,
#12497),(#12498,#12499,#12500,#12501,#12502,#12503,#12504,#12505,#12506,
#12507,#12508,#12509,#12510)),.RULED_SURF.,.F.,.F.,.F.)
B_SPLINE_SURFACE_WITH_KNOTS((2,1,1,2),(4,3,3,3,4),(-0.0333333333341015,
-0.01,0.,1.),(-0.601694202614665,-0.585835844172936,-0.50185811047099,0.,
1.),.PIECEWISE_BEZIER_KNOTS.)
GEOMETRIC_REPRESENTATION_ITEM()
RATIONAL_B_SPLINE_SURFACE(((1.,1.,1.,1.,1.,1.,1.,1.,1.,1.,0.995297931147671,
0.995297931147671,1.),(1.,1.,1.,1.,1.,1.,1.,1.,1.,1.,0.995297931147671,
0.995297931147671,1.),(1.,1.,1.,1.,1.,1.,1.,1.,1.,1.,0.995297931147671,
0.995297931147671,1.),(1.,1.,1.,1.,1.,1.,1.,1.,1.,1.,0.995297931147671,
0.995297931147671,1.)))
REPRESENTATION_ITEM('')
SURFACE()
);
#67=(
BOUNDED_SURFACE()
B_SPLINE_SURFACE(3,2,((#12785,#12786,#12787),(#12788,#12789,#12790),(#12791,
#12792,#12793),(#12794,#12795,#12796),(#12797,#12798,#12799),(#12800,#12801,
#12802),(#12803,#12804,#12805)),.UNSPECIFIED.,.F.,.F.,.F.)
B_SPLINE_SURFACE_WITH_KNOTS((4,1,1,1,4),(3,3),(-0.000199650714197664,0.000863639521206687,
0.00192692975661104,0.00299021999201539,0.00405351022741974),(0.763898242422171,
1.),.UNSPECIFIED.)
GEOMETRIC_REPRESENTATION_ITEM()
RATIONAL_B_SPLINE_SURFACE(((0.987054713379026,0.991526825235304,1.),(0.987054713379026,
0.991526825235304,1.),(0.987054266230362,0.991526532559763,1.),(0.987056278399193,
0.991527849599598,1.),(0.987058806092174,0.991529504069291,1.),(0.987056431959054,
0.991527950110276,1.),(0.98705551143592,0.991527347593421,1.)))
REPRESENTATION_ITEM('')
SURFACE()
);
#68=CYLINDRICAL_SURFACE('',#5302,5.25);
#69=CYLINDRICAL_SURFACE('',#5305,26.9012383162301);
#70=CYLINDRICAL_SURFACE('',#5307,14.645);
#71=CYLINDRICAL_SURFACE('',#5309,2.25);
#72=CYLINDRICAL_SURFACE('',#5317,1.);
#73=CYLINDRICAL_SURFACE('',#5320,1.);
#74=CYLINDRICAL_SURFACE('',#5323,3.);
#75=CYLINDRICAL_SURFACE('',#5332,1.);
#76=CYLINDRICAL_SURFACE('',#5335,1.);
#77=CYLINDRICAL_SURFACE('',#5359,0.999999999999999);
#78=CYLINDRICAL_SURFACE('',#5365,12.);
#79=CYLINDRICAL_SURFACE('',#5412,3.);
#80=CYLINDRICAL_SURFACE('',#5420,10.5);
#81=CYLINDRICAL_SURFACE('',#5426,12.2599127952705);
#82=CYLINDRICAL_SURFACE('',#5428,12.2599127952705);
#83=CYLINDRICAL_SURFACE('',#5429,12.2599127952705);
#84=CYLINDRICAL_SURFACE('',#5431,12.2599127952705);
#85=CYLINDRICAL_SURFACE('',#5452,8.);
#86=CYLINDRICAL_SURFACE('',#5456,8.);
#87=CYLINDRICAL_SURFACE('',#5457,8.);
#88=CYLINDRICAL_SURFACE('',#5462,8.);
#89=CYLINDRICAL_SURFACE('',#5485,7.75);
#90=CYLINDRICAL_SURFACE('',#5498,5.);
#91=CYLINDRICAL_SURFACE('',#5533,20.8707254144945);
#92=CYLINDRICAL_SURFACE('',#5535,2.5);
#93=CYLINDRICAL_SURFACE('',#5539,24.8335394781464);
#94=CYLINDRICAL_SURFACE('',#5542,3.);
#95=CYLINDRICAL_SURFACE('',#5545,3.);
#96=CYLINDRICAL_SURFACE('',#5556,0.999999999999999);
#97=CYLINDRICAL_SURFACE('',#5558,0.999999999999999);
#98=CYLINDRICAL_SURFACE('',#5573,1.75);
#99=CYLINDRICAL_SURFACE('',#5575,4.24999999453077);
#100=ELLIPSE('',#5289,4.76465770866697,4.24999999453077);
#101=ELLIPSE('',#5313,4.24264068711929,3.);
#102=ELLIPSE('',#5360,1.00004375657984,0.999999999999999);
#103=ELLIPSE('',#5410,14.3742028235156,9.46694682143436);
#104=ELLIPSE('',#5413,4.24264068711929,3.);
#105=ELLIPSE('',#5427,12.3076308210583,12.2599127952705);
#106=ELLIPSE('',#5448,2.58710724266335,2.5);
#107=ELLIPSE('',#5532,1.53907322309014,0.999999999999999);
#108=ELLIPSE('',#5534,29.5156629377431,20.8707254144945);
#109=ELLIPSE('',#5538,35.1199283317224,24.8335394781464);
#110=CIRCLE('',#5287,4.24999999453077);
#111=CIRCLE('',#5296,26.9012383162301);
#112=CIRCLE('',#5297,20.8707254144945);
#113=CIRCLE('',#5298,5.);
#114=CIRCLE('',#5299,0.999999999999999);
#115=CIRCLE('',#5300,0.999999999999999);
#116=CIRCLE('',#5308,14.651630350832);
#117=CIRCLE('',#5311,0.999999999999999);
#118=CIRCLE('',#5314,0.999999999999999);
#119=CIRCLE('',#5316,1.);
#120=CIRCLE('',#5318,1.);
#121=CIRCLE('',#5319,1.);
#122=CIRCLE('',#5321,1.);
#123=CIRCLE('',#5324,3.);
#124=CIRCLE('',#5333,1.);
#125=CIRCLE('',#5334,1.);
#126=CIRCLE('',#5336,1.);
#127=CIRCLE('',#5337,1.);
#128=CIRCLE('',#5344,20.9839743177508);
#129=CIRCLE('',#5356,16.7756492352507);
#130=CIRCLE('',#5357,0.999999999999999);
#131=CIRCLE('',#5358,0.999999999999999);
#132=CIRCLE('',#5366,12.);
#133=CIRCLE('',#5367,12.);
#134=CIRCLE('',#5369,3.);
#135=CIRCLE('',#5377,1.03175416344812);
#136=CIRCLE('',#5379,0.531754163448123);
#137=CIRCLE('',#5387,11.5);
#138=CIRCLE('',#5403,12.5673241527505);
#139=CIRCLE('',#5404,12.5673241527505);
#140=CIRCLE('',#5406,13.7921182405299);
#141=CIRCLE('',#5408,12.852425619744);
#142=CIRCLE('',#5421,10.5);
#143=CIRCLE('',#5422,10.5);
#144=CIRCLE('',#5430,12.0757011912669);
#145=CIRCLE('',#5432,12.2599127952705);
#146=CIRCLE('',#5435,2.);
#147=CIRCLE('',#5437,1.5);
#148=CIRCLE('',#5450,8.);
#149=CIRCLE('',#5451,8.);
#150=CIRCLE('',#5453,8.);
#151=CIRCLE('',#5455,8.);
#152=CIRCLE('',#5458,8.);
#153=CIRCLE('',#5459,8.);
#154=CIRCLE('',#5461,8.);
#155=CIRCLE('',#5463,8.);
#156=CIRCLE('',#5467,4.);
#157=CIRCLE('',#5468,3.);
#158=CIRCLE('',#5469,3.);
#159=CIRCLE('',#5476,5.);
#160=CIRCLE('',#5477,4.);
#161=CIRCLE('',#5478,4.);
#162=CIRCLE('',#5484,7.75);
#163=CIRCLE('',#5487,10.8730579980772);
#164=CIRCLE('',#5494,1.20000000000008);
#165=CIRCLE('',#5516,24.3335394781464);
#166=CIRCLE('',#5518,1.75);
#167=CIRCLE('',#5519,3.);
#168=CIRCLE('',#5520,3.);
#169=CIRCLE('',#5523,47.5465159549911);
#170=CIRCLE('',#5524,47.4228004892566);
#171=CIRCLE('',#5525,20.8707254144945);
#172=CIRCLE('',#5526,24.8335394781464);
#173=CIRCLE('',#5530,0.999999999999999);
#174=CIRCLE('',#5540,24.8335394781464);
#175=CIRCLE('',#5541,24.8335394781464);
#176=CIRCLE('',#5543,3.);
#177=CIRCLE('',#5546,3.);
#178=CIRCLE('',#5553,4.24999999453077);
#179=CIRCLE('',#5554,0.499999999999993);
#180=CIRCLE('',#5555,23.8335394781464);
#181=CIRCLE('',#5557,0.999999999999999);
#182=CIRCLE('',#5559,0.999999999999999);
#183=CIRCLE('',#5574,1.75);
#184=CIRCLE('',#5576,4.24999999453077);
#185=PLANE('',#5286);
#186=PLANE('',#5288);
#187=PLANE('',#5290);
#188=PLANE('',#5291);
#189=PLANE('',#5292);
#190=PLANE('',#5293);
#191=PLANE('',#5294);
#192=PLANE('',#5295);
#193=PLANE('',#5301);
#194=PLANE('',#5303);
#195=PLANE('',#5304);
#196=PLANE('',#5306);
#197=PLANE('',#5310);
#198=PLANE('',#5312);
#199=PLANE('',#5315);
#200=PLANE('',#5322);
#201=PLANE('',#5325);
#202=PLANE('',#5326);
#203=PLANE('',#5327);
#204=PLANE('',#5328);
#205=PLANE('',#5329);
#206=PLANE('',#5330);
#207=PLANE('',#5331);
#208=PLANE('',#5338);
#209=PLANE('',#5339);
#210=PLANE('',#5340);
#211=PLANE('',#5341);
#212=PLANE('',#5342);
#213=PLANE('',#5343);
#214=PLANE('',#5345);
#215=PLANE('',#5346);
#216=PLANE('',#5347);
#217=PLANE('',#5348);
#218=PLANE('',#5349);
#219=PLANE('',#5350);
#220=PLANE('',#5351);
#221=PLANE('',#5352);
#222=PLANE('',#5353);
#223=PLANE('',#5354);
#224=PLANE('',#5361);
#225=PLANE('',#5362);
#226=PLANE('',#5363);
#227=PLANE('',#5364);
#228=PLANE('',#5368);
#229=PLANE('',#5370);
#230=PLANE('',#5371);
#231=PLANE('',#5372);
#232=PLANE('',#5373);
#233=PLANE('',#5374);
#234=PLANE('',#5375);
#235=PLANE('',#5376);
#236=PLANE('',#5378);
#237=PLANE('',#5380);
#238=PLANE('',#5381);
#239=PLANE('',#5382);
#240=PLANE('',#5383);
#241=PLANE('',#5384);
#242=PLANE('',#5385);
#243=PLANE('',#5386);
#244=PLANE('',#5388);
#245=PLANE('',#5389);
#246=PLANE('',#5390);
#247=PLANE('',#5391);
#248=PLANE('',#5392);
#249=PLANE('',#5393);
#250=PLANE('',#5394);
#251=PLANE('',#5395);
#252=PLANE('',#5396);
#253=PLANE('',#5397);
#254=PLANE('',#5398);
#255=PLANE('',#5399);
#256=PLANE('',#5400);
#257=PLANE('',#5401);
#258=PLANE('',#5405);
#259=PLANE('',#5411);
#260=PLANE('',#5414);
#261=PLANE('',#5415);
#262=PLANE('',#5416);
#263=PLANE('',#5417);
#264=PLANE('',#5418);
#265=PLANE('',#5419);
#266=PLANE('',#5424);
#267=PLANE('',#5425);
#268=PLANE('',#5433);
#269=PLANE('',#5438);
#270=PLANE('',#5439);
#271=PLANE('',#5440);
#272=PLANE('',#5441);
#273=PLANE('',#5442);
#274=PLANE('',#5443);
#275=PLANE('',#5444);
#276=PLANE('',#5445);
#277=PLANE('',#5446);
#278=PLANE('',#5447);
#279=PLANE('',#5449);
#280=PLANE('',#5454);
#281=PLANE('',#5460);
#282=PLANE('',#5464);
#283=PLANE('',#5465);
#284=PLANE('',#5466);
#285=PLANE('',#5470);
#286=PLANE('',#5471);
#287=PLANE('',#5472);
#288=PLANE('',#5473);
#289=PLANE('',#5474);
#290=PLANE('',#5479);
#291=PLANE('',#5480);
#292=PLANE('',#5481);
#293=PLANE('',#5482);
#294=PLANE('',#5483);
#295=PLANE('',#5486);
#296=PLANE('',#5488);
#297=PLANE('',#5489);
#298=PLANE('',#5490);
#299=PLANE('',#5491);
#300=PLANE('',#5492);
#301=PLANE('',#5493);
#302=PLANE('',#5495);
#303=PLANE('',#5496);
#304=PLANE('',#5497);
#305=PLANE('',#5499);
#306=PLANE('',#5500);
#307=PLANE('',#5501);
#308=PLANE('',#5502);
#309=PLANE('',#5503);
#310=PLANE('',#5504);
#311=PLANE('',#5505);
#312=PLANE('',#5506);
#313=PLANE('',#5507);
#314=PLANE('',#5508);
#315=PLANE('',#5509);
#316=PLANE('',#5510);
#317=PLANE('',#5511);
#318=PLANE('',#5512);
#319=PLANE('',#5513);
#320=PLANE('',#5514);
#321=PLANE('',#5515);
#322=PLANE('',#5517);
#323=PLANE('',#5521);
#324=PLANE('',#5522);
#325=PLANE('',#5527);
#326=PLANE('',#5528);
#327=PLANE('',#5529);
#328=PLANE('',#5531);
#329=PLANE('',#5536);
#330=PLANE('',#5537);
#331=PLANE('',#5544);
#332=PLANE('',#5547);
#333=PLANE('',#5548);
#334=PLANE('',#5549);
#335=PLANE('',#5550);
#336=PLANE('',#5551);
#337=PLANE('',#5552);
#338=PLANE('',#5560);
#339=PLANE('',#5561);
#340=PLANE('',#5562);
#341=PLANE('',#5563);
#342=PLANE('',#5564);
#343=PLANE('',#5566);
#344=PLANE('',#5568);
#345=PLANE('',#5570);
#346=PLANE('',#5571);
#347=PLANE('',#5577);
#348=LINE('',#6616,#776);
#349=LINE('',#6625,#777);
#350=LINE('',#6640,#778);
#351=LINE('',#6642,#779);
#352=LINE('',#6644,#780);
#353=LINE('',#6646,#781);
#354=LINE('',#6648,#782);
#355=LINE('',#6650,#783);
#356=LINE('',#6652,#784);
#357=LINE('',#6654,#785);
#358=LINE('',#6656,#786);
#359=LINE('',#6658,#787);
#360=LINE('',#6660,#788);
#361=LINE('',#6688,#789);
#362=LINE('',#6690,#790);
#363=LINE('',#6692,#791);
#364=LINE('',#6695,#792);
#365=LINE('',#6697,#793);
#366=LINE('',#6699,#794);
#367=LINE('',#6701,#795);
#368=LINE('',#6703,#796);
#369=LINE('',#6706,#797);
#370=LINE('',#6707,#798);
#371=LINE('',#6709,#799);
#372=LINE('',#6712,#800);
#373=LINE('',#6714,#801);
#374=LINE('',#6723,#802);
#375=LINE('',#6731,#803);
#376=LINE('',#6733,#804);
#377=LINE('',#6735,#805);
#378=LINE('',#6741,#806);
#379=LINE('',#6743,#807);
#380=LINE('',#6745,#808);
#381=LINE('',#6747,#809);
#382=LINE('',#6749,#810);
#383=LINE('',#6751,#811);
#384=LINE('',#6753,#812);
#385=LINE('',#6765,#813);
#386=LINE('',#6768,#814);
#387=LINE('',#6770,#815);
#388=LINE('',#6772,#816);
#389=LINE('',#6774,#817);
#390=LINE('',#6776,#818);
#391=LINE('',#6778,#819);
#392=LINE('',#6780,#820);
#393=LINE('',#6789,#821);
#394=LINE('',#6793,#822);
#395=LINE('',#6795,#823);
#396=LINE('',#6811,#824);
#397=LINE('',#6813,#825);
#398=LINE('',#6817,#826);
#399=LINE('',#6819,#827);
#400=LINE('',#6830,#828);
#401=LINE('',#6834,#829);
#402=LINE('',#6838,#830);
#403=LINE('',#6839,#831);
#404=LINE('',#6842,#832);
#405=LINE('',#6844,#833);
#406=LINE('',#6846,#834);
#407=LINE('',#6848,#835);
#408=LINE('',#6851,#836);
#409=LINE('',#6852,#837);
#410=LINE('',#6866,#838);
#411=LINE('',#6876,#839);
#412=LINE('',#6883,#840);
#413=LINE('',#7057,#841);
#414=LINE('',#7066,#842);
#415=LINE('',#7583,#843);
#416=LINE('',#7590,#844);
#417=LINE('',#7602,#845);
#418=LINE('',#7608,#846);
#419=LINE('',#7610,#847);
#420=LINE('',#7612,#848);
#421=LINE('',#7680,#849);
#422=LINE('',#8337,#850);
#423=LINE('',#8345,#851);
#424=LINE('',#8347,#852);
#425=LINE('',#8350,#853);
#426=LINE('',#8352,#854);
#427=LINE('',#8354,#855);
#428=LINE('',#8383,#856);
#429=LINE('',#8385,#857);
#430=LINE('',#8387,#858);
#431=LINE('',#8426,#859);
#432=LINE('',#8429,#860);
#433=LINE('',#8431,#861);
#434=LINE('',#8433,#862);
#435=LINE('',#8435,#863);
#436=LINE('',#8437,#864);
#437=LINE('',#8660,#865);
#438=LINE('',#8667,#866);
#439=LINE('',#8845,#867);
#440=LINE('',#8848,#868);
#441=LINE('',#8850,#869);
#442=LINE('',#8857,#870);
#443=LINE('',#8861,#871);
#444=LINE('',#8869,#872);
#445=LINE('',#8871,#873);
#446=LINE('',#8873,#874);
#447=LINE('',#8875,#875);
#448=LINE('',#8877,#876);
#449=LINE('',#8879,#877);
#450=LINE('',#8881,#878);
#451=LINE('',#8883,#879);
#452=LINE('',#8885,#880);
#453=LINE('',#8887,#881);
#454=LINE('',#8888,#882);
#455=LINE('',#8890,#883);
#456=LINE('',#8892,#884);
#457=LINE('',#8894,#885);
#458=LINE('',#8896,#886);
#459=LINE('',#8898,#887);
#460=LINE('',#8900,#888);
#461=LINE('',#8901,#889);
#462=LINE('',#9043,#890);
#463=LINE('',#9045,#891);
#464=LINE('',#9047,#892);
#465=LINE('',#9049,#893);
#466=LINE('',#9051,#894);
#467=LINE('',#9054,#895);
#468=LINE('',#9056,#896);
#469=LINE('',#9058,#897);
#470=LINE('',#9060,#898);
#471=LINE('',#9063,#899);
#472=LINE('',#9065,#900);
#473=LINE('',#9067,#901);
#474=LINE('',#9069,#902);
#475=LINE('',#9071,#903);
#476=LINE('',#9073,#904);
#477=LINE('',#9076,#905);
#478=LINE('',#9078,#906);
#479=LINE('',#9080,#907);
#480=LINE('',#9082,#908);
#481=LINE('',#9084,#909);
#482=LINE('',#9086,#910);
#483=LINE('',#9089,#911);
#484=LINE('',#9090,#912);
#485=LINE('',#9092,#913);
#486=LINE('',#9094,#914);
#487=LINE('',#9095,#915);
#488=LINE('',#9099,#916);
#489=LINE('',#9102,#917);
#490=LINE('',#9104,#918);
#491=LINE('',#9111,#919);
#492=LINE('',#9113,#920);
#493=LINE('',#9115,#921);
#494=LINE('',#9116,#922);
#495=LINE('',#9118,#923);
#496=LINE('',#9120,#924);
#497=LINE('',#9122,#925);
#498=LINE('',#9124,#926);
#499=LINE('',#9126,#927);
#500=LINE('',#9128,#928);
#501=LINE('',#9131,#929);
#502=LINE('',#9133,#930);
#503=LINE('',#9135,#931);
#504=LINE('',#9136,#932);
#505=LINE('',#9138,#933);
#506=LINE('',#9140,#934);
#507=LINE('',#9142,#935);
#508=LINE('',#9144,#936);
#509=LINE('',#9146,#937);
#510=LINE('',#9149,#938);
#511=LINE('',#9150,#939);
#512=LINE('',#9158,#940);
#513=LINE('',#9159,#941);
#514=LINE('',#9166,#942);
#515=LINE('',#9173,#943);
#516=LINE('',#9234,#944);
#517=LINE('',#9241,#945);
#518=LINE('',#9243,#946);
#519=LINE('',#9245,#947);
#520=LINE('',#9247,#948);
#521=LINE('',#9254,#949);
#522=LINE('',#9256,#950);
#523=LINE('',#9259,#951);
#524=LINE('',#9260,#952);
#525=LINE('',#9261,#953);
#526=LINE('',#9262,#954);
#527=LINE('',#9274,#955);
#528=LINE('',#9280,#956);
#529=LINE('',#9284,#957);
#530=LINE('',#9286,#958);
#531=LINE('',#9288,#959);
#532=LINE('',#9290,#960);
#533=LINE('',#9293,#961);
#534=LINE('',#9295,#962);
#535=LINE('',#9297,#963);
#536=LINE('',#9299,#964);
#537=LINE('',#9301,#965);
#538=LINE('',#9303,#966);
#539=LINE('',#9304,#967);
#540=LINE('',#9306,#968);
#541=LINE('',#9308,#969);
#542=LINE('',#9310,#970);
#543=LINE('',#9312,#971);
#544=LINE('',#9314,#972);
#545=LINE('',#9349,#973);
#546=LINE('',#9371,#974);
#547=LINE('',#9378,#975);
#548=LINE('',#9380,#976);
#549=LINE('',#9382,#977);
#550=LINE('',#9384,#978);
#551=LINE('',#9386,#979);
#552=LINE('',#9394,#980);
#553=LINE('',#9397,#981);
#554=LINE('',#9399,#982);
#555=LINE('',#9401,#983);
#556=LINE('',#9403,#984);
#557=LINE('',#9406,#985);
#558=LINE('',#9408,#986);
#559=LINE('',#9410,#987);
#560=LINE('',#9412,#988);
#561=LINE('',#9415,#989);
#562=LINE('',#9417,#990);
#563=LINE('',#9419,#991);
#564=LINE('',#9421,#992);
#565=LINE('',#9423,#993);
#566=LINE('',#9425,#994);
#567=LINE('',#9427,#995);
#568=LINE('',#9429,#996);
#569=LINE('',#9443,#997);
#570=LINE('',#9445,#998);
#571=LINE('',#9446,#999);
#572=LINE('',#9448,#1000);
#573=LINE('',#9450,#1001);
#574=LINE('',#9452,#1002);
#575=LINE('',#9454,#1003);
#576=LINE('',#9456,#1004);
#577=LINE('',#9458,#1005);
#578=LINE('',#9460,#1006);
#579=LINE('',#9462,#1007);
#580=LINE('',#9464,#1008);
#581=LINE('',#9466,#1009);
#582=LINE('',#9468,#1010);
#583=LINE('',#9470,#1011);
#584=LINE('',#9472,#1012);
#585=LINE('',#9474,#1013);
#586=LINE('',#9476,#1014);
#587=LINE('',#9478,#1015);
#588=LINE('',#9480,#1016);
#589=LINE('',#9482,#1017);
#590=LINE('',#9484,#1018);
#591=LINE('',#9486,#1019);
#592=LINE('',#9488,#1020);
#593=LINE('',#9490,#1021);
#594=LINE('',#9492,#1022);
#595=LINE('',#9494,#1023);
#596=LINE('',#9496,#1024);
#597=LINE('',#9554,#1025);
#598=LINE('',#9572,#1026);
#599=LINE('',#9594,#1027);
#600=LINE('',#9596,#1028);
#601=LINE('',#9598,#1029);
#602=LINE('',#9602,#1030);
#603=LINE('',#9604,#1031);
#604=LINE('',#9606,#1032);
#605=LINE('',#9608,#1033);
#606=LINE('',#9611,#1034);
#607=LINE('',#9612,#1035);
#608=LINE('',#9614,#1036);
#609=LINE('',#9616,#1037);
#610=LINE('',#9618,#1038);
#611=LINE('',#9626,#1039);
#612=LINE('',#9627,#1040);
#613=LINE('',#9639,#1041);
#614=LINE('',#9656,#1042);
#615=LINE('',#9670,#1043);
#616=LINE('',#9672,#1044);
#617=LINE('',#9674,#1045);
#618=LINE('',#9676,#1046);
#619=LINE('',#9678,#1047);
#620=LINE('',#9697,#1048);
#621=LINE('',#9917,#1049);
#622=LINE('',#10191,#1050);
#623=LINE('',#10193,#1051);
#624=LINE('',#10195,#1052);
#625=LINE('',#10203,#1053);
#626=LINE('',#10205,#1054);
#627=LINE('',#10207,#1055);
#628=LINE('',#10209,#1056);
#629=LINE('',#10211,#1057);
#630=LINE('',#10213,#1058);
#631=LINE('',#10219,#1059);
#632=LINE('',#10221,#1060);
#633=LINE('',#10223,#1061);
#634=LINE('',#10225,#1062);
#635=LINE('',#10227,#1063);
#636=LINE('',#10229,#1064);
#637=LINE('',#10231,#1065);
#638=LINE('',#10233,#1066);
#639=LINE('',#10234,#1067);
#640=LINE('',#10236,#1068);
#641=LINE('',#10243,#1069);
#642=LINE('',#10245,#1070);
#643=LINE('',#10247,#1071);
#644=LINE('',#10250,#1072);
#645=LINE('',#10252,#1073);
#646=LINE('',#10254,#1074);
#647=LINE('',#10256,#1075);
#648=LINE('',#10264,#1076);
#649=LINE('',#10266,#1077);
#650=LINE('',#10270,#1078);
#651=LINE('',#10276,#1079);
#652=LINE('',#10278,#1080);
#653=LINE('',#10284,#1081);
#654=LINE('',#10286,#1082);
#655=LINE('',#10288,#1083);
#656=LINE('',#10291,#1084);
#657=LINE('',#10293,#1085);
#658=LINE('',#10295,#1086);
#659=LINE('',#10302,#1087);
#660=LINE('',#10306,#1088);
#661=LINE('',#10308,#1089);
#662=LINE('',#10310,#1090);
#663=LINE('',#10312,#1091);
#664=LINE('',#10314,#1092);
#665=LINE('',#10316,#1093);
#666=LINE('',#10318,#1094);
#667=LINE('',#10320,#1095);
#668=LINE('',#10322,#1096);
#669=LINE('',#10324,#1097);
#670=LINE('',#10326,#1098);
#671=LINE('',#10364,#1099);
#672=LINE('',#10366,#1100);
#673=LINE('',#10368,#1101);
#674=LINE('',#10370,#1102);
#675=LINE('',#10371,#1103);
#676=LINE('',#10392,#1104);
#677=LINE('',#10398,#1105);
#678=LINE('',#10400,#1106);
#679=LINE('',#10402,#1107);
#680=LINE('',#10410,#1108);
#681=LINE('',#10412,#1109);
#682=LINE('',#10419,#1110);
#683=LINE('',#10420,#1111);
#684=LINE('',#10424,#1112);
#685=LINE('',#10436,#1113);
#686=LINE('',#10535,#1114);
#687=LINE('',#10556,#1115);
#688=LINE('',#10558,#1116);
#689=LINE('',#10560,#1117);
#690=LINE('',#10562,#1118);
#691=LINE('',#10579,#1119);
#692=LINE('',#10789,#1120);
#693=LINE('',#10792,#1121);
#694=LINE('',#10800,#1122);
#695=LINE('',#10802,#1123);
#696=LINE('',#10813,#1124);
#697=LINE('',#10815,#1125);
#698=LINE('',#10817,#1126);
#699=LINE('',#10819,#1127);
#700=LINE('',#10824,#1128);
#701=LINE('',#10830,#1129);
#702=LINE('',#10832,#1130);
#703=LINE('',#10834,#1131);
#704=LINE('',#10836,#1132);
#705=LINE('',#10839,#1133);
#706=LINE('',#10840,#1134);
#707=LINE('',#10842,#1135);
#708=LINE('',#10844,#1136);
#709=LINE('',#10846,#1137);
#710=LINE('',#10848,#1138);
#711=LINE('',#10850,#1139);
#712=LINE('',#10852,#1140);
#713=LINE('',#10854,#1141);
#714=LINE('',#10856,#1142);
#715=LINE('',#10858,#1143);
#716=LINE('',#10860,#1144);
#717=LINE('',#10862,#1145);
#718=LINE('',#10864,#1146);
#719=LINE('',#10866,#1147);
#720=LINE('',#10868,#1148);
#721=LINE('',#10870,#1149);
#722=LINE('',#10872,#1150);
#723=LINE('',#10874,#1151);
#724=LINE('',#10876,#1152);
#725=LINE('',#10887,#1153);
#726=LINE('',#10888,#1154);
#727=LINE('',#10890,#1155);
#728=LINE('',#10892,#1156);
#729=LINE('',#10893,#1157);
#730=LINE('',#10900,#1158);
#731=LINE('',#11272,#1159);
#732=LINE('',#11309,#1160);
#733=LINE('',#11317,#1161);
#734=LINE('',#11355,#1162);
#735=LINE('',#11369,#1163);
#736=LINE('',#11371,#1164);
#737=LINE('',#11380,#1165);
#738=LINE('',#11666,#1166);
#739=LINE('',#11669,#1167);
#740=LINE('',#11671,#1168);
#741=LINE('',#11673,#1169);
#742=LINE('',#11675,#1170);
#743=LINE('',#11677,#1171);
#744=LINE('',#11976,#1172);
#745=LINE('',#11981,#1173);
#746=LINE('',#11985,#1174);
#747=LINE('',#11987,#1175);
#748=LINE('',#11989,#1176);
#749=LINE('',#12031,#1177);
#750=LINE('',#12033,#1178);
#751=LINE('',#12043,#1179);
#752=LINE('',#12051,#1180);
#753=LINE('',#12128,#1181);
#754=LINE('',#12314,#1182);
#755=LINE('',#12316,#1183);
#756=LINE('',#12318,#1184);
#757=LINE('',#12319,#1185);
#758=LINE('',#12337,#1186);
#759=LINE('',#12524,#1187);
#760=LINE('',#12526,#1188);
#761=LINE('',#12528,#1189);
#762=LINE('',#12569,#1190);
#763=LINE('',#12572,#1191);
#764=LINE('',#12576,#1192);
#765=LINE('',#12578,#1193);
#766=LINE('',#12579,#1194);
#767=LINE('',#12762,#1195);
#768=LINE('',#12764,#1196);
#769=LINE('',#12767,#1197);
#770=LINE('',#12771,#1198);
#771=LINE('',#12778,#1199);
#772=LINE('',#12780,#1200);
#773=LINE('',#12903,#1201);
#774=LINE('',#12905,#1202);
#775=LINE('',#12907,#1203);
#776=VECTOR('',#5581,1000.);
#777=VECTOR('',#5586,1000.);
#778=VECTOR('',#5587,1000.);
#779=VECTOR('',#5588,1000.);
#780=VECTOR('',#5589,1000.);
#781=VECTOR('',#5590,1000.);
#782=VECTOR('',#5591,1000.);
#783=VECTOR('',#5592,1000.);
#784=VECTOR('',#5593,1000.);
#785=VECTOR('',#5594,1000.);
#786=VECTOR('',#5595,1000.);
#787=VECTOR('',#5596,1000.);
#788=VECTOR('',#5597,1000.);
#789=VECTOR('',#5602,1000.);
#790=VECTOR('',#5603,1000.);
#791=VECTOR('',#5606,1000.);
#792=VECTOR('',#5607,1000.);
#793=VECTOR('',#5608,1000.);
#794=VECTOR('',#5609,1000.);
#795=VECTOR('',#5610,1000.);
#796=VECTOR('',#5613,1000.);
#797=VECTOR('',#5614,1000.);
#798=VECTOR('',#5615,1000.);
#799=VECTOR('',#5618,1000.);
#800=VECTOR('',#5619,1000.);
#801=VECTOR('',#5620,1000.);
#802=VECTOR('',#5621,1000.);
#803=VECTOR('',#5624,1000.);
#804=VECTOR('',#5625,1000.);
#805=VECTOR('',#5626,1000.);
#806=VECTOR('',#5627,1000.);
#807=VECTOR('',#5628,1000.);
#808=VECTOR('',#5629,1000.);
#809=VECTOR('',#5632,1000.);
#810=VECTOR('',#5633,1000.);
#811=VECTOR('',#5634,1000.);
#812=VECTOR('',#5635,1000.);
#813=VECTOR('',#5638,1000.);
#814=VECTOR('',#5639,1000.);
#815=VECTOR('',#5640,1000.);
#816=VECTOR('',#5641,1000.);
#817=VECTOR('',#5642,1000.);
#818=VECTOR('',#5643,1000.);
#819=VECTOR('',#5644,1000.);
#820=VECTOR('',#5645,1000.);
#821=VECTOR('',#5646,1000.);
#822=VECTOR('',#5649,1000.);
#823=VECTOR('',#5650,1000.);
#824=VECTOR('',#5653,1000.);
#825=VECTOR('',#5654,1000.);
#826=VECTOR('',#5657,1000.);
#827=VECTOR('',#5658,1000.);
#828=VECTOR('',#5659,1000.);
#829=VECTOR('',#5662,1000.);
#830=VECTOR('',#5665,1000.);
#831=VECTOR('',#5666,1000.);
#832=VECTOR('',#5667,1000.);
#833=VECTOR('',#5668,1000.);
#834=VECTOR('',#5669,1000.);
#835=VECTOR('',#5672,1000.);
#836=VECTOR('',#5673,1000.);
#837=VECTOR('',#5674,1000.);
#838=VECTOR('',#5677,1000.);
#839=VECTOR('',#5678,1000.);
#840=VECTOR('',#5681,1000.);
#841=VECTOR('',#5684,1000.);
#842=VECTOR('',#5685,1000.);
#843=VECTOR('',#5688,1000.);
#844=VECTOR('',#5689,1000.);
#845=VECTOR('',#5690,1000.);
#846=VECTOR('',#5693,1000.);
#847=VECTOR('',#5694,1000.);
#848=VECTOR('',#5697,1000.);
#849=VECTOR('',#5698,1000.);
#850=VECTOR('',#5703,1000.);
#851=VECTOR('',#5704,1000.);
#852=VECTOR('',#5707,1000.);
#853=VECTOR('',#5708,1000.);
#854=VECTOR('',#5709,1000.);
#855=VECTOR('',#5710,1000.);
#856=VECTOR('',#5717,1000.);
#857=VECTOR('',#5718,1000.);
#858=VECTOR('',#5719,1000.);
#859=VECTOR('',#5726,1000.);
#860=VECTOR('',#5727,1000.);
#861=VECTOR('',#5728,1000.);
#862=VECTOR('',#5729,1000.);
#863=VECTOR('',#5730,1000.);
#864=VECTOR('',#5731,1000.);
#865=VECTOR('',#5742,1000.);
#866=VECTOR('',#5743,1000.);
#867=VECTOR('',#5746,1000.);
#868=VECTOR('',#5747,1000.);
#869=VECTOR('',#5748,1000.);
#870=VECTOR('',#5749,1000.);
#871=VECTOR('',#5754,1000.);
#872=VECTOR('',#5757,1000.);
#873=VECTOR('',#5758,1000.);
#874=VECTOR('',#5761,1000.);
#875=VECTOR('',#5762,1000.);
#876=VECTOR('',#5763,1000.);
#877=VECTOR('',#5766,1000.);
#878=VECTOR('',#5767,1000.);
#879=VECTOR('',#5768,1000.);
#880=VECTOR('',#5771,1000.);
#881=VECTOR('',#5772,1000.);
#882=VECTOR('',#5773,1000.);
#883=VECTOR('',#5776,1000.);
#884=VECTOR('',#5777,1000.);
#885=VECTOR('',#5780,1000.);
#886=VECTOR('',#5781,1000.);
#887=VECTOR('',#5782,1000.);
#888=VECTOR('',#5785,1000.);
#889=VECTOR('',#5786,1000.);
#890=VECTOR('',#5801,1000.);
#891=VECTOR('',#5802,1000.);
#892=VECTOR('',#5803,1000.);
#893=VECTOR('',#5804,1000.);
#894=VECTOR('',#5807,1000.);
#895=VECTOR('',#5808,1000.);
#896=VECTOR('',#5809,1000.);
#897=VECTOR('',#5810,1000.);
#898=VECTOR('',#5813,1000.);
#899=VECTOR('',#5814,1000.);
#900=VECTOR('',#5815,1000.);
#901=VECTOR('',#5816,1000.);
#902=VECTOR('',#5817,1000.);
#903=VECTOR('',#5818,1000.);
#904=VECTOR('',#5821,1000.);
#905=VECTOR('',#5822,1000.);
#906=VECTOR('',#5823,1000.);
#907=VECTOR('',#5824,1000.);
#908=VECTOR('',#5825,1000.);
#909=VECTOR('',#5826,1000.);
#910=VECTOR('',#5829,1000.);
#911=VECTOR('',#5830,1000.);
#912=VECTOR('',#5831,1000.);
#913=VECTOR('',#5832,1000.);
#914=VECTOR('',#5835,1000.);
#915=VECTOR('',#5836,1000.);
#916=VECTOR('',#5841,1000.);
#917=VECTOR('',#5842,1000.);
#918=VECTOR('',#5843,1000.);
#919=VECTOR('',#5844,1000.);
#920=VECTOR('',#5847,1000.);
#921=VECTOR('',#5848,1000.);
#922=VECTOR('',#5849,1000.);
#923=VECTOR('',#5852,1000.);
#924=VECTOR('',#5853,1000.);
#925=VECTOR('',#5856,1000.);
#926=VECTOR('',#5857,1000.);
#927=VECTOR('',#5858,1000.);
#928=VECTOR('',#5861,1000.);
#929=VECTOR('',#5862,1000.);
#930=VECTOR('',#5863,1000.);
#931=VECTOR('',#5864,1000.);
#932=VECTOR('',#5865,1000.);
#933=VECTOR('',#5868,1000.);
#934=VECTOR('',#5869,1000.);
#935=VECTOR('',#5870,1000.);
#936=VECTOR('',#5871,1000.);
#937=VECTOR('',#5874,1000.);
#938=VECTOR('',#5875,1000.);
#939=VECTOR('',#5876,1000.);
#940=VECTOR('',#5879,1000.);
#941=VECTOR('',#5880,1000.);
#942=VECTOR('',#5883,1000.);
#943=VECTOR('',#5886,1000.);
#944=VECTOR('',#5899,1000.);
#945=VECTOR('',#5902,1000.);
#946=VECTOR('',#5903,1000.);
#947=VECTOR('',#5906,1000.);
#948=VECTOR('',#5907,1000.);
#949=VECTOR('',#5910,1000.);
#950=VECTOR('',#5913,1000.);
#951=VECTOR('',#5914,1000.);
#952=VECTOR('',#5915,1000.);
#953=VECTOR('',#5916,1000.);
#954=VECTOR('',#5917,1000.);
#955=VECTOR('',#5920,1000.);
#956=VECTOR('',#5927,1000.);
#957=VECTOR('',#5930,1000.);
#958=VECTOR('',#5931,1000.);
#959=VECTOR('',#5932,1000.);
#960=VECTOR('',#5935,1000.);
#961=VECTOR('',#5936,1000.);
#962=VECTOR('',#5937,1000.);
#963=VECTOR('',#5938,1000.);
#964=VECTOR('',#5939,1000.);
#965=VECTOR('',#5942,1000.);
#966=VECTOR('',#5943,1000.);
#967=VECTOR('',#5944,1000.);
#968=VECTOR('',#5947,1000.);
#969=VECTOR('',#5948,1000.);
#970=VECTOR('',#5949,1000.);
#971=VECTOR('',#5952,1000.);
#972=VECTOR('',#5953,1000.);
#973=VECTOR('',#5956,1000.);
#974=VECTOR('',#5957,1000.);
#975=VECTOR('',#5960,1000.);
#976=VECTOR('',#5961,1000.);
#977=VECTOR('',#5962,1000.);
#978=VECTOR('',#5963,1000.);
#979=VECTOR('',#5964,1000.);
#980=VECTOR('',#5975,1000.);
#981=VECTOR('',#5976,1000.);
#982=VECTOR('',#5977,1000.);
#983=VECTOR('',#5978,1000.);
#984=VECTOR('',#5981,1000.);
#985=VECTOR('',#5982,1000.);
#986=VECTOR('',#5983,1000.);
#987=VECTOR('',#5984,1000.);
#988=VECTOR('',#5987,1000.);
#989=VECTOR('',#5988,1000.);
#990=VECTOR('',#5989,1000.);
#991=VECTOR('',#5990,1000.);
#992=VECTOR('',#5993,1000.);
#993=VECTOR('',#5994,1000.);
#994=VECTOR('',#5995,1000.);
#995=VECTOR('',#5998,1000.);
#996=VECTOR('',#5999,1000.);
#997=VECTOR('',#6006,1000.);
#998=VECTOR('',#6007,1000.);
#999=VECTOR('',#6008,1000.);
#1000=VECTOR('',#6011,1000.);
#1001=VECTOR('',#6014,1000.);
#1002=VECTOR('',#6015,1000.);
#1003=VECTOR('',#6016,1000.);
#1004=VECTOR('',#6019,1000.);
#1005=VECTOR('',#6020,1000.);
#1006=VECTOR('',#6023,1000.);
#1007=VECTOR('',#6024,1000.);
#1008=VECTOR('',#6027,1000.);
#1009=VECTOR('',#6028,1000.);
#1010=VECTOR('',#6031,1000.);
#1011=VECTOR('',#6032,1000.);
#1012=VECTOR('',#6035,1000.);
#1013=VECTOR('',#6038,1000.);
#1014=VECTOR('',#6039,1000.);
#1015=VECTOR('',#6040,1000.);
#1016=VECTOR('',#6043,1000.);
#1017=VECTOR('',#6044,1000.);
#1018=VECTOR('',#6047,1000.);
#1019=VECTOR('',#6048,1000.);
#1020=VECTOR('',#6051,1000.);
#1021=VECTOR('',#6052,1000.);
#1022=VECTOR('',#6055,1000.);
#1023=VECTOR('',#6056,1000.);
#1024=VECTOR('',#6059,1000.);
#1025=VECTOR('',#6062,1000.);
#1026=VECTOR('',#6071,1000.);
#1027=VECTOR('',#6084,1000.);
#1028=VECTOR('',#6085,1000.);
#1029=VECTOR('',#6088,1000.);
#1030=VECTOR('',#6093,1000.);
#1031=VECTOR('',#6094,1000.);
#1032=VECTOR('',#6095,1000.);
#1033=VECTOR('',#6098,1000.);
#1034=VECTOR('',#6099,1000.);
#1035=VECTOR('',#6100,1000.);
#1036=VECTOR('',#6103,1000.);
#1037=VECTOR('',#6104,1000.);
#1038=VECTOR('',#6107,1000.);
#1039=VECTOR('',#6110,1000.);
#1040=VECTOR('',#6111,1000.);
#1041=VECTOR('',#6114,1000.);
#1042=VECTOR('',#6119,1000.);
#1043=VECTOR('',#6126,1000.);
#1044=VECTOR('',#6127,1000.);
#1045=VECTOR('',#6128,1000.);
#1046=VECTOR('',#6131,1000.);
#1047=VECTOR('',#6132,1000.);
#1048=VECTOR('',#6139,1000.);
#1049=VECTOR('',#6142,1000.);
#1050=VECTOR('',#6149,1000.);
#1051=VECTOR('',#6152,1000.);
#1052=VECTOR('',#6153,1000.);
#1053=VECTOR('',#6164,1000.);
#1054=VECTOR('',#6167,1000.);
#1055=VECTOR('',#6168,1000.);
#1056=VECTOR('',#6171,1000.);
#1057=VECTOR('',#6172,1000.);
#1058=VECTOR('',#6175,1000.);
#1059=VECTOR('',#6178,1000.);
#1060=VECTOR('',#6181,1000.);
#1061=VECTOR('',#6182,1000.);
#1062=VECTOR('',#6185,1000.);
#1063=VECTOR('',#6186,1000.);
#1064=VECTOR('',#6189,1000.);
#1065=VECTOR('',#6190,1000.);
#1066=VECTOR('',#6193,1000.);
#1067=VECTOR('',#6194,1000.);
#1068=VECTOR('',#6197,1000.);
#1069=VECTOR('',#6198,1000.);
#1070=VECTOR('',#6199,1000.);
#1071=VECTOR('',#6200,1000.);
#1072=VECTOR('',#6203,1000.);
#1073=VECTOR('',#6204,1000.);
#1074=VECTOR('',#6205,1000.);
#1075=VECTOR('',#6208,1000.);
#1076=VECTOR('',#6217,1000.);
#1077=VECTOR('',#6220,1000.);
#1078=VECTOR('',#6225,1000.);
#1079=VECTOR('',#6232,1000.);
#1080=VECTOR('',#6235,1000.);
#1081=VECTOR('',#6242,1000.);
#1082=VECTOR('',#6245,1000.);
#1083=VECTOR('',#6248,1000.);
#1084=VECTOR('',#6249,1000.);
#1085=VECTOR('',#6250,1000.);
#1086=VECTOR('',#6251,1000.);
#1087=VECTOR('',#6258,1000.);
#1088=VECTOR('',#6263,1000.);
#1089=VECTOR('',#6264,1000.);
#1090=VECTOR('',#6265,1000.);
#1091=VECTOR('',#6268,1000.);
#1092=VECTOR('',#6269,1000.);
#1093=VECTOR('',#6272,1000.);
#1094=VECTOR('',#6273,1000.);
#1095=VECTOR('',#6276,1000.);
#1096=VECTOR('',#6279,1000.);
#1097=VECTOR('',#6280,1000.);
#1098=VECTOR('',#6281,1000.);
#1099=VECTOR('',#6292,1000.);
#1100=VECTOR('',#6293,1000.);
#1101=VECTOR('',#6296,1000.);
#1102=VECTOR('',#6297,1000.);
#1103=VECTOR('',#6298,1000.);
#1104=VECTOR('',#6299,1000.);
#1105=VECTOR('',#6302,1000.);
#1106=VECTOR('',#6303,1000.);
#1107=VECTOR('',#6306,1000.);
#1108=VECTOR('',#6309,1000.);
#1109=VECTOR('',#6310,1000.);
#1110=VECTOR('',#6311,1000.);
#1111=VECTOR('',#6312,1000.);
#1112=VECTOR('',#6317,1000.);
#1113=VECTOR('',#6320,1000.);
#1114=VECTOR('',#6323,1000.);
#1115=VECTOR('',#6326,1000.);
#1116=VECTOR('',#6327,1000.);
#1117=VECTOR('',#6328,1000.);
#1118=VECTOR('',#6329,1000.);
#1119=VECTOR('',#6330,1000.);
#1120=VECTOR('',#6333,1000.);
#1121=VECTOR('',#6338,1000.);
#1122=VECTOR('',#6339,1000.);
#1123=VECTOR('',#6340,1000.);
#1124=VECTOR('',#6341,1000.);
#1125=VECTOR('',#6344,1000.);
#1126=VECTOR('',#6345,1000.);
#1127=VECTOR('',#6346,1000.);
#1128=VECTOR('',#6351,1000.);
#1129=VECTOR('',#6352,1000.);
#1130=VECTOR('',#6355,1000.);
#1131=VECTOR('',#6356,1000.);
#1132=VECTOR('',#6359,1000.);
#1133=VECTOR('',#6364,1000.);
#1134=VECTOR('',#6365,1000.);
#1135=VECTOR('',#6368,1000.);
#1136=VECTOR('',#6369,1000.);
#1137=VECTOR('',#6370,1000.);
#1138=VECTOR('',#6373,1000.);
#1139=VECTOR('',#6374,1000.);
#1140=VECTOR('',#6375,1000.);
#1141=VECTOR('',#6378,1000.);
#1142=VECTOR('',#6379,1000.);
#1143=VECTOR('',#6382,1000.);
#1144=VECTOR('',#6383,1000.);
#1145=VECTOR('',#6386,1000.);
#1146=VECTOR('',#6387,1000.);
#1147=VECTOR('',#6390,1000.);
#1148=VECTOR('',#6391,1000.);
#1149=VECTOR('',#6394,1000.);
#1150=VECTOR('',#6395,1000.);
#1151=VECTOR('',#6398,1000.);
#1152=VECTOR('',#6399,1000.);
#1153=VECTOR('',#6402,1000.);
#1154=VECTOR('',#6403,1000.);
#1155=VECTOR('',#6406,1000.);
#1156=VECTOR('',#6409,1000.);
#1157=VECTOR('',#6410,1000.);
#1158=VECTOR('',#6411,1000.);
#1159=VECTOR('',#6416,1000.);
#1160=VECTOR('',#6417,1000.);
#1161=VECTOR('',#6418,1000.);
#1162=VECTOR('',#6419,1000.);
#1163=VECTOR('',#6422,1000.);
#1164=VECTOR('',#6423,1000.);
#1165=VECTOR('',#6424,1000.);
#1166=VECTOR('',#6427,1000.);
#1167=VECTOR('',#6428,1000.);
#1168=VECTOR('',#6429,1000.);
#1169=VECTOR('',#6430,1000.);
#1170=VECTOR('',#6433,1000.);
#1171=VECTOR('',#6434,1000.);
#1172=VECTOR('',#6443,1000.);
#1173=VECTOR('',#6446,1000.);
#1174=VECTOR('',#6451,1000.);
#1175=VECTOR('',#6452,1000.);
#1176=VECTOR('',#6453,1000.);
#1177=VECTOR('',#6456,1000.);
#1178=VECTOR('',#6457,1000.);
#1179=VECTOR('',#6458,1000.);
#1180=VECTOR('',#6465,1000.);
#1181=VECTOR('',#6470,1000.);
#1182=VECTOR('',#6473,1000.);
#1183=VECTOR('',#6474,1000.);
#1184=VECTOR('',#6475,1000.);
#1185=VECTOR('',#6476,1000.);
#1186=VECTOR('',#6481,1000.);
#1187=VECTOR('',#6490,1000.);
#1188=VECTOR('',#6493,1000.);
#1189=VECTOR('',#6496,1000.);
#1190=VECTOR('',#6509,1000.);
#1191=VECTOR('',#6514,1000.);
#1192=VECTOR('',#6521,1000.);
#1193=VECTOR('',#6524,1000.);
#1194=VECTOR('',#6525,1000.);
#1195=VECTOR('',#6532,1000.);
#1196=VECTOR('',#6533,1000.);
#1197=VECTOR('',#6538,1000.);
#1198=VECTOR('',#6541,1000.);
#1199=VECTOR('',#6552,1000.);
#1200=VECTOR('',#6555,1000.);
#1201=VECTOR('',#6564,1000.);
#1202=VECTOR('',#6567,1000.);
#1203=VECTOR('',#6570,1000.);
#1204=(
BOUNDED_CURVE()
B_SPLINE_CURVE(3,(#6611,#6612,#6613,#6614),.UNSPECIFIED.,.F.,.F.)
B_SPLINE_CURVE_WITH_KNOTS((4,4),(0.,1.),.PIECEWISE_BEZIER_KNOTS.)
CURVE()
GEOMETRIC_REPRESENTATION_ITEM()
RATIONAL_B_SPLINE_CURVE((1.,1.,1.,1.))
REPRESENTATION_ITEM('')
);
#1205=(
BOUNDED_CURVE()
B_SPLINE_CURVE(3,(#6627,#6628,#6629,#6630,#6631,#6632,#6633,#6634,#6635,
#6636,#6637,#6638),.UNSPECIFIED.,.F.,.F.)
B_SPLINE_CURVE_WITH_KNOTS((4,2,2,2,2,4),(0.36539584770895,0.523214294254418,
0.681032740799887,0.838851187345356,0.996669633890825,1.),.UNSPECIFIED.)
CURVE()
GEOMETRIC_REPRESENTATION_ITEM()
RATIONAL_B_SPLINE_CURVE((1.,1.,1.,1.,1.,1.,1.,1.,1.,1.,1.,1.))
REPRESENTATION_ITEM('')
);
#1206=(
BOUNDED_CURVE()
B_SPLINE_CURVE(3,(#7497,#7498,#7499,#7500,#7501,#7502,#7503,#7504,#7505,
#7506,#7507,#7508,#7509,#7510,#7511,#7512,#7513,#7514,#7515,#7516,#7517,
#7518,#7519,#7520,#7521,#7522,#7523,#7524,#7525,#7526,#7527,#7528,#7529,
#7530,#7531,#7532,#7533,#7534,#7535,#7536,#7537,#7538,#7539,#7540,#7541,
#7542,#7543,#7544,#7545,#7546,#7547,#7548,#7549,#7550,#7551,#7552,#7553,
#7554,#7555,#7556,#7557,#7558,#7559,#7560,#7561,#7562,#7563,#7564,#7565,
#7566,#7567,#7568,#7569,#7570,#7571,#7572,#7573,#7574,#7575,#7576),
 .UNSPECIFIED.,.F.,.F.)
B_SPLINE_CURVE_WITH_KNOTS((4,3,3,3,3,3,3,3,3,3,3,3,2,2,2,2,2,3,3,3,3,3,
3,3,3,3,3,3,4),(-8.460801970185,-6.39292459245,-4.8022496865,-3.578653605,
-2.63742585,-1.9134045,-1.356465,-0.92805,-0.5985,-0.345,-0.15,0.,0.199872815548657,
0.48034649206314,0.760820168577397,0.901057006834513,0.971175425963095,
1.,1.15,1.345,1.5985,1.92805,2.356465,2.9134045,3.63742585,4.578653605,
5.8022496865,7.39292459245,9.460801970185),.UNSPECIFIED.)
CURVE()
GEOMETRIC_REPRESENTATION_ITEM()
RATIONAL_B_SPLINE_CURVE((1.,1.,1.,1.,1.,1.,1.,1.,1.,1.,1.,1.,1.,1.,1.,1.,
1.,1.,1.,1.,1.,1.,1.,1.,1.,1.,1.,1.,1.,1.,1.,1.,1.,1.,1.,1.,1.,1.,1.,1.,
1.,1.,1.,1.,1.,1.,1.,1.,1.,1.,1.,1.,1.,1.,1.,1.,1.,1.,1.,1.,1.,1.,1.,1.,
1.,1.,1.,1.,1.,1.,1.,1.,1.,1.,1.,1.,1.,1.,1.,1.))
REPRESENTATION_ITEM('')
);
#1207=(
BOUNDED_CURVE()
B_SPLINE_CURVE(3,(#12621,#12622,#12623,#12624,#12625,#12626,#12627,#12628,
#12629,#12630,#12631,#12632),.UNSPECIFIED.,.F.,.F.)
B_SPLINE_CURVE_WITH_KNOTS((4,2,2,2,2,4),(0.36539584770895,0.523214294254418,
0.681032740799887,0.838851187345356,0.996669633890825,1.),.UNSPECIFIED.)
CURVE()
GEOMETRIC_REPRESENTATION_ITEM()
RATIONAL_B_SPLINE_CURVE((1.,1.,1.,1.,1.,1.,1.,1.,1.,1.,1.,1.))
REPRESENTATION_ITEM('')
);
#1208=ORIENTED_EDGE('',*,*,#2768,.F.);
#1209=ORIENTED_EDGE('',*,*,#2769,.F.);
#1210=ORIENTED_EDGE('',*,*,#2770,.T.);
#1211=ORIENTED_EDGE('',*,*,#2771,.T.);
#1212=ORIENTED_EDGE('',*,*,#2769,.T.);
#1213=ORIENTED_EDGE('',*,*,#2772,.T.);
#1214=ORIENTED_EDGE('',*,*,#2773,.T.);
#1215=ORIENTED_EDGE('',*,*,#2774,.T.);
#1216=ORIENTED_EDGE('',*,*,#2775,.T.);
#1217=ORIENTED_EDGE('',*,*,#2776,.T.);
#1218=ORIENTED_EDGE('',*,*,#2777,.T.);
#1219=ORIENTED_EDGE('',*,*,#2778,.T.);
#1220=ORIENTED_EDGE('',*,*,#2779,.T.);
#1221=ORIENTED_EDGE('',*,*,#2780,.T.);
#1222=ORIENTED_EDGE('',*,*,#2781,.T.);
#1223=ORIENTED_EDGE('',*,*,#2782,.T.);
#1224=ORIENTED_EDGE('',*,*,#2783,.T.);
#1225=ORIENTED_EDGE('',*,*,#2784,.T.);
#1226=ORIENTED_EDGE('',*,*,#2785,.F.);
#1227=ORIENTED_EDGE('',*,*,#2786,.T.);
#1228=ORIENTED_EDGE('',*,*,#2787,.F.);
#1229=ORIENTED_EDGE('',*,*,#2788,.T.);
#1230=ORIENTED_EDGE('',*,*,#2789,.F.);
#1231=ORIENTED_EDGE('',*,*,#2773,.F.);
#1232=ORIENTED_EDGE('',*,*,#2790,.F.);
#1233=ORIENTED_EDGE('',*,*,#2791,.T.);
#1234=ORIENTED_EDGE('',*,*,#2792,.F.);
#1235=ORIENTED_EDGE('',*,*,#2793,.F.);
#1236=ORIENTED_EDGE('',*,*,#2794,.T.);
#1237=ORIENTED_EDGE('',*,*,#2795,.T.);
#1238=ORIENTED_EDGE('',*,*,#2796,.T.);
#1239=ORIENTED_EDGE('',*,*,#2794,.F.);
#1240=ORIENTED_EDGE('',*,*,#2797,.T.);
#1241=ORIENTED_EDGE('',*,*,#2798,.T.);
#1242=ORIENTED_EDGE('',*,*,#2799,.T.);
#1243=ORIENTED_EDGE('',*,*,#2800,.F.);
#1244=ORIENTED_EDGE('',*,*,#2801,.T.);
#1245=ORIENTED_EDGE('',*,*,#2802,.F.);
#1246=ORIENTED_EDGE('',*,*,#2803,.F.);
#1247=ORIENTED_EDGE('',*,*,#2804,.T.);
#1248=ORIENTED_EDGE('',*,*,#2805,.T.);
#1249=ORIENTED_EDGE('',*,*,#2806,.T.);
#1250=ORIENTED_EDGE('',*,*,#2807,.T.);
#1251=ORIENTED_EDGE('',*,*,#2785,.T.);
#1252=ORIENTED_EDGE('',*,*,#2808,.T.);
#1253=ORIENTED_EDGE('',*,*,#2809,.T.);
#1254=ORIENTED_EDGE('',*,*,#2810,.T.);
#1255=ORIENTED_EDGE('',*,*,#2811,.T.);
#1256=ORIENTED_EDGE('',*,*,#2809,.F.);
#1257=ORIENTED_EDGE('',*,*,#2812,.T.);
#1258=ORIENTED_EDGE('',*,*,#2813,.F.);
#1259=ORIENTED_EDGE('',*,*,#2814,.T.);
#1260=ORIENTED_EDGE('',*,*,#2815,.T.);
#1261=ORIENTED_EDGE('',*,*,#2816,.T.);
#1262=ORIENTED_EDGE('',*,*,#2817,.T.);
#1263=ORIENTED_EDGE('',*,*,#2818,.F.);
#1264=ORIENTED_EDGE('',*,*,#2819,.F.);
#1265=ORIENTED_EDGE('',*,*,#2820,.T.);
#1266=ORIENTED_EDGE('',*,*,#2821,.F.);
#1267=ORIENTED_EDGE('',*,*,#2822,.F.);
#1268=ORIENTED_EDGE('',*,*,#2823,.T.);
#1269=ORIENTED_EDGE('',*,*,#2824,.F.);
#1270=ORIENTED_EDGE('',*,*,#2825,.T.);
#1271=ORIENTED_EDGE('',*,*,#2826,.T.);
#1272=ORIENTED_EDGE('',*,*,#2827,.T.);
#1273=ORIENTED_EDGE('',*,*,#2828,.T.);
#1274=ORIENTED_EDGE('',*,*,#2829,.F.);
#1275=ORIENTED_EDGE('',*,*,#2830,.T.);
#1276=ORIENTED_EDGE('',*,*,#2831,.T.);
#1277=ORIENTED_EDGE('',*,*,#2832,.T.);
#1278=ORIENTED_EDGE('',*,*,#2833,.T.);
#1279=ORIENTED_EDGE('',*,*,#2834,.F.);
#1280=ORIENTED_EDGE('',*,*,#2835,.F.);
#1281=ORIENTED_EDGE('',*,*,#2836,.F.);
#1282=ORIENTED_EDGE('',*,*,#2837,.T.);
#1283=ORIENTED_EDGE('',*,*,#2838,.T.);
#1284=ORIENTED_EDGE('',*,*,#2839,.T.);
#1285=ORIENTED_EDGE('',*,*,#2840,.T.);
#1286=ORIENTED_EDGE('',*,*,#2841,.F.);
#1287=ORIENTED_EDGE('',*,*,#2842,.F.);
#1288=ORIENTED_EDGE('',*,*,#2843,.T.);
#1289=ORIENTED_EDGE('',*,*,#2844,.T.);
#1290=ORIENTED_EDGE('',*,*,#2845,.T.);
#1291=ORIENTED_EDGE('',*,*,#2846,.T.);
#1292=ORIENTED_EDGE('',*,*,#2847,.T.);
#1293=ORIENTED_EDGE('',*,*,#2848,.F.);
#1294=ORIENTED_EDGE('',*,*,#2849,.T.);
#1295=ORIENTED_EDGE('',*,*,#2813,.T.);
#1296=ORIENTED_EDGE('',*,*,#2850,.T.);
#1297=ORIENTED_EDGE('',*,*,#2851,.T.);
#1298=ORIENTED_EDGE('',*,*,#2852,.T.);
#1299=ORIENTED_EDGE('',*,*,#2853,.F.);
#1300=ORIENTED_EDGE('',*,*,#2854,.F.);
#1301=ORIENTED_EDGE('',*,*,#2855,.F.);
#1302=ORIENTED_EDGE('',*,*,#2856,.F.);
#1303=ORIENTED_EDGE('',*,*,#2857,.T.);
#1304=ORIENTED_EDGE('',*,*,#2858,.T.);
#1305=ORIENTED_EDGE('',*,*,#2853,.T.);
#1306=ORIENTED_EDGE('',*,*,#2859,.T.);
#1307=ORIENTED_EDGE('',*,*,#2854,.T.);
#1308=ORIENTED_EDGE('',*,*,#2858,.F.);
#1309=ORIENTED_EDGE('',*,*,#2860,.T.);
#1310=ORIENTED_EDGE('',*,*,#2861,.F.);
#1311=ORIENTED_EDGE('',*,*,#2861,.T.);
#1312=ORIENTED_EDGE('',*,*,#2862,.T.);
#1313=ORIENTED_EDGE('',*,*,#2863,.T.);
#1314=ORIENTED_EDGE('',*,*,#2864,.T.);
#1315=ORIENTED_EDGE('',*,*,#2865,.T.);
#1316=ORIENTED_EDGE('',*,*,#2866,.F.);
#1317=ORIENTED_EDGE('',*,*,#2867,.T.);
#1318=ORIENTED_EDGE('',*,*,#2868,.F.);
#1319=ORIENTED_EDGE('',*,*,#2869,.F.);
#1320=ORIENTED_EDGE('',*,*,#2870,.T.);
#1321=ORIENTED_EDGE('',*,*,#2855,.T.);
#1322=ORIENTED_EDGE('',*,*,#2859,.F.);
#1323=ORIENTED_EDGE('',*,*,#2865,.F.);
#1324=ORIENTED_EDGE('',*,*,#2871,.F.);
#1325=ORIENTED_EDGE('',*,*,#2869,.T.);
#1326=ORIENTED_EDGE('',*,*,#2872,.T.);
#1327=ORIENTED_EDGE('',*,*,#2873,.F.);
#1328=ORIENTED_EDGE('',*,*,#2874,.T.);
#1329=ORIENTED_EDGE('',*,*,#2875,.T.);
#1330=ORIENTED_EDGE('',*,*,#2876,.T.);
#1331=ORIENTED_EDGE('',*,*,#2877,.T.);
#1332=ORIENTED_EDGE('',*,*,#2827,.F.);
#1333=ORIENTED_EDGE('',*,*,#2878,.T.);
#1334=ORIENTED_EDGE('',*,*,#2879,.F.);
#1335=ORIENTED_EDGE('',*,*,#2880,.T.);
#1336=ORIENTED_EDGE('',*,*,#2876,.F.);
#1337=ORIENTED_EDGE('',*,*,#2881,.F.);
#1338=ORIENTED_EDGE('',*,*,#2879,.T.);
#1339=ORIENTED_EDGE('',*,*,#2882,.F.);
#1340=ORIENTED_EDGE('',*,*,#2883,.F.);
#1341=ORIENTED_EDGE('',*,*,#2884,.T.);
#1342=ORIENTED_EDGE('',*,*,#2885,.F.);
#1343=ORIENTED_EDGE('',*,*,#2851,.F.);
#1344=ORIENTED_EDGE('',*,*,#2870,.F.);
#1345=ORIENTED_EDGE('',*,*,#2871,.T.);
#1346=ORIENTED_EDGE('',*,*,#2886,.F.);
#1347=ORIENTED_EDGE('',*,*,#2856,.T.);
#1348=ORIENTED_EDGE('',*,*,#2852,.F.);
#1349=ORIENTED_EDGE('',*,*,#2885,.T.);
#1350=ORIENTED_EDGE('',*,*,#2887,.T.);
#1351=ORIENTED_EDGE('',*,*,#2888,.F.);
#1352=ORIENTED_EDGE('',*,*,#2889,.T.);
#1353=ORIENTED_EDGE('',*,*,#2890,.T.);
#1354=ORIENTED_EDGE('',*,*,#2891,.F.);
#1355=ORIENTED_EDGE('',*,*,#2815,.F.);
#1356=ORIENTED_EDGE('',*,*,#2892,.T.);
#1357=ORIENTED_EDGE('',*,*,#2893,.T.);
#1358=ORIENTED_EDGE('',*,*,#2866,.T.);
#1359=ORIENTED_EDGE('',*,*,#2864,.F.);
#1360=ORIENTED_EDGE('',*,*,#2894,.T.);
#1361=ORIENTED_EDGE('',*,*,#2895,.T.);
#1362=ORIENTED_EDGE('',*,*,#2892,.F.);
#1363=ORIENTED_EDGE('',*,*,#2896,.T.);
#1364=ORIENTED_EDGE('',*,*,#2897,.T.);
#1365=ORIENTED_EDGE('',*,*,#2898,.T.);
#1366=ORIENTED_EDGE('',*,*,#2899,.F.);
#1367=ORIENTED_EDGE('',*,*,#2900,.F.);
#1368=ORIENTED_EDGE('',*,*,#2890,.F.);
#1369=ORIENTED_EDGE('',*,*,#2901,.T.);
#1370=ORIENTED_EDGE('',*,*,#2902,.T.);
#1371=ORIENTED_EDGE('',*,*,#2873,.T.);
#1372=ORIENTED_EDGE('',*,*,#2903,.T.);
#1373=ORIENTED_EDGE('',*,*,#2825,.F.);
#1374=ORIENTED_EDGE('',*,*,#2886,.T.);
#1375=ORIENTED_EDGE('',*,*,#2874,.F.);
#1376=ORIENTED_EDGE('',*,*,#2902,.F.);
#1377=ORIENTED_EDGE('',*,*,#2904,.T.);
#1378=ORIENTED_EDGE('',*,*,#2905,.F.);
#1379=ORIENTED_EDGE('',*,*,#2906,.T.);
#1380=ORIENTED_EDGE('',*,*,#2907,.T.);
#1381=ORIENTED_EDGE('',*,*,#2908,.T.);
#1382=ORIENTED_EDGE('',*,*,#2909,.F.);
#1383=ORIENTED_EDGE('',*,*,#2910,.F.);
#1384=ORIENTED_EDGE('',*,*,#2911,.T.);
#1385=ORIENTED_EDGE('',*,*,#2912,.T.);
#1386=ORIENTED_EDGE('',*,*,#2913,.F.);
#1387=ORIENTED_EDGE('',*,*,#2914,.F.);
#1388=ORIENTED_EDGE('',*,*,#2915,.T.);
#1389=ORIENTED_EDGE('',*,*,#2916,.F.);
#1390=ORIENTED_EDGE('',*,*,#2917,.F.);
#1391=ORIENTED_EDGE('',*,*,#2918,.F.);
#1392=ORIENTED_EDGE('',*,*,#2911,.F.);
#1393=ORIENTED_EDGE('',*,*,#2919,.T.);
#1394=ORIENTED_EDGE('',*,*,#2920,.F.);
#1395=ORIENTED_EDGE('',*,*,#2921,.F.);
#1396=ORIENTED_EDGE('',*,*,#2922,.T.);
#1397=ORIENTED_EDGE('',*,*,#2920,.T.);
#1398=ORIENTED_EDGE('',*,*,#2923,.T.);
#1399=ORIENTED_EDGE('',*,*,#2924,.T.);
#1400=ORIENTED_EDGE('',*,*,#2925,.T.);
#1401=ORIENTED_EDGE('',*,*,#2926,.T.);
#1402=ORIENTED_EDGE('',*,*,#2927,.T.);
#1403=ORIENTED_EDGE('',*,*,#2928,.T.);
#1404=ORIENTED_EDGE('',*,*,#2929,.T.);
#1405=ORIENTED_EDGE('',*,*,#2930,.T.);
#1406=ORIENTED_EDGE('',*,*,#2931,.F.);
#1407=ORIENTED_EDGE('',*,*,#2932,.F.);
#1408=ORIENTED_EDGE('',*,*,#2933,.F.);
#1409=ORIENTED_EDGE('',*,*,#2934,.F.);
#1410=ORIENTED_EDGE('',*,*,#2935,.T.);
#1411=ORIENTED_EDGE('',*,*,#2936,.F.);
#1412=ORIENTED_EDGE('',*,*,#2937,.F.);
#1413=ORIENTED_EDGE('',*,*,#2932,.T.);
#1414=ORIENTED_EDGE('',*,*,#2938,.T.);
#1415=ORIENTED_EDGE('',*,*,#2939,.F.);
#1416=ORIENTED_EDGE('',*,*,#2923,.F.);
#1417=ORIENTED_EDGE('',*,*,#2940,.F.);
#1418=ORIENTED_EDGE('',*,*,#2941,.T.);
#1419=ORIENTED_EDGE('',*,*,#2942,.F.);
#1420=ORIENTED_EDGE('',*,*,#2943,.T.);
#1421=ORIENTED_EDGE('',*,*,#2944,.F.);
#1422=ORIENTED_EDGE('',*,*,#2945,.F.);
#1423=ORIENTED_EDGE('',*,*,#2946,.T.);
#1424=ORIENTED_EDGE('',*,*,#2947,.F.);
#1425=ORIENTED_EDGE('',*,*,#2941,.F.);
#1426=ORIENTED_EDGE('',*,*,#2948,.F.);
#1427=ORIENTED_EDGE('',*,*,#2949,.T.);
#1428=ORIENTED_EDGE('',*,*,#2950,.T.);
#1429=ORIENTED_EDGE('',*,*,#2951,.F.);
#1430=ORIENTED_EDGE('',*,*,#2952,.F.);
#1431=ORIENTED_EDGE('',*,*,#2953,.F.);
#1432=ORIENTED_EDGE('',*,*,#2954,.F.);
#1433=ORIENTED_EDGE('',*,*,#2914,.T.);
#1434=ORIENTED_EDGE('',*,*,#2922,.F.);
#1435=ORIENTED_EDGE('',*,*,#2955,.F.);
#1436=ORIENTED_EDGE('',*,*,#2950,.F.);
#1437=ORIENTED_EDGE('',*,*,#2954,.T.);
#1438=ORIENTED_EDGE('',*,*,#2956,.T.);
#1439=ORIENTED_EDGE('',*,*,#2957,.T.);
#1440=ORIENTED_EDGE('',*,*,#2915,.F.);
#1441=ORIENTED_EDGE('',*,*,#2958,.F.);
#1442=ORIENTED_EDGE('',*,*,#2959,.T.);
#1443=ORIENTED_EDGE('',*,*,#2960,.F.);
#1444=ORIENTED_EDGE('',*,*,#2916,.T.);
#1445=ORIENTED_EDGE('',*,*,#2957,.F.);
#1446=ORIENTED_EDGE('',*,*,#2961,.F.);
#1447=ORIENTED_EDGE('',*,*,#2962,.T.);
#1448=ORIENTED_EDGE('',*,*,#2963,.T.);
#1449=ORIENTED_EDGE('',*,*,#2959,.F.);
#1450=ORIENTED_EDGE('',*,*,#2964,.F.);
#1451=ORIENTED_EDGE('',*,*,#2965,.T.);
#1452=ORIENTED_EDGE('',*,*,#2907,.F.);
#1453=ORIENTED_EDGE('',*,*,#2966,.F.);
#1454=ORIENTED_EDGE('',*,*,#2962,.F.);
#1455=ORIENTED_EDGE('',*,*,#2965,.F.);
#1456=ORIENTED_EDGE('',*,*,#2967,.T.);
#1457=ORIENTED_EDGE('',*,*,#2968,.T.);
#1458=ORIENTED_EDGE('',*,*,#2908,.F.);
#1459=ORIENTED_EDGE('',*,*,#2969,.F.);
#1460=ORIENTED_EDGE('',*,*,#2970,.T.);
#1461=ORIENTED_EDGE('',*,*,#2971,.F.);
#1462=ORIENTED_EDGE('',*,*,#2909,.T.);
#1463=ORIENTED_EDGE('',*,*,#2968,.F.);
#1464=ORIENTED_EDGE('',*,*,#2972,.F.);
#1465=ORIENTED_EDGE('',*,*,#2792,.T.);
#1466=ORIENTED_EDGE('',*,*,#2973,.F.);
#1467=ORIENTED_EDGE('',*,*,#2970,.F.);
#1468=ORIENTED_EDGE('',*,*,#2943,.F.);
#1469=ORIENTED_EDGE('',*,*,#2974,.F.);
#1470=ORIENTED_EDGE('',*,*,#2975,.F.);
#1471=ORIENTED_EDGE('',*,*,#2976,.F.);
#1472=ORIENTED_EDGE('',*,*,#2977,.T.);
#1473=ORIENTED_EDGE('',*,*,#2978,.T.);
#1474=ORIENTED_EDGE('',*,*,#2979,.T.);
#1475=ORIENTED_EDGE('',*,*,#2980,.T.);
#1476=ORIENTED_EDGE('',*,*,#2981,.F.);
#1477=ORIENTED_EDGE('',*,*,#2795,.F.);
#1478=ORIENTED_EDGE('',*,*,#2982,.T.);
#1479=ORIENTED_EDGE('',*,*,#2983,.F.);
#1480=ORIENTED_EDGE('',*,*,#2984,.F.);
#1481=ORIENTED_EDGE('',*,*,#2985,.T.);
#1482=ORIENTED_EDGE('',*,*,#2986,.T.);
#1483=ORIENTED_EDGE('',*,*,#2987,.T.);
#1484=ORIENTED_EDGE('',*,*,#2988,.T.);
#1485=ORIENTED_EDGE('',*,*,#2930,.F.);
#1486=ORIENTED_EDGE('',*,*,#2989,.T.);
#1487=ORIENTED_EDGE('',*,*,#2990,.T.);
#1488=ORIENTED_EDGE('',*,*,#2991,.T.);
#1489=ORIENTED_EDGE('',*,*,#2992,.T.);
#1490=ORIENTED_EDGE('',*,*,#2993,.T.);
#1491=ORIENTED_EDGE('',*,*,#2994,.T.);
#1492=ORIENTED_EDGE('',*,*,#2979,.F.);
#1493=ORIENTED_EDGE('',*,*,#2995,.T.);
#1494=ORIENTED_EDGE('',*,*,#2996,.T.);
#1495=ORIENTED_EDGE('',*,*,#2997,.T.);
#1496=ORIENTED_EDGE('',*,*,#2998,.T.);
#1497=ORIENTED_EDGE('',*,*,#2999,.T.);
#1498=ORIENTED_EDGE('',*,*,#3000,.T.);
#1499=ORIENTED_EDGE('',*,*,#3001,.T.);
#1500=ORIENTED_EDGE('',*,*,#3002,.T.);
#1501=ORIENTED_EDGE('',*,*,#2984,.T.);
#1502=ORIENTED_EDGE('',*,*,#3003,.T.);
#1503=ORIENTED_EDGE('',*,*,#3004,.T.);
#1504=ORIENTED_EDGE('',*,*,#3005,.F.);
#1505=ORIENTED_EDGE('',*,*,#3001,.F.);
#1506=ORIENTED_EDGE('',*,*,#3006,.F.);
#1507=ORIENTED_EDGE('',*,*,#3007,.F.);
#1508=ORIENTED_EDGE('',*,*,#2917,.T.);
#1509=ORIENTED_EDGE('',*,*,#2960,.T.);
#1510=ORIENTED_EDGE('',*,*,#2963,.F.);
#1511=ORIENTED_EDGE('',*,*,#2966,.T.);
#1512=ORIENTED_EDGE('',*,*,#2910,.T.);
#1513=ORIENTED_EDGE('',*,*,#2971,.T.);
#1514=ORIENTED_EDGE('',*,*,#2973,.T.);
#1515=ORIENTED_EDGE('',*,*,#2791,.F.);
#1516=ORIENTED_EDGE('',*,*,#3008,.T.);
#1517=ORIENTED_EDGE('',*,*,#3009,.T.);
#1518=ORIENTED_EDGE('',*,*,#3010,.F.);
#1519=ORIENTED_EDGE('',*,*,#3011,.F.);
#1520=ORIENTED_EDGE('',*,*,#3012,.T.);
#1521=ORIENTED_EDGE('',*,*,#3013,.F.);
#1522=ORIENTED_EDGE('',*,*,#3014,.T.);
#1523=ORIENTED_EDGE('',*,*,#3000,.F.);
#1524=ORIENTED_EDGE('',*,*,#3015,.F.);
#1525=ORIENTED_EDGE('',*,*,#3008,.F.);
#1526=ORIENTED_EDGE('',*,*,#3016,.T.);
#1527=ORIENTED_EDGE('',*,*,#2995,.F.);
#1528=ORIENTED_EDGE('',*,*,#3014,.F.);
#1529=ORIENTED_EDGE('',*,*,#3017,.F.);
#1530=ORIENTED_EDGE('',*,*,#3018,.T.);
#1531=ORIENTED_EDGE('',*,*,#2996,.F.);
#1532=ORIENTED_EDGE('',*,*,#3016,.F.);
#1533=ORIENTED_EDGE('',*,*,#3019,.F.);
#1534=ORIENTED_EDGE('',*,*,#3020,.F.);
#1535=ORIENTED_EDGE('',*,*,#3021,.T.);
#1536=ORIENTED_EDGE('',*,*,#3022,.T.);
#1537=ORIENTED_EDGE('',*,*,#3023,.F.);
#1538=ORIENTED_EDGE('',*,*,#3024,.T.);
#1539=ORIENTED_EDGE('',*,*,#3020,.T.);
#1540=ORIENTED_EDGE('',*,*,#3025,.T.);
#1541=ORIENTED_EDGE('',*,*,#3026,.F.);
#1542=ORIENTED_EDGE('',*,*,#3027,.T.);
#1543=ORIENTED_EDGE('',*,*,#3028,.F.);
#1544=ORIENTED_EDGE('',*,*,#3029,.F.);
#1545=ORIENTED_EDGE('',*,*,#3021,.F.);
#1546=ORIENTED_EDGE('',*,*,#3030,.T.);
#1547=ORIENTED_EDGE('',*,*,#3031,.F.);
#1548=ORIENTED_EDGE('',*,*,#3027,.F.);
#1549=ORIENTED_EDGE('',*,*,#3032,.F.);
#1550=ORIENTED_EDGE('',*,*,#3033,.T.);
#1551=ORIENTED_EDGE('',*,*,#3034,.T.);
#1552=ORIENTED_EDGE('',*,*,#2925,.F.);
#1553=ORIENTED_EDGE('',*,*,#3035,.F.);
#1554=ORIENTED_EDGE('',*,*,#3036,.T.);
#1555=ORIENTED_EDGE('',*,*,#3037,.T.);
#1556=ORIENTED_EDGE('',*,*,#2926,.F.);
#1557=ORIENTED_EDGE('',*,*,#3034,.F.);
#1558=ORIENTED_EDGE('',*,*,#3038,.T.);
#1559=ORIENTED_EDGE('',*,*,#3039,.T.);
#1560=ORIENTED_EDGE('',*,*,#2927,.F.);
#1561=ORIENTED_EDGE('',*,*,#3037,.F.);
#1562=ORIENTED_EDGE('',*,*,#2918,.T.);
#1563=ORIENTED_EDGE('',*,*,#3007,.T.);
#1564=ORIENTED_EDGE('',*,*,#3040,.T.);
#1565=ORIENTED_EDGE('',*,*,#3041,.F.);
#1566=ORIENTED_EDGE('',*,*,#2912,.F.);
#1567=ORIENTED_EDGE('',*,*,#3042,.F.);
#1568=ORIENTED_EDGE('',*,*,#2955,.T.);
#1569=ORIENTED_EDGE('',*,*,#2921,.T.);
#1570=ORIENTED_EDGE('',*,*,#2919,.F.);
#1571=ORIENTED_EDGE('',*,*,#2913,.T.);
#1572=ORIENTED_EDGE('',*,*,#3043,.T.);
#1573=ORIENTED_EDGE('',*,*,#3044,.F.);
#1574=ORIENTED_EDGE('',*,*,#2951,.T.);
#1575=ORIENTED_EDGE('',*,*,#3042,.T.);
#1576=ORIENTED_EDGE('',*,*,#3045,.T.);
#1577=ORIENTED_EDGE('',*,*,#3046,.T.);
#1578=ORIENTED_EDGE('',*,*,#2952,.T.);
#1579=ORIENTED_EDGE('',*,*,#3044,.T.);
#1580=ORIENTED_EDGE('',*,*,#3047,.T.);
#1581=ORIENTED_EDGE('',*,*,#3048,.T.);
#1582=ORIENTED_EDGE('',*,*,#3049,.F.);
#1583=ORIENTED_EDGE('',*,*,#3050,.T.);
#1584=ORIENTED_EDGE('',*,*,#2928,.F.);
#1585=ORIENTED_EDGE('',*,*,#3039,.F.);
#1586=ORIENTED_EDGE('',*,*,#3051,.T.);
#1587=ORIENTED_EDGE('',*,*,#2929,.F.);
#1588=ORIENTED_EDGE('',*,*,#3050,.F.);
#1589=ORIENTED_EDGE('',*,*,#3052,.F.);
#1590=ORIENTED_EDGE('',*,*,#3053,.T.);
#1591=ORIENTED_EDGE('',*,*,#3035,.T.);
#1592=ORIENTED_EDGE('',*,*,#2924,.F.);
#1593=ORIENTED_EDGE('',*,*,#3051,.F.);
#1594=ORIENTED_EDGE('',*,*,#3054,.F.);
#1595=ORIENTED_EDGE('',*,*,#3055,.F.);
#1596=ORIENTED_EDGE('',*,*,#3056,.T.);
#1597=ORIENTED_EDGE('',*,*,#2934,.T.);
#1598=ORIENTED_EDGE('',*,*,#3057,.F.);
#1599=ORIENTED_EDGE('',*,*,#2946,.F.);
#1600=ORIENTED_EDGE('',*,*,#3058,.T.);
#1601=ORIENTED_EDGE('',*,*,#2948,.T.);
#1602=ORIENTED_EDGE('',*,*,#3046,.F.);
#1603=ORIENTED_EDGE('',*,*,#3059,.F.);
#1604=ORIENTED_EDGE('',*,*,#3060,.F.);
#1605=ORIENTED_EDGE('',*,*,#3061,.F.);
#1606=ORIENTED_EDGE('',*,*,#3062,.F.);
#1607=ORIENTED_EDGE('',*,*,#3063,.T.);
#1608=ORIENTED_EDGE('',*,*,#3055,.T.);
#1609=ORIENTED_EDGE('',*,*,#3064,.F.);
#1610=ORIENTED_EDGE('',*,*,#3056,.F.);
#1611=ORIENTED_EDGE('',*,*,#3063,.F.);
#1612=ORIENTED_EDGE('',*,*,#3065,.F.);
#1613=ORIENTED_EDGE('',*,*,#3066,.F.);
#1614=ORIENTED_EDGE('',*,*,#3067,.F.);
#1615=ORIENTED_EDGE('',*,*,#3068,.T.);
#1616=ORIENTED_EDGE('',*,*,#3069,.T.);
#1617=ORIENTED_EDGE('',*,*,#2938,.F.);
#1618=ORIENTED_EDGE('',*,*,#2935,.F.);
#1619=ORIENTED_EDGE('',*,*,#2931,.T.);
#1620=ORIENTED_EDGE('',*,*,#3070,.T.);
#1621=ORIENTED_EDGE('',*,*,#3071,.T.);
#1622=ORIENTED_EDGE('',*,*,#3072,.T.);
#1623=ORIENTED_EDGE('',*,*,#3073,.T.);
#1624=ORIENTED_EDGE('',*,*,#3074,.F.);
#1625=ORIENTED_EDGE('',*,*,#3075,.T.);
#1626=ORIENTED_EDGE('',*,*,#3076,.F.);
#1627=ORIENTED_EDGE('',*,*,#3030,.F.);
#1628=ORIENTED_EDGE('',*,*,#3077,.F.);
#1629=ORIENTED_EDGE('',*,*,#3071,.F.);
#1630=ORIENTED_EDGE('',*,*,#2977,.F.);
#1631=ORIENTED_EDGE('',*,*,#3076,.T.);
#1632=ORIENTED_EDGE('',*,*,#3078,.T.);
#1633=ORIENTED_EDGE('',*,*,#3079,.T.);
#1634=ORIENTED_EDGE('',*,*,#3080,.T.);
#1635=ORIENTED_EDGE('',*,*,#3028,.T.);
#1636=ORIENTED_EDGE('',*,*,#3031,.T.);
#1637=ORIENTED_EDGE('',*,*,#3068,.F.);
#1638=ORIENTED_EDGE('',*,*,#3081,.T.);
#1639=ORIENTED_EDGE('',*,*,#3082,.T.);
#1640=ORIENTED_EDGE('',*,*,#3083,.F.);
#1641=ORIENTED_EDGE('',*,*,#3069,.F.);
#1642=ORIENTED_EDGE('',*,*,#3083,.T.);
#1643=ORIENTED_EDGE('',*,*,#3084,.F.);
#1644=ORIENTED_EDGE('',*,*,#2936,.T.);
#1645=ORIENTED_EDGE('',*,*,#2939,.T.);
#1646=ORIENTED_EDGE('',*,*,#2937,.T.);
#1647=ORIENTED_EDGE('',*,*,#3085,.F.);
#1648=ORIENTED_EDGE('',*,*,#3086,.F.);
#1649=ORIENTED_EDGE('',*,*,#3087,.T.);
#1650=ORIENTED_EDGE('',*,*,#3088,.T.);
#1651=ORIENTED_EDGE('',*,*,#2974,.T.);
#1652=ORIENTED_EDGE('',*,*,#2942,.T.);
#1653=ORIENTED_EDGE('',*,*,#2947,.T.);
#1654=ORIENTED_EDGE('',*,*,#3057,.T.);
#1655=ORIENTED_EDGE('',*,*,#2933,.T.);
#1656=ORIENTED_EDGE('',*,*,#3089,.F.);
#1657=ORIENTED_EDGE('',*,*,#3090,.F.);
#1658=ORIENTED_EDGE('',*,*,#2975,.T.);
#1659=ORIENTED_EDGE('',*,*,#3088,.F.);
#1660=ORIENTED_EDGE('',*,*,#2980,.F.);
#1661=ORIENTED_EDGE('',*,*,#2978,.F.);
#1662=ORIENTED_EDGE('',*,*,#2976,.T.);
#1663=ORIENTED_EDGE('',*,*,#3090,.T.);
#1664=ORIENTED_EDGE('',*,*,#3091,.F.);
#1665=ORIENTED_EDGE('',*,*,#3092,.F.);
#1666=ORIENTED_EDGE('',*,*,#3093,.F.);
#1667=ORIENTED_EDGE('',*,*,#3094,.T.);
#1668=ORIENTED_EDGE('',*,*,#3095,.F.);
#1669=ORIENTED_EDGE('',*,*,#3096,.F.);
#1670=ORIENTED_EDGE('',*,*,#2982,.F.);
#1671=ORIENTED_EDGE('',*,*,#2797,.F.);
#1672=ORIENTED_EDGE('',*,*,#2793,.T.);
#1673=ORIENTED_EDGE('',*,*,#2972,.T.);
#1674=ORIENTED_EDGE('',*,*,#2969,.T.);
#1675=ORIENTED_EDGE('',*,*,#2967,.F.);
#1676=ORIENTED_EDGE('',*,*,#2964,.T.);
#1677=ORIENTED_EDGE('',*,*,#2961,.T.);
#1678=ORIENTED_EDGE('',*,*,#2958,.T.);
#1679=ORIENTED_EDGE('',*,*,#2956,.F.);
#1680=ORIENTED_EDGE('',*,*,#2953,.T.);
#1681=ORIENTED_EDGE('',*,*,#2949,.F.);
#1682=ORIENTED_EDGE('',*,*,#3058,.F.);
#1683=ORIENTED_EDGE('',*,*,#2945,.T.);
#1684=ORIENTED_EDGE('',*,*,#2944,.T.);
#1685=ORIENTED_EDGE('',*,*,#2940,.T.);
#1686=ORIENTED_EDGE('',*,*,#3097,.F.);
#1687=ORIENTED_EDGE('',*,*,#3098,.F.);
#1688=ORIENTED_EDGE('',*,*,#3099,.F.);
#1689=ORIENTED_EDGE('',*,*,#3100,.F.);
#1690=ORIENTED_EDGE('',*,*,#3101,.F.);
#1691=ORIENTED_EDGE('',*,*,#3102,.F.);
#1692=ORIENTED_EDGE('',*,*,#3103,.F.);
#1693=ORIENTED_EDGE('',*,*,#3104,.F.);
#1694=ORIENTED_EDGE('',*,*,#3105,.F.);
#1695=ORIENTED_EDGE('',*,*,#3106,.F.);
#1696=ORIENTED_EDGE('',*,*,#3107,.F.);
#1697=ORIENTED_EDGE('',*,*,#3108,.F.);
#1698=ORIENTED_EDGE('',*,*,#3109,.T.);
#1699=ORIENTED_EDGE('',*,*,#3110,.T.);
#1700=ORIENTED_EDGE('',*,*,#2986,.F.);
#1701=ORIENTED_EDGE('',*,*,#3111,.T.);
#1702=ORIENTED_EDGE('',*,*,#3112,.T.);
#1703=ORIENTED_EDGE('',*,*,#3113,.T.);
#1704=ORIENTED_EDGE('',*,*,#2987,.F.);
#1705=ORIENTED_EDGE('',*,*,#3113,.F.);
#1706=ORIENTED_EDGE('',*,*,#3114,.T.);
#1707=ORIENTED_EDGE('',*,*,#3115,.T.);
#1708=ORIENTED_EDGE('',*,*,#3116,.F.);
#1709=ORIENTED_EDGE('',*,*,#2988,.F.);
#1710=ORIENTED_EDGE('',*,*,#3115,.F.);
#1711=ORIENTED_EDGE('',*,*,#3117,.T.);
#1712=ORIENTED_EDGE('',*,*,#2983,.T.);
#1713=ORIENTED_EDGE('',*,*,#3096,.T.);
#1714=ORIENTED_EDGE('',*,*,#3118,.T.);
#1715=ORIENTED_EDGE('',*,*,#3119,.F.);
#1716=ORIENTED_EDGE('',*,*,#3120,.F.);
#1717=ORIENTED_EDGE('',*,*,#3073,.F.);
#1718=ORIENTED_EDGE('',*,*,#3121,.F.);
#1719=ORIENTED_EDGE('',*,*,#3003,.F.);
#1720=ORIENTED_EDGE('',*,*,#3116,.T.);
#1721=ORIENTED_EDGE('',*,*,#3122,.T.);
#1722=ORIENTED_EDGE('',*,*,#3111,.F.);
#1723=ORIENTED_EDGE('',*,*,#2985,.F.);
#1724=ORIENTED_EDGE('',*,*,#3123,.T.);
#1725=ORIENTED_EDGE('',*,*,#2991,.F.);
#1726=ORIENTED_EDGE('',*,*,#3124,.F.);
#1727=ORIENTED_EDGE('',*,*,#3125,.F.);
#1728=ORIENTED_EDGE('',*,*,#3126,.T.);
#1729=ORIENTED_EDGE('',*,*,#2992,.F.);
#1730=ORIENTED_EDGE('',*,*,#3123,.F.);
#1731=ORIENTED_EDGE('',*,*,#3127,.F.);
#1732=ORIENTED_EDGE('',*,*,#3128,.T.);
#1733=ORIENTED_EDGE('',*,*,#2993,.F.);
#1734=ORIENTED_EDGE('',*,*,#3126,.F.);
#1735=ORIENTED_EDGE('',*,*,#3129,.F.);
#1736=ORIENTED_EDGE('',*,*,#3130,.T.);
#1737=ORIENTED_EDGE('',*,*,#2994,.F.);
#1738=ORIENTED_EDGE('',*,*,#3128,.F.);
#1739=ORIENTED_EDGE('',*,*,#3131,.F.);
#1740=ORIENTED_EDGE('',*,*,#3132,.T.);
#1741=ORIENTED_EDGE('',*,*,#2989,.F.);
#1742=ORIENTED_EDGE('',*,*,#3130,.F.);
#1743=ORIENTED_EDGE('',*,*,#3133,.F.);
#1744=ORIENTED_EDGE('',*,*,#3124,.T.);
#1745=ORIENTED_EDGE('',*,*,#2990,.F.);
#1746=ORIENTED_EDGE('',*,*,#3132,.F.);
#1747=ORIENTED_EDGE('',*,*,#3134,.F.);
#1748=ORIENTED_EDGE('',*,*,#3029,.T.);
#1749=ORIENTED_EDGE('',*,*,#3080,.F.);
#1750=ORIENTED_EDGE('',*,*,#3135,.F.);
#1751=ORIENTED_EDGE('',*,*,#3136,.F.);
#1752=ORIENTED_EDGE('',*,*,#3137,.F.);
#1753=ORIENTED_EDGE('',*,*,#3022,.F.);
#1754=ORIENTED_EDGE('',*,*,#3023,.T.);
#1755=ORIENTED_EDGE('',*,*,#3137,.T.);
#1756=ORIENTED_EDGE('',*,*,#3138,.F.);
#1757=ORIENTED_EDGE('',*,*,#3139,.T.);
#1758=ORIENTED_EDGE('',*,*,#3139,.F.);
#1759=ORIENTED_EDGE('',*,*,#3140,.F.);
#1760=ORIENTED_EDGE('',*,*,#3141,.T.);
#1761=ORIENTED_EDGE('',*,*,#2997,.F.);
#1762=ORIENTED_EDGE('',*,*,#3018,.F.);
#1763=ORIENTED_EDGE('',*,*,#3024,.F.);
#1764=ORIENTED_EDGE('',*,*,#3142,.T.);
#1765=ORIENTED_EDGE('',*,*,#2998,.F.);
#1766=ORIENTED_EDGE('',*,*,#3141,.F.);
#1767=ORIENTED_EDGE('',*,*,#3143,.F.);
#1768=ORIENTED_EDGE('',*,*,#3015,.T.);
#1769=ORIENTED_EDGE('',*,*,#2999,.F.);
#1770=ORIENTED_EDGE('',*,*,#3142,.F.);
#1771=ORIENTED_EDGE('',*,*,#3144,.F.);
#1772=ORIENTED_EDGE('',*,*,#3145,.F.);
#1773=ORIENTED_EDGE('',*,*,#3009,.F.);
#1774=ORIENTED_EDGE('',*,*,#3010,.T.);
#1775=ORIENTED_EDGE('',*,*,#3145,.T.);
#1776=ORIENTED_EDGE('',*,*,#3146,.F.);
#1777=ORIENTED_EDGE('',*,*,#3147,.F.);
#1778=ORIENTED_EDGE('',*,*,#3148,.F.);
#1779=ORIENTED_EDGE('',*,*,#3011,.T.);
#1780=ORIENTED_EDGE('',*,*,#3147,.T.);
#1781=ORIENTED_EDGE('',*,*,#3149,.T.);
#1782=ORIENTED_EDGE('',*,*,#3072,.F.);
#1783=ORIENTED_EDGE('',*,*,#3077,.T.);
#1784=ORIENTED_EDGE('',*,*,#3032,.T.);
#1785=ORIENTED_EDGE('',*,*,#3026,.T.);
#1786=ORIENTED_EDGE('',*,*,#3025,.F.);
#1787=ORIENTED_EDGE('',*,*,#3019,.T.);
#1788=ORIENTED_EDGE('',*,*,#3017,.T.);
#1789=ORIENTED_EDGE('',*,*,#3013,.T.);
#1790=ORIENTED_EDGE('',*,*,#3012,.F.);
#1791=ORIENTED_EDGE('',*,*,#3148,.T.);
#1792=ORIENTED_EDGE('',*,*,#3150,.F.);
#1793=ORIENTED_EDGE('',*,*,#3151,.F.);
#1794=ORIENTED_EDGE('',*,*,#3040,.F.);
#1795=ORIENTED_EDGE('',*,*,#3006,.T.);
#1796=ORIENTED_EDGE('',*,*,#3004,.F.);
#1797=ORIENTED_EDGE('',*,*,#3121,.T.);
#1798=ORIENTED_EDGE('',*,*,#3053,.F.);
#1799=ORIENTED_EDGE('',*,*,#3152,.T.);
#1800=ORIENTED_EDGE('',*,*,#3045,.F.);
#1801=ORIENTED_EDGE('',*,*,#3043,.F.);
#1802=ORIENTED_EDGE('',*,*,#3041,.T.);
#1803=ORIENTED_EDGE('',*,*,#3151,.T.);
#1804=ORIENTED_EDGE('',*,*,#3153,.T.);
#1805=ORIENTED_EDGE('',*,*,#3154,.T.);
#1806=ORIENTED_EDGE('',*,*,#3048,.F.);
#1807=ORIENTED_EDGE('',*,*,#3038,.F.);
#1808=ORIENTED_EDGE('',*,*,#3036,.F.);
#1809=ORIENTED_EDGE('',*,*,#3033,.F.);
#1810=ORIENTED_EDGE('',*,*,#3152,.F.);
#1811=ORIENTED_EDGE('',*,*,#3054,.T.);
#1812=ORIENTED_EDGE('',*,*,#3052,.T.);
#1813=ORIENTED_EDGE('',*,*,#3049,.T.);
#1814=ORIENTED_EDGE('',*,*,#3154,.F.);
#1815=ORIENTED_EDGE('',*,*,#3155,.F.);
#1816=ORIENTED_EDGE('',*,*,#3156,.F.);
#1817=ORIENTED_EDGE('',*,*,#3059,.T.);
#1818=ORIENTED_EDGE('',*,*,#3047,.F.);
#1819=ORIENTED_EDGE('',*,*,#3060,.T.);
#1820=ORIENTED_EDGE('',*,*,#3156,.T.);
#1821=ORIENTED_EDGE('',*,*,#3157,.T.);
#1822=ORIENTED_EDGE('',*,*,#3158,.T.);
#1823=ORIENTED_EDGE('',*,*,#3159,.T.);
#1824=ORIENTED_EDGE('',*,*,#3160,.T.);
#1825=ORIENTED_EDGE('',*,*,#3064,.T.);
#1826=ORIENTED_EDGE('',*,*,#3061,.T.);
#1827=ORIENTED_EDGE('',*,*,#3158,.F.);
#1828=ORIENTED_EDGE('',*,*,#3161,.T.);
#1829=ORIENTED_EDGE('',*,*,#3065,.T.);
#1830=ORIENTED_EDGE('',*,*,#3062,.T.);
#1831=ORIENTED_EDGE('',*,*,#3160,.F.);
#1832=ORIENTED_EDGE('',*,*,#3162,.T.);
#1833=ORIENTED_EDGE('',*,*,#3163,.F.);
#1834=ORIENTED_EDGE('',*,*,#3066,.T.);
#1835=ORIENTED_EDGE('',*,*,#3161,.F.);
#1836=ORIENTED_EDGE('',*,*,#3164,.F.);
#1837=ORIENTED_EDGE('',*,*,#3081,.F.);
#1838=ORIENTED_EDGE('',*,*,#3067,.T.);
#1839=ORIENTED_EDGE('',*,*,#3163,.T.);
#1840=ORIENTED_EDGE('',*,*,#3165,.T.);
#1841=ORIENTED_EDGE('',*,*,#3166,.T.);
#1842=ORIENTED_EDGE('',*,*,#3167,.F.);
#1843=ORIENTED_EDGE('',*,*,#3168,.F.);
#1844=ORIENTED_EDGE('',*,*,#3169,.T.);
#1845=ORIENTED_EDGE('',*,*,#3074,.T.);
#1846=ORIENTED_EDGE('',*,*,#3120,.T.);
#1847=ORIENTED_EDGE('',*,*,#3170,.F.);
#1848=ORIENTED_EDGE('',*,*,#3169,.F.);
#1849=ORIENTED_EDGE('',*,*,#3171,.F.);
#1850=ORIENTED_EDGE('',*,*,#3172,.T.);
#1851=ORIENTED_EDGE('',*,*,#3078,.F.);
#1852=ORIENTED_EDGE('',*,*,#3075,.F.);
#1853=ORIENTED_EDGE('',*,*,#3070,.F.);
#1854=ORIENTED_EDGE('',*,*,#3135,.T.);
#1855=ORIENTED_EDGE('',*,*,#3079,.F.);
#1856=ORIENTED_EDGE('',*,*,#3172,.F.);
#1857=ORIENTED_EDGE('',*,*,#3173,.F.);
#1858=ORIENTED_EDGE('',*,*,#3174,.F.);
#1859=ORIENTED_EDGE('',*,*,#3175,.T.);
#1860=ORIENTED_EDGE('',*,*,#3166,.F.);
#1861=ORIENTED_EDGE('',*,*,#3176,.T.);
#1862=ORIENTED_EDGE('',*,*,#3177,.F.);
#1863=ORIENTED_EDGE('',*,*,#3178,.T.);
#1864=ORIENTED_EDGE('',*,*,#3179,.F.);
#1865=ORIENTED_EDGE('',*,*,#3180,.F.);
#1866=ORIENTED_EDGE('',*,*,#3082,.F.);
#1867=ORIENTED_EDGE('',*,*,#3167,.T.);
#1868=ORIENTED_EDGE('',*,*,#3175,.F.);
#1869=ORIENTED_EDGE('',*,*,#3094,.F.);
#1870=ORIENTED_EDGE('',*,*,#3181,.T.);
#1871=ORIENTED_EDGE('',*,*,#3182,.F.);
#1872=ORIENTED_EDGE('',*,*,#3183,.T.);
#1873=ORIENTED_EDGE('',*,*,#3118,.F.);
#1874=ORIENTED_EDGE('',*,*,#3095,.T.);
#1875=ORIENTED_EDGE('',*,*,#3183,.F.);
#1876=ORIENTED_EDGE('',*,*,#3184,.F.);
#1877=ORIENTED_EDGE('',*,*,#3185,.T.);
#1878=ORIENTED_EDGE('',*,*,#3110,.F.);
#1879=ORIENTED_EDGE('',*,*,#3186,.T.);
#1880=ORIENTED_EDGE('',*,*,#3187,.T.);
#1881=ORIENTED_EDGE('',*,*,#3188,.F.);
#1882=ORIENTED_EDGE('',*,*,#3189,.T.);
#1883=ORIENTED_EDGE('',*,*,#3107,.T.);
#1884=ORIENTED_EDGE('',*,*,#3188,.T.);
#1885=ORIENTED_EDGE('',*,*,#3190,.F.);
#1886=ORIENTED_EDGE('',*,*,#3191,.F.);
#1887=ORIENTED_EDGE('',*,*,#3192,.F.);
#1888=ORIENTED_EDGE('',*,*,#3193,.T.);
#1889=ORIENTED_EDGE('',*,*,#3194,.F.);
#1890=ORIENTED_EDGE('',*,*,#3193,.F.);
#1891=ORIENTED_EDGE('',*,*,#3195,.F.);
#1892=ORIENTED_EDGE('',*,*,#3196,.T.);
#1893=ORIENTED_EDGE('',*,*,#3197,.F.);
#1894=ORIENTED_EDGE('',*,*,#3178,.F.);
#1895=ORIENTED_EDGE('',*,*,#3196,.F.);
#1896=ORIENTED_EDGE('',*,*,#3198,.F.);
#1897=ORIENTED_EDGE('',*,*,#3199,.F.);
#1898=ORIENTED_EDGE('',*,*,#3200,.F.);
#1899=ORIENTED_EDGE('',*,*,#3201,.F.);
#1900=ORIENTED_EDGE('',*,*,#3179,.T.);
#1901=ORIENTED_EDGE('',*,*,#3197,.T.);
#1902=ORIENTED_EDGE('',*,*,#3202,.F.);
#1903=ORIENTED_EDGE('',*,*,#3203,.F.);
#1904=ORIENTED_EDGE('',*,*,#3086,.T.);
#1905=ORIENTED_EDGE('',*,*,#3085,.T.);
#1906=ORIENTED_EDGE('',*,*,#3084,.T.);
#1907=ORIENTED_EDGE('',*,*,#3180,.T.);
#1908=ORIENTED_EDGE('',*,*,#3201,.T.);
#1909=ORIENTED_EDGE('',*,*,#3204,.F.);
#1910=ORIENTED_EDGE('',*,*,#3091,.T.);
#1911=ORIENTED_EDGE('',*,*,#3089,.T.);
#1912=ORIENTED_EDGE('',*,*,#3087,.F.);
#1913=ORIENTED_EDGE('',*,*,#3203,.T.);
#1914=ORIENTED_EDGE('',*,*,#3205,.F.);
#1915=ORIENTED_EDGE('',*,*,#3206,.T.);
#1916=ORIENTED_EDGE('',*,*,#3092,.T.);
#1917=ORIENTED_EDGE('',*,*,#3204,.T.);
#1918=ORIENTED_EDGE('',*,*,#3207,.F.);
#1919=ORIENTED_EDGE('',*,*,#3181,.F.);
#1920=ORIENTED_EDGE('',*,*,#3093,.T.);
#1921=ORIENTED_EDGE('',*,*,#3206,.F.);
#1922=ORIENTED_EDGE('',*,*,#3208,.F.);
#1923=ORIENTED_EDGE('',*,*,#3209,.T.);
#1924=ORIENTED_EDGE('',*,*,#3097,.T.);
#1925=ORIENTED_EDGE('',*,*,#3210,.T.);
#1926=ORIENTED_EDGE('',*,*,#3211,.T.);
#1927=ORIENTED_EDGE('',*,*,#3098,.T.);
#1928=ORIENTED_EDGE('',*,*,#2812,.F.);
#1929=ORIENTED_EDGE('',*,*,#2808,.F.);
#1930=ORIENTED_EDGE('',*,*,#2784,.F.);
#1931=ORIENTED_EDGE('',*,*,#3212,.T.);
#1932=ORIENTED_EDGE('',*,*,#3213,.T.);
#1933=ORIENTED_EDGE('',*,*,#3212,.F.);
#1934=ORIENTED_EDGE('',*,*,#2783,.F.);
#1935=ORIENTED_EDGE('',*,*,#3214,.T.);
#1936=ORIENTED_EDGE('',*,*,#3215,.T.);
#1937=ORIENTED_EDGE('',*,*,#3216,.T.);
#1938=ORIENTED_EDGE('',*,*,#3214,.F.);
#1939=ORIENTED_EDGE('',*,*,#2782,.F.);
#1940=ORIENTED_EDGE('',*,*,#3217,.T.);
#1941=ORIENTED_EDGE('',*,*,#3218,.T.);
#1942=ORIENTED_EDGE('',*,*,#3215,.F.);
#1943=ORIENTED_EDGE('',*,*,#2781,.F.);
#1944=ORIENTED_EDGE('',*,*,#3219,.T.);
#1945=ORIENTED_EDGE('',*,*,#3122,.F.);
#1946=ORIENTED_EDGE('',*,*,#3217,.F.);
#1947=ORIENTED_EDGE('',*,*,#2780,.F.);
#1948=ORIENTED_EDGE('',*,*,#3220,.T.);
#1949=ORIENTED_EDGE('',*,*,#3221,.T.);
#1950=ORIENTED_EDGE('',*,*,#3219,.F.);
#1951=ORIENTED_EDGE('',*,*,#2779,.F.);
#1952=ORIENTED_EDGE('',*,*,#3222,.T.);
#1953=ORIENTED_EDGE('',*,*,#3223,.T.);
#1954=ORIENTED_EDGE('',*,*,#3220,.F.);
#1955=ORIENTED_EDGE('',*,*,#2778,.F.);
#1956=ORIENTED_EDGE('',*,*,#3224,.T.);
#1957=ORIENTED_EDGE('',*,*,#3225,.T.);
#1958=ORIENTED_EDGE('',*,*,#3222,.F.);
#1959=ORIENTED_EDGE('',*,*,#2777,.F.);
#1960=ORIENTED_EDGE('',*,*,#2776,.F.);
#1961=ORIENTED_EDGE('',*,*,#3226,.T.);
#1962=ORIENTED_EDGE('',*,*,#3186,.F.);
#1963=ORIENTED_EDGE('',*,*,#3227,.T.);
#1964=ORIENTED_EDGE('',*,*,#3224,.F.);
#1965=ORIENTED_EDGE('',*,*,#3187,.F.);
#1966=ORIENTED_EDGE('',*,*,#3228,.T.);
#1967=ORIENTED_EDGE('',*,*,#3229,.T.);
#1968=ORIENTED_EDGE('',*,*,#3230,.T.);
#1969=ORIENTED_EDGE('',*,*,#3231,.F.);
#1970=ORIENTED_EDGE('',*,*,#3232,.F.);
#1971=ORIENTED_EDGE('',*,*,#3233,.F.);
#1972=ORIENTED_EDGE('',*,*,#2828,.F.);
#1973=ORIENTED_EDGE('',*,*,#2877,.F.);
#1974=ORIENTED_EDGE('',*,*,#2880,.F.);
#1975=ORIENTED_EDGE('',*,*,#2881,.T.);
#1976=ORIENTED_EDGE('',*,*,#3234,.F.);
#1977=ORIENTED_EDGE('',*,*,#3235,.F.);
#1978=ORIENTED_EDGE('',*,*,#3236,.T.);
#1979=ORIENTED_EDGE('',*,*,#3190,.T.);
#1980=ORIENTED_EDGE('',*,*,#3237,.F.);
#1981=ORIENTED_EDGE('',*,*,#3238,.F.);
#1982=ORIENTED_EDGE('',*,*,#3099,.T.);
#1983=ORIENTED_EDGE('',*,*,#3239,.F.);
#1984=ORIENTED_EDGE('',*,*,#3240,.T.);
#1985=ORIENTED_EDGE('',*,*,#3100,.T.);
#1986=ORIENTED_EDGE('',*,*,#3238,.T.);
#1987=ORIENTED_EDGE('',*,*,#3241,.F.);
#1988=ORIENTED_EDGE('',*,*,#3101,.T.);
#1989=ORIENTED_EDGE('',*,*,#3240,.F.);
#1990=ORIENTED_EDGE('',*,*,#3242,.F.);
#1991=ORIENTED_EDGE('',*,*,#3243,.F.);
#1992=ORIENTED_EDGE('',*,*,#3239,.T.);
#1993=ORIENTED_EDGE('',*,*,#3102,.T.);
#1994=ORIENTED_EDGE('',*,*,#3243,.T.);
#1995=ORIENTED_EDGE('',*,*,#3244,.F.);
#1996=ORIENTED_EDGE('',*,*,#3245,.T.);
#1997=ORIENTED_EDGE('',*,*,#3106,.T.);
#1998=ORIENTED_EDGE('',*,*,#3246,.T.);
#1999=ORIENTED_EDGE('',*,*,#3247,.F.);
#2000=ORIENTED_EDGE('',*,*,#3248,.F.);
#2001=ORIENTED_EDGE('',*,*,#3249,.F.);
#2002=ORIENTED_EDGE('',*,*,#3103,.T.);
#2003=ORIENTED_EDGE('',*,*,#3245,.F.);
#2004=ORIENTED_EDGE('',*,*,#3250,.T.);
#2005=ORIENTED_EDGE('',*,*,#3104,.T.);
#2006=ORIENTED_EDGE('',*,*,#3249,.T.);
#2007=ORIENTED_EDGE('',*,*,#3251,.F.);
#2008=ORIENTED_EDGE('',*,*,#3105,.T.);
#2009=ORIENTED_EDGE('',*,*,#3250,.F.);
#2010=ORIENTED_EDGE('',*,*,#3252,.F.);
#2011=ORIENTED_EDGE('',*,*,#3246,.F.);
#2012=ORIENTED_EDGE('',*,*,#3252,.T.);
#2013=ORIENTED_EDGE('',*,*,#3251,.T.);
#2014=ORIENTED_EDGE('',*,*,#3248,.T.);
#2015=ORIENTED_EDGE('',*,*,#3247,.T.);
#2016=ORIENTED_EDGE('',*,*,#3244,.T.);
#2017=ORIENTED_EDGE('',*,*,#3242,.T.);
#2018=ORIENTED_EDGE('',*,*,#3241,.T.);
#2019=ORIENTED_EDGE('',*,*,#3237,.T.);
#2020=ORIENTED_EDGE('',*,*,#3253,.T.);
#2021=ORIENTED_EDGE('',*,*,#3254,.T.);
#2022=ORIENTED_EDGE('',*,*,#3255,.T.);
#2023=ORIENTED_EDGE('',*,*,#3256,.T.);
#2024=ORIENTED_EDGE('',*,*,#3257,.F.);
#2025=ORIENTED_EDGE('',*,*,#3258,.T.);
#2026=ORIENTED_EDGE('',*,*,#3259,.T.);
#2027=ORIENTED_EDGE('',*,*,#3260,.T.);
#2028=ORIENTED_EDGE('',*,*,#3254,.F.);
#2029=ORIENTED_EDGE('',*,*,#3261,.F.);
#2030=ORIENTED_EDGE('',*,*,#3262,.T.);
#2031=ORIENTED_EDGE('',*,*,#3263,.T.);
#2032=ORIENTED_EDGE('',*,*,#3255,.F.);
#2033=ORIENTED_EDGE('',*,*,#3263,.F.);
#2034=ORIENTED_EDGE('',*,*,#3264,.T.);
#2035=ORIENTED_EDGE('',*,*,#3265,.T.);
#2036=ORIENTED_EDGE('',*,*,#3256,.F.);
#2037=ORIENTED_EDGE('',*,*,#3265,.F.);
#2038=ORIENTED_EDGE('',*,*,#3266,.T.);
#2039=ORIENTED_EDGE('',*,*,#3267,.T.);
#2040=ORIENTED_EDGE('',*,*,#3268,.T.);
#2041=ORIENTED_EDGE('',*,*,#3261,.T.);
#2042=ORIENTED_EDGE('',*,*,#3253,.F.);
#2043=ORIENTED_EDGE('',*,*,#3267,.F.);
#2044=ORIENTED_EDGE('',*,*,#2846,.F.);
#2045=ORIENTED_EDGE('',*,*,#3269,.F.);
#2046=ORIENTED_EDGE('',*,*,#3270,.T.);
#2047=ORIENTED_EDGE('',*,*,#3271,.T.);
#2048=ORIENTED_EDGE('',*,*,#3272,.T.);
#2049=ORIENTED_EDGE('',*,*,#3273,.T.);
#2050=ORIENTED_EDGE('',*,*,#3274,.T.);
#2051=ORIENTED_EDGE('',*,*,#3275,.T.);
#2052=ORIENTED_EDGE('',*,*,#3276,.T.);
#2053=ORIENTED_EDGE('',*,*,#3257,.T.);
#2054=ORIENTED_EDGE('',*,*,#3277,.F.);
#2055=ORIENTED_EDGE('',*,*,#3278,.T.);
#2056=ORIENTED_EDGE('',*,*,#3279,.T.);
#2057=ORIENTED_EDGE('',*,*,#3280,.T.);
#2058=ORIENTED_EDGE('',*,*,#2847,.F.);
#2059=ORIENTED_EDGE('',*,*,#3271,.F.);
#2060=ORIENTED_EDGE('',*,*,#3281,.T.);
#2061=ORIENTED_EDGE('',*,*,#3282,.T.);
#2062=ORIENTED_EDGE('',*,*,#3283,.T.);
#2063=ORIENTED_EDGE('',*,*,#3284,.T.);
#2064=ORIENTED_EDGE('',*,*,#2798,.F.);
#2065=ORIENTED_EDGE('',*,*,#3285,.T.);
#2066=ORIENTED_EDGE('',*,*,#3170,.T.);
#2067=ORIENTED_EDGE('',*,*,#3119,.T.);
#2068=ORIENTED_EDGE('',*,*,#3185,.F.);
#2069=ORIENTED_EDGE('',*,*,#2823,.F.);
#2070=ORIENTED_EDGE('',*,*,#3286,.F.);
#2071=ORIENTED_EDGE('',*,*,#3287,.F.);
#2072=ORIENTED_EDGE('',*,*,#2905,.T.);
#2073=ORIENTED_EDGE('',*,*,#3288,.T.);
#2074=ORIENTED_EDGE('',*,*,#3289,.T.);
#2075=ORIENTED_EDGE('',*,*,#3286,.T.);
#2076=ORIENTED_EDGE('',*,*,#2822,.T.);
#2077=ORIENTED_EDGE('',*,*,#3290,.T.);
#2078=ORIENTED_EDGE('',*,*,#3291,.F.);
#2079=ORIENTED_EDGE('',*,*,#2810,.F.);
#2080=ORIENTED_EDGE('',*,*,#2811,.F.);
#2081=ORIENTED_EDGE('',*,*,#3292,.T.);
#2082=ORIENTED_EDGE('',*,*,#3293,.F.);
#2083=ORIENTED_EDGE('',*,*,#3294,.T.);
#2084=ORIENTED_EDGE('',*,*,#3295,.T.);
#2085=ORIENTED_EDGE('',*,*,#3296,.T.);
#2086=ORIENTED_EDGE('',*,*,#3283,.F.);
#2087=ORIENTED_EDGE('',*,*,#3184,.T.);
#2088=ORIENTED_EDGE('',*,*,#3182,.T.);
#2089=ORIENTED_EDGE('',*,*,#3209,.F.);
#2090=ORIENTED_EDGE('',*,*,#3297,.F.);
#2091=ORIENTED_EDGE('',*,*,#3298,.T.);
#2092=ORIENTED_EDGE('',*,*,#2817,.F.);
#2093=ORIENTED_EDGE('',*,*,#2818,.T.);
#2094=ORIENTED_EDGE('',*,*,#3298,.F.);
#2095=ORIENTED_EDGE('',*,*,#3299,.F.);
#2096=ORIENTED_EDGE('',*,*,#3300,.T.);
#2097=ORIENTED_EDGE('',*,*,#3301,.T.);
#2098=ORIENTED_EDGE('',*,*,#3173,.T.);
#2099=ORIENTED_EDGE('',*,*,#3171,.T.);
#2100=ORIENTED_EDGE('',*,*,#3168,.T.);
#2101=ORIENTED_EDGE('',*,*,#3285,.F.);
#2102=ORIENTED_EDGE('',*,*,#2802,.T.);
#2103=ORIENTED_EDGE('',*,*,#3302,.F.);
#2104=ORIENTED_EDGE('',*,*,#3176,.F.);
#2105=ORIENTED_EDGE('',*,*,#3165,.F.);
#2106=ORIENTED_EDGE('',*,*,#3164,.T.);
#2107=ORIENTED_EDGE('',*,*,#3162,.F.);
#2108=ORIENTED_EDGE('',*,*,#3159,.F.);
#2109=ORIENTED_EDGE('',*,*,#3157,.F.);
#2110=ORIENTED_EDGE('',*,*,#3155,.T.);
#2111=ORIENTED_EDGE('',*,*,#3153,.F.);
#2112=ORIENTED_EDGE('',*,*,#3150,.T.);
#2113=ORIENTED_EDGE('',*,*,#3149,.F.);
#2114=ORIENTED_EDGE('',*,*,#3146,.T.);
#2115=ORIENTED_EDGE('',*,*,#3144,.T.);
#2116=ORIENTED_EDGE('',*,*,#3143,.T.);
#2117=ORIENTED_EDGE('',*,*,#3140,.T.);
#2118=ORIENTED_EDGE('',*,*,#3138,.T.);
#2119=ORIENTED_EDGE('',*,*,#3136,.T.);
#2120=ORIENTED_EDGE('',*,*,#3134,.T.);
#2121=ORIENTED_EDGE('',*,*,#3133,.T.);
#2122=ORIENTED_EDGE('',*,*,#3131,.T.);
#2123=ORIENTED_EDGE('',*,*,#3129,.T.);
#2124=ORIENTED_EDGE('',*,*,#3127,.T.);
#2125=ORIENTED_EDGE('',*,*,#3125,.T.);
#2126=ORIENTED_EDGE('',*,*,#3303,.F.);
#2127=ORIENTED_EDGE('',*,*,#3194,.T.);
#2128=ORIENTED_EDGE('',*,*,#3177,.T.);
#2129=ORIENTED_EDGE('',*,*,#3174,.T.);
#2130=ORIENTED_EDGE('',*,*,#3304,.T.);
#2131=ORIENTED_EDGE('',*,*,#3305,.T.);
#2132=ORIENTED_EDGE('',*,*,#3191,.T.);
#2133=ORIENTED_EDGE('',*,*,#3303,.T.);
#2134=ORIENTED_EDGE('',*,*,#3306,.T.);
#2135=ORIENTED_EDGE('',*,*,#3292,.F.);
#2136=ORIENTED_EDGE('',*,*,#2816,.F.);
#2137=ORIENTED_EDGE('',*,*,#2891,.T.);
#2138=ORIENTED_EDGE('',*,*,#3307,.T.);
#2139=ORIENTED_EDGE('',*,*,#3308,.F.);
#2140=ORIENTED_EDGE('',*,*,#3309,.F.);
#2141=ORIENTED_EDGE('',*,*,#3310,.T.);
#2142=ORIENTED_EDGE('',*,*,#3311,.F.);
#2143=ORIENTED_EDGE('',*,*,#3312,.T.);
#2144=ORIENTED_EDGE('',*,*,#3305,.F.);
#2145=ORIENTED_EDGE('',*,*,#3313,.F.);
#2146=ORIENTED_EDGE('',*,*,#2906,.F.);
#2147=ORIENTED_EDGE('',*,*,#3287,.T.);
#2148=ORIENTED_EDGE('',*,*,#3289,.F.);
#2149=ORIENTED_EDGE('',*,*,#3314,.T.);
#2150=ORIENTED_EDGE('',*,*,#3315,.F.);
#2151=ORIENTED_EDGE('',*,*,#3316,.T.);
#2152=ORIENTED_EDGE('',*,*,#3317,.T.);
#2153=ORIENTED_EDGE('',*,*,#3299,.T.);
#2154=ORIENTED_EDGE('',*,*,#3297,.T.);
#2155=ORIENTED_EDGE('',*,*,#3208,.T.);
#2156=ORIENTED_EDGE('',*,*,#3207,.T.);
#2157=ORIENTED_EDGE('',*,*,#3205,.T.);
#2158=ORIENTED_EDGE('',*,*,#3202,.T.);
#2159=ORIENTED_EDGE('',*,*,#3200,.T.);
#2160=ORIENTED_EDGE('',*,*,#3199,.T.);
#2161=ORIENTED_EDGE('',*,*,#3198,.T.);
#2162=ORIENTED_EDGE('',*,*,#3195,.T.);
#2163=ORIENTED_EDGE('',*,*,#3192,.T.);
#2164=ORIENTED_EDGE('',*,*,#3312,.F.);
#2165=ORIENTED_EDGE('',*,*,#3311,.T.);
#2166=ORIENTED_EDGE('',*,*,#3318,.F.);
#2167=ORIENTED_EDGE('',*,*,#3319,.T.);
#2168=ORIENTED_EDGE('',*,*,#3320,.F.);
#2169=ORIENTED_EDGE('',*,*,#2899,.T.);
#2170=ORIENTED_EDGE('',*,*,#3321,.T.);
#2171=ORIENTED_EDGE('',*,*,#2887,.F.);
#2172=ORIENTED_EDGE('',*,*,#2884,.F.);
#2173=ORIENTED_EDGE('',*,*,#2883,.T.);
#2174=ORIENTED_EDGE('',*,*,#3211,.F.);
#2175=ORIENTED_EDGE('',*,*,#3210,.F.);
#2176=ORIENTED_EDGE('',*,*,#3307,.F.);
#2177=ORIENTED_EDGE('',*,*,#2900,.T.);
#2178=ORIENTED_EDGE('',*,*,#3320,.T.);
#2179=ORIENTED_EDGE('',*,*,#3319,.F.);
#2180=ORIENTED_EDGE('',*,*,#3318,.T.);
#2181=ORIENTED_EDGE('',*,*,#3310,.F.);
#2182=ORIENTED_EDGE('',*,*,#3302,.T.);
#2183=ORIENTED_EDGE('',*,*,#2801,.F.);
#2184=ORIENTED_EDGE('',*,*,#3313,.T.);
#2185=ORIENTED_EDGE('',*,*,#3306,.F.);
#2186=ORIENTED_EDGE('',*,*,#3304,.F.);
#2187=ORIENTED_EDGE('',*,*,#2800,.T.);
#2188=ORIENTED_EDGE('',*,*,#3322,.T.);
#2189=ORIENTED_EDGE('',*,*,#2803,.T.);
#2190=ORIENTED_EDGE('',*,*,#3291,.T.);
#2191=ORIENTED_EDGE('',*,*,#3308,.T.);
#2192=ORIENTED_EDGE('',*,*,#3309,.T.);
#2193=ORIENTED_EDGE('',*,*,#3323,.F.);
#2194=ORIENTED_EDGE('',*,*,#3300,.F.);
#2195=ORIENTED_EDGE('',*,*,#3317,.F.);
#2196=ORIENTED_EDGE('',*,*,#2821,.T.);
#2197=ORIENTED_EDGE('',*,*,#3324,.T.);
#2198=ORIENTED_EDGE('',*,*,#3314,.F.);
#2199=ORIENTED_EDGE('',*,*,#3290,.F.);
#2200=ORIENTED_EDGE('',*,*,#2824,.T.);
#2201=ORIENTED_EDGE('',*,*,#3288,.F.);
#2202=ORIENTED_EDGE('',*,*,#2904,.F.);
#2203=ORIENTED_EDGE('',*,*,#2901,.F.);
#2204=ORIENTED_EDGE('',*,*,#3325,.T.);
#2205=ORIENTED_EDGE('',*,*,#3326,.T.);
#2206=ORIENTED_EDGE('',*,*,#3327,.F.);
#2207=ORIENTED_EDGE('',*,*,#3328,.T.);
#2208=ORIENTED_EDGE('',*,*,#3329,.F.);
#2209=ORIENTED_EDGE('',*,*,#3330,.F.);
#2210=ORIENTED_EDGE('',*,*,#2806,.F.);
#2211=ORIENTED_EDGE('',*,*,#3331,.T.);
#2212=ORIENTED_EDGE('',*,*,#3332,.F.);
#2213=ORIENTED_EDGE('',*,*,#3333,.T.);
#2214=ORIENTED_EDGE('',*,*,#3334,.F.);
#2215=ORIENTED_EDGE('',*,*,#2841,.T.);
#2216=ORIENTED_EDGE('',*,*,#3335,.T.);
#2217=ORIENTED_EDGE('',*,*,#3336,.T.);
#2218=ORIENTED_EDGE('',*,*,#3337,.F.);
#2219=ORIENTED_EDGE('',*,*,#3325,.F.);
#2220=ORIENTED_EDGE('',*,*,#3338,.T.);
#2221=ORIENTED_EDGE('',*,*,#2845,.F.);
#2222=ORIENTED_EDGE('',*,*,#3339,.F.);
#2223=ORIENTED_EDGE('',*,*,#3340,.T.);
#2224=ORIENTED_EDGE('',*,*,#3269,.T.);
#2225=ORIENTED_EDGE('',*,*,#3340,.F.);
#2226=ORIENTED_EDGE('',*,*,#3341,.F.);
#2227=ORIENTED_EDGE('',*,*,#3281,.F.);
#2228=ORIENTED_EDGE('',*,*,#3270,.F.);
#2229=ORIENTED_EDGE('',*,*,#3262,.F.);
#2230=ORIENTED_EDGE('',*,*,#3268,.F.);
#2231=ORIENTED_EDGE('',*,*,#3266,.F.);
#2232=ORIENTED_EDGE('',*,*,#3264,.F.);
#2233=ORIENTED_EDGE('',*,*,#3339,.T.);
#2234=ORIENTED_EDGE('',*,*,#2844,.F.);
#2235=ORIENTED_EDGE('',*,*,#3282,.F.);
#2236=ORIENTED_EDGE('',*,*,#3341,.T.);
#2237=ORIENTED_EDGE('',*,*,#2835,.T.);
#2238=ORIENTED_EDGE('',*,*,#3342,.F.);
#2239=ORIENTED_EDGE('',*,*,#3272,.F.);
#2240=ORIENTED_EDGE('',*,*,#3343,.T.);
#2241=ORIENTED_EDGE('',*,*,#3189,.F.);
#2242=ORIENTED_EDGE('',*,*,#3236,.F.);
#2243=ORIENTED_EDGE('',*,*,#3344,.F.);
#2244=ORIENTED_EDGE('',*,*,#3345,.F.);
#2245=ORIENTED_EDGE('',*,*,#3346,.T.);
#2246=ORIENTED_EDGE('',*,*,#3108,.T.);
#2247=ORIENTED_EDGE('',*,*,#3346,.F.);
#2248=ORIENTED_EDGE('',*,*,#3347,.T.);
#2249=ORIENTED_EDGE('',*,*,#3348,.F.);
#2250=ORIENTED_EDGE('',*,*,#3349,.F.);
#2251=ORIENTED_EDGE('',*,*,#3227,.F.);
#2252=ORIENTED_EDGE('',*,*,#3109,.F.);
#2253=ORIENTED_EDGE('',*,*,#3349,.T.);
#2254=ORIENTED_EDGE('',*,*,#3350,.F.);
#2255=ORIENTED_EDGE('',*,*,#3351,.F.);
#2256=ORIENTED_EDGE('',*,*,#3225,.F.);
#2257=ORIENTED_EDGE('',*,*,#3223,.F.);
#2258=ORIENTED_EDGE('',*,*,#3351,.T.);
#2259=ORIENTED_EDGE('',*,*,#3352,.F.);
#2260=ORIENTED_EDGE('',*,*,#3353,.F.);
#2261=ORIENTED_EDGE('',*,*,#3353,.T.);
#2262=ORIENTED_EDGE('',*,*,#3354,.F.);
#2263=ORIENTED_EDGE('',*,*,#3355,.F.);
#2264=ORIENTED_EDGE('',*,*,#3112,.F.);
#2265=ORIENTED_EDGE('',*,*,#3221,.F.);
#2266=ORIENTED_EDGE('',*,*,#3356,.F.);
#2267=ORIENTED_EDGE('',*,*,#3357,.F.);
#2268=ORIENTED_EDGE('',*,*,#3114,.F.);
#2269=ORIENTED_EDGE('',*,*,#3355,.T.);
#2270=ORIENTED_EDGE('',*,*,#3357,.T.);
#2271=ORIENTED_EDGE('',*,*,#3358,.F.);
#2272=ORIENTED_EDGE('',*,*,#3359,.F.);
#2273=ORIENTED_EDGE('',*,*,#3218,.F.);
#2274=ORIENTED_EDGE('',*,*,#3117,.F.);
#2275=ORIENTED_EDGE('',*,*,#3359,.T.);
#2276=ORIENTED_EDGE('',*,*,#3360,.F.);
#2277=ORIENTED_EDGE('',*,*,#3361,.F.);
#2278=ORIENTED_EDGE('',*,*,#3216,.F.);
#2279=ORIENTED_EDGE('',*,*,#2868,.T.);
#2280=ORIENTED_EDGE('',*,*,#3362,.T.);
#2281=ORIENTED_EDGE('',*,*,#3363,.T.);
#2282=ORIENTED_EDGE('',*,*,#3345,.T.);
#2283=ORIENTED_EDGE('',*,*,#3364,.T.);
#2284=ORIENTED_EDGE('',*,*,#3234,.T.);
#2285=ORIENTED_EDGE('',*,*,#2882,.T.);
#2286=ORIENTED_EDGE('',*,*,#2878,.F.);
#2287=ORIENTED_EDGE('',*,*,#2875,.F.);
#2288=ORIENTED_EDGE('',*,*,#2826,.F.);
#2289=ORIENTED_EDGE('',*,*,#2903,.F.);
#2290=ORIENTED_EDGE('',*,*,#2872,.F.);
#2291=ORIENTED_EDGE('',*,*,#3365,.F.);
#2292=ORIENTED_EDGE('',*,*,#2850,.F.);
#2293=ORIENTED_EDGE('',*,*,#3213,.F.);
#2294=ORIENTED_EDGE('',*,*,#3361,.T.);
#2295=ORIENTED_EDGE('',*,*,#3348,.T.);
#2296=ORIENTED_EDGE('',*,*,#3366,.T.);
#2297=ORIENTED_EDGE('',*,*,#2894,.F.);
#2298=ORIENTED_EDGE('',*,*,#2897,.F.);
#2299=ORIENTED_EDGE('',*,*,#3367,.F.);
#2300=ORIENTED_EDGE('',*,*,#3368,.T.);
#2301=ORIENTED_EDGE('',*,*,#3369,.T.);
#2302=ORIENTED_EDGE('',*,*,#2848,.T.);
#2303=ORIENTED_EDGE('',*,*,#3365,.T.);
#2304=ORIENTED_EDGE('',*,*,#3360,.T.);
#2305=ORIENTED_EDGE('',*,*,#3358,.T.);
#2306=ORIENTED_EDGE('',*,*,#3356,.T.);
#2307=ORIENTED_EDGE('',*,*,#3354,.T.);
#2308=ORIENTED_EDGE('',*,*,#3352,.T.);
#2309=ORIENTED_EDGE('',*,*,#3350,.T.);
#2310=ORIENTED_EDGE('',*,*,#2863,.F.);
#2311=ORIENTED_EDGE('',*,*,#3370,.T.);
#2312=ORIENTED_EDGE('',*,*,#3367,.T.);
#2313=ORIENTED_EDGE('',*,*,#2896,.F.);
#2314=ORIENTED_EDGE('',*,*,#2849,.F.);
#2315=ORIENTED_EDGE('',*,*,#3369,.F.);
#2316=ORIENTED_EDGE('',*,*,#3368,.F.);
#2317=ORIENTED_EDGE('',*,*,#3370,.F.);
#2318=ORIENTED_EDGE('',*,*,#2862,.F.);
#2319=ORIENTED_EDGE('',*,*,#2860,.F.);
#2320=ORIENTED_EDGE('',*,*,#2857,.F.);
#2321=ORIENTED_EDGE('',*,*,#2888,.T.);
#2322=ORIENTED_EDGE('',*,*,#3321,.F.);
#2323=ORIENTED_EDGE('',*,*,#2898,.F.);
#2324=ORIENTED_EDGE('',*,*,#2889,.F.);
#2325=ORIENTED_EDGE('',*,*,#2814,.F.);
#2326=ORIENTED_EDGE('',*,*,#3235,.T.);
#2327=ORIENTED_EDGE('',*,*,#3364,.F.);
#2328=ORIENTED_EDGE('',*,*,#3344,.T.);
#2329=ORIENTED_EDGE('',*,*,#3371,.F.);
#2330=ORIENTED_EDGE('',*,*,#3372,.T.);
#2331=ORIENTED_EDGE('',*,*,#3373,.T.);
#2332=ORIENTED_EDGE('',*,*,#3374,.T.);
#2333=ORIENTED_EDGE('',*,*,#3375,.F.);
#2334=ORIENTED_EDGE('',*,*,#3376,.F.);
#2335=ORIENTED_EDGE('',*,*,#3377,.T.);
#2336=ORIENTED_EDGE('',*,*,#3378,.T.);
#2337=ORIENTED_EDGE('',*,*,#3379,.T.);
#2338=ORIENTED_EDGE('',*,*,#3371,.T.);
#2339=ORIENTED_EDGE('',*,*,#3380,.F.);
#2340=ORIENTED_EDGE('',*,*,#3381,.T.);
#2341=ORIENTED_EDGE('',*,*,#3382,.F.);
#2342=ORIENTED_EDGE('',*,*,#3383,.T.);
#2343=ORIENTED_EDGE('',*,*,#3384,.T.);
#2344=ORIENTED_EDGE('',*,*,#3385,.T.);
#2345=ORIENTED_EDGE('',*,*,#3386,.T.);
#2346=ORIENTED_EDGE('',*,*,#3387,.T.);
#2347=ORIENTED_EDGE('',*,*,#3388,.F.);
#2348=ORIENTED_EDGE('',*,*,#3387,.F.);
#2349=ORIENTED_EDGE('',*,*,#3389,.T.);
#2350=ORIENTED_EDGE('',*,*,#3390,.T.);
#2351=ORIENTED_EDGE('',*,*,#3391,.F.);
#2352=ORIENTED_EDGE('',*,*,#3392,.T.);
#2353=ORIENTED_EDGE('',*,*,#3393,.T.);
#2354=ORIENTED_EDGE('',*,*,#3376,.T.);
#2355=ORIENTED_EDGE('',*,*,#3375,.T.);
#2356=ORIENTED_EDGE('',*,*,#3394,.T.);
#2357=ORIENTED_EDGE('',*,*,#3395,.F.);
#2358=ORIENTED_EDGE('',*,*,#3396,.T.);
#2359=ORIENTED_EDGE('',*,*,#3397,.F.);
#2360=ORIENTED_EDGE('',*,*,#3398,.T.);
#2361=ORIENTED_EDGE('',*,*,#3399,.T.);
#2362=ORIENTED_EDGE('',*,*,#3400,.F.);
#2363=ORIENTED_EDGE('',*,*,#3401,.F.);
#2364=ORIENTED_EDGE('',*,*,#3402,.T.);
#2365=ORIENTED_EDGE('',*,*,#3403,.F.);
#2366=ORIENTED_EDGE('',*,*,#3391,.T.);
#2367=ORIENTED_EDGE('',*,*,#3401,.T.);
#2368=ORIENTED_EDGE('',*,*,#3404,.F.);
#2369=ORIENTED_EDGE('',*,*,#3405,.F.);
#2370=ORIENTED_EDGE('',*,*,#3388,.T.);
#2371=ORIENTED_EDGE('',*,*,#3403,.T.);
#2372=ORIENTED_EDGE('',*,*,#3406,.F.);
#2373=ORIENTED_EDGE('',*,*,#3407,.F.);
#2374=ORIENTED_EDGE('',*,*,#3408,.T.);
#2375=ORIENTED_EDGE('',*,*,#3409,.T.);
#2376=ORIENTED_EDGE('',*,*,#3405,.T.);
#2377=ORIENTED_EDGE('',*,*,#3410,.T.);
#2378=ORIENTED_EDGE('',*,*,#3411,.T.);
#2379=ORIENTED_EDGE('',*,*,#3381,.F.);
#2380=ORIENTED_EDGE('',*,*,#3380,.T.);
#2381=ORIENTED_EDGE('',*,*,#3409,.F.);
#2382=ORIENTED_EDGE('',*,*,#3412,.T.);
#2383=ORIENTED_EDGE('',*,*,#3413,.T.);
#2384=ORIENTED_EDGE('',*,*,#3414,.F.);
#2385=ORIENTED_EDGE('',*,*,#3415,.T.);
#2386=ORIENTED_EDGE('',*,*,#3416,.F.);
#2387=ORIENTED_EDGE('',*,*,#3417,.T.);
#2388=ORIENTED_EDGE('',*,*,#3415,.F.);
#2389=ORIENTED_EDGE('',*,*,#3418,.T.);
#2390=ORIENTED_EDGE('',*,*,#3419,.F.);
#2391=ORIENTED_EDGE('',*,*,#3420,.T.);
#2392=ORIENTED_EDGE('',*,*,#3421,.F.);
#2393=ORIENTED_EDGE('',*,*,#3396,.F.);
#2394=ORIENTED_EDGE('',*,*,#3422,.F.);
#2395=ORIENTED_EDGE('',*,*,#3421,.T.);
#2396=ORIENTED_EDGE('',*,*,#3423,.T.);
#2397=ORIENTED_EDGE('',*,*,#3424,.T.);
#2398=ORIENTED_EDGE('',*,*,#3425,.T.);
#2399=ORIENTED_EDGE('',*,*,#3426,.T.);
#2400=ORIENTED_EDGE('',*,*,#3427,.T.);
#2401=ORIENTED_EDGE('',*,*,#3397,.T.);
#2402=ORIENTED_EDGE('',*,*,#3390,.F.);
#2403=ORIENTED_EDGE('',*,*,#3428,.T.);
#2404=ORIENTED_EDGE('',*,*,#3429,.T.);
#2405=ORIENTED_EDGE('',*,*,#3402,.F.);
#2406=ORIENTED_EDGE('',*,*,#3430,.T.);
#2407=ORIENTED_EDGE('',*,*,#3431,.T.);
#2408=ORIENTED_EDGE('',*,*,#3432,.T.);
#2409=ORIENTED_EDGE('',*,*,#3433,.T.);
#2410=ORIENTED_EDGE('',*,*,#3434,.T.);
#2411=ORIENTED_EDGE('',*,*,#3435,.F.);
#2412=ORIENTED_EDGE('',*,*,#3431,.F.);
#2413=ORIENTED_EDGE('',*,*,#3436,.T.);
#2414=ORIENTED_EDGE('',*,*,#3437,.F.);
#2415=ORIENTED_EDGE('',*,*,#3395,.T.);
#2416=ORIENTED_EDGE('',*,*,#3438,.T.);
#2417=ORIENTED_EDGE('',*,*,#3439,.T.);
#2418=ORIENTED_EDGE('',*,*,#3440,.T.);
#2419=ORIENTED_EDGE('',*,*,#3441,.T.);
#2420=ORIENTED_EDGE('',*,*,#3442,.F.);
#2421=ORIENTED_EDGE('',*,*,#3443,.F.);
#2422=ORIENTED_EDGE('',*,*,#3444,.F.);
#2423=ORIENTED_EDGE('',*,*,#3445,.F.);
#2424=ORIENTED_EDGE('',*,*,#3446,.F.);
#2425=ORIENTED_EDGE('',*,*,#3447,.F.);
#2426=ORIENTED_EDGE('',*,*,#3448,.F.);
#2427=ORIENTED_EDGE('',*,*,#3422,.T.);
#2428=ORIENTED_EDGE('',*,*,#3449,.T.);
#2429=ORIENTED_EDGE('',*,*,#3450,.T.);
#2430=ORIENTED_EDGE('',*,*,#3451,.T.);
#2431=ORIENTED_EDGE('',*,*,#3452,.F.);
#2432=ORIENTED_EDGE('',*,*,#3400,.T.);
#2433=ORIENTED_EDGE('',*,*,#3453,.T.);
#2434=ORIENTED_EDGE('',*,*,#3452,.T.);
#2435=ORIENTED_EDGE('',*,*,#3454,.T.);
#2436=ORIENTED_EDGE('',*,*,#3455,.F.);
#2437=ORIENTED_EDGE('',*,*,#3456,.F.);
#2438=ORIENTED_EDGE('',*,*,#3404,.T.);
#2439=ORIENTED_EDGE('',*,*,#3455,.T.);
#2440=ORIENTED_EDGE('',*,*,#3457,.T.);
#2441=ORIENTED_EDGE('',*,*,#3458,.F.);
#2442=ORIENTED_EDGE('',*,*,#3406,.T.);
#2443=ORIENTED_EDGE('',*,*,#3456,.T.);
#2444=ORIENTED_EDGE('',*,*,#3459,.T.);
#2445=ORIENTED_EDGE('',*,*,#3460,.T.);
#2446=ORIENTED_EDGE('',*,*,#3461,.T.);
#2447=ORIENTED_EDGE('',*,*,#3407,.T.);
#2448=ORIENTED_EDGE('',*,*,#3458,.T.);
#2449=ORIENTED_EDGE('',*,*,#3462,.T.);
#2450=ORIENTED_EDGE('',*,*,#3463,.T.);
#2451=ORIENTED_EDGE('',*,*,#3464,.F.);
#2452=ORIENTED_EDGE('',*,*,#3465,.F.);
#2453=ORIENTED_EDGE('',*,*,#3416,.T.);
#2454=ORIENTED_EDGE('',*,*,#3417,.F.);
#2455=ORIENTED_EDGE('',*,*,#3466,.F.);
#2456=ORIENTED_EDGE('',*,*,#3440,.F.);
#2457=ORIENTED_EDGE('',*,*,#3467,.T.);
#2458=ORIENTED_EDGE('',*,*,#3468,.T.);
#2459=ORIENTED_EDGE('',*,*,#3469,.T.);
#2460=ORIENTED_EDGE('',*,*,#3465,.T.);
#2461=ORIENTED_EDGE('',*,*,#3470,.F.);
#2462=ORIENTED_EDGE('',*,*,#3471,.T.);
#2463=ORIENTED_EDGE('',*,*,#3413,.F.);
#2464=ORIENTED_EDGE('',*,*,#2839,.F.);
#2465=ORIENTED_EDGE('',*,*,#3472,.T.);
#2466=ORIENTED_EDGE('',*,*,#3441,.F.);
#2467=ORIENTED_EDGE('',*,*,#3466,.T.);
#2468=ORIENTED_EDGE('',*,*,#3418,.F.);
#2469=ORIENTED_EDGE('',*,*,#3414,.T.);
#2470=ORIENTED_EDGE('',*,*,#3471,.F.);
#2471=ORIENTED_EDGE('',*,*,#3473,.F.);
#2472=ORIENTED_EDGE('',*,*,#3474,.F.);
#2473=ORIENTED_EDGE('',*,*,#3442,.T.);
#2474=ORIENTED_EDGE('',*,*,#3472,.F.);
#2475=ORIENTED_EDGE('',*,*,#2838,.F.);
#2476=ORIENTED_EDGE('',*,*,#3444,.T.);
#2477=ORIENTED_EDGE('',*,*,#3475,.F.);
#2478=ORIENTED_EDGE('',*,*,#2832,.F.);
#2479=ORIENTED_EDGE('',*,*,#3476,.T.);
#2480=ORIENTED_EDGE('',*,*,#3445,.T.);
#2481=ORIENTED_EDGE('',*,*,#3476,.F.);
#2482=ORIENTED_EDGE('',*,*,#2831,.F.);
#2483=ORIENTED_EDGE('',*,*,#3477,.T.);
#2484=ORIENTED_EDGE('',*,*,#3478,.F.);
#2485=ORIENTED_EDGE('',*,*,#3446,.T.);
#2486=ORIENTED_EDGE('',*,*,#3477,.F.);
#2487=ORIENTED_EDGE('',*,*,#2830,.F.);
#2488=ORIENTED_EDGE('',*,*,#3479,.F.);
#2489=ORIENTED_EDGE('',*,*,#3480,.F.);
#2490=ORIENTED_EDGE('',*,*,#3481,.T.);
#2491=ORIENTED_EDGE('',*,*,#3479,.T.);
#2492=ORIENTED_EDGE('',*,*,#2829,.T.);
#2493=ORIENTED_EDGE('',*,*,#3233,.T.);
#2494=ORIENTED_EDGE('',*,*,#3482,.F.);
#2495=ORIENTED_EDGE('',*,*,#3480,.T.);
#2496=ORIENTED_EDGE('',*,*,#3481,.F.);
#2497=ORIENTED_EDGE('',*,*,#3232,.T.);
#2498=ORIENTED_EDGE('',*,*,#3483,.T.);
#2499=ORIENTED_EDGE('',*,*,#3447,.T.);
#2500=ORIENTED_EDGE('',*,*,#3478,.T.);
#2501=ORIENTED_EDGE('',*,*,#3482,.T.);
#2502=ORIENTED_EDGE('',*,*,#3231,.T.);
#2503=ORIENTED_EDGE('',*,*,#3484,.T.);
#2504=ORIENTED_EDGE('',*,*,#3485,.T.);
#2505=ORIENTED_EDGE('',*,*,#3419,.T.);
#2506=ORIENTED_EDGE('',*,*,#3448,.T.);
#2507=ORIENTED_EDGE('',*,*,#3483,.F.);
#2508=ORIENTED_EDGE('',*,*,#3230,.F.);
#2509=ORIENTED_EDGE('',*,*,#3486,.T.);
#2510=ORIENTED_EDGE('',*,*,#3487,.T.);
#2511=ORIENTED_EDGE('',*,*,#3488,.T.);
#2512=ORIENTED_EDGE('',*,*,#3489,.T.);
#2513=ORIENTED_EDGE('',*,*,#3490,.T.);
#2514=ORIENTED_EDGE('',*,*,#3491,.F.);
#2515=ORIENTED_EDGE('',*,*,#3432,.F.);
#2516=ORIENTED_EDGE('',*,*,#3435,.T.);
#2517=ORIENTED_EDGE('',*,*,#3492,.F.);
#2518=ORIENTED_EDGE('',*,*,#3277,.T.);
#2519=ORIENTED_EDGE('',*,*,#3260,.F.);
#2520=ORIENTED_EDGE('',*,*,#3493,.F.);
#2521=ORIENTED_EDGE('',*,*,#3433,.F.);
#2522=ORIENTED_EDGE('',*,*,#3491,.T.);
#2523=ORIENTED_EDGE('',*,*,#3259,.F.);
#2524=ORIENTED_EDGE('',*,*,#3436,.F.);
#2525=ORIENTED_EDGE('',*,*,#3434,.F.);
#2526=ORIENTED_EDGE('',*,*,#3493,.T.);
#2527=ORIENTED_EDGE('',*,*,#3258,.F.);
#2528=ORIENTED_EDGE('',*,*,#3276,.F.);
#2529=ORIENTED_EDGE('',*,*,#3494,.F.);
#2530=ORIENTED_EDGE('',*,*,#3495,.F.);
#2531=ORIENTED_EDGE('',*,*,#3278,.F.);
#2532=ORIENTED_EDGE('',*,*,#3492,.T.);
#2533=ORIENTED_EDGE('',*,*,#3437,.T.);
#2534=ORIENTED_EDGE('',*,*,#3494,.T.);
#2535=ORIENTED_EDGE('',*,*,#3275,.F.);
#2536=ORIENTED_EDGE('',*,*,#3443,.T.);
#2537=ORIENTED_EDGE('',*,*,#3474,.T.);
#2538=ORIENTED_EDGE('',*,*,#2837,.F.);
#2539=ORIENTED_EDGE('',*,*,#3496,.F.);
#2540=ORIENTED_EDGE('',*,*,#3279,.F.);
#2541=ORIENTED_EDGE('',*,*,#3495,.T.);
#2542=ORIENTED_EDGE('',*,*,#3274,.F.);
#2543=ORIENTED_EDGE('',*,*,#3497,.F.);
#2544=ORIENTED_EDGE('',*,*,#2833,.F.);
#2545=ORIENTED_EDGE('',*,*,#3475,.T.);
#2546=ORIENTED_EDGE('',*,*,#3342,.T.);
#2547=ORIENTED_EDGE('',*,*,#2834,.T.);
#2548=ORIENTED_EDGE('',*,*,#3497,.T.);
#2549=ORIENTED_EDGE('',*,*,#3273,.F.);
#2550=ORIENTED_EDGE('',*,*,#3498,.T.);
#2551=ORIENTED_EDGE('',*,*,#3499,.T.);
#2552=ORIENTED_EDGE('',*,*,#2774,.F.);
#2553=ORIENTED_EDGE('',*,*,#2789,.T.);
#2554=ORIENTED_EDGE('',*,*,#3500,.T.);
#2555=ORIENTED_EDGE('',*,*,#3501,.T.);
#2556=ORIENTED_EDGE('',*,*,#3502,.T.);
#2557=ORIENTED_EDGE('',*,*,#3329,.T.);
#2558=ORIENTED_EDGE('',*,*,#3503,.T.);
#2559=ORIENTED_EDGE('',*,*,#2770,.F.);
#2560=ORIENTED_EDGE('',*,*,#2786,.F.);
#2561=ORIENTED_EDGE('',*,*,#2807,.F.);
#2562=ORIENTED_EDGE('',*,*,#3330,.T.);
#2563=ORIENTED_EDGE('',*,*,#3324,.F.);
#2564=ORIENTED_EDGE('',*,*,#2820,.F.);
#2565=ORIENTED_EDGE('',*,*,#3504,.F.);
#2566=ORIENTED_EDGE('',*,*,#3315,.T.);
#2567=ORIENTED_EDGE('',*,*,#3301,.F.);
#2568=ORIENTED_EDGE('',*,*,#3323,.T.);
#2569=ORIENTED_EDGE('',*,*,#3316,.F.);
#2570=ORIENTED_EDGE('',*,*,#3504,.T.);
#2571=ORIENTED_EDGE('',*,*,#2819,.T.);
#2572=ORIENTED_EDGE('',*,*,#3505,.F.);
#2573=ORIENTED_EDGE('',*,*,#3506,.T.);
#2574=ORIENTED_EDGE('',*,*,#3507,.T.);
#2575=ORIENTED_EDGE('',*,*,#3327,.T.);
#2576=ORIENTED_EDGE('',*,*,#2788,.F.);
#2577=ORIENTED_EDGE('',*,*,#3508,.T.);
#2578=ORIENTED_EDGE('',*,*,#2771,.F.);
#2579=ORIENTED_EDGE('',*,*,#3503,.F.);
#2580=ORIENTED_EDGE('',*,*,#3328,.F.);
#2581=ORIENTED_EDGE('',*,*,#3507,.F.);
#2582=ORIENTED_EDGE('',*,*,#3509,.T.);
#2583=ORIENTED_EDGE('',*,*,#3510,.T.);
#2584=ORIENTED_EDGE('',*,*,#3511,.T.);
#2585=ORIENTED_EDGE('',*,*,#3460,.F.);
#2586=ORIENTED_EDGE('',*,*,#3459,.F.);
#2587=ORIENTED_EDGE('',*,*,#3457,.F.);
#2588=ORIENTED_EDGE('',*,*,#3454,.F.);
#2589=ORIENTED_EDGE('',*,*,#3451,.F.);
#2590=ORIENTED_EDGE('',*,*,#3512,.T.);
#2591=ORIENTED_EDGE('',*,*,#3500,.F.);
#2592=ORIENTED_EDGE('',*,*,#3464,.T.);
#2593=ORIENTED_EDGE('',*,*,#3513,.T.);
#2594=ORIENTED_EDGE('',*,*,#3332,.T.);
#2595=ORIENTED_EDGE('',*,*,#2840,.F.);
#2596=ORIENTED_EDGE('',*,*,#3473,.T.);
#2597=ORIENTED_EDGE('',*,*,#3470,.T.);
#2598=ORIENTED_EDGE('',*,*,#3334,.T.);
#2599=ORIENTED_EDGE('',*,*,#3514,.T.);
#2600=ORIENTED_EDGE('',*,*,#3515,.T.);
#2601=ORIENTED_EDGE('',*,*,#2842,.T.);
#2602=ORIENTED_EDGE('',*,*,#2805,.F.);
#2603=ORIENTED_EDGE('',*,*,#3516,.T.);
#2604=ORIENTED_EDGE('',*,*,#3293,.T.);
#2605=ORIENTED_EDGE('',*,*,#2843,.F.);
#2606=ORIENTED_EDGE('',*,*,#3515,.F.);
#2607=ORIENTED_EDGE('',*,*,#3517,.T.);
#2608=ORIENTED_EDGE('',*,*,#3338,.F.);
#2609=ORIENTED_EDGE('',*,*,#3331,.F.);
#2610=ORIENTED_EDGE('',*,*,#3337,.T.);
#2611=ORIENTED_EDGE('',*,*,#3518,.T.);
#2612=ORIENTED_EDGE('',*,*,#3505,.T.);
#2613=ORIENTED_EDGE('',*,*,#3326,.F.);
#2614=ORIENTED_EDGE('',*,*,#3496,.T.);
#2615=ORIENTED_EDGE('',*,*,#2836,.T.);
#2616=ORIENTED_EDGE('',*,*,#3343,.F.);
#2617=ORIENTED_EDGE('',*,*,#3280,.F.);
#2618=ORIENTED_EDGE('',*,*,#3284,.F.);
#2619=ORIENTED_EDGE('',*,*,#3296,.F.);
#2620=ORIENTED_EDGE('',*,*,#3519,.F.);
#2621=ORIENTED_EDGE('',*,*,#2799,.F.);
#2622=ORIENTED_EDGE('',*,*,#3519,.T.);
#2623=ORIENTED_EDGE('',*,*,#3295,.F.);
#2624=ORIENTED_EDGE('',*,*,#3520,.F.);
#2625=ORIENTED_EDGE('',*,*,#3322,.F.);
#2626=ORIENTED_EDGE('',*,*,#3520,.T.);
#2627=ORIENTED_EDGE('',*,*,#3294,.F.);
#2628=ORIENTED_EDGE('',*,*,#3516,.F.);
#2629=ORIENTED_EDGE('',*,*,#2804,.F.);
#2630=ORIENTED_EDGE('',*,*,#3439,.F.);
#2631=ORIENTED_EDGE('',*,*,#3521,.T.);
#2632=ORIENTED_EDGE('',*,*,#3410,.F.);
#2633=ORIENTED_EDGE('',*,*,#3522,.F.);
#2634=ORIENTED_EDGE('',*,*,#3467,.F.);
#2635=ORIENTED_EDGE('',*,*,#3522,.T.);
#2636=ORIENTED_EDGE('',*,*,#3412,.F.);
#2637=ORIENTED_EDGE('',*,*,#3523,.F.);
#2638=ORIENTED_EDGE('',*,*,#3468,.F.);
#2639=ORIENTED_EDGE('',*,*,#3523,.T.);
#2640=ORIENTED_EDGE('',*,*,#3408,.F.);
#2641=ORIENTED_EDGE('',*,*,#3524,.F.);
#2642=ORIENTED_EDGE('',*,*,#3469,.F.);
#2643=ORIENTED_EDGE('',*,*,#3524,.T.);
#2644=ORIENTED_EDGE('',*,*,#3461,.F.);
#2645=ORIENTED_EDGE('',*,*,#3525,.F.);
#2646=ORIENTED_EDGE('',*,*,#3462,.F.);
#2647=ORIENTED_EDGE('',*,*,#3525,.T.);
#2648=ORIENTED_EDGE('',*,*,#3511,.F.);
#2649=ORIENTED_EDGE('',*,*,#3526,.F.);
#2650=ORIENTED_EDGE('',*,*,#3463,.F.);
#2651=ORIENTED_EDGE('',*,*,#3526,.T.);
#2652=ORIENTED_EDGE('',*,*,#3510,.F.);
#2653=ORIENTED_EDGE('',*,*,#3527,.F.);
#2654=ORIENTED_EDGE('',*,*,#3513,.F.);
#2655=ORIENTED_EDGE('',*,*,#3518,.F.);
#2656=ORIENTED_EDGE('',*,*,#3336,.F.);
#2657=ORIENTED_EDGE('',*,*,#3528,.F.);
#2658=ORIENTED_EDGE('',*,*,#3333,.F.);
#2659=ORIENTED_EDGE('',*,*,#3527,.T.);
#2660=ORIENTED_EDGE('',*,*,#3509,.F.);
#2661=ORIENTED_EDGE('',*,*,#3506,.F.);
#2662=ORIENTED_EDGE('',*,*,#3517,.F.);
#2663=ORIENTED_EDGE('',*,*,#3514,.F.);
#2664=ORIENTED_EDGE('',*,*,#3528,.T.);
#2665=ORIENTED_EDGE('',*,*,#3335,.F.);
#2666=ORIENTED_EDGE('',*,*,#3347,.F.);
#2667=ORIENTED_EDGE('',*,*,#3363,.F.);
#2668=ORIENTED_EDGE('',*,*,#3529,.F.);
#2669=ORIENTED_EDGE('',*,*,#3366,.F.);
#2670=ORIENTED_EDGE('',*,*,#3529,.T.);
#2671=ORIENTED_EDGE('',*,*,#3362,.F.);
#2672=ORIENTED_EDGE('',*,*,#2867,.F.);
#2673=ORIENTED_EDGE('',*,*,#2893,.F.);
#2674=ORIENTED_EDGE('',*,*,#2895,.F.);
#2675=ORIENTED_EDGE('',*,*,#3429,.F.);
#2676=ORIENTED_EDGE('',*,*,#3530,.T.);
#2677=ORIENTED_EDGE('',*,*,#3484,.F.);
#2678=ORIENTED_EDGE('',*,*,#3531,.F.);
#2679=ORIENTED_EDGE('',*,*,#3531,.T.);
#2680=ORIENTED_EDGE('',*,*,#3490,.F.);
#2681=ORIENTED_EDGE('',*,*,#3532,.F.);
#2682=ORIENTED_EDGE('',*,*,#3398,.F.);
#2683=ORIENTED_EDGE('',*,*,#3532,.T.);
#2684=ORIENTED_EDGE('',*,*,#3489,.F.);
#2685=ORIENTED_EDGE('',*,*,#3533,.F.);
#2686=ORIENTED_EDGE('',*,*,#3453,.F.);
#2687=ORIENTED_EDGE('',*,*,#3399,.F.);
#2688=ORIENTED_EDGE('',*,*,#3533,.T.);
#2689=ORIENTED_EDGE('',*,*,#3488,.F.);
#2690=ORIENTED_EDGE('',*,*,#3534,.F.);
#2691=ORIENTED_EDGE('',*,*,#3449,.F.);
#2692=ORIENTED_EDGE('',*,*,#3534,.T.);
#2693=ORIENTED_EDGE('',*,*,#3487,.F.);
#2694=ORIENTED_EDGE('',*,*,#3535,.F.);
#2695=ORIENTED_EDGE('',*,*,#3501,.F.);
#2696=ORIENTED_EDGE('',*,*,#3512,.F.);
#2697=ORIENTED_EDGE('',*,*,#3450,.F.);
#2698=ORIENTED_EDGE('',*,*,#3535,.T.);
#2699=ORIENTED_EDGE('',*,*,#3486,.F.);
#2700=ORIENTED_EDGE('',*,*,#3536,.F.);
#2701=ORIENTED_EDGE('',*,*,#3498,.F.);
#2702=ORIENTED_EDGE('',*,*,#3502,.F.);
#2703=ORIENTED_EDGE('',*,*,#3536,.T.);
#2704=ORIENTED_EDGE('',*,*,#3229,.F.);
#2705=ORIENTED_EDGE('',*,*,#3537,.F.);
#2706=ORIENTED_EDGE('',*,*,#3499,.F.);
#2707=ORIENTED_EDGE('',*,*,#3226,.F.);
#2708=ORIENTED_EDGE('',*,*,#2775,.F.);
#2709=ORIENTED_EDGE('',*,*,#3537,.T.);
#2710=ORIENTED_EDGE('',*,*,#3228,.F.);
#2711=ORIENTED_EDGE('',*,*,#2981,.T.);
#2712=ORIENTED_EDGE('',*,*,#3002,.F.);
#2713=ORIENTED_EDGE('',*,*,#3005,.T.);
#2714=ORIENTED_EDGE('',*,*,#2790,.T.);
#2715=ORIENTED_EDGE('',*,*,#2796,.F.);
#2716=ORIENTED_EDGE('',*,*,#3386,.F.);
#2717=ORIENTED_EDGE('',*,*,#3538,.T.);
#2718=ORIENTED_EDGE('',*,*,#3392,.F.);
#2719=ORIENTED_EDGE('',*,*,#3427,.F.);
#2720=ORIENTED_EDGE('',*,*,#3539,.F.);
#2721=ORIENTED_EDGE('',*,*,#3539,.T.);
#2722=ORIENTED_EDGE('',*,*,#3426,.F.);
#2723=ORIENTED_EDGE('',*,*,#3540,.F.);
#2724=ORIENTED_EDGE('',*,*,#3389,.F.);
#2725=ORIENTED_EDGE('',*,*,#3540,.T.);
#2726=ORIENTED_EDGE('',*,*,#3425,.F.);
#2727=ORIENTED_EDGE('',*,*,#3541,.F.);
#2728=ORIENTED_EDGE('',*,*,#3428,.F.);
#2729=ORIENTED_EDGE('',*,*,#3541,.T.);
#2730=ORIENTED_EDGE('',*,*,#3424,.F.);
#2731=ORIENTED_EDGE('',*,*,#3542,.F.);
#2732=ORIENTED_EDGE('',*,*,#3530,.F.);
#2733=ORIENTED_EDGE('',*,*,#3420,.F.);
#2734=ORIENTED_EDGE('',*,*,#3485,.F.);
#2735=ORIENTED_EDGE('',*,*,#3542,.T.);
#2736=ORIENTED_EDGE('',*,*,#3423,.F.);
#2737=ORIENTED_EDGE('',*,*,#3538,.F.);
#2738=ORIENTED_EDGE('',*,*,#3385,.F.);
#2739=ORIENTED_EDGE('',*,*,#3543,.F.);
#2740=ORIENTED_EDGE('',*,*,#3377,.F.);
#2741=ORIENTED_EDGE('',*,*,#3393,.F.);
#2742=ORIENTED_EDGE('',*,*,#3383,.F.);
#2743=ORIENTED_EDGE('',*,*,#3382,.T.);
#2744=ORIENTED_EDGE('',*,*,#3544,.T.);
#2745=ORIENTED_EDGE('',*,*,#3373,.F.);
#2746=ORIENTED_EDGE('',*,*,#3372,.F.);
#2747=ORIENTED_EDGE('',*,*,#3545,.F.);
#2748=ORIENTED_EDGE('',*,*,#3543,.T.);
#2749=ORIENTED_EDGE('',*,*,#3384,.F.);
#2750=ORIENTED_EDGE('',*,*,#3545,.T.);
#2751=ORIENTED_EDGE('',*,*,#3379,.F.);
#2752=ORIENTED_EDGE('',*,*,#3378,.F.);
#2753=ORIENTED_EDGE('',*,*,#3521,.F.);
#2754=ORIENTED_EDGE('',*,*,#3438,.F.);
#2755=ORIENTED_EDGE('',*,*,#3394,.F.);
#2756=ORIENTED_EDGE('',*,*,#3374,.F.);
#2757=ORIENTED_EDGE('',*,*,#3544,.F.);
#2758=ORIENTED_EDGE('',*,*,#3411,.F.);
#2759=ORIENTED_EDGE('',*,*,#3546,.F.);
#2760=ORIENTED_EDGE('',*,*,#3430,.F.);
#2761=ORIENTED_EDGE('',*,*,#3547,.T.);
#2762=ORIENTED_EDGE('',*,*,#2768,.T.);
#2763=ORIENTED_EDGE('',*,*,#3508,.F.);
#2764=ORIENTED_EDGE('',*,*,#2787,.T.);
#2765=ORIENTED_EDGE('',*,*,#2772,.F.);
#2766=ORIENTED_EDGE('',*,*,#3546,.T.);
#2767=ORIENTED_EDGE('',*,*,#3547,.F.);
#2768=EDGE_CURVE('',#3548,#3549,#4061,.T.);
#2769=EDGE_CURVE('',#3550,#3548,#1204,.T.);
#2770=EDGE_CURVE('',#3550,#3551,#348,.F.);
#2771=EDGE_CURVE('',#3551,#3549,#4062,.T.);
#2772=EDGE_CURVE('',#3548,#3552,#110,.T.);
#2773=EDGE_CURVE('',#3552,#3553,#349,.T.);
#2774=EDGE_CURVE('',#3553,#3554,#1205,.T.);
#2775=EDGE_CURVE('',#3554,#3555,#350,.T.);
#2776=EDGE_CURVE('',#3555,#3556,#351,.T.);
#2777=EDGE_CURVE('',#3556,#3557,#352,.T.);
#2778=EDGE_CURVE('',#3557,#3558,#353,.T.);
#2779=EDGE_CURVE('',#3558,#3559,#354,.T.);
#2780=EDGE_CURVE('',#3559,#3560,#355,.T.);
#2781=EDGE_CURVE('',#3560,#3561,#356,.T.);
#2782=EDGE_CURVE('',#3561,#3562,#357,.T.);
#2783=EDGE_CURVE('',#3562,#3563,#358,.T.);
#2784=EDGE_CURVE('',#3563,#3564,#359,.T.);
#2785=EDGE_CURVE('',#3565,#3564,#360,.T.);
#2786=EDGE_CURVE('',#3565,#3550,#4063,.F.);
#2787=EDGE_CURVE('',#3566,#3552,#100,.F.);
#2788=EDGE_CURVE('',#3566,#3567,#361,.T.);
#2789=EDGE_CURVE('',#3553,#3567,#362,.F.);
#2790=EDGE_CURVE('',#3568,#3569,#363,.T.);
#2791=EDGE_CURVE('',#3568,#3570,#364,.T.);
#2792=EDGE_CURVE('',#3571,#3570,#365,.T.);
#2793=EDGE_CURVE('',#3572,#3571,#366,.T.);
#2794=EDGE_CURVE('',#3572,#3569,#367,.T.);
#2795=EDGE_CURVE('',#3573,#3574,#368,.T.);
#2796=EDGE_CURVE('',#3574,#3569,#369,.T.);
#2797=EDGE_CURVE('',#3572,#3573,#370,.T.);
#2798=EDGE_CURVE('',#3575,#3576,#371,.T.);
#2799=EDGE_CURVE('',#3576,#3577,#372,.T.);
#2800=EDGE_CURVE('',#3578,#3577,#373,.T.);
#2801=EDGE_CURVE('',#3578,#3579,#4064,.F.);
#2802=EDGE_CURVE('',#3575,#3579,#374,.T.);
#2803=EDGE_CURVE('',#3580,#3581,#4065,.T.);
#2804=EDGE_CURVE('',#3580,#3582,#375,.F.);
#2805=EDGE_CURVE('',#3582,#3583,#376,.F.);
#2806=EDGE_CURVE('',#3583,#3584,#377,.F.);
#2807=EDGE_CURVE('',#3584,#3565,#4066,.T.);
#2808=EDGE_CURVE('',#3564,#3585,#378,.T.);
#2809=EDGE_CURVE('',#3585,#3586,#379,.F.);
#2810=EDGE_CURVE('',#3586,#3581,#380,.T.);
#2811=EDGE_CURVE('',#3587,#3586,#381,.T.);
#2812=EDGE_CURVE('',#3585,#3588,#382,.T.);
#2813=EDGE_CURVE('',#3589,#3588,#383,.T.);
#2814=EDGE_CURVE('',#3589,#3590,#384,.T.);
#2815=EDGE_CURVE('',#3590,#3591,#4067,.T.);
#2816=EDGE_CURVE('',#3591,#3587,#4068,.T.);
#2817=EDGE_CURVE('',#3592,#3593,#385,.T.);
#2818=EDGE_CURVE('',#3594,#3593,#386,.T.);
#2819=EDGE_CURVE('',#3595,#3594,#387,.T.);
#2820=EDGE_CURVE('',#3595,#3596,#388,.T.);
#2821=EDGE_CURVE('',#3597,#3596,#389,.T.);
#2822=EDGE_CURVE('',#3598,#3597,#390,.T.);
#2823=EDGE_CURVE('',#3598,#3599,#391,.T.);
#2824=EDGE_CURVE('',#3600,#3599,#392,.T.);
#2825=EDGE_CURVE('',#3600,#3601,#4069,.T.);
#2826=EDGE_CURVE('',#3601,#3602,#393,.F.);
#2827=EDGE_CURVE('',#3602,#3603,#111,.T.);
#2828=EDGE_CURVE('',#3603,#3604,#394,.T.);
#2829=EDGE_CURVE('',#3605,#3604,#395,.T.);
#2830=EDGE_CURVE('',#3605,#3606,#112,.T.);
#2831=EDGE_CURVE('',#3606,#3607,#4070,.T.);
#2832=EDGE_CURVE('',#3607,#3608,#4071,.T.);
#2833=EDGE_CURVE('',#3608,#3609,#396,.T.);
#2834=EDGE_CURVE('',#3610,#3609,#397,.T.);
#2835=EDGE_CURVE('',#3611,#3610,#113,.T.);
#2836=EDGE_CURVE('',#3612,#3611,#398,.T.);
#2837=EDGE_CURVE('',#3612,#3613,#399,.T.);
#2838=EDGE_CURVE('',#3613,#3614,#4072,.T.);
#2839=EDGE_CURVE('',#3614,#3615,#400,.T.);
#2840=EDGE_CURVE('',#3615,#3616,#114,.F.);
#2841=EDGE_CURVE('',#3617,#3616,#401,.T.);
#2842=EDGE_CURVE('',#3618,#3617,#115,.F.);
#2843=EDGE_CURVE('',#3618,#3592,#402,.T.);
#2844=EDGE_CURVE('',#3619,#3620,#403,.T.);
#2845=EDGE_CURVE('',#3620,#3621,#404,.T.);
#2846=EDGE_CURVE('',#3621,#3622,#405,.T.);
#2847=EDGE_CURVE('',#3622,#3619,#406,.T.);
#2848=EDGE_CURVE('',#3623,#3624,#407,.T.);
#2849=EDGE_CURVE('',#3623,#3589,#408,.F.);
#2850=EDGE_CURVE('',#3588,#3624,#409,.F.);
#2851=EDGE_CURVE('',#3625,#3626,#4073,.T.);
#2852=EDGE_CURVE('',#3626,#3627,#4074,.F.);
#2853=EDGE_CURVE('',#3628,#3627,#410,.F.);
#2854=EDGE_CURVE('',#3629,#3628,#4075,.T.);
#2855=EDGE_CURVE('',#3625,#3629,#411,.T.);
#2856=EDGE_CURVE('',#3630,#3627,#4076,.T.);
#2857=EDGE_CURVE('',#3630,#3631,#412,.T.);
#2858=EDGE_CURVE('',#3631,#3628,#4077,.T.);
#2859=EDGE_CURVE('',#3632,#3629,#4078,.T.);
#2860=EDGE_CURVE('',#3631,#3633,#4079,.T.);
#2861=EDGE_CURVE('',#3632,#3633,#4080,.T.);
#2862=EDGE_CURVE('',#3633,#3634,#4081,.T.);
#2863=EDGE_CURVE('',#3634,#3635,#4082,.F.);
#2864=EDGE_CURVE('',#3635,#3636,#4083,.F.);
#2865=EDGE_CURVE('',#3636,#3632,#4084,.T.);
#2866=EDGE_CURVE('',#3637,#3636,#4085,.T.);
#2867=EDGE_CURVE('',#3637,#3638,#4086,.T.);
#2868=EDGE_CURVE('',#3639,#3638,#413,.T.);
#2869=EDGE_CURVE('',#3640,#3639,#4087,.T.);
#2870=EDGE_CURVE('',#3640,#3625,#414,.T.);
#2871=EDGE_CURVE('',#3640,#3641,#4088,.T.);
#2872=EDGE_CURVE('',#3639,#3642,#4089,.T.);
#2873=EDGE_CURVE('',#3643,#3642,#1206,.T.);
#2874=EDGE_CURVE('',#3643,#3641,#4090,.T.);
#2875=EDGE_CURVE('',#3602,#3644,#415,.F.);
#2876=EDGE_CURVE('',#3644,#3645,#4091,.T.);
#2877=EDGE_CURVE('',#3645,#3603,#416,.T.);
#2878=EDGE_CURVE('',#3644,#3646,#4092,.T.);
#2879=EDGE_CURVE('',#3647,#3646,#417,.T.);
#2880=EDGE_CURVE('',#3647,#3645,#4093,.F.);
#2881=EDGE_CURVE('',#3647,#3648,#418,.T.);
#2882=EDGE_CURVE('',#3648,#3646,#419,.T.);
#2883=EDGE_CURVE('',#3649,#3650,#420,.F.);
#2884=EDGE_CURVE('',#3649,#3651,#4094,.F.);
#2885=EDGE_CURVE('',#3626,#3651,#4095,.T.);
#2886=EDGE_CURVE('',#3650,#3641,#4096,.T.);
#2887=EDGE_CURVE('',#3651,#3652,#4097,.T.);
#2888=EDGE_CURVE('',#3630,#3652,#4098,.T.);
#2889=EDGE_CURVE('',#3590,#3653,#4099,.T.);
#2890=EDGE_CURVE('',#3653,#3654,#421,.T.);
#2891=EDGE_CURVE('',#3591,#3654,#4100,.F.);
#2892=EDGE_CURVE('',#3635,#3655,#4101,.F.);
#2893=EDGE_CURVE('',#3655,#3637,#4102,.T.);
#2894=EDGE_CURVE('',#3656,#3657,#4103,.T.);
#2895=EDGE_CURVE('',#3657,#3655,#4104,.T.);
#2896=EDGE_CURVE('',#3635,#3658,#4105,.T.);
#2897=EDGE_CURVE('',#3658,#3656,#4106,.F.);
#2898=EDGE_CURVE('',#3653,#3659,#4107,.T.);
#2899=EDGE_CURVE('',#3660,#3659,#4108,.T.);
#2900=EDGE_CURVE('',#3654,#3660,#116,.F.);
#2901=EDGE_CURVE('',#3600,#3661,#4109,.T.);
#2902=EDGE_CURVE('',#3661,#3643,#4110,.T.);
#2903=EDGE_CURVE('',#3642,#3601,#4111,.T.);
#2904=EDGE_CURVE('',#3661,#3662,#422,.F.);
#2905=EDGE_CURVE('',#3663,#3662,#4112,.T.);
#2906=EDGE_CURVE('',#3663,#3650,#423,.T.);
#2907=EDGE_CURVE('',#3664,#3665,#424,.T.);
#2908=EDGE_CURVE('',#3665,#3666,#425,.T.);
#2909=EDGE_CURVE('',#3667,#3666,#426,.T.);
#2910=EDGE_CURVE('',#3664,#3667,#427,.T.);
#2911=EDGE_CURVE('',#3668,#3669,#4113,.T.);
#2912=EDGE_CURVE('',#3669,#3670,#4114,.T.);
#2913=EDGE_CURVE('',#3668,#3670,#117,.T.);
#2914=EDGE_CURVE('',#3671,#3672,#101,.F.);
#2915=EDGE_CURVE('',#3671,#3673,#428,.T.);
#2916=EDGE_CURVE('',#3674,#3673,#429,.T.);
#2917=EDGE_CURVE('',#3675,#3674,#430,.T.);
#2918=EDGE_CURVE('',#3669,#3675,#4115,.T.);
#2919=EDGE_CURVE('',#3668,#3676,#4116,.F.);
#2920=EDGE_CURVE('',#3672,#3676,#4117,.T.);
#2921=EDGE_CURVE('',#3677,#3676,#118,.T.);
#2922=EDGE_CURVE('',#3677,#3672,#4118,.T.);
#2923=EDGE_CURVE('',#3678,#3678,#119,.T.);
#2924=EDGE_CURVE('',#3679,#3680,#431,.T.);
#2925=EDGE_CURVE('',#3680,#3681,#432,.T.);
#2926=EDGE_CURVE('',#3681,#3682,#433,.T.);
#2927=EDGE_CURVE('',#3682,#3683,#434,.T.);
#2928=EDGE_CURVE('',#3683,#3684,#435,.T.);
#2929=EDGE_CURVE('',#3684,#3679,#436,.T.);
#2930=EDGE_CURVE('',#3685,#3685,#120,.F.);
#2931=EDGE_CURVE('',#3686,#3686,#121,.F.);
#2932=EDGE_CURVE('',#3687,#3688,#4119,.T.);
#2933=EDGE_CURVE('',#3689,#3687,#4120,.T.);
#2934=EDGE_CURVE('',#3690,#3689,#4121,.T.);
#2935=EDGE_CURVE('',#3690,#3688,#4122,.T.);
#2936=EDGE_CURVE('',#3691,#3692,#4123,.T.);
#2937=EDGE_CURVE('',#3687,#3691,#4124,.F.);
#2938=EDGE_CURVE('',#3688,#3693,#4125,.F.);
#2939=EDGE_CURVE('',#3692,#3693,#4126,.F.);
#2940=EDGE_CURVE('',#3694,#3694,#122,.F.);
#2941=EDGE_CURVE('',#3695,#3696,#4127,.T.);
#2942=EDGE_CURVE('',#3697,#3696,#437,.T.);
#2943=EDGE_CURVE('',#3697,#3698,#4128,.T.);
#2944=EDGE_CURVE('',#3695,#3698,#438,.F.);
#2945=EDGE_CURVE('',#3699,#3695,#4129,.T.);
#2946=EDGE_CURVE('',#3699,#3700,#4130,.T.);
#2947=EDGE_CURVE('',#3696,#3700,#4131,.T.);
#2948=EDGE_CURVE('',#3701,#3702,#439,.T.);
#2949=EDGE_CURVE('',#3701,#3703,#440,.T.);
#2950=EDGE_CURVE('',#3703,#3704,#441,.F.);
#2951=EDGE_CURVE('',#3705,#3704,#4132,.T.);
#2952=EDGE_CURVE('',#3702,#3705,#442,.T.);
#2953=EDGE_CURVE('',#3706,#3703,#123,.F.);
#2954=EDGE_CURVE('',#3671,#3706,#443,.T.);
#2955=EDGE_CURVE('',#3704,#3677,#4133,.T.);
#2956=EDGE_CURVE('',#3706,#3707,#444,.T.);
#2957=EDGE_CURVE('',#3707,#3673,#445,.T.);
#2958=EDGE_CURVE('',#3708,#3707,#446,.T.);
#2959=EDGE_CURVE('',#3708,#3709,#447,.T.);
#2960=EDGE_CURVE('',#3674,#3709,#448,.T.);
#2961=EDGE_CURVE('',#3710,#3708,#449,.T.);
#2962=EDGE_CURVE('',#3710,#3711,#450,.T.);
#2963=EDGE_CURVE('',#3711,#3709,#451,.T.);
#2964=EDGE_CURVE('',#3712,#3710,#452,.T.);
#2965=EDGE_CURVE('',#3712,#3665,#453,.T.);
#2966=EDGE_CURVE('',#3711,#3664,#454,.T.);
#2967=EDGE_CURVE('',#3712,#3713,#455,.T.);
#2968=EDGE_CURVE('',#3713,#3666,#456,.T.);
#2969=EDGE_CURVE('',#3714,#3713,#457,.T.);
#2970=EDGE_CURVE('',#3714,#3715,#458,.T.);
#2971=EDGE_CURVE('',#3667,#3715,#459,.T.);
#2972=EDGE_CURVE('',#3571,#3714,#460,.T.);
#2973=EDGE_CURVE('',#3715,#3570,#461,.T.);
#2974=EDGE_CURVE('',#3716,#3697,#4134,.T.);
#2975=EDGE_CURVE('',#3717,#3716,#4135,.T.);
#2976=EDGE_CURVE('',#3698,#3717,#4136,.T.);
#2977=EDGE_CURVE('',#3718,#3718,#124,.T.);
#2978=EDGE_CURVE('',#3719,#3719,#125,.T.);
#2979=EDGE_CURVE('',#3720,#3720,#126,.T.);
#2980=EDGE_CURVE('',#3721,#3721,#127,.T.);
#2981=EDGE_CURVE('',#3574,#3722,#462,.F.);
#2982=EDGE_CURVE('',#3573,#3723,#463,.F.);
#2983=EDGE_CURVE('',#3724,#3723,#464,.T.);
#2984=EDGE_CURVE('',#3722,#3724,#465,.F.);
#2985=EDGE_CURVE('',#3725,#3726,#466,.T.);
#2986=EDGE_CURVE('',#3726,#3727,#467,.T.);
#2987=EDGE_CURVE('',#3727,#3728,#468,.T.);
#2988=EDGE_CURVE('',#3728,#3725,#469,.T.);
#2989=EDGE_CURVE('',#3729,#3730,#470,.T.);
#2990=EDGE_CURVE('',#3730,#3731,#471,.T.);
#2991=EDGE_CURVE('',#3731,#3732,#472,.T.);
#2992=EDGE_CURVE('',#3732,#3733,#473,.T.);
#2993=EDGE_CURVE('',#3733,#3734,#474,.T.);
#2994=EDGE_CURVE('',#3734,#3729,#475,.T.);
#2995=EDGE_CURVE('',#3735,#3736,#476,.T.);
#2996=EDGE_CURVE('',#3736,#3737,#477,.T.);
#2997=EDGE_CURVE('',#3737,#3738,#478,.T.);
#2998=EDGE_CURVE('',#3738,#3739,#479,.T.);
#2999=EDGE_CURVE('',#3739,#3740,#480,.T.);
#3000=EDGE_CURVE('',#3740,#3735,#481,.T.);
#3001=EDGE_CURVE('',#3741,#3742,#482,.T.);
#3002=EDGE_CURVE('',#3742,#3722,#483,.T.);
#3003=EDGE_CURVE('',#3724,#3743,#484,.T.);
#3004=EDGE_CURVE('',#3743,#3741,#485,.T.);
#3005=EDGE_CURVE('',#3742,#3568,#486,.T.);
#3006=EDGE_CURVE('',#3744,#3741,#487,.T.);
#3007=EDGE_CURVE('',#3675,#3744,#128,.F.);
#3008=EDGE_CURVE('',#3745,#3746,#488,.T.);
#3009=EDGE_CURVE('',#3746,#3747,#489,.T.);
#3010=EDGE_CURVE('',#3748,#3747,#490,.T.);
#3011=EDGE_CURVE('',#3749,#3748,#4137,.T.);
#3012=EDGE_CURVE('',#3749,#3745,#491,.T.);
#3013=EDGE_CURVE('',#3750,#3745,#492,.T.);
#3014=EDGE_CURVE('',#3750,#3735,#493,.T.);
#3015=EDGE_CURVE('',#3746,#3740,#494,.T.);
#3016=EDGE_CURVE('',#3751,#3736,#495,.T.);
#3017=EDGE_CURVE('',#3751,#3750,#496,.T.);
#3018=EDGE_CURVE('',#3752,#3737,#497,.T.);
#3019=EDGE_CURVE('',#3753,#3751,#498,.T.);
#3020=EDGE_CURVE('',#3752,#3753,#499,.T.);
#3021=EDGE_CURVE('',#3754,#3755,#500,.T.);
#3022=EDGE_CURVE('',#3755,#3756,#501,.T.);
#3023=EDGE_CURVE('',#3757,#3756,#502,.T.);
#3024=EDGE_CURVE('',#3757,#3752,#503,.T.);
#3025=EDGE_CURVE('',#3753,#3754,#504,.T.);
#3026=EDGE_CURVE('',#3758,#3754,#505,.T.);
#3027=EDGE_CURVE('',#3758,#3759,#506,.T.);
#3028=EDGE_CURVE('',#3760,#3759,#507,.T.);
#3029=EDGE_CURVE('',#3755,#3760,#508,.T.);
#3030=EDGE_CURVE('',#3761,#3762,#509,.T.);
#3031=EDGE_CURVE('',#3759,#3762,#510,.T.);
#3032=EDGE_CURVE('',#3761,#3758,#511,.T.);
#3033=EDGE_CURVE('',#3763,#3764,#4138,.T.);
#3034=EDGE_CURVE('',#3764,#3681,#512,.T.);
#3035=EDGE_CURVE('',#3763,#3680,#513,.T.);
#3036=EDGE_CURVE('',#3764,#3765,#4139,.T.);
#3037=EDGE_CURVE('',#3765,#3682,#514,.T.);
#3038=EDGE_CURVE('',#3765,#3766,#4140,.T.);
#3039=EDGE_CURVE('',#3766,#3683,#515,.T.);
#3040=EDGE_CURVE('',#3744,#3767,#4141,.T.);
#3041=EDGE_CURVE('',#3670,#3767,#129,.T.);
#3042=EDGE_CURVE('',#3704,#3768,#130,.T.);
#3043=EDGE_CURVE('',#3670,#3768,#4142,.T.);
#3044=EDGE_CURVE('',#3705,#3769,#131,.T.);
#3045=EDGE_CURVE('',#3768,#3769,#4143,.T.);
#3046=EDGE_CURVE('',#3770,#3702,#102,.T.);
#3047=EDGE_CURVE('',#3769,#3770,#516,.F.);
#3048=EDGE_CURVE('',#3766,#3771,#4144,.T.);
#3049=EDGE_CURVE('',#3772,#3771,#517,.T.);
#3050=EDGE_CURVE('',#3772,#3684,#518,.T.);
#3051=EDGE_CURVE('',#3773,#3679,#519,.T.);
#3052=EDGE_CURVE('',#3773,#3772,#520,.T.);
#3053=EDGE_CURVE('',#3774,#3763,#4145,.T.);
#3054=EDGE_CURVE('',#3774,#3773,#521,.T.);
#3055=EDGE_CURVE('',#3775,#3776,#522,.T.);
#3056=EDGE_CURVE('',#3775,#3690,#523,.T.);
#3057=EDGE_CURVE('',#3700,#3689,#524,.T.);
#3058=EDGE_CURVE('',#3699,#3701,#525,.T.);
#3059=EDGE_CURVE('',#3777,#3770,#526,.T.);
#3060=EDGE_CURVE('',#3778,#3777,#4146,.T.);
#3061=EDGE_CURVE('',#3776,#3778,#4147,.T.);
#3062=EDGE_CURVE('',#3779,#3780,#527,.T.);
#3063=EDGE_CURVE('',#3779,#3775,#132,.T.);
#3064=EDGE_CURVE('',#3780,#3776,#133,.T.);
#3065=EDGE_CURVE('',#3781,#3779,#528,.T.);
#3066=EDGE_CURVE('',#3782,#3781,#134,.F.);
#3067=EDGE_CURVE('',#3783,#3782,#529,.T.);
#3068=EDGE_CURVE('',#3783,#3784,#530,.T.);
#3069=EDGE_CURVE('',#3784,#3693,#531,.F.);
#3070=EDGE_CURVE('',#3785,#3786,#532,.T.);
#3071=EDGE_CURVE('',#3786,#3787,#533,.T.);
#3072=EDGE_CURVE('',#3787,#3788,#534,.T.);
#3073=EDGE_CURVE('',#3788,#3789,#535,.T.);
#3074=EDGE_CURVE('',#3785,#3789,#536,.T.);
#3075=EDGE_CURVE('',#3786,#3790,#537,.T.);
#3076=EDGE_CURVE('',#3762,#3790,#538,.T.);
#3077=EDGE_CURVE('',#3787,#3761,#539,.T.);
#3078=EDGE_CURVE('',#3790,#3791,#540,.T.);
#3079=EDGE_CURVE('',#3791,#3792,#541,.T.);
#3080=EDGE_CURVE('',#3792,#3760,#542,.T.);
#3081=EDGE_CURVE('',#3783,#3793,#543,.T.);
#3082=EDGE_CURVE('',#3793,#3794,#544,.F.);
#3083=EDGE_CURVE('',#3784,#3794,#4148,.T.);
#3084=EDGE_CURVE('',#3691,#3794,#4149,.F.);
#3085=EDGE_CURVE('',#3795,#3691,#4150,.F.);
#3086=EDGE_CURVE('',#3796,#3795,#4151,.T.);
#3087=EDGE_CURVE('',#3796,#3797,#4152,.T.);
#3088=EDGE_CURVE('',#3797,#3716,#545,.T.);
#3089=EDGE_CURVE('',#3798,#3797,#4153,.T.);
#3090=EDGE_CURVE('',#3717,#3798,#546,.F.);
#3091=EDGE_CURVE('',#3799,#3798,#4154,.T.);
#3092=EDGE_CURVE('',#3800,#3799,#547,.T.);
#3093=EDGE_CURVE('',#3801,#3800,#548,.T.);
#3094=EDGE_CURVE('',#3801,#3802,#549,.T.);
#3095=EDGE_CURVE('',#3803,#3802,#550,.T.);
#3096=EDGE_CURVE('',#3723,#3803,#551,.T.);
#3097=EDGE_CURVE('',#3804,#3804,#135,.F.);
#3098=EDGE_CURVE('',#3805,#3805,#136,.F.);
#3099=EDGE_CURVE('',#3806,#3807,#552,.T.);
#3100=EDGE_CURVE('',#3808,#3806,#553,.F.);
#3101=EDGE_CURVE('',#3809,#3808,#554,.T.);
#3102=EDGE_CURVE('',#3807,#3809,#555,.F.);
#3103=EDGE_CURVE('',#3810,#3811,#556,.T.);
#3104=EDGE_CURVE('',#3812,#3810,#557,.F.);
#3105=EDGE_CURVE('',#3813,#3812,#558,.T.);
#3106=EDGE_CURVE('',#3811,#3813,#559,.F.);
#3107=EDGE_CURVE('',#3814,#3815,#560,.T.);
#3108=EDGE_CURVE('',#3816,#3814,#561,.T.);
#3109=EDGE_CURVE('',#3816,#3817,#562,.T.);
#3110=EDGE_CURVE('',#3817,#3815,#563,.T.);
#3111=EDGE_CURVE('',#3726,#3818,#564,.T.);
#3112=EDGE_CURVE('',#3818,#3819,#565,.T.);
#3113=EDGE_CURVE('',#3819,#3727,#566,.T.);
#3114=EDGE_CURVE('',#3819,#3820,#567,.T.);
#3115=EDGE_CURVE('',#3820,#3728,#568,.T.);
#3116=EDGE_CURVE('',#3725,#3821,#4155,.T.);
#3117=EDGE_CURVE('',#3820,#3821,#4156,.T.);
#3118=EDGE_CURVE('',#3803,#3822,#137,.F.);
#3119=EDGE_CURVE('',#3823,#3822,#569,.T.);
#3120=EDGE_CURVE('',#3789,#3823,#570,.T.);
#3121=EDGE_CURVE('',#3743,#3788,#571,.T.);
#3122=EDGE_CURVE('',#3821,#3818,#572,.T.);
#3123=EDGE_CURVE('',#3824,#3732,#573,.T.);
#3124=EDGE_CURVE('',#3825,#3731,#574,.T.);
#3125=EDGE_CURVE('',#3824,#3825,#575,.F.);
#3126=EDGE_CURVE('',#3826,#3733,#576,.T.);
#3127=EDGE_CURVE('',#3826,#3824,#577,.F.);
#3128=EDGE_CURVE('',#3827,#3734,#578,.T.);
#3129=EDGE_CURVE('',#3827,#3826,#579,.F.);
#3130=EDGE_CURVE('',#3828,#3729,#580,.T.);
#3131=EDGE_CURVE('',#3828,#3827,#581,.F.);
#3132=EDGE_CURVE('',#3829,#3730,#582,.T.);
#3133=EDGE_CURVE('',#3829,#3828,#583,.F.);
#3134=EDGE_CURVE('',#3825,#3829,#584,.F.);
#3135=EDGE_CURVE('',#3830,#3792,#585,.T.);
#3136=EDGE_CURVE('',#3831,#3830,#586,.F.);
#3137=EDGE_CURVE('',#3756,#3831,#587,.T.);
#3138=EDGE_CURVE('',#3832,#3831,#588,.F.);
#3139=EDGE_CURVE('',#3832,#3757,#589,.T.);
#3140=EDGE_CURVE('',#3833,#3832,#590,.F.);
#3141=EDGE_CURVE('',#3833,#3738,#591,.T.);
#3142=EDGE_CURVE('',#3834,#3739,#592,.T.);
#3143=EDGE_CURVE('',#3834,#3833,#593,.F.);
#3144=EDGE_CURVE('',#3835,#3834,#594,.F.);
#3145=EDGE_CURVE('',#3747,#3835,#595,.T.);
#3146=EDGE_CURVE('',#3836,#3835,#596,.F.);
#3147=EDGE_CURVE('',#3748,#3836,#4157,.T.);
#3148=EDGE_CURVE('',#3749,#3837,#4158,.F.);
#3149=EDGE_CURVE('',#3836,#3837,#4159,.F.);
#3150=EDGE_CURVE('',#3838,#3837,#597,.F.);
#3151=EDGE_CURVE('',#3767,#3838,#4160,.T.);
#3152=EDGE_CURVE('',#3774,#3769,#138,.T.);
#3153=EDGE_CURVE('',#3838,#3839,#4161,.T.);
#3154=EDGE_CURVE('',#3839,#3771,#139,.T.);
#3155=EDGE_CURVE('',#3840,#3839,#598,.F.);
#3156=EDGE_CURVE('',#3777,#3840,#140,.F.);
#3157=EDGE_CURVE('',#3840,#3841,#4162,.T.);
#3158=EDGE_CURVE('',#3841,#3778,#141,.F.);
#3159=EDGE_CURVE('',#3841,#3842,#103,.F.);
#3160=EDGE_CURVE('',#3842,#3780,#4163,.T.);
#3161=EDGE_CURVE('',#3843,#3781,#599,.T.);
#3162=EDGE_CURVE('',#3842,#3843,#600,.F.);
#3163=EDGE_CURVE('',#3782,#3844,#601,.F.);
#3164=EDGE_CURVE('',#3844,#3843,#104,.T.);
#3165=EDGE_CURVE('',#3844,#3845,#602,.F.);
#3166=EDGE_CURVE('',#3845,#3846,#603,.F.);
#3167=EDGE_CURVE('',#3793,#3846,#604,.T.);
#3168=EDGE_CURVE('',#3847,#3848,#605,.F.);
#3169=EDGE_CURVE('',#3847,#3785,#606,.T.);
#3170=EDGE_CURVE('',#3848,#3823,#607,.T.);
#3171=EDGE_CURVE('',#3849,#3847,#608,.F.);
#3172=EDGE_CURVE('',#3849,#3791,#609,.T.);
#3173=EDGE_CURVE('',#3830,#3849,#610,.F.);
#3174=EDGE_CURVE('',#3850,#3851,#4164,.F.);
#3175=EDGE_CURVE('',#3850,#3846,#611,.T.);
#3176=EDGE_CURVE('',#3845,#3851,#612,.F.);
#3177=EDGE_CURVE('',#3852,#3850,#4165,.T.);
#3178=EDGE_CURVE('',#3852,#3853,#613,.F.);
#3179=EDGE_CURVE('',#3854,#3853,#4166,.T.);
#3180=EDGE_CURVE('',#3794,#3854,#4167,.T.);
#3181=EDGE_CURVE('',#3801,#3855,#142,.T.);
#3182=EDGE_CURVE('',#3856,#3855,#614,.F.);
#3183=EDGE_CURVE('',#3856,#3802,#143,.T.);
#3184=EDGE_CURVE('',#3857,#3856,#4168,.T.);
#3185=EDGE_CURVE('',#3857,#3822,#4169,.T.);
#3186=EDGE_CURVE('',#3817,#3858,#615,.T.);
#3187=EDGE_CURVE('',#3858,#3859,#616,.T.);
#3188=EDGE_CURVE('',#3815,#3859,#617,.T.);
#3189=EDGE_CURVE('',#3860,#3814,#618,.T.);
#3190=EDGE_CURVE('',#3860,#3859,#619,.T.);
#3191=EDGE_CURVE('',#3861,#3862,#4170,.T.);
#3192=EDGE_CURVE('',#3863,#3861,#4171,.T.);
#3193=EDGE_CURVE('',#3863,#3852,#105,.T.);
#3194=EDGE_CURVE('',#3862,#3852,#4172,.T.);
#3195=EDGE_CURVE('',#3864,#3863,#620,.T.);
#3196=EDGE_CURVE('',#3864,#3865,#4173,.T.);
#3197=EDGE_CURVE('',#3853,#3865,#4174,.F.);
#3198=EDGE_CURVE('',#3866,#3864,#4175,.T.);
#3199=EDGE_CURVE('',#3867,#3866,#4176,.T.);
#3200=EDGE_CURVE('',#3868,#3867,#4177,.F.);
#3201=EDGE_CURVE('',#3854,#3868,#4178,.T.);
#3202=EDGE_CURVE('',#3869,#3868,#621,.T.);
#3203=EDGE_CURVE('',#3796,#3869,#4179,.T.);
#3204=EDGE_CURVE('',#3799,#3870,#4180,.T.);
#3205=EDGE_CURVE('',#3870,#3869,#144,.T.);
#3206=EDGE_CURVE('',#3871,#3800,#145,.F.);
#3207=EDGE_CURVE('',#3871,#3870,#622,.T.);
#3208=EDGE_CURVE('',#3872,#3871,#623,.T.);
#3209=EDGE_CURVE('',#3872,#3855,#624,.T.);
#3210=EDGE_CURVE('',#3873,#3873,#146,.T.);
#3211=EDGE_CURVE('',#3874,#3874,#147,.F.);
#3212=EDGE_CURVE('',#3563,#3588,#625,.T.);
#3213=EDGE_CURVE('',#3875,#3588,#626,.T.);
#3214=EDGE_CURVE('',#3562,#3875,#627,.F.);
#3215=EDGE_CURVE('',#3561,#3876,#628,.F.);
#3216=EDGE_CURVE('',#3876,#3875,#629,.T.);
#3217=EDGE_CURVE('',#3560,#3821,#630,.F.);
#3218=EDGE_CURVE('',#3821,#3876,#4181,.T.);
#3219=EDGE_CURVE('',#3559,#3818,#631,.T.);
#3220=EDGE_CURVE('',#3558,#3877,#632,.F.);
#3221=EDGE_CURVE('',#3877,#3818,#633,.T.);
#3222=EDGE_CURVE('',#3557,#3878,#634,.F.);
#3223=EDGE_CURVE('',#3878,#3877,#635,.F.);
#3224=EDGE_CURVE('',#3556,#3879,#636,.T.);
#3225=EDGE_CURVE('',#3879,#3878,#637,.F.);
#3226=EDGE_CURVE('',#3555,#3858,#638,.F.);
#3227=EDGE_CURVE('',#3817,#3879,#639,.T.);
#3228=EDGE_CURVE('',#3858,#3880,#640,.T.);
#3229=EDGE_CURVE('',#3880,#3881,#4182,.T.);
#3230=EDGE_CURVE('',#3881,#3882,#641,.T.);
#3231=EDGE_CURVE('',#3883,#3882,#642,.T.);
#3232=EDGE_CURVE('',#3884,#3883,#643,.T.);
#3233=EDGE_CURVE('',#3604,#3884,#106,.F.);
#3234=EDGE_CURVE('',#3885,#3648,#644,.T.);
#3235=EDGE_CURVE('',#3886,#3885,#645,.T.);
#3236=EDGE_CURVE('',#3886,#3860,#646,.T.);
#3237=EDGE_CURVE('',#3887,#3888,#647,.T.);
#3238=EDGE_CURVE('',#3806,#3887,#148,.F.);
#3239=EDGE_CURVE('',#3888,#3807,#149,.F.);
#3240=EDGE_CURVE('',#3889,#3808,#150,.F.);
#3241=EDGE_CURVE('',#3889,#3887,#648,.T.);
#3242=EDGE_CURVE('',#3890,#3889,#649,.T.);
#3243=EDGE_CURVE('',#3809,#3890,#151,.F.);
#3244=EDGE_CURVE('',#3888,#3890,#650,.T.);
#3245=EDGE_CURVE('',#3891,#3811,#152,.F.);
#3246=EDGE_CURVE('',#3813,#3892,#153,.F.);
#3247=EDGE_CURVE('',#3891,#3892,#651,.T.);
#3248=EDGE_CURVE('',#3893,#3891,#652,.T.);
#3249=EDGE_CURVE('',#3810,#3893,#154,.F.);
#3250=EDGE_CURVE('',#3894,#3812,#155,.F.);
#3251=EDGE_CURVE('',#3894,#3893,#653,.T.);
#3252=EDGE_CURVE('',#3892,#3894,#654,.T.);
#3253=EDGE_CURVE('',#3895,#3896,#655,.T.);
#3254=EDGE_CURVE('',#3896,#3897,#656,.T.);
#3255=EDGE_CURVE('',#3897,#3898,#657,.T.);
#3256=EDGE_CURVE('',#3898,#3895,#658,.T.);
#3257=EDGE_CURVE('',#3899,#3900,#156,.F.);
#3258=EDGE_CURVE('',#3899,#3901,#157,.F.);
#3259=EDGE_CURVE('',#3901,#3902,#659,.T.);
#3260=EDGE_CURVE('',#3902,#3900,#158,.F.);
#3261=EDGE_CURVE('',#3903,#3896,#660,.T.);
#3262=EDGE_CURVE('',#3903,#3904,#661,.T.);
#3263=EDGE_CURVE('',#3904,#3897,#662,.T.);
#3264=EDGE_CURVE('',#3904,#3905,#663,.T.);
#3265=EDGE_CURVE('',#3905,#3898,#664,.T.);
#3266=EDGE_CURVE('',#3905,#3906,#665,.T.);
#3267=EDGE_CURVE('',#3906,#3895,#666,.T.);
#3268=EDGE_CURVE('',#3906,#3903,#667,.T.);
#3269=EDGE_CURVE('',#3907,#3621,#668,.T.);
#3270=EDGE_CURVE('',#3907,#3908,#669,.T.);
#3271=EDGE_CURVE('',#3908,#3622,#670,.T.);
#3272=EDGE_CURVE('',#3909,#3910,#159,.T.);
#3273=EDGE_CURVE('',#3910,#3911,#4183,.T.);
#3274=EDGE_CURVE('',#3911,#3912,#4184,.T.);
#3275=EDGE_CURVE('',#3912,#3913,#160,.F.);
#3276=EDGE_CURVE('',#3913,#3899,#4185,.T.);
#3277=EDGE_CURVE('',#3914,#3900,#4186,.T.);
#3278=EDGE_CURVE('',#3914,#3915,#161,.F.);
#3279=EDGE_CURVE('',#3915,#3916,#4187,.T.);
#3280=EDGE_CURVE('',#3916,#3909,#4188,.T.);
#3281=EDGE_CURVE('',#3908,#3917,#671,.T.);
#3282=EDGE_CURVE('',#3917,#3619,#672,.T.);
#3283=EDGE_CURVE('',#3857,#3918,#673,.T.);
#3284=EDGE_CURVE('',#3918,#3576,#674,.T.);
#3285=EDGE_CURVE('',#3575,#3848,#675,.F.);
#3286=EDGE_CURVE('',#3919,#3598,#4189,.T.);
#3287=EDGE_CURVE('',#3663,#3919,#676,.F.);
#3288=EDGE_CURVE('',#3662,#3599,#4190,.T.);
#3289=EDGE_CURVE('',#3920,#3919,#677,.T.);
#3290=EDGE_CURVE('',#3597,#3920,#678,.T.);
#3291=EDGE_CURVE('',#3581,#3921,#679,.F.);
#3292=EDGE_CURVE('',#3587,#3921,#4191,.T.);
#3293=EDGE_CURVE('',#3922,#3592,#680,.T.);
#3294=EDGE_CURVE('',#3922,#3923,#681,.T.);
#3295=EDGE_CURVE('',#3923,#3924,#4192,.T.);
#3296=EDGE_CURVE('',#3924,#3918,#682,.T.);
#3297=EDGE_CURVE('',#3925,#3872,#683,.T.);
#3298=EDGE_CURVE('',#3925,#3593,#162,.F.);
#3299=EDGE_CURVE('',#3926,#3925,#684,.T.);
#3300=EDGE_CURVE('',#3926,#3927,#4193,.T.);
#3301=EDGE_CURVE('',#3927,#3594,#4194,.T.);
#3302=EDGE_CURVE('',#3851,#3579,#685,.F.);
#3303=EDGE_CURVE('',#3862,#3928,#4195,.T.);
#3304=EDGE_CURVE('',#3851,#3928,#4196,.F.);
#3305=EDGE_CURVE('',#3929,#3861,#4197,.F.);
#3306=EDGE_CURVE('',#3928,#3929,#4198,.F.);
#3307=EDGE_CURVE('',#3654,#3930,#163,.T.);
#3308=EDGE_CURVE('',#3921,#3930,#4199,.T.);
#3309=EDGE_CURVE('',#3930,#3578,#686,.T.);
#3310=EDGE_CURVE('',#3930,#3931,#4200,.T.);
#3311=EDGE_CURVE('',#3932,#3931,#4201,.F.);
#3312=EDGE_CURVE('',#3932,#3861,#4202,.T.);
#3313=EDGE_CURVE('',#3578,#3929,#4203,.T.);
#3314=EDGE_CURVE('',#3920,#3933,#687,.T.);
#3315=EDGE_CURVE('',#3934,#3933,#688,.T.);
#3316=EDGE_CURVE('',#3934,#3935,#689,.F.);
#3317=EDGE_CURVE('',#3935,#3926,#690,.F.);
#3318=EDGE_CURVE('',#3936,#3931,#4204,.T.);
#3319=EDGE_CURVE('',#3936,#3937,#4205,.T.);
#3320=EDGE_CURVE('',#3660,#3937,#4206,.T.);
#3321=EDGE_CURVE('',#3659,#3652,#691,.T.);
#3322=EDGE_CURVE('',#3577,#3580,#4207,.T.);
#3323=EDGE_CURVE('',#3927,#3935,#4208,.T.);
#3324=EDGE_CURVE('',#3596,#3933,#692,.T.);
#3325=EDGE_CURVE('',#3938,#3939,#693,.T.);
#3326=EDGE_CURVE('',#3939,#3940,#4209,.T.);
#3327=EDGE_CURVE('',#3941,#3940,#694,.T.);
#3328=EDGE_CURVE('',#3941,#3942,#695,.T.);
#3329=EDGE_CURVE('',#3943,#3942,#4210,.T.);
#3330=EDGE_CURVE('',#3584,#3943,#4211,.T.);
#3331=EDGE_CURVE('',#3583,#3938,#696,.T.);
#3332=EDGE_CURVE('',#3944,#3616,#697,.T.);
#3333=EDGE_CURVE('',#3944,#3945,#698,.T.);
#3334=EDGE_CURVE('',#3617,#3945,#699,.F.);
#3335=EDGE_CURVE('',#3946,#3947,#164,.F.);
#3336=EDGE_CURVE('',#3947,#3948,#700,.T.);
#3337=EDGE_CURVE('',#3939,#3948,#4212,.T.);
#3338=EDGE_CURVE('',#3938,#3946,#701,.T.);
#3339=EDGE_CURVE('',#3949,#3620,#702,.T.);
#3340=EDGE_CURVE('',#3949,#3907,#703,.T.);
#3341=EDGE_CURVE('',#3917,#3949,#704,.T.);
#3342=EDGE_CURVE('',#3910,#3610,#705,.T.);
#3343=EDGE_CURVE('',#3909,#3611,#706,.T.);
#3344=EDGE_CURVE('',#3950,#3886,#707,.T.);
#3345=EDGE_CURVE('',#3951,#3950,#708,.T.);
#3346=EDGE_CURVE('',#3951,#3816,#709,.T.);
#3347=EDGE_CURVE('',#3951,#3952,#710,.T.);
#3348=EDGE_CURVE('',#3953,#3952,#711,.T.);
#3349=EDGE_CURVE('',#3816,#3953,#712,.F.);
#3350=EDGE_CURVE('',#3954,#3953,#713,.T.);
#3351=EDGE_CURVE('',#3878,#3954,#714,.T.);
#3352=EDGE_CURVE('',#3955,#3954,#715,.F.);
#3353=EDGE_CURVE('',#3877,#3955,#716,.T.);
#3354=EDGE_CURVE('',#3956,#3955,#717,.T.);
#3355=EDGE_CURVE('',#3819,#3956,#718,.F.);
#3356=EDGE_CURVE('',#3957,#3956,#719,.T.);
#3357=EDGE_CURVE('',#3820,#3957,#720,.F.);
#3358=EDGE_CURVE('',#3958,#3957,#721,.T.);
#3359=EDGE_CURVE('',#3876,#3958,#722,.T.);
#3360=EDGE_CURVE('',#3959,#3958,#723,.T.);
#3361=EDGE_CURVE('',#3875,#3959,#724,.F.);
#3362=EDGE_CURVE('',#3638,#3960,#4213,.T.);
#3363=EDGE_CURVE('',#3960,#3951,#725,.T.);
#3364=EDGE_CURVE('',#3950,#3885,#726,.F.);
#3365=EDGE_CURVE('',#3624,#3959,#727,.T.);
#3366=EDGE_CURVE('',#3952,#3657,#728,.T.);
#3367=EDGE_CURVE('',#3961,#3658,#729,.T.);
#3368=EDGE_CURVE('',#3961,#3962,#4214,.T.);
#3369=EDGE_CURVE('',#3962,#3623,#730,.F.);
#3370=EDGE_CURVE('',#3634,#3961,#4215,.T.);
#3371=EDGE_CURVE('',#3963,#3964,#4216,.T.);
#3372=EDGE_CURVE('',#3963,#3965,#4217,.T.);
#3373=EDGE_CURVE('',#3965,#3966,#4218,.T.);
#3374=EDGE_CURVE('',#3966,#3967,#4219,.T.);
#3375=EDGE_CURVE('',#3964,#3967,#4220,.T.);
#3376=EDGE_CURVE('',#3968,#3964,#4221,.T.);
#3377=EDGE_CURVE('',#3968,#3969,#4222,.T.);
#3378=EDGE_CURVE('',#3969,#3970,#4223,.T.);
#3379=EDGE_CURVE('',#3970,#3963,#4224,.T.);
#3380=EDGE_CURVE('',#3971,#3972,#4225,.F.);
#3381=EDGE_CURVE('',#3971,#3973,#4226,.T.);
#3382=EDGE_CURVE('',#3974,#3973,#4227,.T.);
#3383=EDGE_CURVE('',#3974,#3975,#4228,.T.);
#3384=EDGE_CURVE('',#3975,#3976,#4229,.T.);
#3385=EDGE_CURVE('',#3976,#3977,#4230,.T.);
#3386=EDGE_CURVE('',#3977,#3978,#4231,.T.);
#3387=EDGE_CURVE('',#3978,#3979,#4232,.F.);
#3388=EDGE_CURVE('',#3972,#3979,#4233,.T.);
#3389=EDGE_CURVE('',#3978,#3980,#4234,.T.);
#3390=EDGE_CURVE('',#3980,#3981,#4235,.F.);
#3391=EDGE_CURVE('',#3979,#3981,#731,.T.);
#3392=EDGE_CURVE('',#3982,#3983,#4236,.T.);
#3393=EDGE_CURVE('',#3983,#3968,#4237,.T.);
#3394=EDGE_CURVE('',#3967,#3984,#4238,.T.);
#3395=EDGE_CURVE('',#3985,#3984,#732,.T.);
#3396=EDGE_CURVE('',#3985,#3986,#4239,.T.);
#3397=EDGE_CURVE('',#3982,#3986,#733,.F.);
#3398=EDGE_CURVE('',#3987,#3988,#4240,.T.);
#3399=EDGE_CURVE('',#3988,#3989,#4241,.T.);
#3400=EDGE_CURVE('',#3990,#3989,#4242,.T.);
#3401=EDGE_CURVE('',#3981,#3990,#734,.F.);
#3402=EDGE_CURVE('',#3981,#3987,#4243,.T.);
#3403=EDGE_CURVE('',#3979,#3991,#735,.F.);
#3404=EDGE_CURVE('',#3991,#3990,#736,.T.);
#3405=EDGE_CURVE('',#3972,#3992,#737,.F.);
#3406=EDGE_CURVE('',#3992,#3991,#4244,.T.);
#3407=EDGE_CURVE('',#3993,#3992,#4245,.T.);
#3408=EDGE_CURVE('',#3993,#3994,#4246,.T.);
#3409=EDGE_CURVE('',#3994,#3972,#4247,.T.);
#3410=EDGE_CURVE('',#3995,#3996,#4248,.F.);
#3411=EDGE_CURVE('',#3996,#3973,#4249,.T.);
#3412=EDGE_CURVE('',#3994,#3995,#4250,.T.);
#3413=EDGE_CURVE('',#3997,#3998,#738,.F.);
#3414=EDGE_CURVE('',#3999,#3998,#739,.F.);
#3415=EDGE_CURVE('',#3999,#4000,#740,.F.);
#3416=EDGE_CURVE('',#3997,#4000,#741,.F.);
#3417=EDGE_CURVE('',#4001,#4000,#742,.T.);
#3418=EDGE_CURVE('',#3999,#4001,#743,.T.);
#3419=EDGE_CURVE('',#4002,#4003,#4251,.T.);
#3420=EDGE_CURVE('',#4002,#4004,#4252,.T.);
#3421=EDGE_CURVE('',#3986,#4004,#4253,.T.);
#3422=EDGE_CURVE('',#4003,#3985,#4254,.T.);
#3423=EDGE_CURVE('',#4004,#4005,#165,.F.);
#3424=EDGE_CURVE('',#4005,#4006,#4255,.T.);
#3425=EDGE_CURVE('',#4006,#4007,#4256,.T.);
#3426=EDGE_CURVE('',#4007,#4008,#4257,.T.);
#3427=EDGE_CURVE('',#4008,#3982,#4258,.T.);
#3428=EDGE_CURVE('',#3980,#4009,#4259,.T.);
#3429=EDGE_CURVE('',#4009,#3987,#4260,.T.);
#3430=EDGE_CURVE('',#4010,#4010,#166,.T.);
#3431=EDGE_CURVE('',#4011,#4012,#744,.T.);
#3432=EDGE_CURVE('',#4012,#4013,#167,.T.);
#3433=EDGE_CURVE('',#4013,#4014,#745,.T.);
#3434=EDGE_CURVE('',#4014,#4011,#168,.T.);
#3435=EDGE_CURVE('',#4012,#4015,#746,.T.);
#3436=EDGE_CURVE('',#4011,#4016,#747,.T.);
#3437=EDGE_CURVE('',#4015,#4016,#748,.T.);
#3438=EDGE_CURVE('',#3984,#4017,#4261,.T.);
#3439=EDGE_CURVE('',#4017,#4018,#4262,.T.);
#3440=EDGE_CURVE('',#4018,#4019,#749,.F.);
#3441=EDGE_CURVE('',#4019,#4020,#750,.T.);
#3442=EDGE_CURVE('',#4021,#4020,#4263,.T.);
#3443=EDGE_CURVE('',#4022,#4021,#751,.T.);
#3444=EDGE_CURVE('',#4023,#4022,#169,.T.);
#3445=EDGE_CURVE('',#4024,#4023,#170,.T.);
#3446=EDGE_CURVE('',#4025,#4024,#171,.T.);
#3447=EDGE_CURVE('',#4026,#4025,#752,.T.);
#3448=EDGE_CURVE('',#4003,#4026,#172,.F.);
#3449=EDGE_CURVE('',#4027,#4028,#4264,.T.);
#3450=EDGE_CURVE('',#4028,#4029,#4265,.T.);
#3451=EDGE_CURVE('',#4029,#4030,#4266,.T.);
#3452=EDGE_CURVE('',#4027,#4030,#4267,.T.);
#3453=EDGE_CURVE('',#3989,#4027,#4268,.T.);
#3454=EDGE_CURVE('',#4030,#4031,#4269,.T.);
#3455=EDGE_CURVE('',#3990,#4031,#4270,.F.);
#3456=EDGE_CURVE('',#3991,#4032,#4271,.T.);
#3457=EDGE_CURVE('',#4031,#4032,#753,.T.);
#3458=EDGE_CURVE('',#3992,#4033,#4272,.T.);
#3459=EDGE_CURVE('',#4032,#4033,#4273,.T.);
#3460=EDGE_CURVE('',#4033,#4034,#4274,.T.);
#3461=EDGE_CURVE('',#4034,#3993,#4275,.T.);
#3462=EDGE_CURVE('',#4035,#4036,#4276,.T.);
#3463=EDGE_CURVE('',#4036,#4037,#754,.T.);
#3464=EDGE_CURVE('',#4038,#4037,#755,.F.);
#3465=EDGE_CURVE('',#3997,#4038,#756,.T.);
#3466=EDGE_CURVE('',#4019,#4001,#757,.T.);
#3467=EDGE_CURVE('',#4018,#4039,#4277,.T.);
#3468=EDGE_CURVE('',#4039,#4040,#4278,.T.);
#3469=EDGE_CURVE('',#4040,#4035,#4279,.T.);
#3470=EDGE_CURVE('',#4041,#4038,#173,.T.);
#3471=EDGE_CURVE('',#4041,#3998,#758,.T.);
#3472=EDGE_CURVE('',#3614,#4020,#4280,.T.);
#3473=EDGE_CURVE('',#3615,#4041,#107,.F.);
#3474=EDGE_CURVE('',#4021,#3613,#4281,.T.);
#3475=EDGE_CURVE('',#3608,#4022,#4282,.T.);
#3476=EDGE_CURVE('',#3607,#4023,#4283,.T.);
#3477=EDGE_CURVE('',#3606,#4024,#4284,.T.);
#3478=EDGE_CURVE('',#4025,#4042,#108,.F.);
#3479=EDGE_CURVE('',#4043,#3605,#4285,.T.);
#3480=EDGE_CURVE('',#4042,#4043,#759,.T.);
#3481=EDGE_CURVE('',#3884,#4043,#760,.F.);
#3482=EDGE_CURVE('',#4042,#3883,#761,.T.);
#3483=EDGE_CURVE('',#3882,#4026,#109,.T.);
#3484=EDGE_CURVE('',#4044,#4045,#4286,.T.);
#3485=EDGE_CURVE('',#4045,#4002,#174,.T.);
#3486=EDGE_CURVE('',#3881,#4046,#4287,.T.);
#3487=EDGE_CURVE('',#4046,#4047,#175,.F.);
#3488=EDGE_CURVE('',#4047,#4048,#4288,.T.);
#3489=EDGE_CURVE('',#4048,#4049,#4289,.T.);
#3490=EDGE_CURVE('',#4049,#4044,#4290,.T.);
#3491=EDGE_CURVE('',#4013,#3902,#762,.T.);
#3492=EDGE_CURVE('',#3914,#4015,#176,.F.);
#3493=EDGE_CURVE('',#4014,#3901,#763,.T.);
#3494=EDGE_CURVE('',#4016,#3913,#177,.F.);
#3495=EDGE_CURVE('',#3915,#3912,#764,.T.);
#3496=EDGE_CURVE('',#3916,#3612,#765,.T.);
#3497=EDGE_CURVE('',#3609,#3911,#766,.T.);
#3498=EDGE_CURVE('',#4050,#4051,#4291,.T.);
#3499=EDGE_CURVE('',#4051,#3554,#4292,.T.);
#3500=EDGE_CURVE('',#3567,#4052,#1207,.T.);
#3501=EDGE_CURVE('',#4052,#4053,#4293,.T.);
#3502=EDGE_CURVE('',#4053,#4050,#4294,.T.);
#3503=EDGE_CURVE('',#3942,#3551,#4295,.T.);
#3504=EDGE_CURVE('',#3934,#3595,#4296,.T.);
#3505=EDGE_CURVE('',#4054,#3940,#4297,.T.);
#3506=EDGE_CURVE('',#4054,#4055,#767,.T.);
#3507=EDGE_CURVE('',#4055,#3941,#768,.T.);
#3508=EDGE_CURVE('',#3566,#3549,#178,.F.);
#3509=EDGE_CURVE('',#4055,#4056,#769,.T.);
#3510=EDGE_CURVE('',#4056,#4057,#179,.T.);
#3511=EDGE_CURVE('',#4057,#4034,#770,.T.);
#3512=EDGE_CURVE('',#4029,#4052,#180,.T.);
#3513=EDGE_CURVE('',#4037,#3944,#181,.F.);
#3514=EDGE_CURVE('',#3945,#4058,#182,.T.);
#3515=EDGE_CURVE('',#4058,#3618,#771,.T.);
#3516=EDGE_CURVE('',#3582,#3922,#772,.F.);
#3517=EDGE_CURVE('',#4058,#3946,#4298,.T.);
#3518=EDGE_CURVE('',#3948,#4054,#4299,.T.);
#3519=EDGE_CURVE('',#3577,#3924,#4300,.F.);
#3520=EDGE_CURVE('',#3580,#3923,#4301,.T.);
#3521=EDGE_CURVE('',#4017,#3996,#4302,.T.);
#3522=EDGE_CURVE('',#4039,#3995,#4303,.F.);
#3523=EDGE_CURVE('',#4040,#3994,#4304,.F.);
#3524=EDGE_CURVE('',#4035,#3993,#4305,.F.);
#3525=EDGE_CURVE('',#4036,#4034,#4306,.T.);
#3526=EDGE_CURVE('',#4037,#4057,#773,.T.);
#3527=EDGE_CURVE('',#3944,#4056,#774,.T.);
#3528=EDGE_CURVE('',#3945,#3947,#775,.T.);
#3529=EDGE_CURVE('',#3657,#3960,#4307,.F.);
#3530=EDGE_CURVE('',#4009,#4045,#4308,.T.);
#3531=EDGE_CURVE('',#3987,#4044,#4309,.F.);
#3532=EDGE_CURVE('',#3988,#4049,#4310,.F.);
#3533=EDGE_CURVE('',#4027,#4048,#4311,.F.);
#3534=EDGE_CURVE('',#4028,#4047,#4312,.T.);
#3535=EDGE_CURVE('',#4053,#4046,#4313,.F.);
#3536=EDGE_CURVE('',#4051,#3881,#4314,.F.);
#3537=EDGE_CURVE('',#3554,#3880,#4315,.T.);
#3538=EDGE_CURVE('',#3977,#3983,#4316,.T.);
#3539=EDGE_CURVE('',#3978,#4008,#4317,.F.);
#3540=EDGE_CURVE('',#3980,#4007,#4318,.F.);
#3541=EDGE_CURVE('',#4009,#4006,#4319,.F.);
#3542=EDGE_CURVE('',#4045,#4005,#4320,.T.);
#3543=EDGE_CURVE('',#3969,#3976,#4321,.F.);
#3544=EDGE_CURVE('',#3973,#3966,#4322,.T.);
#3545=EDGE_CURVE('',#3975,#3963,#4323,.F.);
#3546=EDGE_CURVE('',#4059,#4059,#183,.T.);
#3547=EDGE_CURVE('',#4060,#4060,#184,.T.);
#3548=VERTEX_POINT('',#6609);
#3549=VERTEX_POINT('',#6610);
#3550=VERTEX_POINT('',#6615);
#3551=VERTEX_POINT('',#6617);
#3552=VERTEX_POINT('',#6624);
#3553=VERTEX_POINT('',#6626);
#3554=VERTEX_POINT('',#6639);
#3555=VERTEX_POINT('',#6641);
#3556=VERTEX_POINT('',#6643);
#3557=VERTEX_POINT('',#6645);
#3558=VERTEX_POINT('',#6647);
#3559=VERTEX_POINT('',#6649);
#3560=VERTEX_POINT('',#6651);
#3561=VERTEX_POINT('',#6653);
#3562=VERTEX_POINT('',#6655);
#3563=VERTEX_POINT('',#6657);
#3564=VERTEX_POINT('',#6659);
#3565=VERTEX_POINT('',#6661);
#3566=VERTEX_POINT('',#6687);
#3567=VERTEX_POINT('',#6689);
#3568=VERTEX_POINT('',#6693);
#3569=VERTEX_POINT('',#6694);
#3570=VERTEX_POINT('',#6696);
#3571=VERTEX_POINT('',#6698);
#3572=VERTEX_POINT('',#6700);
#3573=VERTEX_POINT('',#6704);
#3574=VERTEX_POINT('',#6705);
#3575=VERTEX_POINT('',#6710);
#3576=VERTEX_POINT('',#6711);
#3577=VERTEX_POINT('',#6713);
#3578=VERTEX_POINT('',#6715);
#3579=VERTEX_POINT('',#6722);
#3580=VERTEX_POINT('',#6729);
#3581=VERTEX_POINT('',#6730);
#3582=VERTEX_POINT('',#6732);
#3583=VERTEX_POINT('',#6734);
#3584=VERTEX_POINT('',#6736);
#3585=VERTEX_POINT('',#6742);
#3586=VERTEX_POINT('',#6744);
#3587=VERTEX_POINT('',#6748);
#3588=VERTEX_POINT('',#6750);
#3589=VERTEX_POINT('',#6752);
#3590=VERTEX_POINT('',#6754);
#3591=VERTEX_POINT('',#6759);
#3592=VERTEX_POINT('',#6766);
#3593=VERTEX_POINT('',#6767);
#3594=VERTEX_POINT('',#6769);
#3595=VERTEX_POINT('',#6771);
#3596=VERTEX_POINT('',#6773);
#3597=VERTEX_POINT('',#6775);
#3598=VERTEX_POINT('',#6777);
#3599=VERTEX_POINT('',#6779);
#3600=VERTEX_POINT('',#6781);
#3601=VERTEX_POINT('',#6788);
#3602=VERTEX_POINT('',#6790);
#3603=VERTEX_POINT('',#6792);
#3604=VERTEX_POINT('',#6794);
#3605=VERTEX_POINT('',#6796);
#3606=VERTEX_POINT('',#6798);
#3607=VERTEX_POINT('',#6805);
#3608=VERTEX_POINT('',#6810);
#3609=VERTEX_POINT('',#6812);
#3610=VERTEX_POINT('',#6814);
#3611=VERTEX_POINT('',#6816);
#3612=VERTEX_POINT('',#6818);
#3613=VERTEX_POINT('',#6820);
#3614=VERTEX_POINT('',#6829);
#3615=VERTEX_POINT('',#6831);
#3616=VERTEX_POINT('',#6833);
#3617=VERTEX_POINT('',#6835);
#3618=VERTEX_POINT('',#6837);
#3619=VERTEX_POINT('',#6840);
#3620=VERTEX_POINT('',#6841);
#3621=VERTEX_POINT('',#6843);
#3622=VERTEX_POINT('',#6845);
#3623=VERTEX_POINT('',#6849);
#3624=VERTEX_POINT('',#6850);
#3625=VERTEX_POINT('',#6859);
#3626=VERTEX_POINT('',#6860);
#3627=VERTEX_POINT('',#6865);
#3628=VERTEX_POINT('',#6867);
#3629=VERTEX_POINT('',#6875);
#3630=VERTEX_POINT('',#6882);
#3631=VERTEX_POINT('',#6884);
#3632=VERTEX_POINT('',#7005);
#3633=VERTEX_POINT('',#7011);
#3634=VERTEX_POINT('',#7028);
#3635=VERTEX_POINT('',#7033);
#3636=VERTEX_POINT('',#7038);
#3637=VERTEX_POINT('',#7051);
#3638=VERTEX_POINT('',#7056);
#3639=VERTEX_POINT('',#7058);
#3640=VERTEX_POINT('',#7065);
#3641=VERTEX_POINT('',#7490);
#3642=VERTEX_POINT('',#7496);
#3643=VERTEX_POINT('',#7577);
#3644=VERTEX_POINT('',#7584);
#3645=VERTEX_POINT('',#7589);
#3646=VERTEX_POINT('',#7601);
#3647=VERTEX_POINT('',#7603);
#3648=VERTEX_POINT('',#7609);
#3649=VERTEX_POINT('',#7613);
#3650=VERTEX_POINT('',#7614);
#3651=VERTEX_POINT('',#7619);
#3652=VERTEX_POINT('',#7664);
#3653=VERTEX_POINT('',#7679);
#3654=VERTEX_POINT('',#7681);
#3655=VERTEX_POINT('',#7697);
#3656=VERTEX_POINT('',#7945);
#3657=VERTEX_POINT('',#7946);
#3658=VERTEX_POINT('',#7973);
#3659=VERTEX_POINT('',#7996);
#3660=VERTEX_POINT('',#8001);
#3661=VERTEX_POINT('',#8327);
#3662=VERTEX_POINT('',#8338);
#3663=VERTEX_POINT('',#8344);
#3664=VERTEX_POINT('',#8348);
#3665=VERTEX_POINT('',#8349);
#3666=VERTEX_POINT('',#8351);
#3667=VERTEX_POINT('',#8353);
#3668=VERTEX_POINT('',#8371);
#3669=VERTEX_POINT('',#8372);
#3670=VERTEX_POINT('',#8377);
#3671=VERTEX_POINT('',#8381);
#3672=VERTEX_POINT('',#8382);
#3673=VERTEX_POINT('',#8384);
#3674=VERTEX_POINT('',#8386);
#3675=VERTEX_POINT('',#8388);
#3676=VERTEX_POINT('',#8400);
#3677=VERTEX_POINT('',#8418);
#3678=VERTEX_POINT('',#8425);
#3679=VERTEX_POINT('',#8427);
#3680=VERTEX_POINT('',#8428);
#3681=VERTEX_POINT('',#8430);
#3682=VERTEX_POINT('',#8432);
#3683=VERTEX_POINT('',#8434);
#3684=VERTEX_POINT('',#8436);
#3685=VERTEX_POINT('',#8440);
#3686=VERTEX_POINT('',#8442);
#3687=VERTEX_POINT('',#8511);
#3688=VERTEX_POINT('',#8512);
#3689=VERTEX_POINT('',#8523);
#3690=VERTEX_POINT('',#8528);
#3691=VERTEX_POINT('',#8625);
#3692=VERTEX_POINT('',#8626);
#3693=VERTEX_POINT('',#8638);
#3694=VERTEX_POINT('',#8645);
#3695=VERTEX_POINT('',#8658);
#3696=VERTEX_POINT('',#8659);
#3697=VERTEX_POINT('',#8661);
#3698=VERTEX_POINT('',#8666);
#3699=VERTEX_POINT('',#8831);
#3700=VERTEX_POINT('',#8836);
#3701=VERTEX_POINT('',#8846);
#3702=VERTEX_POINT('',#8847);
#3703=VERTEX_POINT('',#8849);
#3704=VERTEX_POINT('',#8851);
#3705=VERTEX_POINT('',#8856);
#3706=VERTEX_POINT('',#8860);
#3707=VERTEX_POINT('',#8870);
#3708=VERTEX_POINT('',#8874);
#3709=VERTEX_POINT('',#8876);
#3710=VERTEX_POINT('',#8880);
#3711=VERTEX_POINT('',#8882);
#3712=VERTEX_POINT('',#8886);
#3713=VERTEX_POINT('',#8891);
#3714=VERTEX_POINT('',#8895);
#3715=VERTEX_POINT('',#8897);
#3716=VERTEX_POINT('',#9020);
#3717=VERTEX_POINT('',#9025);
#3718=VERTEX_POINT('',#9034);
#3719=VERTEX_POINT('',#9036);
#3720=VERTEX_POINT('',#9039);
#3721=VERTEX_POINT('',#9041);
#3722=VERTEX_POINT('',#9044);
#3723=VERTEX_POINT('',#9046);
#3724=VERTEX_POINT('',#9048);
#3725=VERTEX_POINT('',#9052);
#3726=VERTEX_POINT('',#9053);
#3727=VERTEX_POINT('',#9055);
#3728=VERTEX_POINT('',#9057);
#3729=VERTEX_POINT('',#9061);
#3730=VERTEX_POINT('',#9062);
#3731=VERTEX_POINT('',#9064);
#3732=VERTEX_POINT('',#9066);
#3733=VERTEX_POINT('',#9068);
#3734=VERTEX_POINT('',#9070);
#3735=VERTEX_POINT('',#9074);
#3736=VERTEX_POINT('',#9075);
#3737=VERTEX_POINT('',#9077);
#3738=VERTEX_POINT('',#9079);
#3739=VERTEX_POINT('',#9081);
#3740=VERTEX_POINT('',#9083);
#3741=VERTEX_POINT('',#9087);
#3742=VERTEX_POINT('',#9088);
#3743=VERTEX_POINT('',#9091);
#3744=VERTEX_POINT('',#9096);
#3745=VERTEX_POINT('',#9100);
#3746=VERTEX_POINT('',#9101);
#3747=VERTEX_POINT('',#9103);
#3748=VERTEX_POINT('',#9105);
#3749=VERTEX_POINT('',#9110);
#3750=VERTEX_POINT('',#9114);
#3751=VERTEX_POINT('',#9119);
#3752=VERTEX_POINT('',#9123);
#3753=VERTEX_POINT('',#9125);
#3754=VERTEX_POINT('',#9129);
#3755=VERTEX_POINT('',#9130);
#3756=VERTEX_POINT('',#9132);
#3757=VERTEX_POINT('',#9134);
#3758=VERTEX_POINT('',#9139);
#3759=VERTEX_POINT('',#9141);
#3760=VERTEX_POINT('',#9143);
#3761=VERTEX_POINT('',#9147);
#3762=VERTEX_POINT('',#9148);
#3763=VERTEX_POINT('',#9156);
#3764=VERTEX_POINT('',#9157);
#3765=VERTEX_POINT('',#9165);
#3766=VERTEX_POINT('',#9172);
#3767=VERTEX_POINT('',#9181);
#3768=VERTEX_POINT('',#9205);
#3769=VERTEX_POINT('',#9226);
#3770=VERTEX_POINT('',#9233);
#3771=VERTEX_POINT('',#9240);
#3772=VERTEX_POINT('',#9242);
#3773=VERTEX_POINT('',#9246);
#3774=VERTEX_POINT('',#9253);
#3775=VERTEX_POINT('',#9257);
#3776=VERTEX_POINT('',#9258);
#3777=VERTEX_POINT('',#9263);
#3778=VERTEX_POINT('',#9268);
#3779=VERTEX_POINT('',#9275);
#3780=VERTEX_POINT('',#9276);
#3781=VERTEX_POINT('',#9281);
#3782=VERTEX_POINT('',#9283);
#3783=VERTEX_POINT('',#9285);
#3784=VERTEX_POINT('',#9287);
#3785=VERTEX_POINT('',#9291);
#3786=VERTEX_POINT('',#9292);
#3787=VERTEX_POINT('',#9294);
#3788=VERTEX_POINT('',#9296);
#3789=VERTEX_POINT('',#9298);
#3790=VERTEX_POINT('',#9302);
#3791=VERTEX_POINT('',#9307);
#3792=VERTEX_POINT('',#9309);
#3793=VERTEX_POINT('',#9313);
#3794=VERTEX_POINT('',#9315);
#3795=VERTEX_POINT('',#9337);
#3796=VERTEX_POINT('',#9342);
#3797=VERTEX_POINT('',#9348);
#3798=VERTEX_POINT('',#9370);
#3799=VERTEX_POINT('',#9377);
#3800=VERTEX_POINT('',#9379);
#3801=VERTEX_POINT('',#9381);
#3802=VERTEX_POINT('',#9383);
#3803=VERTEX_POINT('',#9385);
#3804=VERTEX_POINT('',#9389);
#3805=VERTEX_POINT('',#9392);
#3806=VERTEX_POINT('',#9395);
#3807=VERTEX_POINT('',#9396);
#3808=VERTEX_POINT('',#9398);
#3809=VERTEX_POINT('',#9400);
#3810=VERTEX_POINT('',#9404);
#3811=VERTEX_POINT('',#9405);
#3812=VERTEX_POINT('',#9407);
#3813=VERTEX_POINT('',#9409);
#3814=VERTEX_POINT('',#9413);
#3815=VERTEX_POINT('',#9414);
#3816=VERTEX_POINT('',#9416);
#3817=VERTEX_POINT('',#9418);
#3818=VERTEX_POINT('',#9422);
#3819=VERTEX_POINT('',#9424);
#3820=VERTEX_POINT('',#9428);
#3821=VERTEX_POINT('',#9435);
#3822=VERTEX_POINT('',#9442);
#3823=VERTEX_POINT('',#9444);
#3824=VERTEX_POINT('',#9451);
#3825=VERTEX_POINT('',#9453);
#3826=VERTEX_POINT('',#9457);
#3827=VERTEX_POINT('',#9461);
#3828=VERTEX_POINT('',#9465);
#3829=VERTEX_POINT('',#9469);
#3830=VERTEX_POINT('',#9475);
#3831=VERTEX_POINT('',#9477);
#3832=VERTEX_POINT('',#9481);
#3833=VERTEX_POINT('',#9485);
#3834=VERTEX_POINT('',#9489);
#3835=VERTEX_POINT('',#9493);
#3836=VERTEX_POINT('',#9497);
#3837=VERTEX_POINT('',#9540);
#3838=VERTEX_POINT('',#9555);
#3839=VERTEX_POINT('',#9569);
#3840=VERTEX_POINT('',#9573);
#3841=VERTEX_POINT('',#9584);
#3842=VERTEX_POINT('',#9588);
#3843=VERTEX_POINT('',#9595);
#3844=VERTEX_POINT('',#9599);
#3845=VERTEX_POINT('',#9603);
#3846=VERTEX_POINT('',#9605);
#3847=VERTEX_POINT('',#9609);
#3848=VERTEX_POINT('',#9610);
#3849=VERTEX_POINT('',#9615);
#3850=VERTEX_POINT('',#9624);
#3851=VERTEX_POINT('',#9625);
#3852=VERTEX_POINT('',#9638);
#3853=VERTEX_POINT('',#9640);
#3854=VERTEX_POINT('',#9648);
#3855=VERTEX_POINT('',#9655);
#3856=VERTEX_POINT('',#9657);
#3857=VERTEX_POINT('',#9664);
#3858=VERTEX_POINT('',#9671);
#3859=VERTEX_POINT('',#9673);
#3860=VERTEX_POINT('',#9677);
#3861=VERTEX_POINT('',#9684);
#3862=VERTEX_POINT('',#9685);
#3863=VERTEX_POINT('',#9690);
#3864=VERTEX_POINT('',#9698);
#3865=VERTEX_POINT('',#9703);
#3866=VERTEX_POINT('',#9901);
#3867=VERTEX_POINT('',#9906);
#3868=VERTEX_POINT('',#9911);
#3869=VERTEX_POINT('',#9918);
#3870=VERTEX_POINT('',#10186);
#3871=VERTEX_POINT('',#10190);
#3872=VERTEX_POINT('',#10194);
#3873=VERTEX_POINT('',#10198);
#3874=VERTEX_POINT('',#10201);
#3875=VERTEX_POINT('',#10206);
#3876=VERTEX_POINT('',#10210);
#3877=VERTEX_POINT('',#10222);
#3878=VERTEX_POINT('',#10226);
#3879=VERTEX_POINT('',#10230);
#3880=VERTEX_POINT('',#10237);
#3881=VERTEX_POINT('',#10242);
#3882=VERTEX_POINT('',#10244);
#3883=VERTEX_POINT('',#10246);
#3884=VERTEX_POINT('',#10248);
#3885=VERTEX_POINT('',#10251);
#3886=VERTEX_POINT('',#10253);
#3887=VERTEX_POINT('',#10257);
#3888=VERTEX_POINT('',#10258);
#3889=VERTEX_POINT('',#10263);
#3890=VERTEX_POINT('',#10267);
#3891=VERTEX_POINT('',#10273);
#3892=VERTEX_POINT('',#10275);
#3893=VERTEX_POINT('',#10279);
#3894=VERTEX_POINT('',#10283);
#3895=VERTEX_POINT('',#10289);
#3896=VERTEX_POINT('',#10290);
#3897=VERTEX_POINT('',#10292);
#3898=VERTEX_POINT('',#10294);
#3899=VERTEX_POINT('',#10298);
#3900=VERTEX_POINT('',#10299);
#3901=VERTEX_POINT('',#10301);
#3902=VERTEX_POINT('',#10303);
#3903=VERTEX_POINT('',#10307);
#3904=VERTEX_POINT('',#10309);
#3905=VERTEX_POINT('',#10313);
#3906=VERTEX_POINT('',#10317);
#3907=VERTEX_POINT('',#10323);
#3908=VERTEX_POINT('',#10325);
#3909=VERTEX_POINT('',#10329);
#3910=VERTEX_POINT('',#10330);
#3911=VERTEX_POINT('',#10335);
#3912=VERTEX_POINT('',#10340);
#3913=VERTEX_POINT('',#10342);
#3914=VERTEX_POINT('',#10351);
#3915=VERTEX_POINT('',#10353);
#3916=VERTEX_POINT('',#10358);
#3917=VERTEX_POINT('',#10365);
#3918=VERTEX_POINT('',#10369);
#3919=VERTEX_POINT('',#10391);
#3920=VERTEX_POINT('',#10399);
#3921=VERTEX_POINT('',#10403);
#3922=VERTEX_POINT('',#10411);
#3923=VERTEX_POINT('',#10413);
#3924=VERTEX_POINT('',#10418);
#3925=VERTEX_POINT('',#10421);
#3926=VERTEX_POINT('',#10425);
#3927=VERTEX_POINT('',#10430);
#3928=VERTEX_POINT('',#10461);
#3929=VERTEX_POINT('',#10488);
#3930=VERTEX_POINT('',#10509);
#3931=VERTEX_POINT('',#10541);
#3932=VERTEX_POINT('',#10546);
#3933=VERTEX_POINT('',#10557);
#3934=VERTEX_POINT('',#10559);
#3935=VERTEX_POINT('',#10561);
#3936=VERTEX_POINT('',#10567);
#3937=VERTEX_POINT('',#10572);
#3938=VERTEX_POINT('',#10793);
#3939=VERTEX_POINT('',#10794);
#3940=VERTEX_POINT('',#10799);
#3941=VERTEX_POINT('',#10801);
#3942=VERTEX_POINT('',#10803);
#3943=VERTEX_POINT('',#10808);
#3944=VERTEX_POINT('',#10816);
#3945=VERTEX_POINT('',#10818);
#3946=VERTEX_POINT('',#10822);
#3947=VERTEX_POINT('',#10823);
#3948=VERTEX_POINT('',#10825);
#3949=VERTEX_POINT('',#10833);
#3950=VERTEX_POINT('',#10843);
#3951=VERTEX_POINT('',#10845);
#3952=VERTEX_POINT('',#10849);
#3953=VERTEX_POINT('',#10851);
#3954=VERTEX_POINT('',#10855);
#3955=VERTEX_POINT('',#10859);
#3956=VERTEX_POINT('',#10863);
#3957=VERTEX_POINT('',#10867);
#3958=VERTEX_POINT('',#10871);
#3959=VERTEX_POINT('',#10875);
#3960=VERTEX_POINT('',#10886);
#3961=VERTEX_POINT('',#10894);
#3962=VERTEX_POINT('',#10899);
#3963=VERTEX_POINT('',#11022);
#3964=VERTEX_POINT('',#11023);
#3965=VERTEX_POINT('',#11028);
#3966=VERTEX_POINT('',#11033);
#3967=VERTEX_POINT('',#11045);
#3968=VERTEX_POINT('',#11094);
#3969=VERTEX_POINT('',#11099);
#3970=VERTEX_POINT('',#11104);
#3971=VERTEX_POINT('',#11189);
#3972=VERTEX_POINT('',#11190);
#3973=VERTEX_POINT('',#11195);
#3974=VERTEX_POINT('',#11200);
#3975=VERTEX_POINT('',#11205);
#3976=VERTEX_POINT('',#11210);
#3977=VERTEX_POINT('',#11215);
#3978=VERTEX_POINT('',#11220);
#3979=VERTEX_POINT('',#11231);
#3980=VERTEX_POINT('',#11260);
#3981=VERTEX_POINT('',#11271);
#3982=VERTEX_POINT('',#11298);
#3983=VERTEX_POINT('',#11299);
#3984=VERTEX_POINT('',#11308);
#3985=VERTEX_POINT('',#11310);
#3986=VERTEX_POINT('',#11316);
#3987=VERTEX_POINT('',#11342);
#3988=VERTEX_POINT('',#11343);
#3989=VERTEX_POINT('',#11348);
#3990=VERTEX_POINT('',#11354);
#3991=VERTEX_POINT('',#11370);
#3992=VERTEX_POINT('',#11381);
#3993=VERTEX_POINT('',#11439);
#3994=VERTEX_POINT('',#11444);
#3995=VERTEX_POINT('',#11643);
#3996=VERTEX_POINT('',#11644);
#3997=VERTEX_POINT('',#11667);
#3998=VERTEX_POINT('',#11668);
#3999=VERTEX_POINT('',#11670);
#4000=VERTEX_POINT('',#11672);
#4001=VERTEX_POINT('',#11676);
#4002=VERTEX_POINT('',#11782);
#4003=VERTEX_POINT('',#11783);
#4004=VERTEX_POINT('',#11788);
#4005=VERTEX_POINT('',#11802);
#4006=VERTEX_POINT('',#11807);
#4007=VERTEX_POINT('',#11815);
#4008=VERTEX_POINT('',#11820);
#4009=VERTEX_POINT('',#11959);
#4010=VERTEX_POINT('',#11975);
#4011=VERTEX_POINT('',#11977);
#4012=VERTEX_POINT('',#11978);
#4013=VERTEX_POINT('',#11980);
#4014=VERTEX_POINT('',#11982);
#4015=VERTEX_POINT('',#11986);
#4016=VERTEX_POINT('',#11988);
#4017=VERTEX_POINT('',#12025);
#4018=VERTEX_POINT('',#12030);
#4019=VERTEX_POINT('',#12032);
#4020=VERTEX_POINT('',#12034);
#4021=VERTEX_POINT('',#12042);
#4022=VERTEX_POINT('',#12044);
#4023=VERTEX_POINT('',#12046);
#4024=VERTEX_POINT('',#12048);
#4025=VERTEX_POINT('',#12050);
#4026=VERTEX_POINT('',#12052);
#4027=VERTEX_POINT('',#12074);
#4028=VERTEX_POINT('',#12075);
#4029=VERTEX_POINT('',#12080);
#4030=VERTEX_POINT('',#12085);
#4031=VERTEX_POINT('',#12117);
#4032=VERTEX_POINT('',#12127);
#4033=VERTEX_POINT('',#12179);
#4034=VERTEX_POINT('',#12302);
#4035=VERTEX_POINT('',#12312);
#4036=VERTEX_POINT('',#12313);
#4037=VERTEX_POINT('',#12315);
#4038=VERTEX_POINT('',#12317);
#4039=VERTEX_POINT('',#12324);
#4040=VERTEX_POINT('',#12329);
#4041=VERTEX_POINT('',#12336);
#4042=VERTEX_POINT('',#12517);
#4043=VERTEX_POINT('',#12523);
#4044=VERTEX_POINT('',#12544);
#4045=VERTEX_POINT('',#12545);
#4046=VERTEX_POINT('',#12551);
#4047=VERTEX_POINT('',#12553);
#4048=VERTEX_POINT('',#12558);
#4049=VERTEX_POINT('',#12563);
#4050=VERTEX_POINT('',#12615);
#4051=VERTEX_POINT('',#12616);
#4052=VERTEX_POINT('',#12633);
#4053=VERTEX_POINT('',#12638);
#4054=VERTEX_POINT('',#12761);
#4055=VERTEX_POINT('',#12763);
#4056=VERTEX_POINT('',#12768);
#4057=VERTEX_POINT('',#12770);
#4058=VERTEX_POINT('',#12777);
#4059=VERTEX_POINT('',#13211);
#4060=VERTEX_POINT('',#13214);
#4061=B_SPLINE_CURVE_WITH_KNOTS('',3,(#6604,#6605,#6606,#6607,#6608),
 .UNSPECIFIED.,.F.,.F.,(4,1,4),(0.,0.0024424889871515,0.00488497797430299),
 .UNSPECIFIED.);
#4062=B_SPLINE_CURVE_WITH_KNOTS('',3,(#6618,#6619,#6620,#6621),
 .UNSPECIFIED.,.F.,.F.,(4,4),(0.,1.),.PIECEWISE_BEZIER_KNOTS.);
#4063=B_SPLINE_CURVE_WITH_KNOTS('',3,(#6662,#6663,#6664,#6665,#6666,#6667,
#6668,#6669,#6670,#6671,#6672,#6673,#6674,#6675,#6676,#6677,#6678,#6679,
#6680,#6681,#6682,#6683,#6684),.UNSPECIFIED.,.F.,.F.,(4,1,1,1,1,1,1,1,1,
1,1,1,1,1,1,1,1,1,1,1,4),(0.,0.125,0.25,0.375,0.4375,0.5,0.5625,0.625,0.65625,
0.671875,0.6875,0.703125,0.71875,0.734375,0.75,0.765625,0.78125,0.8125,
0.875,0.9375,1.),.UNSPECIFIED.);
#4064=B_SPLINE_CURVE_WITH_KNOTS('',3,(#6716,#6717,#6718,#6719,#6720,#6721),
 .UNSPECIFIED.,.F.,.F.,(4,2,4),(0.,0.5,1.),.UNSPECIFIED.);
#4065=B_SPLINE_CURVE_WITH_KNOTS('',3,(#6725,#6726,#6727,#6728),
 .UNSPECIFIED.,.F.,.F.,(4,4),(0.0134116180056939,0.0177348485830129),
 .UNSPECIFIED.);
#4066=B_SPLINE_CURVE_WITH_KNOTS('',3,(#6737,#6738,#6739,#6740),
 .UNSPECIFIED.,.F.,.F.,(4,4),(0.,0.00646535085567966),.UNSPECIFIED.);
#4067=B_SPLINE_CURVE_WITH_KNOTS('',3,(#6755,#6756,#6757,#6758),
 .UNSPECIFIED.,.F.,.F.,(4,4),(6.93889390390723E-18,0.00087758782151744),
 .UNSPECIFIED.);
#4068=B_SPLINE_CURVE_WITH_KNOTS('',3,(#6760,#6761,#6762,#6763),
 .UNSPECIFIED.,.F.,.F.,(4,4),(0.,0.00246806533442811),.UNSPECIFIED.);
#4069=B_SPLINE_CURVE_WITH_KNOTS('',3,(#6782,#6783,#6784,#6785,#6786,#6787),
 .UNSPECIFIED.,.F.,.F.,(4,1,1,4),(-0.000250023409899837,0.00281399263068238,
0.00587800867126459,0.012006040752429),.UNSPECIFIED.);
#4070=B_SPLINE_CURVE_WITH_KNOTS('',3,(#6799,#6800,#6801,#6802,#6803,#6804),
 .UNSPECIFIED.,.F.,.F.,(4,1,1,4),(0.,0.00388931903892156,0.00777863807784313,
0.0155572761556863),.UNSPECIFIED.);
#4071=B_SPLINE_CURVE_WITH_KNOTS('',3,(#6806,#6807,#6808,#6809),
 .UNSPECIFIED.,.F.,.F.,(4,4),(0.,0.0101151922875039),.UNSPECIFIED.);
#4072=B_SPLINE_CURVE_WITH_KNOTS('',3,(#6821,#6822,#6823,#6824,#6825,#6826,
#6827,#6828),.UNSPECIFIED.,.F.,.F.,(4,1,1,1,1,4),(0.,0.00393177838412815,
0.00786355676825631,0.00982944596032038,0.0117953351523845,0.0157271135365126),
 .UNSPECIFIED.);
#4073=B_SPLINE_CURVE_WITH_KNOTS('',3,(#6854,#6855,#6856,#6857,#6858),
 .UNSPECIFIED.,.F.,.F.,(4,1,4),(0.,0.00355562178347918,0.00711124356695836),
 .UNSPECIFIED.);
#4074=B_SPLINE_CURVE_WITH_KNOTS('',3,(#6861,#6862,#6863,#6864),
 .UNSPECIFIED.,.F.,.F.,(4,4),(0.00895712910896608,0.0101525489037029),
 .UNSPECIFIED.);
#4075=B_SPLINE_CURVE_WITH_KNOTS('',3,(#6868,#6869,#6870,#6871,#6872,#6873,
#6874),.UNSPECIFIED.,.F.,.F.,(4,1,1,1,4),(0.0101766952884738,0.0122599366971723,
0.0143431781058708,0.0164264195145694,0.0185096609232679),.UNSPECIFIED.);
#4076=B_SPLINE_CURVE_WITH_KNOTS('',3,(#6878,#6879,#6880,#6881),
 .UNSPECIFIED.,.F.,.F.,(4,4),(0.,0.00367963030322835),.UNSPECIFIED.);
#4077=B_SPLINE_CURVE_WITH_KNOTS('',3,(#6885,#6886,#6887,#6888),
 .UNSPECIFIED.,.F.,.F.,(4,4),(0.,0.00341021338195654),.UNSPECIFIED.);
#4078=B_SPLINE_CURVE_WITH_KNOTS('',3,(#6999,#7000,#7001,#7002,#7003,#7004),
 .UNSPECIFIED.,.F.,.F.,(4,1,1,4),(0.000289628194195214,0.00417461543940723,
0.00611710906201324,0.00805960268461925),.UNSPECIFIED.);
#4079=B_SPLINE_CURVE_WITH_KNOTS('',3,(#7006,#7007,#7008,#7009,#7010),
 .UNSPECIFIED.,.F.,.F.,(4,1,4),(-0.00733343054804874,-0.0047050347292594,
-0.00207663891047006),.UNSPECIFIED.);
#4080=B_SPLINE_CURVE_WITH_KNOTS('',3,(#7012,#7013,#7014,#7015),
 .UNSPECIFIED.,.F.,.F.,(4,4),(0.,1.),.UNSPECIFIED.);
#4081=B_SPLINE_CURVE_WITH_KNOTS('',3,(#7024,#7025,#7026,#7027),
 .UNSPECIFIED.,.F.,.F.,(4,4),(0.,1.),.UNSPECIFIED.);
#4082=B_SPLINE_CURVE_WITH_KNOTS('',3,(#7029,#7030,#7031,#7032),
 .UNSPECIFIED.,.F.,.F.,(4,4),(0.,1.),.UNSPECIFIED.);
#4083=B_SPLINE_CURVE_WITH_KNOTS('',3,(#7034,#7035,#7036,#7037),
 .UNSPECIFIED.,.F.,.F.,(4,4),(0.,1.),.UNSPECIFIED.);
#4084=B_SPLINE_CURVE_WITH_KNOTS('',3,(#7039,#7040,#7041,#7042),
 .UNSPECIFIED.,.F.,.F.,(4,4),(1.76810760151903E-5,1.),.UNSPECIFIED.);
#4085=B_SPLINE_CURVE_WITH_KNOTS('',3,(#7044,#7045,#7046,#7047,#7048,#7049,
#7050),.UNSPECIFIED.,.F.,.F.,(4,1,1,1,4),(0.,0.25,0.5,0.75,1.),
 .UNSPECIFIED.);
#4086=B_SPLINE_CURVE_WITH_KNOTS('',3,(#7052,#7053,#7054,#7055),
 .UNSPECIFIED.,.F.,.F.,(4,4),(0.,1.),.UNSPECIFIED.);
#4087=B_SPLINE_CURVE_WITH_KNOTS('',3,(#7059,#7060,#7061,#7062,#7063,#7064),
 .UNSPECIFIED.,.F.,.F.,(4,1,1,4),(0.,0.00262501680183025,0.00525003360366049,
0.010500067207321),.UNSPECIFIED.);
#4088=B_SPLINE_CURVE_WITH_KNOTS('',3,(#7483,#7484,#7485,#7486,#7487,#7488,
#7489),.UNSPECIFIED.,.F.,.F.,(4,1,1,1,4),(0.,0.00115063510649811,0.00230127021299623,
0.00460254042599245,0.0092050808519849),.UNSPECIFIED.);
#4089=B_SPLINE_CURVE_WITH_KNOTS('',3,(#7491,#7492,#7493,#7494,#7495),
 .UNSPECIFIED.,.F.,.F.,(4,1,4),(2.17703192575854E-18,0.00443494302767684,
0.00886988605535368),.UNSPECIFIED.);
#4090=B_SPLINE_CURVE_WITH_KNOTS('',3,(#7578,#7579,#7580,#7581),
 .UNSPECIFIED.,.F.,.F.,(4,4),(0.,9.12409380007904E-5),.UNSPECIFIED.);
#4091=B_SPLINE_CURVE_WITH_KNOTS('',3,(#7585,#7586,#7587,#7588),
 .UNSPECIFIED.,.F.,.F.,(4,4),(0.00142018520454371,0.00142554672159304),
 .UNSPECIFIED.);
#4092=B_SPLINE_CURVE_WITH_KNOTS('',3,(#7597,#7598,#7599,#7600),
 .UNSPECIFIED.,.F.,.F.,(4,4),(1.80283402908025E-5,0.00258375517944533),
 .UNSPECIFIED.);
#4093=B_SPLINE_CURVE_WITH_KNOTS('',2,(#7604,#7605,#7606),.UNSPECIFIED.,
 .F.,.F.,(3,3),(0.,1.),.UNSPECIFIED.);
#4094=B_SPLINE_CURVE_WITH_KNOTS('',3,(#7615,#7616,#7617,#7618),
 .UNSPECIFIED.,.F.,.F.,(4,4),(-1.61457066703655,1.),.UNSPECIFIED.);
#4095=B_SPLINE_CURVE_WITH_KNOTS('',3,(#7620,#7621,#7622,#7623),
 .UNSPECIFIED.,.F.,.F.,(4,4),(2.6663439076333E-17,0.00322490274035974),
 .UNSPECIFIED.);
#4096=B_SPLINE_CURVE_WITH_KNOTS('',3,(#7624,#7625,#7626,#7627),
 .UNSPECIFIED.,.F.,.F.,(4,4),(0.,0.00151754609862309),.UNSPECIFIED.);
#4097=B_SPLINE_CURVE_WITH_KNOTS('',3,(#7660,#7661,#7662,#7663),
 .UNSPECIFIED.,.F.,.F.,(4,4),(0.00417852901993637,0.00967985656818316),
 .UNSPECIFIED.);
#4098=B_SPLINE_CURVE_WITH_KNOTS('',3,(#7665,#7666,#7667,#7668),
 .UNSPECIFIED.,.F.,.F.,(4,4),(0.0053923983718553,0.00845899006958002),
 .UNSPECIFIED.);
#4099=B_SPLINE_CURVE_WITH_KNOTS('',3,(#7675,#7676,#7677,#7678),
 .UNSPECIFIED.,.F.,.F.,(4,4),(0.000503826249230363,0.00335357073394509),
 .UNSPECIFIED.);
#4100=B_SPLINE_CURVE_WITH_KNOTS('',2,(#7682,#7683,#7684),.UNSPECIFIED.,
 .F.,.F.,(3,3),(0.,1.),.UNSPECIFIED.);
#4101=B_SPLINE_CURVE_WITH_KNOTS('',3,(#7693,#7694,#7695,#7696),
 .UNSPECIFIED.,.F.,.F.,(4,4),(0.,1.),.UNSPECIFIED.);
#4102=B_SPLINE_CURVE_WITH_KNOTS('',3,(#7698,#7699,#7700,#7701),
 .UNSPECIFIED.,.F.,.F.,(4,4),(0.,1.),.UNSPECIFIED.);
#4103=B_SPLINE_CURVE_WITH_KNOTS('',3,(#7940,#7941,#7942,#7943,#7944),
 .UNSPECIFIED.,.F.,.F.,(4,1,4),(0.,0.00543940621347246,0.0108788124269449),
 .UNSPECIFIED.);
#4104=B_SPLINE_CURVE_WITH_KNOTS('',3,(#7947,#7948,#7949,#7950,#7951,#7952,
#7953,#7954,#7955,#7956,#7957,#7958,#7959,#7960,#7961,#7962,#7963,#7964,
#7965),.UNSPECIFIED.,.F.,.F.,(4,1,1,1,1,1,1,1,1,1,1,1,1,1,1,1,4),(0.,0.125,
0.25,0.3125,0.375,0.4375,0.46875,0.484375,0.5,0.515625,0.53125,0.5625,0.625,
0.6875,0.75,0.875,1.),.UNSPECIFIED.);
#4105=B_SPLINE_CURVE_WITH_KNOTS('',3,(#7966,#7967,#7968,#7969,#7970,#7971,
#7972),.UNSPECIFIED.,.F.,.F.,(4,1,1,1,4),(0.0220980617551161,0.0273741475751619,
0.0326502333952077,0.0379263192152536,0.0432024050352994),.UNSPECIFIED.);
#4106=B_SPLINE_CURVE_WITH_KNOTS('',3,(#7974,#7975,#7976,#7977),
 .UNSPECIFIED.,.F.,.F.,(4,4),(0.585803399487528,1.),.UNSPECIFIED.);
#4107=B_SPLINE_CURVE_WITH_KNOTS('',3,(#7992,#7993,#7994,#7995),
 .UNSPECIFIED.,.F.,.F.,(4,4),(0.,0.00614171189998827),.UNSPECIFIED.);
#4108=B_SPLINE_CURVE_WITH_KNOTS('',3,(#7997,#7998,#7999,#8000),
 .UNSPECIFIED.,.F.,.F.,(4,4),(0.,0.0976740798787721),.UNSPECIFIED.);
#4109=B_SPLINE_CURVE_WITH_KNOTS('',3,(#8323,#8324,#8325,#8326),
 .UNSPECIFIED.,.F.,.F.,(4,4),(0.,0.00248536805690931),.UNSPECIFIED.);
#4110=B_SPLINE_CURVE_WITH_KNOTS('',3,(#8328,#8329,#8330,#8331),
 .UNSPECIFIED.,.F.,.F.,(4,4),(0.,0.00250391292933425),.UNSPECIFIED.);
#4111=B_SPLINE_CURVE_WITH_KNOTS('',3,(#8332,#8333,#8334,#8335),
 .UNSPECIFIED.,.F.,.F.,(4,4),(0.,0.00479356048367663),.UNSPECIFIED.);
#4112=B_SPLINE_CURVE_WITH_KNOTS('',3,(#8339,#8340,#8341,#8342,#8343),
 .UNSPECIFIED.,.F.,.F.,(4,1,4),(0.,0.00226112379700818,0.00452224759401635),
 .UNSPECIFIED.);
#4113=B_SPLINE_CURVE_WITH_KNOTS('',3,(#8367,#8368,#8369,#8370),
 .UNSPECIFIED.,.F.,.F.,(4,4),(0.000877304334086791,0.00154021981046022),
 .UNSPECIFIED.);
#4114=B_SPLINE_CURVE_WITH_KNOTS('',3,(#8373,#8374,#8375,#8376),
 .UNSPECIFIED.,.F.,.F.,(4,4),(0.,0.000391112875258162),.UNSPECIFIED.);
#4115=B_SPLINE_CURVE_WITH_KNOTS('',3,(#8389,#8390,#8391,#8392,#8393,#8394,
#8395),.UNSPECIFIED.,.F.,.F.,(4,1,1,1,4),(0.000781187986354651,0.00199211719709967,
0.00320304640784469,0.00441397561858971,0.00562490482933474),
 .UNSPECIFIED.);
#4116=B_SPLINE_CURVE_WITH_KNOTS('',3,(#8396,#8397,#8398,#8399),
 .UNSPECIFIED.,.F.,.F.,(4,4),(0.0079003342006321,0.00821838545833948),
 .UNSPECIFIED.);
#4117=B_SPLINE_CURVE_WITH_KNOTS('',3,(#8401,#8402,#8403,#8404),
 .UNSPECIFIED.,.F.,.F.,(4,4),(0.,0.000557609121355279),.UNSPECIFIED.);
#4118=B_SPLINE_CURVE_WITH_KNOTS('',3,(#8419,#8420,#8421,#8422),
 .UNSPECIFIED.,.F.,.F.,(4,4),(0.,0.000300826790510037),.UNSPECIFIED.);
#4119=B_SPLINE_CURVE_WITH_KNOTS('',3,(#8507,#8508,#8509,#8510),
 .UNSPECIFIED.,.F.,.F.,(4,4),(0.,0.0053471401171203),.UNSPECIFIED.);
#4120=B_SPLINE_CURVE_WITH_KNOTS('',3,(#8513,#8514,#8515,#8516,#8517,#8518,
#8519,#8520,#8521,#8522),.UNSPECIFIED.,.F.,.F.,(4,1,1,1,1,1,1,4),(0.,0.00322578714629751,
0.00645157429259502,0.00967736143889254,0.01290314858519,0.0193547228777851,
0.0225805100240826,0.0258062971703801),.UNSPECIFIED.);
#4121=B_SPLINE_CURVE_WITH_KNOTS('',3,(#8524,#8525,#8526,#8527),
 .UNSPECIFIED.,.F.,.F.,(4,4),(0.,0.00509051249719735),.UNSPECIFIED.);
#4122=B_SPLINE_CURVE_WITH_KNOTS('',3,(#8529,#8530,#8531,#8532,#8533,#8534,
#8535,#8536),.UNSPECIFIED.,.F.,.F.,(4,1,1,1,1,4),(0.,0.00281092765648106,
0.00562185531296211,0.0112437106259242,0.0168655659388863,0.0224874212518484),
 .UNSPECIFIED.);
#4123=B_SPLINE_CURVE_WITH_KNOTS('',3,(#8621,#8622,#8623,#8624),
 .UNSPECIFIED.,.F.,.F.,(4,4),(0.0164689722573268,0.0208762386649123),
 .UNSPECIFIED.);
#4124=B_SPLINE_CURVE_WITH_KNOTS('',3,(#8627,#8628,#8629,#8630,#8631),
 .UNSPECIFIED.,.F.,.F.,(4,1,4),(0.0187669473727618,0.020828327652341,0.0228897079319201),
 .UNSPECIFIED.);
#4125=B_SPLINE_CURVE_WITH_KNOTS('',3,(#8632,#8633,#8634,#8635,#8636,#8637),
 .UNSPECIFIED.,.F.,.F.,(4,1,1,4),(0.000124121855846929,0.00146026388533609,
0.00279640591482525,0.00546868997380358),.UNSPECIFIED.);
#4126=B_SPLINE_CURVE_WITH_KNOTS('',3,(#8639,#8640,#8641,#8642),
 .UNSPECIFIED.,.F.,.F.,(4,4),(1.14440674520485E-15,0.000734490531032451),
 .UNSPECIFIED.);
#4127=B_SPLINE_CURVE_WITH_KNOTS('',3,(#8654,#8655,#8656,#8657),
 .UNSPECIFIED.,.F.,.F.,(4,4),(-6.06607567163642E-5,0.00503612934973606),
 .UNSPECIFIED.);
#4128=B_SPLINE_CURVE_WITH_KNOTS('',3,(#8662,#8663,#8664,#8665),
 .UNSPECIFIED.,.F.,.F.,(4,4),(0.000176317807381762,0.00527933043215987),
 .UNSPECIFIED.);
#4129=B_SPLINE_CURVE_WITH_KNOTS('',3,(#8824,#8825,#8826,#8827,#8828,#8829,
#8830),.UNSPECIFIED.,.F.,.F.,(4,1,1,1,4),(0.,0.00295900648588803,0.00591801297177605,
0.00887701945766408,0.0118360259435521),.UNSPECIFIED.);
#4130=B_SPLINE_CURVE_WITH_KNOTS('',3,(#8832,#8833,#8834,#8835),
 .UNSPECIFIED.,.F.,.F.,(4,4),(0.,0.00508649230000997),.UNSPECIFIED.);
#4131=B_SPLINE_CURVE_WITH_KNOTS('',3,(#8837,#8838,#8839,#8840,#8841,#8842,
#8843),.UNSPECIFIED.,.F.,.F.,(4,1,1,1,4),(0.,0.00287186009667724,0.00574372019335449,
0.00861558029003173,0.011487440386709),.UNSPECIFIED.);
#4132=B_SPLINE_CURVE_WITH_KNOTS('',3,(#8852,#8853,#8854,#8855),
 .UNSPECIFIED.,.F.,.F.,(4,4),(0.,0.00186028237031892),.UNSPECIFIED.);
#4133=B_SPLINE_CURVE_WITH_KNOTS('',3,(#8862,#8863,#8864,#8865,#8866,#8867),
 .UNSPECIFIED.,.F.,.F.,(4,1,1,4),(0.,0.00106957251998277,0.00213914503996554,
0.00427829007993108),.UNSPECIFIED.);
#4134=B_SPLINE_CURVE_WITH_KNOTS('',3,(#9014,#9015,#9016,#9017,#9018,#9019),
 .UNSPECIFIED.,.F.,.F.,(4,1,1,4),(0.,0.0025460057873915,0.00509201157478301,
0.010184023149566),.UNSPECIFIED.);
#4135=B_SPLINE_CURVE_WITH_KNOTS('',3,(#9021,#9022,#9023,#9024),
 .UNSPECIFIED.,.F.,.F.,(4,4),(0.,0.00510366858694915),.UNSPECIFIED.);
#4136=B_SPLINE_CURVE_WITH_KNOTS('',3,(#9026,#9027,#9028,#9029,#9030,#9031),
 .UNSPECIFIED.,.F.,.F.,(4,1,1,4),(0.,0.00241228361653574,0.00482456723307148,
0.00964913446614295),.UNSPECIFIED.);
#4137=B_SPLINE_CURVE_WITH_KNOTS('',3,(#9106,#9107,#9108,#9109),
 .UNSPECIFIED.,.F.,.F.,(4,4),(0.0402658640333082,0.0444323011759876),
 .UNSPECIFIED.);
#4138=B_SPLINE_CURVE_WITH_KNOTS('',3,(#9152,#9153,#9154,#9155),
 .UNSPECIFIED.,.F.,.F.,(4,4),(2.29988529989292E-7,0.00258235418548056),
 .UNSPECIFIED.);
#4139=B_SPLINE_CURVE_WITH_KNOTS('',3,(#9161,#9162,#9163,#9164),
 .UNSPECIFIED.,.F.,.F.,(4,4),(2.30789562915835E-7,0.00244279287638313),
 .UNSPECIFIED.);
#4140=B_SPLINE_CURVE_WITH_KNOTS('',3,(#9168,#9169,#9170,#9171),
 .UNSPECIFIED.,.F.,.F.,(4,4),(0.00588930465147437,0.0085097222405848),
 .UNSPECIFIED.);
#4141=B_SPLINE_CURVE_WITH_KNOTS('',3,(#9175,#9176,#9177,#9178,#9179,#9180),
 .UNSPECIFIED.,.F.,.F.,(4,1,1,4),(0.,0.00206584583644046,0.00413169167288091,
0.00826338334576182),.UNSPECIFIED.);
#4142=B_SPLINE_CURVE_WITH_KNOTS('',3,(#9206,#9207,#9208,#9209,#9210,#9211,
#9212),.UNSPECIFIED.,.F.,.F.,(4,1,1,1,4),(0.,0.00109374417393215,0.00218748834786429,
0.00328123252179644,0.00437497669572858),.UNSPECIFIED.);
#4143=B_SPLINE_CURVE_WITH_KNOTS('',3,(#9227,#9228,#9229,#9230),
 .UNSPECIFIED.,.F.,.F.,(4,4),(0.,0.0017363952794618),.UNSPECIFIED.);
#4144=B_SPLINE_CURVE_WITH_KNOTS('',3,(#9236,#9237,#9238,#9239),
 .UNSPECIFIED.,.F.,.F.,(4,4),(2.4006907640575E-7,0.00166203921011731),
 .UNSPECIFIED.);
#4145=B_SPLINE_CURVE_WITH_KNOTS('',3,(#9249,#9250,#9251,#9252),
 .UNSPECIFIED.,.F.,.F.,(4,4),(0.00583269193166561,0.0067265690694062),
 .UNSPECIFIED.);
#4146=B_SPLINE_CURVE_WITH_KNOTS('',3,(#9264,#9265,#9266,#9267),
 .UNSPECIFIED.,.F.,.F.,(4,4),(1.73472347597681E-18,0.00121536684108902),
 .UNSPECIFIED.);
#4147=B_SPLINE_CURVE_WITH_KNOTS('',3,(#9269,#9270,#9271,#9272),
 .UNSPECIFIED.,.F.,.F.,(4,4),(0.,0.00249261241178351),.UNSPECIFIED.);
#4148=B_SPLINE_CURVE_WITH_KNOTS('',3,(#9316,#9317,#9318,#9319),
 .UNSPECIFIED.,.F.,.F.,(4,4),(0.0227973402610869,0.0279340289523027),
 .UNSPECIFIED.);
#4149=B_SPLINE_CURVE_WITH_KNOTS('',3,(#9328,#9329,#9330,#9331),
 .UNSPECIFIED.,.F.,.F.,(4,4),(0.256860237548465,0.522599882393197),
 .UNSPECIFIED.);
#4150=B_SPLINE_CURVE_WITH_KNOTS('',3,(#9333,#9334,#9335,#9336),
 .UNSPECIFIED.,.F.,.F.,(4,4),(-0.187575813407492,0.530634649677757),
 .UNSPECIFIED.);
#4151=B_SPLINE_CURVE_WITH_KNOTS('',3,(#9338,#9339,#9340,#9341),
 .UNSPECIFIED.,.F.,.F.,(4,4),(0.53063464967757,1.),.UNSPECIFIED.);
#4152=B_SPLINE_CURVE_WITH_KNOTS('',3,(#9343,#9344,#9345,#9346,#9347),
 .UNSPECIFIED.,.F.,.F.,(4,1,4),(0.00268668820739971,0.00462498933669858,
0.00656329046599745),.UNSPECIFIED.);
#4153=B_SPLINE_CURVE_WITH_KNOTS('',3,(#9366,#9367,#9368,#9369),
 .UNSPECIFIED.,.F.,.F.,(4,4),(1.45065534174703E-19,0.0051363586284535),
 .UNSPECIFIED.);
#4154=B_SPLINE_CURVE_WITH_KNOTS('',3,(#9373,#9374,#9375,#9376),
 .UNSPECIFIED.,.F.,.F.,(4,4),(0.000160292818638387,0.00577823303804535),
 .UNSPECIFIED.);
#4155=B_SPLINE_CURVE_WITH_KNOTS('',3,(#9431,#9432,#9433,#9434),
 .UNSPECIFIED.,.F.,.F.,(4,4),(0.,1.),.UNSPECIFIED.);
#4156=B_SPLINE_CURVE_WITH_KNOTS('',3,(#9436,#9437,#9438,#9439),
 .UNSPECIFIED.,.F.,.F.,(4,4),(0.,0.431758647507693),.UNSPECIFIED.);
#4157=B_SPLINE_CURVE_WITH_KNOTS('',3,(#9498,#9499,#9500,#9501,#9502),
 .UNSPECIFIED.,.F.,.F.,(4,1,4),(0.,0.00370835127298669,0.00741670254597338),
 .UNSPECIFIED.);
#4158=B_SPLINE_CURVE_WITH_KNOTS('',3,(#9536,#9537,#9538,#9539),
 .UNSPECIFIED.,.F.,.F.,(4,4),(-0.0100706605594831,-0.00924195718615608),
 .UNSPECIFIED.);
#4159=B_SPLINE_CURVE_WITH_KNOTS('',3,(#9541,#9542,#9543,#9544,#9545,#9546,
#9547,#9548,#9549,#9550,#9551,#9552),.UNSPECIFIED.,.F.,.F.,(4,1,1,1,1,1,
1,1,1,4),(0.00173944509626692,0.00360478871636802,0.00453746052641857,0.00547013233646913,
0.0059364682414944,0.00616963619400704,0.00640280414651968,0.00686914005154495,
0.00733547595657023,0.00920081957667133),.UNSPECIFIED.);
#4160=B_SPLINE_CURVE_WITH_KNOTS('',3,(#9556,#9557,#9558,#9559),
 .UNSPECIFIED.,.F.,.F.,(4,4),(0.,0.0013662149298616),.UNSPECIFIED.);
#4161=B_SPLINE_CURVE_WITH_KNOTS('',3,(#9562,#9563,#9564,#9565,#9566,#9567,
#9568),.UNSPECIFIED.,.F.,.F.,(4,1,1,1,4),(0.,0.00152181855357136,0.00304363710714272,
0.00456545566071408,0.00608727421428544),.UNSPECIFIED.);
#4162=B_SPLINE_CURVE_WITH_KNOTS('',3,(#9576,#9577,#9578,#9579,#9580,#9581,
#9582,#9583),.UNSPECIFIED.,.F.,.F.,(4,1,1,1,1,4),(0.,0.000403075934791095,
0.00080615186958219,0.00100768983697774,0.00120922780437329,0.00161230373916438),
 .UNSPECIFIED.);
#4163=B_SPLINE_CURVE_WITH_KNOTS('',3,(#9589,#9590,#9591,#9592),
 .UNSPECIFIED.,.F.,.F.,(4,4),(0.,0.00116966410609559),.UNSPECIFIED.);
#4164=B_SPLINE_CURVE_WITH_KNOTS('',3,(#9620,#9621,#9622,#9623),
 .UNSPECIFIED.,.F.,.F.,(4,4),(7.10756739102615E-5,1.),.UNSPECIFIED.);
#4165=B_SPLINE_CURVE_WITH_KNOTS('',3,(#9629,#9630,#9631,#9632,#9633,#9634,
#9635,#9636,#9637),.UNSPECIFIED.,.F.,.F.,(4,1,1,1,1,1,4),(0.00123543336376314,
0.250926575022822,0.375772145852352,0.500617716681882,0.625463287511411,
0.750308858340941,1.),.UNSPECIFIED.);
#4166=B_SPLINE_CURVE_WITH_KNOTS('',3,(#9641,#9642,#9643,#9644,#9645,#9646,
#9647),.UNSPECIFIED.,.F.,.F.,(4,1,1,1,4),(5.20417042793042E-18,0.00347065069663596,
0.00694130139327192,0.0104119520899079,0.0138826027865438),
 .UNSPECIFIED.);
#4167=B_SPLINE_CURVE_WITH_KNOTS('',3,(#9649,#9650,#9651,#9652),
 .UNSPECIFIED.,.F.,.F.,(4,4),(0.743139762451536,1.00000000339969),
 .UNSPECIFIED.);
#4168=B_SPLINE_CURVE_WITH_KNOTS('',3,(#9660,#9661,#9662,#9663),
 .UNSPECIFIED.,.F.,.F.,(4,4),(0.000401084911559503,0.00166643481860812),
 .UNSPECIFIED.);
#4169=B_SPLINE_CURVE_WITH_KNOTS('',3,(#9665,#9666,#9667,#9668),
 .UNSPECIFIED.,.F.,.F.,(4,4),(0.00369766388552349,0.00442240865483918),
 .UNSPECIFIED.);
#4170=B_SPLINE_CURVE_WITH_KNOTS('',3,(#9680,#9681,#9682,#9683),
 .UNSPECIFIED.,.F.,.F.,(4,4),(0.,0.999948057156508),.UNSPECIFIED.);
#4171=B_SPLINE_CURVE_WITH_KNOTS('',3,(#9686,#9687,#9688,#9689),
 .UNSPECIFIED.,.F.,.F.,(4,4),(0.,0.227937211371945),.UNSPECIFIED.);
#4172=B_SPLINE_CURVE_WITH_KNOTS('',3,(#9692,#9693,#9694,#9695),
 .UNSPECIFIED.,.F.,.F.,(4,4),(0.,1.),.UNSPECIFIED.);
#4173=B_SPLINE_CURVE_WITH_KNOTS('',3,(#9699,#9700,#9701,#9702),
 .UNSPECIFIED.,.F.,.F.,(4,4),(0.,0.00254374106959852),.UNSPECIFIED.);
#4174=B_SPLINE_CURVE_WITH_KNOTS('',3,(#9704,#9705,#9706,#9707),
 .UNSPECIFIED.,.F.,.F.,(4,4),(0.22404819666836,0.225051844913055),
 .UNSPECIFIED.);
#4175=B_SPLINE_CURVE_WITH_KNOTS('',3,(#9897,#9898,#9899,#9900),
 .UNSPECIFIED.,.F.,.F.,(4,4),(0.,1.),.UNSPECIFIED.);
#4176=B_SPLINE_CURVE_WITH_KNOTS('',3,(#9902,#9903,#9904,#9905),
 .UNSPECIFIED.,.F.,.F.,(4,4),(0.,0.999995006215392),.UNSPECIFIED.);
#4177=B_SPLINE_CURVE_WITH_KNOTS('',3,(#9907,#9908,#9909,#9910),
 .UNSPECIFIED.,.F.,.F.,(4,4),(0.360173869422524,1.),.UNSPECIFIED.);
#4178=B_SPLINE_CURVE_WITH_KNOTS('',3,(#9912,#9913,#9914,#9915),
 .UNSPECIFIED.,.F.,.F.,(4,4),(0.0137982755881809,0.0173420370719314),
 .UNSPECIFIED.);
#4179=B_SPLINE_CURVE_WITH_KNOTS('',3,(#9919,#9920,#9921,#9922),
 .UNSPECIFIED.,.F.,.F.,(4,4),(0.013983479951497,0.0176332022116835),
 .UNSPECIFIED.);
#4180=B_SPLINE_CURVE_WITH_KNOTS('',3,(#10182,#10183,#10184,#10185),
 .UNSPECIFIED.,.F.,.F.,(4,4),(0.00867247903024227,0.01734252724937),
 .UNSPECIFIED.);
#4181=B_SPLINE_CURVE_WITH_KNOTS('',3,(#10214,#10215,#10216,#10217),
 .UNSPECIFIED.,.F.,.F.,(4,4),(0.,1.),.UNSPECIFIED.);
#4182=B_SPLINE_CURVE_WITH_KNOTS('',3,(#10238,#10239,#10240,#10241),
 .UNSPECIFIED.,.F.,.F.,(4,4),(0.,1.),.UNSPECIFIED.);
#4183=B_SPLINE_CURVE_WITH_KNOTS('',3,(#10331,#10332,#10333,#10334),
 .UNSPECIFIED.,.F.,.F.,(4,4),(0.,0.00218378182070121),.UNSPECIFIED.);
#4184=B_SPLINE_CURVE_WITH_KNOTS('',3,(#10336,#10337,#10338,#10339),
 .UNSPECIFIED.,.F.,.F.,(4,4),(7.152448122691E-18,0.00378223735363945),
 .UNSPECIFIED.);
#4185=B_SPLINE_CURVE_WITH_KNOTS('',3,(#10343,#10344,#10345,#10346),
 .UNSPECIFIED.,.F.,.F.,(4,4),(0.,0.0016962150619323),.UNSPECIFIED.);
#4186=B_SPLINE_CURVE_WITH_KNOTS('',3,(#10347,#10348,#10349,#10350),
 .UNSPECIFIED.,.F.,.F.,(4,4),(0.,0.00169621506193255),.UNSPECIFIED.);
#4187=B_SPLINE_CURVE_WITH_KNOTS('',3,(#10354,#10355,#10356,#10357),
 .UNSPECIFIED.,.F.,.F.,(4,4),(7.75791922889773E-18,0.00378659317822526),
 .UNSPECIFIED.);
#4188=B_SPLINE_CURVE_WITH_KNOTS('',3,(#10359,#10360,#10361,#10362),
 .UNSPECIFIED.,.F.,.F.,(4,4),(0.,0.00218311381231634),.UNSPECIFIED.);
#4189=B_SPLINE_CURVE_WITH_KNOTS('',3,(#10386,#10387,#10388,#10389,#10390),
 .UNSPECIFIED.,.F.,.F.,(4,1,4),(0.,0.00355974412900617,0.00711948825801233),
 .UNSPECIFIED.);
#4190=B_SPLINE_CURVE_WITH_KNOTS('',3,(#10393,#10394,#10395,#10396),
 .UNSPECIFIED.,.F.,.F.,(4,4),(0.,0.00405559715250924),.UNSPECIFIED.);
#4191=B_SPLINE_CURVE_WITH_KNOTS('',3,(#10404,#10405,#10406,#10407,#10408),
 .UNSPECIFIED.,.F.,.F.,(4,1,4),(0.00246261591563726,0.0069683881379744,
0.0114741603603115),.UNSPECIFIED.);
#4192=B_SPLINE_CURVE_WITH_KNOTS('',3,(#10414,#10415,#10416,#10417),
 .UNSPECIFIED.,.F.,.F.,(4,4),(0.,1.),.UNSPECIFIED.);
#4193=B_SPLINE_CURVE_WITH_KNOTS('',3,(#10426,#10427,#10428,#10429),
 .UNSPECIFIED.,.F.,.F.,(4,4),(0.,0.108897849897353),.UNSPECIFIED.);
#4194=B_SPLINE_CURVE_WITH_KNOTS('',3,(#10431,#10432,#10433,#10434),
 .UNSPECIFIED.,.F.,.F.,(4,4),(0.108897853682618,0.857023846139191),
 .UNSPECIFIED.);
#4195=B_SPLINE_CURVE_WITH_KNOTS('',3,(#10457,#10458,#10459,#10460),
 .UNSPECIFIED.,.F.,.F.,(4,4),(0.,0.996593214792835),.UNSPECIFIED.);
#4196=B_SPLINE_CURVE_WITH_KNOTS('',3,(#10462,#10463,#10464,#10465,#10466,
#10467),.UNSPECIFIED.,.F.,.F.,(4,1,1,4),(0.,0.499976821802327,0.74996523270349,
0.999953643604654),.UNSPECIFIED.);
#4197=B_SPLINE_CURVE_WITH_KNOTS('',3,(#10484,#10485,#10486,#10487),
 .UNSPECIFIED.,.F.,.F.,(4,4),(0.000200161008454538,0.999937382152044),
 .UNSPECIFIED.);
#4198=B_SPLINE_CURVE_WITH_KNOTS('',3,(#10489,#10490,#10491,#10492,#10493,
#10494,#10495),.UNSPECIFIED.,.F.,.F.,(4,1,1,1,4),(2.02643576523045E-5,0.25001454164155,
0.500008818925448,0.750003096209346,0.999997373493244),.UNSPECIFIED.);
#4199=B_SPLINE_CURVE_WITH_KNOTS('',3,(#10510,#10511,#10512,#10513),
 .UNSPECIFIED.,.F.,.F.,(4,4),(0.0153987817257962,0.0186035543778453),
 .UNSPECIFIED.);
#4200=B_SPLINE_CURVE_WITH_KNOTS('',3,(#10536,#10537,#10538,#10539,#10540),
 .UNSPECIFIED.,.F.,.F.,(4,1,4),(0.010923248860254,0.0139487013119762,0.0169741537636983),
 .UNSPECIFIED.);
#4201=B_SPLINE_CURVE_WITH_KNOTS('',3,(#10542,#10543,#10544,#10545),
 .UNSPECIFIED.,.F.,.F.,(4,4),(-0.0138501593973992,0.700837204441587),
 .UNSPECIFIED.);
#4202=B_SPLINE_CURVE_WITH_KNOTS('',3,(#10547,#10548,#10549,#10550),
 .UNSPECIFIED.,.F.,.F.,(4,4),(-0.0097240854351107,0.999099505424168),
 .UNSPECIFIED.);
#4203=B_SPLINE_CURVE_WITH_KNOTS('',3,(#10551,#10552,#10553,#10554),
 .UNSPECIFIED.,.F.,.F.,(4,4),(0.,0.871489758399033),.UNSPECIFIED.);
#4204=B_SPLINE_CURVE_WITH_KNOTS('',3,(#10563,#10564,#10565,#10566),
 .UNSPECIFIED.,.F.,.F.,(4,4),(3.40137597902335E-5,4.54714949033445),
 .UNSPECIFIED.);
#4205=B_SPLINE_CURVE_WITH_KNOTS('',3,(#10568,#10569,#10570,#10571),
 .UNSPECIFIED.,.F.,.F.,(4,4),(0.00195470035174995,0.00349246765927317),
 .UNSPECIFIED.);
#4206=B_SPLINE_CURVE_WITH_KNOTS('',3,(#10573,#10574,#10575,#10576,#10577,
#10578),.UNSPECIFIED.,.F.,.F.,(4,1,1,4),(-3.48184922460693E-5,0.499032385229907,
0.748565987090984,0.99809958895206),.UNSPECIFIED.);
#4207=B_SPLINE_CURVE_WITH_KNOTS('',3,(#10768,#10769,#10770,#10771),
 .UNSPECIFIED.,.F.,.F.,(4,4),(0.,1.),.UNSPECIFIED.);
#4208=B_SPLINE_CURVE_WITH_KNOTS('',3,(#10784,#10785,#10786,#10787),
 .UNSPECIFIED.,.F.,.F.,(4,4),(-4.39126541012993E-8,0.00120710457236445),
 .UNSPECIFIED.);
#4209=B_SPLINE_CURVE_WITH_KNOTS('',3,(#10795,#10796,#10797,#10798),
 .UNSPECIFIED.,.F.,.F.,(4,4),(0.,0.00310157838939777),.UNSPECIFIED.);
#4210=B_SPLINE_CURVE_WITH_KNOTS('',3,(#10804,#10805,#10806,#10807),
 .UNSPECIFIED.,.F.,.F.,(4,4),(1.52090376004804E-7,0.00111601705947078),
 .UNSPECIFIED.);
#4211=B_SPLINE_CURVE_WITH_KNOTS('',3,(#10809,#10810,#10811,#10812),
 .UNSPECIFIED.,.F.,.F.,(4,4),(0.,0.552557892341786),.UNSPECIFIED.);
#4212=B_SPLINE_CURVE_WITH_KNOTS('',3,(#10826,#10827,#10828,#10829),
 .UNSPECIFIED.,.F.,.F.,(4,4),(0.0123645764981322,0.0161691627193043),
 .UNSPECIFIED.);
#4213=B_SPLINE_CURVE_WITH_KNOTS('',3,(#10878,#10879,#10880,#10881,#10882,
#10883,#10884,#10885),.UNSPECIFIED.,.F.,.F.,(4,1,1,1,1,4),(0.,0.25,0.5,
0.625,0.75,1.),.UNSPECIFIED.);
#4214=B_SPLINE_CURVE_WITH_KNOTS('',3,(#10895,#10896,#10897,#10898),
 .UNSPECIFIED.,.F.,.F.,(4,4),(0.,1.14915011970679),.UNSPECIFIED.);
#4215=B_SPLINE_CURVE_WITH_KNOTS('',3,(#10909,#10910,#10911,#10912,#10913,
#10914,#10915),.UNSPECIFIED.,.F.,.F.,(4,1,1,1,4),(0.0275930221738342,0.0330630609424516,
0.0385330997110689,0.0440031384796863,0.0494731772483036),.UNSPECIFIED.);
#4216=B_SPLINE_CURVE_WITH_KNOTS('',3,(#11018,#11019,#11020,#11021),
 .UNSPECIFIED.,.F.,.F.,(4,4),(0.58457138700639,0.689933606718002),
 .UNSPECIFIED.);
#4217=B_SPLINE_CURVE_WITH_KNOTS('',3,(#11024,#11025,#11026,#11027),
 .UNSPECIFIED.,.F.,.F.,(4,4),(0.,1.),.UNSPECIFIED.);
#4218=B_SPLINE_CURVE_WITH_KNOTS('',3,(#11029,#11030,#11031,#11032),
 .UNSPECIFIED.,.F.,.F.,(4,4),(0.,1.),.UNSPECIFIED.);
#4219=B_SPLINE_CURVE_WITH_KNOTS('',3,(#11034,#11035,#11036,#11037,#11038,
#11039,#11040,#11041,#11042,#11043,#11044),.UNSPECIFIED.,.F.,.F.,(4,1,1,
1,1,1,1,1,4),(0.,0.25,0.375,0.4375,0.5,0.5625,0.625,0.75,1.),
 .UNSPECIFIED.);
#4220=B_SPLINE_CURVE_WITH_KNOTS('',3,(#11046,#11047,#11048,#11049),
 .UNSPECIFIED.,.F.,.F.,(4,4),(0.,0.00114128374271166),.UNSPECIFIED.);
#4221=B_SPLINE_CURVE_WITH_KNOTS('',3,(#11090,#11091,#11092,#11093),
 .UNSPECIFIED.,.F.,.F.,(4,4),(0.00405311509330039,0.00464889711813715),
 .UNSPECIFIED.);
#4222=B_SPLINE_CURVE_WITH_KNOTS('',3,(#11095,#11096,#11097,#11098),
 .UNSPECIFIED.,.F.,.F.,(4,4),(0.,1.),.UNSPECIFIED.);
#4223=B_SPLINE_CURVE_WITH_KNOTS('',3,(#11100,#11101,#11102,#11103),
 .UNSPECIFIED.,.F.,.F.,(4,4),(0.,1.),.UNSPECIFIED.);
#4224=B_SPLINE_CURVE_WITH_KNOTS('',3,(#11105,#11106,#11107,#11108),
 .UNSPECIFIED.,.F.,.F.,(4,4),(0.,1.),.UNSPECIFIED.);
#4225=B_SPLINE_CURVE_WITH_KNOTS('',3,(#11179,#11180,#11181,#11182,#11183,
#11184,#11185,#11186,#11187,#11188),.UNSPECIFIED.,.F.,.F.,(4,2,2,2,4),(0.,
0.500000000000003,0.625000000000003,0.750000000000003,1.),.UNSPECIFIED.);
#4226=B_SPLINE_CURVE_WITH_KNOTS('',3,(#11191,#11192,#11193,#11194),
 .UNSPECIFIED.,.F.,.F.,(4,4),(0.,1.),.UNSPECIFIED.);
#4227=B_SPLINE_CURVE_WITH_KNOTS('',3,(#11196,#11197,#11198,#11199),
 .UNSPECIFIED.,.F.,.F.,(4,4),(0.,0.000766089302335498),.UNSPECIFIED.);
#4228=B_SPLINE_CURVE_WITH_KNOTS('',3,(#11201,#11202,#11203,#11204),
 .UNSPECIFIED.,.F.,.F.,(4,4),(0.109584907031055,1.),.UNSPECIFIED.);
#4229=B_SPLINE_CURVE_WITH_KNOTS('',3,(#11206,#11207,#11208,#11209),
 .UNSPECIFIED.,.F.,.F.,(4,4),(0.,1.),.UNSPECIFIED.);
#4230=B_SPLINE_CURVE_WITH_KNOTS('',3,(#11211,#11212,#11213,#11214),
 .UNSPECIFIED.,.F.,.F.,(4,4),(0.,1.),.UNSPECIFIED.);
#4231=B_SPLINE_CURVE_WITH_KNOTS('',3,(#11216,#11217,#11218,#11219),
 .UNSPECIFIED.,.F.,.F.,(4,4),(0.0903063215290646,0.999999987995116),
 .UNSPECIFIED.);
#4232=B_SPLINE_CURVE_WITH_KNOTS('',3,(#11221,#11222,#11223,#11224,#11225,
#11226,#11227,#11228,#11229,#11230),.UNSPECIFIED.,.F.,.F.,(4,2,2,2,4),(0.,
0.500000000000003,0.625000000000003,0.750000000000003,1.),.UNSPECIFIED.);
#4233=B_SPLINE_CURVE_WITH_KNOTS('',3,(#11232,#11233,#11234,#11235),
 .UNSPECIFIED.,.F.,.F.,(4,4),(0.,1.),.PIECEWISE_BEZIER_KNOTS.);
#4234=B_SPLINE_CURVE_WITH_KNOTS('',3,(#11256,#11257,#11258,#11259),
 .UNSPECIFIED.,.F.,.F.,(4,4),(0.,1.),.UNSPECIFIED.);
#4235=B_SPLINE_CURVE_WITH_KNOTS('',3,(#11261,#11262,#11263,#11264,#11265,
#11266,#11267,#11268,#11269,#11270),.UNSPECIFIED.,.F.,.F.,(4,2,2,2,4),(0.,
0.500000000000003,0.625000000000003,0.750000000000003,1.),.UNSPECIFIED.);
#4236=B_SPLINE_CURVE_WITH_KNOTS('',3,(#11294,#11295,#11296,#11297),
 .UNSPECIFIED.,.F.,.F.,(4,4),(2.13569832609052E-17,0.00177730650012188),
 .UNSPECIFIED.);
#4237=B_SPLINE_CURVE_WITH_KNOTS('',3,(#11300,#11301,#11302,#11303),
 .UNSPECIFIED.,.F.,.F.,(4,4),(0.,1.),.UNSPECIFIED.);
#4238=B_SPLINE_CURVE_WITH_KNOTS('',3,(#11304,#11305,#11306,#11307),
 .UNSPECIFIED.,.F.,.F.,(4,4),(0.,1.),.UNSPECIFIED.);
#4239=B_SPLINE_CURVE_WITH_KNOTS('',3,(#11311,#11312,#11313,#11314,#11315),
 .UNSPECIFIED.,.F.,.F.,(4,1,4),(8.67361737988404E-19,0.00317229917499608,
0.00634459834999215),.UNSPECIFIED.);
#4240=B_SPLINE_CURVE_WITH_KNOTS('',3,(#11338,#11339,#11340,#11341),
 .UNSPECIFIED.,.F.,.F.,(4,4),(0.,1.),.UNSPECIFIED.);
#4241=B_SPLINE_CURVE_WITH_KNOTS('',3,(#11344,#11345,#11346,#11347),
 .UNSPECIFIED.,.F.,.F.,(4,4),(0.,1.),.UNSPECIFIED.);
#4242=B_SPLINE_CURVE_WITH_KNOTS('',3,(#11349,#11350,#11351,#11352,#11353),
 .UNSPECIFIED.,.F.,.F.,(4,1,4),(0.,0.48654986016402,0.97309972032804),
 .UNSPECIFIED.);
#4243=B_SPLINE_CURVE_WITH_KNOTS('',3,(#11356,#11357,#11358,#11359,#11360,
#11361,#11362,#11363,#11364,#11365,#11366,#11367),.UNSPECIFIED.,.F.,.F.,
(4,2,2,2,2,4),(0.36539584770895,0.523214294254418,0.681032740799887,0.838851187345356,
0.996669633890825,1.),.UNSPECIFIED.);
#4244=B_SPLINE_CURVE_WITH_KNOTS('',3,(#11382,#11383,#11384,#11385),
 .UNSPECIFIED.,.F.,.F.,(4,4),(0.,0.999999912819859),.UNSPECIFIED.);
#4245=B_SPLINE_CURVE_WITH_KNOTS('',3,(#11418,#11419,#11420,#11421,#11422,
#11423,#11424,#11425,#11426,#11427,#11428,#11429,#11430,#11431,#11432,#11433,
#11434,#11435,#11436,#11437,#11438),.UNSPECIFIED.,.F.,.F.,(4,1,1,1,1,1,
1,1,1,1,1,1,1,1,1,1,1,1,4),(0.0239536551488513,0.0849565517020481,0.145959448255245,
0.206962344808442,0.23746379308504,0.252714517223339,0.267965241361638,
0.298466689638237,0.328968137914835,0.359469586191434,0.374720310329733,
0.389971034468032,0.42047248274463,0.450973931021229,0.511976827574426,
0.572979724127622,0.633982620680819,0.755988413787213,1.),.UNSPECIFIED.);
#4246=B_SPLINE_CURVE_WITH_KNOTS('',3,(#11440,#11441,#11442,#11443),
 .UNSPECIFIED.,.F.,.F.,(4,4),(0.,1.),.UNSPECIFIED.);
#4247=B_SPLINE_CURVE_WITH_KNOTS('',3,(#11445,#11446,#11447,#11448,#11449,
#11450,#11451,#11452,#11453,#11454,#11455,#11456,#11457,#11458,#11459,#11460,
#11461,#11462,#11463,#11464,#11465,#11466,#11467,#11468,#11469,#11470,#11471,
#11472,#11473,#11474,#11475,#11476,#11477,#11478),.UNSPECIFIED.,.F.,.F.,
(4,3,3,3,3,2,2,2,3,3,3,3,4),(-0.92805,-0.5985,-0.345,-0.15,0.,0.25,0.5,
0.75,1.,1.15,1.345,1.5985,1.92805),.UNSPECIFIED.);
#4248=B_SPLINE_CURVE_WITH_KNOTS('',3,(#11639,#11640,#11641,#11642),
 .UNSPECIFIED.,.F.,.F.,(4,4),(0.00246082494759894,0.00290762675101803),
 .UNSPECIFIED.);
#4249=B_SPLINE_CURVE_WITH_KNOTS('',3,(#11645,#11646,#11647,#11648,#11649,
#11650,#11651,#11652,#11653,#11654,#11655,#11656,#11657,#11658,#11659,#11660),
 .UNSPECIFIED.,.F.,.F.,(4,1,1,1,1,1,1,1,1,1,1,1,1,4),(0.,0.122753380978795,
0.24550676195759,0.368260142936386,0.429636833425783,0.460325178670482,
0.491013523915181,0.50635769653753,0.52170186915988,0.552390214404578,0.613766904893976,
0.736520285872771,0.859273666851566,0.982027047830362),.UNSPECIFIED.);
#4250=B_SPLINE_CURVE_WITH_KNOTS('',3,(#11661,#11662,#11663,#11664),
 .UNSPECIFIED.,.F.,.F.,(4,4),(0.,1.),.UNSPECIFIED.);
#4251=B_SPLINE_CURVE_WITH_KNOTS('',3,(#11778,#11779,#11780,#11781),
 .UNSPECIFIED.,.F.,.F.,(4,4),(0.,0.00616644859968608),.UNSPECIFIED.);
#4252=B_SPLINE_CURVE_WITH_KNOTS('',3,(#11784,#11785,#11786,#11787),
 .UNSPECIFIED.,.F.,.F.,(4,4),(0.,0.000894133612937085),.UNSPECIFIED.);
#4253=B_SPLINE_CURVE_WITH_KNOTS('',3,(#11789,#11790,#11791,#11792,#11793),
 .UNSPECIFIED.,.F.,.F.,(4,1,4),(0.00527874169191933,0.0176285369354872,
0.0299783321790551),.UNSPECIFIED.);
#4254=B_SPLINE_CURVE_WITH_KNOTS('',3,(#11794,#11795,#11796,#11797,#11798,
#11799),.UNSPECIFIED.,.F.,.F.,(4,1,1,4),(0.,0.0129108831724963,0.0193663247587444,
0.0258217663449926),.UNSPECIFIED.);
#4255=B_SPLINE_CURVE_WITH_KNOTS('',3,(#11803,#11804,#11805,#11806),
 .UNSPECIFIED.,.F.,.F.,(4,4),(0.,1.),.UNSPECIFIED.);
#4256=B_SPLINE_CURVE_WITH_KNOTS('',3,(#11808,#11809,#11810,#11811,#11812,
#11813,#11814),.UNSPECIFIED.,.F.,.F.,(4,1,1,1,4),(0.,0.25,0.5,0.75,1.),
 .UNSPECIFIED.);
#4257=B_SPLINE_CURVE_WITH_KNOTS('',3,(#11816,#11817,#11818,#11819),
 .UNSPECIFIED.,.F.,.F.,(4,4),(0.,1.),.UNSPECIFIED.);
#4258=B_SPLINE_CURVE_WITH_KNOTS('',3,(#11821,#11822,#11823,#11824),
 .UNSPECIFIED.,.F.,.F.,(4,4),(0.,0.930098879620742),.UNSPECIFIED.);
#4259=B_SPLINE_CURVE_WITH_KNOTS('',3,(#11955,#11956,#11957,#11958),
 .UNSPECIFIED.,.F.,.F.,(4,4),(0.,1.),.UNSPECIFIED.);
#4260=B_SPLINE_CURVE_WITH_KNOTS('',3,(#11960,#11961,#11962,#11963,#11964,
#11965,#11966,#11967,#11968,#11969,#11970,#11971,#11972),.UNSPECIFIED.,
 .F.,.F.,(4,1,1,1,1,1,1,1,1,1,4),(0.057981204369623,0.293485903277217,0.411238252731014,
0.470114427457913,0.499552514821362,0.528990602184812,0.58786677691171,
0.646742951638609,0.764495301092406,0.882247650546203,1.),.UNSPECIFIED.);
#4261=B_SPLINE_CURVE_WITH_KNOTS('',3,(#11991,#11992,#11993,#11994,#11995,
#11996,#11997,#11998,#11999,#12000,#12001,#12002,#12003,#12004,#12005,#12006,
#12007,#12008,#12009,#12010,#12011,#12012,#12013,#12014,#12015,#12016,#12017,
#12018,#12019,#12020,#12021,#12022,#12023,#12024),.UNSPECIFIED.,.F.,.F.,
(4,1,1,1,1,1,1,1,1,1,1,1,1,1,1,1,1,1,1,1,1,1,1,1,1,1,1,1,1,1,1,4),(0.,0.0625,
0.125,0.1875,0.25,0.3125,0.375,0.4375,0.5,0.5625,0.625,0.6875,0.71875,0.734375,
0.75,0.765625,0.78125,0.8125,0.828125,0.84375,0.859375,0.8671875,0.87109375,
0.875,0.87890625,0.8828125,0.890625,0.90625,0.921875,0.9375,0.96875,1.),
 .UNSPECIFIED.);
#4262=B_SPLINE_CURVE_WITH_KNOTS('',3,(#12026,#12027,#12028,#12029),
 .UNSPECIFIED.,.F.,.F.,(4,4),(0.698594542546425,1.),.UNSPECIFIED.);
#4263=B_SPLINE_CURVE_WITH_KNOTS('',3,(#12035,#12036,#12037,#12038,#12039,
#12040,#12041),.UNSPECIFIED.,.F.,.F.,(4,1,1,1,4),(0.,0.00393169862349602,
0.00786339724699204,0.0117950958704881,0.0157267944939841),
 .UNSPECIFIED.);
#4264=B_SPLINE_CURVE_WITH_KNOTS('',3,(#12070,#12071,#12072,#12073),
 .UNSPECIFIED.,.F.,.F.,(4,4),(0.,1.),.UNSPECIFIED.);
#4265=B_SPLINE_CURVE_WITH_KNOTS('',3,(#12076,#12077,#12078,#12079),
 .UNSPECIFIED.,.F.,.F.,(4,4),(0.,8.52033282550438E-5),.UNSPECIFIED.);
#4266=B_SPLINE_CURVE_WITH_KNOTS('',3,(#12081,#12082,#12083,#12084),
 .UNSPECIFIED.,.F.,.F.,(4,4),(0.42445767821386,1.),.UNSPECIFIED.);
#4267=B_SPLINE_CURVE_WITH_KNOTS('',3,(#12086,#12087,#12088,#12089),
 .UNSPECIFIED.,.F.,.F.,(4,4),(0.277437653732124,1.),.UNSPECIFIED.);
#4268=B_SPLINE_CURVE_WITH_KNOTS('',3,(#12106,#12107,#12108,#12109),
 .UNSPECIFIED.,.F.,.F.,(4,4),(0.,1.),.UNSPECIFIED.);
#4269=B_SPLINE_CURVE_WITH_KNOTS('',3,(#12110,#12111,#12112,#12113,#12114,
#12115,#12116),.UNSPECIFIED.,.F.,.F.,(4,1,1,1,4),(9.34095353730494E-5,0.25007005715153,
0.500046704767687,0.750023352383843,1.),.UNSPECIFIED.);
#4270=B_SPLINE_CURVE_WITH_KNOTS('',3,(#12118,#12119,#12120,#12121),
 .UNSPECIFIED.,.F.,.F.,(4,4),(0.,1.),.UNSPECIFIED.);
#4271=B_SPLINE_CURVE_WITH_KNOTS('',3,(#12123,#12124,#12125,#12126),
 .UNSPECIFIED.,.F.,.F.,(4,4),(0.000133395534672723,1.),.UNSPECIFIED.);
#4272=B_SPLINE_CURVE_WITH_KNOTS('',3,(#12165,#12166,#12167,#12168,#12169,
#12170,#12171,#12172,#12173,#12174,#12175,#12176,#12177,#12178),
 .UNSPECIFIED.,.F.,.F.,(4,1,1,1,1,1,1,1,1,1,1,4),(0.,0.125,0.25,0.375,0.4375,
0.46875,0.5,0.53125,0.5625,0.625,0.75,1.),.UNSPECIFIED.);
#4273=B_SPLINE_CURVE_WITH_KNOTS('',3,(#12180,#12181,#12182,#12183,#12184,
#12185,#12186,#12187,#12188,#12189,#12190,#12191,#12192,#12193),
 .UNSPECIFIED.,.F.,.F.,(4,1,1,1,1,1,1,1,1,1,1,4),(5.18385289424652E-8,0.125000045358713,
0.187500042118805,0.218750040498851,0.250000038878897,0.281250037258943,
0.312500035638989,0.375000032399081,0.500000025919265,0.625000019439448,
0.750000012959632,1.),.UNSPECIFIED.);
#4274=B_SPLINE_CURVE_WITH_KNOTS('',3,(#12272,#12273,#12274,#12275,#12276,
#12277,#12278,#12279,#12280,#12281,#12282,#12283,#12284,#12285,#12286,#12287,
#12288,#12289,#12290,#12291,#12292,#12293,#12294,#12295,#12296,#12297,#12298,
#12299,#12300,#12301),.UNSPECIFIED.,.F.,.F.,(4,1,1,1,1,1,1,1,1,1,1,1,1,
1,1,1,1,1,1,1,1,1,1,1,1,1,1,4),(1.21397142824061E-7,0.121983700196429,0.243967278995715,
0.365950857795002,0.426942647194645,0.487934436594288,0.518430331294109,
0.548926225993931,0.564174173343842,0.579422120693753,0.587046094368708,
0.594670068043663,0.598482054881141,0.602294041718619,0.609918015393574,
0.61754198906853,0.621353975906007,0.625165962743485,0.628977949580963,
0.63278993641844,0.640413910093396,0.655661857443306,0.670909804793217,
0.701405699493039,0.73190159419286,0.792893383592503,0.853885172992147,
0.975868751791433),.UNSPECIFIED.);
#4275=B_SPLINE_CURVE_WITH_KNOTS('',3,(#12303,#12304,#12305,#12306),
 .UNSPECIFIED.,.F.,.F.,(4,4),(0.,1.),.UNSPECIFIED.);
#4276=B_SPLINE_CURVE_WITH_KNOTS('',3,(#12308,#12309,#12310,#12311),
 .UNSPECIFIED.,.F.,.F.,(4,4),(0.,1.),.UNSPECIFIED.);
#4277=B_SPLINE_CURVE_WITH_KNOTS('',3,(#12320,#12321,#12322,#12323),
 .UNSPECIFIED.,.F.,.F.,(4,4),(0.,1.),.UNSPECIFIED.);
#4278=B_SPLINE_CURVE_WITH_KNOTS('',3,(#12325,#12326,#12327,#12328),
 .UNSPECIFIED.,.F.,.F.,(4,4),(0.,1.),.UNSPECIFIED.);
#4279=B_SPLINE_CURVE_WITH_KNOTS('',3,(#12330,#12331,#12332,#12333),
 .UNSPECIFIED.,.F.,.F.,(4,4),(0.,1.),.UNSPECIFIED.);
#4280=B_SPLINE_CURVE_WITH_KNOTS('',3,(#12339,#12340,#12341,#12342),
 .UNSPECIFIED.,.F.,.F.,(4,4),(0.000285162590521821,0.00883878113419675),
 .UNSPECIFIED.);
#4281=B_SPLINE_CURVE_WITH_KNOTS('',3,(#12431,#12432,#12433,#12434),
 .UNSPECIFIED.,.F.,.F.,(4,4),(3.34581347384322E-17,0.00845685120076163),
 .UNSPECIFIED.);
#4282=B_SPLINE_CURVE_WITH_KNOTS('',3,(#12451,#12452,#12453,#12454),
 .UNSPECIFIED.,.F.,.F.,(4,4),(3.55618312575245E-17,0.00854356356489821),
 .UNSPECIFIED.);
#4283=B_SPLINE_CURVE_WITH_KNOTS('',3,(#12455,#12456,#12457,#12458),
 .UNSPECIFIED.,.F.,.F.,(4,4),(9.0656893519947E-9,0.999999999999999),
 .UNSPECIFIED.);
#4284=B_SPLINE_CURVE_WITH_KNOTS('',3,(#12511,#12512,#12513,#12514),
 .UNSPECIFIED.,.F.,.F.,(4,4),(-0.00135941175520347,0.00750059341597456),
 .UNSPECIFIED.);
#4285=B_SPLINE_CURVE_WITH_KNOTS('',3,(#12518,#12519,#12520,#12521,#12522),
 .UNSPECIFIED.,.F.,.F.,(4,1,4),(0.,0.0019651081294605,0.003930216258921),
 .UNSPECIFIED.);
#4286=B_SPLINE_CURVE_WITH_KNOTS('',3,(#12532,#12533,#12534,#12535,#12536,
#12537,#12538,#12539,#12540,#12541,#12542,#12543),.UNSPECIFIED.,.F.,.F.,
(4,1,1,1,1,1,1,1,1,4),(0.,0.0581006841586808,0.116201368317362,0.145251710396702,
0.174302052476042,0.232402736634723,0.348604104952085,0.464805473269447,
0.69720820990417,0.929610946538893),.UNSPECIFIED.);
#4287=B_SPLINE_CURVE_WITH_KNOTS('',3,(#12547,#12548,#12549,#12550),
 .UNSPECIFIED.,.F.,.F.,(4,4),(0.,1.),.UNSPECIFIED.);
#4288=B_SPLINE_CURVE_WITH_KNOTS('',3,(#12554,#12555,#12556,#12557),
 .UNSPECIFIED.,.F.,.F.,(4,4),(0.,1.),.UNSPECIFIED.);
#4289=B_SPLINE_CURVE_WITH_KNOTS('',3,(#12559,#12560,#12561,#12562),
 .UNSPECIFIED.,.F.,.F.,(4,4),(0.,1.),.UNSPECIFIED.);
#4290=B_SPLINE_CURVE_WITH_KNOTS('',3,(#12564,#12565,#12566,#12567),
 .UNSPECIFIED.,.F.,.F.,(4,4),(0.,1.),.UNSPECIFIED.);
#4291=B_SPLINE_CURVE_WITH_KNOTS('',3,(#12611,#12612,#12613,#12614),
 .UNSPECIFIED.,.F.,.F.,(4,4),(0.,1.),.UNSPECIFIED.);
#4292=B_SPLINE_CURVE_WITH_KNOTS('',3,(#12617,#12618,#12619,#12620),
 .UNSPECIFIED.,.F.,.F.,(4,4),(0.,1.),.UNSPECIFIED.);
#4293=B_SPLINE_CURVE_WITH_KNOTS('',3,(#12634,#12635,#12636,#12637),
 .UNSPECIFIED.,.F.,.F.,(4,4),(0.,5.62083221795004E-5),.UNSPECIFIED.);
#4294=B_SPLINE_CURVE_WITH_KNOTS('',3,(#12639,#12640,#12641,#12642),
 .UNSPECIFIED.,.F.,.F.,(4,4),(0.,1.),.UNSPECIFIED.);
#4295=B_SPLINE_CURVE_WITH_KNOTS('',3,(#12689,#12690,#12691,#12692,#12693,
#12694,#12695,#12696,#12697,#12698,#12699),.UNSPECIFIED.,.F.,.F.,(4,1,1,
1,1,1,1,1,4),(0.00449070438921438,0.00745492437361386,0.0104191443580133,
0.0133833643424128,0.0163475843268123,0.0193118043112118,0.0222760242956112,
0.0252402442800107,0.0282044642644102),.UNSPECIFIED.);
#4296=B_SPLINE_CURVE_WITH_KNOTS('',3,(#12701,#12702,#12703,#12704,#12705,
#12706,#12707,#12708,#12709,#12710,#12711,#12712,#12713,#12714,#12715,#12716,
#12717,#12718,#12719,#12720,#12721,#12722,#12723,#12724,#12725,#12726,#12727,
#12728,#12729,#12730,#12731),.UNSPECIFIED.,.F.,.F.,(4,3,3,3,3,1,1,1,3,3,
3,3,4),(-0.92805,-0.5985,-0.345,-0.15,0.,0.25,0.5,0.75,1.,1.15,1.345,1.5985,
1.92805),.UNSPECIFIED.);
#4297=B_SPLINE_CURVE_WITH_KNOTS('',3,(#12757,#12758,#12759,#12760),
 .UNSPECIFIED.,.F.,.F.,(4,4),(0.000188146838581843,0.00315300349963853),
 .UNSPECIFIED.);
#4298=B_SPLINE_CURVE_WITH_KNOTS('',3,(#12781,#12782,#12783,#12784),
 .UNSPECIFIED.,.F.,.F.,(4,4),(0.,0.000696052769934078),.UNSPECIFIED.);
#4299=B_SPLINE_CURVE_WITH_KNOTS('',3,(#12806,#12807,#12808,#12809),
 .UNSPECIFIED.,.F.,.F.,(4,4),(7.51277474923203E-16,0.000845898765231957),
 .UNSPECIFIED.);
#4300=B_SPLINE_CURVE_WITH_KNOTS('',3,(#12812,#12813,#12814,#12815),
 .UNSPECIFIED.,.F.,.F.,(4,4),(0.,1.),.UNSPECIFIED.);
#4301=B_SPLINE_CURVE_WITH_KNOTS('',3,(#12824,#12825,#12826,#12827),
 .UNSPECIFIED.,.F.,.F.,(4,4),(0.,1.),.UNSPECIFIED.);
#4302=B_SPLINE_CURVE_WITH_KNOTS('',3,(#12850,#12851,#12852,#12853),
 .UNSPECIFIED.,.F.,.F.,(4,4),(0.,1.),.UNSPECIFIED.);
#4303=B_SPLINE_CURVE_WITH_KNOTS('',3,(#12854,#12855,#12856,#12857),
 .UNSPECIFIED.,.F.,.F.,(4,4),(0.,1.),.UNSPECIFIED.);
#4304=B_SPLINE_CURVE_WITH_KNOTS('',3,(#12870,#12871,#12872,#12873),
 .UNSPECIFIED.,.F.,.F.,(4,4),(0.,1.),.UNSPECIFIED.);
#4305=B_SPLINE_CURVE_WITH_KNOTS('',3,(#12886,#12887,#12888,#12889),
 .UNSPECIFIED.,.F.,.F.,(4,4),(0.,1.),.UNSPECIFIED.);
#4306=B_SPLINE_CURVE_WITH_KNOTS('',3,(#12898,#12899,#12900,#12901),
 .UNSPECIFIED.,.F.,.F.,(4,4),(0.,1.),.UNSPECIFIED.);
#4307=B_SPLINE_CURVE_WITH_KNOTS('',3,(#12910,#12911,#12912,#12913),
 .UNSPECIFIED.,.F.,.F.,(4,4),(0.,1.),.UNSPECIFIED.);
#4308=B_SPLINE_CURVE_WITH_KNOTS('',3,(#12968,#12969,#12970,#12971),
 .UNSPECIFIED.,.F.,.F.,(4,4),(0.,1.),.UNSPECIFIED.);
#4309=B_SPLINE_CURVE_WITH_KNOTS('',3,(#12972,#12973,#12974,#12975),
 .UNSPECIFIED.,.F.,.F.,(4,4),(0.,1.),.UNSPECIFIED.);
#4310=B_SPLINE_CURVE_WITH_KNOTS('',3,(#12984,#12985,#12986,#12987),
 .UNSPECIFIED.,.F.,.F.,(4,4),(0.,1.),.UNSPECIFIED.);
#4311=B_SPLINE_CURVE_WITH_KNOTS('',3,(#13009,#13010,#13011,#13012),
 .UNSPECIFIED.,.F.,.F.,(4,4),(0.,1.),.UNSPECIFIED.);
#4312=B_SPLINE_CURVE_WITH_KNOTS('',3,(#13021,#13022,#13023,#13024),
 .UNSPECIFIED.,.F.,.F.,(4,4),(0.,1.),.UNSPECIFIED.);
#4313=B_SPLINE_CURVE_WITH_KNOTS('',3,(#13026,#13027,#13028,#13029),
 .UNSPECIFIED.,.F.,.F.,(4,4),(0.,1.),.UNSPECIFIED.);
#4314=B_SPLINE_CURVE_WITH_KNOTS('',3,(#13042,#13043,#13044,#13045),
 .UNSPECIFIED.,.F.,.F.,(4,4),(0.,1.),.UNSPECIFIED.);
#4315=B_SPLINE_CURVE_WITH_KNOTS('',3,(#13054,#13055,#13056,#13057),
 .UNSPECIFIED.,.F.,.F.,(4,4),(0.,1.),.UNSPECIFIED.);
#4316=B_SPLINE_CURVE_WITH_KNOTS('',3,(#13068,#13069,#13070,#13071),
 .UNSPECIFIED.,.F.,.F.,(4,4),(0.,1.),.UNSPECIFIED.);
#4317=B_SPLINE_CURVE_WITH_KNOTS('',3,(#13072,#13073,#13074,#13075),
 .UNSPECIFIED.,.F.,.F.,(4,4),(0.,1.),.UNSPECIFIED.);
#4318=B_SPLINE_CURVE_WITH_KNOTS('',3,(#13084,#13085,#13086,#13087),
 .UNSPECIFIED.,.F.,.F.,(4,4),(0.,1.),.UNSPECIFIED.);
#4319=B_SPLINE_CURVE_WITH_KNOTS('',3,(#13100,#13101,#13102,#13103),
 .UNSPECIFIED.,.F.,.F.,(4,4),(0.,1.),.UNSPECIFIED.);
#4320=B_SPLINE_CURVE_WITH_KNOTS('',3,(#13112,#13113,#13114,#13115),
 .UNSPECIFIED.,.F.,.F.,(4,4),(0.,1.),.UNSPECIFIED.);
#4321=B_SPLINE_CURVE_WITH_KNOTS('',3,(#13125,#13126,#13127,#13128),
 .UNSPECIFIED.,.F.,.F.,(4,4),(0.,1.),.UNSPECIFIED.);
#4322=B_SPLINE_CURVE_WITH_KNOTS('',3,(#13157,#13158,#13159,#13160),
 .UNSPECIFIED.,.F.,.F.,(4,4),(0.,1.),.UNSPECIFIED.);
#4323=B_SPLINE_CURVE_WITH_KNOTS('',3,(#13161,#13162,#13163,#13164),
 .UNSPECIFIED.,.F.,.F.,(4,4),(0.,1.),.UNSPECIFIED.);
#4324=EDGE_LOOP('',(#1208,#1209,#1210,#1211));
#4325=EDGE_LOOP('',(#1212,#1213,#1214,#1215,#1216,#1217,#1218,#1219,#1220,
#1221,#1222,#1223,#1224,#1225,#1226,#1227));
#4326=EDGE_LOOP('',(#1228,#1229,#1230,#1231));
#4327=EDGE_LOOP('',(#1232,#1233,#1234,#1235,#1236));
#4328=EDGE_LOOP('',(#1237,#1238,#1239,#1240));
#4329=EDGE_LOOP('',(#1241,#1242,#1243,#1244,#1245));
#4330=EDGE_LOOP('',(#1246,#1247,#1248,#1249,#1250,#1251,#1252,#1253,#1254));
#4331=EDGE_LOOP('',(#1255,#1256,#1257,#1258,#1259,#1260,#1261));
#4332=EDGE_LOOP('',(#1262,#1263,#1264,#1265,#1266,#1267,#1268,#1269,#1270,
#1271,#1272,#1273,#1274,#1275,#1276,#1277,#1278,#1279,#1280,#1281,#1282,
#1283,#1284,#1285,#1286,#1287,#1288));
#4333=EDGE_LOOP('',(#1289,#1290,#1291,#1292));
#4334=EDGE_LOOP('',(#1293,#1294,#1295,#1296));
#4335=EDGE_LOOP('',(#1297,#1298,#1299,#1300,#1301));
#4336=EDGE_LOOP('',(#1302,#1303,#1304,#1305));
#4337=EDGE_LOOP('',(#1306,#1307,#1308,#1309,#1310));
#4338=EDGE_LOOP('',(#1311,#1312,#1313,#1314,#1315));
#4339=EDGE_LOOP('',(#1316,#1317,#1318,#1319,#1320,#1321,#1322,#1323));
#4340=EDGE_LOOP('',(#1324,#1325,#1326,#1327,#1328));
#4341=EDGE_LOOP('',(#1329,#1330,#1331,#1332));
#4342=EDGE_LOOP('',(#1333,#1334,#1335,#1336));
#4343=EDGE_LOOP('',(#1337,#1338,#1339));
#4344=EDGE_LOOP('',(#1340,#1341,#1342,#1343,#1344,#1345,#1346));
#4345=EDGE_LOOP('',(#1347,#1348,#1349,#1350,#1351));
#4346=EDGE_LOOP('',(#1352,#1353,#1354,#1355));
#4347=EDGE_LOOP('',(#1356,#1357,#1358,#1359));
#4348=EDGE_LOOP('',(#1360,#1361,#1362,#1363,#1364));
#4349=EDGE_LOOP('',(#1365,#1366,#1367,#1368));
#4350=EDGE_LOOP('',(#1369,#1370,#1371,#1372,#1373));
#4351=EDGE_LOOP('',(#1374,#1375,#1376,#1377,#1378,#1379));
#4352=EDGE_LOOP('',(#1380,#1381,#1382,#1383));
#4353=EDGE_LOOP('',(#1384,#1385,#1386));
#4354=EDGE_LOOP('',(#1387,#1388,#1389,#1390,#1391,#1392,#1393,#1394));
#4355=EDGE_LOOP('',(#1395,#1396,#1397));
#4356=EDGE_LOOP('',(#1398));
#4357=EDGE_LOOP('',(#1399,#1400,#1401,#1402,#1403,#1404));
#4358=EDGE_LOOP('',(#1405));
#4359=EDGE_LOOP('',(#1406));
#4360=EDGE_LOOP('',(#1407,#1408,#1409,#1410));
#4361=EDGE_LOOP('',(#1411,#1412,#1413,#1414,#1415));
#4362=EDGE_LOOP('',(#1416));
#4363=EDGE_LOOP('',(#1417));
#4364=EDGE_LOOP('',(#1418,#1419,#1420,#1421));
#4365=EDGE_LOOP('',(#1422,#1423,#1424,#1425));
#4366=EDGE_LOOP('',(#1426,#1427,#1428,#1429,#1430));
#4367=EDGE_LOOP('',(#1431,#1432,#1433,#1434,#1435,#1436));
#4368=EDGE_LOOP('',(#1437,#1438,#1439,#1440));
#4369=EDGE_LOOP('',(#1441,#1442,#1443,#1444,#1445));
#4370=EDGE_LOOP('',(#1446,#1447,#1448,#1449));
#4371=EDGE_LOOP('',(#1450,#1451,#1452,#1453,#1454));
#4372=EDGE_LOOP('',(#1455,#1456,#1457,#1458));
#4373=EDGE_LOOP('',(#1459,#1460,#1461,#1462,#1463));
#4374=EDGE_LOOP('',(#1464,#1465,#1466,#1467));
#4375=EDGE_LOOP('',(#1468,#1469,#1470,#1471));
#4376=EDGE_LOOP('',(#1472));
#4377=EDGE_LOOP('',(#1473));
#4378=EDGE_LOOP('',(#1474));
#4379=EDGE_LOOP('',(#1475));
#4380=EDGE_LOOP('',(#1476,#1477,#1478,#1479,#1480));
#4381=EDGE_LOOP('',(#1481,#1482,#1483,#1484));
#4382=EDGE_LOOP('',(#1485));
#4383=EDGE_LOOP('',(#1486,#1487,#1488,#1489,#1490,#1491));
#4384=EDGE_LOOP('',(#1492));
#4385=EDGE_LOOP('',(#1493,#1494,#1495,#1496,#1497,#1498));
#4386=EDGE_LOOP('',(#1499,#1500,#1501,#1502,#1503));
#4387=EDGE_LOOP('',(#1504,#1505,#1506,#1507,#1508,#1509,#1510,#1511,#1512,
#1513,#1514,#1515));
#4388=EDGE_LOOP('',(#1516,#1517,#1518,#1519,#1520));
#4389=EDGE_LOOP('',(#1521,#1522,#1523,#1524,#1525));
#4390=EDGE_LOOP('',(#1526,#1527,#1528,#1529));
#4391=EDGE_LOOP('',(#1530,#1531,#1532,#1533,#1534));
#4392=EDGE_LOOP('',(#1535,#1536,#1537,#1538,#1539,#1540));
#4393=EDGE_LOOP('',(#1541,#1542,#1543,#1544,#1545));
#4394=EDGE_LOOP('',(#1546,#1547,#1548,#1549));
#4395=EDGE_LOOP('',(#1550,#1551,#1552,#1553));
#4396=EDGE_LOOP('',(#1554,#1555,#1556,#1557));
#4397=EDGE_LOOP('',(#1558,#1559,#1560,#1561));
#4398=EDGE_LOOP('',(#1562,#1563,#1564,#1565,#1566));
#4399=EDGE_LOOP('',(#1567,#1568,#1569,#1570,#1571,#1572));
#4400=EDGE_LOOP('',(#1573,#1574,#1575,#1576));
#4401=EDGE_LOOP('',(#1577,#1578,#1579,#1580));
#4402=EDGE_LOOP('',(#1581,#1582,#1583,#1584,#1585));
#4403=EDGE_LOOP('',(#1586,#1587,#1588,#1589));
#4404=EDGE_LOOP('',(#1590,#1591,#1592,#1593,#1594));
#4405=EDGE_LOOP('',(#1595,#1596,#1597,#1598,#1599,#1600,#1601,#1602,#1603,
#1604,#1605));
#4406=EDGE_LOOP('',(#1606,#1607,#1608,#1609));
#4407=EDGE_LOOP('',(#1610,#1611,#1612,#1613,#1614,#1615,#1616,#1617,#1618));
#4408=EDGE_LOOP('',(#1619));
#4409=EDGE_LOOP('',(#1620,#1621,#1622,#1623,#1624));
#4410=EDGE_LOOP('',(#1625,#1626,#1627,#1628,#1629));
#4411=EDGE_LOOP('',(#1630));
#4412=EDGE_LOOP('',(#1631,#1632,#1633,#1634,#1635,#1636));
#4413=EDGE_LOOP('',(#1637,#1638,#1639,#1640));
#4414=EDGE_LOOP('',(#1641,#1642,#1643,#1644,#1645));
#4415=EDGE_LOOP('',(#1646,#1647,#1648,#1649,#1650,#1651,#1652,#1653,#1654,
#1655));
#4416=EDGE_LOOP('',(#1656,#1657,#1658,#1659));
#4417=EDGE_LOOP('',(#1660));
#4418=EDGE_LOOP('',(#1661));
#4419=EDGE_LOOP('',(#1662,#1663,#1664,#1665,#1666,#1667,#1668,#1669,#1670,
#1671,#1672,#1673,#1674,#1675,#1676,#1677,#1678,#1679,#1680,#1681,#1682,
#1683,#1684));
#4420=EDGE_LOOP('',(#1685));
#4421=EDGE_LOOP('',(#1686));
#4422=EDGE_LOOP('',(#1687));
#4423=EDGE_LOOP('',(#1688,#1689,#1690,#1691));
#4424=EDGE_LOOP('',(#1692,#1693,#1694,#1695));
#4425=EDGE_LOOP('',(#1696,#1697,#1698,#1699));
#4426=EDGE_LOOP('',(#1700,#1701,#1702,#1703));
#4427=EDGE_LOOP('',(#1704,#1705,#1706,#1707));
#4428=EDGE_LOOP('',(#1708,#1709,#1710,#1711));
#4429=EDGE_LOOP('',(#1712,#1713,#1714,#1715,#1716,#1717,#1718,#1719));
#4430=EDGE_LOOP('',(#1720,#1721,#1722,#1723));
#4431=EDGE_LOOP('',(#1724,#1725,#1726,#1727));
#4432=EDGE_LOOP('',(#1728,#1729,#1730,#1731));
#4433=EDGE_LOOP('',(#1732,#1733,#1734,#1735));
#4434=EDGE_LOOP('',(#1736,#1737,#1738,#1739));
#4435=EDGE_LOOP('',(#1740,#1741,#1742,#1743));
#4436=EDGE_LOOP('',(#1744,#1745,#1746,#1747));
#4437=EDGE_LOOP('',(#1748,#1749,#1750,#1751,#1752,#1753));
#4438=EDGE_LOOP('',(#1754,#1755,#1756,#1757));
#4439=EDGE_LOOP('',(#1758,#1759,#1760,#1761,#1762,#1763));
#4440=EDGE_LOOP('',(#1764,#1765,#1766,#1767));
#4441=EDGE_LOOP('',(#1768,#1769,#1770,#1771,#1772,#1773));
#4442=EDGE_LOOP('',(#1774,#1775,#1776,#1777));
#4443=EDGE_LOOP('',(#1778,#1779,#1780,#1781));
#4444=EDGE_LOOP('',(#1782,#1783,#1784,#1785,#1786,#1787,#1788,#1789,#1790,
#1791,#1792,#1793,#1794,#1795,#1796,#1797));
#4445=EDGE_LOOP('',(#1798,#1799,#1800,#1801,#1802,#1803,#1804,#1805,#1806,
#1807,#1808,#1809));
#4446=EDGE_LOOP('',(#1810,#1811,#1812,#1813,#1814,#1815,#1816,#1817,#1818));
#4447=EDGE_LOOP('',(#1819,#1820,#1821,#1822));
#4448=EDGE_LOOP('',(#1823,#1824,#1825,#1826,#1827));
#4449=EDGE_LOOP('',(#1828,#1829,#1830,#1831,#1832));
#4450=EDGE_LOOP('',(#1833,#1834,#1835,#1836));
#4451=EDGE_LOOP('',(#1837,#1838,#1839,#1840,#1841,#1842));
#4452=EDGE_LOOP('',(#1843,#1844,#1845,#1846,#1847));
#4453=EDGE_LOOP('',(#1848,#1849,#1850,#1851,#1852,#1853));
#4454=EDGE_LOOP('',(#1854,#1855,#1856,#1857));
#4455=EDGE_LOOP('',(#1858,#1859,#1860,#1861));
#4456=EDGE_LOOP('',(#1862,#1863,#1864,#1865,#1866,#1867,#1868));
#4457=EDGE_LOOP('',(#1869,#1870,#1871,#1872));
#4458=EDGE_LOOP('',(#1873,#1874,#1875,#1876,#1877));
#4459=EDGE_LOOP('',(#1878,#1879,#1880,#1881));
#4460=EDGE_LOOP('',(#1882,#1883,#1884,#1885));
#4461=EDGE_LOOP('',(#1886,#1887,#1888,#1889));
#4462=EDGE_LOOP('',(#1890,#1891,#1892,#1893,#1894));
#4463=EDGE_LOOP('',(#1895,#1896,#1897,#1898,#1899,#1900,#1901));
#4464=EDGE_LOOP('',(#1902,#1903,#1904,#1905,#1906,#1907,#1908));
#4465=EDGE_LOOP('',(#1909,#1910,#1911,#1912,#1913,#1914));
#4466=EDGE_LOOP('',(#1915,#1916,#1917,#1918));
#4467=EDGE_LOOP('',(#1919,#1920,#1921,#1922,#1923));
#4468=EDGE_LOOP('',(#1924));
#4469=EDGE_LOOP('',(#1925));
#4470=EDGE_LOOP('',(#1926));
#4471=EDGE_LOOP('',(#1927));
#4472=EDGE_LOOP('',(#1928,#1929,#1930,#1931));
#4473=EDGE_LOOP('',(#1932,#1933,#1934,#1935));
#4474=EDGE_LOOP('',(#1936,#1937,#1938,#1939));
#4475=EDGE_LOOP('',(#1940,#1941,#1942,#1943));
#4476=EDGE_LOOP('',(#1944,#1945,#1946,#1947));
#4477=EDGE_LOOP('',(#1948,#1949,#1950,#1951));
#4478=EDGE_LOOP('',(#1952,#1953,#1954,#1955));
#4479=EDGE_LOOP('',(#1956,#1957,#1958,#1959));
#4480=EDGE_LOOP('',(#1960,#1961,#1962,#1963,#1964));
#4481=EDGE_LOOP('',(#1965,#1966,#1967,#1968,#1969,#1970,#1971,#1972,#1973,
#1974,#1975,#1976,#1977,#1978,#1979));
#4482=EDGE_LOOP('',(#1980,#1981,#1982,#1983));
#4483=EDGE_LOOP('',(#1984,#1985,#1986,#1987));
#4484=EDGE_LOOP('',(#1988,#1989,#1990,#1991));
#4485=EDGE_LOOP('',(#1992,#1993,#1994,#1995));
#4486=EDGE_LOOP('',(#1996,#1997,#1998,#1999));
#4487=EDGE_LOOP('',(#2000,#2001,#2002,#2003));
#4488=EDGE_LOOP('',(#2004,#2005,#2006,#2007));
#4489=EDGE_LOOP('',(#2008,#2009,#2010,#2011));
#4490=EDGE_LOOP('',(#2012,#2013,#2014,#2015));
#4491=EDGE_LOOP('',(#2016,#2017,#2018,#2019));
#4492=EDGE_LOOP('',(#2020,#2021,#2022,#2023));
#4493=EDGE_LOOP('',(#2024,#2025,#2026,#2027));
#4494=EDGE_LOOP('',(#2028,#2029,#2030,#2031));
#4495=EDGE_LOOP('',(#2032,#2033,#2034,#2035));
#4496=EDGE_LOOP('',(#2036,#2037,#2038,#2039));
#4497=EDGE_LOOP('',(#2040,#2041,#2042,#2043));
#4498=EDGE_LOOP('',(#2044,#2045,#2046,#2047));
#4499=EDGE_LOOP('',(#2048,#2049,#2050,#2051,#2052,#2053,#2054,#2055,#2056,
#2057));
#4500=EDGE_LOOP('',(#2058,#2059,#2060,#2061));
#4501=EDGE_LOOP('',(#2062,#2063,#2064,#2065,#2066,#2067,#2068));
#4502=EDGE_LOOP('',(#2069,#2070,#2071,#2072,#2073));
#4503=EDGE_LOOP('',(#2074,#2075,#2076,#2077));
#4504=EDGE_LOOP('',(#2078,#2079,#2080,#2081));
#4505=EDGE_LOOP('',(#2082,#2083,#2084,#2085,#2086,#2087,#2088,#2089,#2090,
#2091,#2092));
#4506=EDGE_LOOP('',(#2093,#2094,#2095,#2096,#2097));
#4507=EDGE_LOOP('',(#2098,#2099,#2100,#2101,#2102,#2103,#2104,#2105,#2106,
#2107,#2108,#2109,#2110,#2111,#2112,#2113,#2114,#2115,#2116,#2117,#2118,
#2119));
#4508=EDGE_LOOP('',(#2120,#2121,#2122,#2123,#2124,#2125));
#4509=EDGE_LOOP('',(#2126,#2127,#2128,#2129,#2130));
#4510=EDGE_LOOP('',(#2131,#2132,#2133,#2134));
#4511=EDGE_LOOP('',(#2135,#2136,#2137,#2138,#2139));
#4512=EDGE_LOOP('',(#2140,#2141,#2142,#2143,#2144,#2145));
#4513=EDGE_LOOP('',(#2146,#2147,#2148,#2149,#2150,#2151,#2152,#2153,#2154,
#2155,#2156,#2157,#2158,#2159,#2160,#2161,#2162,#2163,#2164,#2165,#2166,
#2167,#2168,#2169,#2170,#2171,#2172,#2173));
#4514=EDGE_LOOP('',(#2174));
#4515=EDGE_LOOP('',(#2175));
#4516=EDGE_LOOP('',(#2176,#2177,#2178,#2179,#2180,#2181));
#4517=EDGE_LOOP('',(#2182,#2183,#2184,#2185,#2186));
#4518=EDGE_LOOP('',(#2187,#2188,#2189,#2190,#2191,#2192));
#4519=EDGE_LOOP('',(#2193,#2194,#2195));
#4520=EDGE_LOOP('',(#2196,#2197,#2198,#2199));
#4521=EDGE_LOOP('',(#2200,#2201,#2202,#2203));
#4522=EDGE_LOOP('',(#2204,#2205,#2206,#2207,#2208,#2209,#2210,#2211));
#4523=EDGE_LOOP('',(#2212,#2213,#2214,#2215));
#4524=EDGE_LOOP('',(#2216,#2217,#2218,#2219,#2220));
#4525=EDGE_LOOP('',(#2221,#2222,#2223,#2224));
#4526=EDGE_LOOP('',(#2225,#2226,#2227,#2228));
#4527=EDGE_LOOP('',(#2229,#2230,#2231,#2232));
#4528=EDGE_LOOP('',(#2233,#2234,#2235,#2236));
#4529=EDGE_LOOP('',(#2237,#2238,#2239,#2240));
#4530=EDGE_LOOP('',(#2241,#2242,#2243,#2244,#2245,#2246));
#4531=EDGE_LOOP('',(#2247,#2248,#2249,#2250));
#4532=EDGE_LOOP('',(#2251,#2252,#2253,#2254,#2255,#2256));
#4533=EDGE_LOOP('',(#2257,#2258,#2259,#2260));
#4534=EDGE_LOOP('',(#2261,#2262,#2263,#2264,#2265));
#4535=EDGE_LOOP('',(#2266,#2267,#2268,#2269));
#4536=EDGE_LOOP('',(#2270,#2271,#2272,#2273,#2274));
#4537=EDGE_LOOP('',(#2275,#2276,#2277,#2278));
#4538=EDGE_LOOP('',(#2279,#2280,#2281,#2282,#2283,#2284,#2285,#2286,#2287,
#2288,#2289,#2290));
#4539=EDGE_LOOP('',(#2291,#2292,#2293,#2294));
#4540=EDGE_LOOP('',(#2295,#2296,#2297,#2298,#2299,#2300,#2301,#2302,#2303,
#2304,#2305,#2306,#2307,#2308,#2309));
#4541=EDGE_LOOP('',(#2310,#2311,#2312,#2313));
#4542=EDGE_LOOP('',(#2314,#2315,#2316,#2317,#2318,#2319,#2320,#2321,#2322,
#2323,#2324,#2325));
#4543=EDGE_LOOP('',(#2326,#2327,#2328));
#4544=EDGE_LOOP('',(#2329,#2330,#2331,#2332,#2333));
#4545=EDGE_LOOP('',(#2334,#2335,#2336,#2337,#2338));
#4546=EDGE_LOOP('',(#2339,#2340,#2341,#2342,#2343,#2344,#2345,#2346,#2347));
#4547=EDGE_LOOP('',(#2348,#2349,#2350,#2351));
#4548=EDGE_LOOP('',(#2352,#2353,#2354,#2355,#2356,#2357,#2358,#2359));
#4549=EDGE_LOOP('',(#2360,#2361,#2362,#2363,#2364));
#4550=EDGE_LOOP('',(#2365,#2366,#2367,#2368));
#4551=EDGE_LOOP('',(#2369,#2370,#2371,#2372));
#4552=EDGE_LOOP('',(#2373,#2374,#2375,#2376));
#4553=EDGE_LOOP('',(#2377,#2378,#2379,#2380,#2381,#2382));
#4554=EDGE_LOOP('',(#2383,#2384,#2385,#2386));
#4555=EDGE_LOOP('',(#2387,#2388,#2389));
#4556=EDGE_LOOP('',(#2390,#2391,#2392,#2393,#2394));
#4557=EDGE_LOOP('',(#2395,#2396,#2397,#2398,#2399,#2400,#2401));
#4558=EDGE_LOOP('',(#2402,#2403,#2404,#2405));
#4559=EDGE_LOOP('',(#2406));
#4560=EDGE_LOOP('',(#2407,#2408,#2409,#2410));
#4561=EDGE_LOOP('',(#2411,#2412,#2413,#2414));
#4562=EDGE_LOOP('',(#2415,#2416,#2417,#2418,#2419,#2420,#2421,#2422,#2423,
#2424,#2425,#2426,#2427));
#4563=EDGE_LOOP('',(#2428,#2429,#2430,#2431));
#4564=EDGE_LOOP('',(#2432,#2433,#2434,#2435,#2436));
#4565=EDGE_LOOP('',(#2437,#2438,#2439,#2440));
#4566=EDGE_LOOP('',(#2441,#2442,#2443,#2444));
#4567=EDGE_LOOP('',(#2445,#2446,#2447,#2448));
#4568=EDGE_LOOP('',(#2449,#2450,#2451,#2452,#2453,#2454,#2455,#2456,#2457,
#2458,#2459));
#4569=EDGE_LOOP('',(#2460,#2461,#2462,#2463));
#4570=EDGE_LOOP('',(#2464,#2465,#2466,#2467,#2468,#2469,#2470,#2471));
#4571=EDGE_LOOP('',(#2472,#2473,#2474,#2475));
#4572=EDGE_LOOP('',(#2476,#2477,#2478,#2479));
#4573=EDGE_LOOP('',(#2480,#2481,#2482,#2483));
#4574=EDGE_LOOP('',(#2484,#2485,#2486,#2487,#2488,#2489));
#4575=EDGE_LOOP('',(#2490,#2491,#2492,#2493));
#4576=EDGE_LOOP('',(#2494,#2495,#2496,#2497));
#4577=EDGE_LOOP('',(#2498,#2499,#2500,#2501,#2502));
#4578=EDGE_LOOP('',(#2503,#2504,#2505,#2506,#2507,#2508,#2509,#2510,#2511,
#2512,#2513));
#4579=EDGE_LOOP('',(#2514,#2515,#2516,#2517,#2518,#2519));
#4580=EDGE_LOOP('',(#2520,#2521,#2522,#2523));
#4581=EDGE_LOOP('',(#2524,#2525,#2526,#2527,#2528,#2529));
#4582=EDGE_LOOP('',(#2530,#2531,#2532,#2533,#2534,#2535));
#4583=EDGE_LOOP('',(#2536,#2537,#2538,#2539,#2540,#2541,#2542,#2543,#2544,
#2545));
#4584=EDGE_LOOP('',(#2546,#2547,#2548,#2549));
#4585=EDGE_LOOP('',(#2550,#2551,#2552,#2553,#2554,#2555,#2556));
#4586=EDGE_LOOP('',(#2557,#2558,#2559,#2560,#2561,#2562));
#4587=EDGE_LOOP('',(#2563,#2564,#2565,#2566));
#4588=EDGE_LOOP('',(#2567,#2568,#2569,#2570,#2571));
#4589=EDGE_LOOP('',(#2572,#2573,#2574,#2575));
#4590=EDGE_LOOP('',(#2576,#2577,#2578,#2579,#2580,#2581,#2582,#2583,#2584,
#2585,#2586,#2587,#2588,#2589,#2590,#2591));
#4591=EDGE_LOOP('',(#2592,#2593,#2594,#2595,#2596,#2597));
#4592=EDGE_LOOP('',(#2598,#2599,#2600,#2601));
#4593=EDGE_LOOP('',(#2602,#2603,#2604,#2605,#2606,#2607,#2608,#2609));
#4594=EDGE_LOOP('',(#2610,#2611,#2612,#2613));
#4595=EDGE_LOOP('',(#2614,#2615,#2616,#2617));
#4596=EDGE_LOOP('',(#2618,#2619,#2620,#2621));
#4597=EDGE_LOOP('',(#2622,#2623,#2624,#2625));
#4598=EDGE_LOOP('',(#2626,#2627,#2628,#2629));
#4599=EDGE_LOOP('',(#2630,#2631,#2632,#2633,#2634));
#4600=EDGE_LOOP('',(#2635,#2636,#2637,#2638));
#4601=EDGE_LOOP('',(#2639,#2640,#2641,#2642));
#4602=EDGE_LOOP('',(#2643,#2644,#2645,#2646));
#4603=EDGE_LOOP('',(#2647,#2648,#2649,#2650));
#4604=EDGE_LOOP('',(#2651,#2652,#2653,#2654));
#4605=EDGE_LOOP('',(#2655,#2656,#2657,#2658,#2659,#2660,#2661));
#4606=EDGE_LOOP('',(#2662,#2663,#2664,#2665));
#4607=EDGE_LOOP('',(#2666,#2667,#2668,#2669));
#4608=EDGE_LOOP('',(#2670,#2671,#2672,#2673,#2674));
#4609=EDGE_LOOP('',(#2675,#2676,#2677,#2678));
#4610=EDGE_LOOP('',(#2679,#2680,#2681,#2682));
#4611=EDGE_LOOP('',(#2683,#2684,#2685,#2686,#2687));
#4612=EDGE_LOOP('',(#2688,#2689,#2690,#2691));
#4613=EDGE_LOOP('',(#2692,#2693,#2694,#2695,#2696,#2697));
#4614=EDGE_LOOP('',(#2698,#2699,#2700,#2701,#2702));
#4615=EDGE_LOOP('',(#2703,#2704,#2705,#2706));
#4616=EDGE_LOOP('',(#2707,#2708,#2709,#2710));
#4617=EDGE_LOOP('',(#2711,#2712,#2713,#2714,#2715));
#4618=EDGE_LOOP('',(#2716,#2717,#2718,#2719,#2720));
#4619=EDGE_LOOP('',(#2721,#2722,#2723,#2724));
#4620=EDGE_LOOP('',(#2725,#2726,#2727,#2728));
#4621=EDGE_LOOP('',(#2729,#2730,#2731,#2732));
#4622=EDGE_LOOP('',(#2733,#2734,#2735,#2736));
#4623=EDGE_LOOP('',(#2737,#2738,#2739,#2740,#2741));
#4624=EDGE_LOOP('',(#2742,#2743,#2744,#2745,#2746,#2747));
#4625=EDGE_LOOP('',(#2748,#2749,#2750,#2751,#2752));
#4626=EDGE_LOOP('',(#2753,#2754,#2755,#2756,#2757,#2758));
#4627=EDGE_LOOP('',(#2759));
#4628=EDGE_LOOP('',(#2760));
#4629=EDGE_LOOP('',(#2761));
#4630=EDGE_LOOP('',(#2762,#2763,#2764,#2765));
#4631=EDGE_LOOP('',(#2766));
#4632=EDGE_LOOP('',(#2767));
#4633=FACE_BOUND('',#4324,.T.);
#4634=FACE_BOUND('',#4325,.T.);
#4635=FACE_BOUND('',#4326,.T.);
#4636=FACE_BOUND('',#4327,.T.);
#4637=FACE_BOUND('',#4328,.T.);
#4638=FACE_BOUND('',#4329,.T.);
#4639=FACE_BOUND('',#4330,.T.);
#4640=FACE_BOUND('',#4331,.T.);
#4641=FACE_BOUND('',#4332,.T.);
#4642=FACE_BOUND('',#4333,.T.);
#4643=FACE_BOUND('',#4334,.T.);
#4644=FACE_BOUND('',#4335,.T.);
#4645=FACE_BOUND('',#4336,.T.);
#4646=FACE_BOUND('',#4337,.T.);
#4647=FACE_BOUND('',#4338,.T.);
#4648=FACE_BOUND('',#4339,.T.);
#4649=FACE_BOUND('',#4340,.T.);
#4650=FACE_BOUND('',#4341,.T.);
#4651=FACE_BOUND('',#4342,.T.);
#4652=FACE_BOUND('',#4343,.T.);
#4653=FACE_BOUND('',#4344,.T.);
#4654=FACE_BOUND('',#4345,.T.);
#4655=FACE_BOUND('',#4346,.T.);
#4656=FACE_BOUND('',#4347,.T.);
#4657=FACE_BOUND('',#4348,.T.);
#4658=FACE_BOUND('',#4349,.T.);
#4659=FACE_BOUND('',#4350,.T.);
#4660=FACE_BOUND('',#4351,.T.);
#4661=FACE_BOUND('',#4352,.T.);
#4662=FACE_BOUND('',#4353,.T.);
#4663=FACE_BOUND('',#4354,.T.);
#4664=FACE_BOUND('',#4355,.T.);
#4665=FACE_BOUND('',#4356,.T.);
#4666=FACE_BOUND('',#4357,.T.);
#4667=FACE_BOUND('',#4358,.T.);
#4668=FACE_BOUND('',#4359,.T.);
#4669=FACE_BOUND('',#4360,.T.);
#4670=FACE_BOUND('',#4361,.T.);
#4671=FACE_BOUND('',#4362,.T.);
#4672=FACE_BOUND('',#4363,.T.);
#4673=FACE_BOUND('',#4364,.T.);
#4674=FACE_BOUND('',#4365,.T.);
#4675=FACE_BOUND('',#4366,.T.);
#4676=FACE_BOUND('',#4367,.T.);
#4677=FACE_BOUND('',#4368,.T.);
#4678=FACE_BOUND('',#4369,.T.);
#4679=FACE_BOUND('',#4370,.T.);
#4680=FACE_BOUND('',#4371,.T.);
#4681=FACE_BOUND('',#4372,.T.);
#4682=FACE_BOUND('',#4373,.T.);
#4683=FACE_BOUND('',#4374,.T.);
#4684=FACE_BOUND('',#4375,.T.);
#4685=FACE_BOUND('',#4376,.T.);
#4686=FACE_BOUND('',#4377,.T.);
#4687=FACE_BOUND('',#4378,.T.);
#4688=FACE_BOUND('',#4379,.T.);
#4689=FACE_BOUND('',#4380,.T.);
#4690=FACE_BOUND('',#4381,.T.);
#4691=FACE_BOUND('',#4382,.T.);
#4692=FACE_BOUND('',#4383,.T.);
#4693=FACE_BOUND('',#4384,.T.);
#4694=FACE_BOUND('',#4385,.T.);
#4695=FACE_BOUND('',#4386,.T.);
#4696=FACE_BOUND('',#4387,.T.);
#4697=FACE_BOUND('',#4388,.T.);
#4698=FACE_BOUND('',#4389,.T.);
#4699=FACE_BOUND('',#4390,.T.);
#4700=FACE_BOUND('',#4391,.T.);
#4701=FACE_BOUND('',#4392,.T.);
#4702=FACE_BOUND('',#4393,.T.);
#4703=FACE_BOUND('',#4394,.T.);
#4704=FACE_BOUND('',#4395,.T.);
#4705=FACE_BOUND('',#4396,.T.);
#4706=FACE_BOUND('',#4397,.T.);
#4707=FACE_BOUND('',#4398,.T.);
#4708=FACE_BOUND('',#4399,.T.);
#4709=FACE_BOUND('',#4400,.T.);
#4710=FACE_BOUND('',#4401,.T.);
#4711=FACE_BOUND('',#4402,.T.);
#4712=FACE_BOUND('',#4403,.T.);
#4713=FACE_BOUND('',#4404,.T.);
#4714=FACE_BOUND('',#4405,.T.);
#4715=FACE_BOUND('',#4406,.T.);
#4716=FACE_BOUND('',#4407,.T.);
#4717=FACE_BOUND('',#4408,.T.);
#4718=FACE_BOUND('',#4409,.T.);
#4719=FACE_BOUND('',#4410,.T.);
#4720=FACE_BOUND('',#4411,.T.);
#4721=FACE_BOUND('',#4412,.T.);
#4722=FACE_BOUND('',#4413,.T.);
#4723=FACE_BOUND('',#4414,.T.);
#4724=FACE_BOUND('',#4415,.T.);
#4725=FACE_BOUND('',#4416,.T.);
#4726=FACE_BOUND('',#4417,.T.);
#4727=FACE_BOUND('',#4418,.T.);
#4728=FACE_BOUND('',#4419,.T.);
#4729=FACE_BOUND('',#4420,.T.);
#4730=FACE_BOUND('',#4421,.T.);
#4731=FACE_BOUND('',#4422,.T.);
#4732=FACE_BOUND('',#4423,.T.);
#4733=FACE_BOUND('',#4424,.T.);
#4734=FACE_BOUND('',#4425,.T.);
#4735=FACE_BOUND('',#4426,.T.);
#4736=FACE_BOUND('',#4427,.T.);
#4737=FACE_BOUND('',#4428,.T.);
#4738=FACE_BOUND('',#4429,.T.);
#4739=FACE_BOUND('',#4430,.T.);
#4740=FACE_BOUND('',#4431,.T.);
#4741=FACE_BOUND('',#4432,.T.);
#4742=FACE_BOUND('',#4433,.T.);
#4743=FACE_BOUND('',#4434,.T.);
#4744=FACE_BOUND('',#4435,.T.);
#4745=FACE_BOUND('',#4436,.T.);
#4746=FACE_BOUND('',#4437,.T.);
#4747=FACE_BOUND('',#4438,.T.);
#4748=FACE_BOUND('',#4439,.T.);
#4749=FACE_BOUND('',#4440,.T.);
#4750=FACE_BOUND('',#4441,.T.);
#4751=FACE_BOUND('',#4442,.T.);
#4752=FACE_BOUND('',#4443,.T.);
#4753=FACE_BOUND('',#4444,.T.);
#4754=FACE_BOUND('',#4445,.T.);
#4755=FACE_BOUND('',#4446,.T.);
#4756=FACE_BOUND('',#4447,.T.);
#4757=FACE_BOUND('',#4448,.T.);
#4758=FACE_BOUND('',#4449,.T.);
#4759=FACE_BOUND('',#4450,.T.);
#4760=FACE_BOUND('',#4451,.T.);
#4761=FACE_BOUND('',#4452,.T.);
#4762=FACE_BOUND('',#4453,.T.);
#4763=FACE_BOUND('',#4454,.T.);
#4764=FACE_BOUND('',#4455,.T.);
#4765=FACE_BOUND('',#4456,.T.);
#4766=FACE_BOUND('',#4457,.T.);
#4767=FACE_BOUND('',#4458,.T.);
#4768=FACE_BOUND('',#4459,.T.);
#4769=FACE_BOUND('',#4460,.T.);
#4770=FACE_BOUND('',#4461,.T.);
#4771=FACE_BOUND('',#4462,.T.);
#4772=FACE_BOUND('',#4463,.T.);
#4773=FACE_BOUND('',#4464,.T.);
#4774=FACE_BOUND('',#4465,.T.);
#4775=FACE_BOUND('',#4466,.T.);
#4776=FACE_BOUND('',#4467,.T.);
#4777=FACE_BOUND('',#4468,.T.);
#4778=FACE_BOUND('',#4469,.T.);
#4779=FACE_BOUND('',#4470,.T.);
#4780=FACE_BOUND('',#4471,.T.);
#4781=FACE_BOUND('',#4472,.T.);
#4782=FACE_BOUND('',#4473,.T.);
#4783=FACE_BOUND('',#4474,.T.);
#4784=FACE_BOUND('',#4475,.T.);
#4785=FACE_BOUND('',#4476,.T.);
#4786=FACE_BOUND('',#4477,.T.);
#4787=FACE_BOUND('',#4478,.T.);
#4788=FACE_BOUND('',#4479,.T.);
#4789=FACE_BOUND('',#4480,.T.);
#4790=FACE_BOUND('',#4481,.T.);
#4791=FACE_BOUND('',#4482,.T.);
#4792=FACE_BOUND('',#4483,.T.);
#4793=FACE_BOUND('',#4484,.T.);
#4794=FACE_BOUND('',#4485,.T.);
#4795=FACE_BOUND('',#4486,.T.);
#4796=FACE_BOUND('',#4487,.T.);
#4797=FACE_BOUND('',#4488,.T.);
#4798=FACE_BOUND('',#4489,.T.);
#4799=FACE_BOUND('',#4490,.T.);
#4800=FACE_BOUND('',#4491,.T.);
#4801=FACE_BOUND('',#4492,.T.);
#4802=FACE_BOUND('',#4493,.T.);
#4803=FACE_BOUND('',#4494,.T.);
#4804=FACE_BOUND('',#4495,.T.);
#4805=FACE_BOUND('',#4496,.T.);
#4806=FACE_BOUND('',#4497,.T.);
#4807=FACE_BOUND('',#4498,.T.);
#4808=FACE_BOUND('',#4499,.T.);
#4809=FACE_BOUND('',#4500,.T.);
#4810=FACE_BOUND('',#4501,.T.);
#4811=FACE_BOUND('',#4502,.T.);
#4812=FACE_BOUND('',#4503,.T.);
#4813=FACE_BOUND('',#4504,.T.);
#4814=FACE_BOUND('',#4505,.T.);
#4815=FACE_BOUND('',#4506,.T.);
#4816=FACE_BOUND('',#4507,.T.);
#4817=FACE_BOUND('',#4508,.T.);
#4818=FACE_BOUND('',#4509,.T.);
#4819=FACE_BOUND('',#4510,.T.);
#4820=FACE_BOUND('',#4511,.T.);
#4821=FACE_BOUND('',#4512,.T.);
#4822=FACE_BOUND('',#4513,.T.);
#4823=FACE_BOUND('',#4514,.T.);
#4824=FACE_BOUND('',#4515,.T.);
#4825=FACE_BOUND('',#4516,.T.);
#4826=FACE_BOUND('',#4517,.T.);
#4827=FACE_BOUND('',#4518,.T.);
#4828=FACE_BOUND('',#4519,.T.);
#4829=FACE_BOUND('',#4520,.T.);
#4830=FACE_BOUND('',#4521,.T.);
#4831=FACE_BOUND('',#4522,.T.);
#4832=FACE_BOUND('',#4523,.T.);
#4833=FACE_BOUND('',#4524,.T.);
#4834=FACE_BOUND('',#4525,.T.);
#4835=FACE_BOUND('',#4526,.T.);
#4836=FACE_BOUND('',#4527,.T.);
#4837=FACE_BOUND('',#4528,.T.);
#4838=FACE_BOUND('',#4529,.T.);
#4839=FACE_BOUND('',#4530,.T.);
#4840=FACE_BOUND('',#4531,.T.);
#4841=FACE_BOUND('',#4532,.T.);
#4842=FACE_BOUND('',#4533,.T.);
#4843=FACE_BOUND('',#4534,.T.);
#4844=FACE_BOUND('',#4535,.T.);
#4845=FACE_BOUND('',#4536,.T.);
#4846=FACE_BOUND('',#4537,.T.);
#4847=FACE_BOUND('',#4538,.T.);
#4848=FACE_BOUND('',#4539,.T.);
#4849=FACE_BOUND('',#4540,.T.);
#4850=FACE_BOUND('',#4541,.T.);
#4851=FACE_BOUND('',#4542,.T.);
#4852=FACE_BOUND('',#4543,.T.);
#4853=FACE_BOUND('',#4544,.T.);
#4854=FACE_BOUND('',#4545,.T.);
#4855=FACE_BOUND('',#4546,.T.);
#4856=FACE_BOUND('',#4547,.T.);
#4857=FACE_BOUND('',#4548,.T.);
#4858=FACE_BOUND('',#4549,.T.);
#4859=FACE_BOUND('',#4550,.T.);
#4860=FACE_BOUND('',#4551,.T.);
#4861=FACE_BOUND('',#4552,.T.);
#4862=FACE_BOUND('',#4553,.T.);
#4863=FACE_BOUND('',#4554,.T.);
#4864=FACE_BOUND('',#4555,.T.);
#4865=FACE_BOUND('',#4556,.T.);
#4866=FACE_BOUND('',#4557,.T.);
#4867=FACE_BOUND('',#4558,.T.);
#4868=FACE_BOUND('',#4559,.T.);
#4869=FACE_BOUND('',#4560,.T.);
#4870=FACE_BOUND('',#4561,.T.);
#4871=FACE_BOUND('',#4562,.T.);
#4872=FACE_BOUND('',#4563,.T.);
#4873=FACE_BOUND('',#4564,.T.);
#4874=FACE_BOUND('',#4565,.T.);
#4875=FACE_BOUND('',#4566,.T.);
#4876=FACE_BOUND('',#4567,.T.);
#4877=FACE_BOUND('',#4568,.T.);
#4878=FACE_BOUND('',#4569,.T.);
#4879=FACE_BOUND('',#4570,.T.);
#4880=FACE_BOUND('',#4571,.T.);
#4881=FACE_BOUND('',#4572,.T.);
#4882=FACE_BOUND('',#4573,.T.);
#4883=FACE_BOUND('',#4574,.T.);
#4884=FACE_BOUND('',#4575,.T.);
#4885=FACE_BOUND('',#4576,.T.);
#4886=FACE_BOUND('',#4577,.T.);
#4887=FACE_BOUND('',#4578,.T.);
#4888=FACE_BOUND('',#4579,.T.);
#4889=FACE_BOUND('',#4580,.T.);
#4890=FACE_BOUND('',#4581,.T.);
#4891=FACE_BOUND('',#4582,.T.);
#4892=FACE_BOUND('',#4583,.T.);
#4893=FACE_BOUND('',#4584,.T.);
#4894=FACE_BOUND('',#4585,.T.);
#4895=FACE_BOUND('',#4586,.T.);
#4896=FACE_BOUND('',#4587,.T.);
#4897=FACE_BOUND('',#4588,.T.);
#4898=FACE_BOUND('',#4589,.T.);
#4899=FACE_BOUND('',#4590,.T.);
#4900=FACE_BOUND('',#4591,.T.);
#4901=FACE_BOUND('',#4592,.T.);
#4902=FACE_BOUND('',#4593,.T.);
#4903=FACE_BOUND('',#4594,.T.);
#4904=FACE_BOUND('',#4595,.T.);
#4905=FACE_BOUND('',#4596,.T.);
#4906=FACE_BOUND('',#4597,.T.);
#4907=FACE_BOUND('',#4598,.T.);
#4908=FACE_BOUND('',#4599,.T.);
#4909=FACE_BOUND('',#4600,.T.);
#4910=FACE_BOUND('',#4601,.T.);
#4911=FACE_BOUND('',#4602,.T.);
#4912=FACE_BOUND('',#4603,.T.);
#4913=FACE_BOUND('',#4604,.T.);
#4914=FACE_BOUND('',#4605,.T.);
#4915=FACE_BOUND('',#4606,.T.);
#4916=FACE_BOUND('',#4607,.T.);
#4917=FACE_BOUND('',#4608,.T.);
#4918=FACE_BOUND('',#4609,.T.);
#4919=FACE_BOUND('',#4610,.T.);
#4920=FACE_BOUND('',#4611,.T.);
#4921=FACE_BOUND('',#4612,.T.);
#4922=FACE_BOUND('',#4613,.T.);
#4923=FACE_BOUND('',#4614,.T.);
#4924=FACE_BOUND('',#4615,.T.);
#4925=FACE_BOUND('',#4616,.T.);
#4926=FACE_BOUND('',#4617,.T.);
#4927=FACE_BOUND('',#4618,.T.);
#4928=FACE_BOUND('',#4619,.T.);
#4929=FACE_BOUND('',#4620,.T.);
#4930=FACE_BOUND('',#4621,.T.);
#4931=FACE_BOUND('',#4622,.T.);
#4932=FACE_BOUND('',#4623,.T.);
#4933=FACE_BOUND('',#4624,.T.);
#4934=FACE_BOUND('',#4625,.T.);
#4935=FACE_BOUND('',#4626,.T.);
#4936=FACE_BOUND('',#4627,.T.);
#4937=FACE_BOUND('',#4628,.T.);
#4938=FACE_BOUND('',#4629,.T.);
#4939=FACE_BOUND('',#4630,.T.);
#4940=FACE_BOUND('',#4631,.T.);
#4941=FACE_BOUND('',#4632,.T.);
#4942=B_SPLINE_SURFACE_WITH_KNOTS('',1,3,((#6596,#6597,#6598,#6599),(#6600,
#6601,#6602,#6603)),.SURF_OF_LINEAR_EXTRUSION.,.F.,.F.,.F.,(2,2),(4,4),
(0.,1.),(0.,0.803636792778034),.PIECEWISE_BEZIER_KNOTS.);
#4943=B_SPLINE_SURFACE_WITH_KNOTS('',1,3,((#7016,#7017,#7018,#7019),(#7020,
#7021,#7022,#7023)),.SURF_OF_LINEAR_EXTRUSION.,.F.,.F.,.F.,(2,2),(4,4),
(0.,1.),(0.0742153846824594,0.916723517750364),.PIECEWISE_BEZIER_KNOTS.);
#4944=B_SPLINE_SURFACE_WITH_KNOTS('',2,1,((#7591,#7592),(#7593,#7594),(#7595,
#7596)),.SURF_OF_LINEAR_EXTRUSION.,.F.,.F.,.F.,(3,3),(2,2),(0.660383546053591,
0.959902764313699),(0.,0.00365097752934568),.PIECEWISE_BEZIER_KNOTS.);
#4945=B_SPLINE_SURFACE_WITH_KNOTS('',2,1,((#7669,#7670),(#7671,#7672),(#7673,
#7674)),.SURF_OF_LINEAR_EXTRUSION.,.F.,.F.,.F.,(3,3),(2,2),(0.707486822793544,
1.),(0.956653267628496,1.),.PIECEWISE_BEZIER_KNOTS.);
#4946=B_SPLINE_SURFACE_WITH_KNOTS('',1,3,((#7685,#7686,#7687,#7688),(#7689,
#7690,#7691,#7692)),.RULED_SURF.,.F.,.F.,.F.,(2,2),(4,4),(0.,1.),(0.00672582344633185,
0.997699829834668),.PIECEWISE_BEZIER_KNOTS.);
#4947=B_SPLINE_SURFACE_WITH_KNOTS('',1,3,((#10437,#10438,#10439,#10440,
#10441,#10442,#10443,#10444,#10445,#10446),(#10447,#10448,#10449,#10450,
#10451,#10452,#10453,#10454,#10455,#10456)),.RULED_SURF.,.F.,.F.,.F.,(2,
2),(4,2,2,2,4),(0.,1.),(0.078870432954648,0.156519360737399,0.271028946193377,
0.500048117105335,0.896699383836818),.UNSPECIFIED.);
#4948=B_SPLINE_SURFACE_WITH_KNOTS('',1,3,((#10468,#10469,#10470,#10471,
#10472,#10473,#10474,#10475),(#10476,#10477,#10478,#10479,#10480,#10481,
#10482,#10483)),.RULED_SURF.,.F.,.F.,.F.,(2,2),(4,2,2,4),(0.,1.),(0.0704422709870729,
0.266048696842124,0.499909415282263,0.871103239661848),.UNSPECIFIED.);
#4949=B_SPLINE_SURFACE_WITH_KNOTS('',3,3,((#10650,#10651,#10652,#10653,
#10654,#10655,#10656,#10657,#10658),(#10659,#10660,#10661,#10662,#10663,
#10664,#10665,#10666,#10667),(#10668,#10669,#10670,#10671,#10672,#10673,
#10674,#10675,#10676),(#10677,#10678,#10679,#10680,#10681,#10682,#10683,
#10684,#10685),(#10686,#10687,#10688,#10689,#10690,#10691,#10692,#10693,
#10694),(#10695,#10696,#10697,#10698,#10699,#10700,#10701,#10702,#10703),
(#10704,#10705,#10706,#10707,#10708,#10709,#10710,#10711,#10712),(#10713,
#10714,#10715,#10716,#10717,#10718,#10719,#10720,#10721),(#10722,#10723,
#10724,#10725,#10726,#10727,#10728,#10729,#10730),(#10731,#10732,#10733,
#10734,#10735,#10736,#10737,#10738,#10739)),.UNSPECIFIED.,.F.,.F.,.F.,(4,
2,2,2,4),(4,2,3,4),(0.149640226793554,0.185179653930908,0.370359307861815,
0.685179653930908,1.),(0.,0.5,1.,1.00600209943269),.UNSPECIFIED.);
#4950=B_SPLINE_SURFACE_WITH_KNOTS('',2,1,((#10740,#10741,#10742,#10743),
(#10744,#10745,#10746,#10747),(#10748,#10749,#10750,#10751),(#10752,#10753,
#10754,#10755),(#10756,#10757,#10758,#10759),(#10760,#10761,#10762,#10763),
(#10764,#10765,#10766,#10767)),.SURF_OF_LINEAR_EXTRUSION.,.F.,.F.,.F.,(3,
2,2,3),(2,1,1,2),(-1.,0.,1.,2.),(-1.,0.,1.,2.),.PIECEWISE_BEZIER_KNOTS.);
#4951=B_SPLINE_SURFACE_WITH_KNOTS('',1,3,((#10772,#10773,#10774,#10775),
(#10776,#10777,#10778,#10779),(#10780,#10781,#10782,#10783)),
 .SURF_OF_LINEAR_EXTRUSION.,.F.,.F.,.F.,(2,1,2),(4,4),(0.756902765452021,
1.,1.00145910385426),(0.,0.109551234790811),.PIECEWISE_BEZIER_KNOTS.);
#4952=B_SPLINE_SURFACE_WITH_KNOTS('',3,3,((#11109,#11110,#11111,#11112,
#11113,#11114,#11115),(#11116,#11117,#11118,#11119,#11120,#11121,#11122),
(#11123,#11124,#11125,#11126,#11127,#11128,#11129),(#11130,#11131,#11132,
#11133,#11134,#11135,#11136),(#11137,#11138,#11139,#11140,#11141,#11142,
#11143),(#11144,#11145,#11146,#11147,#11148,#11149,#11150),(#11151,#11152,
#11153,#11154,#11155,#11156,#11157),(#11158,#11159,#11160,#11161,#11162,
#11163,#11164),(#11165,#11166,#11167,#11168,#11169,#11170,#11171),(#11172,
#11173,#11174,#11175,#11176,#11177,#11178)),.UNSPECIFIED.,.F.,.F.,.F.,(4,
2,2,2,4),(4,3,4),(0.0550282029673784,0.249999999999997,0.374999999999997,
0.499999999999997,1.),(-0.0200695380881698,0.,1.),.UNSPECIFIED.);
#4953=B_SPLINE_SURFACE_WITH_KNOTS('',3,1,((#11236,#11237),(#11238,#11239),
(#11240,#11241),(#11242,#11243),(#11244,#11245),(#11246,#11247),(#11248,
#11249),(#11250,#11251),(#11252,#11253),(#11254,#11255)),
 .SURF_OF_LINEAR_EXTRUSION.,.F.,.F.,.F.,(4,2,2,2,4),(2,2),(0.0606641491880235,
0.249999999999997,0.374999999999997,0.499999999999997,1.),(0.,1.),
 .UNSPECIFIED.);
#4954=B_SPLINE_SURFACE_WITH_KNOTS('',1,3,((#11318,#11319,#11320,#11321,
#11322,#11323,#11324,#11325,#11326,#11327),(#11328,#11329,#11330,#11331,
#11332,#11333,#11334,#11335,#11336,#11337)),.SURF_OF_LINEAR_EXTRUSION.,
 .F.,.F.,.F.,(2,2),(4,2,2,2,4),(0.,0.746647806537957),(0.36539584770895,
0.523214294254418,0.681032740799887,0.838851187345356,0.911434779830281),
 .UNSPECIFIED.);
#4955=B_SPLINE_SURFACE_WITH_KNOTS('',1,3,((#11372,#11373,#11374,#11375),
(#11376,#11377,#11378,#11379)),.SURF_OF_LINEAR_EXTRUSION.,.F.,.F.,.F.,(2,
2),(4,4),(0.,0.737233957632697),(0.,1.),.PIECEWISE_BEZIER_KNOTS.);
#4956=B_SPLINE_SURFACE_WITH_KNOTS('',1,3,((#11386,#11387,#11388,#11389,
#11390,#11391,#11392,#11393,#11394,#11395,#11396,#11397,#11398,#11399,#11400,
#11401),(#11402,#11403,#11404,#11405,#11406,#11407,#11408,#11409,#11410,
#11411,#11412,#11413,#11414,#11415,#11416,#11417)),
 .SURF_OF_LINEAR_EXTRUSION.,.F.,.F.,.F.,(2,2),(4,3,2,2,2,3,4),(0.,1.),(-0.704826151006768,
0.,0.25,0.5,0.75,1.,1.01704826151007),.UNSPECIFIED.);
#4957=B_SPLINE_SURFACE_WITH_KNOTS('',3,3,((#11479,#11480,#11481,#11482,
#11483,#11484,#11485,#11486,#11487,#11488,#11489,#11490,#11491,#11492,#11493,
#11494),(#11495,#11496,#11497,#11498,#11499,#11500,#11501,#11502,#11503,
#11504,#11505,#11506,#11507,#11508,#11509,#11510),(#11511,#11512,#11513,
#11514,#11515,#11516,#11517,#11518,#11519,#11520,#11521,#11522,#11523,#11524,
#11525,#11526),(#11527,#11528,#11529,#11530,#11531,#11532,#11533,#11534,
#11535,#11536,#11537,#11538,#11539,#11540,#11541,#11542),(#11543,#11544,
#11545,#11546,#11547,#11548,#11549,#11550,#11551,#11552,#11553,#11554,#11555,
#11556,#11557,#11558),(#11559,#11560,#11561,#11562,#11563,#11564,#11565,
#11566,#11567,#11568,#11569,#11570,#11571,#11572,#11573,#11574),(#11575,
#11576,#11577,#11578,#11579,#11580,#11581,#11582,#11583,#11584,#11585,#11586,
#11587,#11588,#11589,#11590),(#11591,#11592,#11593,#11594,#11595,#11596,
#11597,#11598,#11599,#11600,#11601,#11602,#11603,#11604,#11605,#11606),
(#11607,#11608,#11609,#11610,#11611,#11612,#11613,#11614,#11615,#11616,
#11617,#11618,#11619,#11620,#11621,#11622),(#11623,#11624,#11625,#11626,
#11627,#11628,#11629,#11630,#11631,#11632,#11633,#11634,#11635,#11636,#11637,
#11638)),.UNSPECIFIED.,.F.,.F.,.F.,(4,2,2,2,4),(4,3,2,2,2,3,4),(0.,0.249999999999997,
0.374999999999997,0.499999999999997,1.),(-0.704826151007034,0.,0.25,0.5,
0.75,1.,1.01704826151007),.UNSPECIFIED.);
#4958=B_SPLINE_SURFACE_WITH_KNOTS('',3,3,((#11825,#11826,#11827,#11828,
#11829,#11830,#11831,#11832,#11833,#11834),(#11835,#11836,#11837,#11838,
#11839,#11840,#11841,#11842,#11843,#11844),(#11845,#11846,#11847,#11848,
#11849,#11850,#11851,#11852,#11853,#11854),(#11855,#11856,#11857,#11858,
#11859,#11860,#11861,#11862,#11863,#11864),(#11865,#11866,#11867,#11868,
#11869,#11870,#11871,#11872,#11873,#11874),(#11875,#11876,#11877,#11878,
#11879,#11880,#11881,#11882,#11883,#11884),(#11885,#11886,#11887,#11888,
#11889,#11890,#11891,#11892,#11893,#11894),(#11895,#11896,#11897,#11898,
#11899,#11900,#11901,#11902,#11903,#11904),(#11905,#11906,#11907,#11908,
#11909,#11910,#11911,#11912,#11913,#11914),(#11915,#11916,#11917,#11918,
#11919,#11920,#11921,#11922,#11923,#11924),(#11925,#11926,#11927,#11928,
#11929,#11930,#11931,#11932,#11933,#11934),(#11935,#11936,#11937,#11938,
#11939,#11940,#11941,#11942,#11943,#11944),(#11945,#11946,#11947,#11948,
#11949,#11950,#11951,#11952,#11953,#11954)),.UNSPECIFIED.,.F.,.F.,.F.,(4,
2,2,2,3,4),(4,2,2,2,4),(0.0550216243272337,0.249999999999997,0.374999999999997,
0.499999999999997,1.,1.00563845365142),(0.36539584770895,0.523214294254418,
0.681032740799887,0.838851187345356,0.85603799086629),.UNSPECIFIED.);
#4959=B_SPLINE_SURFACE_WITH_KNOTS('',3,3,((#12054,#12055,#12056,#12057),
(#12058,#12059,#12060,#12061),(#12062,#12063,#12064,#12065),(#12066,#12067,
#12068,#12069)),.UNSPECIFIED.,.F.,.F.,.F.,(4,4),(4,4),(0.272938236218342,
1.00435861930522),(0.00836028239055825,0.578168367134555),.UNSPECIFIED.);
#4960=B_SPLINE_SURFACE_WITH_KNOTS('',1,3,((#12090,#12091,#12092,#12093,
#12094,#12095,#12096,#12097),(#12098,#12099,#12100,#12101,#12102,#12103,
#12104,#12105)),.RULED_SURF.,.F.,.F.,.F.,(2,2),(4,2,2,4),(0.,1.),(0.126161985179048,
0.553332071040187,0.766917113970757,0.980502156901326),.UNSPECIFIED.);
#4961=B_SPLINE_SURFACE_WITH_KNOTS('',1,3,((#12129,#12130,#12131,#12132,
#12133,#12134,#12135,#12136,#12137,#12138,#12139,#12140),(#12141,#12142,
#12143,#12144,#12145,#12146,#12147,#12148,#12149,#12150,#12151,#12152),
(#12153,#12154,#12155,#12156,#12157,#12158,#12159,#12160,#12161,#12162,
#12163,#12164)),.RULED_SURF.,.F.,.F.,.F.,(2,1,2),(4,2,2,2,2,4),(0.,1.,1.00612478321486),
(0.0759765081839977,0.272508062912433,0.505993570018107,0.739479077123781,
0.856221830676618,0.936197126877788),.UNSPECIFIED.);
#4962=B_SPLINE_SURFACE_WITH_KNOTS('',1,3,((#12194,#12195,#12196,#12197,
#12198,#12199,#12200,#12201,#12202,#12203,#12204,#12205,#12206,#12207,#12208,
#12209,#12210,#12211,#12212,#12213,#12214,#12215,#12216,#12217,#12218,#12219),
(#12220,#12221,#12222,#12223,#12224,#12225,#12226,#12227,#12228,#12229,
#12230,#12231,#12232,#12233,#12234,#12235,#12236,#12237,#12238,#12239,#12240,
#12241,#12242,#12243,#12244,#12245),(#12246,#12247,#12248,#12249,#12250,
#12251,#12252,#12253,#12254,#12255,#12256,#12257,#12258,#12259,#12260,#12261,
#12262,#12263,#12264,#12265,#12266,#12267,#12268,#12269,#12270,#12271)),
 .RULED_SURF.,.F.,.F.,.F.,(2,1,2),(4,2,2,2,2,2,2,2,2,2,2,2,4),(-0.008172372246212,
0.,1.),(0.0998112120743318,0.287673173726271,0.411924838470045,0.427456296563017,
0.442987754655989,0.474050670841932,0.536176503213819,0.784679832701368,
0.908931497445142,0.939994413631085,0.971057329817029,0.986588787910001,
0.993374019288438),.UNSPECIFIED.);
#4963=B_SPLINE_SURFACE_WITH_KNOTS('',1,3,((#12344,#12345,#12346,#12347,
#12348,#12349,#12350,#12351,#12352,#12353,#12354,#12355,#12356,#12357,#12358,
#12359,#12360,#12361,#12362,#12363,#12364,#12365,#12366,#12367,#12368,#12369,
#12370,#12371,#12372),(#12373,#12374,#12375,#12376,#12377,#12378,#12379,
#12380,#12381,#12382,#12383,#12384,#12385,#12386,#12387,#12388,#12389,#12390,
#12391,#12392,#12393,#12394,#12395,#12396,#12397,#12398,#12399,#12400,#12401),
(#12402,#12403,#12404,#12405,#12406,#12407,#12408,#12409,#12410,#12411,
#12412,#12413,#12414,#12415,#12416,#12417,#12418,#12419,#12420,#12421,#12422,
#12423,#12424,#12425,#12426,#12427,#12428,#12429,#12430)),.RULED_SURF.,
 .F.,.F.,.F.,(2,1,2),(4,3,2,2,2,2,2,2,2,2,2,2,2,4),(0.0296455624858342,
1.,1.02964556248584),(-0.341785475122563,-0.113151584715849,-0.0565757923579243,
-0.0282878961789622,-0.0141439480894811,-0.00707197404474054,0.,0.0080925768056285,
0.016185153611257,0.032370307222514,0.064740614445028,0.129481228890056,
0.258962457780112,0.406492715623789),.UNSPECIFIED.);
#4964=B_SPLINE_SURFACE_WITH_KNOTS('',1,3,((#12581,#12582,#12583,#12584,
#12585,#12586,#12587,#12588,#12589,#12590),(#12591,#12592,#12593,#12594,
#12595,#12596,#12597,#12598,#12599,#12600),(#12601,#12602,#12603,#12604,
#12605,#12606,#12607,#12608,#12609,#12610)),.SURF_OF_LINEAR_EXTRUSION.,
 .F.,.F.,.F.,(2,1,2),(4,2,2,2,4),(0.,1.,1.01205163204794),(0.366617045324294,
0.524962783993221,0.683308522662147,0.841654261331074,0.980190301482358),
 .UNSPECIFIED.);
#4965=B_SPLINE_SURFACE_WITH_KNOTS('',1,3,((#12643,#12644,#12645,#12646,
#12647,#12648,#12649,#12650,#12651,#12652,#12653,#12654,#12655,#12656,#12657,
#12658,#12659,#12660,#12661,#12662,#12663,#12664,#12665),(#12666,#12667,
#12668,#12669,#12670,#12671,#12672,#12673,#12674,#12675,#12676,#12677,#12678,
#12679,#12680,#12681,#12682,#12683,#12684,#12685,#12686,#12687,#12688)),
 .SURF_OF_LINEAR_EXTRUSION.,.F.,.F.,.F.,(2,2),(4,3,2,2,2,2,2,2,2,2,4),(0.,
1.),(-0.00607691169218943,0.,0.25,0.375,0.40625,0.4375,0.5,0.625,0.75,0.875,
1.),.UNSPECIFIED.);
#4966=B_SPLINE_SURFACE_WITH_KNOTS('',3,3,((#12732,#12733,#12734,#12735,
#12736,#12737),(#12738,#12739,#12740,#12741,#12742,#12743),(#12744,#12745,
#12746,#12747,#12748,#12749),(#12750,#12751,#12752,#12753,#12754,#12755)),
 .UNSPECIFIED.,.F.,.F.,.F.,(4,4),(4,2,4),(0.,1.00600922007956),(0.,0.428512004580636,
0.857024009161272),.UNSPECIFIED.);
#4967=B_SPLINE_SURFACE_WITH_KNOTS('',1,3,((#12816,#12817,#12818,#12819),
(#12820,#12821,#12822,#12823)),.RULED_SURF.,.F.,.F.,.F.,(2,2),(4,4),(0.,
1.),(0.0606631729213922,0.941419084984598),.PIECEWISE_BEZIER_KNOTS.);
#4968=B_SPLINE_SURFACE_WITH_KNOTS('',1,3,((#12829,#12830,#12831,#12832,
#12833,#12834,#12835),(#12836,#12837,#12838,#12839,#12840,#12841,#12842),
(#12843,#12844,#12845,#12846,#12847,#12848,#12849)),.RULED_SURF.,.F.,.F.,
 .F.,(2,1,2),(4,3,4),(-0.567686873663472,0.,1.),(0.0213288655041621,0.978564236098334,
1.02008035844774),.PIECEWISE_BEZIER_KNOTS.);
#4969=B_SPLINE_SURFACE_WITH_KNOTS('',1,3,((#12858,#12859,#12860,#12861),
(#12862,#12863,#12864,#12865),(#12866,#12867,#12868,#12869)),
 .RULED_SURF.,.F.,.F.,.F.,(2,1,2),(4,4),(-0.0132583597199379,0.,1.),(0.111133132991002,
0.942729915409205),.PIECEWISE_BEZIER_KNOTS.);
#4970=B_SPLINE_SURFACE_WITH_KNOTS('',1,3,((#12874,#12875,#12876,#12877),
(#12878,#12879,#12880,#12881),(#12882,#12883,#12884,#12885)),
 .SURF_OF_LINEAR_EXTRUSION.,.F.,.F.,.F.,(2,1,2),(4,4),(0.,1.,1.02277699419341),
(0.0815596612550904,0.904591204906101),.PIECEWISE_BEZIER_KNOTS.);
#4971=B_SPLINE_SURFACE_WITH_KNOTS('',1,3,((#12890,#12891,#12892,#12893),
(#12894,#12895,#12896,#12897)),.SURF_OF_LINEAR_EXTRUSION.,.F.,.F.,.F.,(2,
2),(4,4),(0.,1.),(0.0761090729552793,0.922801914154527),
 .PIECEWISE_BEZIER_KNOTS.);
#4972=B_SPLINE_SURFACE_WITH_KNOTS('',1,3,((#12914,#12915,#12916,#12917,
#12918,#12919,#12920,#12921,#12922,#12923,#12924,#12925),(#12926,#12927,
#12928,#12929,#12930,#12931,#12932,#12933,#12934,#12935,#12936,#12937)),
 .RULED_SURF.,.F.,.F.,.F.,(2,2),(4,2,2,2,2,4),(0.,1.),(0.0738098707958804,
0.152758649728053,0.268095024503295,0.498767774053778,0.729440523604262,
0.923224658775508),.UNSPECIFIED.);
#4973=B_SPLINE_SURFACE_WITH_KNOTS('',1,3,((#12938,#12939,#12940,#12941,
#12942,#12943,#12944,#12945,#12946,#12947),(#12948,#12949,#12950,#12951,
#12952,#12953,#12954,#12955,#12956,#12957),(#12958,#12959,#12960,#12961,
#12962,#12963,#12964,#12965,#12966,#12967)),.RULED_SURF.,.F.,.F.,.F.,(2,
1,2),(4,2,2,2,4),(-0.00608163619239999,0.,1.),(0.105445085313011,0.157135158543515,
0.271599553459415,0.500528343291215,0.52722349245149),.UNSPECIFIED.);
#4974=B_SPLINE_SURFACE_WITH_KNOTS('',1,3,((#12976,#12977,#12978,#12979),
(#12980,#12981,#12982,#12983)),.RULED_SURF.,.F.,.F.,.F.,(2,2),(4,4),(0.,
1.),(0.527223230483737,0.905007885640905),.PIECEWISE_BEZIER_KNOTS.);
#4975=B_SPLINE_SURFACE_WITH_KNOTS('',1,3,((#12988,#12989,#12990,#12991,
#12992,#12993,#12994),(#12995,#12996,#12997,#12998,#12999,#13000,#13001),
(#13002,#13003,#13004,#13005,#13006,#13007,#13008)),.RULED_SURF.,.F.,.F.,
 .F.,(2,1,2),(4,3,4),(-0.00602366734648001,0.,1.),(-0.145184415798367,-0.123174120092627,
0.154141401210479),.PIECEWISE_BEZIER_KNOTS.);
#4976=B_SPLINE_SURFACE_WITH_KNOTS('',1,3,((#13013,#13014,#13015,#13016),
(#13017,#13018,#13019,#13020)),.RULED_SURF.,.F.,.F.,.F.,(2,2),(4,4),(0.,
1.),(0.154141401210274,0.917118538139761),.PIECEWISE_BEZIER_KNOTS.);
#4977=B_SPLINE_SURFACE_WITH_KNOTS('',1,3,((#13030,#13031,#13032,#13033),
(#13034,#13035,#13036,#13037),(#13038,#13039,#13040,#13041)),
 .RULED_SURF.,.F.,.F.,.F.,(2,1,2),(4,4),(-0.00913494164092665,0.,1.),(0.0463573605125944,
0.962137050195035),.PIECEWISE_BEZIER_KNOTS.);
#4978=B_SPLINE_SURFACE_WITH_KNOTS('',1,3,((#13046,#13047,#13048,#13049),
(#13050,#13051,#13052,#13053)),.SURF_OF_LINEAR_EXTRUSION.,.F.,.F.,.F.,(2,
2),(4,4),(0.,1.),(0.11453366453847,0.92990730689269),
 .PIECEWISE_BEZIER_KNOTS.);
#4979=B_SPLINE_SURFACE_WITH_KNOTS('',1,3,((#13060,#13061,#13062,#13063),
(#13064,#13065,#13066,#13067)),.RULED_SURF.,.F.,.F.,.F.,(2,2),(4,4),(0.,
1.),(0.153403180958758,0.916613361372981),.PIECEWISE_BEZIER_KNOTS.);
#4980=B_SPLINE_SURFACE_WITH_KNOTS('',1,3,((#13076,#13077,#13078,#13079),
(#13080,#13081,#13082,#13083)),.SURF_OF_LINEAR_EXTRUSION.,.F.,.F.,.F.,(2,
2),(4,4),(0.,1.),(0.0833199106275332,0.916519016902776),
 .PIECEWISE_BEZIER_KNOTS.);
#4981=B_SPLINE_SURFACE_WITH_KNOTS('',1,3,((#13088,#13089,#13090,#13091),
(#13092,#13093,#13094,#13095),(#13096,#13097,#13098,#13099)),
 .RULED_SURF.,.F.,.F.,.F.,(2,1,2),(4,4),(-0.00625749124419486,0.,1.),(0.0832847644934499,
0.916716989440228),.PIECEWISE_BEZIER_KNOTS.);
#4982=B_SPLINE_SURFACE_WITH_KNOTS('',1,3,((#13104,#13105,#13106,#13107),
(#13108,#13109,#13110,#13111)),.RULED_SURF.,.F.,.F.,.F.,(2,2),(4,4),(0.,
1.),(0.0773726782658996,0.911245151308756),.PIECEWISE_BEZIER_KNOTS.);
#4983=B_SPLINE_SURFACE_WITH_KNOTS('',1,3,((#13117,#13118,#13119,#13120),
(#13121,#13122,#13123,#13124)),.RULED_SURF.,.F.,.F.,.F.,(2,2),(4,4),(0.,
1.),(0.059811662294367,0.9397207862611),.PIECEWISE_BEZIER_KNOTS.);
#4984=B_SPLINE_SURFACE_WITH_KNOTS('',1,3,((#13129,#13130,#13131,#13132,
#13133,#13134,#13135),(#13136,#13137,#13138,#13139,#13140,#13141,#13142),
(#13143,#13144,#13145,#13146,#13147,#13148,#13149),(#13150,#13151,#13152,
#13153,#13154,#13155,#13156)),.SURF_OF_LINEAR_EXTRUSION.,.F.,.F.,.F.,(2,
1,1,2),(4,3,4),(-0.005,0.,1.,1.005),(0.539991465535132,0.959087713010671,
1.08900913608522),.PIECEWISE_BEZIER_KNOTS.);
#4985=B_SPLINE_SURFACE_WITH_KNOTS('',1,3,((#13165,#13166,#13167,#13168,
#13169,#13170),(#13171,#13172,#13173,#13174,#13175,#13176)),
 .RULED_SURF.,.F.,.F.,.F.,(2,2),(4,2,4),(0.,1.),(0.060535776478051,0.500079244714215,
0.53999146553514),.UNSPECIFIED.);
#4986=B_SPLINE_SURFACE_WITH_KNOTS('',1,3,((#13177,#13178,#13179,#13180,
#13181,#13182,#13183,#13184,#13185,#13186,#13187,#13188,#13189,#13190,#13191,
#13192),(#13193,#13194,#13195,#13196,#13197,#13198,#13199,#13200,#13201,
#13202,#13203,#13204,#13205,#13206,#13207,#13208)),.RULED_SURF.,.F.,.F.,
 .F.,(2,2),(4,2,2,2,2,2,2,4),(0.,1.),(0.0656211967950139,0.145784451387481,
0.263671829929273,0.499446587012858,0.735221344096443,0.79416503336734,
0.853108722638236,0.933276334983149),.UNSPECIFIED.);
#4987=ADVANCED_FACE('',(#4633),#4942,.T.);
#4988=ADVANCED_FACE('',(#4634),#185,.F.);
#4989=ADVANCED_FACE('',(#4635),#186,.F.);
#4990=ADVANCED_FACE('',(#4636),#187,.F.);
#4991=ADVANCED_FACE('',(#4637),#188,.T.);
#4992=ADVANCED_FACE('',(#4638),#189,.T.);
#4993=ADVANCED_FACE('',(#4639),#190,.F.);
#4994=ADVANCED_FACE('',(#4640),#191,.F.);
#4995=ADVANCED_FACE('',(#4641,#4642),#192,.T.);
#4996=ADVANCED_FACE('',(#4643),#193,.F.);
#4997=ADVANCED_FACE('',(#4644),#68,.F.);
#4998=ADVANCED_FACE('',(#4645),#194,.T.);
#4999=ADVANCED_FACE('',(#4646),#36,.F.);
#5000=ADVANCED_FACE('',(#4647),#4943,.F.);
#5001=ADVANCED_FACE('',(#4648),#195,.F.);
#5002=ADVANCED_FACE('',(#4649),#37,.F.);
#5003=ADVANCED_FACE('',(#4650),#69,.F.);
#5004=ADVANCED_FACE('',(#4651),#4944,.T.);
#5005=ADVANCED_FACE('',(#4652),#196,.T.);
#5006=ADVANCED_FACE('',(#4653),#70,.F.);
#5007=ADVANCED_FACE('',(#4654),#38,.T.);
#5008=ADVANCED_FACE('',(#4655),#4945,.T.);
#5009=ADVANCED_FACE('',(#4656),#4946,.F.);
#5010=ADVANCED_FACE('',(#4657),#39,.T.);
#5011=ADVANCED_FACE('',(#4658),#40,.T.);
#5012=ADVANCED_FACE('',(#4659),#41,.F.);
#5013=ADVANCED_FACE('',(#4660),#71,.T.);
#5014=ADVANCED_FACE('',(#4661),#197,.T.);
#5015=ADVANCED_FACE('',(#4662),#42,.T.);
#5016=ADVANCED_FACE('',(#4663),#198,.T.);
#5017=ADVANCED_FACE('',(#4664),#43,.T.);
#5018=ADVANCED_FACE('',(#4665,#4666),#199,.F.);
#5019=ADVANCED_FACE('',(#4667,#4668),#72,.F.);
#5020=ADVANCED_FACE('',(#4669),#44,.T.);
#5021=ADVANCED_FACE('',(#4670),#45,.T.);
#5022=ADVANCED_FACE('',(#4671,#4672),#73,.F.);
#5023=ADVANCED_FACE('',(#4673),#46,.F.);
#5024=ADVANCED_FACE('',(#4674),#47,.F.);
#5025=ADVANCED_FACE('',(#4675),#200,.T.);
#5026=ADVANCED_FACE('',(#4676),#74,.F.);
#5027=ADVANCED_FACE('',(#4677),#201,.T.);
#5028=ADVANCED_FACE('',(#4678),#202,.F.);
#5029=ADVANCED_FACE('',(#4679),#203,.F.);
#5030=ADVANCED_FACE('',(#4680),#204,.F.);
#5031=ADVANCED_FACE('',(#4681),#205,.T.);
#5032=ADVANCED_FACE('',(#4682),#206,.F.);
#5033=ADVANCED_FACE('',(#4683),#207,.F.);
#5034=ADVANCED_FACE('',(#4684),#48,.F.);
#5035=ADVANCED_FACE('',(#4685,#4686),#75,.F.);
#5036=ADVANCED_FACE('',(#4687,#4688),#76,.F.);
#5037=ADVANCED_FACE('',(#4689),#208,.F.);
#5038=ADVANCED_FACE('',(#4690),#209,.T.);
#5039=ADVANCED_FACE('',(#4691,#4692),#210,.T.);
#5040=ADVANCED_FACE('',(#4693,#4694),#211,.F.);
#5041=ADVANCED_FACE('',(#4695),#212,.F.);
#5042=ADVANCED_FACE('',(#4696),#213,.T.);
#5043=ADVANCED_FACE('',(#4697),#214,.T.);
#5044=ADVANCED_FACE('',(#4698),#215,.T.);
#5045=ADVANCED_FACE('',(#4699),#216,.T.);
#5046=ADVANCED_FACE('',(#4700),#217,.T.);
#5047=ADVANCED_FACE('',(#4701),#218,.T.);
#5048=ADVANCED_FACE('',(#4702),#219,.T.);
#5049=ADVANCED_FACE('',(#4703),#220,.T.);
#5050=ADVANCED_FACE('',(#4704),#221,.T.);
#5051=ADVANCED_FACE('',(#4705),#222,.T.);
#5052=ADVANCED_FACE('',(#4706),#223,.T.);
#5053=ADVANCED_FACE('',(#4707),#32,.T.);
#5054=ADVANCED_FACE('',(#4708),#49,.T.);
#5055=ADVANCED_FACE('',(#4709),#50,.T.);
#5056=ADVANCED_FACE('',(#4710),#77,.T.);
#5057=ADVANCED_FACE('',(#4711),#224,.T.);
#5058=ADVANCED_FACE('',(#4712),#225,.T.);
#5059=ADVANCED_FACE('',(#4713),#226,.T.);
#5060=ADVANCED_FACE('',(#4714),#227,.T.);
#5061=ADVANCED_FACE('',(#4715),#78,.F.);
#5062=ADVANCED_FACE('',(#4716,#4717),#228,.T.);
#5063=ADVANCED_FACE('',(#4718),#229,.T.);
#5064=ADVANCED_FACE('',(#4719),#230,.T.);
#5065=ADVANCED_FACE('',(#4720,#4721),#231,.F.);
#5066=ADVANCED_FACE('',(#4722),#232,.F.);
#5067=ADVANCED_FACE('',(#4723),#51,.F.);
#5068=ADVANCED_FACE('',(#4724),#233,.T.);
#5069=ADVANCED_FACE('',(#4725),#52,.F.);
#5070=ADVANCED_FACE('',(#4726,#4727,#4728,#4729),#234,.T.);
#5071=ADVANCED_FACE('',(#4730),#235,.F.);
#5072=ADVANCED_FACE('',(#4731),#236,.F.);
#5073=ADVANCED_FACE('',(#4732),#237,.T.);
#5074=ADVANCED_FACE('',(#4733),#238,.T.);
#5075=ADVANCED_FACE('',(#4734),#239,.T.);
#5076=ADVANCED_FACE('',(#4735),#240,.T.);
#5077=ADVANCED_FACE('',(#4736),#241,.T.);
#5078=ADVANCED_FACE('',(#4737),#242,.T.);
#5079=ADVANCED_FACE('',(#4738),#243,.T.);
#5080=ADVANCED_FACE('',(#4739),#244,.F.);
#5081=ADVANCED_FACE('',(#4740),#245,.T.);
#5082=ADVANCED_FACE('',(#4741),#246,.T.);
#5083=ADVANCED_FACE('',(#4742),#247,.T.);
#5084=ADVANCED_FACE('',(#4743),#248,.T.);
#5085=ADVANCED_FACE('',(#4744),#249,.T.);
#5086=ADVANCED_FACE('',(#4745),#250,.T.);
#5087=ADVANCED_FACE('',(#4746),#251,.T.);
#5088=ADVANCED_FACE('',(#4747),#252,.T.);
#5089=ADVANCED_FACE('',(#4748),#253,.T.);
#5090=ADVANCED_FACE('',(#4749),#254,.T.);
#5091=ADVANCED_FACE('',(#4750),#255,.T.);
#5092=ADVANCED_FACE('',(#4751),#256,.T.);
#5093=ADVANCED_FACE('',(#4752),#53,.F.);
#5094=ADVANCED_FACE('',(#4753),#257,.T.);
#5095=ADVANCED_FACE('',(#4754),#33,.F.);
#5096=ADVANCED_FACE('',(#4755),#258,.T.);
#5097=ADVANCED_FACE('',(#4756),#34,.T.);
#5098=ADVANCED_FACE('',(#4757),#25,.F.);
#5099=ADVANCED_FACE('',(#4758),#259,.T.);
#5100=ADVANCED_FACE('',(#4759),#79,.T.);
#5101=ADVANCED_FACE('',(#4760),#260,.T.);
#5102=ADVANCED_FACE('',(#4761),#261,.T.);
#5103=ADVANCED_FACE('',(#4762),#262,.T.);
#5104=ADVANCED_FACE('',(#4763),#263,.T.);
#5105=ADVANCED_FACE('',(#4764),#264,.F.);
#5106=ADVANCED_FACE('',(#4765),#265,.F.);
#5107=ADVANCED_FACE('',(#4766),#80,.F.);
#5108=ADVANCED_FACE('',(#4767),#26,.F.);
#5109=ADVANCED_FACE('',(#4768),#266,.F.);
#5110=ADVANCED_FACE('',(#4769),#267,.T.);
#5111=ADVANCED_FACE('',(#4770),#81,.F.);
#5112=ADVANCED_FACE('',(#4771),#82,.F.);
#5113=ADVANCED_FACE('',(#4772),#54,.F.);
#5114=ADVANCED_FACE('',(#4773),#83,.F.);
#5115=ADVANCED_FACE('',(#4774),#55,.T.);
#5116=ADVANCED_FACE('',(#4775),#84,.F.);
#5117=ADVANCED_FACE('',(#4776),#268,.T.);
#5118=ADVANCED_FACE('',(#4777,#4778),#35,.F.);
#5119=ADVANCED_FACE('',(#4779,#4780),#24,.F.);
#5120=ADVANCED_FACE('',(#4781),#269,.F.);
#5121=ADVANCED_FACE('',(#4782),#270,.F.);
#5122=ADVANCED_FACE('',(#4783),#271,.F.);
#5123=ADVANCED_FACE('',(#4784),#272,.F.);
#5124=ADVANCED_FACE('',(#4785),#273,.F.);
#5125=ADVANCED_FACE('',(#4786),#274,.T.);
#5126=ADVANCED_FACE('',(#4787),#275,.T.);
#5127=ADVANCED_FACE('',(#4788),#276,.T.);
#5128=ADVANCED_FACE('',(#4789),#277,.F.);
#5129=ADVANCED_FACE('',(#4790),#278,.T.);
#5130=ADVANCED_FACE('',(#4791),#279,.F.);
#5131=ADVANCED_FACE('',(#4792),#85,.T.);
#5132=ADVANCED_FACE('',(#4793),#280,.F.);
#5133=ADVANCED_FACE('',(#4794),#86,.T.);
#5134=ADVANCED_FACE('',(#4795),#87,.T.);
#5135=ADVANCED_FACE('',(#4796),#281,.F.);
#5136=ADVANCED_FACE('',(#4797),#88,.T.);
#5137=ADVANCED_FACE('',(#4798),#282,.F.);
#5138=ADVANCED_FACE('',(#4799,#4800,#4801),#283,.T.);
#5139=ADVANCED_FACE('',(#4802),#284,.F.);
#5140=ADVANCED_FACE('',(#4803),#285,.F.);
#5141=ADVANCED_FACE('',(#4804),#286,.F.);
#5142=ADVANCED_FACE('',(#4805),#287,.F.);
#5143=ADVANCED_FACE('',(#4806),#288,.F.);
#5144=ADVANCED_FACE('',(#4807),#289,.F.);
#5145=ADVANCED_FACE('',(#4808),#27,.T.);
#5146=ADVANCED_FACE('',(#4809),#290,.F.);
#5147=ADVANCED_FACE('',(#4810),#291,.F.);
#5148=ADVANCED_FACE('',(#4811),#56,.F.);
#5149=ADVANCED_FACE('',(#4812),#292,.F.);
#5150=ADVANCED_FACE('',(#4813),#293,.T.);
#5151=ADVANCED_FACE('',(#4814),#294,.F.);
#5152=ADVANCED_FACE('',(#4815),#89,.F.);
#5153=ADVANCED_FACE('',(#4816,#4817),#295,.F.);
#5154=ADVANCED_FACE('',(#4818),#4947,.F.);
#5155=ADVANCED_FACE('',(#4819),#4948,.F.);
#5156=ADVANCED_FACE('',(#4820),#57,.T.);
#5157=ADVANCED_FACE('',(#4821),#58,.T.);
#5158=ADVANCED_FACE('',(#4822,#4823,#4824),#296,.F.);
#5159=ADVANCED_FACE('',(#4825),#59,.T.);
#5160=ADVANCED_FACE('',(#4826),#4949,.T.);
#5161=ADVANCED_FACE('',(#4827),#4950,.T.);
#5162=ADVANCED_FACE('',(#4828),#4951,.F.);
#5163=ADVANCED_FACE('',(#4829),#297,.T.);
#5164=ADVANCED_FACE('',(#4830),#298,.F.);
#5165=ADVANCED_FACE('',(#4831),#299,.F.);
#5166=ADVANCED_FACE('',(#4832),#300,.F.);
#5167=ADVANCED_FACE('',(#4833),#301,.T.);
#5168=ADVANCED_FACE('',(#4834),#302,.F.);
#5169=ADVANCED_FACE('',(#4835,#4836),#303,.T.);
#5170=ADVANCED_FACE('',(#4837),#304,.F.);
#5171=ADVANCED_FACE('',(#4838),#90,.T.);
#5172=ADVANCED_FACE('',(#4839),#305,.T.);
#5173=ADVANCED_FACE('',(#4840),#306,.F.);
#5174=ADVANCED_FACE('',(#4841),#307,.F.);
#5175=ADVANCED_FACE('',(#4842),#308,.F.);
#5176=ADVANCED_FACE('',(#4843),#309,.F.);
#5177=ADVANCED_FACE('',(#4844),#310,.F.);
#5178=ADVANCED_FACE('',(#4845),#311,.F.);
#5179=ADVANCED_FACE('',(#4846),#312,.T.);
#5180=ADVANCED_FACE('',(#4847),#313,.T.);
#5181=ADVANCED_FACE('',(#4848),#314,.T.);
#5182=ADVANCED_FACE('',(#4849),#315,.T.);
#5183=ADVANCED_FACE('',(#4850),#60,.F.);
#5184=ADVANCED_FACE('',(#4851),#316,.T.);
#5185=ADVANCED_FACE('',(#4852),#317,.F.);
#5186=ADVANCED_FACE('',(#4853),#61,.T.);
#5187=ADVANCED_FACE('',(#4854),#62,.T.);
#5188=ADVANCED_FACE('',(#4855),#4952,.F.);
#5189=ADVANCED_FACE('',(#4856),#4953,.F.);
#5190=ADVANCED_FACE('',(#4857),#63,.T.);
#5191=ADVANCED_FACE('',(#4858),#4954,.F.);
#5192=ADVANCED_FACE('',(#4859),#318,.T.);
#5193=ADVANCED_FACE('',(#4860),#4955,.F.);
#5194=ADVANCED_FACE('',(#4861),#4956,.F.);
#5195=ADVANCED_FACE('',(#4862),#4957,.F.);
#5196=ADVANCED_FACE('',(#4863),#319,.T.);
#5197=ADVANCED_FACE('',(#4864),#320,.T.);
#5198=ADVANCED_FACE('',(#4865),#64,.T.);
#5199=ADVANCED_FACE('',(#4866),#321,.F.);
#5200=ADVANCED_FACE('',(#4867),#4958,.F.);
#5201=ADVANCED_FACE('',(#4868,#4869),#322,.F.);
#5202=ADVANCED_FACE('',(#4870),#323,.T.);
#5203=ADVANCED_FACE('',(#4871),#324,.F.);
#5204=ADVANCED_FACE('',(#4872),#4959,.F.);
#5205=ADVANCED_FACE('',(#4873),#4960,.F.);
#5206=ADVANCED_FACE('',(#4874),#325,.F.);
#5207=ADVANCED_FACE('',(#4875),#4961,.F.);
#5208=ADVANCED_FACE('',(#4876),#4962,.F.);
#5209=ADVANCED_FACE('',(#4877),#326,.F.);
#5210=ADVANCED_FACE('',(#4878),#327,.T.);
#5211=ADVANCED_FACE('',(#4879),#328,.F.);
#5212=ADVANCED_FACE('',(#4880),#4963,.T.);
#5213=ADVANCED_FACE('',(#4881),#65,.T.);
#5214=ADVANCED_FACE('',(#4882),#66,.T.);
#5215=ADVANCED_FACE('',(#4883),#91,.F.);
#5216=ADVANCED_FACE('',(#4884),#92,.F.);
#5217=ADVANCED_FACE('',(#4885),#329,.F.);
#5218=ADVANCED_FACE('',(#4886),#330,.F.);
#5219=ADVANCED_FACE('',(#4887),#93,.T.);
#5220=ADVANCED_FACE('',(#4888),#94,.T.);
#5221=ADVANCED_FACE('',(#4889),#331,.T.);
#5222=ADVANCED_FACE('',(#4890),#95,.T.);
#5223=ADVANCED_FACE('',(#4891),#332,.F.);
#5224=ADVANCED_FACE('',(#4892),#333,.F.);
#5225=ADVANCED_FACE('',(#4893),#334,.T.);
#5226=ADVANCED_FACE('',(#4894),#4964,.T.);
#5227=ADVANCED_FACE('',(#4895),#4965,.T.);
#5228=ADVANCED_FACE('',(#4896),#335,.F.);
#5229=ADVANCED_FACE('',(#4897),#4966,.F.);
#5230=ADVANCED_FACE('',(#4898),#336,.T.);
#5231=ADVANCED_FACE('',(#4899),#337,.T.);
#5232=ADVANCED_FACE('',(#4900),#96,.T.);
#5233=ADVANCED_FACE('',(#4901),#97,.F.);
#5234=ADVANCED_FACE('',(#4902),#338,.F.);
#5235=ADVANCED_FACE('',(#4903),#67,.T.);
#5236=ADVANCED_FACE('',(#4904),#339,.T.);
#5237=ADVANCED_FACE('',(#4905),#340,.T.);
#5238=ADVANCED_FACE('',(#4906),#4967,.T.);
#5239=ADVANCED_FACE('',(#4907),#341,.F.);
#5240=ADVANCED_FACE('',(#4908),#4968,.T.);
#5241=ADVANCED_FACE('',(#4909),#4969,.T.);
#5242=ADVANCED_FACE('',(#4910),#4970,.T.);
#5243=ADVANCED_FACE('',(#4911),#4971,.T.);
#5244=ADVANCED_FACE('',(#4912),#342,.T.);
#5245=ADVANCED_FACE('',(#4913),#28,.T.);
#5246=ADVANCED_FACE('',(#4914),#343,.T.);
#5247=ADVANCED_FACE('',(#4915),#29,.F.);
#5248=ADVANCED_FACE('',(#4916),#344,.F.);
#5249=ADVANCED_FACE('',(#4917),#4972,.T.);
#5250=ADVANCED_FACE('',(#4918),#4973,.T.);
#5251=ADVANCED_FACE('',(#4919),#4974,.T.);
#5252=ADVANCED_FACE('',(#4920),#4975,.T.);
#5253=ADVANCED_FACE('',(#4921),#4976,.T.);
#5254=ADVANCED_FACE('',(#4922),#30,.T.);
#5255=ADVANCED_FACE('',(#4923),#4977,.T.);
#5256=ADVANCED_FACE('',(#4924),#4978,.T.);
#5257=ADVANCED_FACE('',(#4925),#345,.T.);
#5258=ADVANCED_FACE('',(#4926),#346,.F.);
#5259=ADVANCED_FACE('',(#4927),#4979,.T.);
#5260=ADVANCED_FACE('',(#4928),#4980,.T.);
#5261=ADVANCED_FACE('',(#4929),#4981,.T.);
#5262=ADVANCED_FACE('',(#4930),#4982,.T.);
#5263=ADVANCED_FACE('',(#4931),#31,.T.);
#5264=ADVANCED_FACE('',(#4932),#4983,.T.);
#5265=ADVANCED_FACE('',(#4933),#4984,.T.);
#5266=ADVANCED_FACE('',(#4934),#4985,.T.);
#5267=ADVANCED_FACE('',(#4935),#4986,.T.);
#5268=ADVANCED_FACE('',(#4936,#4937),#98,.F.);
#5269=ADVANCED_FACE('',(#4938,#4939),#99,.F.);
#5270=ADVANCED_FACE('',(#4940,#4941),#347,.F.);
#5271=CLOSED_SHELL('',(#4987,#4988,#4989,#4990,#4991,#4992,#4993,#4994,
#4995,#4996,#4997,#4998,#4999,#5000,#5001,#5002,#5003,#5004,#5005,#5006,
#5007,#5008,#5009,#5010,#5011,#5012,#5013,#5014,#5015,#5016,#5017,#5018,
#5019,#5020,#5021,#5022,#5023,#5024,#5025,#5026,#5027,#5028,#5029,#5030,
#5031,#5032,#5033,#5034,#5035,#5036,#5037,#5038,#5039,#5040,#5041,#5042,
#5043,#5044,#5045,#5046,#5047,#5048,#5049,#5050,#5051,#5052,#5053,#5054,
#5055,#5056,#5057,#5058,#5059,#5060,#5061,#5062,#5063,#5064,#5065,#5066,
#5067,#5068,#5069,#5070,#5071,#5072,#5073,#5074,#5075,#5076,#5077,#5078,
#5079,#5080,#5081,#5082,#5083,#5084,#5085,#5086,#5087,#5088,#5089,#5090,
#5091,#5092,#5093,#5094,#5095,#5096,#5097,#5098,#5099,#5100,#5101,#5102,
#5103,#5104,#5105,#5106,#5107,#5108,#5109,#5110,#5111,#5112,#5113,#5114,
#5115,#5116,#5117,#5118,#5119,#5120,#5121,#5122,#5123,#5124,#5125,#5126,
#5127,#5128,#5129,#5130,#5131,#5132,#5133,#5134,#5135,#5136,#5137,#5138,
#5139,#5140,#5141,#5142,#5143,#5144,#5145,#5146,#5147,#5148,#5149,#5150,
#5151,#5152,#5153,#5154,#5155,#5156,#5157,#5158,#5159,#5160,#5161,#5162,
#5163,#5164,#5165,#5166,#5167,#5168,#5169,#5170,#5171,#5172,#5173,#5174,
#5175,#5176,#5177,#5178,#5179,#5180,#5181,#5182,#5183,#5184,#5185,#5186,
#5187,#5188,#5189,#5190,#5191,#5192,#5193,#5194,#5195,#5196,#5197,#5198,
#5199,#5200,#5201,#5202,#5203,#5204,#5205,#5206,#5207,#5208,#5209,#5210,
#5211,#5212,#5213,#5214,#5215,#5216,#5217,#5218,#5219,#5220,#5221,#5222,
#5223,#5224,#5225,#5226,#5227,#5228,#5229,#5230,#5231,#5232,#5233,#5234,
#5235,#5236,#5237,#5238,#5239,#5240,#5241,#5242,#5243,#5244,#5245,#5246,
#5247,#5248,#5249,#5250,#5251,#5252,#5253,#5254,#5255,#5256,#5257,#5258,
#5259,#5260,#5261,#5262,#5263,#5264,#5265,#5266,#5267,#5268,#5269,#5270));
#5272=STYLED_ITEM('',(#5273),#5280);
#5273=PRESENTATION_STYLE_ASSIGNMENT((#5274));
#5274=SURFACE_STYLE_USAGE(.BOTH.,#5275);
#5275=SURFACE_SIDE_STYLE('',(#5276));
#5276=SURFACE_STYLE_FILL_AREA(#5277);
#5277=FILL_AREA_STYLE('',(#5278));
#5278=FILL_AREA_STYLE_COLOUR('',#5279);
#5279=COLOUR_RGB('',0.200000002980232,0.200000002980232,0.200000002980232);
#5280=MANIFOLD_SOLID_BREP('',#5271);
#5281=SHAPE_DEFINITION_REPRESENTATION(#13226,#5283);
#5282=SHAPE_DEFINITION_REPRESENTATION(#13225,#5284);
#5283=SHAPE_REPRESENTATION('CZ82_standardGripRight_NATO_bebop',(#5285),
#13219);
#5284=SHAPE_REPRESENTATION('CZ82_standardGrip_34mm_001',(#5285,#5578),#13218);
#5285=AXIS2_PLACEMENT_3D('',#6595,#5579,#5580);
#5286=AXIS2_PLACEMENT_3D('',#6622,#5582,#5583);
#5287=AXIS2_PLACEMENT_3D('',#6623,#5584,#5585);
#5288=AXIS2_PLACEMENT_3D('',#6685,#5598,#5599);
#5289=AXIS2_PLACEMENT_3D('',#6686,#5600,#5601);
#5290=AXIS2_PLACEMENT_3D('',#6691,#5604,#5605);
#5291=AXIS2_PLACEMENT_3D('',#6702,#5611,#5612);
#5292=AXIS2_PLACEMENT_3D('',#6708,#5616,#5617);
#5293=AXIS2_PLACEMENT_3D('',#6724,#5622,#5623);
#5294=AXIS2_PLACEMENT_3D('',#6746,#5630,#5631);
#5295=AXIS2_PLACEMENT_3D('',#6764,#5636,#5637);
#5296=AXIS2_PLACEMENT_3D('',#6791,#5647,#5648);
#5297=AXIS2_PLACEMENT_3D('',#6797,#5651,#5652);
#5298=AXIS2_PLACEMENT_3D('',#6815,#5655,#5656);
#5299=AXIS2_PLACEMENT_3D('',#6832,#5660,#5661);
#5300=AXIS2_PLACEMENT_3D('',#6836,#5663,#5664);
#5301=AXIS2_PLACEMENT_3D('',#6847,#5670,#5671);
#5302=AXIS2_PLACEMENT_3D('',#6853,#5675,#5676);
#5303=AXIS2_PLACEMENT_3D('',#6877,#5679,#5680);
#5304=AXIS2_PLACEMENT_3D('',#7043,#5682,#5683);
#5305=AXIS2_PLACEMENT_3D('',#7582,#5686,#5687);
#5306=AXIS2_PLACEMENT_3D('',#7607,#5691,#5692);
#5307=AXIS2_PLACEMENT_3D('',#7611,#5695,#5696);
#5308=AXIS2_PLACEMENT_3D('',#8002,#5699,#5700);
#5309=AXIS2_PLACEMENT_3D('',#8336,#5701,#5702);
#5310=AXIS2_PLACEMENT_3D('',#8346,#5705,#5706);
#5311=AXIS2_PLACEMENT_3D('',#8378,#5711,#5712);
#5312=AXIS2_PLACEMENT_3D('',#8379,#5713,#5714);
#5313=AXIS2_PLACEMENT_3D('',#8380,#5715,#5716);
#5314=AXIS2_PLACEMENT_3D('',#8417,#5720,#5721);
#5315=AXIS2_PLACEMENT_3D('',#8423,#5722,#5723);
#5316=AXIS2_PLACEMENT_3D('',#8424,#5724,#5725);
#5317=AXIS2_PLACEMENT_3D('',#8438,#5732,#5733);
#5318=AXIS2_PLACEMENT_3D('',#8439,#5734,#5735);
#5319=AXIS2_PLACEMENT_3D('',#8441,#5736,#5737);
#5320=AXIS2_PLACEMENT_3D('',#8643,#5738,#5739);
#5321=AXIS2_PLACEMENT_3D('',#8644,#5740,#5741);
#5322=AXIS2_PLACEMENT_3D('',#8844,#5744,#5745);
#5323=AXIS2_PLACEMENT_3D('',#8858,#5750,#5751);
#5324=AXIS2_PLACEMENT_3D('',#8859,#5752,#5753);
#5325=AXIS2_PLACEMENT_3D('',#8868,#5755,#5756);
#5326=AXIS2_PLACEMENT_3D('',#8872,#5759,#5760);
#5327=AXIS2_PLACEMENT_3D('',#8878,#5764,#5765);
#5328=AXIS2_PLACEMENT_3D('',#8884,#5769,#5770);
#5329=AXIS2_PLACEMENT_3D('',#8889,#5774,#5775);
#5330=AXIS2_PLACEMENT_3D('',#8893,#5778,#5779);
#5331=AXIS2_PLACEMENT_3D('',#8899,#5783,#5784);
#5332=AXIS2_PLACEMENT_3D('',#9032,#5787,#5788);
#5333=AXIS2_PLACEMENT_3D('',#9033,#5789,#5790);
#5334=AXIS2_PLACEMENT_3D('',#9035,#5791,#5792);
#5335=AXIS2_PLACEMENT_3D('',#9037,#5793,#5794);
#5336=AXIS2_PLACEMENT_3D('',#9038,#5795,#5796);
#5337=AXIS2_PLACEMENT_3D('',#9040,#5797,#5798);
#5338=AXIS2_PLACEMENT_3D('',#9042,#5799,#5800);
#5339=AXIS2_PLACEMENT_3D('',#9050,#5805,#5806);
#5340=AXIS2_PLACEMENT_3D('',#9059,#5811,#5812);
#5341=AXIS2_PLACEMENT_3D('',#9072,#5819,#5820);
#5342=AXIS2_PLACEMENT_3D('',#9085,#5827,#5828);
#5343=AXIS2_PLACEMENT_3D('',#9093,#5833,#5834);
#5344=AXIS2_PLACEMENT_3D('',#9097,#5837,#5838);
#5345=AXIS2_PLACEMENT_3D('',#9098,#5839,#5840);
#5346=AXIS2_PLACEMENT_3D('',#9112,#5845,#5846);
#5347=AXIS2_PLACEMENT_3D('',#9117,#5850,#5851);
#5348=AXIS2_PLACEMENT_3D('',#9121,#5854,#5855);
#5349=AXIS2_PLACEMENT_3D('',#9127,#5859,#5860);
#5350=AXIS2_PLACEMENT_3D('',#9137,#5866,#5867);
#5351=AXIS2_PLACEMENT_3D('',#9145,#5872,#5873);
#5352=AXIS2_PLACEMENT_3D('',#9151,#5877,#5878);
#5353=AXIS2_PLACEMENT_3D('',#9160,#5881,#5882);
#5354=AXIS2_PLACEMENT_3D('',#9167,#5884,#5885);
#5355=AXIS2_PLACEMENT_3D('',#9174,#5887,#5888);
#5356=AXIS2_PLACEMENT_3D('',#9182,#5889,#5890);
#5357=AXIS2_PLACEMENT_3D('',#9204,#5891,#5892);
#5358=AXIS2_PLACEMENT_3D('',#9225,#5893,#5894);
#5359=AXIS2_PLACEMENT_3D('',#9231,#5895,#5896);
#5360=AXIS2_PLACEMENT_3D('',#9232,#5897,#5898);
#5361=AXIS2_PLACEMENT_3D('',#9235,#5900,#5901);
#5362=AXIS2_PLACEMENT_3D('',#9244,#5904,#5905);
#5363=AXIS2_PLACEMENT_3D('',#9248,#5908,#5909);
#5364=AXIS2_PLACEMENT_3D('',#9255,#5911,#5912);
#5365=AXIS2_PLACEMENT_3D('',#9273,#5918,#5919);
#5366=AXIS2_PLACEMENT_3D('',#9277,#5921,#5922);
#5367=AXIS2_PLACEMENT_3D('',#9278,#5923,#5924);
#5368=AXIS2_PLACEMENT_3D('',#9279,#5925,#5926);
#5369=AXIS2_PLACEMENT_3D('',#9282,#5928,#5929);
#5370=AXIS2_PLACEMENT_3D('',#9289,#5933,#5934);
#5371=AXIS2_PLACEMENT_3D('',#9300,#5940,#5941);
#5372=AXIS2_PLACEMENT_3D('',#9305,#5945,#5946);
#5373=AXIS2_PLACEMENT_3D('',#9311,#5950,#5951);
#5374=AXIS2_PLACEMENT_3D('',#9332,#5954,#5955);
#5375=AXIS2_PLACEMENT_3D('',#9372,#5958,#5959);
#5376=AXIS2_PLACEMENT_3D('',#9387,#5965,#5966);
#5377=AXIS2_PLACEMENT_3D('',#9388,#5967,#5968);
#5378=AXIS2_PLACEMENT_3D('',#9390,#5969,#5970);
#5379=AXIS2_PLACEMENT_3D('',#9391,#5971,#5972);
#5380=AXIS2_PLACEMENT_3D('',#9393,#5973,#5974);
#5381=AXIS2_PLACEMENT_3D('',#9402,#5979,#5980);
#5382=AXIS2_PLACEMENT_3D('',#9411,#5985,#5986);
#5383=AXIS2_PLACEMENT_3D('',#9420,#5991,#5992);
#5384=AXIS2_PLACEMENT_3D('',#9426,#5996,#5997);
#5385=AXIS2_PLACEMENT_3D('',#9430,#6000,#6001);
#5386=AXIS2_PLACEMENT_3D('',#9440,#6002,#6003);
#5387=AXIS2_PLACEMENT_3D('',#9441,#6004,#6005);
#5388=AXIS2_PLACEMENT_3D('',#9447,#6009,#6010);
#5389=AXIS2_PLACEMENT_3D('',#9449,#6012,#6013);
#5390=AXIS2_PLACEMENT_3D('',#9455,#6017,#6018);
#5391=AXIS2_PLACEMENT_3D('',#9459,#6021,#6022);
#5392=AXIS2_PLACEMENT_3D('',#9463,#6025,#6026);
#5393=AXIS2_PLACEMENT_3D('',#9467,#6029,#6030);
#5394=AXIS2_PLACEMENT_3D('',#9471,#6033,#6034);
#5395=AXIS2_PLACEMENT_3D('',#9473,#6036,#6037);
#5396=AXIS2_PLACEMENT_3D('',#9479,#6041,#6042);
#5397=AXIS2_PLACEMENT_3D('',#9483,#6045,#6046);
#5398=AXIS2_PLACEMENT_3D('',#9487,#6049,#6050);
#5399=AXIS2_PLACEMENT_3D('',#9491,#6053,#6054);
#5400=AXIS2_PLACEMENT_3D('',#9495,#6057,#6058);
#5401=AXIS2_PLACEMENT_3D('',#9553,#6060,#6061);
#5402=AXIS2_PLACEMENT_3D('',#9560,#6063,#6064);
#5403=AXIS2_PLACEMENT_3D('',#9561,#6065,#6066);
#5404=AXIS2_PLACEMENT_3D('',#9570,#6067,#6068);
#5405=AXIS2_PLACEMENT_3D('',#9571,#6069,#6070);
#5406=AXIS2_PLACEMENT_3D('',#9574,#6072,#6073);
#5407=AXIS2_PLACEMENT_3D('',#9575,#6074,#6075);
#5408=AXIS2_PLACEMENT_3D('',#9585,#6076,#6077);
#5409=AXIS2_PLACEMENT_3D('',#9586,#6078,#6079);
#5410=AXIS2_PLACEMENT_3D('',#9587,#6080,#6081);
#5411=AXIS2_PLACEMENT_3D('',#9593,#6082,#6083);
#5412=AXIS2_PLACEMENT_3D('',#9597,#6086,#6087);
#5413=AXIS2_PLACEMENT_3D('',#9600,#6089,#6090);
#5414=AXIS2_PLACEMENT_3D('',#9601,#6091,#6092);
#5415=AXIS2_PLACEMENT_3D('',#9607,#6096,#6097);
#5416=AXIS2_PLACEMENT_3D('',#9613,#6101,#6102);
#5417=AXIS2_PLACEMENT_3D('',#9617,#6105,#6106);
#5418=AXIS2_PLACEMENT_3D('',#9619,#6108,#6109);
#5419=AXIS2_PLACEMENT_3D('',#9628,#6112,#6113);
#5420=AXIS2_PLACEMENT_3D('',#9653,#6115,#6116);
#5421=AXIS2_PLACEMENT_3D('',#9654,#6117,#6118);
#5422=AXIS2_PLACEMENT_3D('',#9658,#6120,#6121);
#5423=AXIS2_PLACEMENT_3D('',#9659,#6122,#6123);
#5424=AXIS2_PLACEMENT_3D('',#9669,#6124,#6125);
#5425=AXIS2_PLACEMENT_3D('',#9675,#6129,#6130);
#5426=AXIS2_PLACEMENT_3D('',#9679,#6133,#6134);
#5427=AXIS2_PLACEMENT_3D('',#9691,#6135,#6136);
#5428=AXIS2_PLACEMENT_3D('',#9696,#6137,#6138);
#5429=AXIS2_PLACEMENT_3D('',#9916,#6140,#6141);
#5430=AXIS2_PLACEMENT_3D('',#10187,#6143,#6144);
#5431=AXIS2_PLACEMENT_3D('',#10188,#6145,#6146);
#5432=AXIS2_PLACEMENT_3D('',#10189,#6147,#6148);
#5433=AXIS2_PLACEMENT_3D('',#10192,#6150,#6151);
#5434=AXIS2_PLACEMENT_3D('',#10196,#6154,#6155);
#5435=AXIS2_PLACEMENT_3D('',#10197,#6156,#6157);
#5436=AXIS2_PLACEMENT_3D('',#10199,#6158,#6159);
#5437=AXIS2_PLACEMENT_3D('',#10200,#6160,#6161);
#5438=AXIS2_PLACEMENT_3D('',#10202,#6162,#6163);
#5439=AXIS2_PLACEMENT_3D('',#10204,#6165,#6166);
#5440=AXIS2_PLACEMENT_3D('',#10208,#6169,#6170);
#5441=AXIS2_PLACEMENT_3D('',#10212,#6173,#6174);
#5442=AXIS2_PLACEMENT_3D('',#10218,#6176,#6177);
#5443=AXIS2_PLACEMENT_3D('',#10220,#6179,#6180);
#5444=AXIS2_PLACEMENT_3D('',#10224,#6183,#6184);
#5445=AXIS2_PLACEMENT_3D('',#10228,#6187,#6188);
#5446=AXIS2_PLACEMENT_3D('',#10232,#6191,#6192);
#5447=AXIS2_PLACEMENT_3D('',#10235,#6195,#6196);
#5448=AXIS2_PLACEMENT_3D('',#10249,#6201,#6202);
#5449=AXIS2_PLACEMENT_3D('',#10255,#6206,#6207);
#5450=AXIS2_PLACEMENT_3D('',#10259,#6209,#6210);
#5451=AXIS2_PLACEMENT_3D('',#10260,#6211,#6212);
#5452=AXIS2_PLACEMENT_3D('',#10261,#6213,#6214);
#5453=AXIS2_PLACEMENT_3D('',#10262,#6215,#6216);
#5454=AXIS2_PLACEMENT_3D('',#10265,#6218,#6219);
#5455=AXIS2_PLACEMENT_3D('',#10268,#6221,#6222);
#5456=AXIS2_PLACEMENT_3D('',#10269,#6223,#6224);
#5457=AXIS2_PLACEMENT_3D('',#10271,#6226,#6227);
#5458=AXIS2_PLACEMENT_3D('',#10272,#6228,#6229);
#5459=AXIS2_PLACEMENT_3D('',#10274,#6230,#6231);
#5460=AXIS2_PLACEMENT_3D('',#10277,#6233,#6234);
#5461=AXIS2_PLACEMENT_3D('',#10280,#6236,#6237);
#5462=AXIS2_PLACEMENT_3D('',#10281,#6238,#6239);
#5463=AXIS2_PLACEMENT_3D('',#10282,#6240,#6241);
#5464=AXIS2_PLACEMENT_3D('',#10285,#6243,#6244);
#5465=AXIS2_PLACEMENT_3D('',#10287,#6246,#6247);
#5466=AXIS2_PLACEMENT_3D('',#10296,#6252,#6253);
#5467=AXIS2_PLACEMENT_3D('',#10297,#6254,#6255);
#5468=AXIS2_PLACEMENT_3D('',#10300,#6256,#6257);
#5469=AXIS2_PLACEMENT_3D('',#10304,#6259,#6260);
#5470=AXIS2_PLACEMENT_3D('',#10305,#6261,#6262);
#5471=AXIS2_PLACEMENT_3D('',#10311,#6266,#6267);
#5472=AXIS2_PLACEMENT_3D('',#10315,#6270,#6271);
#5473=AXIS2_PLACEMENT_3D('',#10319,#6274,#6275);
#5474=AXIS2_PLACEMENT_3D('',#10321,#6277,#6278);
#5475=AXIS2_PLACEMENT_3D('',#10327,#6282,#6283);
#5476=AXIS2_PLACEMENT_3D('',#10328,#6284,#6285);
#5477=AXIS2_PLACEMENT_3D('',#10341,#6286,#6287);
#5478=AXIS2_PLACEMENT_3D('',#10352,#6288,#6289);
#5479=AXIS2_PLACEMENT_3D('',#10363,#6290,#6291);
#5480=AXIS2_PLACEMENT_3D('',#10367,#6294,#6295);
#5481=AXIS2_PLACEMENT_3D('',#10397,#6300,#6301);
#5482=AXIS2_PLACEMENT_3D('',#10401,#6304,#6305);
#5483=AXIS2_PLACEMENT_3D('',#10409,#6307,#6308);
#5484=AXIS2_PLACEMENT_3D('',#10422,#6313,#6314);
#5485=AXIS2_PLACEMENT_3D('',#10423,#6315,#6316);
#5486=AXIS2_PLACEMENT_3D('',#10435,#6318,#6319);
#5487=AXIS2_PLACEMENT_3D('',#10508,#6321,#6322);
#5488=AXIS2_PLACEMENT_3D('',#10555,#6324,#6325);
#5489=AXIS2_PLACEMENT_3D('',#10788,#6331,#6332);
#5490=AXIS2_PLACEMENT_3D('',#10790,#6334,#6335);
#5491=AXIS2_PLACEMENT_3D('',#10791,#6336,#6337);
#5492=AXIS2_PLACEMENT_3D('',#10814,#6342,#6343);
#5493=AXIS2_PLACEMENT_3D('',#10820,#6347,#6348);
#5494=AXIS2_PLACEMENT_3D('',#10821,#6349,#6350);
#5495=AXIS2_PLACEMENT_3D('',#10831,#6353,#6354);
#5496=AXIS2_PLACEMENT_3D('',#10835,#6357,#6358);
#5497=AXIS2_PLACEMENT_3D('',#10837,#6360,#6361);
#5498=AXIS2_PLACEMENT_3D('',#10838,#6362,#6363);
#5499=AXIS2_PLACEMENT_3D('',#10841,#6366,#6367);
#5500=AXIS2_PLACEMENT_3D('',#10847,#6371,#6372);
#5501=AXIS2_PLACEMENT_3D('',#10853,#6376,#6377);
#5502=AXIS2_PLACEMENT_3D('',#10857,#6380,#6381);
#5503=AXIS2_PLACEMENT_3D('',#10861,#6384,#6385);
#5504=AXIS2_PLACEMENT_3D('',#10865,#6388,#6389);
#5505=AXIS2_PLACEMENT_3D('',#10869,#6392,#6393);
#5506=AXIS2_PLACEMENT_3D('',#10873,#6396,#6397);
#5507=AXIS2_PLACEMENT_3D('',#10877,#6400,#6401);
#5508=AXIS2_PLACEMENT_3D('',#10889,#6404,#6405);
#5509=AXIS2_PLACEMENT_3D('',#10891,#6407,#6408);
#5510=AXIS2_PLACEMENT_3D('',#10916,#6412,#6413);
#5511=AXIS2_PLACEMENT_3D('',#10917,#6414,#6415);
#5512=AXIS2_PLACEMENT_3D('',#11368,#6420,#6421);
#5513=AXIS2_PLACEMENT_3D('',#11665,#6425,#6426);
#5514=AXIS2_PLACEMENT_3D('',#11674,#6431,#6432);
#5515=AXIS2_PLACEMENT_3D('',#11800,#6435,#6436);
#5516=AXIS2_PLACEMENT_3D('',#11801,#6437,#6438);
#5517=AXIS2_PLACEMENT_3D('',#11973,#6439,#6440);
#5518=AXIS2_PLACEMENT_3D('',#11974,#6441,#6442);
#5519=AXIS2_PLACEMENT_3D('',#11979,#6444,#6445);
#5520=AXIS2_PLACEMENT_3D('',#11983,#6447,#6448);
#5521=AXIS2_PLACEMENT_3D('',#11984,#6449,#6450);
#5522=AXIS2_PLACEMENT_3D('',#11990,#6454,#6455);
#5523=AXIS2_PLACEMENT_3D('',#12045,#6459,#6460);
#5524=AXIS2_PLACEMENT_3D('',#12047,#6461,#6462);
#5525=AXIS2_PLACEMENT_3D('',#12049,#6463,#6464);
#5526=AXIS2_PLACEMENT_3D('',#12053,#6466,#6467);
#5527=AXIS2_PLACEMENT_3D('',#12122,#6468,#6469);
#5528=AXIS2_PLACEMENT_3D('',#12307,#6471,#6472);
#5529=AXIS2_PLACEMENT_3D('',#12334,#6477,#6478);
#5530=AXIS2_PLACEMENT_3D('',#12335,#6479,#6480);
#5531=AXIS2_PLACEMENT_3D('',#12338,#6482,#6483);
#5532=AXIS2_PLACEMENT_3D('',#12343,#6484,#6485);
#5533=AXIS2_PLACEMENT_3D('',#12515,#6486,#6487);
#5534=AXIS2_PLACEMENT_3D('',#12516,#6488,#6489);
#5535=AXIS2_PLACEMENT_3D('',#12525,#6491,#6492);
#5536=AXIS2_PLACEMENT_3D('',#12527,#6494,#6495);
#5537=AXIS2_PLACEMENT_3D('',#12529,#6497,#6498);
#5538=AXIS2_PLACEMENT_3D('',#12530,#6499,#6500);
#5539=AXIS2_PLACEMENT_3D('',#12531,#6501,#6502);
#5540=AXIS2_PLACEMENT_3D('',#12546,#6503,#6504);
#5541=AXIS2_PLACEMENT_3D('',#12552,#6505,#6506);
#5542=AXIS2_PLACEMENT_3D('',#12568,#6507,#6508);
#5543=AXIS2_PLACEMENT_3D('',#12570,#6510,#6511);
#5544=AXIS2_PLACEMENT_3D('',#12571,#6512,#6513);
#5545=AXIS2_PLACEMENT_3D('',#12573,#6515,#6516);
#5546=AXIS2_PLACEMENT_3D('',#12574,#6517,#6518);
#5547=AXIS2_PLACEMENT_3D('',#12575,#6519,#6520);
#5548=AXIS2_PLACEMENT_3D('',#12577,#6522,#6523);
#5549=AXIS2_PLACEMENT_3D('',#12580,#6526,#6527);
#5550=AXIS2_PLACEMENT_3D('',#12700,#6528,#6529);
#5551=AXIS2_PLACEMENT_3D('',#12756,#6530,#6531);
#5552=AXIS2_PLACEMENT_3D('',#12765,#6534,#6535);
#5553=AXIS2_PLACEMENT_3D('',#12766,#6536,#6537);
#5554=AXIS2_PLACEMENT_3D('',#12769,#6539,#6540);
#5555=AXIS2_PLACEMENT_3D('',#12772,#6542,#6543);
#5556=AXIS2_PLACEMENT_3D('',#12773,#6544,#6545);
#5557=AXIS2_PLACEMENT_3D('',#12774,#6546,#6547);
#5558=AXIS2_PLACEMENT_3D('',#12775,#6548,#6549);
#5559=AXIS2_PLACEMENT_3D('',#12776,#6550,#6551);
#5560=AXIS2_PLACEMENT_3D('',#12779,#6553,#6554);
#5561=AXIS2_PLACEMENT_3D('',#12810,#6556,#6557);
#5562=AXIS2_PLACEMENT_3D('',#12811,#6558,#6559);
#5563=AXIS2_PLACEMENT_3D('',#12828,#6560,#6561);
#5564=AXIS2_PLACEMENT_3D('',#12902,#6562,#6563);
#5565=AXIS2_PLACEMENT_3D('',#12904,#6565,#6566);
#5566=AXIS2_PLACEMENT_3D('',#12906,#6568,#6569);
#5567=AXIS2_PLACEMENT_3D('',#12908,#6571,#6572);
#5568=AXIS2_PLACEMENT_3D('',#12909,#6573,#6574);
#5569=AXIS2_PLACEMENT_3D('',#13025,#6575,#6576);
#5570=AXIS2_PLACEMENT_3D('',#13058,#6577,#6578);
#5571=AXIS2_PLACEMENT_3D('',#13059,#6579,#6580);
#5572=AXIS2_PLACEMENT_3D('',#13116,#6581,#6582);
#5573=AXIS2_PLACEMENT_3D('',#13209,#6583,#6584);
#5574=AXIS2_PLACEMENT_3D('',#13210,#6585,#6586);
#5575=AXIS2_PLACEMENT_3D('',#13212,#6587,#6588);
#5576=AXIS2_PLACEMENT_3D('',#13213,#6589,#6590);
#5577=AXIS2_PLACEMENT_3D('',#13215,#6591,#6592);
#5578=AXIS2_PLACEMENT_3D('',#13216,#6593,#6594);
#5579=DIRECTION('',(0.,0.,1.));
#5580=DIRECTION('',(1.,0.,0.));
#5581=DIRECTION('',(-0.906422949080882,0.422368819270831,-0.00142052359396562));
#5582=DIRECTION('',(0.,-1.,0.));
#5583=DIRECTION('',(0.,0.,1.));
#5584=DIRECTION('',(0.,-1.,0.));
#5585=DIRECTION('',(1.,0.,1.15009148103252E-16));
#5586=DIRECTION('',(0.394709859327591,0.,-0.918805815692083));
#5587=DIRECTION('',(-0.999998771983161,0.,-0.00156717330577201));
#5588=DIRECTION('',(0.0629009982455524,0.,0.998019771557514));
#5589=DIRECTION('',(0.7125114973211,0.,0.701660435100373));
#5590=DIRECTION('',(-0.308534701679744,0.,0.951213087514775));
#5591=DIRECTION('',(-0.93969262078591,0.,0.342020143325665));
#5592=DIRECTION('',(-0.309016994374945,0.,0.951056516295154));
#5593=DIRECTION('',(0.559192903470737,0.,0.829037572555049));
#5594=DIRECTION('',(-0.308534701679743,0.,0.951213087514776));
#5595=DIRECTION('',(-1.,0.,2.86689477775817E-16));
#5596=DIRECTION('',(-0.248029848510275,0.,0.968752390576648));
#5597=DIRECTION('',(-1.,0.,-1.02042557406991E-16));
#5598=DIRECTION('',(-0.415361168594566,-0.891984325925444,-0.178435035593036));
#5599=DIRECTION('',(-0.906532638205242,0.422135731570598,0.));
#5600=DIRECTION('',(-0.415361168594566,-0.891984325925444,-0.178435035593036));
#5601=DIRECTION('',(-0.81956038616648,0.452066325115388,-0.352075007808448));
#5602=DIRECTION('',(0.394709859327591,0.,-0.918805815692083));
#5603=DIRECTION('',(-0.906422949080882,0.422368819270831,-0.00142052359396562));
#5604=DIRECTION('',(-1.,0.,0.));
#5605=DIRECTION('',(0.,0.,1.));
#5606=DIRECTION('',(0.,-0.707106781186547,-0.707106781186548));
#5607=DIRECTION('',(0.,0.,1.));
#5608=DIRECTION('',(0.,1.,0.));
#5609=DIRECTION('',(0.,0.,1.));
#5610=DIRECTION('',(0.,1.,0.));
#5611=DIRECTION('',(1.53086056323579E-16,0.,-1.));
#5612=DIRECTION('',(-1.,0.,-1.53086056323579E-16));
#5613=DIRECTION('',(0.,1.,0.));
#5614=DIRECTION('',(1.,0.,0.));
#5615=DIRECTION('',(-1.,0.,-1.53086056323579E-16));
#5616=DIRECTION('',(0.,1.,0.));
#5617=DIRECTION('',(0.,0.,-1.));
#5618=DIRECTION('',(-4.3994407620015E-17,0.,1.));
#5619=DIRECTION('',(1.,0.,1.02042557406991E-16));
#5620=DIRECTION('',(-0.248062125984588,0.,0.96874412599613));
#5621=DIRECTION('',(1.,0.,1.53086056323579E-16));
#5622=DIRECTION('',(2.12158406458557E-17,-0.978147600733806,-0.207911690817759));
#5623=DIRECTION('',(1.,0.,1.02042557406991E-16));
#5624=DIRECTION('',(-1.,6.73379041655512E-35,-1.02042557406991E-16));
#5625=DIRECTION('',(0.,-0.207911690817759,0.978147600733806));
#5626=DIRECTION('',(-1.,0.,-5.30862489238923E-13));
#5627=DIRECTION('',(-0.421683796850332,-0.188522459653659,0.886928439999543));
#5628=DIRECTION('',(0.242933030966121,0.201683293221958,-0.948845293870797));
#5629=DIRECTION('',(-1.,2.81890901572977E-15,-1.33639667886896E-14));
#5630=DIRECTION('',(0.968752390576648,0.,0.248029848510276));
#5631=DIRECTION('',(0.248029848510276,0.,-0.968752390576648));
#5632=DIRECTION('',(-0.248029848510276,0.,0.968752390576648));
#5633=DIRECTION('',(0.248029848510275,0.,-0.968752390576648));
#5634=DIRECTION('',(-0.248029848510275,0.,0.968752390576648));
#5635=DIRECTION('',(0.,-1.,0.));
#5636=DIRECTION('',(0.,-1.,0.));
#5637=DIRECTION('',(0.,0.,-1.));
#5638=DIRECTION('',(-1.,5.70244535776731E-15,-1.02042557406991E-16));
#5639=DIRECTION('',(-1.02042557406991E-16,0.,1.));
#5640=DIRECTION('',(-0.395750376313322,0.,0.918358121675778));
#5641=DIRECTION('',(1.,-5.70244535776731E-15,1.02042557406991E-16));
#5642=DIRECTION('',(-6.30671763838205E-31,-5.81892107780195E-31,1.));
#5643=DIRECTION('',(-1.,2.17058877683316E-16,-8.07630225923764E-46));
#5644=DIRECTION('',(0.287614921385866,0.,-0.95774613389781));
#5645=DIRECTION('',(1.,0.,5.09095561721474E-15));
#5646=DIRECTION('',(-0.999999833387064,5.58426608060283E-15,0.000577257174133055));
#5647=DIRECTION('',(5.70244535776731E-15,1.,5.81892107780199E-31));
#5648=DIRECTION('',(-1.,5.70244535776731E-15,0.));
#5649=DIRECTION('',(0.999998771983161,0.,0.00156717330577201));
#5650=DIRECTION('',(0.258819045102828,-1.47590146224839E-15,-0.965925826288986));
#5651=DIRECTION('',(0.,-1.,0.));
#5652=DIRECTION('',(-1.,0.,-5.1023529366389E-15));
#5653=DIRECTION('',(-0.349987654576156,1.99578547611367E-15,0.936754312316886));
#5654=DIRECTION('',(0.936754312316887,-5.34179027963994E-15,0.349987654576153));
#5655=DIRECTION('',(-5.70172896883164E-15,-1.,-1.91744027541334E-18));
#5656=DIRECTION('',(-0.349987654576154,1.99373857838369E-15,0.936754312316887));
#5657=DIRECTION('',(-0.936754312316886,5.34179027963994E-15,-0.349987654576154));
#5658=DIRECTION('',(-0.349987654576156,1.99578547611367E-15,0.936754312316886));
#5659=DIRECTION('',(0.239523566119716,-1.36587004769525E-15,0.970890550614895));
#5660=DIRECTION('',(0.,1.,0.));
#5661=DIRECTION('',(0.,0.,1.));
#5662=DIRECTION('',(0.996194698091746,-5.68074583156568E-15,-0.0871557427476582));
#5663=DIRECTION('',(5.70244535776731E-15,1.,5.81892107780199E-31));
#5664=DIRECTION('',(-1.,5.70244535776731E-15,0.));
#5665=DIRECTION('',(-1.02042557406991E-16,0.,1.));
#5666=DIRECTION('',(0.287614921385864,-1.64053064985556E-15,-0.957746133897811));
#5667=DIRECTION('',(-0.95774613389781,5.46148461791148E-15,-0.287614921385865));
#5668=DIRECTION('',(-0.287614921385866,1.64053064985557E-15,0.95774613389781));
#5669=DIRECTION('',(0.957746133897811,-5.46148461791149E-15,0.287614921385863));
#5670=DIRECTION('',(0.685011384667433,-0.707106781186541,0.175383587818289));
#5671=DIRECTION('',(0.248029848510275,0.,-0.968752390576648));
#5672=DIRECTION('',(-0.248029848510275,0.,0.968752390576648));
#5673=DIRECTION('',(0.498826675721632,0.630687942638373,0.594478482873082));
#5674=DIRECTION('',(-0.673427157877514,-0.522731223016673,0.522731223016673));
#5675=DIRECTION('',(-0.973002791880125,0.,-0.230793342610835));
#5676=DIRECTION('',(-0.230793342610835,0.,0.973002791880125));
#5677=DIRECTION('',(-0.973002791880125,0.,-0.230793342610835));
#5678=DIRECTION('',(-0.973002791880125,0.,-0.230793342610835));
#5679=DIRECTION('',(0.,-1.,0.));
#5680=DIRECTION('',(0.,0.,1.));
#5681=DIRECTION('',(-0.642787609686539,0.,-0.766044443118978));
#5682=DIRECTION('',(0.,1.,0.));
#5683=DIRECTION('',(0.,0.,1.));
#5684=DIRECTION('',(-0.999999833387063,0.,0.00057725717413439));
#5685=DIRECTION('',(-0.288196268134091,0.,0.957571360804814));
#5686=DIRECTION('',(0.,-1.,0.));
#5687=DIRECTION('',(0.,0.,1.));
#5688=DIRECTION('',(0.,-1.,0.));
#5689=DIRECTION('',(0.,-1.,0.));
#5690=DIRECTION('',(-7.5889338136377E-5,0.,0.999999997120404));
#5691=DIRECTION('',(0.,1.,0.));
#5692=DIRECTION('',(0.,0.,-1.));
#5693=DIRECTION('',(0.999998771983161,0.,0.00156717330577201));
#5694=DIRECTION('',(-0.999999833387064,0.,0.000577257174132965));
#5695=DIRECTION('',(-0.288196268134091,0.,0.957571360804814));
#5696=DIRECTION('',(0.957571360804814,0.,0.288196268134091));
#5697=DIRECTION('',(-0.288196268134091,0.,0.957571360804814));
#5698=DIRECTION('',(-0.287614921385861,0.,0.957746133897811));
#5699=DIRECTION('',(0.289042873107708,0.,-0.95731615337131));
#5700=DIRECTION('',(0.95731615337131,0.,0.289042873107708));
#5701=DIRECTION('',(-1.,0.,-5.09095561721474E-15));
#5702=DIRECTION('',(-5.09095561721474E-15,0.,1.));
#5703=DIRECTION('',(-1.,0.,-5.09095561721474E-15));
#5704=DIRECTION('',(-1.,0.,-5.09095561721474E-15));
#5705=DIRECTION('',(0.,0.707106781186548,-0.707106781186547));
#5706=DIRECTION('',(0.,-0.707106781186547,-0.707106781186548));
#5707=DIRECTION('',(0.,-0.707106781186547,-0.707106781186548));
#5708=DIRECTION('',(-1.,0.,0.));
#5709=DIRECTION('',(0.,-0.707106781186547,-0.707106781186548));
#5710=DIRECTION('',(-1.,0.,0.));
#5711=DIRECTION('',(0.542126518671741,-0.831101724660157,-0.123970807127204));
#5712=DIRECTION('',(0.837562796679879,0.546341067116302,0.));
#5713=DIRECTION('',(0.,0.707106781186548,-0.707106781186547));
#5714=DIRECTION('',(0.,-0.707106781186547,-0.707106781186548));
#5715=DIRECTION('',(0.,-0.707106781186548,0.707106781186547));
#5716=DIRECTION('',(0.,-0.707106781186547,-0.707106781186548));
#5717=DIRECTION('',(-1.,0.,0.));
#5718=DIRECTION('',(0.,-0.707106781186547,-0.707106781186548));
#5719=DIRECTION('',(-1.,0.,0.));
#5720=DIRECTION('',(0.542126518671741,-0.831101724660157,-0.123970807127204));
#5721=DIRECTION('',(0.837562796679879,0.546341067116302,0.));
#5722=DIRECTION('',(0.,-1.,0.));
#5723=DIRECTION('',(0.,0.,1.));
#5724=DIRECTION('',(0.,-1.,0.));
#5725=DIRECTION('',(-1.,0.,-1.33704782069888E-15));
#5726=DIRECTION('',(-1.,0.,1.43077580832111E-15));
#5727=DIRECTION('',(-0.499999999999997,0.,0.86602540378444));
#5728=DIRECTION('',(0.500000000000002,0.,0.866025403784438));
#5729=DIRECTION('',(1.,0.,-2.8615516166422E-15));
#5730=DIRECTION('',(0.499999999999999,0.,-0.866025403784439));
#5731=DIRECTION('',(-0.500000000000003,0.,-0.866025403784437));
#5732=DIRECTION('',(0.,1.,0.));
#5733=DIRECTION('',(0.,0.,1.));
#5734=DIRECTION('',(0.,-1.,0.));
#5735=DIRECTION('',(0.,0.,-1.));
#5736=DIRECTION('',(0.,-1.,0.));
#5737=DIRECTION('',(0.,0.,-1.));
#5738=DIRECTION('',(0.,1.,0.));
#5739=DIRECTION('',(0.,0.,1.));
#5740=DIRECTION('',(0.,-1.,0.));
#5741=DIRECTION('',(0.,0.,-1.));
#5742=DIRECTION('',(-0.374553755445051,0.,-0.927205200741459));
#5743=DIRECTION('',(-0.374553755445051,0.,-0.927205200741459));
#5744=DIRECTION('',(-0.959024970413124,0.,-0.283321559582229));
#5745=DIRECTION('',(-0.283321559582229,0.,0.959024970413124));
#5746=DIRECTION('',(0.,1.,0.));
#5747=DIRECTION('',(-0.283321559582229,0.,0.959024970413124));
#5748=DIRECTION('',(0.,-1.,0.));
#5749=DIRECTION('',(-0.283321559582229,0.,0.959024970413124));
#5750=DIRECTION('',(0.,1.,0.));
#5751=DIRECTION('',(0.,0.,1.));
#5752=DIRECTION('',(0.,-1.,0.));
#5753=DIRECTION('',(0.,0.,-1.));
#5754=DIRECTION('',(0.,-1.,0.));
#5755=DIRECTION('',(1.53086056323579E-16,0.,-1.));
#5756=DIRECTION('',(-1.,0.,-1.53086056323579E-16));
#5757=DIRECTION('',(-1.,0.,-1.53086056323579E-16));
#5758=DIRECTION('',(0.,1.,0.));
#5759=DIRECTION('',(1.,0.,0.));
#5760=DIRECTION('',(0.,0.,-1.));
#5761=DIRECTION('',(0.,0.,-1.));
#5762=DIRECTION('',(0.,1.,0.));
#5763=DIRECTION('',(0.,0.,1.));
#5764=DIRECTION('',(-6.67201336914156E-16,0.,1.));
#5765=DIRECTION('',(1.,0.,6.67201336914156E-16));
#5766=DIRECTION('',(1.,0.,6.67201336914156E-16));
#5767=DIRECTION('',(0.,1.,0.));
#5768=DIRECTION('',(1.,0.,6.67201336914156E-16));
#5769=DIRECTION('',(-1.,0.,0.));
#5770=DIRECTION('',(0.,0.,1.));
#5771=DIRECTION('',(0.,0.,1.));
#5772=DIRECTION('',(0.,1.,0.));
#5773=DIRECTION('',(0.,0.,-1.));
#5774=DIRECTION('',(1.53086056323579E-16,0.,-1.));
#5775=DIRECTION('',(-1.,0.,-1.53086056323579E-16));
#5776=DIRECTION('',(-1.,0.,-1.53086056323579E-16));
#5777=DIRECTION('',(0.,1.,0.));
#5778=DIRECTION('',(1.,0.,0.));
#5779=DIRECTION('',(0.,0.,-1.));
#5780=DIRECTION('',(0.,0.,-1.));
#5781=DIRECTION('',(0.,1.,0.));
#5782=DIRECTION('',(0.,0.,1.));
#5783=DIRECTION('',(0.,0.,1.));
#5784=DIRECTION('',(1.,0.,0.));
#5785=DIRECTION('',(1.,0.,0.));
#5786=DIRECTION('',(-1.,0.,0.));
#5787=DIRECTION('',(-7.80606468624851E-29,-1.,-2.38942627544904E-16));
#5788=DIRECTION('',(0.,2.38942627544904E-16,-1.));
#5789=DIRECTION('',(3.08939616888694E-17,1.,-2.38942627544914E-16));
#5790=DIRECTION('',(1.,-3.08939616889475E-17,-3.26734538822308E-13));
#5791=DIRECTION('',(0.,-1.,0.));
#5792=DIRECTION('',(0.,0.,-1.));
#5793=DIRECTION('',(-7.80606468624851E-29,-1.,-2.38942627544904E-16));
#5794=DIRECTION('',(0.,2.38942627544904E-16,-1.));
#5795=DIRECTION('',(3.08939616888694E-17,1.,-2.38942627544914E-16));
#5796=DIRECTION('',(1.,-3.08939616889475E-17,-3.26734538822308E-13));
#5797=DIRECTION('',(0.,-1.,0.));
#5798=DIRECTION('',(0.,0.,-1.));
#5799=DIRECTION('',(0.707106781186548,0.,0.707106781186548));
#5800=DIRECTION('',(0.,1.,0.));
#5801=DIRECTION('',(0.577350269189626,-0.577350269189625,-0.577350269189626));
#5802=DIRECTION('',(0.707106781186548,0.,-0.707106781186548));
#5803=DIRECTION('',(0.,-1.,0.));
#5804=DIRECTION('',(0.577350269189626,0.577350269189626,-0.577350269189626));
#5805=DIRECTION('',(0.,1.,0.));
#5806=DIRECTION('',(0.,0.,-1.));
#5807=DIRECTION('',(0.309016994374945,0.,-0.951056516295154));
#5808=DIRECTION('',(-0.93969262078591,0.,0.342020143325663));
#5809=DIRECTION('',(-0.309016994374945,0.,0.951056516295155));
#5810=DIRECTION('',(0.558940313015282,0.,0.829207890993796));
#5811=DIRECTION('',(0.,1.,0.));
#5812=DIRECTION('',(0.,0.,-1.));
#5813=DIRECTION('',(-1.,-2.16840434497101E-16,-3.25706097333641E-10));
#5814=DIRECTION('',(-0.500000000282069,-1.08420217309715E-16,0.866025403621586));
#5815=DIRECTION('',(0.499999999717932,1.08420217187387E-16,0.866025403947291));
#5816=DIRECTION('',(1.,2.16840434497101E-16,3.25703235782024E-10));
#5817=DIRECTION('',(0.500000000282069,1.08420217309714E-16,-0.866025403621586));
#5818=DIRECTION('',(-0.499999999717929,-1.08420217187386E-16,-0.866025403947292));
#5819=DIRECTION('',(-3.08939616888694E-17,-1.,2.38942627544914E-16));
#5820=DIRECTION('',(0.,2.38942627544914E-16,1.));
#5821=DIRECTION('',(-1.,-1.36749332427177E-30,-5.72310323328442E-15));
#5822=DIRECTION('',(-0.500000000000003,2.06930385500899E-16,0.866025403784437));
#5823=DIRECTION('',(0.500000000000004,2.06930385500899E-16,0.866025403784437));
#5824=DIRECTION('',(1.,-6.83746662135886E-31,-2.86155161664221E-15));
#5825=DIRECTION('',(0.499999999999999,-2.06930385500899E-16,-0.866025403784439));
#5826=DIRECTION('',(-0.500000000000002,-2.06930385500899E-16,-0.866025403784437));
#5827=DIRECTION('',(0.707106781186548,-0.707106781186548,3.11087439623977E-17));
#5828=DIRECTION('',(0.707106781186548,0.707106781186548,0.));
#5829=DIRECTION('',(4.3994407620015E-17,0.,-1.));
#5830=DIRECTION('',(-0.577350269189626,-0.577350269189626,-0.577350269189626));
#5831=DIRECTION('',(-1.2019027147373E-16,-7.6195863853715E-17,1.));
#5832=DIRECTION('',(0.577350269189626,0.577350269189626,-0.577350269189625));
#5833=DIRECTION('',(0.,1.,0.));
#5834=DIRECTION('',(0.,0.,-1.));
#5835=DIRECTION('',(1.,0.,0.));
#5836=DIRECTION('',(-1.,0.,0.));
#5837=DIRECTION('',(0.,-1.,0.));
#5838=DIRECTION('',(0.,0.,-1.));
#5839=DIRECTION('',(0.,1.,-2.38942627544904E-16));
#5840=DIRECTION('',(0.,-2.38942627544904E-16,-1.));
#5841=DIRECTION('',(0.500000000000002,2.0693038550089E-16,0.866025403784437));
#5842=DIRECTION('',(-0.499999999999999,2.0693038550089E-16,0.866025403784439));
#5843=DIRECTION('',(-1.,0.,0.));
#5844=DIRECTION('',(-1.,0.,0.));
#5845=DIRECTION('',(-0.866025403784437,1.46226269418562E-16,0.500000000000002));
#5846=DIRECTION('',(0.500000000000002,0.,0.866025403784437));
#5847=DIRECTION('',(0.377964473009229,-0.654653670707977,0.654653670707976));
#5848=DIRECTION('',(-3.08939616888694E-17,-1.,2.38942627544914E-16));
#5849=DIRECTION('',(-3.08939616888694E-17,-1.,2.38942627544914E-16));
#5850=DIRECTION('',(-5.72310323328442E-15,2.38942627544914E-16,1.));
#5851=DIRECTION('',(1.,0.,5.72310323328442E-15));
#5852=DIRECTION('',(-3.08939616888694E-17,-1.,2.38942627544914E-16));
#5853=DIRECTION('',(1.,-5.72310323328443E-15,5.72310323328442E-15));
#5854=DIRECTION('',(0.866025403784437,9.27163581263539E-17,0.500000000000003));
#5855=DIRECTION('',(0.500000000000003,0.,-0.866025403784437));
#5856=DIRECTION('',(-3.08939616888694E-17,-1.,2.38942627544914E-16));
#5857=DIRECTION('',(0.377964473009229,0.654653670707977,-0.654653670707976));
#5858=DIRECTION('',(0.500000000000003,-2.0693038550089E-16,-0.866025403784437));
#5859=DIRECTION('',(0.,1.,-2.38942627544904E-16));
#5860=DIRECTION('',(0.,-2.38942627544904E-16,-1.));
#5861=DIRECTION('',(0.500000000000001,2.0693038550089E-16,0.866025403784438));
#5862=DIRECTION('',(-0.5,2.0693038550089E-16,0.866025403784439));
#5863=DIRECTION('',(-1.,0.,0.));
#5864=DIRECTION('',(-0.500000000000004,-2.0693038550089E-16,-0.866025403784437));
#5865=DIRECTION('',(-1.,0.,0.));
#5866=DIRECTION('',(-0.866025403784438,1.46226269418561E-16,0.500000000000001));
#5867=DIRECTION('',(0.500000000000001,0.,0.866025403784438));
#5868=DIRECTION('',(0.377964473009228,-0.654653670707978,0.654653670707977));
#5869=DIRECTION('',(-3.08939616888694E-17,-1.,2.38942627544914E-16));
#5870=DIRECTION('',(-0.500000000000001,-2.06930385500899E-16,-0.866025403784438));
#5871=DIRECTION('',(-3.08939616888694E-17,-1.,2.38942627544914E-16));
#5872=DIRECTION('',(1.4307758083211E-15,2.38942627544914E-16,1.));
#5873=DIRECTION('',(1.,0.,-1.4307758083211E-15));
#5874=DIRECTION('',(-3.08939616888694E-17,-1.,2.38942627544914E-16));
#5875=DIRECTION('',(-1.,3.41873331067943E-31,1.4307758083211E-15));
#5876=DIRECTION('',(1.,1.43077580832111E-15,-1.4307758083211E-15));
#5877=DIRECTION('',(0.86602540378444,0.,0.499999999999997));
#5878=DIRECTION('',(0.499999999999997,0.,-0.86602540378444));
#5879=DIRECTION('',(0.,-1.,0.));
#5880=DIRECTION('',(0.,-1.,0.));
#5881=DIRECTION('',(0.866025403784438,0.,-0.500000000000002));
#5882=DIRECTION('',(-0.500000000000002,0.,-0.866025403784438));
#5883=DIRECTION('',(0.,-1.,0.));
#5884=DIRECTION('',(-2.8615516166422E-15,0.,-1.));
#5885=DIRECTION('',(-1.,0.,2.8615516166422E-15));
#5886=DIRECTION('',(0.,-1.,0.));
#5887=DIRECTION('',(0.,1.,0.));
#5888=DIRECTION('',(0.,0.,-1.));
#5889=DIRECTION('',(0.,1.,0.));
#5890=DIRECTION('',(0.,0.,1.));
#5891=DIRECTION('',(0.280903256446094,-0.130377256361741,-0.95083917227971));
#5892=DIRECTION('',(0.959024970413123,0.,0.283321559582232));
#5893=DIRECTION('',(0.283321559582232,0.,-0.959024970413123));
#5894=DIRECTION('',(0.959024970413123,0.,0.283321559582232));
#5895=DIRECTION('',(-0.283321559582229,0.,0.959024970413124));
#5896=DIRECTION('',(0.959024970413124,0.,0.283321559582229));
#5897=DIRECTION('',(-0.292280400260082,0.,0.956332665772641));
#5898=DIRECTION('',(0.956332665772641,0.,0.292280400260082));
#5899=DIRECTION('',(-0.283321559582229,0.,0.959024970413124));
#5900=DIRECTION('',(-0.866025403784439,0.,-0.499999999999999));
#5901=DIRECTION('',(-0.499999999999999,0.,0.866025403784439));
#5902=DIRECTION('',(-0.499999999999999,0.,0.866025403784439));
#5903=DIRECTION('',(0.,-1.,0.));
#5904=DIRECTION('',(-0.866025403784437,0.,0.500000000000003));
#5905=DIRECTION('',(0.500000000000003,0.,0.866025403784437));
#5906=DIRECTION('',(0.,-1.,0.));
#5907=DIRECTION('',(0.500000000000003,0.,0.866025403784437));
#5908=DIRECTION('',(1.43077580832111E-15,0.,1.));
#5909=DIRECTION('',(1.,0.,-1.43077580832111E-15));
#5910=DIRECTION('',(1.,0.,-1.43077580832111E-15));
#5911=DIRECTION('',(0.292280400260082,0.,-0.956332665772641));
#5912=DIRECTION('',(-0.956332665772641,0.,-0.292280400260082));
#5913=DIRECTION('',(0.,1.,0.));
#5914=DIRECTION('',(-0.956332665772641,0.,-0.292280400260082));
#5915=DIRECTION('',(0.956332665772641,0.,0.292280400260082));
#5916=DIRECTION('',(-0.956332665772641,0.,-0.292280400260082));
#5917=DIRECTION('',(-0.956332665772641,0.,-0.292280400260082));
#5918=DIRECTION('',(0.,1.,0.));
#5919=DIRECTION('',(0.,0.,1.));
#5920=DIRECTION('',(0.,1.,0.));
#5921=DIRECTION('',(0.,-1.,0.));
#5922=DIRECTION('',(0.,0.,-1.));
#5923=DIRECTION('',(0.,-1.,0.));
#5924=DIRECTION('',(0.,0.,-1.));
#5925=DIRECTION('',(0.,-1.,0.));
#5926=DIRECTION('',(0.,0.,1.));
#5927=DIRECTION('',(-1.,0.,-1.53086056323579E-16));
#5928=DIRECTION('',(0.,-1.,0.));
#5929=DIRECTION('',(0.,0.,-1.));
#5930=DIRECTION('',(-0.573576436351045,0.,-0.819152044288993));
#5931=DIRECTION('',(0.0871557427476582,0.,0.996194698091746));
#5932=DIRECTION('',(0.991029909341493,0.,-0.133640258869072));
#5933=DIRECTION('',(0.,1.,-2.38942627544904E-16));
#5934=DIRECTION('',(0.,-2.38942627544904E-16,-1.));
#5935=DIRECTION('',(-0.500000000000002,-2.0693038550089E-16,-0.866025403784437));
#5936=DIRECTION('',(0.499999999999998,-2.06930385500891E-16,-0.86602540378444));
#5937=DIRECTION('',(-1.,0.,0.));
#5938=DIRECTION('',(-1.2019027147373E-16,2.38942627544904E-16,1.));
#5939=DIRECTION('',(-1.,0.,0.));
#5940=DIRECTION('',(0.86602540378444,9.27163581263526E-17,0.499999999999998));
#5941=DIRECTION('',(0.499999999999998,0.,-0.86602540378444));
#5942=DIRECTION('',(-3.08939616888694E-17,-1.,2.38942627544914E-16));
#5943=DIRECTION('',(-0.499999999999998,2.06930385500899E-16,0.86602540378444));
#5944=DIRECTION('',(0.377964473009225,0.654653670707978,-0.654653670707977));
#5945=DIRECTION('',(-3.08939616888694E-17,-1.,2.38942627544914E-16));
#5946=DIRECTION('',(0.,2.38942627544914E-16,1.));
#5947=DIRECTION('',(0.500000000000002,2.06930385500899E-16,0.866025403784437));
#5948=DIRECTION('',(1.,-3.41873331067944E-31,-1.43077580832111E-15));
#5949=DIRECTION('',(0.5,-2.06930385500899E-16,-0.866025403784439));
#5950=DIRECTION('',(-0.996194698091746,0.,0.0871557427476582));
#5951=DIRECTION('',(0.0871557427476582,0.,0.996194698091746));
#5952=DIRECTION('',(0.,1.,0.));
#5953=DIRECTION('',(-0.0871557427476582,0.,-0.996194698091746));
#5954=DIRECTION('',(0.,-1.,0.));
#5955=DIRECTION('',(0.,0.,1.));
#5956=DIRECTION('',(-0.0871557427476602,0.,-0.996194698091745));
#5957=DIRECTION('',(-0.0871557427476602,0.,-0.996194698091745));
#5958=DIRECTION('',(0.,-1.,0.));
#5959=DIRECTION('',(0.,0.,1.));
#5960=DIRECTION('',(1.,0.,-2.60208521396521E-16));
#5961=DIRECTION('',(0.,0.,-1.));
#5962=DIRECTION('',(-1.,0.,0.));
#5963=DIRECTION('',(0.707106781186547,0.,0.707106781186548));
#5964=DIRECTION('',(-1.2019027147373E-16,0.,1.));
#5965=DIRECTION('',(0.,1.,0.));
#5966=DIRECTION('',(0.,0.,-1.));
#5967=DIRECTION('',(0.,-1.,0.));
#5968=DIRECTION('',(0.,0.,-1.));
#5969=DIRECTION('',(0.,1.,0.));
#5970=DIRECTION('',(0.,0.,-1.));
#5971=DIRECTION('',(0.,-1.,0.));
#5972=DIRECTION('',(0.,0.,-1.));
#5973=DIRECTION('',(-5.70255687203639E-15,-1.,4.07418409305384E-19));
#5974=DIRECTION('',(-1.,5.70255687203639E-15,0.));
#5975=DIRECTION('',(-0.287614921385864,1.64053064985556E-15,0.957746133897811));
#5976=DIRECTION('',(0.957746133897809,-5.46148461791148E-15,0.287614921385869));
#5977=DIRECTION('',(0.287614921385864,-1.64053064985556E-15,-0.957746133897811));
#5978=DIRECTION('',(-0.957746133897811,5.46148461791149E-15,-0.287614921385864));
#5979=DIRECTION('',(-5.70255687203639E-15,-1.,4.07418409305384E-19));
#5980=DIRECTION('',(-1.,5.70255687203639E-15,0.));
#5981=DIRECTION('',(0.287614921385864,-1.64053064985556E-15,-0.957746133897811));
#5982=DIRECTION('',(-0.957746133897811,5.46148461791148E-15,-0.287614921385864));
#5983=DIRECTION('',(-0.287614921385863,1.64053064985555E-15,0.957746133897811));
#5984=DIRECTION('',(0.957746133897812,-5.46148461791149E-15,0.287614921385861));
#5985=DIRECTION('',(0.702066135372321,0.,-0.712111747946468));
#5986=DIRECTION('',(-0.712111747946468,0.,-0.702066135372321));
#5987=DIRECTION('',(0.712111747946468,0.,0.702066135372321));
#5988=DIRECTION('',(0.,-1.,0.));
#5989=DIRECTION('',(0.712111747946468,0.,0.702066135372321));
#5990=DIRECTION('',(0.,-1.,0.));
#5991=DIRECTION('',(0.342020143325663,0.,0.93969262078591));
#5992=DIRECTION('',(0.93969262078591,0.,-0.342020143325663));
#5993=DIRECTION('',(0.,1.,0.));
#5994=DIRECTION('',(-0.93969262078591,0.,0.342020143325663));
#5995=DIRECTION('',(0.,-1.,0.));
#5996=DIRECTION('',(0.951056516295155,0.,0.309016994374945));
#5997=DIRECTION('',(0.309016994374945,0.,-0.951056516295155));
#5998=DIRECTION('',(-0.309016994374945,0.,0.951056516295155));
#5999=DIRECTION('',(0.,-1.,0.));
#6000=DIRECTION('',(0.829207890993796,0.,-0.558940313015282));
#6001=DIRECTION('',(-0.558940313015282,0.,-0.829207890993796));
#6002=DIRECTION('',(-1.,0.,-1.2019027147373E-16));
#6003=DIRECTION('',(-1.2019027147373E-16,0.,1.));
#6004=DIRECTION('',(-1.,0.,-1.2019027147373E-16));
#6005=DIRECTION('',(-1.2019027147373E-16,0.,1.));
#6006=DIRECTION('',(-1.2019027147373E-16,-7.6195863853715E-17,1.));
#6007=DIRECTION('',(0.,1.,0.));
#6008=DIRECTION('',(-8.49873559917265E-17,-0.707106781186548,0.707106781186547));
#6009=DIRECTION('',(0.951056516295154,0.,0.309016994374945));
#6010=DIRECTION('',(0.309016994374945,0.,-0.951056516295154));
#6011=DIRECTION('',(0.309016994374945,0.,-0.951056516295154));
#6012=DIRECTION('',(0.866025403947291,0.,-0.499999999717932));
#6013=DIRECTION('',(-0.499999999717932,0.,-0.866025403947291));
#6014=DIRECTION('',(0.,-1.,0.));
#6015=DIRECTION('',(0.,-1.,0.));
#6016=DIRECTION('',(0.377964472765543,0.654653670778323,0.654653670778322));
#6017=DIRECTION('',(3.25703235782024E-10,0.,-1.));
#6018=DIRECTION('',(-1.,0.,-3.25703235782024E-10));
#6019=DIRECTION('',(0.,-1.,0.));
#6020=DIRECTION('',(1.,3.25703082695968E-10,3.25703235782024E-10));
#6021=DIRECTION('',(-0.866025403621586,0.,-0.500000000282069));
#6022=DIRECTION('',(-0.500000000282069,0.,0.866025403621586));
#6023=DIRECTION('',(0.,-1.,0.));
#6024=DIRECTION('',(0.377964473252912,-0.654653670637632,-0.654653670637631));
#6025=DIRECTION('',(-0.866025403947292,0.,0.499999999717929));
#6026=DIRECTION('',(0.499999999717929,0.,0.866025403947292));
#6027=DIRECTION('',(0.,-1.,0.));
#6028=DIRECTION('',(-0.377964472765541,-0.654653670778323,-0.654653670778323));
#6029=DIRECTION('',(-3.25706097333641E-10,0.,1.));
#6030=DIRECTION('',(1.,0.,3.25706097333641E-10));
#6031=DIRECTION('',(0.,-1.,0.));
#6032=DIRECTION('',(-1.,-3.25705944247584E-10,-3.25706097333641E-10));
#6033=DIRECTION('',(0.866025403621586,0.,0.500000000282069));
#6034=DIRECTION('',(0.500000000282069,0.,-0.866025403621586));
#6035=DIRECTION('',(-0.377964473252912,0.654653670637631,0.654653670637631));
#6036=DIRECTION('',(-0.866025403784439,-9.27163581263529E-17,-0.5));
#6037=DIRECTION('',(-0.5,0.,0.866025403784439));
#6038=DIRECTION('',(-3.08939616888694E-17,-1.,2.38942627544914E-16));
#6039=DIRECTION('',(0.377964473009227,-0.654653670707977,-0.654653670707977));
#6040=DIRECTION('',(-1.07059628645063E-16,1.,0.));
#6041=DIRECTION('',(0.,0.,-1.));
#6042=DIRECTION('',(-1.,0.,0.));
#6043=DIRECTION('',(1.,-1.53086056323579E-16,0.));
#6044=DIRECTION('',(-1.68847552022803E-16,-1.,0.));
#6045=DIRECTION('',(0.866025403784437,-1.46226269418562E-16,-0.500000000000004));
#6046=DIRECTION('',(-0.500000000000004,0.,-0.866025403784437));
#6047=DIRECTION('',(0.37796447300923,0.654653670707976,0.654653670707976));
#6048=DIRECTION('',(-3.08939616888694E-17,-1.,2.38942627544914E-16));
#6049=DIRECTION('',(-2.86155161664221E-15,-2.38942627544914E-16,-1.));
#6050=DIRECTION('',(-1.,0.,2.86155161664221E-15));
#6051=DIRECTION('',(-3.08939616888694E-17,-1.,2.38942627544914E-16));
#6052=DIRECTION('',(1.,-3.01463767296579E-15,-2.86155161664221E-15));
#6053=DIRECTION('',(-0.866025403784439,-9.27163581263529E-17,-0.499999999999999));
#6054=DIRECTION('',(-0.499999999999999,0.,0.866025403784439));
#6055=DIRECTION('',(0.377964473009227,-0.654653670707977,-0.654653670707977));
#6056=DIRECTION('',(-1.07059628645063E-16,1.,0.));
#6057=DIRECTION('',(0.,0.,-1.));
#6058=DIRECTION('',(-1.,0.,0.));
#6059=DIRECTION('',(1.,-1.53086056323579E-16,0.));
#6060=DIRECTION('',(0.,0.707106781186547,0.707106781186548));
#6061=DIRECTION('',(0.,0.707106781186548,-0.707106781186547));
#6062=DIRECTION('',(-1.,7.65430281617893E-17,-7.65430281617892E-17));
#6063=DIRECTION('',(0.,-1.,0.));
#6064=DIRECTION('',(0.,0.,1.));
#6065=DIRECTION('',(0.,-1.,0.));
#6066=DIRECTION('',(0.,0.,-1.));
#6067=DIRECTION('',(0.,-1.,0.));
#6068=DIRECTION('',(0.,0.,-1.));
#6069=DIRECTION('',(0.,1.,0.));
#6070=DIRECTION('',(0.,0.,-1.));
#6071=DIRECTION('',(1.,0.,1.53086056323579E-16));
#6072=DIRECTION('',(0.,-1.,0.));
#6073=DIRECTION('',(0.,0.,-1.));
#6074=DIRECTION('',(0.,1.,0.));
#6075=DIRECTION('',(0.,0.,-1.));
#6076=DIRECTION('',(0.,1.,0.));
#6077=DIRECTION('',(0.,0.,1.));
#6078=DIRECTION('',(0.,1.,0.));
#6079=DIRECTION('',(0.,0.,-1.));
#6080=DIRECTION('',(1.08248188531508E-16,0.707106781186547,-0.707106781186548));
#6081=DIRECTION('',(-1.08248188531508E-16,0.707106781186548,0.707106781186547));
#6082=DIRECTION('',(1.53086056323579E-16,0.,-1.));
#6083=DIRECTION('',(-1.,0.,-1.53086056323579E-16));
#6084=DIRECTION('',(0.,-1.,0.));
#6085=DIRECTION('',(-1.,0.,-1.53086056323579E-16));
#6086=DIRECTION('',(0.,-1.,0.));
#6087=DIRECTION('',(0.,0.,-1.));
#6088=DIRECTION('',(0.,-1.,0.));
#6089=DIRECTION('',(1.08248188531508E-16,0.707106781186547,-0.707106781186548));
#6090=DIRECTION('',(-1.08248188531508E-16,0.707106781186548,0.707106781186547));
#6091=DIRECTION('',(0.819152044288993,0.,-0.573576436351045));
#6092=DIRECTION('',(0.,1.,0.));
#6093=DIRECTION('',(-0.443712606279656,-0.633687274224643,-0.633687274224643));
#6094=DIRECTION('',(-0.258826824110142,0.892397175086588,-0.369643012944293));
#6095=DIRECTION('',(-0.573576436351044,0.,-0.819152044288993));
#6096=DIRECTION('',(0.,0.,-1.));
#6097=DIRECTION('',(-1.,0.,0.));
#6098=DIRECTION('',(1.,-1.53086056323579E-16,0.));
#6099=DIRECTION('',(-1.68847552022803E-16,-1.,0.));
#6100=DIRECTION('',(-0.707106781186548,-0.707106781186548,0.));
#6101=DIRECTION('',(0.866025403784437,-1.46226269418562E-16,-0.500000000000002));
#6102=DIRECTION('',(-0.500000000000002,0.,-0.866025403784437));
#6103=DIRECTION('',(0.377964473009229,0.654653670707977,0.654653670707976));
#6104=DIRECTION('',(-3.08939616888694E-17,-1.,2.38942627544914E-16));
#6105=DIRECTION('',(-1.43077580832111E-15,-2.38942627544914E-16,-1.));
#6106=DIRECTION('',(-1.,0.,1.43077580832111E-15));
#6107=DIRECTION('',(1.,-1.58386186464469E-15,-1.43077580832111E-15));
#6108=DIRECTION('',(-1.41433074150225E-16,0.382683432365082,0.92387953251129));
#6109=DIRECTION('',(-1.,0.,-1.53086056323579E-16));
#6110=DIRECTION('',(-1.,0.,-1.53086056323579E-16));
#6111=DIRECTION('',(-1.,0.,-1.53086056323579E-16));
#6112=DIRECTION('',(0.,1.,0.));
#6113=DIRECTION('',(0.,0.,-1.));
#6114=DIRECTION('',(0.41400765330623,0.,-0.910273400140786));
#6115=DIRECTION('',(-1.,0.,0.));
#6116=DIRECTION('',(0.,0.,1.));
#6117=DIRECTION('',(1.,0.,0.));
#6118=DIRECTION('',(0.,0.,-1.));
#6119=DIRECTION('',(-1.,0.,0.));
#6120=DIRECTION('',(-1.,0.,0.));
#6121=DIRECTION('',(0.,0.,1.));
#6122=DIRECTION('',(-1.,0.,0.));
#6123=DIRECTION('',(0.,0.,1.));
#6124=DIRECTION('',(0.998019771557514,0.,-0.0629009982455524));
#6125=DIRECTION('',(-0.0629009982455524,0.,-0.998019771557514));
#6126=DIRECTION('',(-0.0629009982455524,0.,-0.998019771557514));
#6127=DIRECTION('',(0.,-1.,0.));
#6128=DIRECTION('',(-0.062900998245564,0.,-0.998019771557514));
#6129=DIRECTION('',(0.,1.,0.));
#6130=DIRECTION('',(0.,0.,-1.));
#6131=DIRECTION('',(0.064567323874024,0.,0.997913353296641));
#6132=DIRECTION('',(0.999998771983161,0.,0.00156717330577201));
#6133=DIRECTION('',(0.248062125984587,0.,-0.968744125996131));
#6134=DIRECTION('',(-0.968744125996131,0.,-0.248062125984587));
#6135=DIRECTION('',(-0.33232334345944,0.,0.943165518555433));
#6136=DIRECTION('',(0.943165518555433,0.,0.33232334345944));
#6137=DIRECTION('',(0.41400765330623,0.,-0.910273400140786));
#6138=DIRECTION('',(-0.910273400140786,0.,-0.41400765330623));
#6139=DIRECTION('',(0.41400765330623,0.,-0.910273400140786));
#6140=DIRECTION('',(0.991030091733048,0.,-0.133638906309456));
#6141=DIRECTION('',(-0.133638906309456,0.,-0.991030091733047));
#6142=DIRECTION('',(0.991030091733047,0.,-0.133638906309456));
#6143=DIRECTION('',(0.,1.,0.));
#6144=DIRECTION('',(1.,0.,0.));
#6145=DIRECTION('',(1.,0.,-2.60208521396521E-16));
#6146=DIRECTION('',(-2.60208521396521E-16,0.,-1.));
#6147=DIRECTION('',(1.,-6.12303176911189E-17,0.));
#6148=DIRECTION('',(6.12303176911189E-17,1.,0.));
#6149=DIRECTION('',(1.,0.,-2.60208521396521E-16));
#6150=DIRECTION('',(1.,0.,0.));
#6151=DIRECTION('',(0.,0.,-1.));
#6152=DIRECTION('',(0.,0.,-1.));
#6153=DIRECTION('',(0.,-1.,0.));
#6154=DIRECTION('',(0.,-1.,0.));
#6155=DIRECTION('',(0.,0.,1.));
#6156=DIRECTION('',(0.,-1.,0.));
#6157=DIRECTION('',(-1.,0.,-5.1023529366389E-15));
#6158=DIRECTION('',(0.,1.,0.));
#6159=DIRECTION('',(0.,0.,-1.));
#6160=DIRECTION('',(0.,1.,0.));
#6161=DIRECTION('',(0.,0.,1.));
#6162=DIRECTION('',(0.685011384667432,-0.707106781186541,0.175383587818289));
#6163=DIRECTION('',(-0.248029848510275,0.,0.968752390576648));
#6164=DIRECTION('',(-0.481160863118824,-0.619872657810758,-0.61987265781076));
#6165=DIRECTION('',(2.0272007383011E-16,-0.707106781186548,0.707106781186547));
#6166=DIRECTION('',(1.,0.,-2.86689477775817E-16));
#6167=DIRECTION('',(-1.,0.,0.));
#6168=DIRECTION('',(0.457159077569553,0.62889012466239,0.628890124662392));
#6169=DIRECTION('',(0.672609224535092,-0.707106781186546,0.218166979789115));
#6170=DIRECTION('',(0.308534701679743,0.,-0.951213087514776));
#6171=DIRECTION('',(0.736434984838487,0.668514757578439,-0.103689594491336));
#6172=DIRECTION('',(-0.308534701679743,0.,0.951213087514776));
#6173=DIRECTION('',(0.586218089412114,-0.707106781186541,-0.395409094035556));
#6174=DIRECTION('',(-0.559192903470737,0.,-0.829037572555049));
#6175=DIRECTION('',(0.736501935200594,0.668469049282121,-0.103508596733009));
#6176=DIRECTION('',(0.672498511963961,-0.707106781186544,0.21850801222441));
#6177=DIRECTION('',(0.309016994374945,0.,-0.951056516295154));
#6178=DIRECTION('',(-0.535001755322168,-0.668469049282121,-0.516645189616682));
#6179=DIRECTION('',(-0.241844762647976,0.707106781186538,-0.664463024388684));
#6180=DIRECTION('',(0.93969262078591,0.,-0.342020143325665));
#6181=DIRECTION('',(0.535162303813904,0.668423309637723,0.516538079631645));
#6182=DIRECTION('',(-0.93969262078591,0.,0.342020143325663));
#6183=DIRECTION('',(-0.672609224535092,0.707106781186546,-0.218166979789116));
#6184=DIRECTION('',(0.308534701679744,0.,-0.951213087514775));
#6185=DIRECTION('',(0.739874676824865,0.647985570303573,-0.180831864646843));
#6186=DIRECTION('',(0.308534701679739,1.14967358514653E-17,-0.951213087514777));
#6187=DIRECTION('',(-0.496148851749778,0.707106781186546,0.503821711429131));
#6188=DIRECTION('',(-0.7125114973211,0.,-0.701660435100373));
#6189=DIRECTION('',(-0.664855728234061,-0.682617938974658,0.303314374905552));
#6190=DIRECTION('',(-0.712311622633786,0.000284777214182631,-0.701863285236349));
#6191=DIRECTION('',(0.705706548226573,-0.707106781186542,-0.0444777224028335));
#6192=DIRECTION('',(-0.0629009982455524,0.,-0.998019771557514));
#6193=DIRECTION('',(0.601288627579646,0.564529173450263,0.565472190887358));
#6194=DIRECTION('',(0.390683154498773,0.336002626530671,0.857011614714397));
#6195=DIRECTION('',(0.00156717330577201,0.,-0.999998771983161));
#6196=DIRECTION('',(-0.999998771983161,0.,-0.00156717330577201));
#6197=DIRECTION('',(0.999998771983161,0.,0.00156717330577201));
#6198=DIRECTION('',(0.,-1.,0.));
#6199=DIRECTION('',(0.719108371200304,-0.69489702863871,0.00112696882723901));
#6200=DIRECTION('',(0.,-1.,0.));
#6201=DIRECTION('',(-0.00156717330577201,0.,0.999998771983161));
#6202=DIRECTION('',(0.999998771983161,-5.73600095427684E-15,0.00156717330577201));
#6203=DIRECTION('',(0.,1.,0.));
#6204=DIRECTION('',(-0.999998771983161,0.,-0.00156717330577201));
#6205=DIRECTION('',(0.,1.,0.));
#6206=DIRECTION('',(0.957746133897811,-5.46162092798832E-15,0.287614921385864));
#6207=DIRECTION('',(0.287614921385864,0.,-0.957746133897811));
#6208=DIRECTION('',(-0.287614921385864,1.64053064985556E-15,0.957746133897811));
#6209=DIRECTION('',(-0.957746133897811,5.46162092798832E-15,-0.287614921385864));
#6210=DIRECTION('',(0.287614921385864,0.,-0.957746133897811));
#6211=DIRECTION('',(-0.957746133897811,5.46162092798832E-15,-0.287614921385864));
#6212=DIRECTION('',(0.287614921385864,0.,-0.957746133897811));
#6213=DIRECTION('',(-0.957746133897809,5.46149499516515E-15,-0.287614921385869));
#6214=DIRECTION('',(-0.287614921385869,0.,0.957746133897809));
#6215=DIRECTION('',(0.957746133897811,-5.46162092798831E-15,0.287614921385864));
#6216=DIRECTION('',(-0.287614921385864,0.,0.957746133897811));
#6217=DIRECTION('',(-0.957746133897809,5.46148461791148E-15,-0.287614921385869));
#6218=DIRECTION('',(-0.957746133897811,5.46162092798831E-15,-0.287614921385864));
#6219=DIRECTION('',(-0.287614921385864,0.,0.957746133897811));
#6220=DIRECTION('',(0.287614921385864,-1.64053064985556E-15,-0.957746133897811));
#6221=DIRECTION('',(0.957746133897811,-5.46162092798831E-15,0.287614921385864));
#6222=DIRECTION('',(-0.287614921385864,0.,0.957746133897811));
#6223=DIRECTION('',(0.957746133897811,-5.46149499516516E-15,0.287614921385864));
#6224=DIRECTION('',(0.287614921385864,0.,-0.957746133897811));
#6225=DIRECTION('',(0.957746133897811,-5.46148461791149E-15,0.287614921385864));
#6226=DIRECTION('',(-0.957746133897812,5.46149499516517E-15,-0.287614921385861));
#6227=DIRECTION('',(-0.287614921385861,0.,0.957746133897812));
#6228=DIRECTION('',(0.957746133897811,-5.46162092798831E-15,0.287614921385864));
#6229=DIRECTION('',(-0.287614921385864,0.,0.957746133897811));
#6230=DIRECTION('',(-0.957746133897811,5.46162092798832E-15,-0.287614921385863));
#6231=DIRECTION('',(0.287614921385863,0.,-0.957746133897811));
#6232=DIRECTION('',(-0.957746133897812,5.46148461791149E-15,-0.287614921385861));
#6233=DIRECTION('',(-0.957746133897811,5.46162092798831E-15,-0.287614921385864));
#6234=DIRECTION('',(-0.287614921385864,0.,0.957746133897811));
#6235=DIRECTION('',(0.287614921385864,-1.64053064985556E-15,-0.957746133897811));
#6236=DIRECTION('',(0.957746133897811,-5.46162092798831E-15,0.287614921385864));
#6237=DIRECTION('',(-0.287614921385864,0.,0.957746133897811));
#6238=DIRECTION('',(0.957746133897811,-5.46149499516516E-15,0.287614921385864));
#6239=DIRECTION('',(0.287614921385864,0.,-0.957746133897811));
#6240=DIRECTION('',(-0.957746133897811,5.46162092798832E-15,-0.287614921385863));
#6241=DIRECTION('',(0.287614921385863,0.,-0.957746133897811));
#6242=DIRECTION('',(0.957746133897811,-5.46148461791149E-15,0.287614921385864));
#6243=DIRECTION('',(0.957746133897811,-5.46162092798832E-15,0.287614921385863));
#6244=DIRECTION('',(0.287614921385863,0.,-0.957746133897811));
#6245=DIRECTION('',(-0.287614921385863,1.64053064985555E-15,0.957746133897811));
#6246=DIRECTION('',(-5.70244535776731E-15,-1.,-5.81892107780199E-31));
#6247=DIRECTION('',(-1.,5.70244535776731E-15,0.));
#6248=DIRECTION('',(-0.287614921385864,1.64053064985556E-15,0.957746133897811));
#6249=DIRECTION('',(-0.957746133897811,5.46148461791149E-15,-0.287614921385864));
#6250=DIRECTION('',(0.287614921385866,-1.64053064985557E-15,-0.95774613389781));
#6251=DIRECTION('',(0.95774613389781,-5.46148461791148E-15,0.287614921385865));
#6252=DIRECTION('',(5.70172896883164E-15,1.,1.91744027541334E-18));
#6253=DIRECTION('',(1.,-5.70172896883164E-15,0.));
#6254=DIRECTION('',(-5.70172896883164E-15,-1.,-1.91744027541334E-18));
#6255=DIRECTION('',(1.,-5.70172896883164E-15,0.));
#6256=DIRECTION('',(-5.70172896883164E-15,-1.,-1.91744027541334E-18));
#6257=DIRECTION('',(1.,-5.70172896883164E-15,0.));
#6258=DIRECTION('',(-0.349987654576154,1.9937385783837E-15,0.936754312316887));
#6259=DIRECTION('',(-5.70172896883164E-15,-1.,-1.91744027541334E-18));
#6260=DIRECTION('',(1.,-5.70172896883164E-15,0.));
#6261=DIRECTION('',(-0.287614921385864,1.63498384970334E-15,0.957746133897811));
#6262=DIRECTION('',(0.957746133897811,0.,0.287614921385864));
#6263=DIRECTION('',(5.70109207999576E-15,1.,4.94421280401858E-18));
#6264=DIRECTION('',(-0.957746133897811,5.46148461791149E-15,-0.287614921385864));
#6265=DIRECTION('',(5.70109207999576E-15,1.,4.94421280401858E-18));
#6266=DIRECTION('',(-0.95774613389781,5.46162092798831E-15,-0.287614921385866));
#6267=DIRECTION('',(-0.287614921385866,0.,0.95774613389781));
#6268=DIRECTION('',(0.287614921385866,-1.64053064985557E-15,-0.95774613389781));
#6269=DIRECTION('',(5.70109207999576E-15,1.,4.94421280401858E-18));
#6270=DIRECTION('',(0.287614921385865,-1.63498384970334E-15,-0.95774613389781));
#6271=DIRECTION('',(-0.95774613389781,0.,-0.287614921385865));
#6272=DIRECTION('',(0.95774613389781,-5.46148461791148E-15,0.287614921385865));
#6273=DIRECTION('',(5.70109207999576E-15,1.,4.94421280401858E-18));
#6274=DIRECTION('',(0.957746133897811,-5.46162092798831E-15,0.287614921385864));
#6275=DIRECTION('',(0.287614921385864,0.,-0.957746133897811));
#6276=DIRECTION('',(-0.287614921385864,1.64053064985556E-15,0.957746133897811));
#6277=DIRECTION('',(0.95774613389781,-5.46162092798831E-15,0.287614921385866));
#6278=DIRECTION('',(0.287614921385866,0.,-0.95774613389781));
#6279=DIRECTION('',(5.70109207999576E-15,1.,4.94421280401858E-18));
#6280=DIRECTION('',(-0.287614921385866,1.64053064985557E-15,0.95774613389781));
#6281=DIRECTION('',(5.70109207999576E-15,1.,4.94421280401858E-18));
#6282=DIRECTION('',(0.,1.,0.));
#6283=DIRECTION('',(0.,0.,-1.));
#6284=DIRECTION('',(0.,-1.,0.));
#6285=DIRECTION('',(0.,0.,-1.));
#6286=DIRECTION('',(-5.70172896883164E-15,-1.,-1.91744027541334E-18));
#6287=DIRECTION('',(1.,-5.70172896883164E-15,0.));
#6288=DIRECTION('',(-5.70172896883164E-15,-1.,-1.91744027541334E-18));
#6289=DIRECTION('',(1.,-5.70172896883164E-15,0.));
#6290=DIRECTION('',(0.287614921385863,-1.63498384970333E-15,-0.957746133897811));
#6291=DIRECTION('',(-0.957746133897811,0.,-0.287614921385863));
#6292=DIRECTION('',(0.957746133897811,-5.46148461791149E-15,0.287614921385863));
#6293=DIRECTION('',(5.70109207999576E-15,1.,4.94421280401858E-18));
#6294=DIRECTION('',(0.707106781186548,-0.707106781186548,3.11087439623977E-17));
#6295=DIRECTION('',(0.707106781186548,0.707106781186548,0.));
#6296=DIRECTION('',(0.707106781186548,0.707106781186548,2.62139394174183E-35));
#6297=DIRECTION('',(0.577350269189626,0.577350269189626,-0.577350269189626));
#6298=DIRECTION('',(0.577350269189626,0.577350269189626,0.577350269189626));
#6299=DIRECTION('',(0.287614921385866,0.,-0.95774613389781));
#6300=DIRECTION('',(7.4743810996646E-46,-2.7730778210842E-31,-1.));
#6301=DIRECTION('',(0.,-1.,2.7730778210842E-31));
#6302=DIRECTION('',(1.,2.37286067685799E-18,7.46780097234909E-46));
#6303=DIRECTION('',(-0.591724706770885,-0.80614010655525,2.23548925017482E-31));
#6304=DIRECTION('',(0.,1.,0.));
#6305=DIRECTION('',(0.,0.,-1.));
#6306=DIRECTION('',(-0.248062125984588,0.,0.96874412599613));
#6307=DIRECTION('',(1.02042557406991E-16,0.,-1.));
#6308=DIRECTION('',(-1.,0.,-1.02042557406991E-16));
#6309=DIRECTION('',(0.,-1.,0.));
#6310=DIRECTION('',(-1.,0.,-1.02042557406991E-16));
#6311=DIRECTION('',(-1.,0.,-1.02042557406991E-16));
#6312=DIRECTION('',(-1.,0.,-4.31517525951415E-17));
#6313=DIRECTION('',(-4.31517525951415E-17,0.,1.));
#6314=DIRECTION('',(1.,0.,4.31517525951415E-17));
#6315=DIRECTION('',(-1.02042557406991E-16,0.,1.));
#6316=DIRECTION('',(1.,0.,1.02042557406991E-16));
#6317=DIRECTION('',(-1.02042557406991E-16,0.,1.));
#6318=DIRECTION('',(-1.08248188531508E-16,-0.707106781186547,0.707106781186548));
#6319=DIRECTION('',(1.,0.,1.53086056323579E-16));
#6320=DIRECTION('',(3.60790836150446E-15,-0.707106781186548,-0.707106781186547));
#6321=DIRECTION('',(0.,-1.,0.));
#6322=DIRECTION('',(0.957673574800937,0.,0.287856429714527));
#6323=DIRECTION('',(-0.248062125984588,0.,0.96874412599613));
#6324=DIRECTION('',(0.,1.,0.));
#6325=DIRECTION('',(0.,0.,1.));
#6326=DIRECTION('',(-7.53603280552657E-46,2.7730778210842E-31,1.));
#6327=DIRECTION('',(1.,0.,1.02042557406991E-16));
#6328=DIRECTION('',(0.395750376313323,0.,-0.918358121675778));
#6329=DIRECTION('',(0.395750376313323,0.,-0.918358121675778));
#6330=DIRECTION('',(-0.642787609686539,0.,-0.766044443118978));
#6331=DIRECTION('',(0.80614010655525,-0.591724706770885,1.6408986605339E-31));
#6332=DIRECTION('',(-0.591724706770885,-0.80614010655525,0.));
#6333=DIRECTION('',(-0.591724706770885,-0.80614010655525,2.23548925017482E-31));
#6334=DIRECTION('',(9.89792712303482E-15,0.,1.));
#6335=DIRECTION('',(1.,0.,-9.89792712303482E-15));
#6336=DIRECTION('',(5.30626610826489E-13,0.,-1.));
#6337=DIRECTION('',(-1.,0.,-5.30626610826489E-13));
#6338=DIRECTION('',(1.,0.,5.30626610826489E-13));
#6339=DIRECTION('',(0.,-1.,0.));
#6340=DIRECTION('',(1.,0.,5.36959365859957E-13));
#6341=DIRECTION('',(0.,-1.,0.));
#6342=DIRECTION('',(-0.0871557427476582,0.,-0.996194698091746));
#6343=DIRECTION('',(-0.996194698091746,0.,0.0871557427476582));
#6344=DIRECTION('',(0.,-1.,0.));
#6345=DIRECTION('',(-0.996194698091746,0.,0.0871557427476582));
#6346=DIRECTION('',(0.,-1.,0.));
#6347=DIRECTION('',(0.,1.,0.));
#6348=DIRECTION('',(0.,0.,-1.));
#6349=DIRECTION('',(0.,1.,0.));
#6350=DIRECTION('',(0.,0.,1.));
#6351=DIRECTION('',(0.996194698091745,0.,-0.0871557427476582));
#6352=DIRECTION('',(-5.3314859336302E-13,0.,1.));
#6353=DIRECTION('',(-0.287614921385865,1.63498384970334E-15,0.95774613389781));
#6354=DIRECTION('',(0.95774613389781,0.,0.287614921385865));
#6355=DIRECTION('',(5.70109207999576E-15,1.,4.94421280401858E-18));
#6356=DIRECTION('',(-0.95774613389781,5.46148461791148E-15,-0.287614921385865));
#6357=DIRECTION('',(-5.70255687203639E-15,-1.,4.07418409305384E-19));
#6358=DIRECTION('',(-1.,5.70255687203639E-15,0.));
#6359=DIRECTION('',(0.287614921385864,-1.64053064985556E-15,-0.957746133897811));
#6360=DIRECTION('',(-0.957746133897811,5.46162092798832E-15,-0.287614921385864));
#6361=DIRECTION('',(-0.287614921385864,0.,0.957746133897811));
#6362=DIRECTION('',(5.7036704846371E-15,1.,-3.27909531494965E-18));
#6363=DIRECTION('',(1.,-5.7036704846371E-15,0.));
#6364=DIRECTION('',(5.7036704846371E-15,1.,-3.27909531494965E-18));
#6365=DIRECTION('',(5.7036704846371E-15,1.,-3.27909531494965E-18));
#6366=DIRECTION('',(0.997913353296641,0.,-0.064567323874024));
#6367=DIRECTION('',(-0.064567323874024,0.,-0.997913353296641));
#6368=DIRECTION('',(0.064567323874024,0.,0.997913353296641));
#6369=DIRECTION('',(0.,-1.,0.));
#6370=DIRECTION('',(0.064567323874024,0.,0.997913353296641));
#6371=DIRECTION('',(-0.705631299152661,-0.707106781186548,0.0456559925543904));
#6372=DIRECTION('',(0.064567323874024,0.,0.997913353296641));
#6373=DIRECTION('',(-0.55236829909713,0.58928484097501,0.589603797774065));
#6374=DIRECTION('',(-0.064567323874024,0.,-0.997913353296641));
#6375=DIRECTION('',(0.664556448021972,-0.682773658277184,-0.303619595802397));
#6376=DIRECTION('',(-0.496435725163199,-0.70710678118655,0.503539045935551));
#6377=DIRECTION('',(0.712111747946468,0.,0.702066135372321));
#6378=DIRECTION('',(-0.712111747946468,0.,-0.702066135372321));
#6379=DIRECTION('',(-0.739871502445147,0.648051676475275,0.180607819562571));
#6380=DIRECTION('',(-0.67260922453509,-0.70710678118655,-0.218166979789111));
#6381=DIRECTION('',(0.72456038631241,-0.689211322155122,0.));
#6382=DIRECTION('',(-0.308534701679739,0.,0.951213087514777));
#6383=DIRECTION('',(-0.535162303813902,0.668423309637717,-0.516538079631655));
#6384=DIRECTION('',(-0.241844762647972,-0.707106781186546,-0.664463024388677));
#6385=DIRECTION('',(-0.93969262078591,0.,0.342020143325663));
#6386=DIRECTION('',(0.93969262078591,0.,-0.342020143325663));
#6387=DIRECTION('',(0.53500175532216,-0.668469049282116,0.516645189616696));
#6388=DIRECTION('',(-0.67249851196396,-0.707106781186545,-0.218508012224409));
#6389=DIRECTION('',(-0.309016994374945,0.,0.951056516295155));
#6390=DIRECTION('',(0.309016994374945,0.,-0.951056516295155));
#6391=DIRECTION('',(0.736493246672268,-0.668496514558872,-0.103392976689823));
#6392=DIRECTION('',(-0.586338522735107,-0.70710678118655,0.395230485611636));
#6393=DIRECTION('',(0.558940313015282,0.,0.829207890993796));
#6394=DIRECTION('',(-0.558940313015282,0.,-0.829207890993796));
#6395=DIRECTION('',(-0.736426338491808,0.66854220402611,0.103573980378574));
#6396=DIRECTION('',(0.672609224535092,0.707106781186546,0.218166979789115));
#6397=DIRECTION('',(-0.308534701679743,0.,0.951213087514776));
#6398=DIRECTION('',(0.308534701679743,0.,-0.951213087514776));
#6399=DIRECTION('',(0.457159077569553,-0.628890124662391,0.628890124662391));
#6400=DIRECTION('',(-0.000577257174132965,0.,-0.999999833387064));
#6401=DIRECTION('',(-0.999999833387064,0.,0.000577257174132965));
#6402=DIRECTION('',(0.999999833387064,0.,-0.000577257174132965));
#6403=DIRECTION('',(0.999999833387064,0.,-0.000577257174132965));
#6404=DIRECTION('',(0.,0.707106781186547,0.707106781186547));
#6405=DIRECTION('',(-1.,0.,0.));
#6406=DIRECTION('',(1.,0.,0.));
#6407=DIRECTION('',(0.,1.,0.));
#6408=DIRECTION('',(0.,0.,1.));
#6409=DIRECTION('',(-0.999999833387064,0.,0.000577257174132965));
#6410=DIRECTION('',(0.296255804489448,0.,-0.955108631678256));
#6411=DIRECTION('',(-0.642787609686539,0.,-0.766044443118978));
#6412=DIRECTION('',(-0.766044443118978,0.,0.642787609686539));
#6413=DIRECTION('',(0.642787609686539,0.,0.766044443118978));
#6414=DIRECTION('',(0.,1.,0.));
#6415=DIRECTION('',(0.,0.,-1.));
#6416=DIRECTION('',(0.394709859327591,0.,-0.918805815692083));
#6417=DIRECTION('',(-0.349988417968554,0.,0.936754027099894));
#6418=DIRECTION('',(-0.349988417968554,0.,0.936754027099894));
#6419=DIRECTION('',(0.580856184781397,-0.814005690366396,0.000910303425149933));
#6420=DIRECTION('',(0.768225369688309,0.54855743973996,0.330021994226448));
#6421=DIRECTION('',(0.581115454130782,-0.813821128363214,0.));
#6422=DIRECTION('',(0.580856184781397,-0.814005690366396,0.000910303425149933));
#6423=DIRECTION('',(0.394709859327591,1.85330218316709E-18,-0.918805815692083));
#6424=DIRECTION('',(0.580856184781397,-0.814005690366396,0.000910303425149933));
#6425=DIRECTION('',(-0.363803437426535,-0.707106781186542,0.606339062667617));
#6426=DIRECTION('',(0.,0.650944554951626,0.759125277130744));
#6427=DIRECTION('',(0.857492925821128,0.,0.514495755246554));
#6428=DIRECTION('',(0.486495478512269,-0.699347376789207,-0.523674895297812));
#6429=DIRECTION('',(-0.857492925821128,-7.85046229341893E-17,-0.514495755246554));
#6430=DIRECTION('',(-0.363803437426531,0.707106781186553,0.606339062667607));
#6431=DIRECTION('',(-0.514495755246554,0.,0.857492925821128));
#6432=DIRECTION('',(0.857492925821128,0.,0.514495755246554));
#6433=DIRECTION('',(0.,1.,0.));
#6434=DIRECTION('',(0.659879190921774,-0.638592872461193,0.395927514363662));
#6435=DIRECTION('',(0.,1.,0.));
#6436=DIRECTION('',(0.,0.,1.));
#6437=DIRECTION('',(0.,1.,0.));
#6438=DIRECTION('',(0.,0.,1.));
#6439=DIRECTION('',(5.70172896883164E-15,1.,1.91744027541334E-18));
#6440=DIRECTION('',(1.,-5.70172896883164E-15,0.));
#6441=DIRECTION('',(5.61107688064046E-15,1.,2.44550954410264E-16));
#6442=DIRECTION('',(-0.349987654576154,1.73472347597681E-15,0.936754312316887));
#6443=DIRECTION('',(-0.349987654576154,1.9937385783837E-15,0.936754312316887));
#6444=DIRECTION('',(-5.70172896883164E-15,-1.,-1.91744027541334E-18));
#6445=DIRECTION('',(0.349987654576154,-1.9937385783837E-15,-0.936754312316886));
#6446=DIRECTION('',(0.349987654576154,-1.9937385783837E-15,-0.936754312316887));
#6447=DIRECTION('',(-5.70172896883164E-15,-1.,-1.91744027541334E-18));
#6448=DIRECTION('',(-0.349987654576154,1.99373857838369E-15,0.936754312316887));
#6449=DIRECTION('',(0.936754312316886,-5.34179027963994E-15,0.349987654576154));
#6450=DIRECTION('',(0.349987654576154,0.,-0.936754312316887));
#6451=DIRECTION('',(5.7036704846371E-15,1.,-3.27909531494965E-18));
#6452=DIRECTION('',(5.7036704846371E-15,1.,-3.27909531494965E-18));
#6453=DIRECTION('',(0.349987654576154,-1.9937385783837E-15,-0.936754312316887));
#6454=DIRECTION('',(0.,1.,0.));
#6455=DIRECTION('',(0.,0.,-1.));
#6456=DIRECTION('',(0.514495755246554,0.,-0.857492925821128));
#6457=DIRECTION('',(-0.239523566119715,0.,-0.970890550614895));
#6458=DIRECTION('',(-0.349987654576155,0.,0.936754312316886));
#6459=DIRECTION('',(0.,-1.,0.));
#6460=DIRECTION('',(0.,0.,-1.));
#6461=DIRECTION('',(0.,-1.,0.));
#6462=DIRECTION('',(0.,0.,-1.));
#6463=DIRECTION('',(0.,-1.,0.));
#6464=DIRECTION('',(0.,0.,-1.));
#6465=DIRECTION('',(-0.258819045102828,0.,0.965925826288986));
#6466=DIRECTION('',(0.,-1.,0.));
#6467=DIRECTION('',(0.,0.,-1.));
#6468=DIRECTION('',(-0.436525871199071,-0.879931088137008,-0.187527181773501));
#6469=DIRECTION('',(-0.394709859327591,0.,0.918805815692083));
#6470=DIRECTION('',(-0.394709859327591,0.,0.918805815692083));
#6471=DIRECTION('',(-0.857492925821128,0.,-0.514495755246554));
#6472=DIRECTION('',(-0.514495755246554,0.,0.857492925821128));
#6473=DIRECTION('',(-0.514495755246554,0.,0.857492925821128));
#6474=DIRECTION('',(0.,-1.,0.));
#6475=DIRECTION('',(-0.514495755246554,3.1540426835942E-16,0.857492925821128));
#6476=DIRECTION('',(-0.396927298972009,0.636243878248503,0.66154549860315));
#6477=DIRECTION('',(-1.62274157257567E-16,-1.,2.70456928891992E-16));
#6478=DIRECTION('',(0.,2.70456928891992E-16,1.));
#6479=DIRECTION('',(1.62274157257567E-16,1.,-2.70456928891992E-16));
#6480=DIRECTION('',(0.,2.70456928891992E-16,1.));
#6481=DIRECTION('',(-0.239523566119715,-2.23715591774156E-16,-0.970890550614895));
#6482=DIRECTION('',(0.738027398140357,0.64974166595674,-0.182075059011209));
#6483=DIRECTION('',(0.660786961385324,-0.750573508500766,0.));
#6484=DIRECTION('',(-0.738027398140357,-0.64974166595674,0.182075059011209));
#6485=DIRECTION('',(0.630828043818179,-0.760155094385192,-0.155628440886523));
#6486=DIRECTION('',(0.,1.,0.));
#6487=DIRECTION('',(0.,0.,-1.));
#6488=DIRECTION('',(-0.683012701892162,-0.707106781186546,-0.183012701892437));
#6489=DIRECTION('',(-0.68301270189216,0.707106781186549,-0.183012701892436));
#6490=DIRECTION('',(0.,1.,0.));
#6491=DIRECTION('',(0.258819045102828,-1.47590146224839E-15,-0.965925826288986));
#6492=DIRECTION('',(-0.965925826288986,0.,-0.258819045102828));
#6493=DIRECTION('',(0.258819045102828,-1.47590146224839E-15,-0.965925826288986));
#6494=DIRECTION('',(0.965925826288986,0.,0.258819045102828));
#6495=DIRECTION('',(0.258819045102828,0.,-0.965925826288986));
#6496=DIRECTION('',(0.258819045102828,0.,-0.965925826288986));
#6497=DIRECTION('',(0.683012701892162,0.707106781186546,0.183012701892437));
#6498=DIRECTION('',(0.258819045102828,0.,-0.965925826288986));
#6499=DIRECTION('',(-0.683012701892162,-0.707106781186546,-0.183012701892437));
#6500=DIRECTION('',(0.68301270189216,-0.707106781186549,0.183012701892436));
#6501=DIRECTION('',(0.,-1.,0.));
#6502=DIRECTION('',(0.,0.,1.));
#6503=DIRECTION('',(0.,1.,0.));
#6504=DIRECTION('',(0.,0.,1.));
#6505=DIRECTION('',(0.,1.,0.));
#6506=DIRECTION('',(0.,0.,1.));
#6507=DIRECTION('',(5.7036704846371E-15,1.,-3.27909531494965E-18));
#6508=DIRECTION('',(1.,-5.7036704846371E-15,0.));
#6509=DIRECTION('',(5.7036704846371E-15,1.,-3.27909531494965E-18));
#6510=DIRECTION('',(-5.70172896883164E-15,-1.,-1.91744027541334E-18));
#6511=DIRECTION('',(1.,-5.70172896883164E-15,0.));
#6512=DIRECTION('',(-0.936754312316886,5.34179027963994E-15,-0.349987654576154));
#6513=DIRECTION('',(-0.349987654576154,0.,0.936754312316887));
#6514=DIRECTION('',(5.7036704846371E-15,1.,-3.27909531494965E-18));
#6515=DIRECTION('',(5.7036704846371E-15,1.,-3.27909531494965E-18));
#6516=DIRECTION('',(1.,-5.7036704846371E-15,0.));
#6517=DIRECTION('',(-5.70172896883164E-15,-1.,-1.91744027541334E-18));
#6518=DIRECTION('',(1.,-5.70172896883164E-15,0.));
#6519=DIRECTION('',(5.70172896883164E-15,1.,1.91744027541334E-18));
#6520=DIRECTION('',(1.,-5.70172896883164E-15,0.));
#6521=DIRECTION('',(0.349987654576156,-1.99373857838371E-15,-0.936754312316886));
#6522=DIRECTION('',(0.664714345607932,0.704611743732495,0.248348805789906));
#6523=DIRECTION('',(0.727400719510357,-0.686212935797493,0.));
#6524=DIRECTION('',(-0.660048089450535,0.709593045762325,-0.246605411575751));
#6525=DIRECTION('',(0.660048089450535,-0.709593045762325,0.246605411575751));
#6526=DIRECTION('',(0.349987654576153,-1.99928596207015E-15,-0.936754312316887));
#6527=DIRECTION('',(-0.936754312316887,0.,-0.349987654576153));
#6528=DIRECTION('',(1.02042557406991E-16,0.,-1.));
#6529=DIRECTION('',(-1.,0.,-1.02042557406991E-16));
#6530=DIRECTION('',(-0.999998771983161,0.,-0.00156717330576923));
#6531=DIRECTION('',(-0.00156717330576923,0.,0.999998771983161));
#6532=DIRECTION('',(0.00111034581930858,0.705708549113378,-0.708501383795722));
#6533=DIRECTION('',(0.00156717330577105,0.,-0.999998771983161));
#6534=DIRECTION('',(0.,1.,0.));
#6535=DIRECTION('',(0.,0.,-1.));
#6536=DIRECTION('',(0.,1.,0.));
#6537=DIRECTION('',(0.,0.,1.));
#6538=DIRECTION('',(0.996194698091746,0.,-0.0871557427476582));
#6539=DIRECTION('',(0.,1.,0.));
#6540=DIRECTION('',(0.,0.,1.));
#6541=DIRECTION('',(0.514495755246554,0.,-0.857492925821128));
#6542=DIRECTION('',(0.,1.,0.));
#6543=DIRECTION('',(0.,0.,1.));
#6544=DIRECTION('',(0.,-1.,0.));
#6545=DIRECTION('',(0.,0.,1.));
#6546=DIRECTION('',(0.,1.,0.));
#6547=DIRECTION('',(0.,0.,1.));
#6548=DIRECTION('',(0.,1.,0.));
#6549=DIRECTION('',(0.,0.,-1.));
#6550=DIRECTION('',(0.,1.,0.));
#6551=DIRECTION('',(0.,0.,1.));
#6552=DIRECTION('',(0.,-1.,0.));
#6553=DIRECTION('',(-1.,0.,0.));
#6554=DIRECTION('',(0.,0.,1.));
#6555=DIRECTION('',(0.,0.777145961163351,-0.629320391412428));
#6556=DIRECTION('',(-0.349987654576154,1.99928596207015E-15,0.936754312316886));
#6557=DIRECTION('',(0.936754312316886,0.,0.349987654576154));
#6558=DIRECTION('',(-7.21549843121007E-17,0.707106781186548,0.707106781186547));
#6559=DIRECTION('',(-1.,0.,-1.02042557406991E-16));
#6560=DIRECTION('',(7.93019613556223E-17,-0.629320391412427,-0.777145961163351));
#6561=DIRECTION('',(1.,0.,1.02042557406991E-16));
#6562=DIRECTION('',(0.606339062667605,0.707106781186556,0.363803437426528));
#6563=DIRECTION('',(-0.514495755246554,0.,0.857492925821128));
#6564=DIRECTION('',(-0.606339062667626,0.70710678118654,-0.363803437426525));
#6565=DIRECTION('',(0.,-1.,0.));
#6566=DIRECTION('',(0.,0.,-1.));
#6567=DIRECTION('',(-0.0616284167162106,0.707106781186542,-0.704416026402765));
#6568=DIRECTION('',(0.0616284167162196,0.707106781186546,0.70441602640276));
#6569=DIRECTION('',(-0.996194698091746,0.,0.0871557427476582));
#6570=DIRECTION('',(-0.0616284167162114,0.70710678118655,-0.704416026402757));
#6571=DIRECTION('',(0.,1.,0.));
#6572=DIRECTION('',(0.,0.,1.));
#6573=DIRECTION('',(0.000408182462317997,-0.707106781186558,0.7071066633734));
#6574=DIRECTION('',(0.999999833387064,0.,-0.000577257174132965));
#6575=DIRECTION('',(0.,-1.,0.));
#6576=DIRECTION('',(0.,0.,-1.));
#6577=DIRECTION('',(0.00110815887225593,0.707106780899407,-0.707105913134653));
#6578=DIRECTION('',(-0.999998771983161,0.,-0.00156717330577201));
#6579=DIRECTION('',(0.,-0.707106781186548,0.707106781186547));
#6580=DIRECTION('',(0.,-0.707106781186547,-0.707106781186548));
#6581=DIRECTION('',(0.,1.,0.));
#6582=DIRECTION('',(0.,0.,1.));
#6583=DIRECTION('',(-5.691669190106E-15,-1.,-2.88427931528299E-17));
#6584=DIRECTION('',(1.,-5.691669190106E-15,0.));
#6585=DIRECTION('',(0.,-1.,0.));
#6586=DIRECTION('',(0.,0.,-1.));
#6587=DIRECTION('',(0.,1.,0.));
#6588=DIRECTION('',(0.,0.,1.));
#6589=DIRECTION('',(0.,-1.,0.));
#6590=DIRECTION('',(1.,0.,1.15009148103252E-16));
#6591=DIRECTION('',(0.,-1.,0.));
#6592=DIRECTION('',(0.,0.,-1.));
#6593=DIRECTION('',(0.,0.,1.));
#6594=DIRECTION('',(1.,0.,0.));
#6595=CARTESIAN_POINT('',(0.,0.,0.));
#6596=CARTESIAN_POINT('',(137.884264292991,16.,-41.9775919781714));
#6597=CARTESIAN_POINT('',(140.738727357516,16.,-45.9899980337087));
#6598=CARTESIAN_POINT('',(143.252424817761,16.,-50.24385640777));
#6599=CARTESIAN_POINT('',(145.391383429642,16.,-54.6788808645918));
#6600=CARTESIAN_POINT('',(142.176356453798,14.,-41.9708655176509));
#6601=CARTESIAN_POINT('',(145.030819518323,14.,-45.9832715731882));
#6602=CARTESIAN_POINT('',(147.544516978569,14.,-50.2371299472494));
#6603=CARTESIAN_POINT('',(149.683475590449,14.,-54.6721544040713));
#6604=CARTESIAN_POINT('',(145.353071821094,16.,-54.599545896275));
#6605=CARTESIAN_POINT('',(145.983512086485,15.6218306744479,-54.2236788119809));
#6606=CARTESIAN_POINT('',(147.412228633829,14.8608061322981,-53.8094868794929));
#6607=CARTESIAN_POINT('',(148.935391380126,14.2332506033341,-54.1614728761556));
#6608=CARTESIAN_POINT('',(149.625928378715,14.0000000000075,-54.5530635752972));
#6609=CARTESIAN_POINT('',(145.353071821094,16.,-54.599545896275));
#6610=CARTESIAN_POINT('',(149.625928378713,14.,-54.5530635752956));
#6611=CARTESIAN_POINT('',(137.884264292992,16.,-41.9775919781714));
#6612=CARTESIAN_POINT('',(141.436196073668,16.,-46.9704022772366));
#6613=CARTESIAN_POINT('',(144.46048977803,16.,-52.3370749473518));
#6614=CARTESIAN_POINT('',(146.891688181494,16.,-57.9614547691631));
#6615=CARTESIAN_POINT('',(137.884264292991,16.,-41.9775919781714));
#6616=CARTESIAN_POINT('',(142.176356453798,14.,-41.9708655176509));
#6617=CARTESIAN_POINT('',(142.176356453798,14.,-41.9708655176509));
#6618=CARTESIAN_POINT('',(142.176356453798,14.,-41.9708655176509));
#6619=CARTESIAN_POINT('',(145.728288234474,14.,-46.9636758167163));
#6620=CARTESIAN_POINT('',(148.752581938836,14.,-52.3303484868311));
#6621=CARTESIAN_POINT('',(151.183780342301,14.,-57.9547283086425));
#6622=CARTESIAN_POINT('',(143.083440057486,16.,-18.8841371738065));
#6623=CARTESIAN_POINT('',(147.529464437566,16.,-58.249999995764));
#6624=CARTESIAN_POINT('',(148.762830448976,16.,-62.3171007119268));
#6625=CARTESIAN_POINT('',(146.891688181494,16.,-57.9614547691631));
#6626=CARTESIAN_POINT('',(154.334940579014,16.,-75.2878615687209));
#6627=CARTESIAN_POINT('',(154.334940579015,16.,-75.2878615687209));
#6628=CARTESIAN_POINT('',(155.406547838978,16.,-77.7823495054285));
#6629=CARTESIAN_POINT('',(156.282839334035,16.,-80.360713829509));
#6630=CARTESIAN_POINT('',(157.623468997344,16.,-85.6224588661053));
#6631=CARTESIAN_POINT('',(158.087793860413,16.,-88.3057873585213));
#6632=CARTESIAN_POINT('',(158.59316576339,16.,-93.7120659274532));
#6633=CARTESIAN_POINT('',(158.634207787875,16.,-96.4349623501837));
#6634=CARTESIAN_POINT('',(158.2920053537,16.,-101.85401634682));
#6635=CARTESIAN_POINT('',(157.90876426609,16.,-104.550120132859));
#6636=CARTESIAN_POINT('',(157.305580223512,16.,-107.255919255089));
#6637=CARTESIAN_POINT('',(157.293022375325,16.,-107.311817832544));
#6638=CARTESIAN_POINT('',(157.280372392674,16.,-107.367695551863));
#6639=CARTESIAN_POINT('',(157.530372967845,16.,-106.201513557686));
#6640=CARTESIAN_POINT('',(143.278134466676,16.,-106.222001897462));
#6641=CARTESIAN_POINT('',(143.342733746899,16.,-106.22190065907));
#6642=CARTESIAN_POINT('',(148.824461702603,16.,-19.2459696772484));
#6643=CARTESIAN_POINT('',(144.060883533651,16.,-94.827364703997));
#6644=CARTESIAN_POINT('',(148.874429553388,16.,-90.0871256941244));
#6645=CARTESIAN_POINT('',(149.314576452791,16.,-89.6536819306143));
#6646=CARTESIAN_POINT('',(144.017732893003,16.,-73.3235028967541));
#6647=CARTESIAN_POINT('',(143.867153619566,16.,-72.8592667028293));
#6648=CARTESIAN_POINT('',(141.021949041606,16.,-71.823696926054));
#6649=CARTESIAN_POINT('',(141.480267755998,16.,-71.9905112958998));
#6650=CARTESIAN_POINT('',(126.025785332488,16.,-24.4265051654986));
#6651=CARTESIAN_POINT('',(134.358162679017,16.,-50.0709257504415));
#6652=CARTESIAN_POINT('',(151.544471572594,16.,-24.5911749920191));
#6653=CARTESIAN_POINT('',(135.787974685096,16.,-47.951142277918));
#6654=CARTESIAN_POINT('',(127.951806802936,16.,-23.7922214016189));
#6655=CARTESIAN_POINT('',(130.305518648886,16.,-31.0487196169495));
#6656=CARTESIAN_POINT('',(143.083440057486,16.,-31.0487196169495));
#6657=CARTESIAN_POINT('',(111.636405660305,16.,-31.0487196169495));
#6658=CARTESIAN_POINT('',(110.648089768143,16.,-27.1885657325373));
#6659=CARTESIAN_POINT('',(109.959735800878,16.,-24.5));
#6660=CARTESIAN_POINT('',(143.083440057486,16.,-24.5));
#6661=CARTESIAN_POINT('',(140.126440008072,15.9999999999989,-24.5000000000026));
#6662=CARTESIAN_POINT('',(137.884264292992,16.,-41.9775919781714));
#6663=CARTESIAN_POINT('',(137.457128180625,16.,-41.3083344006619));
#6664=CARTESIAN_POINT('',(136.74033330417,16.,-39.9186884001098));
#6665=CARTESIAN_POINT('',(136.070676353375,16.,-37.6471270369003));
#6666=CARTESIAN_POINT('',(135.867816733326,16.,-35.6824984966977));
#6667=CARTESIAN_POINT('',(135.928484958771,16.,-34.1258028968396));
#6668=CARTESIAN_POINT('',(136.085484202893,16.,-32.9458926944447));
#6669=CARTESIAN_POINT('',(136.347332214694,16.,-31.8011240538325));
#6670=CARTESIAN_POINT('',(136.654312001543,16.,-30.8688000660778));
#6671=CARTESIAN_POINT('',(136.916478341226,16.,-30.2288256344821));
#6672=CARTESIAN_POINT('',(137.073666610297,16.,-29.8789795133126));
#6673=CARTESIAN_POINT('',(137.212887520964,16.,-29.5889905356633));
#6674=CARTESIAN_POINT('',(137.30108360766,16.,-29.4172064849314));
#6675=CARTESIAN_POINT('',(137.435637715392,16.,-29.1660194038531));
#6676=CARTESIAN_POINT('',(137.583125887067,16.,-28.9007639321468));
#6677=CARTESIAN_POINT('',(137.779861106047,16.,-28.5577094682026));
#6678=CARTESIAN_POINT('',(137.914015395982,16.,-28.3264437787418));
#6679=CARTESIAN_POINT('',(138.114716752797,16.,-27.979096275817));
#6680=CARTESIAN_POINT('',(138.455773191404,16.,-27.3894065632651));
#6681=CARTESIAN_POINT('',(138.948317486624,16.,-26.5374880834278));
#6682=CARTESIAN_POINT('',(139.537078599014,16.,-25.5192801989057));
#6683=CARTESIAN_POINT('',(139.930022586678,16.,-24.8396950775514));
#6684=CARTESIAN_POINT('',(140.126440008084,16.,-24.5));
#6685=CARTESIAN_POINT('',(151.183780342301,14.,-57.9547283086426));
#6686=CARTESIAN_POINT('',(147.529464437566,15.7607346821659,-58.249999995764));
#6687=CARTESIAN_POINT('',(151.687790866432,14.,-59.1279642686742));
#6688=CARTESIAN_POINT('',(151.183780342301,14.,-57.9547283086426));
#6689=CARTESIAN_POINT('',(158.627032739821,14.,-75.2811351082003));
#6690=CARTESIAN_POINT('',(158.627032739821,14.,-75.2811351082003));
#6691=CARTESIAN_POINT('',(11.4774665191146,-20.2498395450187,-28.8936187172063));
#6692=CARTESIAN_POINT('',(11.4774665191146,10.6,-26.363618717206));
#6693=CARTESIAN_POINT('',(11.4774665191146,10.6,-26.363618717206));
#6694=CARTESIAN_POINT('',(11.4774665191146,8.06999999999971,-28.8936187172063));
#6695=CARTESIAN_POINT('',(11.4774665191146,10.6,-28.8936187172063));
#6696=CARTESIAN_POINT('',(11.4774665191146,10.6,-25.8936187172063));
#6697=CARTESIAN_POINT('',(11.4774665191146,-20.2498395450187,-25.8936187172063));
#6698=CARTESIAN_POINT('',(11.4774665191146,0.,-25.8936187172063));
#6699=CARTESIAN_POINT('',(11.4774665191146,0.,-28.8936187172063));
#6700=CARTESIAN_POINT('',(11.4774665191146,0.,-28.8936187172063));
#6701=CARTESIAN_POINT('',(11.4774665191146,-20.2498395450187,-28.8936187172063));
#6702=CARTESIAN_POINT('',(12.0781094750597,-5.,-28.8936187172063));
#6703=CARTESIAN_POINT('',(5.85,-5.,-28.8936187172063));
#6704=CARTESIAN_POINT('',(5.85,0.,-28.8936187172063));
#6705=CARTESIAN_POINT('',(5.85,8.06999999999971,-28.8936187172063));
#6706=CARTESIAN_POINT('',(2.7609471700562,8.06999999999971,-28.8936187172063));
#6707=CARTESIAN_POINT('',(12.0781094750597,0.,-28.8936187172063));
#6708=CARTESIAN_POINT('',(32.2501977006458,12.,-36.7793004625412));
#6709=CARTESIAN_POINT('',(7.49421356237239,12.,-31.464870697746));
#6710=CARTESIAN_POINT('',(7.4942135623724,12.,-18.8936187172063));
#6711=CARTESIAN_POINT('',(7.49421356237239,12.,-10.));
#6712=CARTESIAN_POINT('',(97.6691469487505,12.,-9.99999999999999));
#6713=CARTESIAN_POINT('',(97.7958904977406,11.9998693403619,-9.99461090419192));
#6714=CARTESIAN_POINT('',(102.229777306227,11.9999999999999,-27.310392667195));
#6715=CARTESIAN_POINT('',(103.965013001328,11.9999999999999,-34.0869184273277));
#6716=CARTESIAN_POINT('',(87.2264528444801,12.,-18.8936187172063));
#6717=CARTESIAN_POINT('',(91.3124230904428,11.999999999993,-19.7066725400743));
#6718=CARTESIAN_POINT('',(95.0484878140883,11.9999999999999,-21.6336356144529));
#6719=CARTESIAN_POINT('',(100.874426586917,11.9999999999999,-27.0078982069227));
#6720=CARTESIAN_POINT('',(102.951206487245,11.9999999999999,-30.4425346090691));
#6721=CARTESIAN_POINT('',(103.965013001328,11.9999999999999,-34.0869184273277));
#6722=CARTESIAN_POINT('',(87.2264528444801,12.,-18.8936187172063));
#6723=CARTESIAN_POINT('',(32.2501977006458,12.,-18.8936187172063));
#6724=CARTESIAN_POINT('',(112.963587489721,12.8116515749497,-9.49999999999999));
#6725=CARTESIAN_POINT('',(99.1116018792688,12.9168429393796,-9.99488646035403));
#6726=CARTESIAN_POINT('',(99.8118319748656,13.1787154270612,-11.2268996507448));
#6727=CARTESIAN_POINT('',(100.51849053275,13.4398537136863,-12.4554586967389));
#6728=CARTESIAN_POINT('',(101.233834772211,13.7000000000001,-13.6793507482));
#6729=CARTESIAN_POINT('',(99.1099500620028,12.916225179929,-9.99198013064225));
#6730=CARTESIAN_POINT('',(101.233834772211,13.7000000000001,-13.6793507482));
#6731=CARTESIAN_POINT('',(129.963587490289,12.9156074204783,-9.98907380093047));
#6732=CARTESIAN_POINT('',(129.963587490289,12.9156074204783,-9.98907380093047));
#6733=CARTESIAN_POINT('',(129.963587490289,12.8116515749497,-9.49999999999999));
#6734=CARTESIAN_POINT('',(129.96358749029,15.0541233005701,-20.0500000000079));
#6735=CARTESIAN_POINT('',(144.975502248395,15.0541233005701,-20.05));
#6736=CARTESIAN_POINT('',(144.725545890928,15.0541068883655,-20.0517738978084));
#6737=CARTESIAN_POINT('',(144.723892320702,15.0548774078062,-20.0535477956167));
#6738=CARTESIAN_POINT('',(143.191408216498,15.3699182718719,-21.5356985304161));
#6739=CARTESIAN_POINT('',(141.658924112276,15.6849591359321,-23.0178492651913));
#6740=CARTESIAN_POINT('',(140.126440008076,15.9999999999988,-24.4999999999955));
#6741=CARTESIAN_POINT('',(111.087669589175,16.5042661199803,-26.872385571249));
#6742=CARTESIAN_POINT('',(107.722952991949,15.,-19.7953698905215));
#6743=CARTESIAN_POINT('',(105.551874253049,13.1975678310845,-11.3155932383491));
#6744=CARTESIAN_POINT('',(106.157067512737,13.7000000000001,-13.6793507481999));
#6745=CARTESIAN_POINT('',(112.963587489721,13.7000000000001,-13.6793507481999));
#6746=CARTESIAN_POINT('',(110.806993295119,16.,-31.8409822806251));
#6747=CARTESIAN_POINT('',(110.806993295119,13.7000000000001,-31.8409822806251));
#6748=CARTESIAN_POINT('',(113.478655362468,13.6999999999982,-42.2759320663116));
#6749=CARTESIAN_POINT('',(114.305891193738,15.,-45.5069411320668));
#6750=CARTESIAN_POINT('',(110.86018032264,15.,-32.0487196169495));
#6751=CARTESIAN_POINT('',(114.305891193738,15.,-45.5069411320668));
#6752=CARTESIAN_POINT('',(114.305891193738,15.,-45.5069411320668));
#6753=CARTESIAN_POINT('',(114.305891193738,16.,-45.5069411320668));
#6754=CARTESIAN_POINT('',(114.305891193738,13.4526365028947,-45.5069411320668));
#6755=CARTESIAN_POINT('',(114.305891193738,13.4526365028946,-45.5069411320668));
#6756=CARTESIAN_POINT('',(114.233363476939,13.460802408242,-45.2236631336555));
#6757=CARTESIAN_POINT('',(114.160835713643,13.4689615951171,-44.9403849536385));
#6758=CARTESIAN_POINT('',(114.088307903599,13.4771140270708,-44.6571065910307));
#6759=CARTESIAN_POINT('',(114.088307903599,13.4771140270708,-44.6571065910307));
#6760=CARTESIAN_POINT('',(114.088307903599,13.4771140270708,-44.6571065910307));
#6761=CARTESIAN_POINT('',(113.883941744564,13.5003379583619,-43.8588953825536));
#6762=CARTESIAN_POINT('',(113.680783144744,13.577252728741,-43.0654006462404));
#6763=CARTESIAN_POINT('',(113.478655362467,13.6999999999974,-42.2759320663119));
#6764=CARTESIAN_POINT('',(124.160941728487,12.,-100.598043522724));
#6765=CARTESIAN_POINT('',(112.963587489721,12.,-9.49999999999999));
#6766=CARTESIAN_POINT('',(129.963587490289,11.9999999999999,-9.49999999999999));
#6767=CARTESIAN_POINT('',(103.310302212852,12.,-9.49999999999999));
#6768=CARTESIAN_POINT('',(103.310302212852,12.,-21.25));
#6769=CARTESIAN_POINT('',(103.310680900591,12.,-21.25));
#6770=CARTESIAN_POINT('',(103.31068090058,12.,-21.25));
#6771=CARTESIAN_POINT('',(105.034410966107,12.,-25.2500000000001));
#6772=CARTESIAN_POINT('',(105.26006321334,12.,-25.25));
#6773=CARTESIAN_POINT('',(105.964477268698,12.,-25.25));
#6774=CARTESIAN_POINT('',(105.964477268698,12.,-33.25));
#6775=CARTESIAN_POINT('',(105.964477268698,12.,-33.25));
#6776=CARTESIAN_POINT('',(120.643731573079,12.,-33.25));
#6777=CARTESIAN_POINT('',(113.114012085039,11.9999999999964,-33.25));
#6778=CARTESIAN_POINT('',(113.114012085039,11.9999999999964,-33.25));
#6779=CARTESIAN_POINT('',(131.657779339204,11.9999999999964,-95.));
#6780=CARTESIAN_POINT('',(123.560280002039,12.0000000000001,-95.));
#6781=CARTESIAN_POINT('',(126.183423905273,12.,-95.));
#6782=CARTESIAN_POINT('',(126.183423905277,12.,-94.9999999999994));
#6783=CARTESIAN_POINT('',(126.347752683012,12.,-96.0212430514057));
#6784=CARTESIAN_POINT('',(126.6836284106,12.,-98.0644191519675));
#6785=CARTESIAN_POINT('',(126.785325012922,12.,-102.145550043396));
#6786=CARTESIAN_POINT('',(126.320369578509,12.,-105.228581228854));
#6787=CARTESIAN_POINT('',(125.796600873734,12.,-107.241364367553));
#6788=CARTESIAN_POINT('',(125.796600873734,11.9999999999999,-107.241364367553));
#6789=CARTESIAN_POINT('',(128.368745698044,11.9999999999999,-107.242849156853));
#6790=CARTESIAN_POINT('',(127.164647063895,12.,-107.242154082162));
#6791=CARTESIAN_POINT('',(101.131418973342,12.0000000000001,-100.463683891048));
#6792=CARTESIAN_POINT('',(127.163317618399,12.,-107.247257866473));
#6793=CARTESIAN_POINT('',(159.593986988601,12.0000000000001,-107.196433324734));
#6794=CARTESIAN_POINT('',(157.006882922949,11.9999999999997,-107.200487770144));
#6795=CARTESIAN_POINT('',(133.506419619549,11.9999999999999,-19.4955647205574));
#6796=CARTESIAN_POINT('',(156.439967482302,12.0000000000001,-105.084730542054));
#6797=CARTESIAN_POINT('',(155.286545225489,12.0000000000001,-84.2459014860656));
#6798=CARTESIAN_POINT('',(160.606244345085,11.9999999999997,-104.427278560096));
#6799=CARTESIAN_POINT('',(160.606244345085,11.9999999999997,-104.427278560096));
#6800=CARTESIAN_POINT('',(160.668446624638,11.9999999999997,-103.132331951403));
#6801=CARTESIAN_POINT('',(160.789250250712,11.9999999999999,-100.542947645664));
#6802=CARTESIAN_POINT('',(161.059664967188,11.9999999999998,-95.3601077410194));
#6803=CARTESIAN_POINT('',(160.67075363916,11.9999999999998,-91.4809704147392));
#6804=CARTESIAN_POINT('',(160.181464718902,11.9999999999998,-88.9324482362737));
#6805=CARTESIAN_POINT('',(160.181464718902,11.9999999999997,-88.9324482362737));
#6806=CARTESIAN_POINT('',(160.180960639426,11.9999999999996,-88.9325450324291));
#6807=CARTESIAN_POINT('',(159.543961694751,11.9999999999996,-85.6152842085428));
#6808=CARTESIAN_POINT('',(158.505882231407,11.9999999999998,-82.3878091207866));
#6809=CARTESIAN_POINT('',(157.089584558185,11.9999999999998,-79.3212005820201));
#6810=CARTESIAN_POINT('',(157.089584558186,11.9999999999997,-79.3212005820202));
#6811=CARTESIAN_POINT('',(158.479761565196,11.9999999999997,-83.0420584156417));
#6812=CARTESIAN_POINT('',(150.760246106861,11.9999999999998,-62.3805027863473));
#6813=CARTESIAN_POINT('',(149.279402710447,11.9999999999998,-62.9337715573484));
#6814=CARTESIAN_POINT('',(149.279402710447,11.9999999999998,-62.9337715573484));
#6815=CARTESIAN_POINT('',(147.529464437566,11.9999999999998,-58.249999995764));
#6816=CARTESIAN_POINT('',(145.779526164686,11.9999999999998,-53.5662284341795));
#6817=CARTESIAN_POINT('',(152.841439669313,11.9999999999998,-50.927775093953));
#6818=CARTESIAN_POINT('',(147.2603695611,11.9999999999998,-53.0129596631784));
#6819=CARTESIAN_POINT('',(158.479761565196,11.9999999999997,-83.0420584156417));
#6820=CARTESIAN_POINT('',(147.1531359943,11.9999999999998,-52.7259452362088));
#6821=CARTESIAN_POINT('',(147.1531359943,11.9999999999998,-52.7259452362088));
#6822=CARTESIAN_POINT('',(146.75592442725,11.9999999999998,-51.4764043815656));
#6823=CARTESIAN_POINT('',(145.964000525952,11.9999999999998,-48.9766081196208));
#6824=CARTESIAN_POINT('',(144.961599485313,11.9999999999998,-45.8554355554827));
#6825=CARTESIAN_POINT('',(144.185920596946,11.9999999999998,-43.3509947013405));
#6826=CARTESIAN_POINT('',(143.511433081494,11.9999999999998,-40.8176223429224));
#6827=CARTESIAN_POINT('',(143.078262192741,11.9999999999998,-38.8968090057908));
#6828=CARTESIAN_POINT('',(142.829846348006,11.9999999999998,-37.6047261443299));
#6829=CARTESIAN_POINT('',(142.829846348006,11.9999999999998,-37.6047261443298));
#6830=CARTESIAN_POINT('',(147.889757243419,11.9999999999998,-17.094762323672));
#6831=CARTESIAN_POINT('',(147.896114389103,12.,-17.0689941173392));
#6832=CARTESIAN_POINT('',(147.79481438031,12.,-18.0638500406861));
#6833=CARTESIAN_POINT('',(147.881970123057,12.,-17.0676553425944));
#6834=CARTESIAN_POINT('',(129.963587490289,12.0000000000001,-15.4999999935073));
#6835=CARTESIAN_POINT('',(130.876431747541,12.0000000000001,-15.5798635175817));
#6836=CARTESIAN_POINT('',(130.963587490289,11.9999999999999,-14.5836688194899));
#6837=CARTESIAN_POINT('',(129.963587490289,11.9999999999999,-14.5836688194899));
#6838=CARTESIAN_POINT('',(129.963587490289,11.9999999999999,-25.));
#6839=CARTESIAN_POINT('',(132.510199285885,11.9999999999999,-28.2167388757474));
#6840=CARTESIAN_POINT('',(132.510199285885,11.9999999999999,-28.2167388757474));
#6841=CARTESIAN_POINT('',(148.329019962108,11.9999999999998,-80.892776240127));
#6842=CARTESIAN_POINT('',(148.329019962108,11.9999999999998,-80.892776240127));
#6843=CARTESIAN_POINT('',(134.920574087538,11.9999999999999,-84.919385139529));
#6844=CARTESIAN_POINT('',(134.920574087538,11.9999999999999,-84.919385139529));
#6845=CARTESIAN_POINT('',(119.101753411316,12.,-32.2433477751495));
#6846=CARTESIAN_POINT('',(119.101753411316,12.,-32.2433477751495));
#6847=CARTESIAN_POINT('',(110.648089768143,16.,-27.1885657325373));
#6848=CARTESIAN_POINT('',(110.648089768143,16.,-27.1885657325373));
#6849=CARTESIAN_POINT('',(115.096815899917,16.,-44.564353772007));
#6850=CARTESIAN_POINT('',(112.148466019429,16.,-33.0487196169495));
#6851=CARTESIAN_POINT('',(104.553168128573,2.66921428932785,-57.129783882553));
#6852=CARTESIAN_POINT('',(109.405139597017,13.8705605214359,-30.9192801383854));
#6853=CARTESIAN_POINT('',(108.836914884763,-6.07153216591882E-15,-56.9387457026332));
#6854=CARTESIAN_POINT('',(110.54869858838,0.,-61.9283837157311));
#6855=CARTESIAN_POINT('',(110.54869858838,1.20280126964339,-61.9283837157311));
#6856=CARTESIAN_POINT('',(110.629798575578,3.54913057083376,-61.0360386609656));
#6857=CARTESIAN_POINT('',(110.507787262207,4.86643650141981,-58.9145369058917));
#6858=CARTESIAN_POINT('',(110.263296937998,5.12616022636416,-57.7654346867497));
#6859=CARTESIAN_POINT('',(110.54869858838,0.,-61.9283837157311));
#6860=CARTESIAN_POINT('',(110.263296937998,5.12616022636416,-57.7654346867497));
#6861=CARTESIAN_POINT('',(109.64021346914,5.24999999999999,-56.7482056888223));
#6862=CARTESIAN_POINT('',(109.874295781387,5.25,-57.0705664586563));
#6863=CARTESIAN_POINT('',(110.085334273769,5.21075281375546,-57.4144935386447));
#6864=CARTESIAN_POINT('',(110.263296937998,5.12616022636412,-57.7654346867497));
#6865=CARTESIAN_POINT('',(109.64021346914,5.25,-56.7482056888223));
#6866=CARTESIAN_POINT('',(109.420059339724,5.25,-56.8004255877183));
#6867=CARTESIAN_POINT('',(109.199905210308,5.25,-56.8526454866143));
#6868=CARTESIAN_POINT('',(109.885915890384,1.24032666963705E-15,-62.0855937829291));
#6869=CARTESIAN_POINT('',(109.886867718641,0.692352112196191,-62.0853680121226));
#6870=CARTESIAN_POINT('',(109.983957694464,2.08434514467127,-61.7708578419106));
#6871=CARTESIAN_POINT('',(110.216463385755,3.80219129169107,-60.5282573603623));
#6872=CARTESIAN_POINT('',(110.138933880034,4.98468922452075,-58.7466123791198));
#6873=CARTESIAN_POINT('',(109.586214172983,5.25,-57.4347320523377));
#6874=CARTESIAN_POINT('',(109.199905210308,5.24999999999999,-56.8526454866143));
#6875=CARTESIAN_POINT('',(109.885915890384,3.38270909901012E-16,-62.0855937829291));
#6876=CARTESIAN_POINT('',(110.04857993347,0.,-62.0470103600039));
#6877=CARTESIAN_POINT('',(79.7325806280229,5.25,-38.549728836454));
#6878=CARTESIAN_POINT('',(107.134139460953,5.25,-54.0539020248066));
#6879=CARTESIAN_POINT('',(108.078814380904,5.25,-54.8503234360471));
#6880=CARTESIAN_POINT('',(108.914202207713,5.25,-55.748396916878));
#6881=CARTESIAN_POINT('',(109.64021346914,5.25,-56.7482056888223));
#6882=CARTESIAN_POINT('',(107.134139460953,5.25,-54.0539020248066));
#6883=CARTESIAN_POINT('',(114.305891193738,5.25,-45.5069411320668));
#6884=CARTESIAN_POINT('',(106.893576138538,5.25,-54.3405942285418));
#6885=CARTESIAN_POINT('',(106.893576138538,5.25,-54.3405942285418));
#6886=CARTESIAN_POINT('',(107.79475596101,5.25,-55.0563842457979));
#6887=CARTESIAN_POINT('',(108.563519792647,5.25,-55.8937461650012));
#6888=CARTESIAN_POINT('',(109.199905210308,5.25,-56.8526454866143));
#6889=CARTESIAN_POINT('',(106.146228690419,-1.33940881255746E-9,-55.1563423817142));
#6890=CARTESIAN_POINT('',(106.532805253141,-1.33940881255746E-9,-55.458438073056));
#6891=CARTESIAN_POINT('',(106.89674732876,-1.33940881255746E-9,-55.7895000700371));
#6892=CARTESIAN_POINT('',(107.724584629447,-1.33940881255746E-9,-56.6648655469445));
#6893=CARTESIAN_POINT('',(108.158319694832,-1.33940881255746E-9,-57.2374186159907));
#6894=CARTESIAN_POINT('',(109.258168376739,-1.33940881255746E-9,-59.0758197136997));
#6895=CARTESIAN_POINT('',(109.719092253773,-1.33940881255746E-9,-60.4625553969834));
#6896=CARTESIAN_POINT('',(109.86519448674,-1.33940881255746E-9,-61.8839938525764));
#6897=CARTESIAN_POINT('',(109.873749243091,-1.33940881255746E-9,-61.9672236527533));
#6898=CARTESIAN_POINT('',(109.882303999441,-1.33940881255746E-9,-62.0504534529301));
#6899=CARTESIAN_POINT('',(109.890858755792,-1.33940881255746E-9,-62.1336832531069));
#6900=CARTESIAN_POINT('',(106.147464829919,1.72706299291543,-55.1542461129863));
#6901=CARTESIAN_POINT('',(106.534146217686,1.72706299291543,-55.4564036276391));
#6902=CARTESIAN_POINT('',(106.898188486314,1.72706299291543,-55.7875353024523));
#6903=CARTESIAN_POINT('',(107.726257637401,1.72706299291543,-56.6630893548399));
#6904=CARTESIAN_POINT('',(108.16011785412,1.72706299291543,-57.2357692426468));
#6905=CARTESIAN_POINT('',(109.260296364125,1.72706299291543,-59.074586990341));
#6906=CARTESIAN_POINT('',(109.721378353954,1.72706299291543,-60.4616488581069));
#6907=CARTESIAN_POINT('',(109.867562391196,1.72706299291543,-61.8834321927446));
#6908=CARTESIAN_POINT('',(109.876121937451,1.72706299291543,-61.9666821867004));
#6909=CARTESIAN_POINT('',(109.884681483705,1.72706299291543,-62.0499321806562));
#6910=CARTESIAN_POINT('',(109.89324102996,1.72706299291543,-62.133182174612));
#6911=CARTESIAN_POINT('',(106.321201156784,3.40844242517184,-54.8596207661056));
#6912=CARTESIAN_POINT('',(106.722615443518,3.40844242517184,-55.1704673930492));
#6913=CARTESIAN_POINT('',(107.100739589826,3.40844242517184,-55.511392113553));
#6914=CARTESIAN_POINT('',(107.961394737145,3.40844242517184,-56.4134499799885));
#6915=CARTESIAN_POINT('',(108.412844662084,3.40844242517184,-57.0039539285519));
#6916=CARTESIAN_POINT('',(109.559379689024,3.40844242517184,-58.9013307935946));
#6917=CARTESIAN_POINT('',(110.042684038704,3.40844242517184,-60.3342370776751));
#6918=CARTESIAN_POINT('',(110.200365462904,3.40844242517184,-61.8044923027549));
#6919=CARTESIAN_POINT('',(110.2095982182,3.40844242517184,-61.8905804820291));
#6920=CARTESIAN_POINT('',(110.218830973495,3.40844242517184,-61.9766686613033));
#6921=CARTESIAN_POINT('',(110.22806372879,3.40844242517184,-62.0627568405775));
#6922=CARTESIAN_POINT('',(106.654167960607,4.98168171284525,-54.2949693667926));
#6923=CARTESIAN_POINT('',(107.083817944319,4.98168171284525,-54.6224687341252));
#6924=CARTESIAN_POINT('',(107.488930101068,4.98168171284525,-54.9821618905803));
#6925=CARTESIAN_POINT('',(108.412036522746,4.98168171284525,-55.9350144895424));
#6926=CARTESIAN_POINT('',(108.897197238237,4.98168171284525,-56.5596783668206));
#6927=CARTESIAN_POINT('',(110.132574832282,4.98168171284525,-58.5692841622774));
#6928=CARTESIAN_POINT('',(110.658468479596,4.98168171284525,-60.0900515692957));
#6929=CARTESIAN_POINT('',(110.838184720905,4.98168171284525,-61.6532034886179));
#6930=CARTESIAN_POINT('',(110.848707685719,4.98168171284525,-61.7447310685699));
#6931=CARTESIAN_POINT('',(110.859230650532,4.98168171284525,-61.836258648522));
#6932=CARTESIAN_POINT('',(110.869753615346,4.98168171284525,-61.927786228474));
#6933=CARTESIAN_POINT('',(106.660680086579,5.01245094361448,-54.283925980484));
#6934=CARTESIAN_POINT('',(107.090882300765,5.01245094361448,-54.6117510401737));
#6935=CARTESIAN_POINT('',(107.496522285878,5.01245094361448,-54.9718112675134));
#6936=CARTESIAN_POINT('',(108.420850122308,5.01245094361448,-55.9256573039387));
#6937=CARTESIAN_POINT('',(108.906670149514,5.01245094361448,-56.5509892771245));
#6938=CARTESIAN_POINT('',(110.14378531614,5.01245094361448,-58.5627900329322));
#6939=CARTESIAN_POINT('',(110.670511919976,5.01245094361448,-60.0852758175606));
#6940=CARTESIAN_POINT('',(110.850659115673,5.01245094361448,-61.65024459961));
#6941=CARTESIAN_POINT('',(110.861207314254,5.01245094361448,-61.7418785627271));
#6942=CARTESIAN_POINT('',(110.871755512835,5.01245094361448,-61.8335125258441));
#6943=CARTESIAN_POINT('',(110.882303711416,5.01245094361448,-61.9251464889611));
#6944=CARTESIAN_POINT('',(106.667192212551,5.04322017438371,-54.2728825941754));
#6945=CARTESIAN_POINT('',(107.09794665721,5.04322017438371,-54.6010333462223));
#6946=CARTESIAN_POINT('',(107.504114470689,5.04322017438371,-54.9614606444465));
#6947=CARTESIAN_POINT('',(108.429663721869,5.04322017438371,-55.9163001183351));
#6948=CARTESIAN_POINT('',(108.916143060791,5.04322017438371,-56.5423001874284));
#6949=CARTESIAN_POINT('',(110.154995799998,5.04322017438371,-58.5562959035869));
#6950=CARTESIAN_POINT('',(110.682555360357,5.04322017438371,-60.0805000658255));
#6951=CARTESIAN_POINT('',(110.86313351044,5.04322017438371,-61.6472857106022));
#6952=CARTESIAN_POINT('',(110.873706942789,5.04322017438371,-61.7390260568842));
#6953=CARTESIAN_POINT('',(110.884280375137,5.04322017438371,-61.8307664031663));
#6954=CARTESIAN_POINT('',(110.894853807486,5.04322017438371,-61.9225067494483));
#6955=CARTESIAN_POINT('',(106.673704338523,5.07398940515294,-54.2618392078668));
#6956=CARTESIAN_POINT('',(107.105011013655,5.07398940515294,-54.5903156522709));
#6957=CARTESIAN_POINT('',(107.511706655499,5.07398940515294,-54.9511100213797));
#6958=CARTESIAN_POINT('',(108.43847732143,5.07398940515294,-55.9069429327314));
#6959=CARTESIAN_POINT('',(108.925615972067,5.07398940515294,-56.5336110977322));
#6960=CARTESIAN_POINT('',(110.166206283855,5.07398940515294,-58.5498017742417));
#6961=CARTESIAN_POINT('',(110.694598800738,5.07398940515294,-60.0757243140904));
#6962=CARTESIAN_POINT('',(110.875607905208,5.07398940515294,-61.6443268215944));
#6963=CARTESIAN_POINT('',(110.886206571324,5.07398940515294,-61.7361735510414));
#6964=CARTESIAN_POINT('',(110.89680523744,5.07398940515294,-61.8280202804884));
#6965=CARTESIAN_POINT('',(110.907403903556,5.07398940515294,-61.9198670099354));
#6966=CARTESIAN_POINT('',(106.686121539489,5.1326596034353,-54.2407818837727));
#6967=CARTESIAN_POINT('',(107.118481197439,5.1326596034353,-54.5698793523199));
#6968=CARTESIAN_POINT('',(107.526183292616,5.1326596034353,-54.9313736453801));
#6969=CARTESIAN_POINT('',(108.455282929529,5.1326596034353,-55.8891008248526));
#6970=CARTESIAN_POINT('',(108.943678743512,5.1326596034353,-56.5170429027329));
#6971=CARTESIAN_POINT('',(110.187582226455,5.1326596034353,-58.5374188889102));
#6972=CARTESIAN_POINT('',(110.71756300938,5.1326596034353,-60.0666179993));
#6973=CARTESIAN_POINT('',(110.899393849679,5.1326596034353,-61.6386848669389));
#6974=CARTESIAN_POINT('',(110.910040631074,5.1326596034353,-61.7307344458309));
#6975=CARTESIAN_POINT('',(110.92068741247,5.1326596034353,-61.8227840247228));
#6976=CARTESIAN_POINT('',(110.931334193865,5.1326596034353,-61.9148336036148));
#6977=CARTESIAN_POINT('',(106.698538740454,5.19132980171766,-54.2197245596786));
#6978=CARTESIAN_POINT('',(107.131951381224,5.19132980171766,-54.5494430523689));
#6979=CARTESIAN_POINT('',(107.540659929733,5.19132980171766,-54.9116372693805));
#6980=CARTESIAN_POINT('',(108.472088537629,5.19132980171766,-55.8712587169739));
#6981=CARTESIAN_POINT('',(108.961741514957,5.19132980171766,-56.5004747077336));
#6982=CARTESIAN_POINT('',(110.208958169055,5.19132980171766,-58.5250360035786));
#6983=CARTESIAN_POINT('',(110.740527218023,5.19132980171766,-60.0575116845095));
#6984=CARTESIAN_POINT('',(110.923179794149,5.19132980171766,-61.6330429122834));
#6985=CARTESIAN_POINT('',(110.933874690824,5.19132980171766,-61.7252953406203));
#6986=CARTESIAN_POINT('',(110.944569587499,5.19132980171766,-61.8175477689572));
#6987=CARTESIAN_POINT('',(110.955264484175,5.19132980171766,-61.9098001972942));
#6988=CARTESIAN_POINT('',(106.71095594142,5.25000000000002,-54.1986672355845));
#6989=CARTESIAN_POINT('',(107.145421565009,5.25000000000002,-54.529006752418));
#6990=CARTESIAN_POINT('',(107.55513656685,5.25000000000002,-54.8919008933809));
#6991=CARTESIAN_POINT('',(108.488894145729,5.25000000000002,-55.8534166090951));
#6992=CARTESIAN_POINT('',(108.979804286402,5.25000000000002,-56.4839065127343));
#6993=CARTESIAN_POINT('',(110.230334111655,5.25000000000002,-58.5126531182471));
#6994=CARTESIAN_POINT('',(110.763491426665,5.25000000000002,-60.048405369719));
#6995=CARTESIAN_POINT('',(110.946965738619,5.25000000000002,-61.6274009576279));
#6996=CARTESIAN_POINT('',(110.957708750574,5.25000000000002,-61.7198562354098));
#6997=CARTESIAN_POINT('',(110.968451762529,5.25000000000002,-61.8123115131917));
#6998=CARTESIAN_POINT('',(110.979194774484,5.25000000000002,-61.9047667909736));
#6999=CARTESIAN_POINT('',(106.368888980664,3.38270909901012E-16,-55.3356214392302));
#7000=CARTESIAN_POINT('',(107.375302870551,3.38270909901012E-16,-56.1703702057926));
#7001=CARTESIAN_POINT('',(108.619162088949,3.38270909901012E-16,-57.7215137194344));
#7002=CARTESIAN_POINT('',(109.593561640088,3.38270909901012E-16,-60.1326679977624));
#7003=CARTESIAN_POINT('',(109.818873569322,3.38270909901012E-16,-61.4333345301184));
#7004=CARTESIAN_POINT('',(109.885915890384,3.38270909901012E-16,-62.0855937829291));
#7005=CARTESIAN_POINT('',(106.368888978412,4.99803810051335E-11,-55.3356214419452));
#7006=CARTESIAN_POINT('',(106.893576138538,5.25000000000002,-54.3405942285418));
#7007=CARTESIAN_POINT('',(106.6765999779,4.4345576773415,-54.5991763474893));
#7008=CARTESIAN_POINT('',(106.313800080726,2.77274496580665,-55.0315444283382));
#7009=CARTESIAN_POINT('',(106.191258100117,1.0083776362002,-55.1775842739737));
#7010=CARTESIAN_POINT('',(106.1846836098,0.135183917200594,-55.1854194464278));
#7011=CARTESIAN_POINT('',(106.1846836098,0.135183917200768,-55.1854194464278));
#7012=CARTESIAN_POINT('',(106.368888978393,-1.33940881255746E-9,-55.3356214373489));
#7013=CARTESIAN_POINT('',(106.30797337774,0.0450630183388151,-55.2850144817271));
#7014=CARTESIAN_POINT('',(106.246570637843,0.0901255426816694,-55.2349450774837));
#7015=CARTESIAN_POINT('',(106.184683609797,0.135183917200735,-55.1854194464249));
#7016=CARTESIAN_POINT('',(105.773007874853,0.499802641127634,-55.0548564903822));
#7017=CARTESIAN_POINT('',(109.857109931358,0.499802641132341,-68.2217246756158));
#7018=CARTESIAN_POINT('',(113.941211987862,0.499802641118206,-81.3885928608494));
#7019=CARTESIAN_POINT('',(118.025314044368,0.499802641127,-94.5554610460831));
#7020=CARTESIAN_POINT('',(106.237145721411,0.,-54.9108901115164));
#7021=CARTESIAN_POINT('',(110.321247777304,0.,-68.0777582969399));
#7022=CARTESIAN_POINT('',(114.405349834893,0.,-81.2446264818372));
#7023=CARTESIAN_POINT('',(118.489451891005,0.,-94.4114946671929));
#7024=CARTESIAN_POINT('',(106.184683609797,0.135183917202589,-55.1854194464317));
#7025=CARTESIAN_POINT('',(106.094350211999,0.256723491844323,-55.2930745977893));
#7026=CARTESIAN_POINT('',(106.0040168142,0.378263066486056,-55.4007297491468));
#7027=CARTESIAN_POINT('',(105.913683416402,0.49980264112779,-55.5083849005044));
#7028=CARTESIAN_POINT('',(105.913683417893,0.499802641077648,-55.5083849051486));
#7029=CARTESIAN_POINT('',(118.025314044368,0.499802641127,-94.5554610460831));
#7030=CARTESIAN_POINT('',(113.988103835045,0.499802641118307,-81.5397689975568));
#7031=CARTESIAN_POINT('',(109.950893625724,0.49980264113202,-68.5240769490306));
#7032=CARTESIAN_POINT('',(105.913683416402,0.499802641127789,-55.5083849005044));
#7033=CARTESIAN_POINT('',(118.025314043542,0.499802635806686,-94.5554610436029));
#7034=CARTESIAN_POINT('',(118.48541293832,9.18245368643685E-5,-94.3987747188648));
#7035=CARTESIAN_POINT('',(118.332046640336,0.166662096733573,-94.4510034946043));
#7036=CARTESIAN_POINT('',(118.178680342352,0.333232368930285,-94.5032322703437));
#7037=CARTESIAN_POINT('',(118.025314044368,0.499802641127,-94.5554610460831));
#7038=CARTESIAN_POINT('',(118.48519623882,0.,-94.3980848052855));
#7039=CARTESIAN_POINT('',(118.485283975775,0.,-94.3980575910176));
#7040=CARTESIAN_POINT('',(114.446485643072,0.,-81.3772455404784));
#7041=CARTESIAN_POINT('',(110.407687310369,0.,-68.3564334899392));
#7042=CARTESIAN_POINT('',(106.368888977665,0.,-55.3356214394));
#7043=CARTESIAN_POINT('',(0.,0.,0.));
#7044=CARTESIAN_POINT('',(118.434046411443,0.,-106.776389285839));
#7045=CARTESIAN_POINT('',(118.780318593409,0.,-105.783600257999));
#7046=CARTESIAN_POINT('',(119.302197332662,0.,-103.765692309093));
#7047=CARTESIAN_POINT('',(119.574179108397,0.,-100.60361854956));
#7048=CARTESIAN_POINT('',(119.331842928319,0.,-97.4209994233552));
#7049=CARTESIAN_POINT('',(118.824918999681,0.,-95.3961916251164));
#7050=CARTESIAN_POINT('',(118.485322736386,0.,-94.3988026977205));
#7051=CARTESIAN_POINT('',(118.434046411443,0.,-106.776389285839));
#7052=CARTESIAN_POINT('',(118.434090272308,0.,-106.776263531907));
#7053=CARTESIAN_POINT('',(118.545263279778,0.,-106.929944631625));
#7054=CARTESIAN_POINT('',(118.656436287248,0.,-107.083625731343));
#7055=CARTESIAN_POINT('',(118.767609294718,0.,-107.237306831061));
#7056=CARTESIAN_POINT('',(118.767609294718,0.,-107.237306831061));
#7057=CARTESIAN_POINT('',(121.099521090873,0.,-107.238652944099));
#7058=CARTESIAN_POINT('',(120.112404512768,-8.51075183654635E-16,-107.238083123878));
#7059=CARTESIAN_POINT('',(121.04280129409,-9.47183658059898E-16,-96.7964695288915));
#7060=CARTESIAN_POINT('',(121.119688389418,-9.47183658059898E-16,-97.6741373822578));
#7061=CARTESIAN_POINT('',(121.313220006224,4.51462526249607E-16,-99.4310835923568));
#7062=CARTESIAN_POINT('',(121.237888002414,-2.61965959603573E-16,-102.927815213192));
#7063=CARTESIAN_POINT('',(120.665657038643,1.24709876434979E-16,-105.548705004402));
#7064=CARTESIAN_POINT('',(120.112404512768,1.24709876434979E-16,-107.238083123878));
#7065=CARTESIAN_POINT('',(121.04280129409,-9.47183658059898E-16,-96.7964695288915));
#7066=CARTESIAN_POINT('',(120.228304416283,0.,-94.0901926964315));
#7067=CARTESIAN_POINT('',(120.230587300974,-8.62515050626933,-87.4835471917919));
#7068=CARTESIAN_POINT('',(120.518025811991,-8.62515050631439,-90.7617901918854));
#7069=CARTESIAN_POINT('',(120.805464323009,-8.62515050635946,-94.0400331919788));
#7070=CARTESIAN_POINT('',(121.092902834027,-8.62515050640452,-97.3182761920723));
#7071=CARTESIAN_POINT('',(121.098671755452,-8.62515050640542,-97.3840708770305));
#7072=CARTESIAN_POINT('',(121.104440676876,-8.62515050640633,-97.4498655619888));
#7073=CARTESIAN_POINT('',(121.1102095983,-8.62515050640723,-97.515660246947));
#7074=CARTESIAN_POINT('',(121.116491553317,-8.62515050640822,-97.5873060921082));
#7075=CARTESIAN_POINT('',(121.122773508334,-8.6251505064092,-97.6589519372694));
#7076=CARTESIAN_POINT('',(121.129055463351,-8.62515050641019,-97.7305977824305));
#7077=CARTESIAN_POINT('',(121.130882736073,-8.62515050641048,-97.7514378709486));
#7078=CARTESIAN_POINT('',(121.13271000878,-8.62515050641076,-97.7722779594666));
#7079=CARTESIAN_POINT('',(121.134537281498,-8.62515050641104,-97.7931180479931));
#7080=CARTESIAN_POINT('',(121.157745248168,-8.62515050641463,-98.0578054567779));
#7081=CARTESIAN_POINT('',(121.180953214838,-8.62515050641823,-98.3224928655628));
#7082=CARTESIAN_POINT('',(121.204161181507,-8.62515050642182,-98.5871802743476));
#7083=CARTESIAN_POINT('',(121.254199819345,-8.62515050642958,-99.1578721223804));
#7084=CARTESIAN_POINT('',(121.279312183837,-8.62515050642411,-99.7290252760281));
#7085=CARTESIAN_POINT('',(121.279966380807,-8.62515050642416,-101.099316793854));
#7086=CARTESIAN_POINT('',(121.232196801939,-8.62515050642249,-101.899606891864));
#7087=CARTESIAN_POINT('',(121.043615198628,-8.62515050642249,-103.499152179964));
#7088=CARTESIAN_POINT('',(120.904049487802,-8.62515050642434,-104.300256654327));
#7089=CARTESIAN_POINT('',(120.625939096594,-8.62515050642158,-105.501710685481));
#7090=CARTESIAN_POINT('',(120.521875852764,-8.62515050641965,-105.902289765768));
#7091=CARTESIAN_POINT('',(120.34882371984,-8.62515050642391,-106.503434056952));
#7092=CARTESIAN_POINT('',(120.288314701912,-8.62515050642037,-106.70387608132));
#7093=CARTESIAN_POINT('',(120.198943493349,-8.62515050642337,-106.986778109903));
#7094=CARTESIAN_POINT('',(120.172430094262,-8.62515050642317,-107.069204819418));
#7095=CARTESIAN_POINT('',(120.14543941196,-8.6251505064225,-107.151639653311));
#7096=CARTESIAN_POINT('',(119.070351028854,-8.6251505063957,-110.435170291433));
#7097=CARTESIAN_POINT('',(117.995262645747,-8.6251505063689,-113.718700929555));
#7098=CARTESIAN_POINT('',(116.92017426264,-8.6251505063421,-117.002231567677));
#7099=CARTESIAN_POINT('',(120.229490346619,-5.71948510457776,-87.4850000319385));
#7100=CARTESIAN_POINT('',(120.516823161627,-5.71948510462067,-90.7630046470586));
#7101=CARTESIAN_POINT('',(120.804155976636,-5.71948510466358,-94.0410092621787));
#7102=CARTESIAN_POINT('',(121.091488791645,-5.7194851047065,-97.3190138772987));
#7103=CARTESIAN_POINT('',(121.097255591739,-5.71948510470736,-97.3848037778452));
#7104=CARTESIAN_POINT('',(121.103022391833,-5.71948510470822,-97.4505936783917));
#7105=CARTESIAN_POINT('',(121.108789191927,-5.71948510470908,-97.5163835789382));
#7106=CARTESIAN_POINT('',(121.115068836962,-5.71948510471002,-97.5880242142078));
#7107=CARTESIAN_POINT('',(121.121348481997,-5.71948510471096,-97.6596648494774));
#7108=CARTESIAN_POINT('',(121.127628127032,-5.7194851047119,-97.731305484747));
#7109=CARTESIAN_POINT('',(121.129454727836,-5.71948510471217,-97.7521440578304));
#7110=CARTESIAN_POINT('',(121.131281328628,-5.71948510471244,-97.7729826309138));
#7111=CARTESIAN_POINT('',(121.133107929429,-5.71948510471271,-97.7938212040028));
#7112=CARTESIAN_POINT('',(121.156307362175,-5.71948510471614,-98.0584893654233));
#7113=CARTESIAN_POINT('',(121.17950679492,-5.71948510471958,-98.3231575268437));
#7114=CARTESIAN_POINT('',(121.202706227665,-5.71948510472301,-98.5878256882642));
#7115=CARTESIAN_POINT('',(121.25272646553,-5.71948510473042,-99.1584760371033));
#7116=CARTESIAN_POINT('',(121.277822156208,-5.71948510472531,-99.7295868376668));
#7117=CARTESIAN_POINT('',(121.27844062096,-5.71948510472534,-101.099774626178));
#7118=CARTESIAN_POINT('',(121.230653875078,-5.71948510472369,-101.9000028873));
#7119=CARTESIAN_POINT('',(121.042045754223,-5.71948510472369,-103.499424723481));
#7120=CARTESIAN_POINT('',(120.902470755551,-5.71948510472553,-104.300468165121));
#7121=CARTESIAN_POINT('',(120.624351723032,-5.71948510472277,-105.501831580759));
#7122=CARTESIAN_POINT('',(120.520286493336,-5.71948510472094,-105.902380684679));
#7123=CARTESIAN_POINT('',(120.34723264745,-5.71948510472505,-106.503480515742));
#7124=CARTESIAN_POINT('',(120.286723269347,-5.71948510472157,-106.70390780741));
#7125=CARTESIAN_POINT('',(120.197351839013,-5.71948510472456,-106.986789178114));
#7126=CARTESIAN_POINT('',(120.170838409611,-5.71948510472436,-107.069209885857));
#7127=CARTESIAN_POINT('',(120.143847730785,-5.71948510472369,-107.151638734502));
#7128=CARTESIAN_POINT('',(119.068759486139,-5.71948510469692,-110.434930969186));
#7129=CARTESIAN_POINT('',(117.993671241492,-5.71948510467015,-113.718223203871));
#7130=CARTESIAN_POINT('',(116.918582996845,-5.71948510464337,-117.001515438555));
#7131=CARTESIAN_POINT('',(120.228393392264,-2.81381970288618,-87.4864528720852));
#7132=CARTESIAN_POINT('',(120.515620511263,-2.81381970292694,-90.7642191022318));
#7133=CARTESIAN_POINT('',(120.802847630263,-2.81381970296771,-94.0419853323785));
#7134=CARTESIAN_POINT('',(121.090074749262,-2.81381970300848,-97.3197515625251));
#7135=CARTESIAN_POINT('',(121.095839428026,-2.81381970300929,-97.3855366786599));
#7136=CARTESIAN_POINT('',(121.10160410679,-2.81381970301011,-97.4513217947947));
#7137=CARTESIAN_POINT('',(121.107368785554,-2.81381970301093,-97.5171069109294));
#7138=CARTESIAN_POINT('',(121.113646120607,-2.81381970301182,-97.5887423363075));
#7139=CARTESIAN_POINT('',(121.11992345566,-2.81381970301271,-97.6603777616855));
#7140=CARTESIAN_POINT('',(121.126200790713,-2.8138197030136,-97.7320131870635));
#7141=CARTESIAN_POINT('',(121.128026719598,-2.81381970301386,-97.7528502447122));
#7142=CARTESIAN_POINT('',(121.129852648477,-2.81381970301412,-97.773687302361));
#7143=CARTESIAN_POINT('',(121.13167857736,-2.81381970301438,-97.7945243600126));
#7144=CARTESIAN_POINT('',(121.154869476181,-2.81381970301765,-98.0591732740687));
#7145=CARTESIAN_POINT('',(121.178060375002,-2.81381970302093,-98.3238221881247));
#7146=CARTESIAN_POINT('',(121.201251273823,-2.81381970302421,-98.5884711021808));
#7147=CARTESIAN_POINT('',(121.251253111714,-2.81381970303127,-99.1590799518263));
#7148=CARTESIAN_POINT('',(121.27633212858,-2.81381970302651,-99.7301483993056));
#7149=CARTESIAN_POINT('',(121.276914861113,-2.81381970302653,-101.100232458501));
#7150=CARTESIAN_POINT('',(121.229110948217,-2.81381970302488,-101.900398882736));
#7151=CARTESIAN_POINT('',(121.040476309818,-2.81381970302488,-103.499697266999));
#7152=CARTESIAN_POINT('',(120.9008920233,-2.81381970302673,-104.300679675914));
#7153=CARTESIAN_POINT('',(120.62276434947,-2.81381970302396,-105.501952476036));
#7154=CARTESIAN_POINT('',(120.518697133909,-2.81381970302223,-105.902471603591));
#7155=CARTESIAN_POINT('',(120.345641575059,-2.8138197030262,-106.503526974532));
#7156=CARTESIAN_POINT('',(120.285131836782,-2.81381970302277,-106.7039395335));
#7157=CARTESIAN_POINT('',(120.195760184677,-2.81381970302575,-106.986800246324));
#7158=CARTESIAN_POINT('',(120.16924672496,-2.81381970302555,-107.069214952296));
#7159=CARTESIAN_POINT('',(120.14225604961,-2.81381970302488,-107.151637815692));
#7160=CARTESIAN_POINT('',(119.067167943423,-2.81381970299814,-110.434691646939));
#7161=CARTESIAN_POINT('',(117.992079837236,-2.81381970297139,-113.717745478186));
#7162=CARTESIAN_POINT('',(116.916991731049,-2.81381970294465,-117.000799309433));
#7163=CARTESIAN_POINT('',(120.227296437909,0.0918456988053971,-87.4879057122318));
#7164=CARTESIAN_POINT('',(120.514417860899,0.0918456987667804,-90.7654335574051));
#7165=CARTESIAN_POINT('',(120.801539283889,0.0918456987281636,-94.0429614025783));
#7166=CARTESIAN_POINT('',(121.08866070688,0.0918456986895469,-97.3204892477516));
#7167=CARTESIAN_POINT('',(121.094423264314,0.0918456986887719,-97.3862695794746));
#7168=CARTESIAN_POINT('',(121.100185821748,0.0918456986879968,-97.4520499111976));
#7169=CARTESIAN_POINT('',(121.105948379182,0.0918456986872218,-97.5178302429207));
#7170=CARTESIAN_POINT('',(121.112223404253,0.0918456986863778,-97.5894604584071));
#7171=CARTESIAN_POINT('',(121.118498429324,0.0918456986855338,-97.6610906738935));
#7172=CARTESIAN_POINT('',(121.124773454395,0.0918456986846899,-97.7327208893799));
#7173=CARTESIAN_POINT('',(121.12659871136,0.0918456986844444,-97.7535564315941));
#7174=CARTESIAN_POINT('',(121.128423968326,0.0918456986841989,-97.7743919738082));
#7175=CARTESIAN_POINT('',(121.130249225292,0.0918456986839534,-97.7952275160224));
#7176=CARTESIAN_POINT('',(121.153431590188,0.0918456986808356,-98.059857182714));
#7177=CARTESIAN_POINT('',(121.176613955085,0.0918456986777178,-98.3244868494057));
#7178=CARTESIAN_POINT('',(121.199796319981,0.0918456986746,-98.5891165160974));
#7179=CARTESIAN_POINT('',(121.249779757899,0.0918456986678777,-99.1596838665493));
#7180=CARTESIAN_POINT('',(121.274842100951,0.0918456986722965,-99.7307099609443));
#7181=CARTESIAN_POINT('',(121.275389101267,0.0918456986722848,-101.100690290824));
#7182=CARTESIAN_POINT('',(121.227568021355,0.0918456986739271,-101.900794878173));
#7183=CARTESIAN_POINT('',(121.038906865413,0.0918456986739271,-103.499969810517));
#7184=CARTESIAN_POINT('',(120.899313291049,0.0918456986720822,-104.300891186708));
#7185=CARTESIAN_POINT('',(120.621176975908,0.0918456986748469,-105.502073371313));
#7186=CARTESIAN_POINT('',(120.517107774481,0.0918456986764735,-105.902562522503));
#7187=CARTESIAN_POINT('',(120.344050502668,0.0918456986726626,-106.503573433322));
#7188=CARTESIAN_POINT('',(120.283540404218,0.0918456986760265,-106.703971259589));
#7189=CARTESIAN_POINT('',(120.19416853034,0.0918456986730591,-106.986811314535));
#7190=CARTESIAN_POINT('',(120.167655040309,0.0918456986732546,-107.069220018735));
#7191=CARTESIAN_POINT('',(120.140664368435,0.0918456986739253,-107.151636896882));
#7192=CARTESIAN_POINT('',(119.065576400708,0.0918456987006422,-110.434452324692));
#7193=CARTESIAN_POINT('',(117.990488432981,0.0918456987273591,-113.717267752502));
#7194=CARTESIAN_POINT('',(116.915400465254,0.0918456987540759,-117.000083180311));
#7195=CARTESIAN_POINT('',(120.227285576974,0.120614663178581,-87.4879200967878));
#7196=CARTESIAN_POINT('',(120.51440595347,0.120614663139986,-90.7654455817137));
#7197=CARTESIAN_POINT('',(120.801526329965,0.12061466310139,-94.0429710666397));
#7198=CARTESIAN_POINT('',(121.08864670646,0.120614663062795,-97.3204965515657));
#7199=CARTESIAN_POINT('',(121.094409242891,0.12061466306202,-97.3862768359183));
#7200=CARTESIAN_POINT('',(121.100171779321,0.120614663061245,-97.4520571202709));
#7201=CARTESIAN_POINT('',(121.105934315752,0.120614663060471,-97.5178374046236));
#7202=CARTESIAN_POINT('',(121.112209317952,0.120614663059627,-97.5894675685269));
#7203=CARTESIAN_POINT('',(121.118484320152,0.120614663058784,-97.6610977324302));
#7204=CARTESIAN_POINT('',(121.124759322352,0.12061466305794,-97.7327278963336));
#7205=CARTESIAN_POINT('',(121.126584572665,0.120614663057695,-97.7535634235434));
#7206=CARTESIAN_POINT('',(121.128409822978,0.12061466305745,-97.7743989507532));
#7207=CARTESIAN_POINT('',(121.130235073291,0.120614663057204,-97.795234477963));
#7208=CARTESIAN_POINT('',(121.153417353693,0.120614663054088,-98.0598639540868));
#7209=CARTESIAN_POINT('',(121.176599634095,0.120614663050972,-98.3244934302105));
#7210=CARTESIAN_POINT('',(121.199781914498,0.120614663047856,-98.5891229063342));
#7211=CARTESIAN_POINT('',(121.249765170238,0.120614663041137,-99.159689845903));
#7212=CARTESIAN_POINT('',(121.274827348202,0.120614663045552,-99.7307155209605));
#7213=CARTESIAN_POINT('',(121.275373994733,0.12061466304554,-101.100694823817));
#7214=CARTESIAN_POINT('',(121.227552744852,0.120614663047183,-101.900798798919));
#7215=CARTESIAN_POINT('',(121.038891326359,0.120614663047183,-103.499972508968));
#7216=CARTESIAN_POINT('',(120.899297660036,0.120614663045338,-104.300893280874));
#7217=CARTESIAN_POINT('',(120.621161259338,0.120614663048102,-105.502074568296));
#7218=CARTESIAN_POINT('',(120.517092038249,0.120614663049728,-105.90256342269));
#7219=CARTESIAN_POINT('',(120.344034749476,0.120614663045919,-106.50357389331));
#7220=CARTESIAN_POINT('',(120.28352464746,0.120614663049282,-106.703971573709));
#7221=CARTESIAN_POINT('',(120.194152771387,0.120614663046315,-106.986811424121));
#7222=CARTESIAN_POINT('',(120.167639281055,0.12061466304651,-107.069220068898));
#7223=CARTESIAN_POINT('',(120.140648609216,0.120614663047181,-107.151636887785));
#7224=CARTESIAN_POINT('',(119.06556064286,0.120614663073897,-110.434449955165));
#7225=CARTESIAN_POINT('',(117.990472676503,0.120614663100614,-113.717263022544));
#7226=CARTESIAN_POINT('',(116.915384710147,0.120614663127331,-117.000076089924));
#7227=CARTESIAN_POINT('',(120.227274716019,0.149383627551771,-87.4879344813567));
#7228=CARTESIAN_POINT('',(120.514394046026,0.149383627513195,-90.7654576060312));
#7229=CARTESIAN_POINT('',(120.801513376033,0.149383627474619,-94.0429807307058));
#7230=CARTESIAN_POINT('',(121.08863270604,0.149383627436043,-97.3205038553804));
#7231=CARTESIAN_POINT('',(121.094395221467,0.149383627435268,-97.3862840923625));
#7232=CARTESIAN_POINT('',(121.100157736895,0.149383627434494,-97.4520643293446));
#7233=CARTESIAN_POINT('',(121.105920252322,0.14938362743372,-97.5178445663267));
#7234=CARTESIAN_POINT('',(121.112195231651,0.149383627432877,-97.5894746786469));
#7235=CARTESIAN_POINT('',(121.11847021098,0.149383627432034,-97.6611047909671));
#7236=CARTESIAN_POINT('',(121.124745190309,0.149383627431191,-97.7327349032872));
#7237=CARTESIAN_POINT('',(121.12657043397,0.149383627430945,-97.7535704154927));
#7238=CARTESIAN_POINT('',(121.12839567763,0.1493836274307,-97.7744059276982));
#7239=CARTESIAN_POINT('',(121.13022092129,0.149383627430455,-97.7952414399037));
#7240=CARTESIAN_POINT('',(121.153403117198,0.14938362742734,-98.0598707254595));
#7241=CARTESIAN_POINT('',(121.176585313106,0.149383627424226,-98.3245000110152));
#7242=CARTESIAN_POINT('',(121.199767509014,0.149383627421111,-98.589129296571));
#7243=CARTESIAN_POINT('',(121.249750582576,0.149383627414396,-99.1596958252567));
#7244=CARTESIAN_POINT('',(121.274812595453,0.149383627418807,-99.7307210809768));
#7245=CARTESIAN_POINT('',(121.2753588882,0.149383627418796,-101.100699356811));
#7246=CARTESIAN_POINT('',(121.227537468348,0.149383627420438,-101.900802719666));
#7247=CARTESIAN_POINT('',(121.038875787306,0.149383627420438,-103.499975207418));
#7248=CARTESIAN_POINT('',(120.899282029024,0.149383627418593,-104.30089537504));
#7249=CARTESIAN_POINT('',(120.621145542768,0.149383627421358,-105.502075765279));
#7250=CARTESIAN_POINT('',(120.517076302017,0.149383627422983,-105.902564322877));
#7251=CARTESIAN_POINT('',(120.344018996284,0.149383627419175,-106.503574353298));
#7252=CARTESIAN_POINT('',(120.283508890702,0.149383627422537,-106.703971887829));
#7253=CARTESIAN_POINT('',(120.194137012433,0.14938362741957,-106.986811533707));
#7254=CARTESIAN_POINT('',(120.167623521801,0.149383627419766,-107.069220119061));
#7255=CARTESIAN_POINT('',(120.140632849996,0.149383627420436,-107.151636878688));
#7256=CARTESIAN_POINT('',(119.065544885011,0.149383627447153,-110.434447585637));
#7257=CARTESIAN_POINT('',(117.990456920026,0.14938362747387,-113.717258292587));
#7258=CARTESIAN_POINT('',(116.91536895504,0.149383627500587,-117.000068999537));
#7259=CARTESIAN_POINT('',(120.227263855065,0.17815259192496,-87.487948865904));
#7260=CARTESIAN_POINT('',(120.514382138583,0.178152591886404,-90.765469630334));
#7261=CARTESIAN_POINT('',(120.801500422101,0.178152591847847,-94.0429903947641));
#7262=CARTESIAN_POINT('',(121.088618705619,0.178152591809291,-97.3205111591941));
#7263=CARTESIAN_POINT('',(121.094381200044,0.178152591808517,-97.3862913488059));
#7264=CARTESIAN_POINT('',(121.100143694468,0.178152591807743,-97.4520715384177));
#7265=CARTESIAN_POINT('',(121.105906188892,0.178152591806969,-97.5178517280295));
#7266=CARTESIAN_POINT('',(121.11218114535,0.178152591806126,-97.5894817887666));
#7267=CARTESIAN_POINT('',(121.118456101808,0.178152591805284,-97.6611118495037));
#7268=CARTESIAN_POINT('',(121.124731058266,0.178152591804441,-97.7327419102408));
#7269=CARTESIAN_POINT('',(121.126556295274,0.178152591804196,-97.7535774074421));
#7270=CARTESIAN_POINT('',(121.128381532282,0.178152591803951,-97.7744129046432));
#7271=CARTESIAN_POINT('',(121.130206769289,0.178152591803706,-97.7952484018444));
#7272=CARTESIAN_POINT('',(121.153388880703,0.178152591800593,-98.0598774968322));
#7273=CARTESIAN_POINT('',(121.176570992117,0.17815259179748,-98.32450659182));
#7274=CARTESIAN_POINT('',(121.199753103531,0.178152591794367,-98.5891356868078));
#7275=CARTESIAN_POINT('',(121.249735994915,0.178152591787654,-99.1597018046103));
#7276=CARTESIAN_POINT('',(121.274797842704,0.178152591792063,-99.730726640993));
#7277=CARTESIAN_POINT('',(121.275343781667,0.178152591792052,-101.100703889804));
#7278=CARTESIAN_POINT('',(121.227522191845,0.178152591793694,-101.900806640413));
#7279=CARTESIAN_POINT('',(121.038860248252,0.178152591793694,-103.499977905869));
#7280=CARTESIAN_POINT('',(120.899266398011,0.178152591791849,-104.300897469206));
#7281=CARTESIAN_POINT('',(120.621129826199,0.178152591794613,-105.502076962262));
#7282=CARTESIAN_POINT('',(120.517060565785,0.178152591796237,-105.902565223064));
#7283=CARTESIAN_POINT('',(120.344003243092,0.178152591792431,-106.503574813286));
#7284=CARTESIAN_POINT('',(120.283493133944,0.178152591795793,-106.703972201949));
#7285=CARTESIAN_POINT('',(120.194121253479,0.178152591792826,-106.986811643293));
#7286=CARTESIAN_POINT('',(120.167607762547,0.178152591793021,-107.069220169224));
#7287=CARTESIAN_POINT('',(120.140617090777,0.178152591793692,-107.151636869591));
#7288=CARTESIAN_POINT('',(119.065529127162,0.178152591820409,-110.43444521611));
#7289=CARTESIAN_POINT('',(117.990441163548,0.178152591847126,-113.71725356263));
#7290=CARTESIAN_POINT('',(116.915353199933,0.178152591873843,-117.000061909149));
#7291=CARTESIAN_POINT('',(120.226146775182,3.13712349825748,-87.4894283593968));
#7292=CARTESIAN_POINT('',(120.513157424136,3.1371234982209,-90.7667063654478));
#7293=CARTESIAN_POINT('',(120.80016807309,3.13712349818431,-94.0439843714989));
#7294=CARTESIAN_POINT('',(121.087178722044,3.13712349814773,-97.32126237755));
#7295=CARTESIAN_POINT('',(121.092939056231,3.137123498147,-97.3870376949753));
#7296=CARTESIAN_POINT('',(121.098699390418,3.13712349814626,-97.4528130124007));
#7297=CARTESIAN_POINT('',(121.104459724606,3.13712349814553,-97.518588329826));
#7298=CARTESIAN_POINT('',(121.110732328715,3.13712349814473,-97.5902130850903));
#7299=CARTESIAN_POINT('',(121.117004932825,3.13712349814393,-97.6618378403546));
#7300=CARTESIAN_POINT('',(121.123277536935,3.13712349814313,-97.7334625956188));
#7301=CARTESIAN_POINT('',(121.1251020897,3.1371234981429,-97.754296549583));
#7302=CARTESIAN_POINT('',(121.126926642465,3.13712349814266,-97.7751305035471));
#7303=CARTESIAN_POINT('',(121.12875119523,3.13712349814243,-97.7959644575112));
#7304=CARTESIAN_POINT('',(121.151924616161,3.13712349813948,-98.0605739520346));
#7305=CARTESIAN_POINT('',(121.175098037092,3.13712349813653,-98.3251834465579));
#7306=CARTESIAN_POINT('',(121.198271458023,3.13712349813358,-98.5897929410813));
#7307=CARTESIAN_POINT('',(121.248235611879,3.13712349812722,-99.1603167983724));
#7308=CARTESIAN_POINT('',(121.273280479968,3.13712349813127,-99.731298504688));
#7309=CARTESIAN_POINT('',(121.273790031193,3.13712349813127,-101.10117012123));
#7310=CARTESIAN_POINT('',(121.225950959421,3.1371234981329,-101.901209900532));
#7311=CARTESIAN_POINT('',(121.03726201181,3.1371234981329,-103.500255449298));
#7312=CARTESIAN_POINT('',(120.897658703335,3.13712349813106,-104.301112860244));
#7313=CARTESIAN_POINT('',(120.619513331683,3.13712349813382,-105.502200075407));
#7314=CARTESIAN_POINT('',(120.515442048973,3.13712349813535,-105.902657809917));
#7315=CARTESIAN_POINT('',(120.342382981891,3.13712349813169,-106.50362212438));
#7316=CARTESIAN_POINT('',(120.281872505961,3.137123498135,-106.704004510065));
#7317=CARTESIAN_POINT('',(120.192500399657,3.13712349813204,-106.986822914554));
#7318=CARTESIAN_POINT('',(120.165986877853,3.13712349813223,-107.069225328608));
#7319=CARTESIAN_POINT('',(120.138996209623,3.1371234981329,-107.151635933925));
#7320=CARTESIAN_POINT('',(119.063908386996,3.13712349815963,-110.434201503435));
#7321=CARTESIAN_POINT('',(117.98882056437,3.13712349818635,-113.716767072945));
#7322=CARTESIAN_POINT('',(116.913732741744,3.13712349821307,-116.999332642454));
#7323=CARTESIAN_POINT('',(120.807179665071,5.97344538091693,-86.719885338003));
#7324=CARTESIAN_POINT('',(121.150176342979,5.97344538087942,-90.1234316957316));
#7325=CARTESIAN_POINT('',(121.493173020888,5.97344538084191,-93.5269780534601));
#7326=CARTESIAN_POINT('',(121.836169698796,5.9734453808044,-96.9305244111886));
#7327=CARTESIAN_POINT('',(121.843053678526,5.97344538080364,-96.998833947834));
#7328=CARTESIAN_POINT('',(121.849937658257,5.97344538080289,-97.0671434844794));
#7329=CARTESIAN_POINT('',(121.856821637988,5.97344538080214,-97.1354530211248));
#7330=CARTESIAN_POINT('',(121.864317814103,5.97344538080132,-97.2098373652216));
#7331=CARTESIAN_POINT('',(121.871813990218,5.9734453808005,-97.2842217093183));
#7332=CARTESIAN_POINT('',(121.879310166333,5.97344538079968,-97.3586060534151));
#7333=CARTESIAN_POINT('',(121.881490627369,5.97344538079944,-97.38024270676));
#7334=CARTESIAN_POINT('',(121.883671088406,5.9734453807992,-97.4018793601049));
#7335=CARTESIAN_POINT('',(121.885851549442,5.97344538079896,-97.4235160134498));
#7336=CARTESIAN_POINT('',(121.913545317684,5.97344538079594,-97.6983204943767));
#7337=CARTESIAN_POINT('',(121.941239085926,5.97344538079291,-97.9731249753035));
#7338=CARTESIAN_POINT('',(121.968932854168,5.97344538078988,-98.2479294562304));
#7339=CARTESIAN_POINT('',(122.028643317351,5.97344538078335,-98.8404346977437));
#7340=CARTESIAN_POINT('',(122.062519798692,5.97344538078775,-99.4338499824288));
#7341=CARTESIAN_POINT('',(122.081956016282,5.97344538078775,-100.858665037752));
#7342=CARTESIAN_POINT('',(122.043209986907,5.97344538078925,-101.691458646005));
#7343=CARTESIAN_POINT('',(121.868566887738,5.97344538078925,-103.355894326897));
#7344=CARTESIAN_POINT('',(121.733883182299,5.97344538078741,-104.189079617117));
#7345=CARTESIAN_POINT('',(121.46031493013,5.97344538079017,-105.43816414313));
#7346=CARTESIAN_POINT('',(121.357295530238,5.97344538079181,-105.854499787979));
#7347=CARTESIAN_POINT('',(121.185143785376,5.97344538078798,-106.479013787367));
#7348=CARTESIAN_POINT('',(121.12482408759,5.97344538079123,-106.687199802728));
#7349=CARTESIAN_POINT('',(121.035569449082,5.97344538078844,-106.980960294285));
#7350=CARTESIAN_POINT('',(121.009071984801,5.97344538078858,-107.066541732087));
#7351=CARTESIAN_POINT('',(120.982079475338,5.97344538078925,-107.15212260987));
#7352=CARTESIAN_POINT('',(119.90691831304,5.97344538081596,-110.56096594668));
#7353=CARTESIAN_POINT('',(118.831757150742,5.97344538084266,-113.969809283489));
#7354=CARTESIAN_POINT('',(117.756595988445,5.97344538086937,-117.378652620299));
#7355=CARTESIAN_POINT('',(121.921995455003,8.45110076637365,-85.2433506518046));
#7356=CARTESIAN_POINT('',(122.372418360897,8.4511007663472,-88.8891707694101));
#7357=CARTESIAN_POINT('',(122.822841266791,8.45110076632075,-92.5349908870155));
#7358=CARTESIAN_POINT('',(123.273264172685,8.4511007662943,-96.180811004621));
#7359=CARTESIAN_POINT('',(123.282304208213,8.45110076629377,-96.2539830013416));
#7360=CARTESIAN_POINT('',(123.291344243742,8.45110076629324,-96.3271549980622));
#7361=CARTESIAN_POINT('',(123.30038427927,8.45110076629271,-96.4003269947828));
#7362=CARTESIAN_POINT('',(123.310228250499,8.45110076629213,-96.480006220402));
#7363=CARTESIAN_POINT('',(123.320072221727,8.45110076629155,-96.5596854460212));
#7364=CARTESIAN_POINT('',(123.329916192956,8.45110076629097,-96.6393646716404));
#7365=CARTESIAN_POINT('',(123.332779572281,8.45110076629081,-96.6625414812829));
#7366=CARTESIAN_POINT('',(123.335642951607,8.45110076629064,-96.6857182909253));
#7367=CARTESIAN_POINT('',(123.338506330932,8.45110076629047,-96.7088951005678));
#7368=CARTESIAN_POINT('',(123.374873760619,8.45110076628835,-97.0032609177675));
#7369=CARTESIAN_POINT('',(123.411241190306,8.45110076628623,-97.2976267349673));
#7370=CARTESIAN_POINT('',(123.447608619993,8.45110076628412,-97.591992552167));
#7371=CARTESIAN_POINT('',(123.526020342529,8.45110076627955,-98.2266739410037));
#7372=CARTESIAN_POINT('',(123.576841211304,8.45110076628234,-98.8631325134529));
#7373=CARTESIAN_POINT('',(123.632592213785,8.45110076628234,-100.393368096934));
#7374=CARTESIAN_POINT('',(123.611293096255,8.45110076628358,-101.289006805956));
#7375=CARTESIAN_POINT('',(123.463599907709,8.45110076628358,-103.078907190555));
#7376=CARTESIAN_POINT('',(123.338355494076,8.45110076628173,-103.974120307611));
#7377=CARTESIAN_POINT('',(123.073569406984,8.4511007662845,-105.31529775632));
#7378=CARTESIAN_POINT('',(122.972568265257,8.4511007662859,-105.762098507316));
#7379=CARTESIAN_POINT('',(122.80215740865,8.45110076628242,-106.431797523823));
#7380=CARTESIAN_POINT('',(122.742203758805,8.45110076628543,-106.654956441877));
#7381=CARTESIAN_POINT('',(122.653174506942,8.45110076628281,-106.969711625856));
#7382=CARTESIAN_POINT('',(122.626707850656,8.4511007662829,-107.061392687027));
#7383=CARTESIAN_POINT('',(122.599711810137,8.45110076628357,-107.153056399896));
#7384=CARTESIAN_POINT('',(121.524409999413,8.45110076631032,-110.804190215484));
#7385=CARTESIAN_POINT('',(120.449108188689,8.45110076633706,-114.455324031072));
#7386=CARTESIAN_POINT('',(119.373806377966,8.4511007663638,-118.106457846659));
#7387=CARTESIAN_POINT('',(123.016727972694,10.884121488352,-83.7934155602146));
#7388=CARTESIAN_POINT('',(123.57264183601,10.8841214883364,-87.6771449050807));
#7389=CARTESIAN_POINT('',(124.128555699326,10.8841214883208,-91.5608742499469));
#7390=CARTESIAN_POINT('',(124.684469562643,10.8841214883052,-95.444603594813));
#7391=CARTESIAN_POINT('',(124.695626812883,10.8841214883049,-95.5225504549759));
#7392=CARTESIAN_POINT('',(124.706784063123,10.8841214883046,-95.6004973151389));
#7393=CARTESIAN_POINT('',(124.717941313364,10.8841214883043,-95.6784441753018));
#7394=CARTESIAN_POINT('',(124.73009078446,10.8841214883039,-95.7633228957903));
#7395=CARTESIAN_POINT('',(124.742240255556,10.8841214883036,-95.8482016162788));
#7396=CARTESIAN_POINT('',(124.754389726652,10.8841214883033,-95.9330803367673));
#7397=CARTESIAN_POINT('',(124.757923721575,10.8841214883032,-95.9577695569771));
#7398=CARTESIAN_POINT('',(124.761457716499,10.8841214883031,-95.9824587771868));
#7399=CARTESIAN_POINT('',(124.764991711422,10.884121488303,-96.0071479973965));
#7400=CARTESIAN_POINT('',(124.809876547587,10.8841214883017,-96.3207227557512));
#7401=CARTESIAN_POINT('',(124.854761383753,10.8841214883005,-96.6342975141059));
#7402=CARTESIAN_POINT('',(124.899646219918,10.8841214882993,-96.9478722724606));
#7403=CARTESIAN_POINT('',(124.996422300871,10.8841214882966,-97.6239700104043));
#7404=CARTESIAN_POINT('',(125.063882305981,10.8841214882979,-98.3026964509706));
#7405=CARTESIAN_POINT('',(125.155293886874,10.8841214882979,-99.9364534244867));
#7406=CARTESIAN_POINT('',(125.151127377173,10.8841214882988,-100.893805087353));
#7407=CARTESIAN_POINT('',(125.029898599855,10.8841214882988,-102.806909944127));
#7408=CARTESIAN_POINT('',(124.913923430323,10.884121488297,-103.763033464185));
#7409=CARTESIAN_POINT('',(124.657761298662,10.8841214882998,-105.194644792675));
#7410=CARTESIAN_POINT('',(124.558742056421,10.8841214883009,-105.6713618246));
#7411=CARTESIAN_POINT('',(124.390040726177,10.8841214882978,-106.385431855583));
#7412=CARTESIAN_POINT('',(124.330446529964,10.8841214883006,-106.623293941291));
#7413=CARTESIAN_POINT('',(124.241638604433,10.8841214882981,-106.958665600834));
#7414=CARTESIAN_POINT('',(124.215202201137,10.8841214882982,-107.056336401393));
#7415=CARTESIAN_POINT('',(124.188202693174,10.8841214882988,-107.153973367807));
#7416=CARTESIAN_POINT('',(123.112762767789,10.8841214883256,-111.043032828368));
#7417=CARTESIAN_POINT('',(122.037322842404,10.8841214883524,-114.932092288929));
#7418=CARTESIAN_POINT('',(120.96188291702,10.8841214883792,-118.821151749489));
#7419=CARTESIAN_POINT('',(124.111460490385,13.3171422103303,-82.3434804686246));
#7420=CARTESIAN_POINT('',(124.772865311123,13.3171422103256,-86.4651190407514));
#7421=CARTESIAN_POINT('',(125.434270131862,13.3171422103209,-90.5867576128782));
#7422=CARTESIAN_POINT('',(126.0956749526,13.3171422103161,-94.708396185005));
#7423=CARTESIAN_POINT('',(126.108949417552,13.317142210316,-94.7911179086103));
#7424=CARTESIAN_POINT('',(126.122223882505,13.3171422103159,-94.8738396322155));
#7425=CARTESIAN_POINT('',(126.135498347457,13.3171422103159,-94.9565613558208));
#7426=CARTESIAN_POINT('',(126.14995331842,13.3171422103157,-95.0466395711786));
#7427=CARTESIAN_POINT('',(126.164408289384,13.3171422103156,-95.1367177865364));
#7428=CARTESIAN_POINT('',(126.178863260347,13.3171422103155,-95.2267960018941));
#7429=CARTESIAN_POINT('',(126.183067870869,13.3171422103155,-95.2529976326712));
#7430=CARTESIAN_POINT('',(126.18727248139,13.3171422103155,-95.2791992634482));
#7431=CARTESIAN_POINT('',(126.191477091912,13.3171422103155,-95.3054008942252));
#7432=CARTESIAN_POINT('',(126.244879334555,13.3171422103151,-95.6381845937348));
#7433=CARTESIAN_POINT('',(126.298281577199,13.3171422103148,-95.9709682932445));
#7434=CARTESIAN_POINT('',(126.351683819842,13.3171422103145,-96.3037519927542));
#7435=CARTESIAN_POINT('',(126.466824259213,13.3171422103137,-97.0212660798049));
#7436=CARTESIAN_POINT('',(126.550923400658,13.3171422103134,-97.7422603884884));
#7437=CARTESIAN_POINT('',(126.677995559963,13.3171422103134,-99.4795387520396));
#7438=CARTESIAN_POINT('',(126.690961658091,13.3171422103141,-100.49860336875));
#7439=CARTESIAN_POINT('',(126.596197292001,13.3171422103141,-102.534912697699));
#7440=CARTESIAN_POINT('',(126.48949136657,13.3171422103123,-103.55194662076));
#7441=CARTESIAN_POINT('',(126.24195319034,13.317142210315,-105.073991829031));
#7442=CARTESIAN_POINT('',(126.144915847585,13.317142210316,-105.580625141884));
#7443=CARTESIAN_POINT('',(125.977924043704,13.3171422103132,-106.339066187343));
#7444=CARTESIAN_POINT('',(125.918689301122,13.3171422103157,-106.591631440704));
#7445=CARTESIAN_POINT('',(125.830102701923,13.3171422103134,-106.947619575813));
#7446=CARTESIAN_POINT('',(125.803696551619,13.3171422103134,-107.05128011576));
#7447=CARTESIAN_POINT('',(125.776693576212,13.3171422103141,-107.154890335718));
#7448=CARTESIAN_POINT('',(124.701115536166,13.3171422103409,-111.281875441252));
#7449=CARTESIAN_POINT('',(123.625537496119,13.3171422103677,-115.408860546786));
#7450=CARTESIAN_POINT('',(122.549959456073,13.3171422103945,-119.535845652319));
#7451=CARTESIAN_POINT('',(125.206193008076,15.7501629323086,-80.8935453770346));
#7452=CARTESIAN_POINT('',(125.973088786236,15.7501629323148,-85.253093176422));
#7453=CARTESIAN_POINT('',(126.739984564397,15.7501629323209,-89.6126409758096));
#7454=CARTESIAN_POINT('',(127.506880342557,15.7501629323271,-93.972188775197));
#7455=CARTESIAN_POINT('',(127.522272022222,15.7501629323272,-94.0596853622446));
#7456=CARTESIAN_POINT('',(127.537663701886,15.7501629323273,-94.1471819492922));
#7457=CARTESIAN_POINT('',(127.553055381551,15.7501629323274,-94.2346785363398));
#7458=CARTESIAN_POINT('',(127.569815852381,15.7501629323276,-94.3299562465669));
#7459=CARTESIAN_POINT('',(127.586576323212,15.7501629323277,-94.4252339567939));
#7460=CARTESIAN_POINT('',(127.603336794042,15.7501629323278,-94.5205116670209));
#7461=CARTESIAN_POINT('',(127.608212020162,15.7501629323279,-94.5482257083654));
#7462=CARTESIAN_POINT('',(127.613087246282,15.7501629323279,-94.5759397497096));
#7463=CARTESIAN_POINT('',(127.617962472402,15.750162932328,-94.6036537910539));
#7464=CARTESIAN_POINT('',(127.679882121524,15.7501629323285,-94.9556464317185));
#7465=CARTESIAN_POINT('',(127.741801770645,15.7501629323291,-95.3076390723831));
#7466=CARTESIAN_POINT('',(127.803721419767,15.7501629323296,-95.6596317130478));
#7467=CARTESIAN_POINT('',(127.937226217555,15.7501629323308,-96.4185621492056));
#7468=CARTESIAN_POINT('',(128.037964495334,15.7501629323289,-97.1818243260061));
#7469=CARTESIAN_POINT('',(128.200697233052,15.7501629323289,-99.0226240795925));
#7470=CARTESIAN_POINT('',(128.230795939009,15.7501629323294,-100.103401650147));
#7471=CARTESIAN_POINT('',(128.162495984147,15.7501629323294,-102.262915451271));
#7472=CARTESIAN_POINT('',(128.065059302817,15.7501629323275,-103.340859777335));
#7473=CARTESIAN_POINT('',(127.826145082017,15.7501629323303,-104.953338865386));
#7474=CARTESIAN_POINT('',(127.731089638748,15.750162932331,-105.489888459168));
#7475=CARTESIAN_POINT('',(127.565807361231,15.7501629323285,-106.292700519103));
#7476=CARTESIAN_POINT('',(127.50693207228,15.7501629323309,-106.559968940118));
#7477=CARTESIAN_POINT('',(127.418566799414,15.7501629323287,-106.936573550791));
#7478=CARTESIAN_POINT('',(127.392190902101,15.7501629323287,-107.046223830127));
#7479=CARTESIAN_POINT('',(127.365184459249,15.7501629323294,-107.155807303629));
#7480=CARTESIAN_POINT('',(126.289468304542,15.7501629323562,-111.520718054136));
#7481=CARTESIAN_POINT('',(125.213752149834,15.750162932383,-115.885628804642));
#7482=CARTESIAN_POINT('',(124.138035995127,15.7501629324099,-120.250539555149));
#7483=CARTESIAN_POINT('',(121.04280129409,-9.47183658059898E-16,-96.7964695288915));
#7484=CARTESIAN_POINT('',(121.042523694973,0.39029604109924,-96.7955471680096));
#7485=CARTESIAN_POINT('',(121.049198147653,1.15711635343139,-96.7105145632831));
#7486=CARTESIAN_POINT('',(121.175936916098,2.67141942956225,-96.5092775589062));
#7487=CARTESIAN_POINT('',(121.64189534695,5.27924594941956,-95.8851841422047));
#7488=CARTESIAN_POINT('',(122.409389067591,7.25911849032809,-94.9202816938805));
#7489=CARTESIAN_POINT('',(122.978968466841,8.40235232682013,-94.0340163845499));
#7490=CARTESIAN_POINT('',(122.978968466841,8.40235232682009,-94.0340163845498));
#7491=CARTESIAN_POINT('',(120.112404512768,-8.51075183267082E-16,-107.238083123878));
#7492=CARTESIAN_POINT('',(120.11158310044,1.49758415092096,-107.238082649712));
#7493=CARTESIAN_POINT('',(120.48928926819,4.445135846734,-107.238300683343));
#7494=CARTESIAN_POINT('',(121.753383422437,7.19512207256229,-107.239030390884));
#7495=CARTESIAN_POINT('',(122.574251904498,8.45110076628421,-107.239504243183));
#7496=CARTESIAN_POINT('',(122.574251904498,8.45110076628421,-107.239504243183));
#7497=CARTESIAN_POINT('',(113.489885434491,8.45110076686424,-16.9920340680395));
#7498=CARTESIAN_POINT('',(114.301130459159,8.45110076681698,-23.5584262131749));
#7499=CARTESIAN_POINT('',(115.112375483827,8.45110076676971,-30.1248183583103));
#7500=CARTESIAN_POINT('',(115.923620508495,8.45110076672245,-36.6912105034458));
#7501=CARTESIAN_POINT('',(116.547655142856,8.4511007666861,-41.7422813843192));
#7502=CARTESIAN_POINT('',(117.171689777216,8.45110076664974,-46.7933522651926));
#7503=CARTESIAN_POINT('',(117.795724411576,8.45110076661339,-51.844423146066));
#7504=CARTESIAN_POINT('',(118.275751053392,8.45110076658542,-55.7298622851994));
#7505=CARTESIAN_POINT('',(118.755777695207,8.45110076655746,-59.6153014243328));
#7506=CARTESIAN_POINT('',(119.235804337023,8.45110076652949,-63.5007405634661));
#7507=CARTESIAN_POINT('',(119.605055599958,8.45110076650798,-66.4895399012611));
#7508=CARTESIAN_POINT('',(119.974306862893,8.45110076648647,-69.478339239056));
#7509=CARTESIAN_POINT('',(120.343558125828,8.45110076646496,-72.4671385768509));
#7510=CARTESIAN_POINT('',(120.627597558855,8.45110076644841,-74.7662149905393));
#7511=CARTESIAN_POINT('',(120.911636991882,8.45110076643186,-77.0652914042277));
#7512=CARTESIAN_POINT('',(121.195676424909,8.45110076641531,-79.3643678179161));
#7513=CARTESIAN_POINT('',(121.414168296468,8.45110076640258,-81.132888136138));
#7514=CARTESIAN_POINT('',(121.632660168027,8.45110076638985,-82.9014084543598));
#7515=CARTESIAN_POINT('',(121.851152039586,8.45110076637713,-84.6699287725816));
#7516=CARTESIAN_POINT('',(122.019222710016,8.45110076636733,-86.0303290173677));
#7517=CARTESIAN_POINT('',(122.187293380446,8.45110076635754,-87.3907292621537));
#7518=CARTESIAN_POINT('',(122.355364050877,8.45110076634775,-88.7511295069397));
#7519=CARTESIAN_POINT('',(122.484649181977,8.45110076634022,-89.7975912336982));
#7520=CARTESIAN_POINT('',(122.613934313077,8.45110076633268,-90.8440529604567));
#7521=CARTESIAN_POINT('',(122.743219444177,8.45110076632515,-91.8905146872152));
#7522=CARTESIAN_POINT('',(122.842669545023,8.45110076631936,-92.6954852462602));
#7523=CARTESIAN_POINT('',(122.942119645869,8.45110076631356,-93.5004558053052));
#7524=CARTESIAN_POINT('',(123.041569746716,8.45110076630777,-94.3054263643502));
#7525=CARTESIAN_POINT('',(123.11806982429,8.45110076630331,-94.9246344866925));
#7526=CARTESIAN_POINT('',(123.194569901864,8.45110076629886,-95.5438426090348));
#7527=CARTESIAN_POINT('',(123.271069979438,8.4511007662944,-96.1630507313771));
#7528=CARTESIAN_POINT('',(123.329916192956,8.45110076629097,-96.6393646716404));
#7529=CARTESIAN_POINT('',(123.388762406475,8.45110076628755,-97.1156786119037));
#7530=CARTESIAN_POINT('',(123.447608619993,8.45110076628412,-97.591992552167));
#7531=CARTESIAN_POINT('',(123.526020342529,8.45110076627955,-98.2266739410037));
#7532=CARTESIAN_POINT('',(123.576841211304,8.45110076628234,-98.8631325134529));
#7533=CARTESIAN_POINT('',(123.632592213785,8.45110076628234,-100.393368096934));
#7534=CARTESIAN_POINT('',(123.611293096255,8.45110076628358,-101.289006805956));
#7535=CARTESIAN_POINT('',(123.463599907709,8.45110076628358,-103.078907190555));
#7536=CARTESIAN_POINT('',(123.338355494076,8.45110076628173,-103.974120307611));
#7537=CARTESIAN_POINT('',(123.073569406984,8.4511007662845,-105.31529775632));
#7538=CARTESIAN_POINT('',(122.972568265257,8.4511007662859,-105.762098507316));
#7539=CARTESIAN_POINT('',(122.80215740865,8.45110076628242,-106.431797523823));
#7540=CARTESIAN_POINT('',(122.742203758805,8.45110076628543,-106.654956441877));
#7541=CARTESIAN_POINT('',(122.653174506942,8.45110076628281,-106.969711625856));
#7542=CARTESIAN_POINT('',(122.626707850656,8.4511007662829,-107.061392687027));
#7543=CARTESIAN_POINT('',(122.599711810137,8.45110076628357,-107.153056399896));
#7544=CARTESIAN_POINT('',(122.459227302971,8.45110076628707,-107.630064556643));
#7545=CARTESIAN_POINT('',(122.318742795804,8.45110076629056,-108.107072713391));
#7546=CARTESIAN_POINT('',(122.178258288638,8.45110076629406,-108.584080870138));
#7547=CARTESIAN_POINT('',(121.995628429322,8.4511007662986,-109.20419147391));
#7548=CARTESIAN_POINT('',(121.812998570006,8.45110076630314,-109.824302077682));
#7549=CARTESIAN_POINT('',(121.63036871069,8.45110076630768,-110.444412681454));
#7550=CARTESIAN_POINT('',(121.392949893579,8.45110076631358,-111.250556466357));
#7551=CARTESIAN_POINT('',(121.155531076469,8.45110076631949,-112.05670025126));
#7552=CARTESIAN_POINT('',(120.918112259358,8.45110076632539,-112.862844036164));
#7553=CARTESIAN_POINT('',(120.609467797114,8.45110076633306,-113.910830956538));
#7554=CARTESIAN_POINT('',(120.30082333487,8.45110076634074,-114.958817876912));
#7555=CARTESIAN_POINT('',(119.992178872626,8.45110076634841,-116.006804797286));
#7556=CARTESIAN_POINT('',(119.590941071709,8.45110076635839,-117.369187793773));
#7557=CARTESIAN_POINT('',(119.189703270791,8.45110076636837,-118.731570790259));
#7558=CARTESIAN_POINT('',(118.788465469874,8.45110076637834,-120.093953786746));
#7559=CARTESIAN_POINT('',(118.266856328682,8.45110076639131,-121.865051682179));
#7560=CARTESIAN_POINT('',(117.745247187489,8.45110076640428,-123.636149577611));
#7561=CARTESIAN_POINT('',(117.223638046297,8.45110076641725,-125.407247473044));
#7562=CARTESIAN_POINT('',(116.545546162747,8.45110076643411,-127.709674737106));
#7563=CARTESIAN_POINT('',(115.867454279197,8.45110076645097,-130.012102001168));
#7564=CARTESIAN_POINT('',(115.189362395647,8.45110076646783,-132.314529265231));
#7565=CARTESIAN_POINT('',(114.307842947031,8.45110076648975,-135.307684708511));
#7566=CARTESIAN_POINT('',(113.426323498416,8.45110076651167,-138.300840151792));
#7567=CARTESIAN_POINT('',(112.544804049801,8.45110076653358,-141.293995595073));
#7568=CARTESIAN_POINT('',(111.398828766601,8.45110076656208,-145.185097671339));
#7569=CARTESIAN_POINT('',(110.252853483402,8.45110076659057,-149.076199747604));
#7570=CARTESIAN_POINT('',(109.106878200202,8.45110076661906,-152.967301823869));
#7571=CARTESIAN_POINT('',(107.617110332042,8.4511007666561,-158.025734523014));
#7572=CARTESIAN_POINT('',(106.127342463883,8.45110076669314,-163.084167222159));
#7573=CARTESIAN_POINT('',(104.637574595723,8.45110076673018,-168.142599921304));
#7574=CARTESIAN_POINT('',(102.700876367116,8.45110076677833,-174.718562430192));
#7575=CARTESIAN_POINT('',(100.764178138508,8.45110076682649,-181.294524939081));
#7576=CARTESIAN_POINT('',(98.8274799099009,8.45110076687464,-187.870487447969));
#7577=CARTESIAN_POINT('',(123.016371514927,8.45110076630924,-94.1014664431744));
#7578=CARTESIAN_POINT('',(123.016371514927,8.45110076630925,-94.1014664431744));
#7579=CARTESIAN_POINT('',(123.003684246738,8.43449470092667,-94.0793625733801));
#7580=CARTESIAN_POINT('',(122.991217063039,8.41824213408478,-94.0568811748852));
#7581=CARTESIAN_POINT('',(122.978968466841,8.40235232682009,-94.0340163845499));
#7582=CARTESIAN_POINT('',(101.131418973342,21.9581087017393,-100.463683891048));
#7583=CARTESIAN_POINT('',(127.164647063895,21.9581087017393,-107.242154082162));
#7584=CARTESIAN_POINT('',(127.164647063895,12.2296120876227,-107.242154082162));
#7585=CARTESIAN_POINT('',(127.164647063895,12.2296120876241,-107.242154082163));
#7586=CARTESIAN_POINT('',(127.164204075689,12.2292896698419,-107.243855411913));
#7587=CARTESIAN_POINT('',(127.163760927248,12.2289671282739,-107.245556673111));
#7588=CARTESIAN_POINT('',(127.163317618585,12.2286444629166,-107.247257865759));
#7589=CARTESIAN_POINT('',(127.163317618399,12.2286444667446,-107.247257866473));
#7590=CARTESIAN_POINT('',(127.163317618399,21.9581087017393,-107.247257866473));
#7591=CARTESIAN_POINT('',(129.267243656305,13.7000000000001,-107.2439606457));
#7592=CARTESIAN_POINT('',(129.267243266817,13.7000000000001,-107.238828335269));
#7593=CARTESIAN_POINT('',(128.261114198736,13.0278082980895,-107.245537426864));
#7594=CARTESIAN_POINT('',(128.261113809248,13.0278082980895,-107.240405116433));
#7595=CARTESIAN_POINT('',(127.150068320006,12.2190015293467,-107.247278630445));
#7596=CARTESIAN_POINT('',(127.150067930518,12.2190015293467,-107.242146320014));
#7597=CARTESIAN_POINT('',(127.164647063894,12.2296120876237,-107.242154082162));
#7598=CARTESIAN_POINT('',(127.856320310091,12.732882294014,-107.242553355573));
#7599=CARTESIAN_POINT('',(128.555945744919,13.2247843684814,-107.242957219441));
#7600=CARTESIAN_POINT('',(129.267243611316,13.7000000000001,-107.243367821306));
#7601=CARTESIAN_POINT('',(129.267243611316,13.7000000000001,-107.243367821306));
#7602=CARTESIAN_POINT('',(129.267215170436,13.7000000000001,-106.8686000265));
#7603=CARTESIAN_POINT('',(129.267243656305,13.7000000000001,-107.2439606457));
#7604=CARTESIAN_POINT('',(126.850712178596,11.9999999999999,-107.247747773975));
#7605=CARTESIAN_POINT('',(130.607036250264,14.7614111217044,-107.241860955933));
#7606=CARTESIAN_POINT('',(133.193876870751,16.0000000000001,-107.237806923388));
#7607=CARTESIAN_POINT('',(155.41090843621,13.7000000000001,-84.4666151432569));
#7608=CARTESIAN_POINT('',(159.593986988601,13.7000000000001,-107.196433324734));
#7609=CARTESIAN_POINT('',(129.543691793359,13.7000000000001,-107.243527403028));
#7610=CARTESIAN_POINT('',(140.756364728133,13.7000000000001,-107.25));
#7611=CARTESIAN_POINT('',(134.25193699527,-8.67361737988404E-16,-89.8695583496078));
#7612=CARTESIAN_POINT('',(122.505536508131,8.,-93.4048236290087));
#7613=CARTESIAN_POINT('',(113.481301855952,8.,-63.4205746584853));
#7614=CARTESIAN_POINT('',(122.308456965142,8.,-92.75));
#7615=CARTESIAN_POINT('',(111.600500723798,8.,-57.1713566822066));
#7616=CARTESIAN_POINT('',(112.227434434516,8.,-59.2544293409662));
#7617=CARTESIAN_POINT('',(112.854368145234,8.,-61.3375019997258));
#7618=CARTESIAN_POINT('',(113.481301855952,8.,-63.4205746584853));
#7619=CARTESIAN_POINT('',(111.600500723807,8.,-57.1713566822211));
#7620=CARTESIAN_POINT('',(110.263296937998,5.12616022636416,-57.7654346867499));
#7621=CARTESIAN_POINT('',(110.61134184384,6.13827938444392,-57.6095786605235));
#7622=CARTESIAN_POINT('',(111.057027328454,7.09612918325938,-57.4109738852046));
#7623=CARTESIAN_POINT('',(111.600500723798,7.99999999999999,-57.1713566822066));
#7624=CARTESIAN_POINT('',(122.308456965142,8.,-92.75));
#7625=CARTESIAN_POINT('',(122.456695829739,8.,-93.2425438216657));
#7626=CARTESIAN_POINT('',(122.695142951034,8.1586441431639,-93.6833301597591));
#7627=CARTESIAN_POINT('',(122.978968466841,8.4023523268201,-94.0340163845499));
#7628=CARTESIAN_POINT('',(110.363543215639,5.10757561009333,-57.9449634946039));
#7629=CARTESIAN_POINT('',(110.01860799508,5.10757561009333,-57.3645378155539));
#7630=CARTESIAN_POINT('',(109.634970166951,5.10757561009333,-56.8071377289409));
#7631=CARTESIAN_POINT('',(108.625342404377,5.10757561009333,-55.5318304273298));
#7632=CARTESIAN_POINT('',(107.964514682482,5.10757561009333,-54.8416604998181));
#7633=CARTESIAN_POINT('',(107.188299584042,5.10757561009333,-54.1703313368268));
#7634=CARTESIAN_POINT('',(107.131323135301,5.10757561009333,-54.1217866024037));
#7635=CARTESIAN_POINT('',(107.073990689407,5.10757561009333,-54.0736662253468));
#7636=CARTESIAN_POINT('',(110.691476076062,6.13266720077253,-57.750099785642));
#7637=CARTESIAN_POINT('',(110.337869691759,6.13266720077253,-57.1550830593321));
#7638=CARTESIAN_POINT('',(109.944587773296,6.13266720077253,-56.5836707549625));
#7639=CARTESIAN_POINT('',(108.909579454812,6.13266720077253,-55.2763041048771));
#7640=CARTESIAN_POINT('',(108.232139496642,6.13266720077253,-54.5687843212284));
#7641=CARTESIAN_POINT('',(107.436411493115,6.13266720077253,-53.8805789311892));
#7642=CARTESIAN_POINT('',(107.378002740315,6.13266720077253,-53.8308138535943));
#7643=CARTESIAN_POINT('',(107.319229041117,6.13266720077253,-53.7814838010851));
#7644=CARTESIAN_POINT('',(111.112827883497,7.09988831672193,-57.4997248281935));
#7645=CARTESIAN_POINT('',(110.748080162178,7.09988831672193,-56.8859604712639));
#7646=CARTESIAN_POINT('',(110.342406820397,7.09988831672193,-56.296544258197));
#7647=CARTESIAN_POINT('',(109.274787731855,7.09988831672193,-54.9479854433271));
#7648=CARTESIAN_POINT('',(108.576003173539,7.09988831672193,-54.2181733122978));
#7649=CARTESIAN_POINT('',(107.755203581225,7.09988831672193,-53.5082841277157));
#7650=CARTESIAN_POINT('',(107.694954500794,7.09988831672193,-53.4569510651361));
#7651=CARTESIAN_POINT('',(107.634328975329,7.09988831672193,-53.4060667342982));
#7652=CARTESIAN_POINT('',(111.617474787321,8.00000000000075,-57.1998543996301));
#7653=CARTESIAN_POINT('',(111.239383249434,8.00000000000075,-56.5636362794098));
#7654=CARTESIAN_POINT('',(110.818868880983,8.00000000000075,-55.9526570479328));
#7655=CARTESIAN_POINT('',(109.712192349584,8.00000000000075,-54.5547629791172));
#7656=CARTESIAN_POINT('',(108.987843675518,8.00000000000075,-53.7982516293209));
#7657=CARTESIAN_POINT('',(108.137016207609,8.00000000000075,-53.0623920808145));
#7658=CARTESIAN_POINT('',(108.074562993661,8.00000000000075,-53.0091810655269));
#7659=CARTESIAN_POINT('',(108.011719562932,8.00000000000075,-52.9564351982428));
#7660=CARTESIAN_POINT('',(111.600500723807,8.,-57.1713566822211));
#7661=CARTESIAN_POINT('',(110.657466463995,8.,-55.5916808069054));
#7662=CARTESIAN_POINT('',(109.442684464058,8.,-54.1623055756346));
#7663=CARTESIAN_POINT('',(108.037107291018,8.,-52.9777868693305));
#7664=CARTESIAN_POINT('',(108.037107291018,8.,-52.9777868693305));
#7665=CARTESIAN_POINT('',(107.134139460953,5.25000000000001,-54.0539020248066));
#7666=CARTESIAN_POINT('',(107.372244773354,6.21463162958098,-53.7701391633376));
#7667=CARTESIAN_POINT('',(107.673014719916,7.13146559106643,-53.4116954989776));
#7668=CARTESIAN_POINT('',(108.037107291018,8.00000000000075,-52.9777868693301));
#7669=CARTESIAN_POINT('',(114.74173573417,13.4851995818112,-46.7915625815076));
#7670=CARTESIAN_POINT('',(114.099715857186,13.4851995818112,-44.6536621829321));
#7671=CARTESIAN_POINT('',(113.7856546322,12.8077491407829,-47.0802325550207));
#7672=CARTESIAN_POINT('',(113.143634755216,12.8077491407829,-44.9423321564452));
#7673=CARTESIAN_POINT('',(112.733778964882,11.9999999999999,-47.3978258223683));
#7674=CARTESIAN_POINT('',(112.091759087898,11.9999999999999,-45.2599254237928));
#7675=CARTESIAN_POINT('',(114.305891193738,13.4526365028947,-45.5069411320668));
#7676=CARTESIAN_POINT('',(113.774975019597,12.9832449748077,-46.1396623899661));
#7677=CARTESIAN_POINT('',(113.25026116332,12.4974457294203,-46.7649920132679));
#7678=CARTESIAN_POINT('',(112.729949820486,11.9999999999999,-47.3850749253579));
#7679=CARTESIAN_POINT('',(112.729949820486,11.9999999999999,-47.3850749253579));
#7680=CARTESIAN_POINT('',(126.903022633248,11.9999999999999,-94.5808380188326));
#7681=CARTESIAN_POINT('',(112.091759087898,11.9999999999999,-45.2599254237928));
#7682=CARTESIAN_POINT('',(112.091759087898,11.9999999999999,-45.2599254237928));
#7683=CARTESIAN_POINT('',(115.687753214945,14.7614111217044,-44.1741853884869));
#7684=CARTESIAN_POINT('',(118.164180568228,16.0000000000001,-43.4264766250708));
#7685=CARTESIAN_POINT('',(118.025314044039,0.499802628872868,-94.5554610461852));
#7686=CARTESIAN_POINT('',(119.359585635806,0.499795215429023,-98.4733922475993));
#7687=CARTESIAN_POINT('',(119.321929305712,0.499801938579788,-102.805752713426));
#7688=CARTESIAN_POINT('',(117.950959105966,0.499802571040454,-106.685428594926));
#7689=CARTESIAN_POINT('',(118.485322736386,0.,-94.3988026977205));
#7690=CARTESIAN_POINT('',(119.854455136299,0.,-98.4199231969936));
#7691=CARTESIAN_POINT('',(119.816071692025,0.,-102.865865152424));
#7692=CARTESIAN_POINT('',(118.409016541175,0.,-106.847683892137));
#7693=CARTESIAN_POINT('',(118.086829028953,0.499802485676762,-106.286160982048));
#7694=CARTESIAN_POINT('',(119.322900874221,0.499801495613708,-102.510154993791));
#7695=CARTESIAN_POINT('',(119.313992325905,0.499795468753342,-98.3395128691125));
#7696=CARTESIAN_POINT('',(118.025314044039,0.499802628872868,-94.5554610461852));
#7697=CARTESIAN_POINT('',(118.087092512025,0.499481943131254,-106.286357826212));
#7698=CARTESIAN_POINT('',(118.087453486887,0.499025579000643,-106.286681307927));
#7699=CARTESIAN_POINT('',(118.201724839921,0.334636002508405,-106.451337028472));
#7700=CARTESIAN_POINT('',(118.317179337778,0.168294137494917,-106.614603745878));
#7701=CARTESIAN_POINT('',(118.434090272308,0.,-106.776263531907));
#7702=CARTESIAN_POINT('',(117.998554235669,0.350615459291372,-94.4879543811628));
#7703=CARTESIAN_POINT('',(117.99892082795,0.350615459291372,-94.4890307392339));
#7704=CARTESIAN_POINT('',(117.999287420232,0.350615459291372,-94.490107097305));
#7705=CARTESIAN_POINT('',(118.003290464982,0.350615459291372,-94.5018605076902));
#7706=CARTESIAN_POINT('',(118.006926917452,0.350615459291372,-94.5125375600041));
#7707=CARTESIAN_POINT('',(118.012381596156,0.350615459291372,-94.5285531384751));
#7708=CARTESIAN_POINT('',(118.01419982239,0.350615459291372,-94.5338916646321));
#7709=CARTESIAN_POINT('',(118.01783627486,0.350615459291372,-94.544568716946));
#7710=CARTESIAN_POINT('',(118.019654208678,0.350615459291372,-94.5499067857815));
#7711=CARTESIAN_POINT('',(118.022831693015,0.350615459291372,-94.5592355525594));
#7712=CARTESIAN_POINT('',(118.024189945292,0.350615459291372,-94.5632264077878));
#7713=CARTESIAN_POINT('',(118.02690306277,0.350615459291372,-94.5712084287503));
#7714=CARTESIAN_POINT('',(118.028258254586,0.350615459291372,-94.575199899755));
#7715=CARTESIAN_POINT('',(118.032319728375,0.350615459291372,-94.5871756916433));
#7716=CARTESIAN_POINT('',(118.035021908697,0.350615459291372,-94.5951613914349));
#7717=CARTESIAN_POINT('',(118.043112036017,0.350615459291372,-94.6191239850167));
#7718=CARTESIAN_POINT('',(118.048483569383,0.350615459291372,-94.6351063730922));
#7719=CARTESIAN_POINT('',(118.064532458952,0.350615459291372,-94.6830753433221));
#7720=CARTESIAN_POINT('',(118.075144104576,0.350615459291372,-94.7150837317591));
#7721=CARTESIAN_POINT('',(118.106715755067,0.350615459291372,-94.8111947488985));
#7722=CARTESIAN_POINT('',(118.127412471962,0.350615459291372,-94.8753832319837));
#7723=CARTESIAN_POINT('',(118.188445978198,0.350615459291372,-95.068281029656));
#7724=CARTESIAN_POINT('',(118.227726093266,0.350615459291372,-95.197322727271));
#7725=CARTESIAN_POINT('',(118.341312834461,0.350615459291372,-95.5856875095754));
#7726=CARTESIAN_POINT('',(118.41136528776,0.350615459291372,-95.8462507378906));
#7727=CARTESIAN_POINT('',(118.604309720542,0.350615459291372,-96.6321639012481));
#7728=CARTESIAN_POINT('',(118.709977654854,0.350615459291372,-97.161741081602));
#7729=CARTESIAN_POINT('',(118.956882121571,0.350615459291372,-98.7612784597821));
#7730=CARTESIAN_POINT('',(119.027838039404,0.350615459291372,-99.8419782372342));
#7731=CARTESIAN_POINT('',(118.980314279993,0.350615459291372,-101.999424881967));
#7732=CARTESIAN_POINT('',(118.861839445101,0.350615459291372,-103.075951920519));
#7733=CARTESIAN_POINT('',(118.47497316117,0.350615459291372,-105.012256182175));
#7734=CARTESIAN_POINT('',(118.235503227897,0.350615459291372,-105.877676848746));
#7735=CARTESIAN_POINT('',(117.934654635602,0.350615459291372,-106.721272873541));
#7736=CARTESIAN_POINT('',(118.132753633291,8.64459797934983,-94.3748867317588));
#7737=CARTESIAN_POINT('',(118.133120225573,8.64459797934983,-94.3759630898299));
#7738=CARTESIAN_POINT('',(118.133486817854,8.64459797934983,-94.3770394479011));
#7739=CARTESIAN_POINT('',(118.137489862605,8.64459797934983,-94.3887928582862));
#7740=CARTESIAN_POINT('',(118.141126315074,8.64459797934983,-94.3994699106002));
#7741=CARTESIAN_POINT('',(118.146580993778,8.64459797934983,-94.4154854890711));
#7742=CARTESIAN_POINT('',(118.148399220013,8.64459797934983,-94.4208240152281));
#7743=CARTESIAN_POINT('',(118.152035672482,8.64459797934983,-94.4315010675421));
#7744=CARTESIAN_POINT('',(118.153836348817,8.64459797934983,-94.4368186524355));
#7745=CARTESIAN_POINT('',(118.157043987029,8.64459797934983,-94.4461832106555));
#7746=CARTESIAN_POINT('',(118.158440919642,8.64459797934983,-94.4502199957901));
#7747=CARTESIAN_POINT('',(118.161205582336,8.64459797934983,-94.4582632805382));
#7748=CARTESIAN_POINT('',(118.162586536255,8.64459797934983,-94.4622853922266));
#7749=CARTESIAN_POINT('',(118.166725264817,8.64459797934983,-94.4743531325176));
#7750=CARTESIAN_POINT('',(118.169478906278,8.64459797934983,-94.4824001663804));
#7751=CARTESIAN_POINT('',(118.177723290739,8.64459797934983,-94.5065468674189));
#7752=CARTESIAN_POINT('',(118.183197493837,8.64459797934983,-94.5226521341237));
#7753=CARTESIAN_POINT('',(118.199553886438,8.64459797934983,-94.570990159895));
#7754=CARTESIAN_POINT('',(118.210369859191,8.64459797934983,-94.6032451449009));
#7755=CARTESIAN_POINT('',(118.242552457727,8.64459797934983,-94.7000976197539));
#7756=CARTESIAN_POINT('',(118.263653762194,8.64459797934983,-94.7647826320194));
#7757=CARTESIAN_POINT('',(118.325892828665,8.64459797934983,-94.9591766034847));
#7758=CARTESIAN_POINT('',(118.365965713777,8.64459797934983,-95.0892245323741));
#7759=CARTESIAN_POINT('',(118.481897406567,8.64459797934983,-95.4806336530581));
#7760=CARTESIAN_POINT('',(118.55346867942,8.64459797934983,-95.7432606390158));
#7761=CARTESIAN_POINT('',(118.750831843438,8.64459797934983,-96.5354618327076));
#7762=CARTESIAN_POINT('',(118.859261876634,8.64459797934983,-97.0693601148488));
#7763=CARTESIAN_POINT('',(119.113869686199,8.64459797934983,-98.6821982655309));
#7764=CARTESIAN_POINT('',(119.189182061647,8.64459797934983,-99.7722152200413));
#7765=CARTESIAN_POINT('',(119.148681460248,8.64459797934983,-101.948914836491));
#7766=CARTESIAN_POINT('',(119.032872610145,8.64459797934983,-103.035375707958));
#7767=CARTESIAN_POINT('',(118.649264006746,8.64459797934983,-104.990147085405));
#7768=CARTESIAN_POINT('',(118.410661136746,8.64459797934983,-105.864051182487));
#7769=CARTESIAN_POINT('',(118.110061232094,8.64459797934983,-106.716149303536));
#7770=CARTESIAN_POINT('',(122.232935735095,14.1857475640491,-90.9203410289266));
#7771=CARTESIAN_POINT('',(122.233302327377,14.1857475640491,-90.9214173869977));
#7772=CARTESIAN_POINT('',(122.233668919658,14.1857475640491,-90.9224937450689));
#7773=CARTESIAN_POINT('',(122.237671964409,14.1857475640491,-90.934247155454));
#7774=CARTESIAN_POINT('',(122.241308416878,14.1857475640491,-90.944924207768));
#7775=CARTESIAN_POINT('',(122.246763095582,14.1857475640491,-90.960939786239));
#7776=CARTESIAN_POINT('',(122.248581321817,14.1857475640491,-90.9662783123959));
#7777=CARTESIAN_POINT('',(122.252217774286,14.1857475640491,-90.9769553647099));
#7778=CARTESIAN_POINT('',(122.253491184264,14.1857475640491,-90.9816471055675));
#7779=CARTESIAN_POINT('',(122.257620111124,14.1857475640491,-90.9921051964934));
#7780=CARTESIAN_POINT('',(122.260198840554,14.1857475640491,-90.9975452739141));
#7781=CARTESIAN_POINT('',(122.264538359598,14.1857475640491,-91.0074603455817));
#7782=CARTESIAN_POINT('',(122.266706420715,14.1857475640491,-91.0124186193164));
#7783=CARTESIAN_POINT('',(122.273205507418,14.1857475640491,-91.0272956508711));
#7784=CARTESIAN_POINT('',(122.277531436375,14.1857475640491,-91.0372166190841));
#7785=CARTESIAN_POINT('',(122.290488825376,14.1857475640491,-91.0669883386555));
#7786=CARTESIAN_POINT('',(122.299099887578,14.1857475640491,-91.0868479050448));
#7787=CARTESIAN_POINT('',(122.324851392557,14.1857475640491,-91.1464616515167));
#7788=CARTESIAN_POINT('',(122.341910153668,14.1857475640491,-91.1862508792662));
#7789=CARTESIAN_POINT('',(122.392758992799,14.1857475640491,-91.3057570448273));
#7790=CARTESIAN_POINT('',(122.426221624863,14.1857475640491,-91.3856124683898));
#7791=CARTESIAN_POINT('',(122.525294064582,14.1857475640491,-91.6257189029231));
#7792=CARTESIAN_POINT('',(122.589588381386,14.1857475640491,-91.7865101252602));
#7793=CARTESIAN_POINT('',(122.777165168971,14.1857475640491,-92.2709326421053));
#7794=CARTESIAN_POINT('',(122.895140798752,14.1857475640491,-92.5966134293342));
#7795=CARTESIAN_POINT('',(123.227509060019,14.1857475640491,-93.5809322471687));
#7796=CARTESIAN_POINT('',(123.420329251507,14.1857475640491,-94.2468527628081));
#7797=CARTESIAN_POINT('',(123.91029660091,14.1857475640491,-96.2660682171053));
#7798=CARTESIAN_POINT('',(124.118711433245,14.1857475640491,-97.6407520426362));
#7799=CARTESIAN_POINT('',(124.292788745696,14.1857475640491,-100.405685968913));
#7800=CARTESIAN_POINT('',(124.258433488601,14.1857475640491,-101.795654342223));
#7801=CARTESIAN_POINT('',(123.974356504947,14.1857475640491,-104.314649844208));
#7802=CARTESIAN_POINT('',(123.762244940982,14.1857475640491,-105.447747429183));
#7803=CARTESIAN_POINT('',(123.469243167451,14.1857475640491,-106.559609330879));
#7804=CARTESIAN_POINT('',(127.36116123816,16.,-86.5996330859864));
#7805=CARTESIAN_POINT('',(127.361527830441,16.,-86.6007094440576));
#7806=CARTESIAN_POINT('',(127.361894422723,16.,-86.6017858021287));
#7807=CARTESIAN_POINT('',(127.365897467473,16.,-86.6135392125138));
#7808=CARTESIAN_POINT('',(127.369533919943,16.,-86.6242162648278));
#7809=CARTESIAN_POINT('',(127.374988598647,16.,-86.6402318432987));
#7810=CARTESIAN_POINT('',(127.376806824882,16.,-86.6455703694557));
#7811=CARTESIAN_POINT('',(127.380443277351,16.,-86.6562474217697));
#7812=CARTESIAN_POINT('',(127.381057218869,16.,-86.6601563999925));
#7813=CARTESIAN_POINT('',(127.386338430145,16.,-86.6719822063444));
#7814=CARTESIAN_POINT('',(127.390395269675,16.,-86.6791774251494));
#7815=CARTESIAN_POINT('',(127.396704510621,16.,-86.691433599036));
#7816=CARTESIAN_POINT('',(127.399857031235,16.,-86.6975627598098));
#7817=CARTESIAN_POINT('',(127.409308291407,16.,-86.7159534594764));
#7818=CARTESIAN_POINT('',(127.415600729324,16.,-86.7282182157668));
#7819=CARTESIAN_POINT('',(127.434452819943,16.,-86.7650253212746));
#7820=CARTESIAN_POINT('',(127.446987249561,16.,-86.7895805072512));
#7821=CARTESIAN_POINT('',(127.484489514314,16.,-86.8632971489181));
#7822=CARTESIAN_POINT('',(127.509356325329,16.,-86.9125096888096));
#7823=CARTESIAN_POINT('',(127.583551613151,16.,-87.0603495311545));
#7824=CARTESIAN_POINT('',(127.63247494278,16.,-87.159179060787));
#7825=CARTESIAN_POINT('',(127.777616030026,16.,-87.4564594971309));
#7826=CARTESIAN_POINT('',(127.872204846109,16.,-87.6557023144443));
#7827=CARTESIAN_POINT('',(128.149390385983,16.,-88.2564595838629));
#7828=CARTESIAN_POINT('',(128.325405390783,16.,-88.661003724893));
#7829=CARTESIAN_POINT('',(128.826628733499,16.,-89.8856100410031));
#7830=CARTESIAN_POINT('',(129.124998325286,16.,-90.716654877462));
#7831=CARTESIAN_POINT('',(129.909337184202,16.,-93.2441390867858));
#7832=CARTESIAN_POINT('',(130.284227406404,16.,-94.9748646371956));
#7833=CARTESIAN_POINT('',(130.726684001257,16.,-98.4755215422411));
#7834=CARTESIAN_POINT('',(130.794205290767,16.,-100.245096204413));
#7835=CARTESIAN_POINT('',(130.634615605009,16.,-103.469784398346));
#7836=CARTESIAN_POINT('',(130.455637542885,16.,-104.927063354255));
#7837=CARTESIAN_POINT('',(130.17213898868,16.,-106.363819909801));
#7838=CARTESIAN_POINT('',(127.384377543146,16.0082134137528,-86.5800725433976));
#7839=CARTESIAN_POINT('',(127.384744135427,16.0082134137528,-86.5811489014688));
#7840=CARTESIAN_POINT('',(127.385110727708,16.0082134137528,-86.5822252595399));
#7841=CARTESIAN_POINT('',(127.389113772459,16.0082134137528,-86.593978669925));
#7842=CARTESIAN_POINT('',(127.392750224928,16.0082134137528,-86.604655722239));
#7843=CARTESIAN_POINT('',(127.398204903633,16.0082134137528,-86.62067130071));
#7844=CARTESIAN_POINT('',(127.400023129867,16.0082134137528,-86.6260098268669));
#7845=CARTESIAN_POINT('',(127.403659582337,16.0082134137528,-86.6366868791809));
#7846=CARTESIAN_POINT('',(127.404270538334,16.0082134137528,-86.6405923137108));
#7847=CARTESIAN_POINT('',(127.409556966188,16.0082134137528,-86.6524243119313));
#7848=CARTESIAN_POINT('',(127.413620497362,16.0082134137528,-86.6596274765449));
#7849=CARTESIAN_POINT('',(127.419938655557,16.0082134137528,-86.6718942489793));
#7850=CARTESIAN_POINT('',(127.423095632977,16.0082134137528,-86.6780287105478));
#7851=CARTESIAN_POINT('',(127.432560258116,16.0082134137528,-86.6964353171573));
#7852=CARTESIAN_POINT('',(127.438861598736,16.0082134137528,-86.7087106841548));
#7853=CARTESIAN_POINT('',(127.457740375621,16.0082134137528,-86.7455496399908));
#7854=CARTESIAN_POINT('',(127.470292566957,16.0082134137528,-86.7701260837956));
#7855=CARTESIAN_POINT('',(127.507848029297,16.0082134137528,-86.8439065715464));
#7856=CARTESIAN_POINT('',(127.532750188615,16.0082134137528,-86.8931617722938));
#7857=CARTESIAN_POINT('',(127.60705116958,16.0082134137528,-87.0411298857689));
#7858=CARTESIAN_POINT('',(127.656044492284,16.0082134137528,-87.1400453142436));
#7859=CARTESIAN_POINT('',(127.801394139737,16.0082134137528,-87.4375845865265));
#7860=CARTESIAN_POINT('',(127.89612010391,16.0082134137528,-87.6370014804197));
#7861=CARTESIAN_POINT('',(128.173711317076,16.0082134137528,-88.2382854160496));
#7862=CARTESIAN_POINT('',(128.3499890755,16.0082134137528,-88.6431865842177));
#7863=CARTESIAN_POINT('',(128.851976852437,16.0082134137528,-89.8688807206354));
#7864=CARTESIAN_POINT('',(129.150824283403,16.0082134137528,-90.7006731015598));
#7865=CARTESIAN_POINT('',(129.93649580968,16.0082134137528,-93.2304583256155));
#7866=CARTESIAN_POINT('',(130.312139692855,16.0082134137528,-94.9627957344094));
#7867=CARTESIAN_POINT('',(130.755811284059,16.0082134137528,-98.4667833761882));
#7868=CARTESIAN_POINT('',(130.823793785146,16.0082134137528,-100.238076577331));
#7869=CARTESIAN_POINT('',(130.664767673489,16.0082134137528,-103.465959556039));
#7870=CARTESIAN_POINT('',(130.485939612079,16.0082134137528,-104.924706133365));
#7871=CARTESIAN_POINT('',(130.202484080483,16.0082134137528,-106.362933539475));
#7872=CARTESIAN_POINT('',(127.407593848131,16.0164268275055,-86.5605120008089));
#7873=CARTESIAN_POINT('',(127.407960440413,16.0164268275055,-86.56158835888));
#7874=CARTESIAN_POINT('',(127.408327032694,16.0164268275055,-86.5626647169511));
#7875=CARTESIAN_POINT('',(127.412330077445,16.0164268275055,-86.5744181273363));
#7876=CARTESIAN_POINT('',(127.415966529914,16.0164268275055,-86.5850951796502));
#7877=CARTESIAN_POINT('',(127.421421208618,16.0164268275055,-86.6011107581212));
#7878=CARTESIAN_POINT('',(127.423239434853,16.0164268275055,-86.6064492842782));
#7879=CARTESIAN_POINT('',(127.426875887322,16.0164268275055,-86.6171263365922));
#7880=CARTESIAN_POINT('',(127.4274838578,16.0164268275055,-86.6210282274292));
#7881=CARTESIAN_POINT('',(127.432775502231,16.0164268275055,-86.6328664175183));
#7882=CARTESIAN_POINT('',(127.436845725048,16.0164268275055,-86.6400775279403));
#7883=CARTESIAN_POINT('',(127.443172800492,16.0164268275055,-86.6523548989225));
#7884=CARTESIAN_POINT('',(127.44633423472,16.0164268275055,-86.6584946612857));
#7885=CARTESIAN_POINT('',(127.455812224824,16.0164268275055,-86.6769171748382));
#7886=CARTESIAN_POINT('',(127.462122468148,16.0164268275055,-86.6892031525428));
#7887=CARTESIAN_POINT('',(127.4810279313,16.0164268275055,-86.7260739587071));
#7888=CARTESIAN_POINT('',(127.493597884353,16.0164268275055,-86.75067166034));
#7889=CARTESIAN_POINT('',(127.53120654428,16.0164268275055,-86.8245159941748));
#7890=CARTESIAN_POINT('',(127.556144051901,16.0164268275055,-86.8738138557779));
#7891=CARTESIAN_POINT('',(127.63055072601,16.0164268275055,-87.0219102403834));
#7892=CARTESIAN_POINT('',(127.679614041788,16.0164268275055,-87.1209115677003));
#7893=CARTESIAN_POINT('',(127.825172249448,16.0164268275055,-87.4187096759221));
#7894=CARTESIAN_POINT('',(127.920035361711,16.0164268275055,-87.6183006463952));
#7895=CARTESIAN_POINT('',(128.198032248169,16.0164268275055,-88.2201112482363));
#7896=CARTESIAN_POINT('',(128.374572760216,16.0164268275055,-88.6253694435423));
#7897=CARTESIAN_POINT('',(128.877324971374,16.0164268275055,-89.8521514002676));
#7898=CARTESIAN_POINT('',(129.176650241521,16.0164268275055,-90.6846913256575));
#7899=CARTESIAN_POINT('',(129.963654435158,16.0164268275055,-93.2167775644453));
#7900=CARTESIAN_POINT('',(130.340051979306,16.0164268275055,-94.9507268316231));
#7901=CARTESIAN_POINT('',(130.784938566861,16.0164268275055,-98.4580452101354));
#7902=CARTESIAN_POINT('',(130.853382279526,16.0164268275055,-100.231056950248));
#7903=CARTESIAN_POINT('',(130.694919741969,16.0164268275055,-103.462134713732));
#7904=CARTESIAN_POINT('',(130.516241681273,16.0164268275055,-104.922348912475));
#7905=CARTESIAN_POINT('',(130.232829172285,16.0164268275055,-106.362047169149));
#7906=CARTESIAN_POINT('',(127.430810153117,16.0246402412583,-86.5409514582201));
#7907=CARTESIAN_POINT('',(127.431176745398,16.0246402412583,-86.5420278162912));
#7908=CARTESIAN_POINT('',(127.43154333768,16.0246402412583,-86.5431041743624));
#7909=CARTESIAN_POINT('',(127.435546382431,16.0246402412583,-86.5548575847475));
#7910=CARTESIAN_POINT('',(127.4391828349,16.0246402412583,-86.5655346370615));
#7911=CARTESIAN_POINT('',(127.444637513604,16.0246402412583,-86.5815502155324));
#7912=CARTESIAN_POINT('',(127.446455739839,16.0246402412583,-86.5868887416894));
#7913=CARTESIAN_POINT('',(127.450092192308,16.0246402412583,-86.5975657940034));
#7914=CARTESIAN_POINT('',(127.450697177265,16.0246402412583,-86.6014641411476));
#7915=CARTESIAN_POINT('',(127.455994038274,16.0246402412583,-86.6133085231053));
#7916=CARTESIAN_POINT('',(127.460070952734,16.0246402412583,-86.6205275793358));
#7917=CARTESIAN_POINT('',(127.466406945427,16.0246402412583,-86.6328155488658));
#7918=CARTESIAN_POINT('',(127.469572836462,16.0246402412583,-86.6389606120237));
#7919=CARTESIAN_POINT('',(127.479064191533,16.0246402412583,-86.6573990325191));
#7920=CARTESIAN_POINT('',(127.48538333756,16.0246402412583,-86.6696956209309));
#7921=CARTESIAN_POINT('',(127.504315486978,16.0246402412583,-86.7065982774234));
#7922=CARTESIAN_POINT('',(127.516903201749,16.0246402412583,-86.7312172368844));
#7923=CARTESIAN_POINT('',(127.554565059264,16.0246402412583,-86.8051254168032));
#7924=CARTESIAN_POINT('',(127.579537915187,16.0246402412583,-86.8544659392621));
#7925=CARTESIAN_POINT('',(127.654050282439,16.0246402412583,-87.0026905949978));
#7926=CARTESIAN_POINT('',(127.703183591292,16.0246402412583,-87.1017778211569));
#7927=CARTESIAN_POINT('',(127.848950359158,16.0246402412583,-87.3998347653177));
#7928=CARTESIAN_POINT('',(127.943950619512,16.0246402412583,-87.5995998123706));
#7929=CARTESIAN_POINT('',(128.222353179262,16.0246402412583,-88.201937080423));
#7930=CARTESIAN_POINT('',(128.399156444932,16.0246402412583,-88.6075523028669));
#7931=CARTESIAN_POINT('',(128.902673090312,16.0246402412583,-89.8354220798999));
#7932=CARTESIAN_POINT('',(129.202476199638,16.0246402412583,-90.6687095497553));
#7933=CARTESIAN_POINT('',(129.990813060635,16.0246402412583,-93.203096803275));
#7934=CARTESIAN_POINT('',(130.367964265757,16.0246402412583,-94.9386579288369));
#7935=CARTESIAN_POINT('',(130.814065849663,16.0246402412583,-98.4493070440826));
#7936=CARTESIAN_POINT('',(130.882970773906,16.0246402412583,-100.224037323166));
#7937=CARTESIAN_POINT('',(130.72507181045,16.0246402412583,-103.458309871425));
#7938=CARTESIAN_POINT('',(130.546543750466,16.0246402412583,-104.919991691585));
#7939=CARTESIAN_POINT('',(130.263174264087,16.0246402412583,-106.361160798822));
#7940=CARTESIAN_POINT('',(130.30500496929,16.,-95.3827312322425));
#7941=CARTESIAN_POINT('',(130.615668303529,16.,-97.1850134543146));
#7942=CARTESIAN_POINT('',(130.906280852875,16.,-100.799449075951));
#7943=CARTESIAN_POINT('',(130.541581933908,16.,-104.452503716599));
#7944=CARTESIAN_POINT('',(130.195304276665,16.,-106.245169646728));
#7945=CARTESIAN_POINT('',(130.305027742704,16.,-95.3827273067394));
#7946=CARTESIAN_POINT('',(130.19595169463,15.9980741488189,-106.245272913657));
#7947=CARTESIAN_POINT('',(130.195532753576,16.0000622774026,-106.245170200494));
#7948=CARTESIAN_POINT('',(129.652086969342,15.8519782752286,-106.244735815345));
#7949=CARTESIAN_POINT('',(128.457985031761,15.4677469550157,-106.242671190839));
#7950=CARTESIAN_POINT('',(126.695738272364,14.6412925218389,-106.242091655306));
#7951=CARTESIAN_POINT('',(125.156090306548,13.670374277201,-106.245170136627));
#7952=CARTESIAN_POINT('',(123.954473541479,12.7556435337579,-106.249401516694));
#7953=CARTESIAN_POINT('',(122.940205138581,11.8175927443377,-106.254278628322));
#7954=CARTESIAN_POINT('',(122.233463907331,11.0465822501953,-106.25796027436));
#7955=CARTESIAN_POINT('',(121.844285804287,10.586000561223,-106.259984143356));
#7956=CARTESIAN_POINT('',(121.530888420162,10.1905885511112,-106.261536248796));
#7957=CARTESIAN_POINT('',(121.318476636199,9.90729626647616,-106.262640717563));
#7958=CARTESIAN_POINT('',(121.014247512348,9.48434448489531,-106.264452602057));
#7959=CARTESIAN_POINT('',(120.52690636308,8.75207135227309,-106.2678007002));
#7960=CARTESIAN_POINT('',(119.910078035708,7.6731909333321,-106.272925836079));
#7961=CARTESIAN_POINT('',(119.312695669864,6.37298171632478,-106.278367404349));
#7962=CARTESIAN_POINT('',(118.692961930977,4.65821446809287,-106.283860440574));
#7963=CARTESIAN_POINT('',(118.228058590843,2.61156389742466,-106.286688405201));
#7964=CARTESIAN_POINT('',(118.107500951214,1.16813294929178,-106.286387228699));
#7965=CARTESIAN_POINT('',(118.087573020604,0.507341240910052,-106.286635776306));
#7966=CARTESIAN_POINT('',(118.025314044224,0.499802635810473,-94.5554610461244));
#7967=CARTESIAN_POINT('',(118.072215569768,2.25511530964583,-94.5401452660486));
#7968=CARTESIAN_POINT('',(118.672930398539,5.76538424128294,-94.368115858099));
#7969=CARTESIAN_POINT('',(120.760515029282,10.4559056851757,-92.8643269677569));
#7970=CARTESIAN_POINT('',(123.85678236814,14.0735024721277,-90.4381918719526));
#7971=CARTESIAN_POINT('',(126.401420498436,15.5394364595585,-88.4247521211584));
#7972=CARTESIAN_POINT('',(127.734095975949,16.,-87.3678810892886));
#7973=CARTESIAN_POINT('',(127.734095975949,16.,-87.3678810892887));
#7974=CARTESIAN_POINT('',(130.305083893886,16.,-95.3819912707883));
#7975=CARTESIAN_POINT('',(129.827633012707,16.,-92.6105402715217));
#7976=CARTESIAN_POINT('',(128.959825301259,16.,-89.90433753283));
#7977=CARTESIAN_POINT('',(127.734095977928,16.,-87.3678810803825));
#7978=CARTESIAN_POINT('',(113.467475400032,11.9999999999999,-49.8410054767257));
#7979=CARTESIAN_POINT('',(112.091759087898,11.9999999999999,-45.2599254237928));
#7980=CARTESIAN_POINT('',(111.994312569077,10.9231351677344,-50.2857981564639));
#7981=CARTESIAN_POINT('',(110.618596256943,10.9231351677344,-45.7047181035309));
#7982=CARTESIAN_POINT('',(110.743794195917,9.57356777064441,-50.6633677004221));
#7983=CARTESIAN_POINT('',(109.368077883782,9.57356777064441,-46.0822876474892));
#7984=CARTESIAN_POINT('',(109.761456300187,8.00044057129459,-50.9599653988359));
#7985=CARTESIAN_POINT('',(108.385739988053,8.00044057129459,-46.3788853459029));
#7986=CARTESIAN_POINT('',(109.755601838228,7.99106516861036,-50.9617330390236));
#7987=CARTESIAN_POINT('',(108.379885526094,7.99106516861036,-46.3806529860906));
#7988=CARTESIAN_POINT('',(109.74974737627,7.98168976592612,-50.9635006792112));
#7989=CARTESIAN_POINT('',(108.374031064136,7.98168976592612,-46.3824206262782));
#7990=CARTESIAN_POINT('',(109.743892914312,7.97231436324188,-50.9652683193988));
#7991=CARTESIAN_POINT('',(108.368176602177,7.97231436324188,-46.3841882664659));
#7992=CARTESIAN_POINT('',(112.729949820486,11.9999999999999,-47.3850749253579));
#7993=CARTESIAN_POINT('',(111.589704483671,10.9622826843866,-48.743966401946));
#7994=CARTESIAN_POINT('',(110.565944028924,9.62079019614426,-49.9640366018465));
#7995=CARTESIAN_POINT('',(109.75316504437,8.00030254828216,-50.9326688766734));
#7996=CARTESIAN_POINT('',(109.753233424614,8.00022028564729,-50.9325886320227));
#7997=CARTESIAN_POINT('',(108.385739988053,8.,-46.3788853459029));
#7998=CARTESIAN_POINT('',(108.841571599885,8.,-47.8967863012408));
#7999=CARTESIAN_POINT('',(109.297403211718,8.,-49.4146872565788));
#8000=CARTESIAN_POINT('',(109.75323482355,8.,-50.9325882119167));
#8001=CARTESIAN_POINT('',(108.38498107018,8.00022022833827,-46.3763576346889));
#8002=CARTESIAN_POINT('',(120.133637539763,-0.00428476165707271,-42.8318376445108));
#8003=CARTESIAN_POINT('',(120.033802169033,4.19945922291438,-88.0493256486384));
#8004=CARTESIAN_POINT('',(120.296300281182,4.19945922284486,-91.2340223515491));
#8005=CARTESIAN_POINT('',(120.558798393331,4.19945922277534,-94.4187190544599));
#8006=CARTESIAN_POINT('',(120.82129650548,4.19945922270582,-97.6034157573707));
#8007=CARTESIAN_POINT('',(120.826876820155,4.19945922270434,-97.6711176147362));
#8008=CARTESIAN_POINT('',(120.832457134831,4.19945922270286,-97.7388194721018));
#8009=CARTESIAN_POINT('',(120.838037449506,4.19945922270138,-97.8065213294674));
#8010=CARTESIAN_POINT('',(120.842493207309,4.1994592227002,-97.8605797646588));
#8011=CARTESIAN_POINT('',(120.846948965111,4.19945922269902,-97.9146381998502));
#8012=CARTESIAN_POINT('',(120.851404722914,4.19945922269783,-97.9686966350416));
#8013=CARTESIAN_POINT('',(120.855544637321,4.19945922269674,-98.0189231744009));
#8014=CARTESIAN_POINT('',(120.859684551728,4.19945922269564,-98.0691497137603));
#8015=CARTESIAN_POINT('',(120.863824466135,4.19945922269454,-98.1193762531197));
#8016=CARTESIAN_POINT('',(120.880225635044,4.19945922269018,-98.3183595834051));
#8017=CARTESIAN_POINT('',(120.896626803953,4.19945922268582,-98.5173429136905));
#8018=CARTESIAN_POINT('',(120.913027972862,4.19945922268146,-98.7163262439759));
#8019=CARTESIAN_POINT('',(120.959382667393,4.19945922266914,-99.278713689852));
#8020=CARTESIAN_POINT('',(120.981160782485,4.19945922267908,-99.8413925791692));
#8021=CARTESIAN_POINT('',(120.974665041514,4.19945922267908,-101.190928081765));
#8022=CARTESIAN_POINT('',(120.923460378659,4.19945922268077,-101.978844746593));
#8023=CARTESIAN_POINT('',(120.729572667027,4.19945922268077,-103.553687566028));
#8024=CARTESIAN_POINT('',(120.588148474896,4.19945922267893,-104.342579518499));
#8025=CARTESIAN_POINT('',(120.308308982454,4.19945922268169,-105.525901577232));
#8026=CARTESIAN_POINT('',(120.203848368274,4.19945922268447,-105.920482450003));
#8027=CARTESIAN_POINT('',(120.0304534757,4.19945922267894,-106.5127303629));
#8028=CARTESIAN_POINT('',(119.96987238741,4.19945922268332,-106.710224405484));
#8029=CARTESIAN_POINT('',(119.880456802956,4.19945922267972,-106.988992835412));
#8030=CARTESIAN_POINT('',(119.853937341842,4.1994592226801,-107.070218606427));
#8031=CARTESIAN_POINT('',(119.826947351076,4.19945922268077,-107.151455801453));
#8032=CARTESIAN_POINT('',(118.767142192703,4.19945922270713,-110.341364204357));
#8033=CARTESIAN_POINT('',(117.70733703433,4.19945922273349,-113.531272607261));
#8034=CARTESIAN_POINT('',(116.647531875957,4.19945922275985,-116.721181010164));
#8035=CARTESIAN_POINT('',(120.675983407559,5.61667307073317,-87.2174728657182));
#8036=CARTESIAN_POINT('',(120.99899253821,5.6166730706782,-90.5386320041848));
#8037=CARTESIAN_POINT('',(121.322001668861,5.61667307062323,-93.8597911426514));
#8038=CARTESIAN_POINT('',(121.645010799513,5.61667307056826,-97.180950281118));
#8039=CARTESIAN_POINT('',(121.651877487343,5.61667307056709,-97.2515531244203));
#8040=CARTESIAN_POINT('',(121.658744175172,5.61667307056592,-97.3221559677226));
#8041=CARTESIAN_POINT('',(121.665610863002,5.61667307056475,-97.3927588110248));
#8042=CARTESIAN_POINT('',(121.671093761307,5.61667307056382,-97.4491336193018));
#8043=CARTESIAN_POINT('',(121.676576659613,5.61667307056288,-97.5055084275789));
#8044=CARTESIAN_POINT('',(121.682059557918,5.61667307056195,-97.5618832358559));
#8045=CARTESIAN_POINT('',(121.687153804664,5.61667307056108,-97.6142619537522));
#8046=CARTESIAN_POINT('',(121.692248051409,5.61667307056021,-97.6666406716484));
#8047=CARTESIAN_POINT('',(121.697342298155,5.61667307055935,-97.7190193895447));
#8048=CARTESIAN_POINT('',(121.717524261627,5.6166730705559,-97.9265290419319));
#8049=CARTESIAN_POINT('',(121.7377062251,5.61667307055246,-98.1340386943191));
#8050=CARTESIAN_POINT('',(121.757888188572,5.61667307054901,-98.3415483467063));
#8051=CARTESIAN_POINT('',(121.814928559109,5.61667307053928,-98.9280337735674));
#8052=CARTESIAN_POINT('',(121.846387592092,5.61667307054683,-99.5153058905988));
#8053=CARTESIAN_POINT('',(121.860640765604,5.61667307054683,-100.925074753486));
#8054=CARTESIAN_POINT('',(121.819404617858,5.61667307054837,-101.748898766381));
#8055=CARTESIAN_POINT('',(121.640915080587,5.61667307054837,-103.395427440871));
#8056=CARTESIAN_POINT('',(121.504884147956,5.61667307054653,-104.219759781536));
#8057=CARTESIAN_POINT('',(121.230062457297,5.61667307054929,-105.455700303595));
#8058=CARTESIAN_POINT('',(121.126755000602,5.61667307055161,-105.867687802441));
#8059=CARTESIAN_POINT('',(120.954354786683,5.61667307054676,-106.485752749874));
#8060=CARTESIAN_POINT('',(120.893982844542,5.61667307055069,-106.691801750948));
#8061=CARTESIAN_POINT('',(120.804696037618,5.61667307054741,-106.98256576556));
#8062=CARTESIAN_POINT('',(120.778194178113,5.6166730705477,-107.067276633294));
#8063=CARTESIAN_POINT('',(120.751202170763,5.61667307054837,-107.151989334267));
#8064=CARTESIAN_POINT('',(119.691317827985,5.61667307057473,-110.478369037343));
#8065=CARTESIAN_POINT('',(118.631433485208,5.61667307060109,-113.804748740418));
#8066=CARTESIAN_POINT('',(117.57154914243,5.61667307062745,-117.131128443494));
#8067=CARTESIAN_POINT('',(121.318164646084,7.03388691855196,-86.385620082798));
#8068=CARTESIAN_POINT('',(121.701684795238,7.03388691851154,-89.8432416568204));
#8069=CARTESIAN_POINT('',(122.085204944392,7.03388691847112,-93.3008632308429));
#8070=CARTESIAN_POINT('',(122.468725093546,7.03388691843071,-96.7584848048654));
#8071=CARTESIAN_POINT('',(122.47687815453,7.03388691842985,-96.8319886341043));
#8072=CARTESIAN_POINT('',(122.485031215514,7.03388691842899,-96.9054924633433));
#8073=CARTESIAN_POINT('',(122.493184276498,7.03388691842812,-96.9789962925823));
#8074=CARTESIAN_POINT('',(122.499694315306,7.03388691842744,-97.0376874739449));
#8075=CARTESIAN_POINT('',(122.506204354114,7.03388691842675,-97.0963786553076));
#8076=CARTESIAN_POINT('',(122.512714392922,7.03388691842606,-97.1550698366703));
#8077=CARTESIAN_POINT('',(122.518762972006,7.03388691842543,-97.2096007331034));
#8078=CARTESIAN_POINT('',(122.52481155109,7.03388691842479,-97.2641316295365));
#8079=CARTESIAN_POINT('',(122.530860130175,7.03388691842415,-97.3186625259697));
#8080=CARTESIAN_POINT('',(122.554822888211,7.03388691842162,-97.5346985004587));
#8081=CARTESIAN_POINT('',(122.578785646247,7.03388691841909,-97.7507344749476));
#8082=CARTESIAN_POINT('',(122.602748404283,7.03388691841656,-97.9667704494366));
#8083=CARTESIAN_POINT('',(122.670474450825,7.03388691840941,-98.5773538572827));
#8084=CARTESIAN_POINT('',(122.711614401698,7.03388691841458,-99.1892192020285));
#8085=CARTESIAN_POINT('',(122.746616489694,7.03388691841458,-100.659221425206));
#8086=CARTESIAN_POINT('',(122.715348857056,7.03388691841597,-101.518952786168));
#8087=CARTESIAN_POINT('',(122.552257494148,7.03388691841597,-103.237167315713));
#8088=CARTESIAN_POINT('',(122.421619821016,7.03388691841412,-104.096940044574));
#8089=CARTESIAN_POINT('',(122.151815932141,7.03388691841689,-105.385499029957));
#8090=CARTESIAN_POINT('',(122.049661632929,7.03388691841875,-105.814893154878));
#8091=CARTESIAN_POINT('',(121.878256097667,7.03388691841459,-106.458775136849));
#8092=CARTESIAN_POINT('',(121.818093301674,7.03388691841806,-106.673379096413));
#8093=CARTESIAN_POINT('',(121.72893527228,7.0338869184151,-106.976138695708));
#8094=CARTESIAN_POINT('',(121.702451014384,7.03388691841529,-107.06433466016));
#8095=CARTESIAN_POINT('',(121.67545699045,7.03388691841597,-107.152522867082));
#8096=CARTESIAN_POINT('',(120.615493463267,7.03388691844233,-110.615373870329));
#8097=CARTESIAN_POINT('',(119.555529936085,7.03388691846869,-114.078224873576));
#8098=CARTESIAN_POINT('',(118.495566408903,7.03388691849505,-117.541075876823));
#8099=CARTESIAN_POINT('',(121.960345884609,8.45110076637075,-85.5537672998778));
#8100=CARTESIAN_POINT('',(122.404377052266,8.45110076634488,-89.1478513094561));
#8101=CARTESIAN_POINT('',(122.848408219922,8.45110076631902,-92.7419353190344));
#8102=CARTESIAN_POINT('',(123.292439387579,8.45110076629315,-96.3360193286128));
#8103=CARTESIAN_POINT('',(123.301878821717,8.4511007662926,-96.4124241437884));
#8104=CARTESIAN_POINT('',(123.311318255856,8.45110076629205,-96.488828958964));
#8105=CARTESIAN_POINT('',(123.320757689994,8.4511007662915,-96.5652337741397));
#8106=CARTESIAN_POINT('',(123.328294869305,8.45110076629106,-96.626241328588));
#8107=CARTESIAN_POINT('',(123.335832048616,8.45110076629062,-96.6872488830363));
#8108=CARTESIAN_POINT('',(123.343369227926,8.45110076629018,-96.7482564374847));
#8109=CARTESIAN_POINT('',(123.350372139349,8.45110076628977,-96.8049395124547));
#8110=CARTESIAN_POINT('',(123.357375050772,8.45110076628936,-96.8616225874247));
#8111=CARTESIAN_POINT('',(123.364377962195,8.45110076628896,-96.9183056623947));
#8112=CARTESIAN_POINT('',(123.392121514794,8.45110076628734,-97.1428679589854));
#8113=CARTESIAN_POINT('',(123.419865067394,8.45110076628572,-97.3674302555762));
#8114=CARTESIAN_POINT('',(123.447608619993,8.45110076628411,-97.591992552167));
#8115=CARTESIAN_POINT('',(123.526020342541,8.45110076627954,-98.2266739409981));
#8116=CARTESIAN_POINT('',(123.576841211304,8.45110076628233,-98.8631325134581));
#8117=CARTESIAN_POINT('',(123.632592213785,8.45110076628233,-100.393368096926));
#8118=CARTESIAN_POINT('',(123.611293096255,8.45110076628356,-101.289006805956));
#8119=CARTESIAN_POINT('',(123.463599907709,8.45110076628356,-103.078907190555));
#8120=CARTESIAN_POINT('',(123.338355494076,8.45110076628172,-103.974120307611));
#8121=CARTESIAN_POINT('',(123.073569406984,8.45110076628449,-105.31529775632));
#8122=CARTESIAN_POINT('',(122.972568265257,8.45110076628589,-105.762098507316));
#8123=CARTESIAN_POINT('',(122.80215740865,8.45110076628241,-106.431797523823));
#8124=CARTESIAN_POINT('',(122.742203758805,8.45110076628542,-106.654956441877));
#8125=CARTESIAN_POINT('',(122.653174506942,8.4511007662828,-106.969711625856));
#8126=CARTESIAN_POINT('',(122.626707850656,8.45110076628289,-107.061392687027));
#8127=CARTESIAN_POINT('',(122.599711810137,8.45110076628356,-107.153056399896));
#8128=CARTESIAN_POINT('',(121.53966909855,8.45110076630992,-110.752378703315));
#8129=CARTESIAN_POINT('',(120.479626386963,8.45110076633629,-114.351701006733));
#8130=CARTESIAN_POINT('',(119.419583675376,8.45110076636265,-117.951023310152));
#8131=CARTESIAN_POINT('',(122.608638762659,9.88180223987321,-84.7139977731456));
#8132=CARTESIAN_POINT('',(123.113756832244,9.88180223986203,-88.4458429314228));
#8133=CARTESIAN_POINT('',(123.61887490183,9.88180223985085,-92.1776880897001));
#8134=CARTESIAN_POINT('',(124.123992971416,9.88180223983967,-95.9095332479773));
#8135=CARTESIAN_POINT('',(124.134731021124,9.88180223983943,-95.9888666577758));
#8136=CARTESIAN_POINT('',(124.145469070831,9.8818022398392,-96.0682000675744));
#8137=CARTESIAN_POINT('',(124.156207120539,9.88180223983896,-96.1475334773729));
#8138=CARTESIAN_POINT('',(124.16478121565,9.88180223983877,-96.210879449832));
#8139=CARTESIAN_POINT('',(124.17335531076,9.88180223983858,-96.2742254222911));
#8140=CARTESIAN_POINT('',(124.181929405871,9.88180223983839,-96.3375713947501));
#8141=CARTESIAN_POINT('',(124.189895732014,9.88180223983822,-96.3964271305424));
#8142=CARTESIAN_POINT('',(124.197862058157,9.88180223983804,-96.4552828663347));
#8143=CARTESIAN_POINT('',(124.205828384301,9.88180223983787,-96.514138602127));
#8144=CARTESIAN_POINT('',(124.237388713289,9.88180223983717,-96.747308365836));
#8145=CARTESIAN_POINT('',(124.268949042278,9.88180223983648,-96.980478129545));
#8146=CARTESIAN_POINT('',(124.300509371267,9.88180223983579,-97.213647893254));
#8147=CARTESIAN_POINT('',(124.38970846541,9.88180223983383,-97.8726566035805));
#8148=CARTESIAN_POINT('',(124.45030238537,9.88180223983421,-98.5339424575289));
#8149=CARTESIAN_POINT('',(124.526999769775,9.88180223983421,-100.124984642241));
#8150=CARTESIAN_POINT('',(124.515764037722,9.8818022398353,-101.056872429607));
#8151=CARTESIAN_POINT('',(124.38361556798,9.8818022398353,-102.91914090362));
#8152=CARTESIAN_POINT('',(124.263815741503,9.88180223983345,-103.850131695082));
#8153=CARTESIAN_POINT('',(124.00409521062,9.88180223983621,-105.244428377087));
#8154=CARTESIAN_POINT('',(123.904258200977,9.88180223983715,-105.708801413037));
#8155=CARTESIAN_POINT('',(123.734851489384,9.88180223983437,-106.404563164826));
#8156=CARTESIAN_POINT('',(123.675108976132,9.88180223983692,-106.636358458919));
#8157=CARTESIAN_POINT('',(123.586209727375,9.88180223983462,-106.963223389574));
#8158=CARTESIAN_POINT('',(123.559760840212,9.88180223983462,-107.058422715132));
#8159=CARTESIAN_POINT('',(123.532762763917,9.88180223983529,-107.153595010343));
#8160=CARTESIAN_POINT('',(122.472640114327,9.88180223986165,-110.89068741144));
#8161=CARTESIAN_POINT('',(121.412517464738,9.88180223988801,-114.627779812538));
#8162=CARTESIAN_POINT('',(120.352394815148,9.88180223991438,-118.364872213636));
#8163=CARTESIAN_POINT('',(123.41433815454,11.1359148474981,-83.6703192468157));
#8164=CARTESIAN_POINT('',(123.995378250951,11.1359148474721,-87.5733762660444));
#8165=CARTESIAN_POINT('',(124.576418347362,11.1359148474462,-91.4764332852732));
#8166=CARTESIAN_POINT('',(125.157458443773,11.1359148474202,-95.3794903045019));
#8167=CARTESIAN_POINT('',(125.169810481471,11.1359148474197,-95.462463420706));
#8168=CARTESIAN_POINT('',(125.182162519169,11.1359148474191,-95.5454365369102));
#8169=CARTESIAN_POINT('',(125.194514556867,11.1359148474186,-95.6284096531143));
#8170=CARTESIAN_POINT('',(125.204377385678,11.1359148474182,-95.6946618506091));
#8171=CARTESIAN_POINT('',(125.214240214488,11.1359148474177,-95.760914048104));
#8172=CARTESIAN_POINT('',(125.224103043299,11.1359148474173,-95.8271662455988));
#8173=CARTESIAN_POINT('',(125.233266752121,11.1359148474169,-95.8887222006192));
#8174=CARTESIAN_POINT('',(125.242430460943,11.1359148474165,-95.9502781556396));
#8175=CARTESIAN_POINT('',(125.251594169765,11.135914847416,-96.01183411066));
#8176=CARTESIAN_POINT('',(125.287898189958,11.1359148474144,-96.2557013785443));
#8177=CARTESIAN_POINT('',(125.324202210152,11.1359148474128,-96.4995686464287));
#8178=CARTESIAN_POINT('',(125.360506230345,11.1359148474112,-96.7434359143131));
#8179=CARTESIAN_POINT('',(125.46311243943,11.1359148474066,-97.4326790268973));
#8180=CARTESIAN_POINT('',(125.535852022482,11.1359148474099,-98.1248204995472));
#8181=CARTESIAN_POINT('',(125.638581860266,11.1359148474099,-99.7914339699388));
#8182=CARTESIAN_POINT('',(125.639853042959,11.1359148474108,-100.768372613592));
#8183=CARTESIAN_POINT('',(125.527023764949,11.1359148474108,-102.720581150826));
#8184=CARTESIAN_POINT('',(125.413990546741,11.1359148474089,-103.696036931256));
#8185=CARTESIAN_POINT('',(125.160565559211,11.1359148474117,-105.156350931636));
#8186=CARTESIAN_POINT('',(125.062175349039,11.1359148474126,-105.64256304656));
#8187=CARTESIAN_POINT('',(124.894016602773,11.1359148474098,-106.3707159265));
#8188=CARTESIAN_POINT('',(124.834536493001,11.1359148474122,-106.613244628274));
#8189=CARTESIAN_POINT('',(124.745798813901,11.1359148474102,-106.955159719715));
#8190=CARTESIAN_POINT('',(124.719372009591,11.1359148474101,-107.054731592345));
#8191=CARTESIAN_POINT('',(124.692371404066,11.1359148474108,-107.154264402861));
#8192=CARTESIAN_POINT('',(123.632149440205,11.1359148474371,-111.062579412113));
#8193=CARTESIAN_POINT('',(122.571927476344,11.1359148474635,-114.970894421365));
#8194=CARTESIAN_POINT('',(121.511705512482,11.1359148474899,-118.879209430617));
#8195=CARTESIAN_POINT('',(124.354654015846,12.1779699708991,-82.4522486993793));
#8196=CARTESIAN_POINT('',(125.024305057888,12.1779699708879,-86.5551261569651));
#8197=CARTESIAN_POINT('',(125.69395609993,12.1779699708767,-90.658003614551));
#8198=CARTESIAN_POINT('',(126.363607141972,12.1779699708655,-94.7608810721369));
#8199=CARTESIAN_POINT('',(126.377842914971,12.1779699708653,-94.8481020700322));
#8200=CARTESIAN_POINT('',(126.39207868797,12.1779699708651,-94.9353230679276));
#8201=CARTESIAN_POINT('',(126.406314460969,12.1779699708648,-95.0225440658229));
#8202=CARTESIAN_POINT('',(126.41768141074,12.1779699708646,-95.0921881028631));
#8203=CARTESIAN_POINT('',(126.429048360511,12.1779699708644,-95.1618321399032));
#8204=CARTESIAN_POINT('',(126.440415310281,12.1779699708643,-95.2314761769434));
#8205=CARTESIAN_POINT('',(126.45097652146,12.1779699708641,-95.2961835432434));
#8206=CARTESIAN_POINT('',(126.461537732639,12.1779699708639,-95.3608909095435));
#8207=CARTESIAN_POINT('',(126.472098943818,12.1779699708637,-95.4255982758436));
#8208=CARTESIAN_POINT('',(126.51393947273,12.177969970863,-95.6819505430835));
#8209=CARTESIAN_POINT('',(126.555780001642,12.1779699708623,-95.9383028103233));
#8210=CARTESIAN_POINT('',(126.597620530554,12.1779699708617,-96.1946550775632));
#8211=CARTESIAN_POINT('',(126.715874598145,12.1779699708597,-96.9191845977537));
#8212=CARTESIAN_POINT('',(126.802788776255,12.1779699708606,-97.6473373632402));
#8213=CARTESIAN_POINT('',(126.935900893087,12.1779699708606,-99.4021495083695));
#8214=CARTESIAN_POINT('',(126.951768801188,12.1779699708613,-100.431666664941));
#8215=CARTESIAN_POINT('',(126.861486805401,12.1779699708613,-102.488843568286));
#8216=CARTESIAN_POINT('',(126.756350844411,12.1779699708595,-103.516194100325));
#8217=CARTESIAN_POINT('',(126.510273337839,12.1779699708622,-105.053556412613));
#8218=CARTESIAN_POINT('',(126.413571676365,12.1779699708627,-105.565256751079));
#8219=CARTESIAN_POINT('',(126.246869420959,12.1779699708606,-106.33121307119));
#8220=CARTESIAN_POINT('',(126.187695560302,12.1779699708625,-106.586268651721));
#8221=CARTESIAN_POINT('',(126.099146447928,12.1779699708608,-106.945748671738));
#8222=CARTESIAN_POINT('',(126.07274541526,12.1779699708606,-107.050423710205));
#8223=CARTESIAN_POINT('',(126.045741858977,12.1779699708613,-107.155045645795));
#8224=CARTESIAN_POINT('',(124.985404028889,12.1779699708877,-111.263193291231));
#8225=CARTESIAN_POINT('',(123.925066198802,12.177969970914,-115.371340936668));
#8226=CARTESIAN_POINT('',(122.864728368715,12.1779699709404,-119.479488582104));
#8227=CARTESIAN_POINT('',(125.28610525473,13.2102013472036,-81.2456612460085));
#8228=CARTESIAN_POINT('',(126.043531882066,13.2102013472071,-85.5464753784086));
#8229=CARTESIAN_POINT('',(126.800958509401,13.2102013472105,-89.8472895108088));
#8230=CARTESIAN_POINT('',(127.558385136736,13.210201347214,-94.1481036432089));
#8231=CARTESIAN_POINT('',(127.574486886533,13.210201347214,-94.2395324768186));
#8232=CARTESIAN_POINT('',(127.59058863633,13.2102013472141,-94.3309613104282));
#8233=CARTESIAN_POINT('',(127.606690386127,13.2102013472142,-94.4223901440378));
#8234=CARTESIAN_POINT('',(127.619547277085,13.2102013472143,-94.4953940447967));
#8235=CARTESIAN_POINT('',(127.632404168044,13.2102013472143,-94.5683979455557));
#8236=CARTESIAN_POINT('',(127.645261059003,13.2102013472144,-94.6414018463146));
#8237=CARTESIAN_POINT('',(127.65720659789,13.2102013472144,-94.7092309146528));
#8238=CARTESIAN_POINT('',(127.669152136778,13.2102013472145,-94.7770599829909));
#8239=CARTESIAN_POINT('',(127.681097675666,13.2102013472145,-94.8448890513291));
#8240=CARTESIAN_POINT('',(127.728422519069,13.2102013472148,-95.1136086183197));
#8241=CARTESIAN_POINT('',(127.775747362473,13.210201347215,-95.3823281853103));
#8242=CARTESIAN_POINT('',(127.823072205877,13.2102013472152,-95.6510477523009));
#8243=CARTESIAN_POINT('',(127.956826615205,13.2102013472158,-96.4105310251962));
#8244=CARTESIAN_POINT('',(128.057781760475,13.2102013472145,-97.174355594921));
#8245=CARTESIAN_POINT('',(128.220989734054,13.2102013472145,-99.016534941044));
#8246=CARTESIAN_POINT('',(128.251316760122,13.2102013472149,-100.098134938087));
#8247=CARTESIAN_POINT('',(128.183369486978,13.2102013472149,-102.259290641194));
#8248=CARTESIAN_POINT('',(128.086056333538,13.2102013472131,-103.338046698406));
#8249=CARTESIAN_POINT('',(127.847257041154,13.2102013472158,-104.951730966469));
#8250=CARTESIAN_POINT('',(127.752228009953,13.2102013472159,-105.488679243815));
#8251=CARTESIAN_POINT('',(127.586968514657,13.2102013472145,-106.292082620421));
#8252=CARTESIAN_POINT('',(127.528098016018,13.2102013472159,-106.559546985296));
#8253=CARTESIAN_POINT('',(127.439735692698,13.2102013472145,-106.936426344361));
#8254=CARTESIAN_POINT('',(127.413360188716,13.2102013472142,-107.046156439684));
#8255=CARTESIAN_POINT('',(127.386353709493,13.2102013472149,-107.155819523733));
#8256=CARTESIAN_POINT('',(126.325901105483,13.2102013472413,-111.461915926818));
#8257=CARTESIAN_POINT('',(125.265448501473,13.2102013472676,-115.768012329903));
#8258=CARTESIAN_POINT('',(124.204995897463,13.210201347294,-120.074108732988));
#8259=CARTESIAN_POINT('',(126.217556493614,14.2424327235082,-80.0390737926378));
#8260=CARTESIAN_POINT('',(127.062758706243,14.2424327235262,-84.5378245998522));
#8261=CARTESIAN_POINT('',(127.907960918872,14.2424327235443,-89.0365754070666));
#8262=CARTESIAN_POINT('',(128.7531631315,14.2424327235624,-93.535326214281));
#8263=CARTESIAN_POINT('',(128.771130858095,14.2424327235628,-93.6309628836049));
#8264=CARTESIAN_POINT('',(128.789098584689,14.2424327235632,-93.7265995529288));
#8265=CARTESIAN_POINT('',(128.807066311284,14.2424327235636,-93.8222362222527));
#8266=CARTESIAN_POINT('',(128.821413143431,14.2424327235639,-93.8985999867304));
#8267=CARTESIAN_POINT('',(128.835759975578,14.2424327235642,-93.9749637512081));
#8268=CARTESIAN_POINT('',(128.850106807724,14.2424327235645,-94.0513275156858));
#8269=CARTESIAN_POINT('',(128.863436674321,14.2424327235648,-94.1222782860621));
#8270=CARTESIAN_POINT('',(128.876766540917,14.2424327235651,-94.1932290564383));
#8271=CARTESIAN_POINT('',(128.890096407513,14.2424327235653,-94.2641798268146));
#8272=CARTESIAN_POINT('',(128.942905565409,14.2424327235665,-94.5452666935559));
#8273=CARTESIAN_POINT('',(128.995714723305,14.2424327235676,-94.8263535602972));
#8274=CARTESIAN_POINT('',(129.0485238812,14.2424327235688,-95.1074404270385));
#8275=CARTESIAN_POINT('',(129.197778632266,14.242432723572,-95.9018774526388));
#8276=CARTESIAN_POINT('',(129.312774744695,14.2424327235683,-96.7013738266018));
#8277=CARTESIAN_POINT('',(129.506078575022,14.2424327235683,-98.6309203737185));
#8278=CARTESIAN_POINT('',(129.550864719056,14.2424327235686,-99.7646032112317));
#8279=CARTESIAN_POINT('',(129.505252168556,14.2424327235686,-102.029737714103));
#8280=CARTESIAN_POINT('',(129.415761822666,14.2424327235667,-103.159899296487));
#8281=CARTESIAN_POINT('',(129.184240744468,14.2424327235695,-104.849905520325));
#8282=CARTESIAN_POINT('',(129.090884343541,14.242432723569,-105.412101736551));
#8283=CARTESIAN_POINT('',(128.927067608355,14.2424327235683,-106.252952169653));
#8284=CARTESIAN_POINT('',(128.868500471735,14.2424327235692,-106.53282531887));
#8285=CARTESIAN_POINT('',(128.780324937469,14.2424327235683,-106.927104016984));
#8286=CARTESIAN_POINT('',(128.753974962172,14.2424327235679,-107.041889169162));
#8287=CARTESIAN_POINT('',(128.726965560008,14.2424327235685,-107.15659340167));
#8288=CARTESIAN_POINT('',(127.666398182076,14.2424327235949,-111.660638562404));
#8289=CARTESIAN_POINT('',(126.605830804144,14.2424327236213,-116.164683723138));
#8290=CARTESIAN_POINT('',(125.545263426211,14.2424327236476,-120.668728883872));
#8291=CARTESIAN_POINT('',(127.149007732498,15.2746640998127,-78.832486339267));
#8292=CARTESIAN_POINT('',(128.08198553042,15.2746640998454,-83.5291738212957));
#8293=CARTESIAN_POINT('',(129.014963328342,15.2746640998781,-88.2258613033244));
#8294=CARTESIAN_POINT('',(129.947941126264,15.2746640999108,-92.922548785353));
#8295=CARTESIAN_POINT('',(129.967774829656,15.2746640999115,-93.0223932903912));
#8296=CARTESIAN_POINT('',(129.987608533049,15.2746640999122,-93.1222377954294));
#8297=CARTESIAN_POINT('',(130.007442236441,15.2746640999129,-93.2220823004676));
#8298=CARTESIAN_POINT('',(130.023279009776,15.2746640999135,-93.3018059286641));
#8299=CARTESIAN_POINT('',(130.039115783111,15.274664099914,-93.3815295568605));
#8300=CARTESIAN_POINT('',(130.054952556446,15.2746640999146,-93.461253185057));
#8301=CARTESIAN_POINT('',(130.069666750751,15.2746640999151,-93.5353256574714));
#8302=CARTESIAN_POINT('',(130.084380945056,15.2746640999156,-93.6093981298857));
#8303=CARTESIAN_POINT('',(130.099095139361,15.2746640999162,-93.6834706023001));
#8304=CARTESIAN_POINT('',(130.157388611748,15.2746640999182,-93.9769247687921));
#8305=CARTESIAN_POINT('',(130.215682084136,15.2746640999203,-94.2703789352842));
#8306=CARTESIAN_POINT('',(130.273975556523,15.2746640999223,-94.5638331017762));
#8307=CARTESIAN_POINT('',(130.438730649326,15.2746640999281,-95.3932238800814));
#8308=CARTESIAN_POINT('',(130.567767728914,15.2746640999221,-96.2283920582826));
#8309=CARTESIAN_POINT('',(130.791167415989,15.2746640999221,-98.245305806393));
#8310=CARTESIAN_POINT('',(130.850412677989,15.2746640999222,-99.4310714843769));
#8311=CARTESIAN_POINT('',(130.827134850134,15.2746640999222,-101.800184787011));
#8312=CARTESIAN_POINT('',(130.745467311794,15.2746640999203,-102.981751894568));
#8313=CARTESIAN_POINT('',(130.521224447783,15.2746640999231,-104.748080074181));
#8314=CARTESIAN_POINT('',(130.429540677129,15.2746640999222,-105.335524229288));
#8315=CARTESIAN_POINT('',(130.267166702054,15.2746640999222,-106.213821718884));
#8316=CARTESIAN_POINT('',(130.208902927452,15.2746640999226,-106.506103652444));
#8317=CARTESIAN_POINT('',(130.12091418224,15.274664099922,-106.917781689606));
#8318=CARTESIAN_POINT('',(130.094589735628,15.2746640999215,-107.03762189864));
#8319=CARTESIAN_POINT('',(130.067577410524,15.2746640999222,-107.157367279607));
#8320=CARTESIAN_POINT('',(129.006895258669,15.2746640999485,-111.85936119799));
#8321=CARTESIAN_POINT('',(127.946213106815,15.2746640999749,-116.561355116373));
#8322=CARTESIAN_POINT('',(126.88553095496,15.2746641000013,-121.263349034756));
#8323=CARTESIAN_POINT('',(126.183423905273,12.,-95.));
#8324=CARTESIAN_POINT('',(125.543017916282,11.4692439792992,-95.));
#8325=CARTESIAN_POINT('',(124.954875922801,10.8857815518604,-95.));
#8326=CARTESIAN_POINT('',(124.418612098045,10.2500018104657,-95.));
#8327=CARTESIAN_POINT('',(124.418612098045,10.2500018104657,-94.9999999999999));
#8328=CARTESIAN_POINT('',(124.418612098045,10.2500018104657,-94.9999999999999));
#8329=CARTESIAN_POINT('',(123.873664896478,9.60392720804003,-95.0000005198648));
#8330=CARTESIAN_POINT('',(123.369840726382,8.91415290774705,-94.7178222147691));
#8331=CARTESIAN_POINT('',(123.01637151487,8.45110076632812,-94.1014664431995));
#8332=CARTESIAN_POINT('',(122.574251904498,8.45110076628421,-107.239504243183));
#8333=CARTESIAN_POINT('',(123.458871550161,9.80612746619401,-107.240014896305));
#8334=CARTESIAN_POINT('',(124.533039552141,10.9890469537256,-107.240634967594));
#8335=CARTESIAN_POINT('',(125.796600873734,11.9999999999999,-107.241364367553));
#8336=CARTESIAN_POINT('',(155.41090843621,10.2500000000001,-92.7499999999998));
#8337=CARTESIAN_POINT('',(123.560280002039,10.2500000000001,-95.));
#8338=CARTESIAN_POINT('',(128.004312817946,10.2500000000029,-95.));
#8339=CARTESIAN_POINT('',(125.254937146147,8.0000000000001,-92.75));
#8340=CARTESIAN_POINT('',(125.475322315735,8.0000000000001,-93.4838737612216));
#8341=CARTESIAN_POINT('',(126.294389769576,8.72215468783887,-94.7098839080064));
#8342=CARTESIAN_POINT('',(127.40478566045,9.78163373396417,-95.0000000000005));
#8343=CARTESIAN_POINT('',(128.004312817946,10.2500000000029,-94.9999999999999));
#8344=CARTESIAN_POINT('',(125.254937146147,8.00000000000009,-92.75));
#8345=CARTESIAN_POINT('',(155.41090843621,8.00000000000009,-92.7499999999998));
#8346=CARTESIAN_POINT('',(42.6774665191146,8.06999999999971,-28.8936187172063));
#8347=CARTESIAN_POINT('',(21.4774665191146,8.06999999999971,-28.8936187172063));
#8348=CARTESIAN_POINT('',(21.4774665191146,10.6,-26.363618717206));
#8349=CARTESIAN_POINT('',(21.4774665191146,8.06999999999971,-28.8936187172063));
#8350=CARTESIAN_POINT('',(42.6774665191146,8.06999999999971,-28.8936187172063));
#8351=CARTESIAN_POINT('',(16.6774665191146,8.06999999999971,-28.8936187172063));
#8352=CARTESIAN_POINT('',(16.6774665191146,15.6599197725092,-21.3036989446967));
#8353=CARTESIAN_POINT('',(16.6774665191146,10.6,-26.363618717206));
#8354=CARTESIAN_POINT('',(42.6774665191146,10.6,-26.363618717206));
#8355=CARTESIAN_POINT('',(41.7573542927727,8.16118988178289,-28.8030117411121));
#8356=CARTESIAN_POINT('',(41.9507812742455,8.26438203378133,-28.6489535315357));
#8357=CARTESIAN_POINT('',(42.0606714901371,8.3,-28.4071849432795));
#8358=CARTESIAN_POINT('',(41.6973173891215,8.2648092767716,-28.7835381225181));
#8359=CARTESIAN_POINT('',(41.8850076819007,8.37232741152606,-28.6278122940231));
#8360=CARTESIAN_POINT('',(41.9910882347355,8.41043382685874,-28.3863558524175));
#8361=CARTESIAN_POINT('',(41.6337055716059,8.36474150741586,-28.7643373874562));
#8362=CARTESIAN_POINT('',(41.8153558964538,8.4764172920002,-28.6068745444735));
#8363=CARTESIAN_POINT('',(41.9173437649596,8.51690613704493,-28.365650227735));
#8364=CARTESIAN_POINT('',(41.5665929287464,8.46107092958901,-28.7459254096709));
#8365=CARTESIAN_POINT('',(41.7419102526177,8.57674454907999,-28.5866743782423));
#8366=CARTESIAN_POINT('',(41.8395029253524,8.61951102082059,-28.3455848918892));
#8367=CARTESIAN_POINT('',(41.7595476277571,8.1623592189101,-28.8012594982959));
#8368=CARTESIAN_POINT('',(41.8831031749148,8.29436312644906,-28.6692555907569));
#8369=CARTESIAN_POINT('',(41.8883863691966,8.463638666379,-28.499980050827));
#8370=CARTESIAN_POINT('',(41.8408952661407,8.61767473497819,-28.3459439822278));
#8371=CARTESIAN_POINT('',(41.7595476277571,8.1623592189101,-28.8012594982959));
#8372=CARTESIAN_POINT('',(41.8408952661298,8.61767473497797,-28.345943982228));
#8373=CARTESIAN_POINT('',(41.8408952661298,8.61767473497797,-28.345943982228));
#8374=CARTESIAN_POINT('',(41.9187696655729,8.51491482585864,-28.3660382463311));
#8375=CARTESIAN_POINT('',(41.9919782124448,8.40902136369128,-28.3866222614976));
#8376=CARTESIAN_POINT('',(42.0606714901371,8.3,-28.4071849432795));
#8377=CARTESIAN_POINT('',(42.0606714901371,8.29999999999999,-28.4071849432795));
#8378=CARTESIAN_POINT('',(41.3272525815471,7.76,-27.9942724773467));
#8379=CARTESIAN_POINT('',(47.6774665191146,8.06999999999971,-28.8936187172063));
#8380=CARTESIAN_POINT('',(40.4355693969499,5.06999999999972,-31.8936187172063));
#8381=CARTESIAN_POINT('',(40.4355693969499,8.06999999999971,-28.8936187172063));
#8382=CARTESIAN_POINT('',(40.9620139160517,8.02344818276976,-28.9401705344362));
#8383=CARTESIAN_POINT('',(47.6774665191146,8.06999999999971,-28.8936187172063));
#8384=CARTESIAN_POINT('',(26.6774665191146,8.06999999999971,-28.8936187172063));
#8385=CARTESIAN_POINT('',(26.6774665191146,14.1599197725092,-22.8036989446967));
#8386=CARTESIAN_POINT('',(26.6774665191146,10.6,-26.363618717206));
#8387=CARTESIAN_POINT('',(47.6774665191146,10.6,-26.363618717206));
#8388=CARTESIAN_POINT('',(38.3817720740118,10.6,-26.363618717206));
#8389=CARTESIAN_POINT('',(41.8408952661298,8.61767473497797,-28.345943982228));
#8390=CARTESIAN_POINT('',(41.7549152650732,8.89654847108577,-28.0670702461202));
#8391=CARTESIAN_POINT('',(41.4880532732756,9.44631377085425,-27.5173049463517));
#8392=CARTESIAN_POINT('',(40.7065673296032,10.1238748274836,-26.8397438897224));
#8393=CARTESIAN_POINT('',(39.605314021982,10.5245795852963,-26.4390391319097));
#8394=CARTESIAN_POINT('',(38.7900781144625,10.6,-26.363618717206));
#8395=CARTESIAN_POINT('',(38.3817720740118,10.6,-26.363618717206));
#8396=CARTESIAN_POINT('',(41.5131159083214,8.02247751809528,-28.9411411991107));
#8397=CARTESIAN_POINT('',(41.6136985771006,8.04979322486492,-28.913825492341));
#8398=CARTESIAN_POINT('',(41.6999317127671,8.09866694518209,-28.8649517720239));
#8399=CARTESIAN_POINT('',(41.7595476277571,8.1623592189101,-28.8012594982959));
#8400=CARTESIAN_POINT('',(41.5131159083214,8.02247751809528,-28.9411411991107));
#8401=CARTESIAN_POINT('',(40.9620139160517,8.02344818276976,-28.9401705344362));
#8402=CARTESIAN_POINT('',(41.1434180588639,7.99111336231041,-28.9725053548956));
#8403=CARTESIAN_POINT('',(41.3382528272993,7.97498913163653,-28.9886295855694));
#8404=CARTESIAN_POINT('',(41.5131159083214,8.02247751809527,-28.9411411991107));
#8405=CARTESIAN_POINT('',(41.1043317853978,7.76,-28.9691090373116));
#8406=CARTESIAN_POINT('',(41.3087850626834,7.90033853150094,-29.0158624001004));
#8407=CARTESIAN_POINT('',(41.5154496158926,8.02387311558684,-28.9402919566039));
#8408=CARTESIAN_POINT('',(41.0594650867285,7.85170993233774,-28.9588491428855));
#8409=CARTESIAN_POINT('',(41.2594330381008,7.99735924378117,-29.0012793297787));
#8410=CARTESIAN_POINT('',(41.4603126870988,8.12580333374268,-28.9228292718584));
#8411=CARTESIAN_POINT('',(41.0117188331885,7.94000507734905,-28.9490144470539));
#8412=CARTESIAN_POINT('',(41.2069096686732,8.09081072299378,-28.987109131033));
#8413=CARTESIAN_POINT('',(41.4016966713596,8.22398271284262,-28.9057331130249));
#8414=CARTESIAN_POINT('',(40.9611086724628,8.0249687637306,-28.9400093202322));
#8415=CARTESIAN_POINT('',(41.1512528424331,8.1807669873909,-28.9738419012876));
#8416=CARTESIAN_POINT('',(41.3396611032232,8.31849222720281,-28.8895411243333));
#8417=CARTESIAN_POINT('',(41.3272525815471,7.76,-27.9942724773467));
#8418=CARTESIAN_POINT('',(41.1043317853978,7.76,-28.9691090373116));
#8419=CARTESIAN_POINT('',(41.1043317853978,7.76,-28.9691090373116));
#8420=CARTESIAN_POINT('',(41.0604505850409,7.84969552319291,-28.9590745017584));
#8421=CARTESIAN_POINT('',(41.0131198648497,7.93755394509806,-28.9492800379634));
#8422=CARTESIAN_POINT('',(40.9620139160517,8.02344818276976,-28.9401705344362));
#8423=CARTESIAN_POINT('',(46.3309052337343,4.,-27.8936187172063));
#8424=CARTESIAN_POINT('',(46.3309052337343,4.,-27.8936187172063));
#8425=CARTESIAN_POINT('',(45.3309052337343,4.,-27.8936187172063));
#8426=CARTESIAN_POINT('',(47.5433407990325,4.,-29.9936187172062));
#8427=CARTESIAN_POINT('',(47.5433407990325,4.,-29.9936187172062));
#8428=CARTESIAN_POINT('',(45.118469668436,4.,-29.9936187172062));
#8429=CARTESIAN_POINT('',(45.118469668436,4.,-29.9936187172062));
#8430=CARTESIAN_POINT('',(43.9060341031378,4.,-27.8936187172062));
#8431=CARTESIAN_POINT('',(43.9060341031378,4.,-27.8936187172062));
#8432=CARTESIAN_POINT('',(45.118469668436,4.,-25.7936187172062));
#8433=CARTESIAN_POINT('',(45.118469668436,4.,-25.7936187172062));
#8434=CARTESIAN_POINT('',(47.5433407990325,4.,-25.7936187172062));
#8435=CARTESIAN_POINT('',(47.5433407990325,4.,-25.7936187172062));
#8436=CARTESIAN_POINT('',(48.7557763643307,4.,-27.8936187172062));
#8437=CARTESIAN_POINT('',(48.7557763643307,4.,-27.8936187172062));
#8438=CARTESIAN_POINT('',(64.2566795754922,-26.6337365419591,-24.6839957580484));
#8439=CARTESIAN_POINT('',(64.2566795754922,3.,-24.6839957580484));
#8440=CARTESIAN_POINT('',(64.2566795754922,3.,-25.6839957580484));
#8441=CARTESIAN_POINT('',(64.2566795754922,0.,-24.6839957580484));
#8442=CARTESIAN_POINT('',(64.2566795754922,0.,-25.6839957580484));
#8443=CARTESIAN_POINT('',(50.3753348206034,5.00000000000011,-40.3641865793761));
#8444=CARTESIAN_POINT('',(50.1864750898759,5.00000000000011,-39.7430897148729));
#8445=CARTESIAN_POINT('',(49.819575775798,5.00000000000011,-38.1700347344288));
#8446=CARTESIAN_POINT('',(49.6524828804766,5.00000000000011,-35.5887156790122));
#8447=CARTESIAN_POINT('',(50.033543562701,5.00000000000011,-32.7122255521086));
#8448=CARTESIAN_POINT('',(50.9684617200256,5.00000000000011,-29.9653304890556));
#8449=CARTESIAN_POINT('',(52.4213146738789,5.00000000000011,-27.4536192822627));
#8450=CARTESIAN_POINT('',(54.33623791447,5.00000000000011,-25.2735894673803));
#8451=CARTESIAN_POINT('',(56.2558045352082,5.00000000000011,-23.8032155541966));
#8452=CARTESIAN_POINT('',(57.9413536787497,5.00000000000011,-22.8683490505483));
#8453=CARTESIAN_POINT('',(59.2681288875136,5.00000000000011,-22.2944301666876));
#8454=CARTESIAN_POINT('',(60.6447764716346,5.00000000000011,-21.8533346030077));
#8455=CARTESIAN_POINT('',(61.8224843700874,5.00000000000011,-21.5999754462583));
#8456=CARTESIAN_POINT('',(62.7249691129639,5.00000000000011,-21.4743883620482));
#8457=CARTESIAN_POINT('',(63.1527731545082,5.00000000000011,-21.4338616022293));
#8458=CARTESIAN_POINT('',(63.3412300180987,5.00000000000011,-21.4196667805139));
#8459=CARTESIAN_POINT('',(50.9819803805287,3.41758260378211,-40.1502952154254));
#8460=CARTESIAN_POINT('',(50.8025607684358,3.41758260378211,-39.5559768899496));
#8461=CARTESIAN_POINT('',(50.4547015501383,3.41758260378211,-38.0509571081318));
#8462=CARTESIAN_POINT('',(50.299845901284,3.41758260378211,-35.5821127782417));
#8463=CARTESIAN_POINT('',(50.6697559307341,3.41758260378211,-32.8320434343198));
#8464=CARTESIAN_POINT('',(51.5690740765163,3.41758260378211,-30.2069653866029));
#8465=CARTESIAN_POINT('',(52.9632454445731,3.41758260378211,-27.8077848922391));
#8466=CARTESIAN_POINT('',(54.7986620924614,3.41758260378211,-25.7266760743255));
#8467=CARTESIAN_POINT('',(56.6371622186686,3.41758260378211,-24.324222660952));
#8468=CARTESIAN_POINT('',(58.2508466649691,3.41758260378211,-23.4334294558385));
#8469=CARTESIAN_POINT('',(59.5207439299229,3.41758260378211,-22.8871257431048));
#8470=CARTESIAN_POINT('',(60.8380809589314,3.41758260378211,-22.4679368152118));
#8471=CARTESIAN_POINT('',(61.964810281464,3.41758260378211,-22.2279005071415));
#8472=CARTESIAN_POINT('',(62.828102761823,3.41758260378211,-22.1095267955839));
#8473=CARTESIAN_POINT('',(63.2372860137906,3.41758260378211,-22.0715889717551));
#8474=CARTESIAN_POINT('',(63.4175363500481,3.41758260378211,-22.0583747630988));
#8475=CARTESIAN_POINT('',(51.2905773779118,1.72986583533161,-40.0414899475034));
#8476=CARTESIAN_POINT('',(51.1159598981644,1.72986583533161,-39.4607937059659));
#8477=CARTESIAN_POINT('',(50.7777862636342,1.72986583533161,-37.9903830260676));
#8478=CARTESIAN_POINT('',(50.6291556294597,1.72986583533161,-35.5787539217917));
#8479=CARTESIAN_POINT('',(50.9933933879953,1.72986583533161,-32.892994080176));
#8480=CARTESIAN_POINT('',(51.8746020191044,1.72986583533161,-30.3298836254758));
#8481=CARTESIAN_POINT('',(53.2389224125977,1.72986583533161,-27.9879468369315));
#8482=CARTESIAN_POINT('',(55.0338945284543,1.72986583533161,-25.9571585433227));
#8483=CARTESIAN_POINT('',(56.831156609824,1.72986583533161,-24.5892558852614));
#8484=CARTESIAN_POINT('',(58.4082839109784,1.72986583533161,-23.7208825056458));
#8485=CARTESIAN_POINT('',(59.649247703347,1.72986583533161,-23.1886264666362));
#8486=CARTESIAN_POINT('',(60.9364138048321,1.72986583533161,-22.7805813144059));
#8487=CARTESIAN_POINT('',(62.0372106282266,1.72986583533161,-22.5473222604203));
#8488=CARTESIAN_POINT('',(62.8805662371528,1.72986583533161,-22.4326179487374));
#8489=CARTESIAN_POINT('',(63.2802772039314,1.72986583533161,-22.3959971012878));
#8490=CARTESIAN_POINT('',(63.4563529284201,1.72986583533161,-22.3832817246772));
#8491=CARTESIAN_POINT('',(51.2774589867868,-1.3547801824619E-13,-40.0461152357374));
#8492=CARTESIAN_POINT('',(51.1026373694395,-1.35542526602622E-13,-39.4648399223796));
#8493=CARTESIAN_POINT('',(50.7640520028536,-1.35732791252603E-13,-37.992958017099));
#8494=CARTESIAN_POINT('',(50.6151567446613,-1.35531754426356E-13,-35.5788967060476));
#8495=CARTESIAN_POINT('',(50.9796356301977,-1.35306244019656E-13,-32.8904030814999));
#8496=CARTESIAN_POINT('',(51.86161409283,-1.35418999223006E-13,-30.3246583979214));
#8497=CARTESIAN_POINT('',(53.2272034447484,-1.35193488816307E-13,-27.9802881919143));
#8498=CARTESIAN_POINT('',(55.02389484885,-1.35644509629706E-13,-25.9473607837806));
#8499=CARTESIAN_POINT('',(56.8229099505213,-1.35193488816307E-13,-24.5779893806386));
#8500=CARTESIAN_POINT('',(58.4015912879512,-1.35306244019656E-13,-23.7086629391255));
#8501=CARTESIAN_POINT('',(59.6437850359357,-1.35306244019656E-13,-23.1758097365665));
#8502=CARTESIAN_POINT('',(60.9322336969766,-1.35193488816307E-13,-22.7672908648607));
#8503=CARTESIAN_POINT('',(62.0341329052595,-1.35644509629706E-13,-22.5337437112805));
#8504=CARTESIAN_POINT('',(62.8783360262467,-1.35431099166243E-13,-22.4188834142084));
#8505=CARTESIAN_POINT('',(63.278449657805,-1.35420297687485E-13,-22.3822065823798));
#8506=CARTESIAN_POINT('',(63.4547028441304,-1.35401070438624E-13,-22.3694700005276));
#8507=CARTESIAN_POINT('',(63.1855838660117,5.00000000000011,-21.4322214553195));
#8508=CARTESIAN_POINT('',(62.6141421530269,3.42627037950588,-22.1228352997333));
#8509=CARTESIAN_POINT('',(62.1996360093244,1.7375295131706,-22.5231032980177));
#8510=CARTESIAN_POINT('',(61.7010763465745,-1.36826024734241E-13,-22.6104170489497));
#8511=CARTESIAN_POINT('',(63.1855838660117,5.00000000000011,-21.4322214553195));
#8512=CARTESIAN_POINT('',(61.7010763465742,5.58386498821499E-16,-22.6104170489497));
#8513=CARTESIAN_POINT('',(50.3221442750222,5.,-40.1851904110572));
#8514=CARTESIAN_POINT('',(50.0172849239129,5.,-39.1349392680524));
#8515=CARTESIAN_POINT('',(49.649172658622,5.,-37.0170596804782));
#8516=CARTESIAN_POINT('',(49.8065565782974,5.,-33.7298027195157));
#8517=CARTESIAN_POINT('',(50.6724036869648,5.,-30.5981393152368));
#8518=CARTESIAN_POINT('',(52.728272957223,5.,-26.7374897581815));
#8519=CARTESIAN_POINT('',(55.9675139243282,5.00000000000001,-23.7244834896591));
#8520=CARTESIAN_POINT('',(59.965263336814,4.99999999999998,-21.9515462861272));
#8521=CARTESIAN_POINT('',(62.0959905320373,5.00000000000001,-21.525933389408));
#8522=CARTESIAN_POINT('',(63.1855838660118,5.00000000000001,-21.4322214553196));
#8523=CARTESIAN_POINT('',(50.3221442750222,5.,-40.1851904110572));
#8524=CARTESIAN_POINT('',(51.2360888855882,5.53071447339061E-16,-39.9058649146559));
#8525=CARTESIAN_POINT('',(51.24938096939,1.73021109156128,-39.9018025044582));
#8526=CARTESIAN_POINT('',(50.9448112795211,3.39689345018373,-39.9948870074224));
#8527=CARTESIAN_POINT('',(50.3221442750222,5.,-40.1851904110572));
#8528=CARTESIAN_POINT('',(51.2360888855882,5.53071447339061E-16,-39.9058649146559));
#8529=CARTESIAN_POINT('',(51.2360888855882,5.53071447339061E-16,-39.9058649146559));
#8530=CARTESIAN_POINT('',(50.9706493161888,5.53071447339061E-16,-38.9880559074691));
#8531=CARTESIAN_POINT('',(50.6390263905799,1.31018958293868E-15,-37.1412752087361));
#8532=CARTESIAN_POINT('',(50.736906814466,-2.30997535249912E-15,-33.3370372981266));
#8533=CARTESIAN_POINT('',(52.3354074269206,1.79851767868754E-16,-28.7706992240833));
#8534=CARTESIAN_POINT('',(56.2842868695077,-2.01412612124742E-15,-24.5315457448338));
#8535=CARTESIAN_POINT('',(59.828637627212,1.11677299764299E-15,-22.9918329677766));
#8536=CARTESIAN_POINT('',(61.7010763465742,1.11677299764299E-15,-22.6104170489497));
#8537=CARTESIAN_POINT('',(61.4410467120855,5.,-21.6589885961203));
#8538=CARTESIAN_POINT('',(61.5669396810237,5.,-21.6349069099595));
#8539=CARTESIAN_POINT('',(61.9305283526211,5.,-21.5702615597533));
#8540=CARTESIAN_POINT('',(62.5352194339828,5.,-21.48606477829));
#8541=CARTESIAN_POINT('',(63.1357234407891,5.,-21.4323178736276));
#8542=CARTESIAN_POINT('',(63.6172391965027,5.,-21.4070381109748));
#8543=CARTESIAN_POINT('',(63.9788320552508,5.,-21.3969459002083));
#8544=CARTESIAN_POINT('',(64.2799595111143,5.,-21.3959347112655));
#8545=CARTESIAN_POINT('',(64.4913340187664,5.,-21.3991039797498));
#8546=CARTESIAN_POINT('',(64.6111282208537,5.,-21.4020335465985));
#8547=CARTESIAN_POINT('',(64.6728326673106,5.,-21.403850464087));
#8548=CARTESIAN_POINT('',(64.7364488806504,5.,-21.4060741922067));
#8549=CARTESIAN_POINT('',(64.8012816995454,5.,-21.4085312376186));
#8550=CARTESIAN_POINT('',(64.868500199144,5.,-21.410962652292));
#8551=CARTESIAN_POINT('',(64.9018112388552,5.,-21.4121815634709));
#8552=CARTESIAN_POINT('',(65.6989076665887,5.,-21.4413487631402));
#8553=CARTESIAN_POINT('',(66.4960040943222,5.,-21.4705159628095));
#8554=CARTESIAN_POINT('',(67.2931005220556,5.,-21.4996831624788));
#8555=CARTESIAN_POINT('',(67.3043552006917,5.,-21.5000949915218));
#8556=CARTESIAN_POINT('',(67.3156098793278,5.,-21.5005068205648));
#8557=CARTESIAN_POINT('',(67.3268645579639,5.,-21.5009186496077));
#8558=CARTESIAN_POINT('',(61.5914924144102,3.41978324829394,-22.2939522733137));
#8559=CARTESIAN_POINT('',(61.7118617113194,3.41978324829394,-22.2711794111445));
#8560=CARTESIAN_POINT('',(62.0594883038571,3.41978324829394,-22.2100970433377));
#8561=CARTESIAN_POINT('',(62.6375888801968,3.41978324829394,-22.1307942692478));
#8562=CARTESIAN_POINT('',(63.2116189731245,3.41978324829394,-22.0805860630484));
#8563=CARTESIAN_POINT('',(63.6718945675978,3.41978324829394,-22.0573553098653));
#8564=CARTESIAN_POINT('',(64.0174585545772,3.41978324829394,-22.0484088156496));
#8565=CARTESIAN_POINT('',(64.3054185977321,3.41978324829394,-22.0480232453628));
#8566=CARTESIAN_POINT('',(64.5071589930977,3.41978324829394,-22.0514627456706));
#8567=CARTESIAN_POINT('',(64.6220885405224,3.41978324829394,-22.0544910857254));
#8568=CARTESIAN_POINT('',(64.680155353096,3.41978324829394,-22.0563532604975));
#8569=CARTESIAN_POINT('',(64.7423134029332,3.41978324829394,-22.0585919144562));
#8570=CARTESIAN_POINT('',(64.8083325302227,3.41978324829394,-22.0610368167525));
#8571=CARTESIAN_POINT('',(64.8751555936898,3.41978324829394,-22.0634722791311));
#8572=CARTESIAN_POINT('',(64.908466633401,3.41978324829394,-22.06469119031));
#8573=CARTESIAN_POINT('',(65.7055630611345,3.41978324829395,-22.0938583899793));
#8574=CARTESIAN_POINT('',(66.502659488868,3.41978324829395,-22.1230255896487));
#8575=CARTESIAN_POINT('',(67.2997559166015,3.41978324829396,-22.152192789318));
#8576=CARTESIAN_POINT('',(67.3110105952375,3.41978324829396,-22.152604618361));
#8577=CARTESIAN_POINT('',(67.3222652738736,3.41978324829396,-22.153016447404));
#8578=CARTESIAN_POINT('',(67.3335199525097,3.41978324829396,-22.153428276447));
#8579=CARTESIAN_POINT('',(61.6691117740866,1.73206484631131,-22.6215486970063));
#8580=CARTESIAN_POINT('',(61.7866312462462,1.73206484631131,-22.5994510956029));
#8581=CARTESIAN_POINT('',(62.1260225330452,1.73206484631131,-22.5402069751379));
#8582=CARTESIAN_POINT('',(62.6904042863053,1.73206484631131,-22.4634291632949));
#8583=CARTESIAN_POINT('',(63.2507757089511,1.73206484631131,-22.4150466756407));
#8584=CARTESIAN_POINT('',(63.7000928799571,1.73206484631131,-22.3928730666669));
#8585=CARTESIAN_POINT('',(64.0373871008762,1.73206484631131,-22.3845176812942));
#8586=CARTESIAN_POINT('',(64.3185536888028,1.73206484631131,-22.38445488606));
#8587=CARTESIAN_POINT('',(64.5153235624774,1.73206484631131,-22.3880338069081));
#8588=CARTESIAN_POINT('',(64.6277432915814,1.73206484631131,-22.391113106963));
#8589=CARTESIAN_POINT('',(64.6839333419185,1.73206484631131,-22.3929986312979));
#8590=CARTESIAN_POINT('',(64.7453390823469,1.73206484631131,-22.3952449859357));
#8591=CARTESIAN_POINT('',(64.8119702610046,1.73206484631131,-22.3976836232416));
#8592=CARTESIAN_POINT('',(64.8785893073489,1.73206484631131,-22.4001211739503));
#8593=CARTESIAN_POINT('',(64.9119003470602,1.73206484631131,-22.4013400851292));
#8594=CARTESIAN_POINT('',(65.7089967747937,1.73206484631131,-22.4305072847986));
#8595=CARTESIAN_POINT('',(66.5060932025272,1.73206484631132,-22.4596744844679));
#8596=CARTESIAN_POINT('',(67.3031896302606,1.73206484631132,-22.4888416841373));
#8597=CARTESIAN_POINT('',(67.3144443088967,1.73206484631132,-22.4892535131803));
#8598=CARTESIAN_POINT('',(67.3256989875328,1.73206484631132,-22.4896653422232));
#8599=CARTESIAN_POINT('',(67.3369536661689,1.73206484631132,-22.4900771712662));
#8600=CARTESIAN_POINT('',(61.6679407237531,-1.15355382389873E-12,-22.6166062199899));
#8601=CARTESIAN_POINT('',(61.7855031914777,-1.1535555747592E-12,-22.594498430866));
#8602=CARTESIAN_POINT('',(62.1250187250827,-1.15352045270488E-12,-22.5352265765963));
#8603=CARTESIAN_POINT('',(62.6896074554735,-1.15316362507413E-12,-22.4584106704184));
#8604=CARTESIAN_POINT('',(63.2501849477191,-1.15327638185765E-12,-22.4100006379826));
#8605=CARTESIAN_POINT('',(63.6996674494559,-1.15338913864117E-12,-22.387811079778));
#8606=CARTESIAN_POINT('',(64.0370864370871,-1.15338913864117E-12,-22.3794467762925));
#8607=CARTESIAN_POINT('',(64.3183555184901,-1.15372740899174E-12,-22.3793791113217));
#8608=CARTESIAN_POINT('',(64.5152003828771,-1.15327638185765E-12,-22.3829559287195));
#8609=CARTESIAN_POINT('',(64.6276579778383,-1.15361465220821E-12,-22.3860344599362));
#8610=CARTESIAN_POINT('',(64.6838763430578,-1.15327638185765E-12,-22.3879196319942));
#8611=CARTESIAN_POINT('',(64.7452934336467,-1.15350189542469E-12,-22.3901658704511));
#8612=CARTESIAN_POINT('',(64.8119153782297,-1.15338913864117E-12,-22.3926046022775));
#8613=CARTESIAN_POINT('',(64.8785375025989,-1.15350189542469E-12,-22.3950421214794));
#8614=CARTESIAN_POINT('',(64.9118485423102,-1.15338913864117E-12,-22.3962610326583));
#8615=CARTESIAN_POINT('',(65.7089449700437,-1.14955540800144E-12,-22.4254282323277));
#8616=CARTESIAN_POINT('',(66.5060413977772,-1.14572167736171E-12,-22.454595431997));
#8617=CARTESIAN_POINT('',(67.3031378255106,-1.14211346028902E-12,-22.4837626316663));
#8618=CARTESIAN_POINT('',(67.3143925041467,-1.1420471942059E-12,-22.4841744607093));
#8619=CARTESIAN_POINT('',(67.3256471827828,-1.14198153662189E-12,-22.4845862897523));
#8620=CARTESIAN_POINT('',(67.3369018614189,-1.141916487537E-12,-22.4849981187953));
#8621=CARTESIAN_POINT('',(67.29317851942,4.9999987540059,-21.4996865308524));
#8622=CARTESIAN_POINT('',(67.1937466310147,3.64459352930109,-22.0555186101227));
#8623=CARTESIAN_POINT('',(67.1211638666192,2.19781905348943,-22.3798953666528));
#8624=CARTESIAN_POINT('',(67.0702849971636,0.735754202824547,-22.4565736285934));
#8625=CARTESIAN_POINT('',(67.2930621904513,5.00000000000023,-21.4996850976615));
#8626=CARTESIAN_POINT('',(67.0702849971636,0.735754202824547,-22.4565736285934));
#8627=CARTESIAN_POINT('',(67.2930623124244,5.,-21.4996817643193));
#8628=CARTESIAN_POINT('',(66.6063951088919,5.,-21.4745553696512));
#8629=CARTESIAN_POINT('',(65.2322077560606,5.,-21.4187500707711));
#8630=CARTESIAN_POINT('',(63.8614321862949,5.,-21.3851548100663));
#8631=CARTESIAN_POINT('',(63.1855838660117,5.,-21.4322214553192));
#8632=CARTESIAN_POINT('',(67.0465275836032,5.5707242686817E-16,-22.4743727988902));
#8633=CARTESIAN_POINT('',(66.5995009368328,5.5707242686817E-16,-22.4580152855327));
#8634=CARTESIAN_POINT('',(65.7056959335246,-1.37912793276035E-15,-22.4296734353901));
#8635=CARTESIAN_POINT('',(63.9160996050472,2.09914915729558E-15,-22.3380043225255));
#8636=CARTESIAN_POINT('',(62.5839728882648,6.35198281227839E-16,-22.4466263762716));
#8637=CARTESIAN_POINT('',(61.7010763465742,6.35198281227839E-16,-22.6104170489497));
#8638=CARTESIAN_POINT('',(67.0465275836032,2.29077173896641E-12,-22.4743727988902));
#8639=CARTESIAN_POINT('',(67.0465275836031,-2.29269387712413E-12,-22.4743727988902));
#8640=CARTESIAN_POINT('',(67.053864391378,0.245934196797182,-22.4753621664976));
#8641=CARTESIAN_POINT('',(67.0617740917124,0.491183208208737,-22.4694001997128));
#8642=CARTESIAN_POINT('',(67.0702849971637,0.735754202824545,-22.4565736285934));
#8643=CARTESIAN_POINT('',(46.3309052337343,-15.455463984337,-27.8936187172063));
#8644=CARTESIAN_POINT('',(46.3309052337343,0.,-27.8936187172063));
#8645=CARTESIAN_POINT('',(46.3309052337343,0.,-28.8936187172063));
#8646=CARTESIAN_POINT('',(48.8851206381328,-4.28459462433876E-15,-28.0480796235237));
#8647=CARTESIAN_POINT('',(48.3529567598461,-4.28459462433876E-15,-29.3654475805152));
#8648=CARTESIAN_POINT('',(48.8639016290166,1.72787815242012,-28.042583532058));
#8649=CARTESIAN_POINT('',(48.3317377507299,1.72787815242012,-29.3599514890495));
#8650=CARTESIAN_POINT('',(49.172376864967,3.41559336509243,-28.1224839695572));
#8651=CARTESIAN_POINT('',(48.6402129866803,3.41559336509243,-29.4398519265488));
#8652=CARTESIAN_POINT('',(49.7869284893648,5.,-28.2816635014376));
#8653=CARTESIAN_POINT('',(49.2547646110781,5.,-29.5990314584292));
#8654=CARTESIAN_POINT('',(48.3561118816542,-4.39734711445294E-15,-29.3576370985566));
#8655=CARTESIAN_POINT('',(48.3589122640198,1.71471176132575,-29.2931233100234));
#8656=CARTESIAN_POINT('',(48.6743604613595,3.40781539467341,-29.347070402909));
#8657=CARTESIAN_POINT('',(49.293914504872,4.99999999999999,-29.5021161702857));
#8658=CARTESIAN_POINT('',(48.3561118816541,4.51011235001861E-16,-29.3576370985568));
#8659=CARTESIAN_POINT('',(49.2939145048719,5.,-29.5021161702859));
#8660=CARTESIAN_POINT('',(49.7436347285302,5.,-28.3888369034444));
#8661=CARTESIAN_POINT('',(49.7436347285302,5.,-28.3888369034444));
#8662=CARTESIAN_POINT('',(49.7436347285305,4.99999999999999,-28.3888369034437));
#8663=CARTESIAN_POINT('',(49.1527665041093,3.40622519925935,-28.1610929539947));
#8664=CARTESIAN_POINT('',(48.8617745888014,1.6954758777244,-28.0489371008347));
#8665=CARTESIAN_POINT('',(48.8816770478879,-7.89267430799245E-16,-28.056604207079));
#8666=CARTESIAN_POINT('',(48.8816770478881,-5.6376245057089E-17,-28.0566042070785));
#8667=CARTESIAN_POINT('',(48.3561118816541,4.51011235001861E-16,-29.3576370985568));
#8668=CARTESIAN_POINT('',(49.3877260639361,-4.86017357659659,-29.4037825723113));
#8669=CARTESIAN_POINT('',(49.3749185175595,-4.86017357659659,-29.4411120551013));
#8670=CARTESIAN_POINT('',(49.362110971183,-4.86017357659659,-29.4784415378913));
#8671=CARTESIAN_POINT('',(49.3493034248065,-4.86017357659659,-29.5157710206813));
#8672=CARTESIAN_POINT('',(49.179794990881,-4.86017357659659,-30.0098283507076));
#8673=CARTESIAN_POINT('',(49.0102865569555,-4.86017357659659,-30.5038856807339));
#8674=CARTESIAN_POINT('',(48.84077812303,-4.86017357659659,-30.9979430107602));
#8675=CARTESIAN_POINT('',(48.8120397623502,-4.86017357659659,-31.0817052013367));
#8676=CARTESIAN_POINT('',(48.7812933076033,-4.86017357659659,-31.1724955905495));
#8677=CARTESIAN_POINT('',(48.7360487726379,-4.86017357659659,-31.3025251141576));
#8678=CARTESIAN_POINT('',(48.7205576755728,-4.86017357659659,-31.3464094036785));
#8679=CARTESIAN_POINT('',(48.6893704320484,-4.86017357659659,-31.4376071686459));
#8680=CARTESIAN_POINT('',(48.6740053742757,-4.86017357659659,-31.4832837885759));
#8681=CARTESIAN_POINT('',(48.6285980920574,-4.86017357659659,-31.6205402217324));
#8682=CARTESIAN_POINT('',(48.5992437754826,-4.86017357659659,-31.7123466269262));
#8683=CARTESIAN_POINT('',(48.5139494532767,-4.86017357659659,-31.988618406746));
#8684=CARTESIAN_POINT('',(48.4607783893224,-4.86017357659659,-32.1739365884313));
#8685=CARTESIAN_POINT('',(48.3124663022479,-4.86017357659659,-32.7328621896104));
#8686=CARTESIAN_POINT('',(48.2285324125884,-4.86017357659659,-33.1094427872602));
#8687=CARTESIAN_POINT('',(48.0223613089989,-4.86017357659659,-34.2474439824596));
#8688=CARTESIAN_POINT('',(47.9458551222822,-4.86017357659659,-35.0170946081208));
#8689=CARTESIAN_POINT('',(47.9166640573711,-4.86017357659659,-36.5588508545136));
#8690=CARTESIAN_POINT('',(47.963981272612,-4.86017357659659,-37.3308459084721));
#8691=CARTESIAN_POINT('',(48.1269270336472,-4.86017357659659,-38.4758358312125));
#8692=CARTESIAN_POINT('',(48.1965457908658,-4.86017357659659,-38.855323740117));
#8693=CARTESIAN_POINT('',(48.3235941684907,-4.86017357659659,-39.4194629184838));
#8694=CARTESIAN_POINT('',(48.3697121418229,-4.86017357659659,-39.6066610035178));
#8695=CARTESIAN_POINT('',(48.4444874184034,-4.86017357659659,-39.8859634842423));
#8696=CARTESIAN_POINT('',(48.4703454825791,-4.86017357659659,-39.978815261033));
#8697=CARTESIAN_POINT('',(48.5105245544899,-4.86017357659659,-40.1176921558051));
#8698=CARTESIAN_POINT('',(48.5241495700362,-4.86017357659659,-40.1639176634828));
#8699=CARTESIAN_POINT('',(48.5518622867825,-4.86017357659659,-40.256230619366));
#8700=CARTESIAN_POINT('',(48.5652377261715,-4.86017357659659,-40.3008078115428));
#8701=CARTESIAN_POINT('',(48.6057575912739,-4.86017357659659,-40.4289304566095));
#8702=CARTESIAN_POINT('',(48.6343122811104,-4.86017357659659,-40.5166551600371));
#8703=CARTESIAN_POINT('',(48.6603672319505,-4.86017357659659,-40.5978038468356));
#8704=CARTESIAN_POINT('',(48.6707316145914,-4.86017357659659,-40.6300839323346));
#8705=CARTESIAN_POINT('',(48.6810959972323,-4.86017357659659,-40.6623640178335));
#8706=CARTESIAN_POINT('',(48.6914603798732,-4.86017357659659,-40.6946441033325));
#8707=CARTESIAN_POINT('',(48.0816106406583,-1.61693033335335,-29.0819530772334));
#8708=CARTESIAN_POINT('',(48.0683748638121,-1.61693033335335,-29.1205307008832));
#8709=CARTESIAN_POINT('',(48.055139086966,-1.61693033335335,-29.159108324533));
#8710=CARTESIAN_POINT('',(48.0419033101198,-1.61693033335335,-29.1976859481828));
#8711=CARTESIAN_POINT('',(47.8667272272839,-1.61693033335335,-29.7082624768315));
#8712=CARTESIAN_POINT('',(47.691551144448,-1.61693033335335,-30.2188390054803));
#8713=CARTESIAN_POINT('',(47.5163750616121,-1.61693033335335,-30.7294155341291));
#8714=CARTESIAN_POINT('',(47.4866758110531,-1.61693033335335,-30.8159783799719));
#8715=CARTESIAN_POINT('',(47.4576802231671,-1.61693033335335,-30.9000712234937));
#8716=CARTESIAN_POINT('',(47.411197369564,-1.61693033335335,-31.0362092694429));
#8717=CARTESIAN_POINT('',(47.3943831291636,-1.61693033335335,-31.0867328437141));
#8718=CARTESIAN_POINT('',(47.3614909880241,-1.61693033335335,-31.1867944387517));
#8719=CARTESIAN_POINT('',(47.3452956908389,-1.61693033335335,-31.2369072071539));
#8720=CARTESIAN_POINT('',(47.2974644360743,-1.61693033335335,-31.3874841416945));
#8721=CARTESIAN_POINT('',(47.266583133856,-1.61693033335335,-31.4881869572796));
#8722=CARTESIAN_POINT('',(47.1769757203548,-1.61693033335335,-31.7911909870908));
#8723=CARTESIAN_POINT('',(47.1212864486873,-1.61693033335335,-31.9943880456222));
#8724=CARTESIAN_POINT('',(46.9664972229329,-1.61693033335335,-32.6070799724443));
#8725=CARTESIAN_POINT('',(46.879682473521,-1.61693033335335,-33.0196778322805));
#8726=CARTESIAN_POINT('',(46.6692081493117,-1.61693033335335,-34.2659026685433));
#8727=CARTESIAN_POINT('',(46.5956278948317,-1.61693033335335,-35.1079274953189));
#8728=CARTESIAN_POINT('',(46.5838039536192,-1.61693033335335,-36.7930476157133));
#8729=CARTESIAN_POINT('',(46.6455611148265,-1.61693033335335,-37.6360220612402));
#8730=CARTESIAN_POINT('',(46.8385268654164,-1.61693033335335,-38.8850777056119));
#8731=CARTESIAN_POINT('',(46.9195432212123,-1.61693033335335,-39.2988531818761));
#8732=CARTESIAN_POINT('',(47.0657195083311,-1.61693033335335,-39.9136568860597));
#8733=CARTESIAN_POINT('',(47.118551901392,-1.61693033335335,-40.1176154059075));
#8734=CARTESIAN_POINT('',(47.2038985392944,-1.61693033335335,-40.4218470315423));
#8735=CARTESIAN_POINT('',(47.2333636724559,-1.61693033335335,-40.522973278486));
#8736=CARTESIAN_POINT('',(47.2790772226587,-1.61693033335335,-40.6742065865772));
#8737=CARTESIAN_POINT('',(47.2945677097567,-1.61693033335335,-40.7245416838489));
#8738=CARTESIAN_POINT('',(47.326052481878,-1.61693033335335,-40.8250549908006));
#8739=CARTESIAN_POINT('',(47.3422980960416,-1.61693033335335,-40.8757634884695));
#8740=CARTESIAN_POINT('',(47.3854152693312,-1.61693033335335,-41.0093872352944));
#8741=CARTESIAN_POINT('',(47.4114649339354,-1.61693033335335,-41.0909381488205));
#8742=CARTESIAN_POINT('',(47.4383910603149,-1.61693033335335,-41.1748001299726));
#8743=CARTESIAN_POINT('',(47.4491019873302,-1.61693033335335,-41.2081595351399));
#8744=CARTESIAN_POINT('',(47.4598129143455,-1.61693033335335,-41.2415189403072));
#8745=CARTESIAN_POINT('',(47.4705238413608,-1.61693033335335,-41.2748783454744));
#8746=CARTESIAN_POINT('',(48.0816106406591,1.89658318016017,-29.0819530772307));
#8747=CARTESIAN_POINT('',(48.0683748638129,1.89658318016017,-29.1205307008806));
#8748=CARTESIAN_POINT('',(48.0551390869667,1.89658318016017,-29.1591083245304));
#8749=CARTESIAN_POINT('',(48.0419033101205,1.89658318016017,-29.1976859481802));
#8750=CARTESIAN_POINT('',(47.8667272272844,1.89658318016017,-29.7082624768298));
#8751=CARTESIAN_POINT('',(47.6915511444482,1.89658318016017,-30.2188390054794));
#8752=CARTESIAN_POINT('',(47.5163750616121,1.89658318016017,-30.729415534129));
#8753=CARTESIAN_POINT('',(47.486675811053,1.89658318016017,-30.815978379972));
#8754=CARTESIAN_POINT('',(47.4576802231677,1.89658318016017,-30.9000712234936));
#8755=CARTESIAN_POINT('',(47.4111973695637,1.89658318016017,-31.0362092694429));
#8756=CARTESIAN_POINT('',(47.3943831291639,1.89658318016017,-31.0867328437141));
#8757=CARTESIAN_POINT('',(47.3614909880238,1.89658318016017,-31.1867944387517));
#8758=CARTESIAN_POINT('',(47.3452956908389,1.89658318016017,-31.2369072071535));
#8759=CARTESIAN_POINT('',(47.2974644360743,1.89658318016017,-31.3874841416952));
#8760=CARTESIAN_POINT('',(47.266583133856,1.89658318016017,-31.4881869572788));
#8761=CARTESIAN_POINT('',(47.1769757203548,1.89658318016017,-31.7911909870922));
#8762=CARTESIAN_POINT('',(47.1212864486859,1.89658318016017,-31.9943880456236));
#8763=CARTESIAN_POINT('',(46.9664972229358,1.89658318016017,-32.6070799724414));
#8764=CARTESIAN_POINT('',(46.879682473521,1.89658318016017,-33.0196778322805));
#8765=CARTESIAN_POINT('',(46.6692081493117,1.89658318016017,-34.2659026685433));
#8766=CARTESIAN_POINT('',(46.5956278948317,1.89658318016017,-35.1079274953189));
#8767=CARTESIAN_POINT('',(46.5838039536192,1.89658318016017,-36.7930476157133));
#8768=CARTESIAN_POINT('',(46.6455611148265,1.89658318016017,-37.6360220612402));
#8769=CARTESIAN_POINT('',(46.8385268654164,1.89658318016017,-38.8850777056119));
#8770=CARTESIAN_POINT('',(46.9195432212094,1.89658318016017,-39.2988531818761));
#8771=CARTESIAN_POINT('',(47.0657195083325,1.89658318016017,-39.9136568860597));
#8772=CARTESIAN_POINT('',(47.1185519013934,1.89658318016017,-40.1176154059067));
#8773=CARTESIAN_POINT('',(47.2038985392937,1.89658318016017,-40.4218470315427));
#8774=CARTESIAN_POINT('',(47.2333636724559,1.89658318016017,-40.522973278486));
#8775=CARTESIAN_POINT('',(47.2790772226587,1.89658318016017,-40.6742065865772));
#8776=CARTESIAN_POINT('',(47.2945677097567,1.89658318016017,-40.7245416838487));
#8777=CARTESIAN_POINT('',(47.326052481878,1.89658318016017,-40.8250549908008));
#8778=CARTESIAN_POINT('',(47.3422980960419,1.89658318016017,-40.8757634884693));
#8779=CARTESIAN_POINT('',(47.3854152693306,1.89658318016017,-41.0093872352948));
#8780=CARTESIAN_POINT('',(47.4114649339353,1.89658318016017,-41.0909381488204));
#8781=CARTESIAN_POINT('',(47.4383910603149,1.89658318016017,-41.1748001299726));
#8782=CARTESIAN_POINT('',(47.4491019873302,1.89658318016017,-41.2081595351399));
#8783=CARTESIAN_POINT('',(47.4598129143455,1.89658318016017,-41.2415189403072));
#8784=CARTESIAN_POINT('',(47.4705238413608,1.89658318016017,-41.2748783454745));
#8785=CARTESIAN_POINT('',(49.3877260639361,5.13982642340342,-29.4037825723113));
#8786=CARTESIAN_POINT('',(49.3749185175595,5.13982642340342,-29.4411120551013));
#8787=CARTESIAN_POINT('',(49.362110971183,5.13982642340342,-29.4784415378913));
#8788=CARTESIAN_POINT('',(49.3493034248065,5.13982642340342,-29.5157710206813));
#8789=CARTESIAN_POINT('',(49.179794990881,5.13982642340342,-30.0098283507076));
#8790=CARTESIAN_POINT('',(49.0102865569555,5.13982642340342,-30.5038856807339));
#8791=CARTESIAN_POINT('',(48.84077812303,5.13982642340342,-30.9979430107602));
#8792=CARTESIAN_POINT('',(48.8120397623502,5.13982642340342,-31.0817052013367));
#8793=CARTESIAN_POINT('',(48.7812933076033,5.13982642340342,-31.1724955905495));
#8794=CARTESIAN_POINT('',(48.7360487726379,5.13982642340342,-31.3025251141576));
#8795=CARTESIAN_POINT('',(48.7205576755728,5.13982642340342,-31.3464094036785));
#8796=CARTESIAN_POINT('',(48.6893704320484,5.13982642340342,-31.4376071686459));
#8797=CARTESIAN_POINT('',(48.6740053742757,5.13982642340342,-31.4832837885759));
#8798=CARTESIAN_POINT('',(48.6285980920574,5.13982642340342,-31.6205402217324));
#8799=CARTESIAN_POINT('',(48.5992437754826,5.13982642340342,-31.7123466269262));
#8800=CARTESIAN_POINT('',(48.5139494532767,5.13982642340342,-31.988618406746));
#8801=CARTESIAN_POINT('',(48.4607783893224,5.13982642340342,-32.1739365884313));
#8802=CARTESIAN_POINT('',(48.3124663022479,5.13982642340342,-32.7328621896104));
#8803=CARTESIAN_POINT('',(48.2285324125884,5.13982642340342,-33.1094427872602));
#8804=CARTESIAN_POINT('',(48.0223613089989,5.13982642340342,-34.2474439824596));
#8805=CARTESIAN_POINT('',(47.9458551222822,5.13982642340342,-35.0170946081208));
#8806=CARTESIAN_POINT('',(47.9166640573711,5.13982642340342,-36.5588508545136));
#8807=CARTESIAN_POINT('',(47.963981272612,5.13982642340342,-37.3308459084721));
#8808=CARTESIAN_POINT('',(48.1269270336472,5.13982642340342,-38.4758358312125));
#8809=CARTESIAN_POINT('',(48.1965457908658,5.13982642340342,-38.855323740117));
#8810=CARTESIAN_POINT('',(48.3235941684907,5.13982642340342,-39.4194629184838));
#8811=CARTESIAN_POINT('',(48.3697121418229,5.13982642340342,-39.6066610035178));
#8812=CARTESIAN_POINT('',(48.4444874184034,5.13982642340342,-39.8859634842423));
#8813=CARTESIAN_POINT('',(48.4703454825791,5.13982642340342,-39.978815261033));
#8814=CARTESIAN_POINT('',(48.5105245544899,5.13982642340342,-40.1176921558051));
#8815=CARTESIAN_POINT('',(48.5241495700362,5.13982642340342,-40.1639176634828));
#8816=CARTESIAN_POINT('',(48.5518622867825,5.13982642340342,-40.256230619366));
#8817=CARTESIAN_POINT('',(48.5652377261715,5.13982642340342,-40.3008078115428));
#8818=CARTESIAN_POINT('',(48.6057575912739,5.13982642340342,-40.4289304566095));
#8819=CARTESIAN_POINT('',(48.6343122811104,5.13982642340342,-40.5166551600371));
#8820=CARTESIAN_POINT('',(48.6603672319505,5.13982642340342,-40.5978038468356));
#8821=CARTESIAN_POINT('',(48.6707316145914,5.13982642340342,-40.6300839323346));
#8822=CARTESIAN_POINT('',(48.6810959972323,5.13982642340342,-40.6623640178335));
#8823=CARTESIAN_POINT('',(48.6914603798732,5.13982642340342,-40.6946441033325));
#8824=CARTESIAN_POINT('',(47.7406367716593,1.80406023454924E-15,-40.9741669600782));
#8825=CARTESIAN_POINT('',(47.4354384233671,1.80406023454924E-15,-40.0236381551382));
#8826=CARTESIAN_POINT('',(46.9720234436946,-2.0376216042007E-15,-38.1057103971887));
#8827=CARTESIAN_POINT('',(46.8752970833302,1.38123361707676E-15,-35.0979005857355));
#8828=CARTESIAN_POINT('',(47.3335760838332,5.71822663629447E-16,-32.1712566748479));
#8829=CARTESIAN_POINT('',(48.0330481973296,4.5101505863731E-16,-30.2992538524228));
#8830=CARTESIAN_POINT('',(48.3561118816541,4.5101505863731E-16,-29.3576370985567));
#8831=CARTESIAN_POINT('',(47.7406367716593,1.80406023454924E-15,-40.9741669600782));
#8832=CARTESIAN_POINT('',(47.7406367716593,1.80406023454924E-15,-40.9741669600782));
#8833=CARTESIAN_POINT('',(47.7230083870484,1.72827036633397,-40.9795546577847));
#8834=CARTESIAN_POINT('',(48.0203707098611,3.39501205936934,-40.8886729156413));
#8835=CARTESIAN_POINT('',(48.6338760130635,4.99999999999999,-40.7011695687419));
#8836=CARTESIAN_POINT('',(48.6338760130635,5.,-40.7011695687419));
#8837=CARTESIAN_POINT('',(49.2939145048719,5.,-29.5021161702859));
#8838=CARTESIAN_POINT('',(48.9830809466083,5.,-30.4080864180309));
#8839=CARTESIAN_POINT('',(48.2972032002699,4.99999999999999,-32.2020258508339));
#8840=CARTESIAN_POINT('',(47.8142488531955,5.,-35.0501735305846));
#8841=CARTESIAN_POINT('',(47.8887470412736,5.,-37.9067212455354));
#8842=CARTESIAN_POINT('',(48.3401020323429,5.,-39.786204390054));
#8843=CARTESIAN_POINT('',(48.6338760130635,5.,-40.7011695687419));
#8844=CARTESIAN_POINT('',(41.8623291682274,-7.,-26.1344320355786));
#8845=CARTESIAN_POINT('',(46.3701263386038,-7.,-41.3930309728539));
#8846=CARTESIAN_POINT('',(46.3701263386038,0.,-41.3930309728539));
#8847=CARTESIAN_POINT('',(46.3701263386038,5.,-41.3930309728539));
#8848=CARTESIAN_POINT('',(41.8623291682274,0.,-26.1344320355786));
#8849=CARTESIAN_POINT('',(43.3126443081893,0.,-31.0436540384596));
#8850=CARTESIAN_POINT('',(43.3126443081893,0.,-31.0436540384596));
#8851=CARTESIAN_POINT('',(43.3126443081893,5.11345101336943,-31.0436540384596));
#8852=CARTESIAN_POINT('',(43.8387213589063,5.,-32.8243904876832));
#8853=CARTESIAN_POINT('',(43.6627076976945,5.,-32.2285957430654));
#8854=CARTESIAN_POINT('',(43.4872550449686,5.03240792016857,-31.6346999755231));
#8855=CARTESIAN_POINT('',(43.3126443081893,5.11345101336943,-31.0436540384596));
#8856=CARTESIAN_POINT('',(43.8387213589063,5.,-32.8243904876832));
#8857=CARTESIAN_POINT('',(41.8623291682274,5.,-26.1344320355786));
#8858=CARTESIAN_POINT('',(40.4355693969499,-5.,-31.8936187172063));
#8859=CARTESIAN_POINT('',(40.4355693969499,0.,-31.8936187172063));
#8860=CARTESIAN_POINT('',(40.4355693969499,0.,-28.8936187172063));
#8861=CARTESIAN_POINT('',(40.4355693969499,-7.36451701589593,-28.8936187172063));
#8862=CARTESIAN_POINT('',(43.3126443081893,5.11345101336943,-31.0436540384596));
#8863=CARTESIAN_POINT('',(43.2114830563004,5.17605442418188,-30.7012298094573));
#8864=CARTESIAN_POINT('',(42.8913994306349,5.38544308391196,-30.0791607960164));
#8865=CARTESIAN_POINT('',(42.0218904646533,6.21924409811473,-29.2450660943991));
#8866=CARTESIAN_POINT('',(41.4174232526381,7.12002427616021,-29.0407052432923));
#8867=CARTESIAN_POINT('',(41.1043317853978,7.76,-28.9691090373116));
#8868=CARTESIAN_POINT('',(12.0781094750597,-5.,-28.8936187172063));
#8869=CARTESIAN_POINT('',(12.0781094750597,0.,-28.8936187172063));
#8870=CARTESIAN_POINT('',(26.6774665191146,0.,-28.8936187172063));
#8871=CARTESIAN_POINT('',(26.6774665191146,-20.2498395450187,-28.8936187172063));
#8872=CARTESIAN_POINT('',(26.6774665191146,-20.2498395450187,-28.8936187172063));
#8873=CARTESIAN_POINT('',(26.6774665191146,0.,-28.8936187172063));
#8874=CARTESIAN_POINT('',(26.6774665191146,0.,-25.8936187172063));
#8875=CARTESIAN_POINT('',(26.6774665191146,-20.2498395450187,-25.8936187172063));
#8876=CARTESIAN_POINT('',(26.6774665191146,10.6,-25.8936187172063));
#8877=CARTESIAN_POINT('',(26.6774665191146,10.6,-26.363618717206));
#8878=CARTESIAN_POINT('',(32.6774665191146,-20.2498395450187,-25.8936187172063));
#8879=CARTESIAN_POINT('',(32.6774665191146,0.,-25.8936187172063));
#8880=CARTESIAN_POINT('',(21.4774665191146,0.,-25.8936187172063));
#8881=CARTESIAN_POINT('',(21.4774665191146,-20.2498395450187,-25.8936187172063));
#8882=CARTESIAN_POINT('',(21.4774665191146,10.6,-25.8936187172063));
#8883=CARTESIAN_POINT('',(32.6774665191146,10.6,-25.8936187172063));
#8884=CARTESIAN_POINT('',(21.4774665191146,-20.2498395450187,-25.8936187172063));
#8885=CARTESIAN_POINT('',(21.4774665191146,0.,-25.8936187172063));
#8886=CARTESIAN_POINT('',(21.4774665191146,0.,-28.8936187172063));
#8887=CARTESIAN_POINT('',(21.4774665191146,-20.2498395450187,-28.8936187172063));
#8888=CARTESIAN_POINT('',(21.4774665191146,10.6,-26.363618717206));
#8889=CARTESIAN_POINT('',(7.0781094750597,-5.,-28.8936187172063));
#8890=CARTESIAN_POINT('',(7.0781094750597,0.,-28.8936187172063));
#8891=CARTESIAN_POINT('',(16.6774665191146,0.,-28.8936187172063));
#8892=CARTESIAN_POINT('',(16.6774665191146,-20.2498395450187,-28.8936187172063));
#8893=CARTESIAN_POINT('',(16.6774665191146,-20.2498395450187,-25.8936187172063));
#8894=CARTESIAN_POINT('',(16.6774665191146,0.,-25.8936187172063));
#8895=CARTESIAN_POINT('',(16.6774665191146,0.,-25.8936187172063));
#8896=CARTESIAN_POINT('',(16.6774665191146,-20.2498395450187,-25.8936187172063));
#8897=CARTESIAN_POINT('',(16.6774665191146,10.6,-25.8936187172063));
#8898=CARTESIAN_POINT('',(16.6774665191146,10.6,-26.363618717206));
#8899=CARTESIAN_POINT('',(17.4774665191146,-20.2498395450187,-25.8936187172063));
#8900=CARTESIAN_POINT('',(17.4774665191146,0.,-25.8936187172063));
#8901=CARTESIAN_POINT('',(42.6774665191146,10.6,-25.8936187172063));
#8902=CARTESIAN_POINT('',(47.5297446257299,-1.12752490114178E-16,-18.7595100525711));
#8903=CARTESIAN_POINT('',(47.5709796393352,-1.12752490114178E-16,-18.8148151333131));
#8904=CARTESIAN_POINT('',(47.6116344703215,-1.12752490114178E-16,-18.8705525649141));
#8905=CARTESIAN_POINT('',(47.7754058646417,-1.12752490114178E-16,-19.1001009188295));
#8906=CARTESIAN_POINT('',(47.893494135213,-1.12752490114178E-16,-19.2774990353282));
#8907=CARTESIAN_POINT('',(48.2301635299079,-1.12752490114178E-16,-19.8205987702333));
#8908=CARTESIAN_POINT('',(48.4311197157512,-1.12752490114178E-16,-20.1972110265244));
#8909=CARTESIAN_POINT('',(48.958504525852,-1.12752490114178E-16,-21.3612888604408));
#8910=CARTESIAN_POINT('',(49.2089796928311,-1.12752490114178E-16,-22.1830807977285));
#8911=CARTESIAN_POINT('',(49.4910555484043,-1.12752490114178E-16,-23.863533458492));
#8912=CARTESIAN_POINT('',(49.5226351510565,-1.12752490114178E-16,-24.7220685632741));
#8913=CARTESIAN_POINT('',(49.4042431287524,-1.12752490114178E-16,-25.9945446025062));
#8914=CARTESIAN_POINT('',(49.3372701709407,-1.12752490114178E-16,-26.4161306591277));
#8915=CARTESIAN_POINT('',(49.196382674518,-1.12752490114178E-16,-27.0393916933082));
#8916=CARTESIAN_POINT('',(49.1426895703232,-1.12752490114178E-16,-27.2456245276168));
#8917=CARTESIAN_POINT('',(49.0522229033442,-1.12752490114178E-16,-27.5520433110665));
#8918=CARTESIAN_POINT('',(49.0204132787345,-1.12752490114178E-16,-27.6536946536015));
#8919=CARTESIAN_POINT('',(48.9702424669637,-1.12752490114178E-16,-27.8053600917311));
#8920=CARTESIAN_POINT('',(48.9531094906518,-1.12752490114178E-16,-27.8557799919459));
#8921=CARTESIAN_POINT('',(48.9267992589567,-1.12752490114178E-16,-27.9311972355273));
#8922=CARTESIAN_POINT('',(48.9179273884465,-1.12752490114178E-16,-27.9563008836602));
#8923=CARTESIAN_POINT('',(48.8999806249082,-1.12752490114178E-16,-28.0064357054694));
#8924=CARTESIAN_POINT('',(48.890904788188,-1.12752490114178E-16,-28.0314680244077));
#8925=CARTESIAN_POINT('',(48.866761576327,-1.12752490114178E-16,-28.0972336576705));
#8926=CARTESIAN_POINT('',(48.8517924820102,-1.12752490114178E-16,-28.1380010490652));
#8927=CARTESIAN_POINT('',(48.8293490298259,-1.12752490114178E-16,-28.1991304781502));
#8928=CARTESIAN_POINT('',(48.8218741437525,-1.12752490114178E-16,-28.2194898914166));
#8929=CARTESIAN_POINT('',(48.8143992576791,-1.12752490114178E-16,-28.239849304683));
#8930=CARTESIAN_POINT('',(47.5140257913547,1.72787815242012,-18.7747865578308));
#8931=CARTESIAN_POINT('',(47.555153982188,1.72787815242012,-18.8299817227218));
#8932=CARTESIAN_POINT('',(47.5957031435499,1.72787815242012,-18.885608118342));
#8933=CARTESIAN_POINT('',(47.7590474142671,1.72787815242012,-19.11469812493));
#8934=CARTESIAN_POINT('',(47.8768242711004,1.72787815242012,-19.2917395744099));
#8935=CARTESIAN_POINT('',(48.2125950343072,1.72787815242012,-19.8337401988461));
#8936=CARTESIAN_POINT('',(48.4129996756419,1.72787815242012,-20.2095808821715));
#8937=CARTESIAN_POINT('',(48.9388862418782,1.72787815242012,-21.3712467495419));
#8938=CARTESIAN_POINT('',(49.1885721092571,1.72787815242012,-22.1913007219448));
#8939=CARTESIAN_POINT('',(49.4695408769878,1.72787815242012,-23.8681329731713));
#8940=CARTESIAN_POINT('',(49.5008027741562,1.72787815242012,-24.7247859039367));
#8941=CARTESIAN_POINT('',(49.382303785861,1.72787815242012,-25.9944245366834));
#8942=CARTESIAN_POINT('',(49.3153565168357,1.72787815242012,-26.4150625077212));
#8943=CARTESIAN_POINT('',(49.174599249519,1.72787815242012,-27.0369098153532));
#8944=CARTESIAN_POINT('',(49.1209648217065,1.72787815242012,-27.242672812498));
#8945=CARTESIAN_POINT('',(49.0306088848863,1.72787815242012,-27.5483904266992));
#8946=CARTESIAN_POINT('',(48.9988399552607,1.72787815242012,-27.6498086436752));
#8947=CARTESIAN_POINT('',(48.9487358317774,1.72787815242012,-27.8011254713664));
#8948=CARTESIAN_POINT('',(48.9316260258069,1.72787815242012,-27.8514293477217));
#8949=CARTESIAN_POINT('',(48.9053519565559,1.72787815242012,-27.926672847347));
#8950=CARTESIAN_POINT('',(48.8964923746791,1.72787815242012,-27.951718629464));
#8951=CARTESIAN_POINT('',(48.8785706566011,1.72787815242012,-28.00173782022));
#8952=CARTESIAN_POINT('',(48.8695140734321,1.72787815242012,-28.0266835180947));
#8953=CARTESIAN_POINT('',(48.8453879491107,1.72787815242012,-28.0923732189596));
#8954=CARTESIAN_POINT('',(48.8304082610527,1.72787815242012,-28.1331876860714));
#8955=CARTESIAN_POINT('',(48.8079648088684,1.72787815242012,-28.1943171151564));
#8956=CARTESIAN_POINT('',(48.800489922795,1.72787815242012,-28.2146765284228));
#8957=CARTESIAN_POINT('',(48.7930150367216,1.72787815242012,-28.2350359416892));
#8958=CARTESIAN_POINT('',(47.7425412284433,3.41559336509243,-18.552701561369));
#8959=CARTESIAN_POINT('',(47.7852223749117,3.41559336509243,-18.6094946480993));
#8960=CARTESIAN_POINT('',(47.8273077278144,3.41559336509243,-18.6667352496522));
#8961=CARTESIAN_POINT('',(47.9968613862326,3.41559336509243,-18.9024885645592));
#8962=CARTESIAN_POINT('',(48.1191654773858,3.41559336509243,-19.0847151262263));
#8963=CARTESIAN_POINT('',(48.4680002606332,3.41559336509243,-19.6426942706464));
#8964=CARTESIAN_POINT('',(48.6764230814038,3.41559336509243,-20.0297518374458));
#8965=CARTESIAN_POINT('',(49.2240906425361,3.41559336509243,-21.2264821107591));
#8966=CARTESIAN_POINT('',(49.4852510975974,3.41559336509243,-22.0718020663657));
#8967=CARTESIAN_POINT('',(49.7823143578448,3.41559336509243,-23.8012666851096));
#8968=CARTESIAN_POINT('',(49.8181949567416,3.41559336509243,-24.6852820657657));
#8969=CARTESIAN_POINT('',(49.7012510061554,3.41559336509243,-25.9961700156049));
#8970=CARTESIAN_POINT('',(49.633930281688,3.41559336509243,-26.4305909546602));
#8971=CARTESIAN_POINT('',(49.491279784862,3.41559336509243,-27.0729905712256));
#8972=CARTESIAN_POINT('',(49.4367923383812,3.41559336509243,-27.2855839122961));
#8973=CARTESIAN_POINT('',(49.3448266415762,3.41559336509243,-27.6014949030162));
#8974=CARTESIAN_POINT('',(49.3124661011565,3.41559336509243,-27.7063022255566));
#8975=CARTESIAN_POINT('',(49.2613924844636,3.41559336509243,-27.8626870414194));
#8976=CARTESIAN_POINT('',(49.2439458354071,3.41559336509243,-27.9146776359083));
#8977=CARTESIAN_POINT('',(49.2171460479949,3.41559336509243,-27.992446970154));
#8978=CARTESIAN_POINT('',(49.2081078178549,3.41559336509243,-28.018333990087));
#8979=CARTESIAN_POINT('',(49.1898219968052,3.41559336509243,-28.0700341884829));
#8980=CARTESIAN_POINT('',(49.1804855116048,3.41559336509243,-28.0962391559531));
#8981=CARTESIAN_POINT('',(49.1561109740438,3.41559336509243,-28.1630327379757));
#8982=CARTESIAN_POINT('',(49.1412852944419,3.41559336509243,-28.203162833219));
#8983=CARTESIAN_POINT('',(49.1188418422577,3.41559336509243,-28.2642922623041));
#8984=CARTESIAN_POINT('',(49.1113669561842,3.41559336509243,-28.2846516755705));
#8985=CARTESIAN_POINT('',(49.1038920701108,3.41559336509243,-28.3050110888369));
#8986=CARTESIAN_POINT('',(48.1977950598574,4.99999999999999,-18.1102586050991));
#8987=CARTESIAN_POINT('',(48.2435700410874,4.99999999999999,-18.1702351093216));
#8988=CARTESIAN_POINT('',(48.2887158309288,5.,-18.2306915699206));
#8989=CARTESIAN_POINT('',(48.4706399776505,4.99999999999999,-18.4797196844681));
#8990=CARTESIAN_POINT('',(48.6019633315549,4.99999999999999,-18.6722761486557));
#8991=CARTESIAN_POINT('',(48.9768245629625,4.99999999999999,-19.2620880766096));
#8992=CARTESIAN_POINT('',(49.2012213894954,4.99999999999999,-19.6714921826323));
#8993=CARTESIAN_POINT('',(49.7922815612353,4.99999999999999,-20.9380785906346));
#8994=CARTESIAN_POINT('',(50.0763019599056,4.99999999999999,-21.8337340325632));
#8995=CARTESIAN_POINT('',(50.405429046896,4.99999999999999,-23.6680540924709));
#8996=CARTESIAN_POINT('',(50.4505111320678,4.99999999999999,-24.6065815897219));
#8997=CARTESIAN_POINT('',(50.3366651642002,4.99999999999999,-25.9996473997873));
#8998=CARTESIAN_POINT('',(50.2686004330126,4.99999999999999,-26.4615270920825));
#8999=CARTESIAN_POINT('',(50.1221781998046,4.99999999999999,-27.144871502162));
#9000=CARTESIAN_POINT('',(50.0659913494598,4.99999999999999,-27.3710724151386));
#9001=CARTESIAN_POINT('',(49.9708186509294,4.99999999999999,-27.707290890441));
#9002=CARTESIAN_POINT('',(49.9372794895637,4.99999999999999,-27.8188500688424));
#9003=CARTESIAN_POINT('',(49.8842744256834,4.99999999999999,-27.9853314500054));
#9004=CARTESIAN_POINT('',(49.8661567099043,4.99999999999999,-28.0406823640534));
#9005=CARTESIAN_POINT('',(49.8383095743994,4.99999999999999,-28.1234837254702));
#9006=CARTESIAN_POINT('',(49.8289154369857,4.99999999999999,-28.1510466791773));
#9007=CARTESIAN_POINT('',(49.8099042414268,4.99999999999999,-28.2060958205523));
#9008=CARTESIAN_POINT('',(49.8000101288126,4.99999999999999,-28.2348095345451));
#9009=CARTESIAN_POINT('',(49.7751406965501,4.99999999999999,-28.3038022945877));
#9010=CARTESIAN_POINT('',(49.7606218362187,4.99999999999999,-28.3425689680894));
#9011=CARTESIAN_POINT('',(49.7381783840345,4.99999999999999,-28.4036983971744));
#9012=CARTESIAN_POINT('',(49.7307034979611,4.99999999999999,-28.4240578104408));
#9013=CARTESIAN_POINT('',(49.7232286118877,4.99999999999999,-28.4444172237072));
#9014=CARTESIAN_POINT('',(48.546380080104,4.99999999999999,-18.5941576537809));
#9015=CARTESIAN_POINT('',(49.0304653681801,4.99999999999999,-19.3068913390718));
#9016=CARTESIAN_POINT('',(49.8112963457707,5.,-20.8155067288233));
#9017=CARTESIAN_POINT('',(50.6399464737585,5.,-24.1729120892892));
#9018=CARTESIAN_POINT('',(50.3373573918006,5.,-26.7717092377627));
#9019=CARTESIAN_POINT('',(49.7436347285302,5.,-28.3888369034445));
#9020=CARTESIAN_POINT('',(48.546380080104,4.99999999999999,-18.5941576537809));
#9021=CARTESIAN_POINT('',(47.5649954302056,-1.12752490114178E-16,-18.807086285254));
#9022=CARTESIAN_POINT('',(47.5528519562927,1.72552070188664,-18.8271981844624));
#9023=CARTESIAN_POINT('',(47.8870125456526,3.41310795060922,-18.7469764028043));
#9024=CARTESIAN_POINT('',(48.5463800801041,4.99999999999999,-18.594157653781));
#9025=CARTESIAN_POINT('',(47.5649954302055,-1.12752490114178E-16,-18.807086285254));
#9026=CARTESIAN_POINT('',(48.8816770478881,-5.6376245057089E-17,-28.0566042070785));
#9027=CARTESIAN_POINT('',(49.1638839459824,-5.6376245057089E-17,-27.2878785371831));
#9028=CARTESIAN_POINT('',(49.5282850647341,-2.22942423634852E-16,-25.7211588710209));
#9029=CARTESIAN_POINT('',(49.4754233668046,-1.25565273081698E-16,-22.4339326125222));
#9030=CARTESIAN_POINT('',(48.5360295768645,-2.25504980228356E-16,-20.1258974499915));
#9031=CARTESIAN_POINT('',(47.5649954302055,-2.25504980228356E-16,-18.807086285254));
#9032=CARTESIAN_POINT('',(9.53130177734852,14.5539210698887,-21.2086187172006));
#9033=CARTESIAN_POINT('',(9.53130177734852,5.80000000000139,-21.2086187172006));
#9034=CARTESIAN_POINT('',(10.5313017773485,5.80000000000139,-21.2086187172009));
#9035=CARTESIAN_POINT('',(9.53130177734852,0.,-21.2086187172006));
#9036=CARTESIAN_POINT('',(9.53130177734852,0.,-22.2086187172006));
#9037=CARTESIAN_POINT('',(29.5313017773485,14.5539210698887,-21.2086187172038));
#9038=CARTESIAN_POINT('',(29.5313017773485,5.80000000000139,-21.2086187172038));
#9039=CARTESIAN_POINT('',(30.5313017773485,5.80000000000139,-21.2086187172042));
#9040=CARTESIAN_POINT('',(29.5313017773485,0.,-21.2086187172038));
#9041=CARTESIAN_POINT('',(29.5313017773485,0.,-22.2086187172038));
#9042=CARTESIAN_POINT('',(5.85,-5.,-28.8936187172063));
#9043=CARTESIAN_POINT('',(10.2066666666666,3.71333333333315,-33.2502853838728));
#9044=CARTESIAN_POINT('',(4.70710678118605,9.21289321881366,-27.7507254983923));
#9045=CARTESIAN_POINT('',(5.85,0.,-28.8936187172063));
#9046=CARTESIAN_POINT('',(3.85,0.,-26.8936187172063));
#9047=CARTESIAN_POINT('',(3.85,41.1833877898701,-26.8936187172063));
#9048=CARTESIAN_POINT('',(3.85,8.35578643762761,-26.8936187172063));
#9049=CARTESIAN_POINT('',(0.731404520790797,5.2371909584184,-23.7750232379971));
#9050=CARTESIAN_POINT('',(155.41090843621,13.7000000000001,-84.4666151432569));
#9051=CARTESIAN_POINT('',(134.781346164513,13.7000000000001,-54.6094185744583));
#9052=CARTESIAN_POINT('',(133.256541293224,13.7000000000001,-49.9165517246871));
#9053=CARTESIAN_POINT('',(140.67992889828,13.7000000000001,-72.7633895468398));
#9054=CARTESIAN_POINT('',(140.67992889828,13.7000000000001,-72.7633895468398));
#9055=CARTESIAN_POINT('',(138.854898261274,13.7000000000001,-72.0991327183456));
#9056=CARTESIAN_POINT('',(132.901167226896,13.7000000000001,-53.7754327290718));
#9057=CARTESIAN_POINT('',(132.170885728354,13.7000000000001,-51.5278573835047));
#9058=CARTESIAN_POINT('',(133.256694082304,13.7000000000001,-49.9170219611228));
#9059=CARTESIAN_POINT('',(64.2566795754923,3.,-25.1839957580484));
#9060=CARTESIAN_POINT('',(65.4691151414744,3.,-26.7839957576535));
#9061=CARTESIAN_POINT('',(65.4691151414744,3.,-26.7839957576535));
#9062=CARTESIAN_POINT('',(63.044244010878,3.,-26.7839957584433));
#9063=CARTESIAN_POINT('',(63.044244010878,3.,-26.7839957584433));
#9064=CARTESIAN_POINT('',(61.8318084448958,3.,-24.6839957588381));
#9065=CARTESIAN_POINT('',(61.8318084448958,3.,-24.6839957588381));
#9066=CARTESIAN_POINT('',(63.0442440095101,3.,-22.5839957584433));
#9067=CARTESIAN_POINT('',(63.0442440095101,3.,-22.5839957584433));
#9068=CARTESIAN_POINT('',(65.4691151401065,3.,-22.5839957576535));
#9069=CARTESIAN_POINT('',(65.4691151401065,3.,-22.5839957576535));
#9070=CARTESIAN_POINT('',(66.6815507060887,3.,-24.6839957572586));
#9071=CARTESIAN_POINT('',(66.6815507060887,3.,-24.6839957572586));
#9072=CARTESIAN_POINT('',(29.5313017773485,5.80000000000139,-21.2086187172038));
#9073=CARTESIAN_POINT('',(30.7437373426467,5.80000000000138,-23.3086187172038));
#9074=CARTESIAN_POINT('',(30.7437373426467,5.80000000000138,-23.3086187172038));
#9075=CARTESIAN_POINT('',(28.3188662120503,5.80000000000138,-23.3086187172039));
#9076=CARTESIAN_POINT('',(28.3188662120503,5.80000000000138,-23.3086187172039));
#9077=CARTESIAN_POINT('',(27.1064306467521,5.80000000000139,-21.2086187172039));
#9078=CARTESIAN_POINT('',(27.1064306467521,5.80000000000139,-21.2086187172039));
#9079=CARTESIAN_POINT('',(28.3188662120503,5.80000000000139,-19.1086187172038));
#9080=CARTESIAN_POINT('',(28.3188662120503,5.80000000000139,-19.1086187172038));
#9081=CARTESIAN_POINT('',(30.7437373426467,5.80000000000139,-19.1086187172039));
#9082=CARTESIAN_POINT('',(30.7437373426467,5.80000000000139,-19.1086187172039));
#9083=CARTESIAN_POINT('',(31.956172907945,5.80000000000139,-21.2086187172038));
#9084=CARTESIAN_POINT('',(31.956172907945,5.80000000000139,-21.2086187172038));
#9085=CARTESIAN_POINT('',(6.28710678118584,10.7928932188135,-31.464870697746));
#9086=CARTESIAN_POINT('',(6.09421356237239,10.6,-26.363618717206));
#9087=CARTESIAN_POINT('',(6.09421356237239,10.6,-25.8236187172066));
#9088=CARTESIAN_POINT('',(6.09421356237239,10.6,-26.363618717206));
#9089=CARTESIAN_POINT('',(4.5223917147347,9.02817815236231,-27.9354405648437));
#9090=CARTESIAN_POINT('',(3.85,8.35578643762761,-18.8936187172063));
#9091=CARTESIAN_POINT('',(3.85,8.35578643762761,-23.5794051548342));
#9092=CARTESIAN_POINT('',(15.7786312146197,20.2844176522473,-35.5080363694539));
#9093=CARTESIAN_POINT('',(47.6774665191146,10.6,-26.363618717206));
#9094=CARTESIAN_POINT('',(2.7609471700562,10.6,-26.363618717206));
#9095=CARTESIAN_POINT('',(47.6774665191146,10.6,-25.8236187172066));
#9096=CARTESIAN_POINT('',(38.6956349832041,10.6,-25.8236187172066));
#9097=CARTESIAN_POINT('',(56.6788130450387,10.6,-36.6371512096154));
#9098=CARTESIAN_POINT('',(37.6774665191146,7.80000000000138,-23.0236187172079));
#9099=CARTESIAN_POINT('',(32.6005782568012,7.80000000000139,-20.0924759123156));
#9100=CARTESIAN_POINT('',(30.9082821693634,7.80000000000138,-23.0236187172079));
#9101=CARTESIAN_POINT('',(31.956172907945,7.80000000000139,-21.2086187172038));
#9102=CARTESIAN_POINT('',(34.1724143646735,7.80000000000138,-25.0472615220982));
#9103=CARTESIAN_POINT('',(30.7697181047617,7.80000000000139,-19.1536187172063));
#9104=CARTESIAN_POINT('',(37.6774665191146,7.80000000000139,-19.1536187172063));
#9105=CARTESIAN_POINT('',(46.7574876587254,7.80000000000139,-19.1536187172063));
#9106=CARTESIAN_POINT('',(52.6971100587951,7.80000000000138,-25.5772275529966));
#9107=CARTESIAN_POINT('',(51.2806309515407,7.80000000000138,-25.6170070520746));
#9108=CARTESIAN_POINT('',(49.9408266227778,7.80000000000139,-24.9006263850096));
#9109=CARTESIAN_POINT('',(48.9835688048478,7.80000000000138,-23.8877581929848));
#9110=CARTESIAN_POINT('',(48.2864186064239,7.80000000000138,-23.0236187172079));
#9111=CARTESIAN_POINT('',(37.6774665191146,7.80000000000138,-23.0236187172079));
#9112=CARTESIAN_POINT('',(31.956172907945,19.2603520153003,-21.2086187172039));
#9113=CARTESIAN_POINT('',(31.1156805080091,7.44077554006161,-22.6643942572682));
#9114=CARTESIAN_POINT('',(30.7437373426467,8.08499999999729,-23.3086187172038));
#9115=CARTESIAN_POINT('',(30.7437373426467,19.2603520153003,-23.3086187172039));
#9116=CARTESIAN_POINT('',(31.956172907945,19.2603520153003,-21.2086187172039));
#9117=CARTESIAN_POINT('',(30.7437373426467,19.2603520153003,-23.3086187172039));
#9118=CARTESIAN_POINT('',(28.3188662120503,19.2603520153003,-23.3086187172039));
#9119=CARTESIAN_POINT('',(28.3188662120503,8.0849999999973,-23.3086187172039));
#9120=CARTESIAN_POINT('',(37.6774665191146,8.08499999999725,-23.3086187172038));
#9121=CARTESIAN_POINT('',(28.3188662120503,19.2603520153003,-23.3086187172039));
#9122=CARTESIAN_POINT('',(27.1064306467521,19.2603520153003,-21.2086187172039));
#9123=CARTESIAN_POINT('',(27.1064306467521,7.80000000000139,-21.2086187172039));
#9124=CARTESIAN_POINT('',(30.2743986871925,11.4720816027945,-26.6957003200011));
#9125=CARTESIAN_POINT('',(28.1543213853336,7.80000000000138,-23.0236187172079));
#9126=CARTESIAN_POINT('',(30.5351076687789,7.80000000000138,-27.1472615220982));
#9127=CARTESIAN_POINT('',(37.6774665191146,7.80000000000138,-23.0236187172079));
#9128=CARTESIAN_POINT('',(17.6005782567998,7.80000000000139,-11.4322218744704));
#9129=CARTESIAN_POINT('',(10.9082821693615,7.80000000000138,-23.0236187172079));
#9130=CARTESIAN_POINT('',(11.9561729079449,7.80000000000139,-21.2086187172006));
#9131=CARTESIAN_POINT('',(19.1724143646749,7.80000000000138,-33.7075155599418));
#9132=CARTESIAN_POINT('',(10.7697181047635,7.80000000000139,-19.1536187172063));
#9133=CARTESIAN_POINT('',(37.6774665191146,7.80000000000139,-19.1536187172063));
#9134=CARTESIAN_POINT('',(28.2928854499354,7.80000000000139,-19.1536187172063));
#9135=CARTESIAN_POINT('',(28.9632715609066,7.80000000000139,-17.9924759123156));
#9136=CARTESIAN_POINT('',(37.6774665191146,7.80000000000138,-23.0236187172079));
#9137=CARTESIAN_POINT('',(11.9561729079449,19.2603520153003,-21.2086187172006));
#9138=CARTESIAN_POINT('',(13.9728233651504,2.49205894700721,-17.7156776642138));
#9139=CARTESIAN_POINT('',(10.7437373426467,8.08499999999401,-23.3086187172006));
#9140=CARTESIAN_POINT('',(10.7437373426467,19.2603520153003,-23.3086187172006));
#9141=CARTESIAN_POINT('',(10.7437373426467,5.80000000000138,-23.3086187172006));
#9142=CARTESIAN_POINT('',(11.9561729079449,5.80000000000139,-21.2086187172006));
#9143=CARTESIAN_POINT('',(11.9561729079449,5.80000000000139,-21.2086187172006));
#9144=CARTESIAN_POINT('',(11.9561729079449,19.2603520153003,-21.2086187172006));
#9145=CARTESIAN_POINT('',(10.7437373426467,19.2603520153003,-23.3086187172006));
#9146=CARTESIAN_POINT('',(8.3188662120503,19.2603520153003,-23.3086187172006));
#9147=CARTESIAN_POINT('',(8.3188662120503,8.08499999999401,-23.3086187172006));
#9148=CARTESIAN_POINT('',(8.3188662120503,5.80000000000138,-23.3086187172006));
#9149=CARTESIAN_POINT('',(10.7437373426467,5.80000000000138,-23.3086187172006));
#9150=CARTESIAN_POINT('',(37.6774665191146,8.08499999999405,-23.3086187172006));
#9151=CARTESIAN_POINT('',(45.118469668436,16.0854117306909,-29.9936187172062));
#9152=CARTESIAN_POINT('',(45.118469668436,6.05902706432352,-29.9936187172062));
#9153=CARTESIAN_POINT('',(44.6863373429715,6.17493191313433,-29.2451435739088));
#9154=CARTESIAN_POINT('',(44.2727800953856,6.46134885041672,-28.5288414092516));
#9155=CARTESIAN_POINT('',(43.9060341031378,6.93511258144694,-27.8936187172062));
#9156=CARTESIAN_POINT('',(45.118469668436,6.05902706432352,-29.9936187172062));
#9157=CARTESIAN_POINT('',(43.9060341031378,6.93511258144705,-27.8936187172062));
#9158=CARTESIAN_POINT('',(43.9060341031378,16.0854117306909,-27.8936187172062));
#9159=CARTESIAN_POINT('',(45.118469668436,16.0854117306909,-29.9936187172062));
#9160=CARTESIAN_POINT('',(43.9060341031378,16.0854117306909,-27.8936187172062));
#9161=CARTESIAN_POINT('',(43.9060341031378,6.93511258144696,-27.8936187172062));
#9162=CARTESIAN_POINT('',(44.3133930602986,6.97981397696245,-27.1880523064855));
#9163=CARTESIAN_POINT('',(44.7180147376987,7.06975389268122,-26.4872270033848));
#9164=CARTESIAN_POINT('',(45.118469668436,7.22855686572938,-25.7936187172062));
#9165=CARTESIAN_POINT('',(45.118469668436,7.22855686572943,-25.7936187172062));
#9166=CARTESIAN_POINT('',(45.118469668436,16.0854117306909,-25.7936187172062));
#9167=CARTESIAN_POINT('',(45.118469668436,16.0854117306909,-25.7936187172062));
#9168=CARTESIAN_POINT('',(45.118469668436,7.22855686572944,-25.7936187172062));
#9169=CARTESIAN_POINT('',(45.8573807410385,6.75946471312903,-25.7936187172062));
#9170=CARTESIAN_POINT('',(46.6927380242594,6.45340450887408,-25.7936187172062));
#9171=CARTESIAN_POINT('',(47.5433407990333,6.26681204294572,-25.7936187172062));
#9172=CARTESIAN_POINT('',(47.5433407990325,6.2668120429399,-25.7936187172062));
#9173=CARTESIAN_POINT('',(47.5433407990325,16.0854117306909,-25.7936187172062));
#9174=CARTESIAN_POINT('',(56.6788130450387,5.6,-36.6371512096154));
#9175=CARTESIAN_POINT('',(38.6956349832041,10.6,-25.8236187172066));
#9176=CARTESIAN_POINT('',(39.3990832551595,10.6,-25.8236187172066));
#9177=CARTESIAN_POINT('',(40.7499769073282,10.3951588501899,-25.6187775673965));
#9178=CARTESIAN_POINT('',(43.3009300852759,9.59493008698893,-24.8185488041955));
#9179=CARTESIAN_POINT('',(45.043473577398,8.81404424386986,-24.0376629610764));
#9180=CARTESIAN_POINT('',(46.2166109424837,8.3,-23.5236187172066));
#9181=CARTESIAN_POINT('',(46.2166109424837,8.3,-23.5236187172066));
#9182=CARTESIAN_POINT('',(56.6788130450387,8.29999999999999,-36.6371512096154));
#9183=CARTESIAN_POINT('',(43.3126443081893,5.11345101336943,-31.0436540384596));
#9184=CARTESIAN_POINT('',(43.3553591920273,6.2599532820584,-31.188241129782));
#9185=CARTESIAN_POINT('',(44.4465841257191,6.09454251114119,-30.8431833645582));
#9186=CARTESIAN_POINT('',(43.2211369135332,5.17008014871905,-30.7339074855252));
#9187=CARTESIAN_POINT('',(43.2965280368837,6.33146785866524,-30.9311771798698));
#9188=CARTESIAN_POINT('',(44.3658747408633,6.14173346415714,-30.454758149809));
#9189=CARTESIAN_POINT('',(42.941393092346,5.35080139515622,-30.1594207819528));
#9190=CARTESIAN_POINT('',(43.143737692781,6.50006440602356,-30.5033767614571));
#9191=CARTESIAN_POINT('',(44.0899093334964,6.29233449278135,-29.7503833485817));
#9192=CARTESIAN_POINT('',(42.3269375667295,5.9144901769663,-29.5160554087404));
#9193=CARTESIAN_POINT('',(42.8148134902663,6.83232916492662,-29.9271269008595));
#9194=CARTESIAN_POINT('',(43.4300892251841,6.76207514827258,-28.9956667118937));
#9195=CARTESIAN_POINT('',(41.6682679349305,6.73992177022592,-29.1302256903625));
#9196=CARTESIAN_POINT('',(42.3071003011483,7.37418237479473,-29.4201784260255));
#9197=CARTESIAN_POINT('',(42.6983055003608,7.44993480850108,-28.5668200487273));
#9198=CARTESIAN_POINT('',(41.2791697102283,7.4026219247629,-29.0090901079864));
#9199=CARTESIAN_POINT('',(41.9198864960646,7.89951888346053,-29.1964731230167));
#9200=CARTESIAN_POINT('',(42.2588970118843,8.0021849368165,-28.4445725001548));
#9201=CARTESIAN_POINT('',(41.1043317853978,7.76,-28.9691090373116));
#9202=CARTESIAN_POINT('',(41.7392676272247,8.19582555790897,-29.1143030207717));
#9203=CARTESIAN_POINT('',(42.0606714901371,8.3,-28.4071849432795));
#9204=CARTESIAN_POINT('',(44.2716692786024,5.11345101336943,-30.7603324788773));
#9205=CARTESIAN_POINT('',(44.4465841257191,6.09454251114119,-30.8431833645582));
#9206=CARTESIAN_POINT('',(42.0606714901371,8.3,-28.4071849432795));
#9207=CARTESIAN_POINT('',(42.2635653964622,7.99517112607646,-28.4454530167474));
#9208=CARTESIAN_POINT('',(42.7135135709013,7.43192319670254,-28.5714926269135));
#9209=CARTESIAN_POINT('',(43.4624879621169,6.73485340885933,-29.0190250381695));
#9210=CARTESIAN_POINT('',(44.1194945148343,6.27495658058492,-29.8022918398684));
#9211=CARTESIAN_POINT('',(44.3720279114473,6.13813569351964,-30.484371125835));
#9212=CARTESIAN_POINT('',(44.4465841257191,6.09454251114119,-30.8431833645582));
#9213=CARTESIAN_POINT('',(44.4465841257191,6.09454251114119,-30.8431833645582));
#9214=CARTESIAN_POINT('',(43.3553591920273,6.2599532820584,-31.188241129782));
#9215=CARTESIAN_POINT('',(43.3126443081893,5.11345101336943,-31.0436540384596));
#9216=CARTESIAN_POINT('',(44.5620889260664,6.02700660026857,-31.3990664197471));
#9217=CARTESIAN_POINT('',(43.5067942200258,6.13549457743632,-31.7008388066295));
#9218=CARTESIAN_POINT('',(43.4872550450049,5.03240792235032,-31.6346999756462));
#9219=CARTESIAN_POINT('',(44.6785492797194,6.,-31.9648621144172));
#9220=CARTESIAN_POINT('',(43.6684236253169,6.05016640806094,-32.2479437846456));
#9221=CARTESIAN_POINT('',(43.6627076976316,4.99999999646596,-32.2285957428525));
#9222=CARTESIAN_POINT('',(44.7977463293195,6.,-32.541068928101));
#9223=CARTESIAN_POINT('',(43.8387213589063,6.,-32.8243904876832));
#9224=CARTESIAN_POINT('',(43.8387213589063,5.,-32.8243904876832));
#9225=CARTESIAN_POINT('',(44.7977463293195,5.,-32.541068928101));
#9226=CARTESIAN_POINT('',(44.7977463293195,6.,-32.541068928101));
#9227=CARTESIAN_POINT('',(44.4465841257191,6.09454251114119,-30.8431833645582));
#9228=CARTESIAN_POINT('',(44.5637503295726,6.02603517418657,-31.4070621547841));
#9229=CARTESIAN_POINT('',(44.6803214634032,6.,-31.9734289754832));
#9230=CARTESIAN_POINT('',(44.7977463293195,6.,-32.541068928101));
#9231=CARTESIAN_POINT('',(42.8213541386405,5.,-25.8511104759964));
#9232=CARTESIAN_POINT('',(47.3265008502231,5.,-41.1007377834032));
#9233=CARTESIAN_POINT('',(47.3265008502231,6.,-41.1007377834032));
#9234=CARTESIAN_POINT('',(47.4371218743689,6.,-41.4751827235094));
#9235=CARTESIAN_POINT('',(47.5433407990325,16.0854117306909,-25.7936187172062));
#9236=CARTESIAN_POINT('',(47.5433407990329,6.2668120429456,-25.793618717207));
#9237=CARTESIAN_POINT('',(47.8097763154868,6.08820544274945,-26.255098568646));
#9238=CARTESIAN_POINT('',(48.0832143639114,6.,-26.7287071612398));
#9239=CARTESIAN_POINT('',(48.3634848628297,6.,-27.214149905229));
#9240=CARTESIAN_POINT('',(48.3634848628297,6.,-27.214149905229));
#9241=CARTESIAN_POINT('',(56.3062785246109,6.,-40.9714720814703));
#9242=CARTESIAN_POINT('',(48.7557763643307,6.,-27.8936187172062));
#9243=CARTESIAN_POINT('',(48.7557763643307,16.0854117306909,-27.8936187172062));
#9244=CARTESIAN_POINT('',(48.7557763643307,16.0854117306909,-27.8936187172062));
#9245=CARTESIAN_POINT('',(47.5433407990325,16.0854117306909,-29.9936187172062));
#9246=CARTESIAN_POINT('',(47.5433407990325,6.,-29.9936187172062));
#9247=CARTESIAN_POINT('',(48.73415726737,6.,-27.9310640915559));
#9248=CARTESIAN_POINT('',(47.5433407990325,16.0854117306909,-29.9936187172062));
#9249=CARTESIAN_POINT('',(46.0110526248469,5.99999999999998,-29.9936187172062));
#9250=CARTESIAN_POINT('',(45.7113630457217,5.99999999999998,-29.9936187172062));
#9251=CARTESIAN_POINT('',(45.4137973599029,6.01932954373451,-29.9936187172062));
#9252=CARTESIAN_POINT('',(45.118469668436,6.05902706432352,-29.9936187172062));
#9253=CARTESIAN_POINT('',(46.0110526248469,6.,-29.9936187172062));
#9254=CARTESIAN_POINT('',(63.8135424909699,6.,-29.9936187172063));
#9255=CARTESIAN_POINT('',(47.1830108931338,-7.,-41.1445920859826));
#9256=CARTESIAN_POINT('',(52.1888152896093,-3.,-39.6146866827791));
#9257=CARTESIAN_POINT('',(52.1888152896093,0.,-39.6146866827791));
#9258=CARTESIAN_POINT('',(52.1888152896093,3.00000000131431,-39.6146866827791));
#9259=CARTESIAN_POINT('',(47.1830108931338,0.,-41.1445920859826));
#9260=CARTESIAN_POINT('',(47.1830108931338,5.,-41.1445920859826));
#9261=CARTESIAN_POINT('',(47.1830108931338,0.,-41.1445920859826));
#9262=CARTESIAN_POINT('',(47.1830108931338,6.,-41.1445920859826));
#9263=CARTESIAN_POINT('',(50.4733847239648,6.,-40.1389673544426));
#9264=CARTESIAN_POINT('',(51.3728117060141,5.34202014332567,-39.8640788269174));
#9265=CARTESIAN_POINT('',(51.2382840973078,5.72815437256156,-39.9051940002519));
#9266=CARTESIAN_POINT('',(50.8663906252437,6.,-40.0188544206889));
#9267=CARTESIAN_POINT('',(50.4733847239648,6.,-40.1389673544426));
#9268=CARTESIAN_POINT('',(51.3728117060142,5.34202014332566,-39.8640788269178));
#9269=CARTESIAN_POINT('',(52.1888152896093,3.00000000131431,-39.6146866827791));
#9270=CARTESIAN_POINT('',(51.9167973228787,3.78066699250271,-39.6978225235169));
#9271=CARTESIAN_POINT('',(51.644797242615,4.56134079766107,-39.7809528976801));
#9272=CARTESIAN_POINT('',(51.3728117060142,5.34202014332566,-39.8640788269178));
#9273=CARTESIAN_POINT('',(63.8135424909699,-7.,-36.6371512096154));
#9274=CARTESIAN_POINT('',(56.8090029222782,-4.,-26.8936187172063));
#9275=CARTESIAN_POINT('',(56.8090029222782,0.,-26.8936187172063));
#9276=CARTESIAN_POINT('',(56.8090029222782,3.00000000131431,-26.8936187172063));
#9277=CARTESIAN_POINT('',(63.8135424909699,0.,-36.6371512096154));
#9278=CARTESIAN_POINT('',(63.8135424909699,3.00000000131431,-36.6371512096154));
#9279=CARTESIAN_POINT('',(0.,0.,0.));
#9280=CARTESIAN_POINT('',(12.0781094750597,0.,-26.8936187172063));
#9281=CARTESIAN_POINT('',(72.5620079169837,0.,-26.8936187172063));
#9282=CARTESIAN_POINT('',(72.5620079169837,0.,-23.8936187172063));
#9283=CARTESIAN_POINT('',(75.0194640498507,0.,-25.6143480262594));
#9284=CARTESIAN_POINT('',(74.123709068639,0.,-26.8936187172063));
#9285=CARTESIAN_POINT('',(76.2163381800241,0.,-23.905034622931));
#9286=CARTESIAN_POINT('',(76.8750706082744,0.,-16.3756885145047));
#9287=CARTESIAN_POINT('',(76.2331229321336,2.2904334678886E-12,-23.7131840284309));
#9288=CARTESIAN_POINT('',(71.6122655033232,2.29077173896641E-12,-23.0900619842198));
#9289=CARTESIAN_POINT('',(37.6774665191146,7.80000000000138,-23.0236187172079));
#9290=CARTESIAN_POINT('',(13.9632715609052,7.80000000000139,-9.33222187447039));
#9291=CARTESIAN_POINT('',(8.2928854499335,7.80000000000139,-19.1536187172063));
#9292=CARTESIAN_POINT('',(7.10643064675209,7.80000000000139,-21.2086187172006));
#9293=CARTESIAN_POINT('',(15.5351076687802,7.80000000000138,-35.8075155599417));
#9294=CARTESIAN_POINT('',(8.15432138533551,7.80000000000139,-23.0236187172079));
#9295=CARTESIAN_POINT('',(37.6774665191146,7.80000000000138,-23.0236187172079));
#9296=CARTESIAN_POINT('',(3.85,7.80000000000138,-23.0236187172079));
#9297=CARTESIAN_POINT('',(3.85,7.80000000000138,-23.0236187172079));
#9298=CARTESIAN_POINT('',(3.85,7.80000000000139,-19.1536187172063));
#9299=CARTESIAN_POINT('',(37.6774665191146,7.80000000000139,-19.1536187172063));
#9300=CARTESIAN_POINT('',(8.3188662120503,19.2603520153003,-23.3086187172006));
#9301=CARTESIAN_POINT('',(7.10643064675209,19.2603520153003,-21.2086187172006));
#9302=CARTESIAN_POINT('',(7.10643064675209,5.80000000000139,-21.2086187172006));
#9303=CARTESIAN_POINT('',(8.3188662120503,5.80000000000138,-23.3086187172006));
#9304=CARTESIAN_POINT('',(13.1315415443369,16.420798195848,-31.6444169130545));
#9305=CARTESIAN_POINT('',(9.53130177734852,5.80000000000139,-21.2086187172006));
#9306=CARTESIAN_POINT('',(7.10643064675209,5.80000000000139,-21.2086187172006));
#9307=CARTESIAN_POINT('',(8.31886621205031,5.80000000000139,-19.1086187172006));
#9308=CARTESIAN_POINT('',(8.31886621205031,5.80000000000139,-19.1086187172006));
#9309=CARTESIAN_POINT('',(10.7437373426467,5.80000000000139,-19.1086187172006));
#9310=CARTESIAN_POINT('',(10.7437373426467,5.80000000000139,-19.1086187172006));
#9311=CARTESIAN_POINT('',(76.8750706082744,-5.,-16.3756885145047));
#9312=CARTESIAN_POINT('',(76.2163381800241,0.,-23.905034622931));
#9313=CARTESIAN_POINT('',(76.2163381800241,5.,-23.905034622931));
#9314=CARTESIAN_POINT('',(77.7129223126245,5.,-6.79899971182548));
#9315=CARTESIAN_POINT('',(76.3202785556703,5.,-22.7169906929265));
#9316=CARTESIAN_POINT('',(76.2331229321336,2.29178655219986E-12,-23.7131840284309));
#9317=CARTESIAN_POINT('',(76.2331229321336,1.71787558309274,-23.7131840284306));
#9318=CARTESIAN_POINT('',(76.2628957871729,3.41985230283286,-23.3728787381291));
#9319=CARTESIAN_POINT('',(76.3202786572465,4.99999951439336,-22.7169895319053));
#9320=CARTESIAN_POINT('',(66.991408011244,-1.14335624301631E-12,-22.4669399314768));
#9321=CARTESIAN_POINT('',(76.2331229767998,-1.14335624301631E-12,-23.7131840344542));
#9322=CARTESIAN_POINT('',(66.991408011244,1.73333333333258,-22.4669399314769));
#9323=CARTESIAN_POINT('',(76.2331229767998,1.73333333333258,-23.7131840344543));
#9324=CARTESIAN_POINT('',(67.0212244495524,3.42105263157859,-22.1261364821298));
#9325=CARTESIAN_POINT('',(76.2629394151082,3.42105263157859,-23.3723805851071));
#9326=CARTESIAN_POINT('',(67.0785637539916,5.,-21.470745233385));
#9327=CARTESIAN_POINT('',(76.3202787195474,5.,-22.7169893363624));
#9328=CARTESIAN_POINT('',(76.32027837308,5.,-22.7169920469672));
#9329=CARTESIAN_POINT('',(73.311218494423,5.,-22.311224881512));
#9330=CARTESIAN_POINT('',(70.302158615766,5.,-21.9054577160567));
#9331=CARTESIAN_POINT('',(67.293098737109,5.,-21.4996905506015));
#9332=CARTESIAN_POINT('',(79.7325806280229,5.,-38.549728836454));
#9333=CARTESIAN_POINT('',(67.293098737109,5.,-21.4996905506015));
#9334=CARTESIAN_POINT('',(64.0238543618647,5.,-21.0588379000003));
#9335=CARTESIAN_POINT('',(60.7546099866203,5.,-20.6179852493992));
#9336=CARTESIAN_POINT('',(57.4853656113759,5.,-20.177132598798));
#9337=CARTESIAN_POINT('',(57.4853656113744,4.99999999999999,-20.1771325988086));
#9338=CARTESIAN_POINT('',(51.0758097346044,5.,-19.3128137002637));
#9339=CARTESIAN_POINT('',(53.2123283601957,5.,-19.6009199997753));
#9340=CARTESIAN_POINT('',(55.3488469857871,5.,-19.8890262992868));
#9341=CARTESIAN_POINT('',(57.4853656113784,5.,-20.1771325987984));
#9342=CARTESIAN_POINT('',(51.0758097346035,5.,-19.3128137002623));
#9343=CARTESIAN_POINT('',(51.0758097346035,5.,-19.3128137002623));
#9344=CARTESIAN_POINT('',(50.7489934388125,5.,-18.7545562246515));
#9345=CARTESIAN_POINT('',(50.1142484956678,5.,-17.6297479135171));
#9346=CARTESIAN_POINT('',(49.2354046456722,5.,-16.6482738107171));
#9347=CARTESIAN_POINT('',(48.755655440667,5.,-16.2021293368673));
#9348=CARTESIAN_POINT('',(48.755655440667,5.,-16.2021293368672));
#9349=CARTESIAN_POINT('',(48.755655440667,4.99999999999998,-16.2021293368672));
#9350=CARTESIAN_POINT('',(47.7905984082426,-4.51023981684658E-16,-16.2284324466322));
#9351=CARTESIAN_POINT('',(47.7739196542392,-4.51023981684658E-16,-16.4190714772362));
#9352=CARTESIAN_POINT('',(47.7655529116303,-4.51023981684658E-16,-16.5147037828591));
#9353=CARTESIAN_POINT('',(47.562267070094,-4.51023981684658E-16,-18.8382715840303));
#9354=CARTESIAN_POINT('',(47.7801436517612,1.73072287351179,-16.2288843898145));
#9355=CARTESIAN_POINT('',(47.7634648977578,1.73072287351179,-16.4195234204184));
#9356=CARTESIAN_POINT('',(47.7550981551489,1.73072287351179,-16.5151557260413));
#9357=CARTESIAN_POINT('',(47.5518123136126,1.73072287351179,-18.8387235272126));
#9358=CARTESIAN_POINT('',(48.1107380667121,3.41844029012658,-16.2145932973153));
#9359=CARTESIAN_POINT('',(48.0940593127087,3.41844029012658,-16.4052323279192));
#9360=CARTESIAN_POINT('',(48.0856925700998,3.41844029012658,-16.5008646335421));
#9361=CARTESIAN_POINT('',(47.8824067285635,3.41844029012658,-18.8244324347134));
#9362=CARTESIAN_POINT('',(48.7570091837786,5.00000000000003,-16.1866559822977));
#9363=CARTESIAN_POINT('',(48.7403304297752,5.00000000000003,-16.3772950129016));
#9364=CARTESIAN_POINT('',(48.7319636871663,5.00000000000003,-16.4729273185245));
#9365=CARTESIAN_POINT('',(48.52867784563,5.00000000000003,-18.7964951196957));
#9366=CARTESIAN_POINT('',(47.7466964575435,2.25511990842329E-16,-16.7302340393157));
#9367=CARTESIAN_POINT('',(47.7369729180637,1.73666791826985,-16.7219192084968));
#9368=CARTESIAN_POINT('',(48.0883982219216,3.43294991221483,-16.5374519616767));
#9369=CARTESIAN_POINT('',(48.7556554406671,5.00000000000003,-16.2021293368674));
#9370=CARTESIAN_POINT('',(47.7466964575435,-6.70612774468595E-16,-16.7302340393157));
#9371=CARTESIAN_POINT('',(47.5912470727255,-4.51023981684658E-16,-18.5070286382174));
#9372=CARTESIAN_POINT('',(0.,0.,0.));
#9373=CARTESIAN_POINT('',(42.6285378228397,-7.40279988092915E-16,-14.5801604954865));
#9374=CARTESIAN_POINT('',(44.51580784257,-7.40279988092915E-16,-14.7465860754705));
#9375=CARTESIAN_POINT('',(46.3120186012474,-6.70612774468591E-16,-15.5034067425851));
#9376=CARTESIAN_POINT('',(47.7466964575435,-6.70612774468591E-16,-16.7302340393157));
#9377=CARTESIAN_POINT('',(42.6285378228397,0.,-14.5801604954865));
#9378=CARTESIAN_POINT('',(22.75,0.,-14.5801604954865));
#9379=CARTESIAN_POINT('',(22.75,0.,-14.5801604954865));
#9380=CARTESIAN_POINT('',(22.75,0.,-9.75));
#9381=CARTESIAN_POINT('',(22.75,0.,-12.7395833333333));
#9382=CARTESIAN_POINT('',(152.6,0.,-12.7395833333333));
#9383=CARTESIAN_POINT('',(4.84999999999999,0.,-12.7395833333333));
#9384=CARTESIAN_POINT('',(15.35,0.,-2.23958333333334));
#9385=CARTESIAN_POINT('',(3.85,0.,-13.7395833333333));
#9386=CARTESIAN_POINT('',(3.85,0.,-18.8936187172063));
#9387=CARTESIAN_POINT('',(70.5,8.75000000000009,-15.75));
#9388=CARTESIAN_POINT('',(70.5,8.75000000000009,-15.75));
#9389=CARTESIAN_POINT('',(70.5,8.75000000000009,-16.7817541634481));
#9390=CARTESIAN_POINT('',(85.2876965398408,8.75000000000009,-17.25));
#9391=CARTESIAN_POINT('',(85.7876965398408,8.75000000000009,-17.25));
#9392=CARTESIAN_POINT('',(85.7876965398408,8.75000000000009,-17.7817541634481));
#9393=CARTESIAN_POINT('',(6.38701017588519E-14,11.2000000000006,-9.91471739754452E-18));
#9394=CARTESIAN_POINT('',(140.856853630406,11.1999999999998,-76.8719889650553));
#9395=CARTESIAN_POINT('',(139.742925829757,11.1999999999998,-73.1626541385745));
#9396=CARTESIAN_POINT('',(129.747147272155,11.1999999999999,-39.8771131008791));
#9397=CARTESIAN_POINT('',(139.742925829757,11.1999999999998,-73.1626541385745));
#9398=CARTESIAN_POINT('',(141.658418097553,11.1999999999998,-72.5874242958028));
#9399=CARTESIAN_POINT('',(130.548711739302,11.1999999999999,-35.5925484316266));
#9400=CARTESIAN_POINT('',(131.66263953995,11.1999999999999,-39.3018832581074));
#9401=CARTESIAN_POINT('',(131.66263953995,11.1999999999999,-39.3018832581074));
#9402=CARTESIAN_POINT('',(6.38701017588519E-14,11.2000000000006,-9.91471739754452E-18));
#9403=CARTESIAN_POINT('',(127.005342125097,11.1999999999999,-37.7007542510679));
#9404=CARTESIAN_POINT('',(128.119269925745,11.1999999999999,-41.4100890775486));
#9405=CARTESIAN_POINT('',(136.964588797804,11.1999999999999,-70.8646455796528));
#9406=CARTESIAN_POINT('',(128.119269925745,11.1999999999999,-41.4100890775486));
#9407=CARTESIAN_POINT('',(126.203777657949,11.1999999999999,-41.9853189203204));
#9408=CARTESIAN_POINT('',(136.163024330657,11.1999999999999,-75.1492102489053));
#9409=CARTESIAN_POINT('',(135.049096530009,11.1999999999999,-71.4398754224245));
#9410=CARTESIAN_POINT('',(135.049096530009,11.1999999999999,-71.4398754224245));
#9411=CARTESIAN_POINT('',(143.086520601112,16.,-94.389112062193));
#9412=CARTESIAN_POINT('',(143.086520601112,13.7000000000001,-94.389112062193));
#9413=CARTESIAN_POINT('',(141.486424742557,13.7000000000001,-95.9666357006959));
#9414=CARTESIAN_POINT('',(143.086520601112,13.7000000000001,-94.3891120621933));
#9415=CARTESIAN_POINT('',(141.486424742557,16.,-95.9666357006959));
#9416=CARTESIAN_POINT('',(141.486424742557,15.,-95.9666357006959));
#9417=CARTESIAN_POINT('',(143.086520601112,15.,-94.389112062193));
#9418=CARTESIAN_POINT('',(143.086520601112,15.,-94.3891120621933));
#9419=CARTESIAN_POINT('',(143.086520601112,16.,-94.3891120621933));
#9420=CARTESIAN_POINT('',(140.67992889828,16.,-72.7633895468398));
#9421=CARTESIAN_POINT('',(140.67992889828,13.355669781726,-72.7633895468398));
#9422=CARTESIAN_POINT('',(140.67992889828,15.,-72.7633895468398));
#9423=CARTESIAN_POINT('',(140.67992889828,15.,-72.7633895468398));
#9424=CARTESIAN_POINT('',(138.854898261274,15.,-72.0991327183456));
#9425=CARTESIAN_POINT('',(138.854898261274,16.,-72.0991327183456));
#9426=CARTESIAN_POINT('',(132.901167226896,16.,-53.7754327290718));
#9427=CARTESIAN_POINT('',(132.901167226896,15.,-53.7754327290718));
#9428=CARTESIAN_POINT('',(132.170885728354,15.,-51.5278573835047));
#9429=CARTESIAN_POINT('',(132.170885728354,16.,-51.5278573835047));
#9430=CARTESIAN_POINT('',(133.256694082304,16.,-49.9170219611228));
#9431=CARTESIAN_POINT('',(133.256864292925,13.7000000000001,-49.9167694475956));
#9432=CARTESIAN_POINT('',(133.256864292925,14.1333333333334,-49.9167694475956));
#9433=CARTESIAN_POINT('',(133.256864292925,14.5666666666667,-49.9167694475956));
#9434=CARTESIAN_POINT('',(133.256864292925,15.,-49.9167694475956));
#9435=CARTESIAN_POINT('',(133.256862110282,15.,-49.9165132977064));
#9436=CARTESIAN_POINT('',(132.170885728354,15.,-51.5278573835047));
#9437=CARTESIAN_POINT('',(132.532913952698,15.,-50.9907755996387));
#9438=CARTESIAN_POINT('',(132.894942177043,15.,-50.4536938157726));
#9439=CARTESIAN_POINT('',(133.256970401387,15.,-49.9166120319065));
#9440=CARTESIAN_POINT('',(3.85,41.1833877898701,-18.8936187172063));
#9441=CARTESIAN_POINT('',(3.85,-4.33680868994202E-15,-2.23958333333334));
#9442=CARTESIAN_POINT('',(3.85,8.35578643762761,-10.1409017681744));
#9443=CARTESIAN_POINT('',(3.85,8.35578643762761,-18.8936187172063));
#9444=CARTESIAN_POINT('',(3.85,8.35578643762761,-19.1536187172063));
#9445=CARTESIAN_POINT('',(3.85,7.80000000000139,-19.1536187172063));
#9446=CARTESIAN_POINT('',(3.85,9.33499999999986,-24.5586187172064));
#9447=CARTESIAN_POINT('',(134.781346164513,14.,-54.6094185744583));
#9448=CARTESIAN_POINT('',(134.781346164513,15.,-54.6094185744583));
#9449=CARTESIAN_POINT('',(61.8318084448958,13.9962446338643,-24.6839957588381));
#9450=CARTESIAN_POINT('',(63.0442440095101,13.9962446338643,-22.5839957584433));
#9451=CARTESIAN_POINT('',(63.0442440095101,8.3096229591579,-22.5839957584433));
#9452=CARTESIAN_POINT('',(61.8318084448958,13.9962446338643,-24.6839957588381));
#9453=CARTESIAN_POINT('',(61.8318084448958,6.20962295836811,-24.6839957588381));
#9454=CARTESIAN_POINT('',(60.4713575513659,3.85325288779946,-27.0403658294068));
#9455=CARTESIAN_POINT('',(63.0442440095101,13.9962446338643,-22.5839957584433));
#9456=CARTESIAN_POINT('',(65.4691151401065,13.9962446338643,-22.5839957576535));
#9457=CARTESIAN_POINT('',(65.4691151401065,8.30962295955279,-22.5839957576535));
#9458=CARTESIAN_POINT('',(32.2501977030497,8.30962294873329,-22.583995768473));
#9459=CARTESIAN_POINT('',(65.4691151401065,13.9962446338643,-22.5839957576535));
#9460=CARTESIAN_POINT('',(66.6815507060887,13.9962446338643,-24.6839957572586));
#9461=CARTESIAN_POINT('',(66.6815507060887,6.2096229599477,-24.6839957572586));
#9462=CARTESIAN_POINT('',(58.8972924893288,19.6923536804699,-11.2012650367364));
#9463=CARTESIAN_POINT('',(66.6815507060887,13.9962446338643,-24.6839957572586));
#9464=CARTESIAN_POINT('',(65.4691151414744,13.9962446338643,-26.7839957576535));
#9465=CARTESIAN_POINT('',(65.4691151414744,4.10962295955281,-26.7839957576535));
#9466=CARTESIAN_POINT('',(64.6282794896429,2.6532528886699,-28.2403658285364));
#9467=CARTESIAN_POINT('',(65.4691151414744,13.9962446338643,-26.7839957576535));
#9468=CARTESIAN_POINT('',(63.044244010878,13.9962446338643,-26.7839957584433));
#9469=CARTESIAN_POINT('',(63.044244010878,4.10962295876301,-26.7839957584433));
#9470=CARTESIAN_POINT('',(32.2501977057857,4.1096229487332,-26.7839957684731));
#9471=CARTESIAN_POINT('',(63.044244010878,13.9962446338643,-26.7839957584433));
#9472=CARTESIAN_POINT('',(54.7403705512751,18.4923536795995,-12.4012650376068));
#9473=CARTESIAN_POINT('',(10.7437373426467,19.2603520153003,-19.1086187172006));
#9474=CARTESIAN_POINT('',(10.7437373426467,19.2603520153003,-19.1086187172006));
#9475=CARTESIAN_POINT('',(10.7437373426467,11.7850000000057,-19.1086187172006));
#9476=CARTESIAN_POINT('',(13.709691415613,6.6478168527122,-24.2458018644941));
#9477=CARTESIAN_POINT('',(10.7697181047635,11.74,-19.1536187172063));
#9478=CARTESIAN_POINT('',(10.7697181047635,7.80000000000138,-19.1536187172063));
#9479=CARTESIAN_POINT('',(37.6774665191146,7.80000000000139,-19.1536187172063));
#9480=CARTESIAN_POINT('',(37.6774665191146,11.74,-19.1536187172063));
#9481=CARTESIAN_POINT('',(28.2928854499354,11.74,-19.1536187172063));
#9482=CARTESIAN_POINT('',(28.2928854499354,7.80000000000139,-19.1536187172063));
#9483=CARTESIAN_POINT('',(27.1064306467521,19.2603520153003,-21.2086187172039));
#9484=CARTESIAN_POINT('',(28.9868824028849,12.9420379828065,-17.9515807343998));
#9485=CARTESIAN_POINT('',(28.3188662120503,11.7850000000024,-19.1086187172038));
#9486=CARTESIAN_POINT('',(28.3188662120503,19.2603520153003,-19.1086187172038));
#9487=CARTESIAN_POINT('',(28.3188662120503,19.2603520153003,-19.1086187172038));
#9488=CARTESIAN_POINT('',(30.7437373426467,19.2603520153003,-19.1086187172039));
#9489=CARTESIAN_POINT('',(30.7437373426467,11.7850000000024,-19.1086187172039));
#9490=CARTESIAN_POINT('',(32.2501977006458,11.7850000000024,-19.1086187172039));
#9491=CARTESIAN_POINT('',(30.7437373426467,19.2603520153003,-19.1086187172039));
#9492=CARTESIAN_POINT('',(30.8525485584686,11.5965334457657,-19.2970852714406));
#9493=CARTESIAN_POINT('',(30.7697181047617,11.74,-19.1536187172063));
#9494=CARTESIAN_POINT('',(30.7697181047617,7.80000000000138,-19.1536187172063));
#9495=CARTESIAN_POINT('',(37.6774665191146,7.80000000000139,-19.1536187172063));
#9496=CARTESIAN_POINT('',(37.6774665191146,11.74,-19.1536187172063));
#9497=CARTESIAN_POINT('',(52.5779859191833,11.74,-19.1536187172063));
#9498=CARTESIAN_POINT('',(46.7574876587254,7.80000000000139,-19.1536187172063));
#9499=CARTESIAN_POINT('',(48.0116368116561,7.80000000000141,-19.1536187172063));
#9500=CARTESIAN_POINT('',(50.466059704039,8.56919959966869,-19.1536187172063));
#9501=CARTESIAN_POINT('',(52.1194330011908,10.5724119629496,-19.1536187172063));
#9502=CARTESIAN_POINT('',(52.5779859191833,11.74,-19.1536187172063));
#9503=CARTESIAN_POINT('',(46.7428256794649,7.80000000000138,-19.0689186826813));
#9504=CARTESIAN_POINT('',(51.7532313988121,7.80000000000138,-18.2208653441395));
#9505=CARTESIAN_POINT('',(52.5779859191836,12.8123500172622,-18.0812686999441));
#9506=CARTESIAN_POINT('',(46.7993849506103,7.80000000000139,-19.3620841186203));
#9507=CARTESIAN_POINT('',(51.6607915588637,7.80000000000139,-18.4114673654119));
#9508=CARTESIAN_POINT('',(52.5779859191836,12.6657672992927,-18.2278514179135));
#9509=CARTESIAN_POINT('',(46.9125034929009,7.80000000000139,-19.9484149904982));
#9510=CARTESIAN_POINT('',(51.4815008355238,7.8000000000014,-18.78114751937));
#9511=CARTESIAN_POINT('',(52.5779859191835,12.3726018633538,-18.5210168538525));
#9512=CARTESIAN_POINT('',(47.2421048813163,7.80000000000138,-21.047012921247));
#9513=CARTESIAN_POINT('',(51.2429521145246,7.80000000000138,-19.5415351007306));
#9514=CARTESIAN_POINT('',(52.5779859191833,11.8233028979794,-19.0703158192268));
#9515=CARTESIAN_POINT('',(47.7781443279279,7.80000000000139,-22.2781263657615));
#9516=CARTESIAN_POINT('',(51.1102996898068,7.8000000000014,-20.4460582491564));
#9517=CARTESIAN_POINT('',(52.5779859191831,11.2077461757223,-19.685872541484));
#9518=CARTESIAN_POINT('',(48.5641647803049,7.80000000000138,-23.4645753919917));
#9519=CARTESIAN_POINT('',(51.171720495813,7.80000000000138,-21.3722497363927));
#9520=CARTESIAN_POINT('',(52.5779859191829,10.6145216626073,-20.279097054599));
#9521=CARTESIAN_POINT('',(49.7034594207112,7.80000000000138,-24.6508683459541));
#9522=CARTESIAN_POINT('',(51.4444091357068,7.80000000000139,-22.3184466929995));
#9523=CARTESIAN_POINT('',(52.5779859191827,10.0213751856263,-20.8722435315799));
#9524=CARTESIAN_POINT('',(50.8531893799236,7.80000000000138,-25.2822054671197));
#9525=CARTESIAN_POINT('',(51.8723435545251,7.80000000000139,-22.8478789061019));
#9526=CARTESIAN_POINT('',(52.5779859191826,9.70570662504367,-21.1879120921626));
#9527=CARTESIAN_POINT('',(51.8891293129527,7.80000000000139,-25.5486211090244));
#9528=CARTESIAN_POINT('',(52.2922389516351,7.80000000000139,-23.0683308739759));
#9529=CARTESIAN_POINT('',(52.5779859191826,9.57249880409153,-21.3211199131147));
#9530=CARTESIAN_POINT('',(52.3483670504384,7.80000000000139,-25.5688070973038));
#9531=CARTESIAN_POINT('',(52.4827837430054,7.80000000000138,-23.0851935789545));
#9532=CARTESIAN_POINT('',(52.5779859191826,9.56240580995191,-21.3312129072544));
#9533=CARTESIAN_POINT('',(52.5779859191812,7.80000000000138,-25.5789000914434));
#9534=CARTESIAN_POINT('',(52.577985919182,7.80000000000139,-23.0936187172049));
#9535=CARTESIAN_POINT('',(52.5779859191826,9.5573593128821,-21.3362594043242));
#9536=CARTESIAN_POINT('',(49.1189340152744,7.8349999999998,-23.0586187172064));
#9537=CARTESIAN_POINT('',(48.8431924326775,7.81316589307878,-23.0367846102853));
#9538=CARTESIAN_POINT('',(48.5659473388627,7.80000000000153,-23.0236187172081));
#9539=CARTESIAN_POINT('',(48.2864186064239,7.80000000000139,-23.0236187172079));
#9540=CARTESIAN_POINT('',(49.1189340152744,7.83499999999951,-23.0586187172068));
#9541=CARTESIAN_POINT('',(49.1189340152744,7.83499999999979,-23.0586187172065));
#9542=CARTESIAN_POINT('',(49.7399811687087,7.89134782972751,-23.0022708874788));
#9543=CARTESIAN_POINT('',(50.6532715689088,8.07903518984376,-22.8145835273625));
#9544=CARTESIAN_POINT('',(51.7086344396917,8.56747315861981,-22.3261455585864));
#9545=CARTESIAN_POINT('',(52.2492883581046,8.97971655342916,-21.9139021637771));
#9546=CARTESIAN_POINT('',(52.5076256725836,9.32879717104232,-21.564821546164));
#9547=CARTESIAN_POINT('',(52.5900046247459,9.54731260631214,-21.3463061108941));
#9548=CARTESIAN_POINT('',(52.5710574889168,9.77361466836117,-21.1200040488451));
#9549=CARTESIAN_POINT('',(52.5802482637594,10.053873606647,-20.8397451105593));
#9550=CARTESIAN_POINT('',(52.5751579884622,10.7286575477411,-20.1649611694651));
#9551=CARTESIAN_POINT('',(52.5779859191832,11.2904143504216,-19.6032043667847));
#9552=CARTESIAN_POINT('',(52.5779859191833,11.74,-19.1536187172063));
#9553=CARTESIAN_POINT('',(37.6774665191146,9.33499999999986,-24.5586187172064));
#9554=CARTESIAN_POINT('',(37.6774665191146,7.83499999999985,-23.0586187172064));
#9555=CARTESIAN_POINT('',(47.4141472611716,7.83499999999985,-23.0586187172064));
#9556=CARTESIAN_POINT('',(46.2166109424837,8.3,-23.5236187172066));
#9557=CARTESIAN_POINT('',(46.6042523536875,8.13014364553948,-23.353762362746));
#9558=CARTESIAN_POINT('',(47.0038520410253,7.97568564589555,-23.1993043631021));
#9559=CARTESIAN_POINT('',(47.4141472611716,7.83499999999985,-23.0586187172064));
#9560=CARTESIAN_POINT('',(56.6788130450387,11.,-36.6371512096154));
#9561=CARTESIAN_POINT('',(56.6788130450387,6.,-36.6371512096154));
#9562=CARTESIAN_POINT('',(47.4141472611716,7.83499999999985,-23.0586187172064));
#9563=CARTESIAN_POINT('',(47.4087266910882,7.47008344196237,-23.4235352752439));
#9564=CARTESIAN_POINT('',(47.7657273923916,6.7448205683644,-24.1487981488419));
#9565=CARTESIAN_POINT('',(49.1700929696875,6.1923264537621,-24.7012922634442));
#9566=CARTESIAN_POINT('',(50.680477263295,6.01943225489252,-24.8741864623138));
#9567=CARTESIAN_POINT('',(51.694547153224,5.99999999999986,-24.8936187172064));
#9568=CARTESIAN_POINT('',(52.2036503708961,5.99999999999986,-24.8936187172064));
#9569=CARTESIAN_POINT('',(52.2036503708962,6.,-24.8936187172063));
#9570=CARTESIAN_POINT('',(56.6788130450387,6.,-36.6371512096154));
#9571=CARTESIAN_POINT('',(63.8135424909699,6.,-36.6371512096154));
#9572=CARTESIAN_POINT('',(32.2501977006458,6.,-24.8936187172063));
#9573=CARTESIAN_POINT('',(56.5808410481831,6.,-24.8936187172063));
#9574=CARTESIAN_POINT('',(63.8135424909699,6.,-36.6371512096154));
#9575=CARTESIAN_POINT('',(63.8135424909699,5.,-36.6371512096154));
#9576=CARTESIAN_POINT('',(56.5808410481831,6.,-24.8936187172063));
#9577=CARTESIAN_POINT('',(56.716241971118,6.,-24.8936187172063));
#9578=CARTESIAN_POINT('',(56.9818514949977,5.98525011246918,-24.9083686047371));
#9579=CARTESIAN_POINT('',(57.3163192815445,5.9073806259074,-24.9862380912989));
#9580=CARTESIAN_POINT('',(57.4885092944138,5.74885173250842,-25.1447669846978));
#9581=CARTESIAN_POINT('',(57.4929467460366,5.54814930250426,-25.345469414702));
#9582=CARTESIAN_POINT('',(57.3877871104502,5.4209162279353,-25.472702489271));
#9583=CARTESIAN_POINT('',(57.3100536525535,5.34202014332567,-25.5515985738806));
#9584=CARTESIAN_POINT('',(57.3100536525535,5.34202014332567,-25.5515985738806));
#9585=CARTESIAN_POINT('',(63.8135424909699,5.34202014332567,-36.6371512096154));
#9586=CARTESIAN_POINT('',(63.8135424909699,6.,-36.6371512096154));
#9587=CARTESIAN_POINT('',(63.8135424909699,-2.04410398439382,-32.9377227016001));
#9588=CARTESIAN_POINT('',(56.2022788303574,4.,-26.8936187172063));
#9589=CARTESIAN_POINT('',(56.2022788303574,4.,-26.8936187172063));
#9590=CARTESIAN_POINT('',(56.4007225880823,3.664362567899,-26.8936187172063));
#9591=CARTESIAN_POINT('',(56.6026936806892,3.33086525485404,-26.8936187172063));
#9592=CARTESIAN_POINT('',(56.8090029222782,3.00000000131431,-26.8936187172063));
#9593=CARTESIAN_POINT('',(12.0781094750597,-5.,-26.8936187172063));
#9594=CARTESIAN_POINT('',(72.5620079169837,-5.,-26.8936187172063));
#9595=CARTESIAN_POINT('',(72.5620079169837,4.,-26.8936187172063));
#9596=CARTESIAN_POINT('',(32.2501977006458,4.,-26.8936187172063));
#9597=CARTESIAN_POINT('',(72.5620079169837,-5.,-23.8936187172063));
#9598=CARTESIAN_POINT('',(75.0194640498507,-5.,-25.6143480262594));
#9599=CARTESIAN_POINT('',(75.0194640498507,5.27927069094686,-25.6143480262594));
#9600=CARTESIAN_POINT('',(72.5620079169837,7.,-23.8936187172063));
#9601=CARTESIAN_POINT('',(74.123709068639,-5.,-26.8936187172063));
#9602=CARTESIAN_POINT('',(70.3784159408325,-1.34883291514179,-32.242451632348));
#9603=CARTESIAN_POINT('',(75.0714773561017,5.35355339059327,-25.540065326613));
#9604=CARTESIAN_POINT('',(74.9601483392989,5.73739961843911,-25.6990596400525));
#9605=CARTESIAN_POINT('',(75.1740203759535,5.,-25.3936187172063));
#9606=CARTESIAN_POINT('',(74.123709068639,5.,-26.8936187172063));
#9607=CARTESIAN_POINT('',(37.6774665191146,7.80000000000139,-19.1536187172063));
#9608=CARTESIAN_POINT('',(37.6774665191146,11.74,-19.1536187172063));
#9609=CARTESIAN_POINT('',(8.29288544993349,11.74,-19.1536187172063));
#9610=CARTESIAN_POINT('',(7.2342135623724,11.74,-19.1536187172063));
#9611=CARTESIAN_POINT('',(8.2928854499335,7.80000000000139,-19.1536187172063));
#9612=CARTESIAN_POINT('',(20.4858400407442,24.9916264783718,-19.1536187172063));
#9613=CARTESIAN_POINT('',(7.10643064675209,19.2603520153003,-21.2086187172006));
#9614=CARTESIAN_POINT('',(11.8440252600261,17.8907545758609,-13.0028641413454));
#9615=CARTESIAN_POINT('',(8.31886621205031,11.7850000000057,-19.1086187172006));
#9616=CARTESIAN_POINT('',(8.31886621205031,19.2603520153003,-19.1086187172006));
#9617=CARTESIAN_POINT('',(8.31886621205031,19.2603520153003,-19.1086187172006));
#9618=CARTESIAN_POINT('',(32.2501977006458,11.7850000000057,-19.1086187172006));
#9619=CARTESIAN_POINT('',(3.88740894520172E-15,5.,-25.3936187172063));
#9620=CARTESIAN_POINT('',(87.2263725678052,5.35529848459483,-25.540788168216));
#9621=CARTESIAN_POINT('',(87.2469855053046,5.23686565639655,-25.4917316845461));
#9622=CARTESIAN_POINT('',(87.2675984428041,5.11843282819828,-25.4426752008762));
#9623=CARTESIAN_POINT('',(87.2882113803035,5.,-25.3936187172063));
#9624=CARTESIAN_POINT('',(87.2882113804504,5.00000000003597,-25.3936187230868));
#9625=CARTESIAN_POINT('',(87.2269349923824,5.35661079229269,-25.5378563011374));
#9626=CARTESIAN_POINT('',(76.0423596153071,5.,-25.3936187172063));
#9627=CARTESIAN_POINT('',(87.2264528444801,5.35355339059327,-25.540065326613));
#9628=CARTESIAN_POINT('',(0.,5.,0.));
#9629=CARTESIAN_POINT('',(97.3854160313338,5.,-31.7054105283144));
#9630=CARTESIAN_POINT('',(96.7520959455757,5.,-30.9194525724743));
#9631=CARTESIAN_POINT('',(95.7071585258023,5.,-29.83035199356));
#9632=CARTESIAN_POINT('',(94.1429823531419,5.,-28.5687645390173));
#9633=CARTESIAN_POINT('',(92.8464104785457,5.,-27.6960993914794));
#9634=CARTESIAN_POINT('',(91.5802205807316,5.,-26.9851327536656));
#9635=CARTESIAN_POINT('',(89.7648963702523,5.,-26.1405894221345));
#9636=CARTESIAN_POINT('',(88.307580286135,5.,-25.6550728961939));
#9637=CARTESIAN_POINT('',(87.2882113779633,5.,-25.3936187263304));
#9638=CARTESIAN_POINT('',(97.3907277379324,5.00000000000695,-31.7011303878137));
#9639=CARTESIAN_POINT('',(96.6632300471805,5.,-30.0946199361869));
#9640=CARTESIAN_POINT('',(96.7745864822085,5.,-30.3394579239174));
#9641=CARTESIAN_POINT('',(85.0458245283501,5.,-23.8936187254809));
#9642=CARTESIAN_POINT('',(86.2106839455498,5.,-23.9879131864439));
#9643=CARTESIAN_POINT('',(88.502472322426,5.,-24.3137904097051));
#9644=CARTESIAN_POINT('',(91.8384205065569,5.,-25.4316495648247));
#9645=CARTESIAN_POINT('',(94.8002751672886,5.,-27.4372762876602));
#9646=CARTESIAN_POINT('',(96.2100423882621,5.,-29.3107329920049));
#9647=CARTESIAN_POINT('',(96.774586482208,5.,-30.3394579239177));
#9648=CARTESIAN_POINT('',(85.0458245283501,5.,-23.8936187254809));
#9649=CARTESIAN_POINT('',(76.3202783730799,5.,-22.7169920469672));
#9650=CARTESIAN_POINT('',(79.22879375817,5.,-23.1092009398051));
#9651=CARTESIAN_POINT('',(82.13730914326,5.,-23.501409832643));
#9652=CARTESIAN_POINT('',(85.0458245283501,5.,-23.8936187254809));
#9653=CARTESIAN_POINT('',(152.6,-4.33680868994202E-15,-2.23958333333334));
#9654=CARTESIAN_POINT('',(22.75,-4.33680868994202E-15,-2.23958333333334));
#9655=CARTESIAN_POINT('',(22.75,7.58527190392201,-9.49999999793128));
#9656=CARTESIAN_POINT('',(5.78963370655383,7.58527190392201,-9.49999999793128));
#9657=CARTESIAN_POINT('',(4.84999999999999,7.58527190392201,-9.49999999793128));
#9658=CARTESIAN_POINT('',(4.84999999999999,-4.33680868994202E-15,-2.23958333333334));
#9659=CARTESIAN_POINT('',(4.84999999999999,-4.33680868994202E-15,-2.23958333333334));
#9660=CARTESIAN_POINT('',(4.09469398116542,8.60048041879303,-9.49999999793128));
#9661=CARTESIAN_POINT('',(4.35079389185558,8.26532671506325,-9.49999999793128));
#9662=CARTESIAN_POINT('',(4.60296836353996,7.92722829199708,-9.49999999793128));
#9663=CARTESIAN_POINT('',(4.85000000000012,7.58527190392211,-9.49999999793128));
#9664=CARTESIAN_POINT('',(4.09469398116542,8.60048041879303,-9.49999999793128));
#9665=CARTESIAN_POINT('',(4.09469398116542,8.60048041879303,-9.49999999793128));
#9666=CARTESIAN_POINT('',(4.01596502675834,8.52175146438595,-9.71530793098517));
#9667=CARTESIAN_POINT('',(3.93435661158467,8.44014304921227,-9.92891602452412));
#9668=CARTESIAN_POINT('',(3.85,8.35578643762761,-10.1409017681744));
#9669=CARTESIAN_POINT('',(142.277618504218,14.,-107.223571108502));
#9670=CARTESIAN_POINT('',(142.277618504218,15.,-107.223571108502));
#9671=CARTESIAN_POINT('',(142.277618504218,15.,-107.223571108502));
#9672=CARTESIAN_POINT('',(142.277618504218,12.2000000000001,-107.223571108502));
#9673=CARTESIAN_POINT('',(142.277618504218,13.7000000000001,-107.223571108502));
#9674=CARTESIAN_POINT('',(143.08690425436,13.7000000000001,-94.383024821337));
#9675=CARTESIAN_POINT('',(155.41090843621,13.7000000000001,-84.4666151432569));
#9676=CARTESIAN_POINT('',(141.486424742557,13.7000000000001,-95.9666357006959));
#9677=CARTESIAN_POINT('',(140.757920641913,13.7000000000001,-107.225952741349));
#9678=CARTESIAN_POINT('',(159.593986988601,13.7000000000001,-107.196433324734));
#9679=CARTESIAN_POINT('',(108.11338557153,-4.33680868994202E-15,-28.4500076211434));
#9680=CARTESIAN_POINT('',(99.7728376959309,7.99998550927667,-33.3287411332235));
#9681=CARTESIAN_POINT('',(99.1409423939242,7.44770047717479,-32.7782547481479));
#9682=CARTESIAN_POINT('',(98.3765290411524,6.58533339444929,-32.5116235092876));
#9683=CARTESIAN_POINT('',(97.7259061902938,5.29194199581679,-32.4657762489461));
#9684=CARTESIAN_POINT('',(99.7738742262572,8.00021749946367,-33.3291513654256));
#9685=CARTESIAN_POINT('',(97.7260535974245,5.29185283909509,-32.4656939400524));
#9686=CARTESIAN_POINT('',(99.1893431730023,8.,-31.05));
#9687=CARTESIAN_POINT('',(99.3838994984778,8.,-31.8097907045731));
#9688=CARTESIAN_POINT('',(99.5784558239532,8.,-32.5695814091463));
#9689=CARTESIAN_POINT('',(99.7730121494287,8.,-33.3293721137194));
#9690=CARTESIAN_POINT('',(99.1893431730023,8.,-31.05));
#9691=CARTESIAN_POINT('',(107.985523716134,-4.33680868994202E-15,-27.9506753637012));
#9692=CARTESIAN_POINT('',(97.725869110053,5.29191763480168,-32.4656784345097));
#9693=CARTESIAN_POINT('',(97.6164594151927,5.20187146048514,-32.2121076142991));
#9694=CARTESIAN_POINT('',(97.5059317243364,5.10463577334004,-31.9626201885791));
#9695=CARTESIAN_POINT('',(97.3948122480589,5.00000000001391,-31.7170814128796));
#9696=CARTESIAN_POINT('',(106.852823403429,-4.33680868994202E-15,-25.4602214874209));
#9697=CARTESIAN_POINT('',(99.1893431730023,8.,-31.05));
#9698=CARTESIAN_POINT('',(98.4791183321562,8.,-29.4884376095982));
#9699=CARTESIAN_POINT('',(98.4791176530891,7.9999991029782,-29.4884379777781));
#9700=CARTESIAN_POINT('',(97.9764867405762,7.34840663678314,-29.7386191251813));
#9701=CARTESIAN_POINT('',(97.54370074884,6.64994382591437,-29.9546661197624));
#9702=CARTESIAN_POINT('',(97.1778643084553,5.90645273147825,-30.1376193897252));
#9703=CARTESIAN_POINT('',(97.1778643084553,5.90645273147824,-30.1376193897252));
#9704=CARTESIAN_POINT('',(97.1778643084549,5.9064527314781,-30.1376193897247));
#9705=CARTESIAN_POINT('',(97.0326532042361,5.61133953092753,-30.2102388541056));
#9706=CARTESIAN_POINT('',(96.8981694451114,5.30922847431832,-30.2775551253078));
#9707=CARTESIAN_POINT('',(96.7745864822123,5.00000000000099,-30.3394579239248));
#9708=CARTESIAN_POINT('',(84.9304365442545,5.,-23.8842778503221));
#9709=CARTESIAN_POINT('',(84.9489618291714,5.,-23.8857775038719));
#9710=CARTESIAN_POINT('',(84.9858816277447,5.,-23.8887662315469));
#9711=CARTESIAN_POINT('',(85.0408777431214,5.,-23.8932183532638));
#9712=CARTESIAN_POINT('',(85.078574409283,5.,-23.8962697525249));
#9713=CARTESIAN_POINT('',(85.1205287906898,5.,-23.8996663917533));
#9714=CARTESIAN_POINT('',(85.1659312777812,5.,-23.9034025029479));
#9715=CARTESIAN_POINT('',(85.2594322279836,5.,-23.9113374253708));
#9716=CARTESIAN_POINT('',(85.4209684845255,5.,-23.9256931418894));
#9717=CARTESIAN_POINT('',(85.6504320175007,5.,-23.9479187336644));
#9718=CARTESIAN_POINT('',(85.9222376106535,5.,-23.9772067346407));
#9719=CARTESIAN_POINT('',(86.2804299865495,5.,-24.0197733824983));
#9720=CARTESIAN_POINT('',(86.7200261293275,5.,-24.0795241099575));
#9721=CARTESIAN_POINT('',(87.2345884637006,5.,-24.1615968967358));
#9722=CARTESIAN_POINT('',(87.7361902033844,5.,-24.2539332457357));
#9723=CARTESIAN_POINT('',(88.3877518541807,5.,-24.3905862380184));
#9724=CARTESIAN_POINT('',(89.1699595061807,5.,-24.5865038171772));
#9725=CARTESIAN_POINT('',(90.057474441622,5.,-24.8608434099685));
#9726=CARTESIAN_POINT('',(91.1736557018684,5.,-25.2777800873344));
#9727=CARTESIAN_POINT('',(92.4453273030182,5.,-25.8927658864945));
#9728=CARTESIAN_POINT('',(93.7854319533882,5.,-26.7770826117649));
#9729=CARTESIAN_POINT('',(95.3437982446395,5.,-28.1543916531577));
#9730=CARTESIAN_POINT('',(96.2786815612588,5.,-29.4244734261441));
#9731=CARTESIAN_POINT('',(96.8053810020231,5.,-30.395912472225));
#9732=CARTESIAN_POINT('',(96.8180551365131,5.,-30.419288515877));
#9733=CARTESIAN_POINT('',(96.830729271003,5.,-30.4426645595291));
#9734=CARTESIAN_POINT('',(96.8434034054929,5.,-30.4660406031811));
#9735=CARTESIAN_POINT('',(84.9702307630259,6.10444060131112,-23.3925670370772));
#9736=CARTESIAN_POINT('',(84.9887524225309,6.10444060131112,-23.39406639708));
#9737=CARTESIAN_POINT('',(85.0256720604318,6.10444060131112,-23.3970551117455));
#9738=CARTESIAN_POINT('',(85.0807539066613,6.10444060131112,-23.4015141750285));
#9739=CARTESIAN_POINT('',(85.1182223844752,6.10444060131112,-23.4045470980414));
#9740=CARTESIAN_POINT('',(85.1605464815981,6.10444060131112,-23.4079736728883));
#9741=CARTESIAN_POINT('',(85.2071109920513,6.10444060131112,-23.4118049593936));
#9742=CARTESIAN_POINT('',(85.3021745158931,6.10444060131112,-23.4198731132112));
#9743=CARTESIAN_POINT('',(85.4668223134049,6.10444060131112,-23.4345044966005));
#9744=CARTESIAN_POINT('',(85.7005978172152,6.10444060131112,-23.4571483091915));
#9745=CARTESIAN_POINT('',(85.9777449264731,6.10444060131112,-23.4870109765838));
#9746=CARTESIAN_POINT('',(86.3431476530332,6.10444060131112,-23.5304341440588));
#9747=CARTESIAN_POINT('',(86.7919848240488,6.10444060131112,-23.5914377810126));
#9748=CARTESIAN_POINT('',(87.3179811504852,6.10444060131112,-23.6753305423477));
#9749=CARTESIAN_POINT('',(87.8313635999492,6.10444060131112,-23.7698314224361));
#9750=CARTESIAN_POINT('',(88.4990847571813,6.10444060131112,-23.90986792537));
#9751=CARTESIAN_POINT('',(89.3023178866059,6.10444060131112,-24.1110207541844));
#9752=CARTESIAN_POINT('',(90.2162667829213,6.10444060131112,-24.3934913473483));
#9753=CARTESIAN_POINT('',(91.3690369187161,6.10444060131112,-24.8240367855058));
#9754=CARTESIAN_POINT('',(92.6883439402042,6.10444060131112,-25.4617645997401));
#9755=CARTESIAN_POINT('',(94.085596004767,6.10444060131112,-26.3835183193529));
#9756=CARTESIAN_POINT('',(95.7151046827099,6.10444060131112,-27.8234667173968));
#9757=CARTESIAN_POINT('',(96.6916725786977,6.10444060131112,-29.1511877618195));
#9758=CARTESIAN_POINT('',(97.2390578312381,6.10444060131112,-30.1607795072544));
#9759=CARTESIAN_POINT('',(97.2522297349304,6.10444060131112,-30.1850736313244));
#9760=CARTESIAN_POINT('',(97.2654016386226,6.10444060131112,-30.2093677553945));
#9761=CARTESIAN_POINT('',(97.2785735423148,6.10444060131112,-30.2336618794646));
#9762=CARTESIAN_POINT('',(85.0221322617161,7.10909214256658,-22.7512545822155));
#9763=CARTESIAN_POINT('',(85.0406491927876,7.10909214256658,-22.7527535593604));
#9764=CARTESIAN_POINT('',(85.0775686211322,7.10909214256658,-22.7557422570582));
#9765=CARTESIAN_POINT('',(85.1327622815869,7.10909214256659,-22.7602103738595));
#9766=CARTESIAN_POINT('',(85.1699331453857,7.10909214256659,-22.7632191992774));
#9767=CARTESIAN_POINT('',(85.2127394431987,7.10909214256659,-22.7666848175711));
#9768=CARTESIAN_POINT('',(85.2608195193762,7.10909214256659,-22.7706402362096));
#9769=CARTESIAN_POINT('',(85.3579210255228,7.10909214256659,-22.7788821567016));
#9770=CARTESIAN_POINT('',(85.5266270416545,7.10909214256659,-22.793873077837));
#9771=CARTESIAN_POINT('',(85.7660264213835,7.10909214256659,-22.8170623537593));
#9772=CARTESIAN_POINT('',(86.0501401881029,7.10909214256659,-22.8476745282197));
#9773=CARTESIAN_POINT('',(86.4249469943785,7.10909214256659,-22.8922148090133));
#9774=CARTESIAN_POINT('',(86.8858367506637,7.10909214256659,-22.9548525496762));
#9775=CARTESIAN_POINT('',(87.4267458293143,7.10909214256659,-23.0411190077441));
#9776=CARTESIAN_POINT('',(87.9554932366064,7.10909214256659,-23.1384429714593));
#9777=CARTESIAN_POINT('',(88.644290384975,7.10909214256659,-23.2828924087102));
#9778=CARTESIAN_POINT('',(89.474945934608,7.10909214256659,-23.4908732972661));
#9779=CARTESIAN_POINT('',(90.4233712505654,7.10909214256659,-23.7839487249567));
#9780=CARTESIAN_POINT('',(91.6238623251039,7.10909214256659,-24.2322433513682));
#9781=CARTESIAN_POINT('',(93.0052977105259,7.10909214256659,-24.8996323752463));
#9782=CARTESIAN_POINT('',(94.4770841304413,7.10909214256659,-25.8702131901713));
#9783=CARTESIAN_POINT('',(96.1993800675311,7.10909214256658,-27.3918587941801));
#9784=CARTESIAN_POINT('',(97.230314959738,7.10909214256659,-28.7947556973915));
#9785=CARTESIAN_POINT('',(97.8046796245135,7.10909214256659,-29.8541079944009));
#9786=CARTESIAN_POINT('',(97.8185007422976,7.10909214256659,-29.879599522292));
#9787=CARTESIAN_POINT('',(97.8323218600817,7.10909214256659,-29.9050910501832));
#9788=CARTESIAN_POINT('',(97.8461429778659,7.10909214256659,-29.9305825780744));
#9789=CARTESIAN_POINT('',(85.0840188087294,8.,-21.9865634964152));
#9790=CARTESIAN_POINT('',(85.10253010169,8.,-21.9880620170463));
#9791=CARTESIAN_POINT('',(85.1394492801627,8.,-21.9910506945122));
#9792=CARTESIAN_POINT('',(85.194776266176,8.,-21.9955296065891));
#9793=CARTESIAN_POINT('',(85.2315922596107,8.,-21.9985096984061));
#9794=CARTESIAN_POINT('',(85.2749735260938,8.,-22.0020218715039));
#9795=CARTESIAN_POINT('',(85.3248607394795,8.,-22.0061253033846));
#9796=CARTESIAN_POINT('',(85.4243923043124,8.,-22.0145744205807));
#9797=CARTESIAN_POINT('',(85.5979372777719,8.,-22.0299940489826));
#9798=CARTESIAN_POINT('',(85.8440424804581,8.,-22.0538337269731));
#9799=CARTESIAN_POINT('',(86.1364631821486,8.,-22.0853396021084));
#9800=CARTESIAN_POINT('',(86.5224832681198,8.00000000000001,-22.1312119116037));
#9801=CARTESIAN_POINT('',(86.9977443412983,8.,-22.1957981323408));
#9802=CARTESIAN_POINT('',(87.5564351558197,8.00000000000001,-22.2848949498038));
#9803=CARTESIAN_POINT('',(88.1035035019861,8.,-22.3855851149199));
#9804=CARTESIAN_POINT('',(88.8174313373145,8.,-22.535296467028));
#9805=CARTESIAN_POINT('',(89.6807849581068,8.,-22.7514190287701));
#9806=CARTESIAN_POINT('',(90.6703194254156,8.,-23.0571394976844));
#9807=CARTESIAN_POINT('',(91.9277122117278,8.00000000000001,-23.5265979825789));
#9808=CARTESIAN_POINT('',(93.3832285006398,8.,-24.2293545756296));
#9809=CARTESIAN_POINT('',(94.9438885369833,8.00000000000001,-25.25815606637));
#9810=CARTESIAN_POINT('',(96.7768225716301,8.,-26.8772161594667));
#9811=CARTESIAN_POINT('',(97.8725838321001,8.,-28.3697515979152));
#9812=CARTESIAN_POINT('',(98.4791183321562,8.,-29.4884376095983));
#9813=CARTESIAN_POINT('',(98.4937135628163,8.,-29.5153569033486));
#9814=CARTESIAN_POINT('',(98.5083087934764,8.,-29.542276197099));
#9815=CARTESIAN_POINT('',(98.5229040241365,8.,-29.5691954908493));
#9816=CARTESIAN_POINT('',(85.0840308795609,8.00017376956904,-21.986414345143));
#9817=CARTESIAN_POINT('',(85.1025421714217,8.00017376956904,-21.987912865685));
#9818=CARTESIAN_POINT('',(85.1394613498457,8.00017376956904,-21.9909015431469));
#9819=CARTESIAN_POINT('',(85.1947883618639,8.00017376956905,-21.9953804573294));
#9820=CARTESIAN_POINT('',(85.2316042860819,8.00017376956905,-21.998360543542));
#9821=CARTESIAN_POINT('',(85.2749856647113,8.00017376956905,-22.0018727257202));
#9822=CARTESIAN_POINT('',(85.3248732305751,8.00017376956905,-22.0059761864705));
#9823=CARTESIAN_POINT('',(85.4244052693855,8.00017376956905,-22.0144253440799));
#9824=CARTESIAN_POINT('',(85.5979511866727,8.00017376956905,-22.0298450561002));
#9825=CARTESIAN_POINT('',(85.8440576973145,8.00017376956905,-22.0536848609502));
#9826=CARTESIAN_POINT('',(86.136480019254,8.00017376956905,-22.0851909103997));
#9827=CARTESIAN_POINT('',(86.5225022923501,8.00017376956905,-22.1310634797043));
#9828=CARTESIAN_POINT('',(86.9977661686215,8.00017376956905,-22.195650080488));
#9829=CARTESIAN_POINT('',(87.5564604514305,8.00017376956905,-22.2847474500062));
#9830=CARTESIAN_POINT('',(88.1035323710547,8.00017376956905,-22.3854382716923));
#9831=CARTESIAN_POINT('',(88.8174651080669,8.00017376956905,-22.535150650125));
#9832=CARTESIAN_POINT('',(89.6808251065443,8.00017376956905,-22.7512747998821));
#9833=CARTESIAN_POINT('',(90.6703675921003,8.00017376956905,-23.0569977351832));
#9834=CARTESIAN_POINT('',(91.9277714769631,8.00017376956905,-23.5264603480406));
#9835=CARTESIAN_POINT('',(93.3833022151884,8.00017376956905,-24.2292238394559));
#9836=CARTESIAN_POINT('',(94.9439795861304,8.00017376956905,-25.2580366860078));
#9837=CARTESIAN_POINT('',(96.7769352004887,8.00017376956904,-26.877115779581));
#9838=CARTESIAN_POINT('',(97.8727091051957,8.00017376956905,-28.3696687018238));
#9839=CARTESIAN_POINT('',(98.4792498799056,8.00017376956905,-29.4883662864141));
#9840=CARTESIAN_POINT('',(98.4938452615546,8.00017376956905,-29.515285858647));
#9841=CARTESIAN_POINT('',(98.5084406432037,8.00017376956905,-29.5422054308798));
#9842=CARTESIAN_POINT('',(98.5230360248528,8.00017376956905,-29.5691250031127));
#9843=CARTESIAN_POINT('',(85.0840429503924,8.00034753913809,-21.9862651938707));
#9844=CARTESIAN_POINT('',(85.1025542411535,8.00034753913809,-21.9877637143237));
#9845=CARTESIAN_POINT('',(85.1394734195288,8.00034753913809,-21.9907523917816));
#9846=CARTESIAN_POINT('',(85.1948004575518,8.00034753913809,-21.9952313080697));
#9847=CARTESIAN_POINT('',(85.2316163125531,8.00034753913809,-21.9982113886779));
#9848=CARTESIAN_POINT('',(85.2749978033289,8.00034753913809,-22.0017235799365));
#9849=CARTESIAN_POINT('',(85.3248857216707,8.00034753913809,-22.0058270695565));
#9850=CARTESIAN_POINT('',(85.4244182344586,8.00034753913809,-22.0142762675791));
#9851=CARTESIAN_POINT('',(85.5979650955734,8.00034753913809,-22.0296960632178));
#9852=CARTESIAN_POINT('',(85.844072914171,8.00034753913809,-22.0535359949272));
#9853=CARTESIAN_POINT('',(86.1364968563593,8.00034753913809,-22.085042218691));
#9854=CARTESIAN_POINT('',(86.5225213165804,8.00034753913809,-22.1309150478048));
#9855=CARTESIAN_POINT('',(86.9977879959448,8.00034753913809,-22.1955020286352));
#9856=CARTESIAN_POINT('',(87.5564857470412,8.00034753913809,-22.2845999502086));
#9857=CARTESIAN_POINT('',(88.1035612401233,8.00034753913809,-22.3852914284647));
#9858=CARTESIAN_POINT('',(88.8174988788193,8.00034753913809,-22.535004833222));
#9859=CARTESIAN_POINT('',(89.6808652549817,8.00034753913809,-22.7511305709941));
#9860=CARTESIAN_POINT('',(90.6704157587851,8.00034753913809,-23.056855972682));
#9861=CARTESIAN_POINT('',(91.9278307421985,8.00034753913809,-23.5263227135022));
#9862=CARTESIAN_POINT('',(93.3833759297369,8.00034753913809,-24.2290931032822));
#9863=CARTESIAN_POINT('',(94.9440706352775,8.00034753913809,-25.2579173056457));
#9864=CARTESIAN_POINT('',(96.7770478293473,8.00034753913809,-26.8770153996954));
#9865=CARTESIAN_POINT('',(97.8728343782912,8.00034753913809,-28.3695858057324));
#9866=CARTESIAN_POINT('',(98.479381427655,8.00034753913809,-29.48829496323));
#9867=CARTESIAN_POINT('',(98.493976960293,8.00034753913809,-29.5152148139453));
#9868=CARTESIAN_POINT('',(98.5085724929311,8.00034753913809,-29.5421346646607));
#9869=CARTESIAN_POINT('',(98.5231680255691,8.00034753913809,-29.5690545153761));
#9870=CARTESIAN_POINT('',(85.0840550212238,8.00052130870713,-21.9861160425984));
#9871=CARTESIAN_POINT('',(85.1025663108853,8.00052130870713,-21.9876145629623));
#9872=CARTESIAN_POINT('',(85.1394854892118,8.00052130870713,-21.9906032404163));
#9873=CARTESIAN_POINT('',(85.1948125532397,8.00052130870713,-21.99508215881));
#9874=CARTESIAN_POINT('',(85.2316283390243,8.00052130870713,-21.9980622338137));
#9875=CARTESIAN_POINT('',(85.2750099419465,8.00052130870713,-22.0015744341528));
#9876=CARTESIAN_POINT('',(85.3248982127663,8.00052130870713,-22.0056779526424));
#9877=CARTESIAN_POINT('',(85.4244311995316,8.00052130870713,-22.0141271910783));
#9878=CARTESIAN_POINT('',(85.5979790044742,8.00052130870713,-22.0295470703353));
#9879=CARTESIAN_POINT('',(85.8440881310274,8.00052130870713,-22.0533871289042));
#9880=CARTESIAN_POINT('',(86.1365136934647,8.00052130870713,-22.0848935269824));
#9881=CARTESIAN_POINT('',(86.5225403408107,8.00052130870713,-22.1307666159053));
#9882=CARTESIAN_POINT('',(86.997809823268,8.00052130870713,-22.1953539767823));
#9883=CARTESIAN_POINT('',(87.556511042652,8.00052130870713,-22.284452450411));
#9884=CARTESIAN_POINT('',(88.1035901091918,8.00052130870713,-22.3851445852371));
#9885=CARTESIAN_POINT('',(88.8175326495717,8.00052130870713,-22.5348590163191));
#9886=CARTESIAN_POINT('',(89.6809054034192,8.00052130870713,-22.7509863421061));
#9887=CARTESIAN_POINT('',(90.6704639254698,8.00052130870713,-23.0567142101808));
#9888=CARTESIAN_POINT('',(91.9278900074338,8.00052130870713,-23.5261850789639));
#9889=CARTESIAN_POINT('',(93.3834496442855,8.00052130870713,-24.2289623671086));
#9890=CARTESIAN_POINT('',(94.9441616844246,8.00052130870713,-25.2577979252836));
#9891=CARTESIAN_POINT('',(96.7771604582059,8.00052130870713,-26.8769150198097));
#9892=CARTESIAN_POINT('',(97.8729596513868,8.00052130870713,-28.3695029096409));
#9893=CARTESIAN_POINT('',(98.4795129754044,8.00052130870713,-29.4882236400458));
#9894=CARTESIAN_POINT('',(98.4941086590314,8.00052130870713,-29.5151437692437));
#9895=CARTESIAN_POINT('',(98.5087043426584,8.00052130870713,-29.5420638984416));
#9896=CARTESIAN_POINT('',(98.5233000262854,8.00052130870713,-29.5689840276395));
#9897=CARTESIAN_POINT('',(85.25,8.,-22.));
#9898=CARTESIAN_POINT('',(91.6432742211674,8.,-22.517547692991));
#9899=CARTESIAN_POINT('',(96.0529803318861,8.,-25.0136935628571));
#9900=CARTESIAN_POINT('',(98.4791183321562,8.,-29.4884376095982));
#9901=CARTESIAN_POINT('',(88.2849386048891,8.0000003719946,-22.4243960335393));
#9902=CARTESIAN_POINT('',(87.2300284450807,8.,-22.2334484070776));
#9903=CARTESIAN_POINT('',(87.588830755222,8.,-22.2899500626058));
#9904=CARTESIAN_POINT('',(87.9404674536614,8.,-22.3535993760211));
#9905=CARTESIAN_POINT('',(88.284938540399,8.,-22.4243963473236));
#9906=CARTESIAN_POINT('',(87.2300247763905,8.0000005579919,-22.2334473428215));
#9907=CARTESIAN_POINT('',(87.2300247016281,8.,-22.2334478175854));
#9908=CARTESIAN_POINT('',(86.5926295712767,8.,-22.1330754331784));
#9909=CARTESIAN_POINT('',(85.9326213374006,8.,-22.0552594939833));
#9910=CARTESIAN_POINT('',(85.25,8.,-22.));
#9911=CARTESIAN_POINT('',(85.25,8.,-22.));
#9912=CARTESIAN_POINT('',(85.0458245283501,5.,-23.8936187254809));
#9913=CARTESIAN_POINT('',(85.097547636747,6.07981742847274,-23.4139079101779));
#9914=CARTESIAN_POINT('',(85.1661583536967,7.09214406030847,-22.7775559141465));
#9915=CARTESIAN_POINT('',(85.2500000000001,8.,-22.));
#9916=CARTESIAN_POINT('',(51.1868971374615,-4.33680868994202E-15,-8.03248355596666));
#9917=CARTESIAN_POINT('',(52.25,8.,-17.55));
#9918=CARTESIAN_POINT('',(52.25,8.,-17.55));
#9919=CARTESIAN_POINT('',(51.0758097346044,5.00000000000025,-19.3128137002635));
#9920=CARTESIAN_POINT('',(51.3766474199831,6.09208693179261,-18.8611656080514));
#9921=CARTESIAN_POINT('',(51.7765145672358,7.10843155029005,-18.2608603768712));
#9922=CARTESIAN_POINT('',(52.25,8.00000000000001,-17.55));
#9923=CARTESIAN_POINT('',(42.6769425599617,8.0363833393171,-11.5733086733855));
#9924=CARTESIAN_POINT('',(42.7020917803682,8.0363833393171,-11.5752329022357));
#9925=CARTESIAN_POINT('',(42.7272410007748,8.0363833393171,-11.577157131086));
#9926=CARTESIAN_POINT('',(42.7523902211814,8.0363833393171,-11.5790813599362));
#9927=CARTESIAN_POINT('',(43.2376750807791,8.0363833393171,-11.6162117008503));
#9928=CARTESIAN_POINT('',(44.2037562188335,8.03638333931711,-11.7490686001681));
#9929=CARTESIAN_POINT('',(45.6183663440251,8.0363833393171,-12.1212421241696));
#9930=CARTESIAN_POINT('',(46.9779420752755,8.0363833393171,-12.6609064948232));
#9931=CARTESIAN_POINT('',(48.262738006636,8.0363833393171,-13.3602283155257));
#9932=CARTESIAN_POINT('',(49.2555027213653,8.0363833393171,-14.0675838425914));
#9933=CARTESIAN_POINT('',(49.9943378807423,8.03638333931711,-14.7020226221282));
#9934=CARTESIAN_POINT('',(50.5187829112213,8.0363833393171,-15.2103710699713));
#9935=CARTESIAN_POINT('',(50.9294934322831,8.0363833393171,-15.6595614027266));
#9936=CARTESIAN_POINT('',(51.2413735564685,8.03638333931711,-16.0332725950783));
#9937=CARTESIAN_POINT('',(51.4667286132884,8.0363833393171,-16.3204798143694));
#9938=CARTESIAN_POINT('',(51.6833236341129,8.0363833393171,-16.6143504459527));
#9939=CARTESIAN_POINT('',(51.8563555423631,8.03638333931711,-16.8645731086083));
#9940=CARTESIAN_POINT('',(51.9902083737319,8.0363833393171,-17.0678129733763));
#9941=CARTESIAN_POINT('',(52.0719422547422,8.0363833393171,-17.1960848308147));
#9942=CARTESIAN_POINT('',(52.136163487251,8.03638333931711,-17.2994325932741));
#9943=CARTESIAN_POINT('',(52.1837443075519,8.0363833393171,-17.3773051365541));
#9944=CARTESIAN_POINT('',(52.2229032296898,8.03638333931711,-17.4424932708039));
#9945=CARTESIAN_POINT('',(52.2500589046441,8.0363833393171,-17.4882842389358));
#9946=CARTESIAN_POINT('',(52.265497747075,8.0363833393171,-17.5144859835667));
#9947=CARTESIAN_POINT('',(52.2732011940371,8.0363833393171,-17.5276168608838));
#9948=CARTESIAN_POINT('',(52.2801020164587,8.0363833393171,-17.539404071604));
#9949=CARTESIAN_POINT('',(52.2862151969007,8.0363833393171,-17.5498467782485));
#9950=CARTESIAN_POINT('',(52.298456284774,8.0363833393171,-17.5707564491118));
#9951=CARTESIAN_POINT('',(52.319871326975,8.0363833393171,-17.607337071069));
#9952=CARTESIAN_POINT('',(52.3504678317148,8.0363833393171,-17.6596010112775));
#9953=CARTESIAN_POINT('',(52.3871821019202,8.0363833393171,-17.7223152103562));
#9954=CARTESIAN_POINT('',(52.436134998506,8.03638333931711,-17.805935025848));
#9955=CARTESIAN_POINT('',(52.4973259356042,8.0363833393171,-17.9104594927397));
#9956=CARTESIAN_POINT('',(52.5952315375954,8.03638333931711,-18.0776988088201));
#9957=CARTESIAN_POINT('',(52.6908052592211,8.0363833393171,-18.2409548807831));
#9958=CARTESIAN_POINT('',(52.7619025927003,8.03638333931711,-18.3624011440705));
#9959=CARTESIAN_POINT('',(52.7840471358365,8.03638333931711,-18.400227766864));
#9960=CARTESIAN_POINT('',(42.6762109014697,8.02425555954473,-11.5837268633079));
#9961=CARTESIAN_POINT('',(42.701338427909,8.02425555954473,-11.5856494322992));
#9962=CARTESIAN_POINT('',(42.7264659543483,8.02425555954473,-11.5875720012905));
#9963=CARTESIAN_POINT('',(42.7515934807876,8.02425555954473,-11.5894945702818));
#9964=CARTESIAN_POINT('',(43.2364597288459,8.02425555954473,-11.6265928821951));
#9965=CARTESIAN_POINT('',(44.2017075157164,8.02425555954474,-11.7593351778322));
#9966=CARTESIAN_POINT('',(45.6150973841651,8.02425555954473,-12.1311876612556));
#9967=CARTESIAN_POINT('',(46.9735003318877,8.02425555954473,-12.670386512064));
#9968=CARTESIAN_POINT('',(48.2571879855174,8.02425555954473,-13.3691050908173));
#9969=CARTESIAN_POINT('',(49.2490963315472,8.02425555954473,-14.0758504459853));
#9970=CARTESIAN_POINT('',(49.9872941643725,8.02425555954474,-14.7097419523202));
#9971=CARTESIAN_POINT('',(50.5112868033775,8.02425555954473,-15.217651893774));
#9972=CARTESIAN_POINT('',(50.9216430414097,8.02425555954473,-15.6664547503928));
#9973=CARTESIAN_POINT('',(51.2332541348154,8.02425555954474,-16.0398435759511));
#9974=CARTESIAN_POINT('',(51.4584147977808,8.02425555954473,-16.3268030468544));
#9975=CARTESIAN_POINT('',(51.6748229828821,8.02425555954473,-16.6204201849207));
#9976=CARTESIAN_POINT('',(51.8477056280676,8.02425555954474,-16.8704269961517));
#9977=CARTESIAN_POINT('',(51.9814430048574,8.02425555954473,-17.0734915582054));
#9978=CARTESIAN_POINT('',(52.0631063605356,8.02425555954473,-17.2016527314084));
#9979=CARTESIAN_POINT('',(52.1272722380195,8.02425555954474,-17.3049114182532));
#9980=CARTESIAN_POINT('',(52.174811883726,8.02425555954473,-17.382716564294));
#9981=CARTESIAN_POINT('',(52.2139374365629,8.02425555954474,-17.4478491662336));
#9982=CARTESIAN_POINT('',(52.2410689556036,8.02425555954473,-17.4935993856791));
#9983=CARTESIAN_POINT('',(52.2564956518357,8.02425555954473,-17.5197805295448));
#9984=CARTESIAN_POINT('',(52.2641900547463,8.02425555954473,-17.5328959821707));
#9985=CARTESIAN_POINT('',(52.2710878968476,8.02425555954473,-17.5446781024833));
#9986=CARTESIAN_POINT('',(52.2772029977481,8.02425555954473,-17.5551240892841));
#9987=CARTESIAN_POINT('',(52.2894431477997,8.02425555954473,-17.5760321583415));
#9988=CARTESIAN_POINT('',(52.3108587753156,8.02425555954473,-17.6126137800207));
#9989=CARTESIAN_POINT('',(52.3414549521788,8.02425555954473,-17.6648771602135));
#9990=CARTESIAN_POINT('',(52.3781693271786,8.02425555954473,-17.7275915382819));
#9991=CARTESIAN_POINT('',(52.4271221894633,8.02425555954474,-17.8112112951871));
#9992=CARTESIAN_POINT('',(52.4883131432722,8.02425555954473,-17.9157357906208));
#9993=CARTESIAN_POINT('',(52.586218738697,8.02425555954474,-18.0829750954857));
#9994=CARTESIAN_POINT('',(52.6817924628372,8.02425555954473,-18.2462311717437));
#9995=CARTESIAN_POINT('',(52.7528897964648,8.02425555954473,-18.3676774352845));
#9996=CARTESIAN_POINT('',(52.775034339576,8.02425555954473,-18.4055040580352));
#9997=CARTESIAN_POINT('',(42.6754792429778,8.01212777977236,-11.5941450532302));
#9998=CARTESIAN_POINT('',(42.7005850754498,8.01212777977236,-11.5960659623626));
#9999=CARTESIAN_POINT('',(42.7256909079218,8.01212777977236,-11.5979868714951));
#10000=CARTESIAN_POINT('',(42.7507967403938,8.01212777977236,-11.5999077806275));
#10001=CARTESIAN_POINT('',(43.2352443769128,8.01212777977236,-11.6369740635399));
#10002=CARTESIAN_POINT('',(44.1996588125992,8.01212777977237,-11.7696017554962));
#10003=CARTESIAN_POINT('',(45.6118284243051,8.01212777977236,-12.1411331983416));
#10004=CARTESIAN_POINT('',(46.9690585885,8.01212777977236,-12.6798665293048));
#10005=CARTESIAN_POINT('',(48.2516379643988,8.01212777977236,-13.3779818661089));
#10006=CARTESIAN_POINT('',(49.2426899417292,8.01212777977236,-14.0841170493792));
#10007=CARTESIAN_POINT('',(49.9802504480026,8.01212777977237,-14.7174612825123));
#10008=CARTESIAN_POINT('',(50.5037906955336,8.01212777977236,-15.2249327175766));
#10009=CARTESIAN_POINT('',(50.9137926505363,8.01212777977236,-15.6733480980589));
#10010=CARTESIAN_POINT('',(51.2251347131622,8.01212777977237,-16.046414556824));
#10011=CARTESIAN_POINT('',(51.4501009822733,8.01212777977236,-16.3331262793394));
#10012=CARTESIAN_POINT('',(51.6663223316513,8.01212777977236,-16.6264899238886));
#10013=CARTESIAN_POINT('',(51.8390557137721,8.01212777977237,-16.8762808836952));
#10014=CARTESIAN_POINT('',(51.9726776359828,8.01212777977236,-17.0791701430344));
#10015=CARTESIAN_POINT('',(52.054270466329,8.01212777977236,-17.2072206320021));
#10016=CARTESIAN_POINT('',(52.118380988788,8.01212777977237,-17.3103902432323));
#10017=CARTESIAN_POINT('',(52.1658794599001,8.01212777977236,-17.388127992034));
#10018=CARTESIAN_POINT('',(52.2049716434359,8.01212777977237,-17.4532050616633));
#10019=CARTESIAN_POINT('',(52.2320790065632,8.01212777977236,-17.4989145324224));
#10020=CARTESIAN_POINT('',(52.2474935565964,8.01212777977236,-17.525075075523));
#10021=CARTESIAN_POINT('',(52.2551789154556,8.01212777977236,-17.5381751034575));
#10022=CARTESIAN_POINT('',(52.2620737772364,8.01212777977236,-17.5499521333626));
#10023=CARTESIAN_POINT('',(52.2681907985955,8.01212777977236,-17.5604014003197));
#10024=CARTESIAN_POINT('',(52.2804300108253,8.01212777977236,-17.5813078675711));
#10025=CARTESIAN_POINT('',(52.3018462236562,8.01212777977236,-17.6178904889723));
#10026=CARTESIAN_POINT('',(52.3324420726428,8.01212777977236,-17.6701533091496));
#10027=CARTESIAN_POINT('',(52.369156552437,8.01212777977236,-17.7328678662076));
#10028=CARTESIAN_POINT('',(52.4181093804206,8.01212777977237,-17.8164875645262));
#10029=CARTESIAN_POINT('',(52.4793003509402,8.01212777977236,-17.9210120885019));
#10030=CARTESIAN_POINT('',(52.5772059397985,8.01212777977237,-18.0882513821514));
#10031=CARTESIAN_POINT('',(52.6727796664534,8.01212777977236,-18.2515074627043));
#10032=CARTESIAN_POINT('',(52.7438770002294,8.01212777977237,-18.3729537264985));
#10033=CARTESIAN_POINT('',(52.7660215433154,8.01212777977237,-18.4107803492064));
#10034=CARTESIAN_POINT('',(42.6747475844858,7.99999999999999,-11.6045632431526));
#10035=CARTESIAN_POINT('',(42.6998317229905,7.99999999999999,-11.6064824924261));
#10036=CARTESIAN_POINT('',(42.7249158614953,7.99999999999999,-11.6084017416996));
#10037=CARTESIAN_POINT('',(42.75,7.99999999999999,-11.6103209909731));
#10038=CARTESIAN_POINT('',(43.2340290249796,7.99999999999999,-11.6473552448848));
#10039=CARTESIAN_POINT('',(44.197610109482,7.99999999999999,-11.7798683331603));
#10040=CARTESIAN_POINT('',(45.6085594644451,7.99999999999999,-12.1510787354276));
#10041=CARTESIAN_POINT('',(46.9646168451122,7.99999999999999,-12.6893465465456));
#10042=CARTESIAN_POINT('',(48.2460879432801,7.99999999999999,-13.3868586414005));
#10043=CARTESIAN_POINT('',(49.2362835519111,7.99999999999999,-14.0923836527731));
#10044=CARTESIAN_POINT('',(49.9732067316328,7.99999999999999,-14.7251806127043));
#10045=CARTESIAN_POINT('',(50.4962945876898,7.99999999999999,-15.2322135413792));
#10046=CARTESIAN_POINT('',(50.9059422596629,7.99999999999999,-15.6802414457251));
#10047=CARTESIAN_POINT('',(51.2170152915091,7.99999999999999,-16.0529855376968));
#10048=CARTESIAN_POINT('',(51.4417871667658,7.99999999999999,-16.3394495118244));
#10049=CARTESIAN_POINT('',(51.6578216804205,7.99999999999999,-16.6325596628566));
#10050=CARTESIAN_POINT('',(51.8304057994767,7.99999999999999,-16.8821347712386));
#10051=CARTESIAN_POINT('',(51.9639122671082,7.99999999999999,-17.0848487278635));
#10052=CARTESIAN_POINT('',(52.0454345721224,7.99999999999999,-17.2127885325958));
#10053=CARTESIAN_POINT('',(52.1094897395564,7.99999999999999,-17.3158690682114));
#10054=CARTESIAN_POINT('',(52.1569470360742,7.99999999999999,-17.3935394197739));
#10055=CARTESIAN_POINT('',(52.196005850309,7.99999999999999,-17.4585609570929));
#10056=CARTESIAN_POINT('',(52.2230890575227,7.99999999999999,-17.5042296791657));
#10057=CARTESIAN_POINT('',(52.2384914613571,7.99999999999999,-17.5303696215011));
#10058=CARTESIAN_POINT('',(52.2461677761648,7.99999999999999,-17.5434542247443));
#10059=CARTESIAN_POINT('',(52.2530596576253,7.99999999999999,-17.5552261642419));
#10060=CARTESIAN_POINT('',(52.2591785994429,7.99999999999999,-17.5656787113553));
#10061=CARTESIAN_POINT('',(52.2714168738509,7.99999999999999,-17.5865835768008));
#10062=CARTESIAN_POINT('',(52.2928336719968,7.99999999999999,-17.6231671979239));
#10063=CARTESIAN_POINT('',(52.3234291931067,7.99999999999999,-17.6754294580857));
#10064=CARTESIAN_POINT('',(52.3601437776954,7.99999999999999,-17.7381441941333));
#10065=CARTESIAN_POINT('',(52.4090965713778,7.99999999999999,-17.8217638338653));
#10066=CARTESIAN_POINT('',(52.4702875586082,7.99999999999999,-17.926288386383));
#10067=CARTESIAN_POINT('',(52.5681931409001,7.99999999999999,-18.093527668817));
#10068=CARTESIAN_POINT('',(52.6637668700696,7.99999999999999,-18.2567837536649));
#10069=CARTESIAN_POINT('',(52.7348642039939,7.99999999999999,-18.3782300177125));
#10070=CARTESIAN_POINT('',(52.7570087470549,7.99999999999999,-18.4160566403776));
#10071=CARTESIAN_POINT('',(42.542132669603,5.80180986086394,-13.4928859852259));
#10072=CARTESIAN_POINT('',(42.5632847227749,5.80180986086394,-13.4945043809574));
#10073=CARTESIAN_POINT('',(42.5844367759469,5.80180986086394,-13.4961227766888));
#10074=CARTESIAN_POINT('',(42.6055888291188,5.80180986086394,-13.4977411724203));
#10075=CARTESIAN_POINT('',(43.0137434751791,5.80180986086394,-13.5289700905588));
#10076=CARTESIAN_POINT('',(43.8262775923418,5.80180986086394,-13.6407109776824));
#10077=CARTESIAN_POINT('',(45.0160523885945,5.80180986086394,-13.9537319795677));
#10078=CARTESIAN_POINT('',(46.1595398484327,5.80180986086394,-14.4076231650751));
#10079=CARTESIAN_POINT('',(47.2401328613169,5.80180986086394,-14.9957961616668));
#10080=CARTESIAN_POINT('',(48.0751095208994,5.80180986086394,-15.5907260044385));
#10081=CARTESIAN_POINT('',(48.6965156836706,5.80180986086394,-16.1243283402677));
#10082=CARTESIAN_POINT('',(49.1376064639371,5.80180986086394,-16.5518808991369));
#10083=CARTESIAN_POINT('',(49.4830394588049,5.80180986086394,-16.9296777935003));
#10084=CARTESIAN_POINT('',(49.7453499951081,5.80180986086394,-17.2439921052831));
#10085=CARTESIAN_POINT('',(49.9348875025048,5.80180986086394,-17.4855510701368));
#10086=CARTESIAN_POINT('',(50.1170575782982,5.80180986086394,-17.7327148929901));
#10087=CARTESIAN_POINT('',(50.2625873969663,5.80180986086394,-17.9431663957534));
#10088=CARTESIAN_POINT('',(50.3751674360147,5.80180986086394,-18.1141063009542));
#10089=CARTESIAN_POINT('',(50.4439068498246,5.80180986086394,-18.2219843137283));
#10090=CARTESIAN_POINT('',(50.4979287818052,5.80180986086394,-18.3089196734448));
#10091=CARTESIAN_POINT('',(50.5379230810568,5.80180986086394,-18.3743741083837));
#10092=CARTESIAN_POINT('',(50.5709336267787,5.80180986086394,-18.4293302768489));
#10093=CARTESIAN_POINT('',(50.5936385148016,5.80180986086394,-18.4676131985292));
#10094=CARTESIAN_POINT('',(50.6068393899955,5.80180986086394,-18.4900192011248));
#10095=CARTESIAN_POINT('',(50.6128764480598,5.80180986086394,-18.5003080408451));
#10096=CARTESIAN_POINT('',(50.619228139067,5.80180986086394,-18.5111573313629));
#10097=CARTESIAN_POINT('',(50.6256951687554,5.80180986086394,-18.5222044149346));
#10098=CARTESIAN_POINT('',(50.6377634606485,5.80180986086394,-18.5428189490846));
#10099=CARTESIAN_POINT('',(50.659286348581,5.80180986086394,-18.5795837722872));
#10100=CARTESIAN_POINT('',(50.6898224412372,5.80180986086394,-18.6317445282446));
#10101=CARTESIAN_POINT('',(50.7265560200812,5.80180986086394,-18.6944917066098));
#10102=CARTESIAN_POINT('',(50.775502596595,5.80180986086394,-18.7781007273754));
#10103=CARTESIAN_POINT('',(50.8366966126823,5.80180986086394,-18.8826304532015));
#10104=CARTESIAN_POINT('',(50.9346010047962,5.80180986086394,-19.0498677028034));
#10105=CARTESIAN_POINT('',(51.0301751897453,5.80180986086394,-19.213124566126));
#10106=CARTESIAN_POINT('',(51.1012725505581,5.80180986086394,-19.3345708760992));
#10107=CARTESIAN_POINT('',(51.1234170890754,5.80180986086394,-19.3723974910037));
#10108=CARTESIAN_POINT('',(42.4666872709227,3.03416444510703,-14.5671638086419));
#10109=CARTESIAN_POINT('',(42.4856023378111,3.03416444510703,-14.5686110470384));
#10110=CARTESIAN_POINT('',(42.5045174046996,3.03416444510703,-14.5700582854348));
#10111=CARTESIAN_POINT('',(42.523432471588,3.03416444510703,-14.5715055238312));
#10112=CARTESIAN_POINT('',(42.8884217408712,3.03416444510703,-14.5994317525831));
#10113=CARTESIAN_POINT('',(43.6150243571883,3.03416444510703,-14.6993552132976));
#10114=CARTESIAN_POINT('',(44.6789716567783,3.03416444510703,-14.9792719258602));
#10115=CARTESIAN_POINT('',(45.7015268486392,3.03416444510703,-15.3851607568502));
#10116=CARTESIAN_POINT('',(46.6678391469917,3.03416444510703,-15.9111301026151));
#10117=CARTESIAN_POINT('',(47.4145108409974,3.03416444510703,-16.4431417088174));
#10118=CARTESIAN_POINT('',(47.9701986989618,3.03416444510703,-16.9203116443474));
#10119=CARTESIAN_POINT('',(48.3646408644846,3.03416444510703,-17.3026473571888));
#10120=CARTESIAN_POINT('',(48.6735417549537,3.03416444510703,-17.6404894202835));
#10121=CARTESIAN_POINT('',(48.9081110230885,3.03416444510703,-17.9215626892693));
#10122=CARTESIAN_POINT('',(49.0776034930714,3.03416444510703,-18.1375749323956));
#10123=CARTESIAN_POINT('',(49.2405078926187,3.03416444510703,-18.358599621122));
#10124=CARTESIAN_POINT('',(49.370646361976,3.03416444510703,-18.5467934764228));
#10125=CARTESIAN_POINT('',(49.4713212337301,3.03416444510703,-18.6996569384158));
#10126=CARTESIAN_POINT('',(49.5327883861654,3.03416444510703,-18.7961216807153));
#10127=CARTESIAN_POINT('',(49.581102351968,3.03416444510703,-18.8738719556807));
#10128=CARTESIAN_POINT('',(49.6168509085398,3.03416444510703,-18.9323766843914));
#10129=CARTESIAN_POINT('',(49.6464205590225,3.03416444510703,-18.9816066057997));
#10130=CARTESIAN_POINT('',(49.666634595717,3.03416444510703,-19.015687702552));
#10131=CARTESIAN_POINT('',(49.6785830084248,3.03416444510703,-19.0359694450479));
#10132=CARTESIAN_POINT('',(49.6836874837652,3.03416444510703,-19.044667758591));
#10133=CARTESIAN_POINT('',(49.6897318572724,3.03416444510703,-19.054992148722));
#10134=CARTESIAN_POINT('',(49.696396916181,3.03416444510703,-19.0663774675529));
#10135=CARTESIAN_POINT('',(49.7083685040297,3.03416444510703,-19.0868268305354));
#10136=CARTESIAN_POINT('',(49.7299517470607,3.03416444510703,-19.123694740658));
#10137=CARTESIAN_POINT('',(49.760454030523,3.03416444510703,-19.1757977502815));
#10138=CARTESIAN_POINT('',(49.7971984153095,3.03416444510703,-19.2385633852703));
#10139=CARTESIAN_POINT('',(49.8461414548398,3.03416444510703,-19.3221663648439));
#10140=CARTESIAN_POINT('',(49.9073371940615,3.03416444510703,-19.4266990337954));
#10141=CARTESIAN_POINT('',(50.0052409090763,3.03416444510703,-19.5939351269073));
#10142=CARTESIAN_POINT('',(50.1008153533211,3.03416444510703,-19.7571924331086));
#10143=CARTESIAN_POINT('',(50.1719127294309,3.03416444510703,-19.8786387692092));
#10144=CARTESIAN_POINT('',(50.1940572653633,3.03416444510703,-19.9164653796987));
#10145=CARTESIAN_POINT('',(42.4666872709225,-9.86894304918995E-16,-14.5671638086419));
#10146=CARTESIAN_POINT('',(42.485602337811,-9.86894304918995E-16,-14.5686110470384));
#10147=CARTESIAN_POINT('',(42.5045174046995,-9.86894304918995E-16,-14.5700582854348));
#10148=CARTESIAN_POINT('',(42.523432471588,-9.86894304918995E-16,-14.5715055238312));
#10149=CARTESIAN_POINT('',(42.8884217408721,-9.86894304918995E-16,-14.5994317525831));
#10150=CARTESIAN_POINT('',(43.6150243571878,-9.86894304918995E-16,-14.6993552132976));
#10151=CARTESIAN_POINT('',(44.6789716567784,-1.97378860983799E-15,-14.9792719258602));
#10152=CARTESIAN_POINT('',(45.7015268486392,-9.86894304918995E-16,-15.3851607568502));
#10153=CARTESIAN_POINT('',(46.6678391469917,-1.48034145737849E-15,-15.9111301026151));
#10154=CARTESIAN_POINT('',(47.4145108409973,-7.40170728689246E-16,-16.4431417088174));
#10155=CARTESIAN_POINT('',(47.9701986989618,-1.72706503360824E-15,-16.9203116443474));
#10156=CARTESIAN_POINT('',(48.3646408644846,-9.86894304918995E-16,-17.3026473571888));
#10157=CARTESIAN_POINT('',(48.6735417549537,-9.86894304918995E-16,-17.6404894202835));
#10158=CARTESIAN_POINT('',(48.9081110230885,-1.72706503360824E-15,-17.9215626892693));
#10159=CARTESIAN_POINT('',(49.0776034930714,-9.86894304918995E-16,-18.1375749323956));
#10160=CARTESIAN_POINT('',(49.2405078926187,-1.23361788114874E-15,-18.358599621122));
#10161=CARTESIAN_POINT('',(49.370646361976,-9.86894304918995E-16,-18.5467934764228));
#10162=CARTESIAN_POINT('',(49.4713212337301,-1.23361788114874E-15,-18.6996569384158));
#10163=CARTESIAN_POINT('',(49.5327883861654,-1.48034145737849E-15,-18.7961216807153));
#10164=CARTESIAN_POINT('',(49.581102351968,-1.48034145737849E-15,-18.8738719556807));
#10165=CARTESIAN_POINT('',(49.6168509085398,-1.23361788114874E-15,-18.9323766843914));
#10166=CARTESIAN_POINT('',(49.6464205590225,-1.23361788114874E-15,-18.9816066057997));
#10167=CARTESIAN_POINT('',(49.666634595717,-9.86894304918995E-16,-19.015687702552));
#10168=CARTESIAN_POINT('',(49.6785830084248,-9.86894304918995E-16,-19.0359694450479));
#10169=CARTESIAN_POINT('',(49.6836874837652,-1.48034145737849E-15,-19.044667758591));
#10170=CARTESIAN_POINT('',(49.6897318572724,-9.86894304918995E-16,-19.054992148722));
#10171=CARTESIAN_POINT('',(49.696396916181,-1.48034145737849E-15,-19.0663774675529));
#10172=CARTESIAN_POINT('',(49.7083685040297,-1.23361788114874E-15,-19.0868268305354));
#10173=CARTESIAN_POINT('',(49.7299517470607,-1.48034145737849E-15,-19.123694740658));
#10174=CARTESIAN_POINT('',(49.760454030523,-1.23361788114874E-15,-19.1757977502815));
#10175=CARTESIAN_POINT('',(49.7971984153095,-9.86894304918995E-16,-19.2385633852703));
#10176=CARTESIAN_POINT('',(49.8461414548398,-1.72706503360824E-15,-19.3221663648439));
#10177=CARTESIAN_POINT('',(49.9073371940615,-9.86894304918995E-16,-19.4266990337954));
#10178=CARTESIAN_POINT('',(50.0052409090763,-1.48034145737849E-15,-19.5939351269073));
#10179=CARTESIAN_POINT('',(50.1008153533211,-1.28766363956768E-15,-19.7571924331086));
#10180=CARTESIAN_POINT('',(50.1719127294308,-1.33515489045955E-15,-19.8786387692092));
#10181=CARTESIAN_POINT('',(50.1940572653633,-1.34485883025907E-15,-19.9164653796987));
#10182=CARTESIAN_POINT('',(42.6285378228396,3.20733365138429E-15,-14.5801604954865));
#10183=CARTESIAN_POINT('',(42.6285378228394,2.91591814493812,-14.5801604954865));
#10184=CARTESIAN_POINT('',(42.6769426191502,5.77911910160771,-13.5227975270641));
#10185=CARTESIAN_POINT('',(42.75,7.99999999999999,-11.6103209909731));
#10186=CARTESIAN_POINT('',(42.75,8.,-11.6103209909731));
#10187=CARTESIAN_POINT('',(41.8287509666469,8.,-23.6508300947988));
#10188=CARTESIAN_POINT('',(22.75,4.33680868994202E-15,-2.32024770021602));
#10189=CARTESIAN_POINT('',(22.75,4.33680868994202E-15,-2.32024770021602));
#10190=CARTESIAN_POINT('',(22.75,8.,-11.6103209909731));
#10191=CARTESIAN_POINT('',(22.75,8.,-11.6103209909731));
#10192=CARTESIAN_POINT('',(22.75,-8.,-9.75));
#10193=CARTESIAN_POINT('',(22.75,8.,-9.75));
#10194=CARTESIAN_POINT('',(22.75,8.,-9.49999999793128));
#10195=CARTESIAN_POINT('',(22.75,5.,-9.49999999793128));
#10196=CARTESIAN_POINT('',(70.5,7.75000000000009,-15.75));
#10197=CARTESIAN_POINT('',(70.5,8.00000000000009,-15.75));
#10198=CARTESIAN_POINT('',(68.5,8.00000000000009,-15.75));
#10199=CARTESIAN_POINT('',(85.7876965398408,7.75000000000009,-17.25));
#10200=CARTESIAN_POINT('',(85.7876965398408,8.,-17.25));
#10201=CARTESIAN_POINT('',(85.7876965398408,8.,-15.75));
#10202=CARTESIAN_POINT('',(110.648089768143,16.,-27.1885657325373));
#10203=CARTESIAN_POINT('',(112.558918504128,17.1884601018007,-29.8602595151488));
#10204=CARTESIAN_POINT('',(110.876912672517,15.,-32.0487196169495));
#10205=CARTESIAN_POINT('',(110.86018032264,15.,-32.0487196169495));
#10206=CARTESIAN_POINT('',(129.578588681883,15.,-32.0487196169495));
#10207=CARTESIAN_POINT('',(125.670042710054,9.62321523496835,-37.4255043819812));
#10208=CARTESIAN_POINT('',(129.578588681883,15.,-32.0487196169495));
#10209=CARTESIAN_POINT('',(130.713761188369,11.3937731429076,-47.2366961276533));
#10210=CARTESIAN_POINT('',(134.686375989644,15.,-47.7960378567875));
#10211=CARTESIAN_POINT('',(129.578588681883,15.,-32.0487196169495));
#10212=CARTESIAN_POINT('',(134.686375989644,15.,-47.7960378567876));
#10213=CARTESIAN_POINT('',(134.441372248017,16.0755232523128,-50.0826200927241));
#10214=CARTESIAN_POINT('',(133.256388504144,15.,-49.9160814882514));
#10215=CARTESIAN_POINT('',(133.733050999311,15.,-49.2094002777634));
#10216=CARTESIAN_POINT('',(134.209713494477,15.,-48.5027190672755));
#10217=CARTESIAN_POINT('',(134.686375989644,15.,-47.7960378567876));
#10218=CARTESIAN_POINT('',(134.781346164513,15.,-54.6094185744583));
#10219=CARTESIAN_POINT('',(138.574813505465,12.3697198723824,-74.7962758513551));
#10220=CARTESIAN_POINT('',(125.827844882671,16.,-66.2934952758614));
#10221=CARTESIAN_POINT('',(140.515706617648,11.8140076736867,-76.0940797418279));
#10222=CARTESIAN_POINT('',(143.066519805488,15.,-73.6320375984338));
#10223=CARTESIAN_POINT('',(140.67992889828,15.,-72.7633895468398));
#10224=CARTESIAN_POINT('',(127.951806802936,16.,-23.7922214016189));
#10225=CARTESIAN_POINT('',(128.808488837788,-1.95932378024627,-84.6418141424831));
#10226=CARTESIAN_POINT('',(148.172769118288,15.,-89.3746141968034));
#10227=CARTESIAN_POINT('',(139.060642885749,15.,-61.2819112357142));
#10228=CARTESIAN_POINT('',(181.5318050062,16.,-57.9270997077236));
#10229=CARTESIAN_POINT('',(145.318601545028,17.2913190640889,-95.4011492654108));
#10230=CARTESIAN_POINT('',(143.08888386903,15.0020325018328,-94.383927942963));
#10231=CARTESIAN_POINT('',(143.085093411465,15.0020340172312,-94.387662801295));
#10232=CARTESIAN_POINT('',(142.277618504218,15.,-107.223571108502));
#10233=CARTESIAN_POINT('',(142.277618504218,15.,-107.223571108502));
#10234=CARTESIAN_POINT('',(143.086520601112,15.0000000000001,-94.389112062193));
#10235=CARTESIAN_POINT('',(159.593986988601,12.2000000000001,-107.196433324734));
#10236=CARTESIAN_POINT('',(157.318045867285,15.,-107.200000123285));
#10237=CARTESIAN_POINT('',(157.106672418292,15.0000000080175,-107.200331382519));
#10238=CARTESIAN_POINT('',(157.106672418292,15.0000000080175,-107.200331382519));
#10239=CARTESIAN_POINT('',(158.147212403591,14.5151362416773,-107.198700674028));
#10240=CARTESIAN_POINT('',(159.18775238889,14.0302724753371,-107.197069965537));
#10241=CARTESIAN_POINT('',(160.228292374189,13.545408708997,-107.195439257046));
#10242=CARTESIAN_POINT('',(160.228292374124,13.5522513064953,-107.195439257046));
#10243=CARTESIAN_POINT('',(160.228292374124,51.4257255443649,-107.195439257046));
#10244=CARTESIAN_POINT('',(160.228292374124,7.38705076271916,-107.195439257046));
#10245=CARTESIAN_POINT('',(157.850313940185,9.6849660896588,-107.199165965945));
#10246=CARTESIAN_POINT('',(159.593986988601,8.00000000000009,-107.196433324734));
#10247=CARTESIAN_POINT('',(159.593986988601,12.0000000000001,-107.196433324734));
#10248=CARTESIAN_POINT('',(159.593986988601,9.49999999999974,-107.196433324734));
#10249=CARTESIAN_POINT('',(157.006882922949,9.49999999999974,-107.200487770144));
#10250=CARTESIAN_POINT('',(129.54369179253,16.,-107.243527403028));
#10251=CARTESIAN_POINT('',(129.54369179253,13.2000000000001,-107.243527403028));
#10252=CARTESIAN_POINT('',(155.44654023054,13.2000000000001,-107.202933100562));
#10253=CARTESIAN_POINT('',(140.757920641913,13.2000000000001,-107.225952741349));
#10254=CARTESIAN_POINT('',(140.757920641913,16.,-107.225952741349));
#10255=CARTESIAN_POINT('',(140.856853630406,11.1999999999998,-76.8719889650553));
#10256=CARTESIAN_POINT('',(140.856853630406,12.1999999999998,-76.8719889650553));
#10257=CARTESIAN_POINT('',(140.856853630406,12.1999999999998,-76.8719889650553));
#10258=CARTESIAN_POINT('',(128.633219471506,12.1999999999999,-36.1677782743983));
#10259=CARTESIAN_POINT('',(139.742925829757,19.1999999999998,-73.1626541385745));
#10260=CARTESIAN_POINT('',(129.747147272155,19.1999999999999,-39.8771131008791));
#10261=CARTESIAN_POINT('',(141.658418097553,19.1999999999998,-72.5874242958028));
#10262=CARTESIAN_POINT('',(141.658418097553,19.1999999999998,-72.5874242958028));
#10263=CARTESIAN_POINT('',(142.772345898201,12.1999999999998,-76.2967591222835));
#10264=CARTESIAN_POINT('',(142.772345898201,12.1999999999998,-76.2967591222835));
#10265=CARTESIAN_POINT('',(130.548711739302,11.1999999999999,-35.5925484316266));
#10266=CARTESIAN_POINT('',(130.548711739302,12.1999999999999,-35.5925484316266));
#10267=CARTESIAN_POINT('',(130.548711739302,12.1999999999999,-35.5925484316266));
#10268=CARTESIAN_POINT('',(131.66263953995,19.1999999999999,-39.3018832581074));
#10269=CARTESIAN_POINT('',(129.747147272155,19.1999999999999,-39.8771131008791));
#10270=CARTESIAN_POINT('',(128.633219471506,12.1999999999999,-36.1677782743983));
#10271=CARTESIAN_POINT('',(136.964588797804,19.1999999999999,-70.8646455796528));
#10272=CARTESIAN_POINT('',(136.964588797804,19.1999999999999,-70.8646455796528));
#10273=CARTESIAN_POINT('',(138.078516598452,12.1999999999999,-74.5739804061336));
#10274=CARTESIAN_POINT('',(135.049096530009,19.1999999999999,-71.4398754224245));
#10275=CARTESIAN_POINT('',(136.163024330657,12.1999999999999,-75.1492102489053));
#10276=CARTESIAN_POINT('',(138.078516598452,12.1999999999999,-74.5739804061336));
#10277=CARTESIAN_POINT('',(127.005342125097,11.1999999999999,-37.7007542510679));
#10278=CARTESIAN_POINT('',(127.005342125097,12.1999999999999,-37.7007542510679));
#10279=CARTESIAN_POINT('',(127.005342125097,12.1999999999999,-37.7007542510679));
#10280=CARTESIAN_POINT('',(128.119269925745,19.1999999999999,-41.4100890775486));
#10281=CARTESIAN_POINT('',(126.203777657949,19.1999999999999,-41.9853189203204));
#10282=CARTESIAN_POINT('',(126.203777657949,19.1999999999999,-41.9853189203204));
#10283=CARTESIAN_POINT('',(125.089849857301,12.1999999999999,-38.2759840938396));
#10284=CARTESIAN_POINT('',(125.089849857301,12.1999999999999,-38.2759840938396));
#10285=CARTESIAN_POINT('',(136.163024330657,11.1999999999999,-75.1492102489053));
#10286=CARTESIAN_POINT('',(136.163024330657,12.1999999999999,-75.1492102489053));
#10287=CARTESIAN_POINT('',(112.963587489721,12.2,-25.));
#10288=CARTESIAN_POINT('',(145.83829785154,12.1999999999998,-79.5525138151031));
#10289=CARTESIAN_POINT('',(145.83829785154,12.1999999999998,-79.5525138151031));
#10290=CARTESIAN_POINT('',(131.169936860861,12.1999999999999,-30.7074609863147));
#10291=CARTESIAN_POINT('',(131.169936860861,12.1999999999999,-30.7074609863147));
#10292=CARTESIAN_POINT('',(121.592475521883,12.1999999999999,-33.5836102001734));
#10293=CARTESIAN_POINT('',(121.592475521883,12.1999999999999,-33.5836102001734));
#10294=CARTESIAN_POINT('',(136.260836512562,12.1999999999999,-82.4286630289617));
#10295=CARTESIAN_POINT('',(136.260836512562,12.1999999999999,-82.4286630289617));
#10296=CARTESIAN_POINT('',(147.529464437566,9.99999999999979,-58.249999995764));
#10297=CARTESIAN_POINT('',(147.529464437566,9.99999999999979,-58.249999995764));
#10298=CARTESIAN_POINT('',(149.054133556998,9.99999999999979,-61.9480243434735));
#10299=CARTESIAN_POINT('',(146.255803328254,9.9999999999998,-54.4581947029481));
#10300=CARTESIAN_POINT('',(148.113640670222,9.99999999999979,-59.0992573944368));
#10301=CARTESIAN_POINT('',(145.303377733271,9.99999999999981,-60.1492203581653));
#10302=CARTESIAN_POINT('',(144.603402424119,9.99999999999981,-58.2757117335315));
#10303=CARTESIAN_POINT('',(144.603402424119,9.99999999999981,-58.2757117335315));
#10304=CARTESIAN_POINT('',(147.413665361069,9.9999999999998,-57.225748769803));
#10305=CARTESIAN_POINT('',(131.169936860861,11.1999999999999,-30.7074609863147));
#10306=CARTESIAN_POINT('',(131.169936860861,11.1999999999999,-30.7074609863147));
#10307=CARTESIAN_POINT('',(131.169936860861,11.1999999999999,-30.7074609863147));
#10308=CARTESIAN_POINT('',(131.169936860861,11.1999999999999,-30.7074609863147));
#10309=CARTESIAN_POINT('',(121.592475521883,11.1999999999999,-33.5836102001734));
#10310=CARTESIAN_POINT('',(121.592475521883,11.1999999999999,-33.5836102001734));
#10311=CARTESIAN_POINT('',(121.592475521883,11.1999999999999,-33.5836102001734));
#10312=CARTESIAN_POINT('',(121.592475521883,11.1999999999999,-33.5836102001734));
#10313=CARTESIAN_POINT('',(136.260836512562,11.1999999999999,-82.4286630289617));
#10314=CARTESIAN_POINT('',(136.260836512562,11.1999999999999,-82.4286630289617));
#10315=CARTESIAN_POINT('',(136.260836512562,11.1999999999999,-82.4286630289617));
#10316=CARTESIAN_POINT('',(136.260836512562,11.1999999999999,-82.4286630289617));
#10317=CARTESIAN_POINT('',(145.83829785154,11.1999999999998,-79.5525138151031));
#10318=CARTESIAN_POINT('',(145.83829785154,11.1999999999998,-79.5525138151031));
#10319=CARTESIAN_POINT('',(145.83829785154,11.1999999999998,-79.5525138151031));
#10320=CARTESIAN_POINT('',(145.83829785154,11.1999999999998,-79.5525138151031));
#10321=CARTESIAN_POINT('',(134.920574087538,11.1999999999999,-84.919385139529));
#10322=CARTESIAN_POINT('',(134.920574087538,11.1999999999999,-84.919385139529));
#10323=CARTESIAN_POINT('',(134.920574087538,11.1999999999999,-84.919385139529));
#10324=CARTESIAN_POINT('',(134.920574087538,11.1999999999999,-84.919385139529));
#10325=CARTESIAN_POINT('',(119.101753411316,11.2,-32.2433477751495));
#10326=CARTESIAN_POINT('',(119.101753411316,11.2,-32.2433477751495));
#10327=CARTESIAN_POINT('',(147.529464437566,10.9999999999998,-58.249999995764));
#10328=CARTESIAN_POINT('',(147.529464437566,10.9999999999998,-58.249999995764));
#10329=CARTESIAN_POINT('',(145.779526164686,10.9999999999998,-53.5662284341795));
#10330=CARTESIAN_POINT('',(149.279402710447,10.9999999999998,-62.9337715573484));
#10331=CARTESIAN_POINT('',(149.279402710447,10.9999999999998,-62.9337715573484));
#10332=CARTESIAN_POINT('',(149.971505887534,10.9999999999998,-62.6751898091907));
#10333=CARTESIAN_POINT('',(150.640731978259,11.1686303727389,-62.4251553371902));
#10334=CARTESIAN_POINT('',(151.282824464734,11.4381955276601,-62.1852584502397));
#10335=CARTESIAN_POINT('',(151.282824464734,11.4381955276601,-62.1852584502397));
#10336=CARTESIAN_POINT('',(151.282824464734,11.4381955276601,-62.1852584502397));
#10337=CARTESIAN_POINT('',(151.530065772262,10.8214281370708,-61.0971247595598));
#10338=CARTESIAN_POINT('',(151.658346276218,10.2918701527233,-59.9380175812442));
#10339=CARTESIAN_POINT('',(151.504331018855,9.99999999999978,-58.6977004100546));
#10340=CARTESIAN_POINT('',(151.504331018855,9.99999999999977,-58.6977004100546));
#10341=CARTESIAN_POINT('',(147.529464437566,9.99999999999979,-58.249999995764));
#10342=CARTESIAN_POINT('',(150.437662024755,9.99999999999978,-60.9963406144544));
#10343=CARTESIAN_POINT('',(150.437662024755,9.99999999999978,-60.9963406144544));
#10344=CARTESIAN_POINT('',(150.075927108338,10.0412564409974,-61.4394838891217));
#10345=CARTESIAN_POINT('',(149.591343135801,10.0408013504868,-61.7706697909213));
#10346=CARTESIAN_POINT('',(149.054133556998,9.9999999999998,-61.9480243434735));
#10347=CARTESIAN_POINT('',(147.924414907579,9.9999999999998,-54.2695459856997));
#10348=CARTESIAN_POINT('',(147.360727581827,10.0412564409975,-54.1721565077013));
#10349=CARTESIAN_POINT('',(146.777698092258,10.0408013504869,-54.2398495079609));
#10350=CARTESIAN_POINT('',(146.255803328254,9.99999999999986,-54.4581947029481));
#10351=CARTESIAN_POINT('',(147.924414907579,9.9999999999998,-54.2695459856997));
#10352=CARTESIAN_POINT('',(147.529464437566,9.99999999999979,-58.249999995764));
#10353=CARTESIAN_POINT('',(150.236998054585,9.99999999999978,-55.3056389933196));
#10354=CARTESIAN_POINT('',(150.236998054585,9.99999999999978,-55.3056389933196));
#10355=CARTESIAN_POINT('',(149.54242635362,10.2908541938336,-54.2718007504547));
#10356=CARTESIAN_POINT('',(148.682340493463,10.8219580940569,-53.4765911103961));
#10357=CARTESIAN_POINT('',(147.782947918973,11.4381955276601,-52.8177153270708));
#10358=CARTESIAN_POINT('',(147.782947918973,11.4381955276601,-52.8177153270708));
#10359=CARTESIAN_POINT('',(147.782947918973,11.4381955276601,-52.8177153270708));
#10360=CARTESIAN_POINT('',(147.138994214075,11.1678489905503,-53.0583075974978));
#10361=CARTESIAN_POINT('',(146.47536796961,10.9999999999998,-53.306249869833));
#10362=CARTESIAN_POINT('',(145.779526164686,10.9999999999998,-53.5662284341795));
#10363=CARTESIAN_POINT('',(119.101753411316,11.2,-32.2433477751495));
#10364=CARTESIAN_POINT('',(119.101753411316,11.2,-32.2433477751495));
#10365=CARTESIAN_POINT('',(132.510199285885,11.1999999999999,-28.2167388757474));
#10366=CARTESIAN_POINT('',(132.510199285885,11.1999999999999,-28.2167388757474));
#10367=CARTESIAN_POINT('',(6.28710678118584,10.7928932188135,-31.464870697746));
#10368=CARTESIAN_POINT('',(6.28710678118584,10.7928932188135,-9.49999999793128));
#10369=CARTESIAN_POINT('',(6.99421356237239,11.5,-9.49999999793128));
#10370=CARTESIAN_POINT('',(15.7462082751302,20.2519947127578,-18.2519947127578));
#10371=CARTESIAN_POINT('',(15.7462082751302,20.2519947127578,-10.6416240044485));
#10372=CARTESIAN_POINT('',(103.41658887502,3.23952421014186,-25.1620653098132));
#10373=CARTESIAN_POINT('',(134.385772936103,3.23952421014186,-128.288204112185));
#10374=CARTESIAN_POINT('',(103.650015737841,8.4689625279085,-25.1620653098132));
#10375=CARTESIAN_POINT('',(134.619199798924,8.4689625279085,-128.288204112185));
#10376=CARTESIAN_POINT('',(107.532979131324,12.2666878246547,-25.1620653098135));
#10377=CARTESIAN_POINT('',(138.502163192407,12.2666878246547,-128.288204112185));
#10378=CARTESIAN_POINT('',(113.103236860715,12.2490126146203,-25.1620653098131));
#10379=CARTESIAN_POINT('',(144.072420921798,12.2490126146203,-128.288204112185));
#10380=CARTESIAN_POINT('',(124.430910927265,11.9096821461995,-25.1620653098132));
#10381=CARTESIAN_POINT('',(155.400094988349,11.9096821461995,-128.288204112185));
#10382=CARTESIAN_POINT('',(135.60353851267,11.5749962318828,-25.1620653098131));
#10383=CARTESIAN_POINT('',(166.572722573753,11.5749962318828,-128.288204112185));
#10384=CARTESIAN_POINT('',(146.621119616928,11.2449548716699,-25.1620653098131));
#10385=CARTESIAN_POINT('',(177.590303678011,11.2449548716699,-128.288204112185));
#10386=CARTESIAN_POINT('',(107.386853719057,8.00000000000009,-33.25));
#10387=CARTESIAN_POINT('',(108.048180685147,9.00571249288618,-33.25));
#10388=CARTESIAN_POINT('',(109.73309321038,10.7340343132457,-33.25));
#10389=CARTESIAN_POINT('',(111.954553749059,11.7282502056418,-33.25));
#10390=CARTESIAN_POINT('',(113.11401208504,11.9999999999928,-33.25));
#10391=CARTESIAN_POINT('',(107.386853719057,8.00000000000009,-33.25));
#10392=CARTESIAN_POINT('',(125.330013126933,8.00000000000009,-93.));
#10393=CARTESIAN_POINT('',(128.004312817946,10.2500000000029,-95.));
#10394=CARTESIAN_POINT('',(129.084966594638,11.0942349407245,-95.));
#10395=CARTESIAN_POINT('',(130.32263079672,11.6870725487953,-95.));
#10396=CARTESIAN_POINT('',(131.657779339205,11.999999999993,-95.));
#10397=CARTESIAN_POINT('',(2.49016385210744E-44,-9.22048375510497E-30,-33.25));
#10398=CARTESIAN_POINT('',(105.344726370545,8.00000000000009,-33.25));
#10399=CARTESIAN_POINT('',(103.028388606396,8.00000000000009,-33.25));
#10400=CARTESIAN_POINT('',(106.111281701813,12.2,-33.25));
#10401=CARTESIAN_POINT('',(155.41090843621,13.7000000000001,-84.4666151432569));
#10402=CARTESIAN_POINT('',(104.569884300991,13.7000000000001,-26.7074515604897));
#10403=CARTESIAN_POINT('',(107.004131405511,13.7,-36.2137902422495));
#10404=CARTESIAN_POINT('',(113.478655362471,13.7000000000001,-42.2759320663104));
#10405=CARTESIAN_POINT('',(112.787161704923,13.7000000000001,-40.9413536411312));
#10406=CARTESIAN_POINT('',(110.945473613583,13.7000000000001,-38.5075281302099));
#10407=CARTESIAN_POINT('',(108.395113020326,13.7000000000001,-36.8221397700649));
#10408=CARTESIAN_POINT('',(107.004131405511,13.7000000000001,-36.2137902422494));
#10409=CARTESIAN_POINT('',(112.963587489721,12.0000000000001,-9.49999999999999));
#10410=CARTESIAN_POINT('',(129.963587490289,12.0000000000001,-9.49999999999999));
#10411=CARTESIAN_POINT('',(129.963587490289,12.3116515749497,-9.49999999999999));
#10412=CARTESIAN_POINT('',(98.830778672289,12.3116515749497,-9.49999999999999));
#10413=CARTESIAN_POINT('',(98.9861154709535,12.3116515736226,-9.49999999999999));
#10414=CARTESIAN_POINT('',(98.9861154709535,12.3116515736226,-9.49999999999999));
#10415=CARTESIAN_POINT('',(98.600422803519,12.0411010493053,-9.49999999999999));
#10416=CARTESIAN_POINT('',(98.2147301360844,11.770550524988,-9.49999999999999));
#10417=CARTESIAN_POINT('',(97.8290374686499,11.5000000006707,-9.49999999999999));
#10418=CARTESIAN_POINT('',(97.8290374686499,11.5,-9.49999999999999));
#10419=CARTESIAN_POINT('',(7.49421356237237,11.5,-9.5));
#10420=CARTESIAN_POINT('',(84.3133537770365,8.,-9.49999999793128));
#10421=CARTESIAN_POINT('',(98.3457737995518,8.,-9.49999999793128));
#10422=CARTESIAN_POINT('',(105.26006321334,4.49927123267501,-9.49999999793128));
#10423=CARTESIAN_POINT('',(105.26006321334,4.49927123267501,-25.));
#10424=CARTESIAN_POINT('',(98.3457737995518,8.00000000000009,-21.500077515918));
#10425=CARTESIAN_POINT('',(98.3457737995518,8.00000000000009,-21.25));
#10426=CARTESIAN_POINT('',(98.3457737995518,8.00000000000009,-21.25));
#10427=CARTESIAN_POINT('',(98.4714877144924,8.24829755431291,-21.25));
#10428=CARTESIAN_POINT('',(98.6105891081267,8.48981628166098,-21.25));
#10429=CARTESIAN_POINT('',(98.7622721598748,8.72315705328009,-21.25));
#10430=CARTESIAN_POINT('',(98.7623085269329,8.7231334128922,-21.25));
#10431=CARTESIAN_POINT('',(98.7622721756922,8.72315707761271,-21.25));
#10432=CARTESIAN_POINT('',(99.8043316322247,10.3262033828219,-21.25));
#10433=CARTESIAN_POINT('',(101.460156781405,11.5191612942168,-21.25));
#10434=CARTESIAN_POINT('',(103.310656938646,12.0000921994881,-21.25));
#10435=CARTESIAN_POINT('',(32.2501977006458,12.,-18.8936187172063));
#10436=CARTESIAN_POINT('',(87.2264528444801,12.0000000000001,-18.8936187172061));
#10437=CARTESIAN_POINT('',(87.1533391938325,5.35936451551989,-25.5163884578058));
#10438=CARTESIAN_POINT('',(87.5458177758319,5.3609173039797,-25.6180388454994));
#10439=CARTESIAN_POINT('',(87.9446853118818,5.36327269382496,-25.725547652573));
#10440=CARTESIAN_POINT('',(88.9182469397655,5.37001394307777,-26.035167034189));
#10441=CARTESIAN_POINT('',(89.4864102076984,5.37463472260205,-26.2464938601812));
#10442=CARTESIAN_POINT('',(91.1593340156537,5.38969238979027,-26.9602002160789));
#10443=CARTESIAN_POINT('',(92.2294487909495,5.40120731531554,-27.5412998635991));
#10444=CARTESIAN_POINT('',(94.9628141151985,5.43113840967919,-29.4013801223268));
#10445=CARTESIAN_POINT('',(96.4819680779688,5.44791189989667,-30.8863589604084));
#10446=CARTESIAN_POINT('',(97.6822114457441,5.46031731435708,-32.5961936957562));
#10447=CARTESIAN_POINT('',(87.1915403762819,5.,-25.368908114659));
#10448=CARTESIAN_POINT('',(87.5859451734842,5.,-25.4694133542114));
#10449=CARTESIAN_POINT('',(87.9896477716469,5.,-25.5756901413273));
#10450=CARTESIAN_POINT('',(88.9737559226244,5.,-25.8811198847194));
#10451=CARTESIAN_POINT('',(89.5486503946447,5.,-26.0895135710563));
#10452=CARTESIAN_POINT('',(91.2438489845012,5.,-26.7937495266376));
#10453=CARTESIAN_POINT('',(92.3316766880664,5.,-27.3676493250104));
#10454=CARTESIAN_POINT('',(95.1222390222538,5.,-29.2142328438965));
#10455=CARTESIAN_POINT('',(96.6866793186925,5.,-30.6975527350621));
#10456=CARTESIAN_POINT('',(97.9321766172392,5.,-32.4216453633236));
#10457=CARTESIAN_POINT('',(97.725973106538,5.29191498185503,-32.4658197595637));
#10458=CARTESIAN_POINT('',(97.6967785031486,5.3477026645659,-32.4883365230467));
#10459=CARTESIAN_POINT('',(97.6675714253261,5.40349374756484,-32.510849652995));
#10460=CARTESIAN_POINT('',(97.6383518729763,5.45928822820869,-32.5333591397558));
#10461=CARTESIAN_POINT('',(97.6387255274038,5.45951725162986,-32.5332804014344));
#10462=CARTESIAN_POINT('',(97.6380522270836,5.45986041718554,-32.5335899945885));
#10463=CARTESIAN_POINT('',(96.4075028449578,5.44711523657494,-30.7974859361276));
#10464=CARTESIAN_POINT('',(94.0613881136428,5.42080025462979,-28.5492471266787));
#10465=CARTESIAN_POINT('',(90.3018571228241,5.38083215921559,-26.4935159253354));
#10466=CARTESIAN_POINT('',(88.2506005743965,5.36396533349249,-25.8021573348444));
#10467=CARTESIAN_POINT('',(87.2274971140495,5.35966704718653,-25.5356486815764));
#10468=CARTESIAN_POINT('',(100.425612770132,8.49831989669047,-34.050035052917));
#10469=CARTESIAN_POINT('',(100.215592741578,8.35658286220019,-33.7807395868645));
#10470=CARTESIAN_POINT('',(99.9790294129138,8.1848604222181,-33.4988035809409));
#10471=CARTESIAN_POINT('',(99.4202789452906,7.68520743546101,-33.0352294528731));
#10472=CARTESIAN_POINT('',(99.1183011675993,7.3681060453066,-32.8593870990357));
#10473=CARTESIAN_POINT('',(98.3992914771812,6.48059792404079,-32.5529811865786));
#10474=CARTESIAN_POINT('',(98.0227733937799,5.88360880725275,-32.4853093165366));
#10475=CARTESIAN_POINT('',(97.7143917846182,5.26816617367638,-32.4648794061685));
#10476=CARTESIAN_POINT('',(100.359160243666,8.55544738656767,-34.0711473016917));
#10477=CARTESIAN_POINT('',(100.150871195956,8.41122314439117,-33.8017801008101));
#10478=CARTESIAN_POINT('',(99.9121981498124,8.2401242602993,-33.5216274725659));
#10479=CARTESIAN_POINT('',(99.3457874427064,7.74258397452413,-33.0629030443262));
#10480=CARTESIAN_POINT('',(99.0354771657444,7.42882857522567,-32.8914409912533));
#10481=CARTESIAN_POINT('',(98.2935037471437,6.54787348390301,-32.5977978496979));
#10482=CARTESIAN_POINT('',(97.899681885331,5.95369610072176,-32.5402059068956));
#10483=CARTESIAN_POINT('',(97.5744851600866,5.33825638699208,-32.5303883299528));
#10484=CARTESIAN_POINT('',(99.7734162591984,8.00053246178448,-33.3292738493565));
#10485=CARTESIAN_POINT('',(99.9801641096508,8.22004297286764,-33.5378413344601));
#10486=CARTESIAN_POINT('',(100.175165082668,8.3930273704427,-33.7984536771456));
#10487=CARTESIAN_POINT('',(100.344389681636,8.54451528203063,-34.0513759472852));
#10488=CARTESIAN_POINT('',(100.344183444417,8.54472594382074,-34.0513951986002));
#10489=CARTESIAN_POINT('',(100.343927257696,8.54488885615615,-34.051498872555));
#10490=CARTESIAN_POINT('',(100.137085312013,8.40136589633982,-33.7854082963253));
#10491=CARTESIAN_POINT('',(99.6553978531129,8.04699888572884,-33.2451347632002));
#10492=CARTESIAN_POINT('',(98.8775582798717,7.27210705194614,-32.8011321210222));
#10493=CARTESIAN_POINT('',(98.1971708428684,6.40135337365389,-32.5876896772637));
#10494=CARTESIAN_POINT('',(97.8130526423797,5.77743895190045,-32.5414878765686));
#10495=CARTESIAN_POINT('',(97.6394031252153,5.45915603944284,-32.532960045916));
#10496=CARTESIAN_POINT('',(114.405146547518,13.7000000000001,-44.5614433647727));
#10497=CARTESIAN_POINT('',(113.10970795951,13.7000000000001,-40.2551505487071));
#10498=CARTESIAN_POINT('',(109.945190723965,13.7000000000001,-37.045699837639));
#10499=CARTESIAN_POINT('',(105.63231994225,13.7000000000001,-35.7018641073301));
#10500=CARTESIAN_POINT('',(113.313017861737,12.9378206530414,-44.8911902430946));
#10501=CARTESIAN_POINT('',(112.129158811485,12.9378206530414,-40.9544512331122));
#10502=CARTESIAN_POINT('',(109.236573606157,12.9378206530414,-38.0202350802215));
#10503=CARTESIAN_POINT('',(105.294050994916,12.9378206530414,-36.7913833542166));
#10504=CARTESIAN_POINT('',(112.091759087898,11.9999999999999,-45.2599254237928));
#10505=CARTESIAN_POINT('',(111.032672412217,11.9999999999999,-41.7364351764897));
#10506=CARTESIAN_POINT('',(108.444171681655,11.9999999999999,-39.1099965075297));
#10507=CARTESIAN_POINT('',(104.915786120796,11.9999999999999,-38.0097241567725));
#10508=CARTESIAN_POINT('',(101.678918765861,11.9999999999999,-48.3898050791983));
#10509=CARTESIAN_POINT('',(104.974221277903,11.999999999986,-38.0281270498805));
#10510=CARTESIAN_POINT('',(107.004131405511,13.7000000000001,-36.2137902422494));
#10511=CARTESIAN_POINT('',(106.304605833771,13.1486944672981,-36.8085086808724));
#10512=CARTESIAN_POINT('',(105.628333969418,12.5784772014151,-37.4104193606092));
#10513=CARTESIAN_POINT('',(104.974221277903,11.9999999999855,-38.0281270498803));
#10514=CARTESIAN_POINT('',(105.547883290002,11.9999999999999,-40.2684194859067));
#10515=CARTESIAN_POINT('',(105.50132169158,11.9999999999999,-40.0865848959243));
#10516=CARTESIAN_POINT('',(103.511508242783,11.9999999999999,-32.3158698675856));
#10517=CARTESIAN_POINT('',(104.057705485671,10.9231351677344,-40.6523717823365));
#10518=CARTESIAN_POINT('',(104.011143887249,10.9231351677344,-40.4705371923541));
#10519=CARTESIAN_POINT('',(102.021330438452,10.9231351677344,-32.6998221640154));
#10520=CARTESIAN_POINT('',(102.792743673958,9.57356777064441,-40.9782959714443));
#10521=CARTESIAN_POINT('',(102.746182075536,9.57356777064441,-40.7964613814618));
#10522=CARTESIAN_POINT('',(100.756368626739,9.57356777064441,-33.0257463531232));
#10523=CARTESIAN_POINT('',(101.799059813756,8.00044057129459,-41.2343239426978));
#10524=CARTESIAN_POINT('',(101.752498215334,8.00044057129459,-41.0524893527153));
#10525=CARTESIAN_POINT('',(99.7626847665367,8.00044057129459,-33.2817743243767));
#10526=CARTESIAN_POINT('',(101.793048566457,7.99092400671373,-41.2358727727758));
#10527=CARTESIAN_POINT('',(101.746486968034,7.99092400671373,-41.0540381827934));
#10528=CARTESIAN_POINT('',(99.7566735192374,7.99092400671373,-33.2833231544547));
#10529=CARTESIAN_POINT('',(101.787037319157,7.98140744213286,-41.2374216028538));
#10530=CARTESIAN_POINT('',(101.740475720735,7.98140744213286,-41.0555870128714));
#10531=CARTESIAN_POINT('',(99.7506622719381,7.98140744213286,-33.2848719845328));
#10532=CARTESIAN_POINT('',(101.781026071858,7.97189087755199,-41.2389704329319));
#10533=CARTESIAN_POINT('',(101.734464473436,7.97189087755199,-41.0571358429495));
#10534=CARTESIAN_POINT('',(99.7446510246388,7.97189087755199,-33.2864208146108));
#10535=CARTESIAN_POINT('',(105.50132169158,11.9999999999999,-40.0865848959243));
#10536=CARTESIAN_POINT('',(104.974221277903,11.999999999986,-38.0281270498805));
#10537=CARTESIAN_POINT('',(104.348575262699,11.4733031751279,-38.6189523913958));
#10538=CARTESIAN_POINT('',(103.199451560099,10.284592041091,-39.7822342551529));
#10539=CARTESIAN_POINT('',(102.218123445599,8.80460989974409,-40.7562713431229));
#10540=CARTESIAN_POINT('',(101.786596587889,8.00006141262118,-41.186648969645));
#10541=CARTESIAN_POINT('',(101.78685740565,8.0002202856473,-41.1872074813022));
#10542=CARTESIAN_POINT('',(101.786728380859,8.,-41.187240540307));
#10543=CARTESIAN_POINT('',(101.176408611259,8.,-38.8052456431979));
#10544=CARTESIAN_POINT('',(100.566088841659,8.,-36.4232507460887));
#10545=CARTESIAN_POINT('',(99.9557690720585,8.,-34.0412558489796));
#10546=CARTESIAN_POINT('',(99.9563291560985,8.0002202856473,-34.0393635487892));
#10547=CARTESIAN_POINT('',(99.9566559413055,8.,-34.0392798703121));
#10548=CARTESIAN_POINT('',(99.8960234356545,8.,-33.8024948977544));
#10549=CARTESIAN_POINT('',(99.8353909300034,8.,-33.5657099251966));
#10550=CARTESIAN_POINT('',(99.7747584243524,8.,-33.3289249526389));
#10551=CARTESIAN_POINT('',(103.965013001328,11.9999999999999,-34.0869184273277));
#10552=CARTESIAN_POINT('',(102.466573544598,10.9866988749831,-34.0724371870027));
#10553=CARTESIAN_POINT('',(101.256693965091,9.77119621374839,-34.0614009980294));
#10554=CARTESIAN_POINT('',(100.344443207597,8.54455587599506,-34.0514731981857));
#10555=CARTESIAN_POINT('',(41.8287509666469,8.,-23.6508300947988));
#10556=CARTESIAN_POINT('',(103.028388606396,8.00000000000009,-33.25));
#10557=CARTESIAN_POINT('',(103.028388606396,8.00000000000009,-25.25));
#10558=CARTESIAN_POINT('',(98.6067937448604,8.00000000000009,-25.25));
#10559=CARTESIAN_POINT('',(100.069503865079,8.00000000000009,-25.25));
#10560=CARTESIAN_POINT('',(98.3457737995518,8.00000000000009,-21.25));
#10561=CARTESIAN_POINT('',(98.7623085085458,8.00000000000009,-22.216589183131));
#10562=CARTESIAN_POINT('',(98.3457737995518,8.00000000000009,-21.25));
#10563=CARTESIAN_POINT('',(103.886506057957,8.,-41.7451230195664));
#10564=CARTESIAN_POINT('',(103.192321811802,8.,-41.5404925179188));
#10565=CARTESIAN_POINT('',(102.487754155886,8.,-41.3677732249267));
#10566=CARTESIAN_POINT('',(101.786918080584,8.,-41.1872345715344));
#10567=CARTESIAN_POINT('',(103.886465562647,8.0002202856473,-41.7452603950087));
#10568=CARTESIAN_POINT('',(103.886420258705,8.,-41.7453967563622));
#10569=CARTESIAN_POINT('',(104.373052340187,8.,-41.9070727091546));
#10570=CARTESIAN_POINT('',(104.846963594282,8.,-42.1251604783307));
#10571=CARTESIAN_POINT('',(105.284922796965,8.,-42.3883086217184));
#10572=CARTESIAN_POINT('',(105.285021511747,8.0001468570982,-42.3881443300518));
#10573=CARTESIAN_POINT('',(108.384981536027,8.,-46.3763574877261));
#10574=CARTESIAN_POINT('',(108.137901476283,8.,-45.5534213106696));
#10575=CARTESIAN_POINT('',(107.566149140669,8.,-44.4303324655501));
#10576=CARTESIAN_POINT('',(106.363821830706,8.,-43.1278838874077));
#10577=CARTESIAN_POINT('',(105.663955231033,8.,-42.6157140531377));
#10578=CARTESIAN_POINT('',(105.285360037077,8.,-42.3882357855451));
#10579=CARTESIAN_POINT('',(114.305891193738,8.,-45.5069411320668));
#10580=CARTESIAN_POINT('',(112.091759087898,11.9999999999999,-45.2599254237928));
#10581=CARTESIAN_POINT('',(110.970423751979,11.9999999999999,-41.529339239683));
#10582=CARTESIAN_POINT('',(108.161219005603,11.9999999999999,-38.8306293802144));
#10583=CARTESIAN_POINT('',(104.388661982278,11.9999999999999,-37.859815433874));
#10584=CARTESIAN_POINT('',(104.35417965755,11.9999999999999,-37.8509418975588));
#10585=CARTESIAN_POINT('',(104.319697332823,11.9999999999999,-37.8420683612436));
#10586=CARTESIAN_POINT('',(104.285215008095,11.9999999999999,-37.8331948249284));
#10587=CARTESIAN_POINT('',(102.802192188148,11.9999999999999,-37.4515599742305));
#10588=CARTESIAN_POINT('',(101.3191693682,11.9999999999999,-37.0699251235326));
#10589=CARTESIAN_POINT('',(99.8361465482528,11.9999999999999,-36.6882902728347));
#10590=CARTESIAN_POINT('',(110.618596256943,10.9231351677344,-45.7047181035309));
#10591=CARTESIAN_POINT('',(109.656615849603,10.9231351677344,-42.5019188377005));
#10592=CARTESIAN_POINT('',(107.245466381112,10.9231351677344,-40.1846601810319));
#10593=CARTESIAN_POINT('',(104.007003237277,10.9231351677344,-39.350582302576));
#10594=CARTESIAN_POINT('',(103.977402693918,10.9231351677344,-39.342958575731));
#10595=CARTESIAN_POINT('',(103.947802150559,10.9231351677344,-39.335334848886));
#10596=CARTESIAN_POINT('',(103.9182016072,10.9231351677344,-39.327711122041));
#10597=CARTESIAN_POINT('',(102.645135431084,10.9231351677344,-38.9998283306835));
#10598=CARTESIAN_POINT('',(101.372069254967,10.9231351677344,-38.671945539326));
#10599=CARTESIAN_POINT('',(100.099003078851,10.9231351677344,-38.3440627479684));
#10600=CARTESIAN_POINT('',(109.368077883782,9.57356777064441,-46.0822876474892));
#10601=CARTESIAN_POINT('',(108.541368514956,9.57356777064441,-43.3275089429667));
#10602=CARTESIAN_POINT('',(106.468114782135,9.57356777064441,-41.3340513811549));
#10603=CARTESIAN_POINT('',(103.683025966827,9.57356777064441,-40.6160441512181));
#10604=CARTESIAN_POINT('',(103.657569403459,9.57356777064441,-40.6094813455915));
#10605=CARTESIAN_POINT('',(103.632112840091,9.57356777064441,-40.6029185399649));
#10606=CARTESIAN_POINT('',(103.606656276723,9.57356777064441,-40.5963557343383));
#10607=CARTESIAN_POINT('',(102.511815233064,9.57356777064441,-40.314101258051));
#10608=CARTESIAN_POINT('',(101.416974189404,9.57356777064441,-40.0318467817636));
#10609=CARTESIAN_POINT('',(100.322133145745,9.57356777064441,-39.7495923054763));
#10610=CARTESIAN_POINT('',(108.385739988053,8.00044057129459,-46.378885345903));
#10611=CARTESIAN_POINT('',(107.665292046629,8.00044057129459,-43.9760467526852));
#10612=CARTESIAN_POINT('',(105.857470468249,8.00044057129459,-42.2369493770038));
#10613=CARTESIAN_POINT('',(103.428527386919,8.00044057129459,-41.6101208127065));
#10614=CARTESIAN_POINT('',(103.406326104459,8.00044057129459,-41.6043914079635));
#10615=CARTESIAN_POINT('',(103.384124821998,8.00044057129459,-41.5986620032205));
#10616=CARTESIAN_POINT('',(103.361923539537,8.00044057129459,-41.5929325984775));
#10617=CARTESIAN_POINT('',(102.407086277782,8.00044057129459,-41.3465211965292));
#10618=CARTESIAN_POINT('',(101.452249016027,8.00044057129459,-41.1001097945808));
#10619=CARTESIAN_POINT('',(100.497411754273,8.00044057129459,-40.8536983926324));
#10620=CARTESIAN_POINT('',(108.376035844336,7.98490024398606,-46.3818153221402));
#10621=CARTESIAN_POINT('',(107.656637619275,7.98490024398606,-43.9824534118792));
#10622=CARTESIAN_POINT('',(105.851438144537,7.98490024398606,-42.2458687640614));
#10623=CARTESIAN_POINT('',(103.426013291916,7.98490024398606,-41.6199409192406));
#10624=CARTESIAN_POINT('',(103.403844167141,7.98490024398606,-41.614219747349));
#10625=CARTESIAN_POINT('',(103.381675042367,7.98490024398606,-41.6084985754575));
#10626=CARTESIAN_POINT('',(103.359505917592,7.98490024398606,-41.6027774035659));
#10627=CARTESIAN_POINT('',(102.40605170013,7.98490024398606,-41.3567200817626));
#10628=CARTESIAN_POINT('',(101.452597482668,7.98490024398606,-41.1106627599593));
#10629=CARTESIAN_POINT('',(100.499143265207,7.98490024398606,-40.864605438156));
#10630=CARTESIAN_POINT('',(108.366331700619,7.96935991667752,-46.3847452983775));
#10631=CARTESIAN_POINT('',(107.647983191921,7.96935991667752,-43.9888600710732));
#10632=CARTESIAN_POINT('',(105.845405820825,7.96935991667752,-42.2547881511189));
#10633=CARTESIAN_POINT('',(103.423499196913,7.96935991667752,-41.6297610257747));
#10634=CARTESIAN_POINT('',(103.401362229824,7.96935991667752,-41.6240480867345));
#10635=CARTESIAN_POINT('',(103.379225262736,7.96935991667752,-41.6183351476944));
#10636=CARTESIAN_POINT('',(103.357088295647,7.96935991667752,-41.6126222086543));
#10637=CARTESIAN_POINT('',(102.405017122478,7.96935991667752,-41.3669189669961));
#10638=CARTESIAN_POINT('',(101.45294594931,7.96935991667752,-41.1212157253378));
#10639=CARTESIAN_POINT('',(100.500874776141,7.96935991667752,-40.8755124836796));
#10640=CARTESIAN_POINT('',(108.356627556903,7.95381958936899,-46.3876752746148));
#10641=CARTESIAN_POINT('',(107.639328764568,7.95381958936898,-43.9952667302671));
#10642=CARTESIAN_POINT('',(105.839373497113,7.95381958936898,-42.2637075381764));
#10643=CARTESIAN_POINT('',(103.42098510191,7.95381958936899,-41.6395811323088));
#10644=CARTESIAN_POINT('',(103.398880292507,7.95381958936899,-41.6338764261201));
#10645=CARTESIAN_POINT('',(103.376775483105,7.95381958936899,-41.6281717199314));
#10646=CARTESIAN_POINT('',(103.354670673702,7.95381958936899,-41.6224670137427));
#10647=CARTESIAN_POINT('',(102.403982544827,7.95381958936899,-41.3771178522295));
#10648=CARTESIAN_POINT('',(101.453294415951,7.95381958936899,-41.1317686907163));
#10649=CARTESIAN_POINT('',(100.502606287075,7.95381958936899,-40.8864195292032));
#10650=CARTESIAN_POINT('',(87.2264528444801,4.15574106414821,-26.737877653058));
#10651=CARTESIAN_POINT('',(89.5230521043591,4.39362915214009,-26.9766277466423));
#10652=CARTESIAN_POINT('',(91.7752778139443,4.63144737663924,-27.7570268259061));
#10653=CARTESIAN_POINT('',(95.7225779934609,5.10715368912956,-30.2688252767127));
#10654=CARTESIAN_POINT('',(97.4120093906135,5.3449044888285,-31.9967711334119));
#10655=CARTESIAN_POINT('',(98.6334416789424,5.58286000162059,-34.0336044620027));
#10656=CARTESIAN_POINT('',(98.6481039950321,5.58571646691726,-34.0580550143348));
#10657=CARTESIAN_POINT('',(98.6627663111218,5.58857293221393,-34.0825055666668));
#10658=CARTESIAN_POINT('',(98.6774286272115,5.5914293975106,-34.1069561189988));
#10659=CARTESIAN_POINT('',(87.2264528444801,4.23075596389917,-26.6628627533071));
#10660=CARTESIAN_POINT('',(89.5413328764059,4.48061888754987,-26.9053930242847));
#10661=CARTESIAN_POINT('',(91.8097938705569,4.73040255811813,-27.6956609136347));
#10662=CARTESIAN_POINT('',(95.7796758508413,5.23004915233592,-30.2347364550877));
#10663=CARTESIAN_POINT('',(97.47537215926,5.47976591039178,-31.9800121103945));
#10664=CARTESIAN_POINT('',(98.6968610236719,5.72969574655488,-34.0342834812926));
#10665=CARTESIAN_POINT('',(98.7115240189122,5.73269595401057,-34.0589433633523));
#10666=CARTESIAN_POINT('',(98.7261870141524,5.73569616146627,-34.083603245412));
#10667=CARTESIAN_POINT('',(98.7408500093927,5.73869636892196,-34.1082631274717));
#10668=CARTESIAN_POINT('',(87.2264528444801,4.30611971701532,-26.5874990001909));
#10669=CARTESIAN_POINT('',(89.5598744728839,4.56765229759998,-26.8335665938056));
#10670=CARTESIAN_POINT('',(91.8449567212015,4.82909564305101,-27.6335804517847));
#10671=CARTESIAN_POINT('',(95.8382269657696,5.35207156908493,-30.2000416539486));
#10672=CARTESIAN_POINT('',(97.5406054580011,5.61344895526606,-31.962877315448));
#10673=CARTESIAN_POINT('',(98.7624648738665,5.87504749512061,-34.0349817284932));
#10674=CARTESIAN_POINT('',(98.7771323172801,5.87818777601592,-34.0598556819373));
#10675=CARTESIAN_POINT('',(98.7917997606937,5.88132805691122,-34.0847296353813));
#10676=CARTESIAN_POINT('',(98.8064672041073,5.88446833780653,-34.1096035888253));
#10677=CARTESIAN_POINT('',(87.2264528444801,4.77927631138686,-26.1143424058194));
#10678=CARTESIAN_POINT('',(89.6770093450386,5.11014841792453,-26.3815410637161));
#10679=CARTESIAN_POINT('',(92.067727543879,5.44086539989446,-27.2420442021066));
#10680=CARTESIAN_POINT('',(96.2107355127496,6.10245448839619,-29.9803619161585));
#10681=CARTESIAN_POINT('',(97.9566711394337,6.43311487548164,-31.8540601826211));
#10682=CARTESIAN_POINT('',(99.1821557509709,6.76404357690379,-34.0394226640287));
#10683=CARTESIAN_POINT('',(99.1968667119543,6.76801611084592,-34.0656561898485));
#10684=CARTESIAN_POINT('',(99.2115776729376,6.77198864478805,-34.0918897156683));
#10685=CARTESIAN_POINT('',(99.226288633921,6.77596117873019,-34.118123241488));
#10686=CARTESIAN_POINT('',(87.2264528444801,5.19857192778732,-25.6950467894189));
#10687=CARTESIAN_POINT('',(89.7838076880684,5.57371876889473,-25.9765186999029));
#10688=CARTESIAN_POINT('',(92.273433424527,5.94865085807529,-26.887738814651));
#10689=CARTESIAN_POINT('',(96.5611109778172,6.69872978836271,-29.7780223054218));
#10690=CARTESIAN_POINT('',(98.3522759423081,7.07361726162036,-31.7525028680175));
#10691=CARTESIAN_POINT('',(99.5863372032017,7.44880871865068,-34.0435904750709));
#10692=CARTESIAN_POINT('',(99.6011511199895,7.45331259151347,-34.071093146324));
#10693=CARTESIAN_POINT('',(99.6159650367774,7.45781646437625,-34.0985958175771));
#10694=CARTESIAN_POINT('',(99.6307789535652,7.46232033723903,-34.1260984888301));
#10695=CARTESIAN_POINT('',(87.2264528444801,6.57182185615148,-24.3217968610548));
#10696=CARTESIAN_POINT('',(90.1039239831796,6.96622656000964,-24.6937190382263));
#10697=CARTESIAN_POINT('',(92.8653281927826,7.36023778104217,-25.7992260014438));
#10698=CARTESIAN_POINT('',(97.5090207829685,8.14865370593094,-29.1900237487576));
#10699=CARTESIAN_POINT('',(99.3830731386785,8.54273238944264,-31.4692107059064));
#10700=CARTESIAN_POINT('',(100.592785275231,8.93706963082163,-34.0538307521202));
#10701=CARTESIAN_POINT('',(100.607306900288,8.94180333348716,-34.0848570451464));
#10702=CARTESIAN_POINT('',(100.621828525345,8.9465370361527,-34.1158833381726));
#10703=CARTESIAN_POINT('',(100.636350150402,8.95127073881824,-34.1469096311988));
#10704=CARTESIAN_POINT('',(87.2264528444801,7.62062721935522,-23.272991497851));
#10705=CARTESIAN_POINT('',(90.3353202264533,7.96002001401903,-23.7332793906443));
#10706=CARTESIAN_POINT('',(93.281288474637,8.29896430791619,-24.99957161279));
#10707=CARTESIAN_POINT('',(98.1449370865264,8.97730139646496,-28.7738490436293));
#10708=CARTESIAN_POINT('',(100.05349936085,9.3163843149017,-31.2745398303888));
#10709=CARTESIAN_POINT('',(101.221526846252,9.65563848502593,-34.0600936683335));
#10710=CARTESIAN_POINT('',(101.235548080467,9.65971095955002,-34.0935320105544));
#10711=CARTESIAN_POINT('',(101.249569314682,9.66378343407409,-34.1269703527753));
#10712=CARTESIAN_POINT('',(101.263590548897,9.66785590859818,-34.1604086949962));
#10713=CARTESIAN_POINT('',(87.2264528444801,9.81031360967761,-21.0833051075286));
#10714=CARTESIAN_POINT('',(90.8163469291228,9.99561662242798,-21.7311317305734));
#10715=CARTESIAN_POINT('',(94.1440598046075,10.1805748743281,-23.3349860129661));
#10716=CARTESIAN_POINT('',(99.4588089131556,10.5508361389774,-27.9100391425746));
#10717=CARTESIAN_POINT('',(101.434850494533,10.7359399281122,-30.8713333905562));
#10718=CARTESIAN_POINT('',(102.51233511157,10.9210974036279,-34.0728180238294));
#10719=CARTESIAN_POINT('',(102.525269451187,10.9233200707854,-34.1112492820317));
#10720=CARTESIAN_POINT('',(102.538203790804,10.9255427379429,-34.149680540234));
#10721=CARTESIAN_POINT('',(102.551138130422,10.9277654051004,-34.1881117984362));
#10722=CARTESIAN_POINT('',(87.2264528444801,10.9511946367963,-19.94242408041));
#10723=CARTESIAN_POINT('',(91.0663046352386,11.0376608119655,-20.6889283001987));
#10724=CARTESIAN_POINT('',(94.5917879701145,11.1239468848879,-22.4692470056442));
#10725=CARTESIAN_POINT('',(100.139003356566,11.2966991329786,-27.4615630129206));
#10726=CARTESIAN_POINT('',(102.148754761516,11.383065795121,-30.6622383250981));
#10727=CARTESIAN_POINT('',(103.177962387458,11.4694513810702,-34.0793132729389));
#10728=CARTESIAN_POINT('',(103.190317200474,11.470488370823,-34.1203325201507));
#10729=CARTESIAN_POINT('',(103.202672013489,11.4715253605759,-34.1613517673625));
#10730=CARTESIAN_POINT('',(103.215026826505,11.4725623503287,-34.2023710145743));
#10731=CARTESIAN_POINT('',(87.2264528444801,12.,-18.8936187172063));
#10732=CARTESIAN_POINT('',(91.3124230904415,11.999999999993,-19.706672540074));
#10733=CARTESIAN_POINT('',(95.0484878140883,11.9999999999999,-21.6336356144622));
#10734=CARTESIAN_POINT('',(100.874426586917,11.9999999999999,-27.0078982069133));
#10735=CARTESIAN_POINT('',(102.951206487242,11.9999999999999,-30.4425346090769));
#10736=CARTESIAN_POINT('',(103.965013001328,11.9999999999999,-34.0869184273277));
#10737=CARTESIAN_POINT('',(103.977182936334,11.9999999999999,-34.1306663354237));
#10738=CARTESIAN_POINT('',(103.98935287134,11.9999999999999,-34.1744142435198));
#10739=CARTESIAN_POINT('',(104.001522806346,11.9999999999999,-34.2181621516158));
#10740=CARTESIAN_POINT('',(122.876335479044,18.4771777565914,-61.5130531845733));
#10741=CARTESIAN_POINT('',(116.65393938944,18.4771777565914,-37.2130531845734));
#10742=CARTESIAN_POINT('',(110.431543299836,18.4771777565914,-12.9130531845735));
#10743=CARTESIAN_POINT('',(104.209147210231,18.4771777565914,11.3869468154265));
#10744=CARTESIAN_POINT('',(120.371305486189,17.2385888782957,-62.1584875854796));
#10745=CARTESIAN_POINT('',(114.148909396585,17.2385888782957,-37.8584875854797));
#10746=CARTESIAN_POINT('',(107.92651330698,17.2385888782957,-13.5584875854797));
#10747=CARTESIAN_POINT('',(101.704117217376,17.2385888782957,10.7415124145202));
#10748=CARTESIAN_POINT('',(117.866275493333,16.0000000000001,-62.8039219863858));
#10749=CARTESIAN_POINT('',(111.643879403729,16.0000000000001,-38.5039219863859));
#10750=CARTESIAN_POINT('',(105.421483314125,16.0000000000001,-14.203921986386));
#10751=CARTESIAN_POINT('',(99.1990872245205,16.0000000000001,10.096078013614));
#10752=CARTESIAN_POINT('',(115.361245500478,14.7614111217044,-63.4493563872921));
#10753=CARTESIAN_POINT('',(109.138849410874,14.7614111217044,-39.1493563872922));
#10754=CARTESIAN_POINT('',(102.916453321269,14.7614111217044,-14.8493563872922));
#10755=CARTESIAN_POINT('',(96.6940572316651,14.7614111217044,9.45064361270771));
#10756=CARTESIAN_POINT('',(111.723717781184,11.9999999999999,-64.3865848959242));
#10757=CARTESIAN_POINT('',(105.50132169158,11.9999999999999,-40.0865848959243));
#10758=CARTESIAN_POINT('',(99.2789256019754,11.9999999999999,-15.7865848959243));
#10759=CARTESIAN_POINT('',(93.056529512371,11.9999999999999,8.51341510407561));
#10760=CARTESIAN_POINT('',(108.08619006189,9.23858887829537,-65.3238134045563));
#10761=CARTESIAN_POINT('',(101.863793972286,9.23858887829537,-41.0238134045564));
#10762=CARTESIAN_POINT('',(95.6413978826813,9.23858887829537,-16.7238134045564));
#10763=CARTESIAN_POINT('',(89.419001793077,9.23858887829537,7.5761865954435));
#10764=CARTESIAN_POINT('',(104.448662342596,6.47717775659084,-66.2610419131885));
#10765=CARTESIAN_POINT('',(98.2262662529916,6.47717775659084,-41.9610419131885));
#10766=CARTESIAN_POINT('',(92.0038701633872,6.47717775659084,-17.6610419131885));
#10767=CARTESIAN_POINT('',(85.7814740737829,6.47717775659084,6.63895808681139));
#10768=CARTESIAN_POINT('',(97.7957950725733,11.9999921576871,-9.99463533930252));
#10769=CARTESIAN_POINT('',(98.2458763792104,12.3210455761395,-9.99176241294158));
#10770=CARTESIAN_POINT('',(98.6844767599163,12.6266610745194,-9.99184760866759));
#10771=CARTESIAN_POINT('',(99.1115956537923,12.9168378986098,-9.99489107099907));
#10772=CARTESIAN_POINT('',(98.7648078115886,8.00000000000009,-22.2223889381919));
#10773=CARTESIAN_POINT('',(98.8912760081607,8.24978733600419,-22.2223889381919));
#10774=CARTESIAN_POINT('',(99.0313504342682,8.49267848190005,-22.2223889381919));
#10775=CARTESIAN_POINT('',(99.1841108393484,8.72730880718296,-22.2223889381919));
#10776=CARTESIAN_POINT('',(98.3457737995518,8.00000000000009,-21.25));
#10777=CARTESIAN_POINT('',(98.472241996124,8.24978733600419,-21.25));
#10778=CARTESIAN_POINT('',(98.6123164222314,8.49267848190005,-21.25));
#10779=CARTESIAN_POINT('',(98.7650768273116,8.72730880718296,-21.25));
#10780=CARTESIAN_POINT('',(98.3432586983695,8.00000000000009,-21.244163584583));
#10781=CARTESIAN_POINT('',(98.4697268949416,8.24978733600419,-21.244163584583));
#10782=CARTESIAN_POINT('',(98.6098013210491,8.49267848190005,-21.244163584583));
#10783=CARTESIAN_POINT('',(98.7625617261293,8.72730880718296,-21.244163584583));
#10784=CARTESIAN_POINT('',(98.7623085085458,8.72307810378217,-21.2499633396439));
#10785=CARTESIAN_POINT('',(98.7623085085458,8.50040828069065,-21.5859030589796));
#10786=CARTESIAN_POINT('',(98.7623085085458,8.26132124303193,-21.9095623314389));
#10787=CARTESIAN_POINT('',(98.7623085085458,8.00000000000009,-22.216589183131));
#10788=CARTESIAN_POINT('',(106.111281701813,12.2,-33.25));
#10789=CARTESIAN_POINT('',(106.111281701813,12.2,-25.25));
#10790=CARTESIAN_POINT('',(128.567133614798,-8.,-95.));
#10791=CARTESIAN_POINT('',(129.963587490292,25.4120385162207,-20.0500000000079));
#10792=CARTESIAN_POINT('',(129.963587490292,13.7000000000001,-20.0500000000079));
#10793=CARTESIAN_POINT('',(129.963587490292,13.7000000000001,-20.0500000000079));
#10794=CARTESIAN_POINT('',(142.881588708555,13.7000000000001,-20.0500000000008));
#10795=CARTESIAN_POINT('',(142.881588708555,13.7000000000001,-20.0500000000008));
#10796=CARTESIAN_POINT('',(143.916069201914,13.7000000000001,-20.0500000000003));
#10797=CARTESIAN_POINT('',(144.952122876136,13.6458432788945,-20.05));
#10798=CARTESIAN_POINT('',(145.976287064025,13.5426890017263,-20.0499999999994));
#10799=CARTESIAN_POINT('',(145.976287064025,13.5426890017263,-20.0499999999994));
#10800=CARTESIAN_POINT('',(145.976287064025,25.3372431142293,-20.0499999999994));
#10801=CARTESIAN_POINT('',(145.976287064025,14.,-20.0499999999994));
#10802=CARTESIAN_POINT('',(145.976287064025,14.,-20.0499999999994));
#10803=CARTESIAN_POINT('',(146.987707847031,14.,-20.0499999999989));
#10804=CARTESIAN_POINT('',(145.976424900061,14.4716581711581,-20.0499999999994));
#10805=CARTESIAN_POINT('',(146.313519215718,14.314438780772,-20.0499999999992));
#10806=CARTESIAN_POINT('',(146.650613531374,14.1572193903861,-20.0499999999981));
#10807=CARTESIAN_POINT('',(146.987707847031,14.,-20.0499999999979));
#10808=CARTESIAN_POINT('',(145.976343024842,14.4714826223863,-20.0507925565151));
#10809=CARTESIAN_POINT('',(144.727199461154,15.0533363689247,-20.0500000000001));
#10810=CARTESIAN_POINT('',(145.143553377594,14.8593265942781,-20.0499999999999));
#10811=CARTESIAN_POINT('',(145.559907294035,14.6653168196314,-20.0499999999996));
#10812=CARTESIAN_POINT('',(145.976261210475,14.4713070449847,-20.0499999999994));
#10813=CARTESIAN_POINT('',(129.963587490292,20.2183109373277,-20.0500000000079));
#10814=CARTESIAN_POINT('',(129.963587490289,12.0000000000001,-15.4999999935073));
#10815=CARTESIAN_POINT('',(147.881970123057,12.0000000000001,-17.0676553425944));
#10816=CARTESIAN_POINT('',(147.881970123057,13.5,-17.0676553425944));
#10817=CARTESIAN_POINT('',(145.971351242268,13.5,-16.9004978502068));
#10818=CARTESIAN_POINT('',(130.876431747541,13.5,-15.5798635175817));
#10819=CARTESIAN_POINT('',(130.876431747541,13.7000000000001,-15.5798635175817));
#10820=CARTESIAN_POINT('',(155.41090843621,13.7000000000001,-84.4666151432569));
#10821=CARTESIAN_POINT('',(130.963587490289,13.7000000000001,-14.5836688194899));
#10822=CARTESIAN_POINT('',(129.963587490289,13.7000000000001,-15.2469937775616));
#10823=CARTESIAN_POINT('',(130.859000598992,13.7000000000001,-15.7791024572001));
#10824=CARTESIAN_POINT('',(161.188139815471,13.7000000000001,-18.4325583131416));
#10825=CARTESIAN_POINT('',(145.128057325517,13.7000000000001,-17.0274831599938));
#10826=CARTESIAN_POINT('',(142.881588708555,13.7000000000001,-20.0500000000008));
#10827=CARTESIAN_POINT('',(143.59479831111,13.7000000000001,-19.0215334765313));
#10828=CARTESIAN_POINT('',(144.36774319204,13.7000000000001,-18.0282253591861));
#10829=CARTESIAN_POINT('',(145.128057325517,13.7000000000001,-17.0274831599939));
#10830=CARTESIAN_POINT('',(129.963587490292,13.7000000000001,-20.0500000000079));
#10831=CARTESIAN_POINT('',(148.329019962108,11.1999999999998,-80.892776240127));
#10832=CARTESIAN_POINT('',(148.329019962108,11.1999999999998,-80.892776240127));
#10833=CARTESIAN_POINT('',(148.329019962108,11.1999999999998,-80.892776240127));
#10834=CARTESIAN_POINT('',(148.329019962108,11.1999999999998,-80.892776240127));
#10835=CARTESIAN_POINT('',(6.38701017588519E-14,11.2000000000006,-9.91471739754452E-18));
#10836=CARTESIAN_POINT('',(132.510199285885,11.1999999999999,-28.2167388757474));
#10837=CARTESIAN_POINT('',(132.510199285885,11.1999999999999,-28.2167388757474));
#10838=CARTESIAN_POINT('',(147.529464437566,9.99999999999979,-58.249999995764));
#10839=CARTESIAN_POINT('',(149.279402710447,9.99999999999978,-62.9337715573484));
#10840=CARTESIAN_POINT('',(145.779526164686,9.9999999999998,-53.5662284341795));
#10841=CARTESIAN_POINT('',(141.486424742557,16.,-95.9666357006959));
#10842=CARTESIAN_POINT('',(141.486424742557,13.2000000000001,-95.9666357006959));
#10843=CARTESIAN_POINT('',(140.756364728133,13.2000000000001,-107.25));
#10844=CARTESIAN_POINT('',(140.756364728133,16.,-107.25));
#10845=CARTESIAN_POINT('',(140.756364728133,15.,-107.25));
#10846=CARTESIAN_POINT('',(141.486424742557,15.,-95.9666357006959));
#10847=CARTESIAN_POINT('',(141.486424742557,15.,-95.9666357006959));
#10848=CARTESIAN_POINT('',(137.304365316803,18.6827075838283,-103.565299110828));
#10849=CARTESIAN_POINT('',(139.819011073857,16.,-106.249458739175));
#10850=CARTESIAN_POINT('',(140.024785565049,16.,-103.069133147111));
#10851=CARTESIAN_POINT('',(140.513105927507,16.,-95.5219501271948));
#10852=CARTESIAN_POINT('',(141.874782845537,14.6009959974321,-96.144067024407));
#10853=CARTESIAN_POINT('',(143.086520601112,15.,-94.389112062193));
#10854=CARTESIAN_POINT('',(117.742247957571,16.,-117.971584331609));
#10855=CARTESIAN_POINT('',(147.031083155111,16.,-89.095920651028));
#10856=CARTESIAN_POINT('',(139.430769767782,22.6570962878256,-87.2406308820058));
#10857=CARTESIAN_POINT('',(139.060642885749,15.,-61.2819112357142));
#10858=CARTESIAN_POINT('',(145.955479856012,16.,-85.7798335804108));
#10859=CARTESIAN_POINT('',(142.26588599141,16.,-74.4048084940383));
#10860=CARTESIAN_POINT('',(142.623125157865,15.5538045481304,-74.0600016350823));
#10861=CARTESIAN_POINT('',(140.67992889828,15.,-72.7633895468398));
#10862=CARTESIAN_POINT('',(113.804059535753,16.,-64.0455508513289));
#10863=CARTESIAN_POINT('',(138.054559403556,16.,-72.8720109692856));
#10864=CARTESIAN_POINT('',(142.215562559708,10.8009482283327,-68.8537769294528));
#10865=CARTESIAN_POINT('',(132.901167226896,15.,-53.7754327290718));
#10866=CARTESIAN_POINT('',(142.59506122667,16.,-86.8462386807969));
#10867=CARTESIAN_POINT('',(131.069169817152,16.,-51.3731924384555));
#10868=CARTESIAN_POINT('',(132.6371901309,14.5767471470599,-51.5933197627466));
#10869=CARTESIAN_POINT('',(133.256694082304,15.,-49.9170219611228));
#10870=CARTESIAN_POINT('',(98.7529548291521,16.,-99.3154500482931));
#10871=CARTESIAN_POINT('',(133.584835452552,16.,-47.641112737992));
#10872=CARTESIAN_POINT('',(134.072802762748,15.5570137514102,-47.7097424351796));
#10873=CARTESIAN_POINT('',(145.955479856012,16.,-85.7798335804106));
#10874=CARTESIAN_POINT('',(133.735162902129,16.,-48.1045725584673));
#10875=CARTESIAN_POINT('',(128.851658714879,16.,-33.0487196169495));
#10876=CARTESIAN_POINT('',(117.265917476002,31.9379056646103,-48.9866252815598));
#10877=CARTESIAN_POINT('',(140.756364728133,-16.,-107.25));
#10878=CARTESIAN_POINT('',(118.767609294718,5.8370669409058E-10,-107.237306831061));
#10879=CARTESIAN_POINT('',(118.768027933302,1.70113807669508,-107.237307072723));
#10880=CARTESIAN_POINT('',(119.314128806057,5.0395217162876,-107.237622313422));
#10881=CARTESIAN_POINT('',(121.312406745922,8.82718420576303,-107.238775833891));
#10882=CARTESIAN_POINT('',(123.557313325408,11.3433561437444,-107.240071722536));
#10883=CARTESIAN_POINT('',(126.209554448363,13.477156679339,-107.241602748006));
#10884=CARTESIAN_POINT('',(128.466544000076,14.5184408699393,-107.242905611634));
#10885=CARTESIAN_POINT('',(130.146834999165,15.0000000002942,-107.24387557183));
#10886=CARTESIAN_POINT('',(130.146834999165,15.,-107.24387557183));
#10887=CARTESIAN_POINT('',(140.756364728133,15.,-107.25));
#10888=CARTESIAN_POINT('',(140.756364728133,13.2000000000001,-107.25));
#10889=CARTESIAN_POINT('',(100.530711683237,16.,-33.0487196169495));
#10890=CARTESIAN_POINT('',(129.578588681883,16.,-33.0487196169495));
#10891=CARTESIAN_POINT('',(100.530711683237,16.,-100.513774356684));
#10892=CARTESIAN_POINT('',(100.527413810707,16.,-106.226777378993));
#10893=CARTESIAN_POINT('',(115.487134935561,16.,-47.8845088675667));
#10894=CARTESIAN_POINT('',(114.629891151845,16.,-45.1208130179926));
#10895=CARTESIAN_POINT('',(114.629891151845,16.,-45.1208130179926));
#10896=CARTESIAN_POINT('',(114.759390831749,16.,-44.9664813092273));
#10897=CARTESIAN_POINT('',(114.888890511653,16.,-44.8121496004621));
#10898=CARTESIAN_POINT('',(115.018390191556,16.,-44.6578178916969));
#10899=CARTESIAN_POINT('',(115.018390191556,16.,-44.6578178916969));
#10900=CARTESIAN_POINT('',(114.305891193738,16.,-45.5069411320668));
#10901=CARTESIAN_POINT('',(114.5512659229,16.,-44.8673306095647));
#10902=CARTESIAN_POINT('',(127.812721204901,16.,-87.6213634977378));
#10903=CARTESIAN_POINT('',(109.347446841586,14.2000139202869,-49.0125764333965));
#10904=CARTESIAN_POINT('',(122.608902123587,14.2000139202869,-91.7666093215696));
#10905=CARTESIAN_POINT('',(105.172383886781,8.7233002580111,-52.3383381493997));
#10906=CARTESIAN_POINT('',(118.433839168782,8.7233002580111,-95.0923710375729));
#10907=CARTESIAN_POINT('',(104.978341999095,0.499802635810473,-52.4929075746645));
#10908=CARTESIAN_POINT('',(118.239797281096,0.499802635810473,-95.2469404628376));
#10909=CARTESIAN_POINT('',(105.913683416399,0.49980264099094,-55.5083849005078));
#10910=CARTESIAN_POINT('',(105.953278360207,2.34277084247594,-55.461197483976));
#10911=CARTESIAN_POINT('',(106.476909218019,5.99616563811477,-54.8371585279856));
#10912=CARTESIAN_POINT('',(108.437645835214,10.7069348503725,-52.5004436203119));
#10913=CARTESIAN_POINT('',(111.253606689618,14.1891422816627,-49.1445121554712));
#10914=CARTESIAN_POINT('',(113.473929223004,15.560855423554,-46.4984347995912));
#10915=CARTESIAN_POINT('',(114.629891151845,16.,-45.1208130179926));
#10916=CARTESIAN_POINT('',(114.305891193738,-16.,-45.5069411320668));
#10917=CARTESIAN_POINT('',(155.41090843621,13.2000000000001,-84.4666151432569));
#10918=CARTESIAN_POINT('',(152.952396208766,6.30216170203444,-43.8409406125293));
#10919=CARTESIAN_POINT('',(152.889788191659,6.30216170203444,-43.7162712234263));
#10920=CARTESIAN_POINT('',(152.827912672206,6.30216170203444,-43.5924846950025));
#10921=CARTESIAN_POINT('',(152.704656781468,6.30216170203444,-43.3445398989863));
#10922=CARTESIAN_POINT('',(152.643293173204,6.30216170203444,-43.2203504693028));
#10923=CARTESIAN_POINT('',(152.461833600255,6.30216170203444,-42.8501792932391));
#10924=CARTESIAN_POINT('',(152.344368637242,6.30216170203444,-42.6065944301201));
#10925=CARTESIAN_POINT('',(152.135528693238,6.30216170203444,-42.1627948564823));
#10926=CARTESIAN_POINT('',(152.04300249154,6.30216170203444,-41.9619257149922));
#10927=CARTESIAN_POINT('',(151.953422011889,6.30216170203444,-41.7620208204499));
#10928=CARTESIAN_POINT('',(152.970714970761,6.27727404076738,-43.8373582906522));
#10929=CARTESIAN_POINT('',(152.908108957021,6.27727404076738,-43.7126991500627));
#10930=CARTESIAN_POINT('',(152.846239769897,6.27727404076738,-43.5889451519523));
#10931=CARTESIAN_POINT('',(152.722994640115,6.27727404076738,-43.3410565320626));
#10932=CARTESIAN_POINT('',(152.661637296093,6.27727404076738,-43.2169001480984));
#10933=CARTESIAN_POINT('',(152.480198886905,6.27727404076738,-42.8468427869118));
#10934=CARTESIAN_POINT('',(152.362751230681,6.27727404076738,-42.6033534047943));
#10935=CARTESIAN_POINT('',(152.153947593118,6.27727404076738,-42.1597676492263));
#10936=CARTESIAN_POINT('',(152.061439767382,6.27727404076738,-41.9590108364155));
#10937=CARTESIAN_POINT('',(151.971878519337,6.27727404076738,-41.7592331454832));
#10938=CARTESIAN_POINT('',(152.989033732755,6.25238637950033,-43.8337759687752));
#10939=CARTESIAN_POINT('',(152.926429722383,6.25238637950033,-43.709127076699));
#10940=CARTESIAN_POINT('',(152.864566867589,6.25238637950033,-43.5854056089021));
#10941=CARTESIAN_POINT('',(152.741332498762,6.25238637950033,-43.337573165139));
#10942=CARTESIAN_POINT('',(152.679981418981,6.25238637950033,-43.213449826894));
#10943=CARTESIAN_POINT('',(152.498564173554,6.25238637950033,-42.8435062805845));
#10944=CARTESIAN_POINT('',(152.381133824119,6.25238637950033,-42.6001123794684));
#10945=CARTESIAN_POINT('',(152.172366492998,6.25238637950033,-42.1567404419703));
#10946=CARTESIAN_POINT('',(152.079877043223,6.25238637950033,-41.9560959578388));
#10947=CARTESIAN_POINT('',(151.990335026785,6.25238637950033,-41.7564454705165));
#10948=CARTESIAN_POINT('',(153.00735249475,6.22749871823327,-43.8301936468981));
#10949=CARTESIAN_POINT('',(152.944750487746,6.22749871823327,-43.7055550033354));
#10950=CARTESIAN_POINT('',(152.88289396528,6.22749871823327,-43.5818660658519));
#10951=CARTESIAN_POINT('',(152.759670357409,6.22749871823327,-43.3340897982153));
#10952=CARTESIAN_POINT('',(152.69832554187,6.22749871823327,-43.2099995056895));
#10953=CARTESIAN_POINT('',(152.516929460204,6.22749871823327,-42.8401697742572));
#10954=CARTESIAN_POINT('',(152.399516417557,6.22749871823327,-42.5968713541426));
#10955=CARTESIAN_POINT('',(152.190785392878,6.22749871823327,-42.1537132347142));
#10956=CARTESIAN_POINT('',(152.098314319065,6.22749871823327,-41.9531810792621));
#10957=CARTESIAN_POINT('',(152.008791534232,6.22749871823327,-41.7536577955498));
#10958=CARTESIAN_POINT('',(153.030906350515,6.19549871823327,-43.8255875772945));
#10959=CARTESIAN_POINT('',(152.968306919396,6.19549871823327,-43.7009621110418));
#10960=CARTESIAN_POINT('',(152.906458538899,6.19549871823327,-43.5773150003101));
#10961=CARTESIAN_POINT('',(152.783248767225,6.19549871823327,-43.3296109626847));
#10962=CARTESIAN_POINT('',(152.721912006108,6.19549871823327,-43.2055631596079));
#10963=CARTESIAN_POINT('',(152.540543136333,6.19549871823327,-42.8358797688073));
#10964=CARTESIAN_POINT('',(152.42315234637,6.19549871823327,-42.5927041160357));
#10965=CARTESIAN_POINT('',(152.214468003705,6.19549871823327,-42.1498209191144));
#10966=CARTESIAN_POINT('',(152.122020557292,6.19549871823327,-41.9494331933738));
#10967=CARTESIAN_POINT('',(152.03252250003,6.19549871823327,-41.7500734652273));
#10968=CARTESIAN_POINT('',(153.054460206281,6.16349871823328,-43.820981507691));
#10969=CARTESIAN_POINT('',(152.991863351047,6.16349871823327,-43.6963692187483));
#10970=CARTESIAN_POINT('',(152.930023112517,6.16349871823327,-43.5727639347684));
#10971=CARTESIAN_POINT('',(152.806827177041,6.16349871823327,-43.325132127154));
#10972=CARTESIAN_POINT('',(152.745498470346,6.16349871823327,-43.2011268135264));
#10973=CARTESIAN_POINT('',(152.564156812463,6.16349871823327,-42.8315897633573));
#10974=CARTESIAN_POINT('',(152.446788275183,6.16349871823327,-42.5885368779287));
#10975=CARTESIAN_POINT('',(152.238150614531,6.16349871823327,-42.1459286035145));
#10976=CARTESIAN_POINT('',(152.14572679552,6.16349871823327,-41.9456853074856));
#10977=CARTESIAN_POINT('',(152.056253465829,6.16349871823327,-41.7464891349049));
#10978=CARTESIAN_POINT('',(153.078014062046,6.13149871823327,-43.8163754380874));
#10979=CARTESIAN_POINT('',(153.015419782698,6.13149871823327,-43.6917763264548));
#10980=CARTESIAN_POINT('',(152.953587686136,6.13149871823327,-43.5682128692266));
#10981=CARTESIAN_POINT('',(152.830405586856,6.13149871823327,-43.3206532916234));
#10982=CARTESIAN_POINT('',(152.769084934583,6.13149871823327,-43.1966904674448));
#10983=CARTESIAN_POINT('',(152.587770488593,6.13149871823327,-42.8272997579073));
#10984=CARTESIAN_POINT('',(152.470424203996,6.13149871823327,-42.5843696398217));
#10985=CARTESIAN_POINT('',(152.261833225357,6.13149871823327,-42.1420362879147));
#10986=CARTESIAN_POINT('',(152.169433033748,6.13149871823327,-41.9419374215973));
#10987=CARTESIAN_POINT('',(152.079984431627,6.13149871823327,-41.7429048045825));
#10988=CARTESIAN_POINT('',(153.313772469502,5.81120003279942,-43.7702717493675));
#10989=CARTESIAN_POINT('',(153.251203973051,5.81120003279942,-43.6458045338312));
#10990=CARTESIAN_POINT('',(153.189453372163,5.81120003279942,-43.5226597345284));
#10991=CARTESIAN_POINT('',(153.066409763999,5.81120003279942,-43.2758231312254));
#10992=CARTESIAN_POINT('',(153.005169731127,5.81120003279942,-43.1522855981304));
#10993=CARTESIAN_POINT('',(152.824127658049,5.81120003279942,-42.7843596608408));
#10994=CARTESIAN_POINT('',(152.707004107989,5.81120003279942,-42.5426583620856));
#10995=CARTESIAN_POINT('',(152.498880385212,5.81120003279942,-42.1030768013546));
#10996=CARTESIAN_POINT('',(152.406716688153,5.81120003279942,-41.9044235802485));
#10997=CARTESIAN_POINT('',(152.31751559254,5.81120003279942,-41.7070280455063));
#10998=CARTESIAN_POINT('',(153.531700550631,5.47509706068111,-43.7276548665842));
#10999=CARTESIAN_POINT('',(153.469155887126,5.47509706068111,-43.6033095718884));
#11000=CARTESIAN_POINT('',(153.407480618422,5.47509706068111,-43.4805517675576));
#11001=CARTESIAN_POINT('',(153.284565027339,5.47509706068111,-43.2343834602602));
#11002=CARTESIAN_POINT('',(153.223399516651,5.47509706068111,-43.111239053632));
#11003=CARTESIAN_POINT('',(153.042609217017,5.47509706068111,-42.7446671083749));
#11004=CARTESIAN_POINT('',(152.925691556158,5.47509706068111,-42.5041016937717));
#11005=CARTESIAN_POINT('',(152.717999750844,5.47509706068111,-42.0670638072075));
#11006=CARTESIAN_POINT('',(152.626054662335,5.47509706068111,-41.8697468976684));
#11007=CARTESIAN_POINT('',(152.537082354399,5.47509706068111,-41.6738646332361));
#11008=CARTESIAN_POINT('',(153.730258081792,5.1239663822324,-43.6888259878672));
#11009=CARTESIAN_POINT('',(153.667735132839,5.1239663822324,-43.564591777071));
#11010=CARTESIAN_POINT('',(153.606128500414,5.1239663822324,-43.442186569642));
#11011=CARTESIAN_POINT('',(153.483329547607,5.1239663822324,-43.1966271568214));
#11012=CARTESIAN_POINT('',(153.422231935194,5.1239663822324,-43.0738409335916));
#11013=CARTESIAN_POINT('',(153.241671030106,5.1239663822324,-42.7085026307075));
#11014=CARTESIAN_POINT('',(153.124940957975,5.1239663822324,-42.4689721371284));
#11015=CARTESIAN_POINT('',(152.917642679116,5.12396638223241,-42.0342518301072));
#11016=CARTESIAN_POINT('',(152.825896768123,5.1239663822324,-41.8381524540048));
#11017=CARTESIAN_POINT('',(152.73713291206,5.1239663822324,-41.6436489527644));
#11018=CARTESIAN_POINT('',(153.284439929422,5.13149871823328,-42.8040356516204));
#11019=CARTESIAN_POINT('',(153.409267175472,5.13149871823328,-43.0581244664686));
#11020=CARTESIAN_POINT('',(153.538153693815,5.13149871823328,-43.3162535089102));
#11021=CARTESIAN_POINT('',(153.670770326499,5.13149871823328,-43.57990831937));
#11022=CARTESIAN_POINT('',(153.284439929481,5.13149871823295,-42.8040356517409));
#11023=CARTESIAN_POINT('',(153.670770326499,5.13149871823324,-43.5799083193701));
#11024=CARTESIAN_POINT('',(153.284484530655,5.13141388325956,-42.8040195469956));
#11025=CARTESIAN_POINT('',(152.972912377212,5.43320881536343,-42.5500623797014));
#11026=CARTESIAN_POINT('',(152.652861478806,5.72161615177511,-42.3011238274205));
#11027=CARTESIAN_POINT('',(152.327120308661,5.99542329904007,-42.0518539869976));
#11028=CARTESIAN_POINT('',(152.324151242929,6.00000000000009,-42.0530390544293));
#11029=CARTESIAN_POINT('',(152.324550739088,5.99757717135566,-42.0498784008539));
#11030=CARTESIAN_POINT('',(152.20458813158,6.09826741092589,-41.9579048233432));
#11031=CARTESIAN_POINT('',(152.083622604109,6.19660738399774,-41.8659092105667));
#11032=CARTESIAN_POINT('',(151.963743595061,6.29552788370354,-41.7733245423451));
#11033=CARTESIAN_POINT('',(151.964129541695,6.29583353015608,-41.7731513797628));
#11034=CARTESIAN_POINT('',(151.96384376407,6.29536229863232,-41.7732555286256));
#11035=CARTESIAN_POINT('',(152.052863661324,6.27874490838018,-41.9423332914556));
#11036=CARTESIAN_POINT('',(152.188339133444,6.25313132097427,-42.1929748625216));
#11037=CARTESIAN_POINT('',(152.357581531458,6.22038640770404,-42.4954490731584));
#11038=CARTESIAN_POINT('',(152.448001419701,6.20275350574852,-42.65502385776));
#11039=CARTESIAN_POINT('',(152.538573111159,6.18485323155367,-42.8128909068172));
#11040=CARTESIAN_POINT('',(152.545861424066,6.18361078067879,-42.8257706406505));
#11041=CARTESIAN_POINT('',(152.605084503045,6.17302469322289,-42.9302638500151));
#11042=CARTESIAN_POINT('',(152.736403857385,6.15102846225089,-43.1629578039744));
#11043=CARTESIAN_POINT('',(152.931488841408,6.1200645490235,-43.5061429644402));
#11044=CARTESIAN_POINT('',(153.098662589009,6.09455439642681,-43.7983143523648));
#11045=CARTESIAN_POINT('',(153.098662589009,6.09455439642683,-43.7983143523648));
#11046=CARTESIAN_POINT('',(153.670770326499,5.13149871823324,-43.5799083193701));
#11047=CARTESIAN_POINT('',(153.496992088789,5.46401607634465,-43.6457529617255));
#11048=CARTESIAN_POINT('',(153.306298567557,5.78527018265422,-43.718719759884));
#11049=CARTESIAN_POINT('',(153.098662589009,6.09455439642681,-43.798314352365));
#11050=CARTESIAN_POINT('',(153.806033749747,5.13149871823326,-43.848944486773));
#11051=CARTESIAN_POINT('',(153.780535908284,5.13149871823326,-43.7981774287787));
#11052=CARTESIAN_POINT('',(153.75496544577,5.13149871823326,-43.7472266029801));
#11053=CARTESIAN_POINT('',(153.665759865166,5.13149871823326,-43.5699707940047));
#11054=CARTESIAN_POINT('',(153.602992845357,5.13149871823326,-43.4452700258624));
#11055=CARTESIAN_POINT('',(153.479061432136,5.13149871823326,-43.1974379064593));
#11056=CARTESIAN_POINT('',(153.417962361728,5.13149871823326,-43.0746439918764));
#11057=CARTESIAN_POINT('',(153.332167828821,5.13149871823326,-42.9010435847043));
#11058=CARTESIAN_POINT('',(153.306726747417,5.13149871823326,-42.8494135083716));
#11059=CARTESIAN_POINT('',(153.281453743329,5.13149871823326,-42.7979564143084));
#11060=CARTESIAN_POINT('',(154.026870065754,4.74176076496669,-43.8057615102297));
#11061=CARTESIAN_POINT('',(154.001377411713,4.74176076496669,-43.7549982887375));
#11062=CARTESIAN_POINT('',(153.975787539642,4.74176076496669,-43.7039889354569));
#11063=CARTESIAN_POINT('',(153.886613601243,4.74176076496669,-43.526894911309));
#11064=CARTESIAN_POINT('',(153.823924563811,4.74176076496669,-43.4025946515164));
#11065=CARTESIAN_POINT('',(153.700124067411,4.74176076496669,-43.1554459658193));
#11066=CARTESIAN_POINT('',(153.63910051235,4.74176076496669,-43.0330504169299));
#11067=CARTESIAN_POINT('',(153.553427202047,4.74176076496669,-42.860101922995));
#11068=CARTESIAN_POINT('',(153.528024044453,4.74176076496669,-42.8086771076312));
#11069=CARTESIAN_POINT('',(153.502790620474,4.74176076496669,-42.757436108357));
#11070=CARTESIAN_POINT('',(154.222599772033,4.3356633195224,-43.7674879532901));
#11071=CARTESIAN_POINT('',(154.197111715661,4.3356633195224,-43.7167281321329));
#11072=CARTESIAN_POINT('',(154.171504640682,4.3356633195224,-43.6656669052878));
#11073=CARTESIAN_POINT('',(154.082358747125,4.3356633195224,-43.488716272849));
#11074=CARTESIAN_POINT('',(154.019738826349,4.3356633195224,-43.3647709881033));
#11075=CARTESIAN_POINT('',(153.896054362996,4.3356633195224,-43.1182280373729));
#11076=CARTESIAN_POINT('',(153.835097738035,4.3356633195224,-42.9961855644702));
#11077=CARTESIAN_POINT('',(153.749531868688,4.33566331952239,-42.8238148685568));
#11078=CARTESIAN_POINT('',(153.724162323393,4.3356633195224,-42.7725719782943));
#11079=CARTESIAN_POINT('',(153.698963979709,4.3356633195224,-42.7215225062578));
#11080=CARTESIAN_POINT('',(154.39145715833,3.91468174105459,-43.7344690880806));
#11081=CARTESIAN_POINT('',(154.3659730684,3.91468174105459,-43.6837122004161));
#11082=CARTESIAN_POINT('',(154.340351152352,3.91468174105459,-43.6326062218843));
#11083=CARTESIAN_POINT('',(154.251229453275,3.91468174105459,-43.4557792944755));
#11084=CARTESIAN_POINT('',(154.188669159922,3.91468174105459,-43.3321402491851));
#11085=CARTESIAN_POINT('',(154.065084799091,3.91468174105459,-43.0861198702463));
#11086=CARTESIAN_POINT('',(154.004185915195,3.91468174105459,-42.9643819984664));
#11087=CARTESIAN_POINT('',(153.918712735911,3.91468174105459,-42.7925097729463));
#11088=CARTESIAN_POINT('',(153.893372188182,3.91468174105459,-42.741423830741));
#11089=CARTESIAN_POINT('',(153.868204108513,3.91468174105459,-42.6905395905917));
#11090=CARTESIAN_POINT('',(153.931481053409,4.59611320863608,-43.4817075269347));
#11091=CARTESIAN_POINT('',(153.849554836118,4.77717742305926,-43.5123545468023));
#11092=CARTESIAN_POINT('',(153.76267194051,4.95564884025171,-43.5450867618133));
#11093=CARTESIAN_POINT('',(153.670770326499,5.13149871823323,-43.5799083193696));
#11094=CARTESIAN_POINT('',(153.931481053409,4.5961132086361,-43.4817075269353));
#11095=CARTESIAN_POINT('',(153.931479511444,4.596109803437,-43.4817008299945));
#11096=CARTESIAN_POINT('',(154.088154296206,4.38652068867871,-43.5690097800927));
#11097=CARTESIAN_POINT('',(154.240665956315,4.16215291846957,-43.6517381308852));
#11098=CARTESIAN_POINT('',(154.385202998253,3.92228069423762,-43.7286867618872));
#11099=CARTESIAN_POINT('',(154.385225878742,3.92229045226068,-43.7286742028668));
#11100=CARTESIAN_POINT('',(154.38520273115,3.92228023229222,-43.7286858235739));
#11101=CARTESIAN_POINT('',(154.27449034498,4.06188012104091,-43.6309276886893));
#11102=CARTESIAN_POINT('',(154.160777093965,4.1995623982312,-43.5339224836841));
#11103=CARTESIAN_POINT('',(154.045374213796,4.33516482887146,-43.4392823602573));
#11104=CARTESIAN_POINT('',(154.045369786183,4.33515264884979,-43.4392615089054));
#11105=CARTESIAN_POINT('',(154.045374213795,4.33516482887242,-43.4392823602566));
#11106=CARTESIAN_POINT('',(153.799177520162,4.60951076077525,-43.2225759312456));
#11107=CARTESIAN_POINT('',(153.544993773687,4.87532258871257,-43.0116143295219));
#11108=CARTESIAN_POINT('',(153.284482821155,5.13149856880218,-42.8041227703123));
#11109=CARTESIAN_POINT('',(153.628451858907,0.453341770609094,-41.6519727367832));
#11110=CARTESIAN_POINT('',(153.699737489066,0.453341770609094,-41.7521761332473));
#11111=CARTESIAN_POINT('',(153.771023119225,0.453341770609094,-41.8523795297114));
#11112=CARTESIAN_POINT('',(153.842308749384,0.453341770609094,-41.9525829261755));
#11113=CARTESIAN_POINT('',(157.39424053006,0.453341770609094,-46.9453932252408));
#11114=CARTESIAN_POINT('',(160.418534234422,0.453341770609094,-52.3120658953558));
#11115=CARTESIAN_POINT('',(162.849732637886,0.453341770609094,-57.9364457171672));
#11116=CARTESIAN_POINT('',(153.610409755163,0.988084355809714,-41.6520010119213));
#11117=CARTESIAN_POINT('',(153.681695385322,0.988084355809714,-41.7522044083854));
#11118=CARTESIAN_POINT('',(153.752981015481,0.988084355809714,-41.8524078048495));
#11119=CARTESIAN_POINT('',(153.82426664564,0.988084355809714,-41.9526112013136));
#11120=CARTESIAN_POINT('',(157.376198426316,0.988084355809714,-46.945421500379));
#11121=CARTESIAN_POINT('',(160.400492130678,0.988084355809714,-52.3120941704938));
#11122=CARTESIAN_POINT('',(162.831690534142,0.988084355809714,-57.9364739923053));
#11123=CARTESIAN_POINT('',(153.560402962027,1.52021213216449,-41.6520793813288));
#11124=CARTESIAN_POINT('',(153.631688592186,1.52021213216449,-41.7522827777929));
#11125=CARTESIAN_POINT('',(153.702974222344,1.52021213216449,-41.852486174257));
#11126=CARTESIAN_POINT('',(153.774259852503,1.52021213216449,-41.9526895707211));
#11127=CARTESIAN_POINT('',(157.326191633179,1.52021213216449,-46.9454998697866));
#11128=CARTESIAN_POINT('',(160.350485337541,1.52021213216449,-52.3121725399013));
#11129=CARTESIAN_POINT('',(162.781683741006,1.52021213216449,-57.9365523617128));
#11130=CARTESIAN_POINT('',(153.426808041724,2.38524269901375,-41.6522887479788));
#11131=CARTESIAN_POINT('',(153.498093671883,2.38524269901375,-41.7524921444429));
#11132=CARTESIAN_POINT('',(153.569379302041,2.38524269901375,-41.852695540907));
#11133=CARTESIAN_POINT('',(153.6406649322,2.38524269901375,-41.9528989373711));
#11134=CARTESIAN_POINT('',(157.192596712876,2.38524269901375,-46.9457092364364));
#11135=CARTESIAN_POINT('',(160.216890417238,2.38524269901375,-52.3123819065515));
#11136=CARTESIAN_POINT('',(162.648088820703,2.38524269901375,-57.9367617283628));
#11137=CARTESIAN_POINT('',(153.361512219171,2.72233597131861,-41.6523910779746));
#11138=CARTESIAN_POINT('',(153.43279784933,2.72233597131861,-41.7525944744387));
#11139=CARTESIAN_POINT('',(153.504083479489,2.72233597131861,-41.8527978709028));
#11140=CARTESIAN_POINT('',(153.575369109648,2.72233597131861,-41.9530012673669));
#11141=CARTESIAN_POINT('',(157.127300890324,2.72233597131861,-46.9458115664321));
#11142=CARTESIAN_POINT('',(160.151594594686,2.72233597131861,-52.3124842365473));
#11143=CARTESIAN_POINT('',(162.58279299815,2.72233597131861,-57.9368640583585));
#11144=CARTESIAN_POINT('',(153.20424206605,3.39383037774066,-41.652637547863));
#11145=CARTESIAN_POINT('',(153.275527696209,3.39383037774066,-41.7528409443271));
#11146=CARTESIAN_POINT('',(153.346813326368,3.39383037774066,-41.8530443407912));
#11147=CARTESIAN_POINT('',(153.418098956527,3.39383037774066,-41.9532477372553));
#11148=CARTESIAN_POINT('',(156.970030737203,3.39383037774066,-46.9460580363207));
#11149=CARTESIAN_POINT('',(159.994324441565,3.39383037774066,-52.3127307064356));
#11150=CARTESIAN_POINT('',(162.425522845029,3.39383037774066,-57.937110528247));
#11151=CARTESIAN_POINT('',(153.112324272705,3.72771844433282,-41.652781599152));
#11152=CARTESIAN_POINT('',(153.183609902864,3.72771844433282,-41.7529849956161));
#11153=CARTESIAN_POINT('',(153.254895533023,3.72771844433282,-41.8531883920802));
#11154=CARTESIAN_POINT('',(153.326181163182,3.72771844433282,-41.9533917885443));
#11155=CARTESIAN_POINT('',(156.878112943858,3.72771844433282,-46.9462020876095));
#11156=CARTESIAN_POINT('',(159.90240664822,3.72771844433282,-52.3128747577246));
#11157=CARTESIAN_POINT('',(162.333605051684,3.72771844433282,-57.9372545795359));
#11158=CARTESIAN_POINT('',(152.592052635195,5.36833013859687,-41.6535969559753));
#11159=CARTESIAN_POINT('',(152.663338265354,5.36833013859687,-41.7538003524394));
#11160=CARTESIAN_POINT('',(152.734623895513,5.36833013859687,-41.8540037489035));
#11161=CARTESIAN_POINT('',(152.805909525672,5.36833013859687,-41.9542071453676));
#11162=CARTESIAN_POINT('',(156.357841306348,5.36833013859687,-46.947017444433));
#11163=CARTESIAN_POINT('',(159.38213501071,5.36833013859687,-52.3136901145478));
#11164=CARTESIAN_POINT('',(161.813333414174,5.36833013859687,-57.9380699363593));
#11165=CARTESIAN_POINT('',(151.975568629989,6.61097890280864,-41.6545630944381));
#11166=CARTESIAN_POINT('',(152.046854260148,6.61097890280864,-41.7547664909022));
#11167=CARTESIAN_POINT('',(152.118139890307,6.61097890280864,-41.8549698873663));
#11168=CARTESIAN_POINT('',(152.189425520466,6.61097890280864,-41.9551732838304));
#11169=CARTESIAN_POINT('',(155.741357301142,6.61097890280864,-46.9479835828959));
#11170=CARTESIAN_POINT('',(158.765651005504,6.61097890280864,-52.3146562530105));
#11171=CARTESIAN_POINT('',(161.196849408968,6.61097890280864,-57.9390360748221));
#11172=CARTESIAN_POINT('',(151.169392939565,7.74074495600593,-41.6558265130114));
#11173=CARTESIAN_POINT('',(151.240678569724,7.74074495600593,-41.7560299094755));
#11174=CARTESIAN_POINT('',(151.311964199883,7.74074495600593,-41.8562333059396));
#11175=CARTESIAN_POINT('',(151.383249830041,7.74074495600593,-41.9564367024037));
#11176=CARTESIAN_POINT('',(154.935181610718,7.74074495600593,-46.9492470014691));
#11177=CARTESIAN_POINT('',(157.95947531508,7.74074495600593,-52.315919671584));
#11178=CARTESIAN_POINT('',(160.390673718544,7.74074495600593,-57.9402994933954));
#11179=CARTESIAN_POINT('',(151.383249830041,7.74074495600593,-41.9564367024037));
#11180=CARTESIAN_POINT('',(152.189425520466,6.61097890280864,-41.9551732838304));
#11181=CARTESIAN_POINT('',(152.805909525672,5.36833013859687,-41.9542071453676));
#11182=CARTESIAN_POINT('',(153.326181163182,3.72771844433282,-41.9533917885443));
#11183=CARTESIAN_POINT('',(153.418098956527,3.39383037774066,-41.9532477372553));
#11184=CARTESIAN_POINT('',(153.575369109648,2.72233597131861,-41.9530012673669));
#11185=CARTESIAN_POINT('',(153.6406649322,2.38524269901375,-41.9528989373711));
#11186=CARTESIAN_POINT('',(153.797235278644,1.37144565322162,-41.9526535642024));
#11187=CARTESIAN_POINT('',(153.84999306404,0.687311703438731,-41.9525708835079));
#11188=CARTESIAN_POINT('',(153.849933753642,-8.08554582662491E-7,-41.9525709764577));
#11189=CARTESIAN_POINT('',(152.193631869642,6.45347230730212,-41.9551666917442));
#11190=CARTESIAN_POINT('',(151.383249830041,7.74074495600593,-41.9564367024037));
#11191=CARTESIAN_POINT('',(152.193015306329,6.45398250531585,-41.954695970723));
#11192=CARTESIAN_POINT('',(152.126203919967,6.44607265109162,-41.8546427914295));
#11193=CARTESIAN_POINT('',(152.059384217656,6.43815862566835,-41.7545896251686));
#11194=CARTESIAN_POINT('',(151.992556196419,6.43024044116598,-41.6545364719448));
#11195=CARTESIAN_POINT('',(152.000770053147,6.44519149451958,-41.6495841614799));
#11196=CARTESIAN_POINT('',(152.494591024998,6.00238303252668,-42.0441151337913));
#11197=CARTESIAN_POINT('',(152.329460219995,6.14751945454273,-41.9141917918114));
#11198=CARTESIAN_POINT('',(152.161859149722,6.28916699413941,-41.7835603059834));
#11199=CARTESIAN_POINT('',(151.992556196419,6.43024044116651,-41.6545364719451));
#11200=CARTESIAN_POINT('',(152.494454798005,6.00160154409547,-42.0434152813986));
#11201=CARTESIAN_POINT('',(152.494349232925,6.00084945373838,-42.0426881771868));
#11202=CARTESIAN_POINT('',(152.797455796152,5.73043874454492,-42.2783845402357));
#11203=CARTESIAN_POINT('',(153.089969583642,5.45559459020067,-42.5149273407381));
#11204=CARTESIAN_POINT('',(153.37177139706,5.1767741183426,-42.7523045340523));
#11205=CARTESIAN_POINT('',(153.371793077601,5.17686939414211,-42.7523932474337));
#11206=CARTESIAN_POINT('',(153.371793077601,5.17686939414211,-42.7523932474337));
#11207=CARTESIAN_POINT('',(153.882161582948,4.66339050912726,-43.1771630358521));
#11208=CARTESIAN_POINT('',(154.234516987154,4.24598916392051,-43.4921035470675));
#11209=CARTESIAN_POINT('',(154.465687368684,3.93771348533325,-43.6941043260339));
#11210=CARTESIAN_POINT('',(154.465785747574,3.93751007680392,-43.6942129370241));
#11211=CARTESIAN_POINT('',(154.465663813138,3.93768828180929,-43.6940579848221));
#11212=CARTESIAN_POINT('',(155.047077112203,2.85062848894434,-44.060289609049));
#11213=CARTESIAN_POINT('',(155.375585327458,1.69592573231206,-44.2496903849174));
#11214=CARTESIAN_POINT('',(155.426652984761,0.499759997674977,-44.2594970680286));
#11215=CARTESIAN_POINT('',(155.426641781826,0.499759822961093,-44.2595107561852));
#11216=CARTESIAN_POINT('',(155.426655860112,0.499760164789134,-44.2595014069401));
#11217=CARTESIAN_POINT('',(158.300073978159,0.499742870143753,-48.5861293888091));
#11218=CARTESIAN_POINT('',(160.78717549722,0.499725575495563,-53.1686965416252));
#11219=CARTESIAN_POINT('',(162.848087820941,0.499708280844563,-57.936448106001));
#11220=CARTESIAN_POINT('',(162.848087382504,0.499722257853119,-57.9364482955707));
#11221=CARTESIAN_POINT('',(160.390673718544,7.74074495600593,-57.9402994933954));
#11222=CARTESIAN_POINT('',(161.196849408968,6.61097890280864,-57.9390360748221));
#11223=CARTESIAN_POINT('',(161.813333414174,5.36833013859687,-57.9380699363593));
#11224=CARTESIAN_POINT('',(162.333605051684,3.72771844433282,-57.9372545795359));
#11225=CARTESIAN_POINT('',(162.425522845029,3.39383037774066,-57.937110528247));
#11226=CARTESIAN_POINT('',(162.58279299815,2.72233597131861,-57.9368640583585));
#11227=CARTESIAN_POINT('',(162.648088820703,2.38524269901375,-57.9367617283628));
#11228=CARTESIAN_POINT('',(162.804659167146,1.37144565322162,-57.9365163551941));
#11229=CARTESIAN_POINT('',(162.857416952542,0.687311703438731,-57.9364336744996));
#11230=CARTESIAN_POINT('',(162.857357642145,-8.08554582662491E-7,-57.9364337674494));
#11231=CARTESIAN_POINT('',(160.390673718544,7.74074495600593,-57.9402994933954));
#11232=CARTESIAN_POINT('',(151.383249830041,7.74074495600593,-41.9564367024037));
#11233=CARTESIAN_POINT('',(154.935181610718,7.74074495600593,-46.9492470014691));
#11234=CARTESIAN_POINT('',(157.95947531508,7.74074495600593,-52.315919671584));
#11235=CARTESIAN_POINT('',(160.390673718544,7.74074495600593,-57.9402994933954));
#11236=CARTESIAN_POINT('',(162.848087923488,0.499707717607004,-57.9364482947228));
#11237=CARTESIAN_POINT('',(170.291340321008,0.499707717607004,-75.2628550942806));
#11238=CARTESIAN_POINT('',(162.828773258829,1.01884402340973,-57.9364785641869));
#11239=CARTESIAN_POINT('',(170.27202565635,1.01884402340973,-75.2628853637446));
#11240=CARTESIAN_POINT('',(162.779330615533,1.53544868050778,-57.9365560494728));
#11241=CARTESIAN_POINT('',(170.222583013054,1.53544868050778,-75.2629628490305));
#11242=CARTESIAN_POINT('',(162.648088820703,2.38524269901375,-57.9367617283628));
#11243=CARTESIAN_POINT('',(170.091341218223,2.38524269901375,-75.2631685279206));
#11244=CARTESIAN_POINT('',(162.58279299815,2.72233597131861,-57.9368640583585));
#11245=CARTESIAN_POINT('',(170.026045395671,2.72233597131861,-75.2632708579163));
#11246=CARTESIAN_POINT('',(162.425522845029,3.39383037774066,-57.937110528247));
#11247=CARTESIAN_POINT('',(169.86877524255,3.39383037774066,-75.2635173278048));
#11248=CARTESIAN_POINT('',(162.333605051684,3.72771844433282,-57.9372545795359));
#11249=CARTESIAN_POINT('',(169.776857449205,3.72771844433282,-75.2636613790937));
#11250=CARTESIAN_POINT('',(161.813333414174,5.36833013859687,-57.9380699363593));
#11251=CARTESIAN_POINT('',(169.256585811695,5.36833013859687,-75.264476735917));
#11252=CARTESIAN_POINT('',(161.196849408968,6.61097890280864,-57.9390360748221));
#11253=CARTESIAN_POINT('',(168.640101806489,6.61097890280864,-75.2654428743799));
#11254=CARTESIAN_POINT('',(160.390673718544,7.74074495600593,-57.9402994933954));
#11255=CARTESIAN_POINT('',(167.833926116065,7.74074495600593,-75.2667062929532));
#11256=CARTESIAN_POINT('',(162.848087923488,0.499707717607004,-57.9364482947228));
#11257=CARTESIAN_POINT('',(165.329172055995,0.499707717607004,-63.7119172279088));
#11258=CARTESIAN_POINT('',(167.810256188501,0.499707717607004,-69.4873861610947));
#11259=CARTESIAN_POINT('',(170.291340321008,0.499707717607004,-75.2628550942806));
#11260=CARTESIAN_POINT('',(170.291340321009,0.499707717598063,-75.2628550942806));
#11261=CARTESIAN_POINT('',(167.833926116065,7.74074495600593,-75.2667062929532));
#11262=CARTESIAN_POINT('',(168.640101806489,6.61097890280864,-75.2654428743799));
#11263=CARTESIAN_POINT('',(169.256585811695,5.36833013859687,-75.264476735917));
#11264=CARTESIAN_POINT('',(169.776857449205,3.72771844433282,-75.2636613790937));
#11265=CARTESIAN_POINT('',(169.86877524255,3.39383037774066,-75.2635173278048));
#11266=CARTESIAN_POINT('',(170.026045395671,2.72233597131861,-75.2632708579163));
#11267=CARTESIAN_POINT('',(170.091341218223,2.38524269901375,-75.2631685279206));
#11268=CARTESIAN_POINT('',(170.247911564667,1.37144565322162,-75.2629231547518));
#11269=CARTESIAN_POINT('',(170.300669350063,0.687311703438731,-75.2628404740573));
#11270=CARTESIAN_POINT('',(170.300610039665,-8.08554582662491E-7,-75.2628405670071));
#11271=CARTESIAN_POINT('',(167.833926116065,7.74074495600593,-75.2667062929532));
#11272=CARTESIAN_POINT('',(160.390673718544,7.74074495600593,-57.9402994933954));
#11273=CARTESIAN_POINT('',(165.812631622518,6.12375467316986,-77.8877955452641));
#11274=CARTESIAN_POINT('',(165.647577245352,6.12375467316986,-77.4460227763315));
#11275=CARTESIAN_POINT('',(152.91145271553,6.12375467316986,-43.3574206099938));
#11276=CARTESIAN_POINT('',(165.815415115909,6.12002986639765,-77.8875580713064));
#11277=CARTESIAN_POINT('',(165.650360738743,6.12002986639765,-77.4457853023739));
#11278=CARTESIAN_POINT('',(152.914236208921,6.12002986639765,-43.3571831360362));
#11279=CARTESIAN_POINT('',(165.8181986093,6.11630505962545,-77.8873205973488));
#11280=CARTESIAN_POINT('',(165.653144232134,6.11630505962545,-77.4455478284163));
#11281=CARTESIAN_POINT('',(152.917019702312,6.11630505962545,-43.3569456620786));
#11282=CARTESIAN_POINT('',(165.820982102691,6.11258025285324,-77.8870831233912));
#11283=CARTESIAN_POINT('',(165.655927725525,6.11258025285324,-77.4453103544586));
#11284=CARTESIAN_POINT('',(152.919803195703,6.11258025285324,-43.3567081881209));
#11285=CARTESIAN_POINT('',(167.125249920802,4.36723908646664,-77.7758094118816));
#11286=CARTESIAN_POINT('',(166.960195543637,4.36723908646664,-77.3340366429491));
#11287=CARTESIAN_POINT('',(154.224071013814,4.36723908646664,-43.2454344766114));
#11288=CARTESIAN_POINT('',(167.838491214155,2.26241318045123,-77.7149591748282));
#11289=CARTESIAN_POINT('',(167.67343683699,2.26241318045123,-77.2731864058957));
#11290=CARTESIAN_POINT('',(154.937312307167,2.26241318045123,-43.184584239558));
#11291=CARTESIAN_POINT('',(167.813111492867,-4.1800692523091E-13,-77.7171244477466));
#11292=CARTESIAN_POINT('',(167.648057115701,-4.18247851412599E-13,-77.275351678814));
#11293=CARTESIAN_POINT('',(154.911932585879,-4.18247851412599E-13,-43.1867495124763));
#11294=CARTESIAN_POINT('',(155.939035073475,5.66876331052513E-5,-45.9358169889083));
#11295=CARTESIAN_POINT('',(155.737675822351,0.125643012604262,-45.3929841877));
#11296=CARTESIAN_POINT('',(155.534458205319,0.254466566463817,-44.8515965472738));
#11297=CARTESIAN_POINT('',(155.329049321101,0.386120755334049,-44.3117276524654));
#11298=CARTESIAN_POINT('',(155.939030193769,-1.08416781760178E-15,-45.9358056841062));
#11299=CARTESIAN_POINT('',(155.329049321101,0.386120755334034,-44.3117276524654));
#11300=CARTESIAN_POINT('',(155.329043440489,0.386014173122012,-44.3117038885141));
#11301=CARTESIAN_POINT('',(155.288923545591,1.84325092013002,-44.3140123870847));
#11302=CARTESIAN_POINT('',(154.801580311474,3.31280177925602,-44.0391844882997));
#11303=CARTESIAN_POINT('',(153.931485600287,4.596113261801,-43.4817197701679));
#11304=CARTESIAN_POINT('',(153.098662589009,6.09455439642641,-43.7983143523645));
#11305=CARTESIAN_POINT('',(153.190099636542,6.06323388109686,-43.9787089580511));
#11306=CARTESIAN_POINT('',(153.281399080439,6.0317153058421,-44.1591153034028));
#11307=CARTESIAN_POINT('',(153.372556644961,5.99999999831926,-44.3395337532045));
#11308=CARTESIAN_POINT('',(153.372556643906,6.00000000000009,-44.3395337537486));
#11309=CARTESIAN_POINT('',(165.831013505656,6.00000000000009,-77.6849504519174));
#11310=CARTESIAN_POINT('',(165.831013505656,6.00000000000009,-77.6849504519174));
#11311=CARTESIAN_POINT('',(165.831013505656,6.00000000000009,-77.6849504519174));
#11312=CARTESIAN_POINT('',(166.390148783994,5.12257900185292,-77.4228662835659));
#11313=CARTESIAN_POINT('',(167.218060319208,3.20661837919201,-76.9843516553933));
#11314=CARTESIAN_POINT('',(167.503029151434,1.07258201967546,-76.8539490912974));
#11315=CARTESIAN_POINT('',(167.485448762599,-4.18609240685133E-13,-76.8401257633601));
#11316=CARTESIAN_POINT('',(167.485448762593,-1.02393627217946E-14,-76.8401257633445));
#11317=CARTESIAN_POINT('',(155.939030193769,-2.16833563520357E-15,-45.9358056841062));
#11318=CARTESIAN_POINT('',(167.833926116065,7.74074495600593,-75.2667062929532));
#11319=CARTESIAN_POINT('',(168.905533376028,7.74074495600593,-77.7611942296608));
#11320=CARTESIAN_POINT('',(169.781824871085,7.74074495600593,-80.3395585537413));
#11321=CARTESIAN_POINT('',(171.122454534394,7.74074495600593,-85.6013035903376));
#11322=CARTESIAN_POINT('',(171.586779397463,7.74074495600593,-88.2846320827536));
#11323=CARTESIAN_POINT('',(172.09215130044,7.74074495600593,-93.6909106516855));
#11324=CARTESIAN_POINT('',(172.133193324924,7.74074495600593,-96.413807074416));
#11325=CARTESIAN_POINT('',(171.883399526035,7.74074495600593,-100.369495138045));
#11326=CARTESIAN_POINT('',(171.759834090455,7.74074495600593,-101.612816860425));
#11327=CARTESIAN_POINT('',(171.591849394216,7.74074495600593,-102.850108263023));
#11328=CARTESIAN_POINT('',(164.499050665986,12.4142040051658,-75.2719326271546));
#11329=CARTESIAN_POINT('',(165.57065792595,12.4142040051658,-77.7664205638623));
#11330=CARTESIAN_POINT('',(166.446949421006,12.4142040051658,-80.3447848879428));
#11331=CARTESIAN_POINT('',(167.787579084315,12.4142040051658,-85.6065299245391));
#11332=CARTESIAN_POINT('',(168.251903947384,12.4142040051658,-88.2898584169551));
#11333=CARTESIAN_POINT('',(168.757275850362,12.4142040051658,-93.6961369858869));
#11334=CARTESIAN_POINT('',(168.798317874846,12.4142040051658,-96.4190334086175));
#11335=CARTESIAN_POINT('',(168.548524075956,12.4142040051658,-100.374721472247));
#11336=CARTESIAN_POINT('',(168.424958640376,12.4142040051658,-101.618043194626));
#11337=CARTESIAN_POINT('',(168.256973944137,12.4142040051658,-102.855334597224));
#11338=CARTESIAN_POINT('',(171.910467167774,7.74082847224974,-99.8573549444208));
#11339=CARTESIAN_POINT('',(170.846860710032,9.11716645419774,-100.912215617341));
#11340=CARTESIAN_POINT('',(169.692745981291,10.5877204824123,-101.855761870354));
#11341=CARTESIAN_POINT('',(168.466069976542,12.1524905568936,-102.688460764385));
#11342=CARTESIAN_POINT('',(171.910508438262,7.74076521219094,-99.8574049083336));
#11343=CARTESIAN_POINT('',(168.466081114425,12.1524858193258,-102.688402208141));
#11344=CARTESIAN_POINT('',(168.466092252309,12.152481081758,-102.688343651897));
#11345=CARTESIAN_POINT('',(168.417007510138,12.2240512213433,-102.673432676993));
#11346=CARTESIAN_POINT('',(168.367916249991,12.2956213609287,-102.658520838634));
#11347=CARTESIAN_POINT('',(168.318818471062,12.3671915005141,-102.643608142488));
#11348=CARTESIAN_POINT('',(168.318806928885,12.3671788923453,-102.643633239165));
#11349=CARTESIAN_POINT('',(164.560724994987,12.3277742553041,-75.2718359726739));
#11350=CARTESIAN_POINT('',(166.408595337336,12.3472930008528,-79.6057532721095));
#11351=CARTESIAN_POINT('',(168.906761652474,12.3733790851183,-88.7285645855745));
#11352=CARTESIAN_POINT('',(168.915162069159,12.3735623557204,-98.077654020389));
#11353=CARTESIAN_POINT('',(168.318824296388,12.3671782876056,-102.643635506594));
#11354=CARTESIAN_POINT('',(164.560724995833,12.3277742554549,-75.2718359753168));
#11355=CARTESIAN_POINT('',(167.833926116065,7.74074495600593,-75.2667062929532));
#11356=CARTESIAN_POINT('',(167.833926116065,7.74074495600593,-75.2667062929532));
#11357=CARTESIAN_POINT('',(168.905533376028,7.74074495600593,-77.7611942296608));
#11358=CARTESIAN_POINT('',(169.781824871085,7.74074495600593,-80.3395585537413));
#11359=CARTESIAN_POINT('',(171.122454534394,7.74074495600593,-85.6013035903376));
#11360=CARTESIAN_POINT('',(171.586779397463,7.74074495600593,-88.2846320827536));
#11361=CARTESIAN_POINT('',(172.09215130044,7.74074495600593,-93.6909106516855));
#11362=CARTESIAN_POINT('',(172.133193324924,7.74074495600593,-96.413807074416));
#11363=CARTESIAN_POINT('',(171.79099089075,7.74074495600593,-101.832861071052));
#11364=CARTESIAN_POINT('',(171.40774980314,7.74074495600593,-104.528964857092));
#11365=CARTESIAN_POINT('',(170.804565760562,7.74074495600593,-107.234763979322));
#11366=CARTESIAN_POINT('',(170.792007912375,7.74074495600593,-107.290662556776));
#11367=CARTESIAN_POINT('',(170.779357929723,7.74074495600593,-107.346540276095));
#11368=CARTESIAN_POINT('',(160.390673718544,7.74074495600593,-57.9402994933954));
#11369=CARTESIAN_POINT('',(160.390673718544,7.74074495600593,-57.9402994933954));
#11370=CARTESIAN_POINT('',(157.116752994535,12.3272362424517,-57.945747943629));
#11371=CARTESIAN_POINT('',(157.625563485353,12.3277742553041,-59.1281634060176));
#11372=CARTESIAN_POINT('',(151.383249830041,7.74074495600593,-41.9564367024037));
#11373=CARTESIAN_POINT('',(154.935181610718,7.74074495600593,-46.9492470014691));
#11374=CARTESIAN_POINT('',(157.95947531508,7.74074495600593,-52.315919671584));
#11375=CARTESIAN_POINT('',(160.390673718544,7.74074495600593,-57.9402994933954));
#11376=CARTESIAN_POINT('',(148.090420995958,12.3552803239221,-41.9615971421901));
#11377=CARTESIAN_POINT('',(151.642352776634,12.3552803239221,-46.9544074412555));
#11378=CARTESIAN_POINT('',(154.666646480996,12.3552803239221,-52.3210801113703));
#11379=CARTESIAN_POINT('',(157.09784488446,12.3552803239221,-57.9454599331817));
#11380=CARTESIAN_POINT('',(151.383249830041,7.74074495600593,-41.9564367024037));
#11381=CARTESIAN_POINT('',(148.144847511895,12.2794752771017,-41.9613549337566));
#11382=CARTESIAN_POINT('',(148.149928452587,12.2718872059963,-41.961503883578));
#11383=CARTESIAN_POINT('',(151.688574055232,12.2905058805196,-46.9543345682932));
#11384=CARTESIAN_POINT('',(154.699581673637,12.309124555043,-52.3210275588171));
#11385=CARTESIAN_POINT('',(157.117494100354,12.3277432295663,-57.9454276662015));
#11386=CARTESIAN_POINT('',(155.958687649269,7.74074495600593,-20.4435730780813));
#11387=CARTESIAN_POINT('',(154.337863412725,7.74074495600593,-23.2467155426718));
#11388=CARTESIAN_POINT('',(152.717039176181,7.74074495600593,-26.0498580072624));
#11389=CARTESIAN_POINT('',(151.096214939637,7.74074495600593,-28.8530004718529));
#11390=CARTESIAN_POINT('',(150.521312804469,7.74074495600593,-29.84726780309));
#11391=CARTESIAN_POINT('',(150.08309880501,7.74074495600593,-30.9203357455618));
#11392=CARTESIAN_POINT('',(149.512219127374,7.74074495600593,-33.1451884084069));
#11393=CARTESIAN_POINT('',(149.379630456739,7.74074495600593,-34.2967257624074));
#11394=CARTESIAN_POINT('',(149.429933294702,7.74074495600593,-36.5931017474857));
#11395=CARTESIAN_POINT('',(149.612820162182,7.74074495600593,-37.7377285106216));
#11396=CARTESIAN_POINT('',(150.280577682932,7.74074495600593,-39.9354484362342));
#11397=CARTESIAN_POINT('',(150.765360570216,7.74074495600593,-40.9882978416816));
#11398=CARTESIAN_POINT('',(151.383249830041,7.74074495600593,-41.9564367024037));
#11399=CARTESIAN_POINT('',(151.425385580785,7.74074495600593,-42.0224570403063));
#11400=CARTESIAN_POINT('',(151.467521331528,7.74074495600593,-42.0884773782089));
#11401=CARTESIAN_POINT('',(151.509657082271,7.74074495600593,-42.1544977161115));
#11402=CARTESIAN_POINT('',(151.492223781195,14.,-20.4505728096226));
#11403=CARTESIAN_POINT('',(149.871399544651,14.,-23.253715274213));
#11404=CARTESIAN_POINT('',(148.250575308107,14.,-26.0568577388035));
#11405=CARTESIAN_POINT('',(146.629751071563,14.,-28.8600002033939));
#11406=CARTESIAN_POINT('',(146.054848936395,14.,-29.854267534631));
#11407=CARTESIAN_POINT('',(145.616634936936,14.,-30.9273354771029));
#11408=CARTESIAN_POINT('',(145.0457552593,14.,-33.1521881399479));
#11409=CARTESIAN_POINT('',(144.913166588665,14.,-34.3037254939484));
#11410=CARTESIAN_POINT('',(144.963469426628,14.,-36.6001014790268));
#11411=CARTESIAN_POINT('',(145.146356294108,14.,-37.7447282421627));
#11412=CARTESIAN_POINT('',(145.814113814858,14.,-39.9424481677752));
#11413=CARTESIAN_POINT('',(146.298896702142,14.,-40.9952975732226));
#11414=CARTESIAN_POINT('',(146.916785961967,14.,-41.9634364339448));
#11415=CARTESIAN_POINT('',(146.958921712711,14.,-42.0294567718473));
#11416=CARTESIAN_POINT('',(147.001057463454,14.,-42.0954771097499));
#11417=CARTESIAN_POINT('',(147.043193214197,14.,-42.1614974476525));
#11418=CARTESIAN_POINT('',(151.301328774944,12.2980521822211,-22.8791879847206));
#11419=CARTESIAN_POINT('',(151.072663959993,12.2980521822213,-23.2746534759783));
#11420=CARTESIAN_POINT('',(150.615348855978,12.2980499208875,-24.0655638214332));
#11421=CARTESIAN_POINT('',(149.929289044627,12.2980600968952,-25.2520531619785));
#11422=CARTESIAN_POINT('',(149.357826738207,12.2980290035481,-26.2404331305412));
#11423=CARTESIAN_POINT('',(148.957307427784,12.298084406247,-26.933003348224));
#11424=CARTESIAN_POINT('',(148.729212753937,12.2979956488678,-27.3276588348577));
#11425=CARTESIAN_POINT('',(148.435450969275,12.2984242958539,-27.8349053550109));
#11426=CARTESIAN_POINT('',(148.128190594085,12.3003353237961,-28.3660331509984));
#11427=CARTESIAN_POINT('',(147.798177512961,12.3045034712301,-28.9229813251163));
#11428=CARTESIAN_POINT('',(147.568208269905,12.3101736695316,-29.3421256317616));
#11429=CARTESIAN_POINT('',(147.446525443902,12.3146682386037,-29.5761895891711));
#11430=CARTESIAN_POINT('',(147.235196240151,12.3237398207054,-30.0035340709716));
#11431=CARTESIAN_POINT('',(147.025417038128,12.332524699726,-30.480318574998));
#11432=CARTESIAN_POINT('',(146.717949679363,12.3455400991714,-31.2822341289202));
#11433=CARTESIAN_POINT('',(146.424172741641,12.3577213793051,-32.2700056514436));
#11434=CARTESIAN_POINT('',(146.182616059113,12.3677992375398,-33.5510241692152));
#11435=CARTESIAN_POINT('',(146.046836955962,12.3737385217697,-35.2424301568995));
#11436=CARTESIAN_POINT('',(146.265844167753,12.3651265807534,-38.1826097570878));
#11437=CARTESIAN_POINT('',(147.21426150603,12.3262731035138,-40.5563234773438));
#11438=CARTESIAN_POINT('',(148.139324469454,12.2867475225676,-41.9615205099263));
#11439=CARTESIAN_POINT('',(151.301328774944,12.2980521822212,-22.8791879847207));
#11440=CARTESIAN_POINT('',(151.310023163308,12.2980521822365,-22.8641514318919));
#11441=CARTESIAN_POINT('',(151.8615422216,10.778949773493,-23.783349862782));
#11442=CARTESIAN_POINT('',(152.413061279891,9.25984736474946,-24.7025482936721));
#11443=CARTESIAN_POINT('',(152.964580338182,7.74074495600593,-25.6217467245623));
#11444=CARTESIAN_POINT('',(152.96458033818,7.74074495600593,-25.621746724565));
#11445=CARTESIAN_POINT('',(157.498670058149,7.74074495600593,-17.7802429107976));
#11446=CARTESIAN_POINT('',(156.74083406357,7.74074495600593,-19.0908861068344));
#11447=CARTESIAN_POINT('',(155.982998068992,7.74074495600593,-20.4015293028711));
#11448=CARTESIAN_POINT('',(155.225162074414,7.74074495600593,-21.7121724989079));
#11449=CARTESIAN_POINT('',(154.642211309353,7.74074495600593,-22.7203595727823));
#11450=CARTESIAN_POINT('',(154.059260544293,7.74074495600593,-23.7285466466568));
#11451=CARTESIAN_POINT('',(153.476309779232,7.74074495600593,-24.7367337205312));
#11452=CARTESIAN_POINT('',(153.027886113801,7.74074495600593,-25.5122622388962));
#11453=CARTESIAN_POINT('',(152.57946244837,7.74074495600593,-26.2877907572611));
#11454=CARTESIAN_POINT('',(152.131038782939,7.74074495600593,-27.0633192756261));
#11455=CARTESIAN_POINT('',(151.786097501838,7.74074495600593,-27.6598796743683));
#11456=CARTESIAN_POINT('',(151.441156220738,7.74074495600593,-28.2564400731106));
#11457=CARTESIAN_POINT('',(151.096214939637,7.74074495600593,-28.8530004718529));
#11458=CARTESIAN_POINT('',(150.521312804469,7.74074495600593,-29.84726780309));
#11459=CARTESIAN_POINT('',(150.08309880501,7.74074495600593,-30.9203357455618));
#11460=CARTESIAN_POINT('',(149.512219127374,7.74074495600593,-33.1451884084069));
#11461=CARTESIAN_POINT('',(149.379630456739,7.74074495600593,-34.2967257624074));
#11462=CARTESIAN_POINT('',(149.429933294702,7.74074495600593,-36.5931017474857));
#11463=CARTESIAN_POINT('',(149.612820162182,7.74074495600593,-37.7377285106216));
#11464=CARTESIAN_POINT('',(150.280577682932,7.74074495600593,-39.9354484362342));
#11465=CARTESIAN_POINT('',(150.765360570216,7.74074495600593,-40.9882978416816));
#11466=CARTESIAN_POINT('',(151.383249830041,7.74074495600593,-41.9564367024037));
#11467=CARTESIAN_POINT('',(151.753983385937,7.74074495600593,-42.537320018837));
#11468=CARTESIAN_POINT('',(152.124716941832,7.74074495600593,-43.1182033352703));
#11469=CARTESIAN_POINT('',(152.495450497728,7.74074495600593,-43.6990866517035));
#11470=CARTESIAN_POINT('',(152.977404120392,7.74074495600593,-44.4542349630668));
#11471=CARTESIAN_POINT('',(153.459357743056,7.74074495600593,-45.20938327443));
#11472=CARTESIAN_POINT('',(153.94131136572,7.74074495600593,-45.9645315857933));
#11473=CARTESIAN_POINT('',(154.567851075184,7.74074495600593,-46.9462243905655));
#11474=CARTESIAN_POINT('',(155.194390784647,7.74074495600593,-47.9279171953377));
#11475=CARTESIAN_POINT('',(155.82093049411,7.74074495600593,-48.9096100001099));
#11476=CARTESIAN_POINT('',(156.635432116413,7.74074495600593,-50.1858106463138));
#11477=CARTESIAN_POINT('',(157.449933738715,7.74074495600593,-51.4620112925177));
#11478=CARTESIAN_POINT('',(158.264435361017,7.74074495600593,-52.7382119387216));
#11479=CARTESIAN_POINT('',(158.425371572872,-8.08554582662491E-7,-20.4397073521323));
#11480=CARTESIAN_POINT('',(156.804547336327,-8.08554582662491E-7,-23.2428498167238));
#11481=CARTESIAN_POINT('',(155.183723099782,-8.08554582662491E-7,-26.0459922813153));
#11482=CARTESIAN_POINT('',(153.562898863237,-8.08554582662491E-7,-28.8491347459068));
#11483=CARTESIAN_POINT('',(152.987996728069,-8.08554582662491E-7,-29.8434020771439));
#11484=CARTESIAN_POINT('',(152.54978272861,-8.08554582662491E-7,-30.9164700196158));
#11485=CARTESIAN_POINT('',(151.978903050975,-8.08554582662491E-7,-33.1413226824608));
#11486=CARTESIAN_POINT('',(151.84631438034,-8.08554582662491E-7,-34.2928600364613));
#11487=CARTESIAN_POINT('',(151.896617218303,-8.08554582662491E-7,-36.5892360215397));
#11488=CARTESIAN_POINT('',(152.079504085783,-8.08554582662491E-7,-37.7338627846756));
#11489=CARTESIAN_POINT('',(152.747261606533,-8.08554582662491E-7,-39.9315827102882));
#11490=CARTESIAN_POINT('',(153.232044493816,-8.08554582662491E-7,-40.9844321157356));
#11491=CARTESIAN_POINT('',(153.849933753642,-8.08554582662491E-7,-41.9525709764577));
#11492=CARTESIAN_POINT('',(153.892069504385,-8.08554582662491E-7,-42.0185913143603));
#11493=CARTESIAN_POINT('',(153.934205255128,-8.08554582662491E-7,-42.0846116522629));
#11494=CARTESIAN_POINT('',(153.976341005871,-8.08554582662491E-7,-42.1506319901655));
#11495=CARTESIAN_POINT('',(158.425430883269,0.687311703438731,-20.4397072591825));
#11496=CARTESIAN_POINT('',(156.804606646724,0.687311703438731,-23.2428497237741));
#11497=CARTESIAN_POINT('',(155.18378241018,0.687311703438731,-26.0459921883656));
#11498=CARTESIAN_POINT('',(153.562958173635,0.687311703438731,-28.8491346529571));
#11499=CARTESIAN_POINT('',(152.988056038467,0.687311703438731,-29.8434019841942));
#11500=CARTESIAN_POINT('',(152.549842039008,0.687311703438731,-30.916469926666));
#11501=CARTESIAN_POINT('',(151.978962361372,0.687311703438731,-33.141322589511));
#11502=CARTESIAN_POINT('',(151.846373690737,0.687311703438731,-34.2928599435115));
#11503=CARTESIAN_POINT('',(151.8966765287,0.687311703438731,-36.5892359285899));
#11504=CARTESIAN_POINT('',(152.079563396181,0.687311703438731,-37.7338626917258));
#11505=CARTESIAN_POINT('',(152.74732091693,0.687311703438731,-39.9315826173384));
#11506=CARTESIAN_POINT('',(153.232103804214,0.687311703438731,-40.9844320227858));
#11507=CARTESIAN_POINT('',(153.84999306404,0.687311703438731,-41.9525708835079));
#11508=CARTESIAN_POINT('',(153.892128814783,0.687311703438731,-42.0185912214105));
#11509=CARTESIAN_POINT('',(153.934264565526,0.687311703438731,-42.0846115593131));
#11510=CARTESIAN_POINT('',(153.976400316269,0.687311703438731,-42.1506318972157));
#11511=CARTESIAN_POINT('',(158.372673097873,1.37144565322162,-20.4397899398772));
#11512=CARTESIAN_POINT('',(156.751848861329,1.37144565322162,-23.2429324044687));
#11513=CARTESIAN_POINT('',(155.131024624784,1.37144565322162,-26.0460748690601));
#11514=CARTESIAN_POINT('',(153.510200388239,1.37144565322162,-28.8492173336515));
#11515=CARTESIAN_POINT('',(152.935298253071,1.37144565322162,-29.8434846648886));
#11516=CARTESIAN_POINT('',(152.497084253612,1.37144565322162,-30.9165526073605));
#11517=CARTESIAN_POINT('',(151.926204575977,1.37144565322162,-33.1414052702055));
#11518=CARTESIAN_POINT('',(151.793615905342,1.37144565322162,-34.292942624206));
#11519=CARTESIAN_POINT('',(151.843918743305,1.37144565322162,-36.5893186092844));
#11520=CARTESIAN_POINT('',(152.026805610785,1.37144565322162,-37.7339453724203));
#11521=CARTESIAN_POINT('',(152.694563131534,1.37144565322162,-39.9316652980329));
#11522=CARTESIAN_POINT('',(153.179346018818,1.37144565322162,-40.9845147034803));
#11523=CARTESIAN_POINT('',(153.797235278644,1.37144565322162,-41.9526535642024));
#11524=CARTESIAN_POINT('',(153.839371029387,1.37144565322162,-42.018673902105));
#11525=CARTESIAN_POINT('',(153.88150678013,1.37144565322162,-42.0846942400076));
#11526=CARTESIAN_POINT('',(153.923642530873,1.37144565322162,-42.1507145779102));
#11527=CARTESIAN_POINT('',(158.21610275143,2.38524269901375,-20.4400353130458));
#11528=CARTESIAN_POINT('',(156.595278514885,2.38524269901375,-23.2431777776373));
#11529=CARTESIAN_POINT('',(154.97445427834,2.38524269901375,-26.0463202422288));
#11530=CARTESIAN_POINT('',(153.353630041796,2.38524269901375,-28.8494627068203));
#11531=CARTESIAN_POINT('',(152.778727906628,2.38524269901375,-29.8437300380574));
#11532=CARTESIAN_POINT('',(152.340513907169,2.38524269901375,-30.9167979805292));
#11533=CARTESIAN_POINT('',(151.769634229533,2.38524269901375,-33.1416506433743));
#11534=CARTESIAN_POINT('',(151.637045558898,2.38524269901375,-34.2931879973748));
#11535=CARTESIAN_POINT('',(151.687348396861,2.38524269901375,-36.5895639824531));
#11536=CARTESIAN_POINT('',(151.870235264341,2.38524269901375,-37.734190745589));
#11537=CARTESIAN_POINT('',(152.537992785091,2.38524269901375,-39.9319106712016));
#11538=CARTESIAN_POINT('',(153.022775672374,2.38524269901375,-40.984760076649));
#11539=CARTESIAN_POINT('',(153.6406649322,2.38524269901375,-41.9528989373711));
#11540=CARTESIAN_POINT('',(153.682800682943,2.38524269901375,-42.0189192752737));
#11541=CARTESIAN_POINT('',(153.724936433686,2.38524269901375,-42.0849396131763));
#11542=CARTESIAN_POINT('',(153.76707218443,2.38524269901375,-42.150959951079));
#11543=CARTESIAN_POINT('',(158.150806928878,2.72233597131861,-20.4401376430413));
#11544=CARTESIAN_POINT('',(156.529982692333,2.72233597131861,-23.2432801076329));
#11545=CARTESIAN_POINT('',(154.909158455788,2.72233597131861,-26.0464225722244));
#11546=CARTESIAN_POINT('',(153.288334219243,2.72233597131861,-28.849565036816));
#11547=CARTESIAN_POINT('',(152.713432084075,2.72233597131861,-29.8438323680531));
#11548=CARTESIAN_POINT('',(152.275218084616,2.72233597131861,-30.916900310525));
#11549=CARTESIAN_POINT('',(151.704338406981,2.72233597131861,-33.14175297337));
#11550=CARTESIAN_POINT('',(151.571749736345,2.72233597131861,-34.2932903273705));
#11551=CARTESIAN_POINT('',(151.622052574309,2.72233597131861,-36.5896663124489));
#11552=CARTESIAN_POINT('',(151.804939441789,2.72233597131861,-37.7342930755848));
#11553=CARTESIAN_POINT('',(152.472696962538,2.72233597131861,-39.9320130011974));
#11554=CARTESIAN_POINT('',(152.957479849822,2.72233597131861,-40.9848624066447));
#11555=CARTESIAN_POINT('',(153.575369109648,2.72233597131861,-41.9530012673669));
#11556=CARTESIAN_POINT('',(153.617504860391,2.72233597131861,-42.0190216052695));
#11557=CARTESIAN_POINT('',(153.659640611134,2.72233597131861,-42.0850419431721));
#11558=CARTESIAN_POINT('',(153.701776361877,2.72233597131861,-42.1510622810747));
#11559=CARTESIAN_POINT('',(157.993536775756,3.39383037774066,-20.44038411293));
#11560=CARTESIAN_POINT('',(156.372712539211,3.39383037774066,-23.2435265775215));
#11561=CARTESIAN_POINT('',(154.751888302667,3.39383037774066,-26.046669042113));
#11562=CARTESIAN_POINT('',(153.131064066122,3.39383037774066,-28.8498115067045));
#11563=CARTESIAN_POINT('',(152.556161930954,3.39383037774066,-29.8440788379416));
#11564=CARTESIAN_POINT('',(152.117947931495,3.39383037774066,-30.9171467804134));
#11565=CARTESIAN_POINT('',(151.547068253859,3.39383037774066,-33.1419994432584));
#11566=CARTESIAN_POINT('',(151.414479583224,3.39383037774066,-34.293536797259));
#11567=CARTESIAN_POINT('',(151.464782421188,3.39383037774066,-36.5899127823373));
#11568=CARTESIAN_POINT('',(151.647669288668,3.39383037774066,-37.7345395454732));
#11569=CARTESIAN_POINT('',(152.315426809417,3.39383037774066,-39.9322594710858));
#11570=CARTESIAN_POINT('',(152.800209696701,3.39383037774066,-40.9851088765333));
#11571=CARTESIAN_POINT('',(153.418098956527,3.39383037774066,-41.9532477372553));
#11572=CARTESIAN_POINT('',(153.46023470727,3.39383037774066,-42.0192680751579));
#11573=CARTESIAN_POINT('',(153.502370458013,3.39383037774066,-42.0852884130605));
#11574=CARTESIAN_POINT('',(153.544506208756,3.39383037774066,-42.1513087509631));
#11575=CARTESIAN_POINT('',(157.901618982411,3.72771844433282,-20.4405281642189));
#11576=CARTESIAN_POINT('',(156.280794745866,3.72771844433282,-23.2436706288104));
#11577=CARTESIAN_POINT('',(154.659970509322,3.72771844433282,-26.0468130934019));
#11578=CARTESIAN_POINT('',(153.039146272777,3.72771844433282,-28.8499555579934));
#11579=CARTESIAN_POINT('',(152.464244137609,3.72771844433282,-29.8442228892305));
#11580=CARTESIAN_POINT('',(152.02603013815,3.72771844433282,-30.9172908317024));
#11581=CARTESIAN_POINT('',(151.455150460514,3.72771844433282,-33.1421434945474));
#11582=CARTESIAN_POINT('',(151.322561789879,3.72771844433282,-34.2936808485479));
#11583=CARTESIAN_POINT('',(151.372864627843,3.72771844433282,-36.5900568336263));
#11584=CARTESIAN_POINT('',(151.555751495323,3.72771844433282,-37.7346835967622));
#11585=CARTESIAN_POINT('',(152.223509016072,3.72771844433282,-39.9324035223748));
#11586=CARTESIAN_POINT('',(152.708291903356,3.72771844433282,-40.9852529278221));
#11587=CARTESIAN_POINT('',(153.326181163182,3.72771844433282,-41.9533917885443));
#11588=CARTESIAN_POINT('',(153.368316913925,3.72771844433282,-42.0194121264469));
#11589=CARTESIAN_POINT('',(153.410452664668,3.72771844433282,-42.0854324643495));
#11590=CARTESIAN_POINT('',(153.452588415411,3.72771844433282,-42.1514528022521));
#11591=CARTESIAN_POINT('',(157.381347344902,5.36833013859687,-20.441343521042));
#11592=CARTESIAN_POINT('',(155.760523108357,5.36833013859687,-23.2444859856336));
#11593=CARTESIAN_POINT('',(154.139698871812,5.36833013859687,-26.0476284502252));
#11594=CARTESIAN_POINT('',(152.518874635267,5.36833013859687,-28.8507709148167));
#11595=CARTESIAN_POINT('',(151.943972500099,5.36833013859687,-29.8450382460539));
#11596=CARTESIAN_POINT('',(151.50575850064,5.36833013859687,-30.9181061885257));
#11597=CARTESIAN_POINT('',(150.934878823005,5.36833013859687,-33.1429588513707));
#11598=CARTESIAN_POINT('',(150.802290152369,5.36833013859687,-34.2944962053712));
#11599=CARTESIAN_POINT('',(150.852592990333,5.36833013859687,-36.5908721904496));
#11600=CARTESIAN_POINT('',(151.035479857813,5.36833013859687,-37.7354989535855));
#11601=CARTESIAN_POINT('',(151.703237378562,5.36833013859687,-39.9332188791981));
#11602=CARTESIAN_POINT('',(152.188020265846,5.36833013859687,-40.9860682846455));
#11603=CARTESIAN_POINT('',(152.805909525672,5.36833013859687,-41.9542071453676));
#11604=CARTESIAN_POINT('',(152.848045276415,5.36833013859687,-42.0202274832702));
#11605=CARTESIAN_POINT('',(152.890181027158,5.36833013859687,-42.0862478211728));
#11606=CARTESIAN_POINT('',(152.932316777901,5.36833013859687,-42.1522681590754));
#11607=CARTESIAN_POINT('',(156.764863339695,6.61097890280864,-20.4423096595048));
#11608=CARTESIAN_POINT('',(155.144039103151,6.61097890280864,-23.2454521240964));
#11609=CARTESIAN_POINT('',(153.523214866606,6.61097890280864,-26.048594588688));
#11610=CARTESIAN_POINT('',(151.902390630061,6.61097890280864,-28.8517370532796));
#11611=CARTESIAN_POINT('',(151.327488494893,6.61097890280864,-29.8460043845167));
#11612=CARTESIAN_POINT('',(150.889274495434,6.61097890280864,-30.9190723269885));
#11613=CARTESIAN_POINT('',(150.318394817799,6.61097890280864,-33.1439249898336));
#11614=CARTESIAN_POINT('',(150.185806147163,6.61097890280864,-34.2954623438341));
#11615=CARTESIAN_POINT('',(150.236108985127,6.61097890280864,-36.5918383289124));
#11616=CARTESIAN_POINT('',(150.418995852607,6.61097890280864,-37.7364650920483));
#11617=CARTESIAN_POINT('',(151.086753373356,6.61097890280864,-39.9341850176609));
#11618=CARTESIAN_POINT('',(151.57153626064,6.61097890280864,-40.9870344231083));
#11619=CARTESIAN_POINT('',(152.189425520466,6.61097890280864,-41.9551732838304));
#11620=CARTESIAN_POINT('',(152.231561271209,6.61097890280864,-42.021193621733));
#11621=CARTESIAN_POINT('',(152.273697021952,6.61097890280864,-42.0872139596356));
#11622=CARTESIAN_POINT('',(152.315832772695,6.61097890280864,-42.1532342975382));
#11623=CARTESIAN_POINT('',(155.958687649271,7.74074495600593,-20.4435730780781));
#11624=CARTESIAN_POINT('',(154.337863412726,7.74074495600593,-23.2467155426697));
#11625=CARTESIAN_POINT('',(152.717039176182,7.74074495600593,-26.0498580072613));
#11626=CARTESIAN_POINT('',(151.096214939637,7.74074495600593,-28.8530004718529));
#11627=CARTESIAN_POINT('',(150.521312804469,7.74074495600593,-29.84726780309));
#11628=CARTESIAN_POINT('',(150.08309880501,7.74074495600593,-30.9203357455618));
#11629=CARTESIAN_POINT('',(149.512219127374,7.74074495600593,-33.1451884084069));
#11630=CARTESIAN_POINT('',(149.379630456739,7.74074495600593,-34.2967257624074));
#11631=CARTESIAN_POINT('',(149.429933294702,7.74074495600593,-36.5931017474857));
#11632=CARTESIAN_POINT('',(149.612820162182,7.74074495600593,-37.7377285106216));
#11633=CARTESIAN_POINT('',(150.280577682932,7.74074495600593,-39.9354484362342));
#11634=CARTESIAN_POINT('',(150.765360570216,7.74074495600593,-40.9882978416816));
#11635=CARTESIAN_POINT('',(151.383249830041,7.74074495600593,-41.9564367024037));
#11636=CARTESIAN_POINT('',(151.425385580785,7.74074495600593,-42.0224570403063));
#11637=CARTESIAN_POINT('',(151.467521331528,7.74074495600593,-42.0884773782089));
#11638=CARTESIAN_POINT('',(151.509657082271,7.74074495600593,-42.1544977161115));
#11639=CARTESIAN_POINT('',(153.307094169443,6.45132926500748,-26.4316753073092));
#11640=CARTESIAN_POINT('',(153.295933338702,6.56854754866957,-26.3393315328917));
#11641=CARTESIAN_POINT('',(153.284104965797,6.68443654228076,-26.2453809999832));
#11642=CARTESIAN_POINT('',(153.271640398692,6.79896267973907,-26.1498680544679));
#11643=CARTESIAN_POINT('',(153.276273111873,6.79562736992245,-26.1452642291702));
#11644=CARTESIAN_POINT('',(153.307094169443,6.45132926500743,-26.4316753073091));
#11645=CARTESIAN_POINT('',(153.307094169199,6.45132926502922,-26.4316753077097));
#11646=CARTESIAN_POINT('',(152.968562843965,6.45132926502922,-27.0171499766846));
#11647=CARTESIAN_POINT('',(152.292026543521,6.45081282240998,-28.1872142762945));
#11648=CARTESIAN_POINT('',(151.276640555101,6.44848603393641,-29.9475942452286));
#11649=CARTESIAN_POINT('',(150.714549421129,6.44525979761174,-31.5480854178197));
#11650=CARTESIAN_POINT('',(150.452893408512,6.4423125896908,-32.705296288788));
#11651=CARTESIAN_POINT('',(150.344864157942,6.44045004221937,-33.3683282657762));
#11652=CARTESIAN_POINT('',(150.292653064768,6.43916848266884,-33.7993585720726));
#11653=CARTESIAN_POINT('',(150.264314673947,6.43817867308449,-34.1124975791603));
#11654=CARTESIAN_POINT('',(150.245094570565,6.43746656038367,-34.3705998092763));
#11655=CARTESIAN_POINT('',(150.219624149465,6.43636386894063,-34.862762815111));
#11656=CARTESIAN_POINT('',(150.217868300598,6.43514760171119,-35.8764817059996));
#11657=CARTESIAN_POINT('',(150.378368624864,6.43602513191055,-37.4661117724115));
#11658=CARTESIAN_POINT('',(150.925401206161,6.44132817287256,-39.5259671625435));
#11659=CARTESIAN_POINT('',(151.587084828558,6.44768278690355,-40.9463701986736));
#11660=CARTESIAN_POINT('',(152.004431721181,6.45156501879766,-41.647377897085));
#11661=CARTESIAN_POINT('',(152.96458033818,7.74074495600593,-25.621746724565));
#11662=CARTESIAN_POINT('',(153.077662456462,7.43175472087323,-25.8071556670936));
#11663=CARTESIAN_POINT('',(153.183053565113,7.11543565341627,-25.9799765714473));
#11664=CARTESIAN_POINT('',(153.280847180604,6.79283104359093,-26.1402092910695));
#11665=CARTESIAN_POINT('',(140.01144092721,10.6461366814406,-28.8019859197813));
#11666=CARTESIAN_POINT('',(139.754193049587,11.1461366814406,-28.3732394568707));
#11667=CARTESIAN_POINT('',(151.072167579141,11.1461366814406,-21.5824547423865));
#11668=CARTESIAN_POINT('',(146.919677844567,11.1461366814406,-24.073948581939));
#11669=CARTESIAN_POINT('',(146.659306496552,11.5204259138555,-23.7936788889349));
#11670=CARTESIAN_POINT('',(147.267498895063,10.6461366814406,-24.4483511411522));
#11671=CARTESIAN_POINT('',(140.01144092721,10.6461366814406,-28.8019859197813));
#11672=CARTESIAN_POINT('',(151.329415456765,10.6461366814406,-22.011201205297));
#11673=CARTESIAN_POINT('',(151.329415456765,10.6461366814406,-22.011201205297));
#11674=CARTESIAN_POINT('',(140.01144092721,11.3961366814406,-28.8019859197813));
#11675=CARTESIAN_POINT('',(151.329415456765,11.3961366814406,-22.011201205297));
#11676=CARTESIAN_POINT('',(151.329415456765,6.71524902727556,-22.011201205297));
#11677=CARTESIAN_POINT('',(142.654421972182,15.1104054197108,-27.2161972935568));
#11678=CARTESIAN_POINT('',(169.179031534059,6.0000000000001,-103.343498786159));
#11679=CARTESIAN_POINT('',(169.181863668341,6.0000000000001,-103.321956172952));
#11680=CARTESIAN_POINT('',(169.184695802622,6.0000000000001,-103.300413559745));
#11681=CARTESIAN_POINT('',(169.187527936904,6.0000000000001,-103.278870946538));
#11682=CARTESIAN_POINT('',(169.763238604558,6.0000000000001,-98.8997310471959));
#11683=CARTESIAN_POINT('',(169.755207040482,6.0000000000001,-94.4448483667519));
#11684=CARTESIAN_POINT('',(168.868147497719,6.0000000000001,-87.8797463174935));
#11685=CARTESIAN_POINT('',(168.427273982376,6.0000000000001,-85.7110714722405));
#11686=CARTESIAN_POINT('',(167.553935103776,6.0000000000001,-82.5158943945728));
#11687=CARTESIAN_POINT('',(167.227525405813,6.0000000000001,-81.4604795922446));
#11688=CARTESIAN_POINT('',(166.686040222496,6.0000000000001,-79.895300274954));
#11689=CARTESIAN_POINT('',(166.496902415906,6.0000000000001,-79.3765633229097));
#11690=CARTESIAN_POINT('',(166.200385394579,6.0000000000001,-78.6033648468163));
#11691=CARTESIAN_POINT('',(166.099411461245,6.0000000000001,-78.3464497488081));
#11692=CARTESIAN_POINT('',(165.944768457522,6.0000000000001,-77.962355572535));
#11693=CARTESIAN_POINT('',(165.892690445942,6.0000000000001,-77.8345372517541));
#11694=CARTESIAN_POINT('',(165.813780509023,6.0000000000001,-77.6431357963839));
#11695=CARTESIAN_POINT('',(165.787345043851,6.0000000000001,-77.5793896484043));
#11696=CARTESIAN_POINT('',(165.734210245208,6.0000000000001,-77.4520070908197));
#11697=CARTESIAN_POINT('',(165.707503812166,6.0000000000001,-77.388317832051));
#11698=CARTESIAN_POINT('',(165.652853546661,6.0000000000001,-77.2588875595355));
#11699=CARTESIAN_POINT('',(165.625040636794,6.0000000000001,-77.1930956523371));
#11700=CARTESIAN_POINT('',(165.570421796512,6.0000000000001,-77.0638168165236));
#11701=CARTESIAN_POINT('',(165.543622569997,6.0000000000001,-77.0003849899471));
#11702=CARTESIAN_POINT('',(165.516823343483,6.0000000000001,-76.9369531633714));
#11703=CARTESIAN_POINT('',(170.336714361122,4.27489022342602,-103.838500929656));
#11704=CARTESIAN_POINT('',(170.339760971823,4.27489022342602,-103.816454896482));
#11705=CARTESIAN_POINT('',(170.342807582523,4.27489022342602,-103.794408863308));
#11706=CARTESIAN_POINT('',(170.345854193224,4.27489022342602,-103.772362830134));
#11707=CARTESIAN_POINT('',(170.965163204115,4.27489022342602,-99.2908887133742));
#11708=CARTESIAN_POINT('',(170.987081999119,4.27489022342602,-94.7278843817313));
#11709=CARTESIAN_POINT('',(170.122928585138,4.27489022342602,-87.9975224352568));
#11710=CARTESIAN_POINT('',(169.686035220306,4.27489022342602,-85.7732562139357));
#11711=CARTESIAN_POINT('',(168.813131783666,4.27489022342602,-82.4946602981115));
#11712=CARTESIAN_POINT('',(168.485945738426,4.27489022342602,-81.4114343225259));
#11713=CARTESIAN_POINT('',(167.941916331989,4.27489022342602,-79.8046225099891));
#11714=CARTESIAN_POINT('',(167.751700564643,4.27489022342602,-79.2720220955006));
#11715=CARTESIAN_POINT('',(167.453222643218,4.27489022342602,-78.4780607749207));
#11716=CARTESIAN_POINT('',(167.351537753739,4.27489022342602,-78.214230118752));
#11717=CARTESIAN_POINT('',(167.19574247266,4.27489022342602,-77.8197720860214));
#11718=CARTESIAN_POINT('',(167.143266061653,4.27489022342602,-77.6885007264233));
#11719=CARTESIAN_POINT('',(167.063737084675,4.27489022342602,-77.491922256112));
#11720=CARTESIAN_POINT('',(167.037091699342,4.27489022342602,-77.426450860355));
#11721=CARTESIAN_POINT('',(166.983529916842,4.27489022342602,-77.2956186837322));
#11722=CARTESIAN_POINT('',(166.956496094613,4.27489022342602,-77.2293430954668));
#11723=CARTESIAN_POINT('',(166.901621090618,4.27489022342602,-77.0981566919659));
#11724=CARTESIAN_POINT('',(166.87392261102,4.27489022342602,-77.0332589553302));
#11725=CARTESIAN_POINT('',(166.819303770738,4.27489022342602,-76.9039801195167));
#11726=CARTESIAN_POINT('',(166.792504544223,4.27489022342602,-76.8405482929403));
#11727=CARTESIAN_POINT('',(166.765705317709,4.27489022342602,-76.7771164663645));
#11728=CARTESIAN_POINT('',(170.967549189088,2.21136629320213,-104.108233350952));
#11729=CARTESIAN_POINT('',(170.970712670482,2.21136629320213,-104.085912998387));
#11730=CARTESIAN_POINT('',(170.973876151876,2.21136629320213,-104.063592645822));
#11731=CARTESIAN_POINT('',(170.977039633271,2.21136629320213,-104.041272293256));
#11732=CARTESIAN_POINT('',(171.620105888126,2.21136629320213,-99.5040350720164));
#11733=CARTESIAN_POINT('',(171.658344981899,2.21136629320213,-94.8821139959606));
#11734=CARTESIAN_POINT('',(170.806673383724,2.21136629320213,-88.0617000107126));
#11735=CARTESIAN_POINT('',(170.371948849167,2.21136629320213,-85.8071414024453));
#11736=CARTESIAN_POINT('',(169.499282689912,2.21136629320213,-82.4830895921504));
#11737=CARTESIAN_POINT('',(169.171673604017,2.21136629320213,-81.3847089850136));
#11738=CARTESIAN_POINT('',(168.626257820831,2.21136629320213,-79.7552111419315));
#11739=CARTESIAN_POINT('',(168.43545466014,2.21136629320213,-79.2150563656251));
#11740=CARTESIAN_POINT('',(168.135908221461,2.21136629320213,-78.4097811297625));
#11741=CARTESIAN_POINT('',(168.033835923715,2.21136629320213,-78.142182105574));
#11742=CARTESIAN_POINT('',(167.87741275331,2.21136629320213,-77.7420766870029));
#11743=CARTESIAN_POINT('',(167.824719249827,2.21136629320213,-77.6089237264194));
#11744=CARTESIAN_POINT('',(167.744852950725,2.21136629320213,-77.4095242404952));
#11745=CARTESIAN_POINT('',(167.718093177457,2.21136629320213,-77.3431127371722));
#11746=CARTESIAN_POINT('',(167.66429872649,2.21136629320213,-77.2104008230414));
#11747=CARTESIAN_POINT('',(167.637086506087,2.21136629320213,-77.1427159137728));
#11748=CARTESIAN_POINT('',(167.582089039477,2.21136629320213,-77.0105725740869));
#11749=CARTESIAN_POINT('',(167.554452914263,2.21136629320213,-76.9461620813835));
#11750=CARTESIAN_POINT('',(167.499834073981,2.21136629320213,-76.81688324557));
#11751=CARTESIAN_POINT('',(167.473034847466,2.21136629320213,-76.7534514189936));
#11752=CARTESIAN_POINT('',(167.446235620952,2.21136629320213,-76.6900195924178));
#11753=CARTESIAN_POINT('',(170.946262734961,-4.1921335435974E-13,-104.099131686684));
#11754=CARTESIAN_POINT('',(170.949422272751,-4.1921335435974E-13,-104.076820590563));
#11755=CARTESIAN_POINT('',(170.952581810542,-4.1921335435974E-13,-104.054509494442));
#11756=CARTESIAN_POINT('',(170.955741348332,-4.1921335435974E-13,-104.03219839832));
#11757=CARTESIAN_POINT('',(171.598005955178,-4.1921335435974E-13,-99.4968428087101));
#11758=CARTESIAN_POINT('',(171.635694348078,-4.1921335435974E-13,-94.8769097785288));
#11759=CARTESIAN_POINT('',(170.783601572143,-4.1921335435974E-13,-88.059534446994));
#11760=CARTESIAN_POINT('',(170.348803854077,-4.1921335435974E-13,-85.8059980040805));
#11761=CARTESIAN_POINT('',(169.476129688298,-4.1921335435974E-13,-82.4834800260496));
#11762=CARTESIAN_POINT('',(169.148534877194,-4.1921335435974E-13,-81.3856107863184));
#11763=CARTESIAN_POINT('',(168.603165874946,-4.1921335435974E-13,-79.7568784449605));
#11764=CARTESIAN_POINT('',(168.412382534851,-4.1921335435974E-13,-79.2169785778145));
#11765=CARTESIAN_POINT('',(168.112872151479,-4.1921335435974E-13,-78.4120851108841));
#11766=CARTESIAN_POINT('',(168.01081292617,-4.1921335435974E-13,-78.1446132438997));
#11767=CARTESIAN_POINT('',(167.854410942828,-4.1921335435974E-13,-77.7446983868104));
#11768=CARTESIAN_POINT('',(167.801724764762,-4.1921335435974E-13,-77.6116089176692));
#11769=CARTESIAN_POINT('',(167.721869848025,-4.1921335435974E-13,-77.4123046221447));
#11770=CARTESIAN_POINT('',(167.695113934585,-4.1921335435974E-13,-77.3459248411612));
#11771=CARTESIAN_POINT('',(167.641327334621,-4.1921335435974E-13,-77.2132763555928));
#11772=CARTESIAN_POINT('',(167.614121133963,-4.1921335435974E-13,-77.1456390014774));
#11773=CARTESIAN_POINT('',(167.559127799646,-4.1921335435974E-13,-77.0135279519842));
#11774=CARTESIAN_POINT('',(167.53148957039,-4.1921335435974E-13,-76.9491010180587));
#11775=CARTESIAN_POINT('',(167.476870730107,-4.1921335435974E-13,-76.8198221822451));
#11776=CARTESIAN_POINT('',(167.450071503593,-4.1921335435974E-13,-76.7563903556687));
#11777=CARTESIAN_POINT('',(167.423272277078,-4.1921335435974E-13,-76.6929585290929));
#11778=CARTESIAN_POINT('',(171.237893082607,0.500000000000001,-101.563436212082));
#11779=CARTESIAN_POINT('',(171.15037413949,2.5932269681799,-101.640893220563));
#11780=CARTESIAN_POINT('',(170.376229562281,4.49375470289216,-102.345758768389));
#11781=CARTESIAN_POINT('',(169.199797919637,6.00000000000008,-103.184845649389));
#11782=CARTESIAN_POINT('',(171.237893082607,0.500000000000001,-101.563436212082));
#11783=CARTESIAN_POINT('',(169.199797919637,6.00000000000009,-103.184845649389));
#11784=CARTESIAN_POINT('',(171.237893082607,0.500000000000001,-101.563436212082));
#11785=CARTESIAN_POINT('',(171.267117245375,0.334826956953341,-101.317000613543));
#11786=CARTESIAN_POINT('',(171.290595044336,0.168230783679162,-101.07098219015));
#11787=CARTESIAN_POINT('',(171.30814960746,-2.93456001818102E-14,-100.825507395393));
#11788=CARTESIAN_POINT('',(171.30814960746,-4.81854430298552E-16,-100.825507395393));
#11789=CARTESIAN_POINT('',(167.485448762593,1.08417246817174E-15,-76.8401257633448));
#11790=CARTESIAN_POINT('',(169.087547828564,1.08417246817174E-15,-80.6321781217996));
#11791=CARTESIAN_POINT('',(171.299803488504,9.03477056809785E-16,-88.6226973127126));
#11792=CARTESIAN_POINT('',(171.630120302958,1.44556329089566E-15,-96.7220541961581));
#11793=CARTESIAN_POINT('',(171.30814960746,1.44556329089566E-15,-100.825507395393));
#11794=CARTESIAN_POINT('',(169.199797919637,6.00000000000009,-103.184845649389));
#11795=CARTESIAN_POINT('',(169.760586743699,6.00000000000009,-98.855330512181));
#11796=CARTESIAN_POINT('',(169.753005447209,6.00000000000008,-92.4053991636882));
#11797=CARTESIAN_POINT('',(168.061187443979,6.00000000000009,-83.8312952783845));
#11798=CARTESIAN_POINT('',(166.663965684717,6.00000000000009,-79.7026085755582));
#11799=CARTESIAN_POINT('',(165.831013505656,6.00000000000009,-77.6849504519174));
#11800=CARTESIAN_POINT('',(0.,0.,0.));
#11801=CARTESIAN_POINT('',(154.779499297891,0.,-82.9670398665566));
#11802=CARTESIAN_POINT('',(173.425552005895,0.,-98.601804397729));
#11803=CARTESIAN_POINT('',(173.425552005895,0.,-98.601804397729));
#11804=CARTESIAN_POINT('',(173.633260546713,0.,-98.048528753645));
#11805=CARTESIAN_POINT('',(173.840969087533,0.,-97.4952531095611));
#11806=CARTESIAN_POINT('',(174.048677628351,0.,-96.9419774654771));
#11807=CARTESIAN_POINT('',(174.03923065997,0.,-96.9417755029921));
#11808=CARTESIAN_POINT('',(174.029783691589,0.,-96.9415735405072));
#11809=CARTESIAN_POINT('',(174.069097952937,0.,-95.1026152612421));
#11810=CARTESIAN_POINT('',(173.952018632269,0.,-91.4394820448075));
#11811=CARTESIAN_POINT('',(173.182823936883,0.,-85.9554918505718));
#11812=CARTESIAN_POINT('',(171.839410080007,0.,-80.5831324743625));
#11813=CARTESIAN_POINT('',(170.573929707855,0.,-77.1434524374267));
#11814=CARTESIAN_POINT('',(169.847643268214,0.,-75.4534629444942));
#11815=CARTESIAN_POINT('',(169.847643268213,0.,-75.4534629444941));
#11816=CARTESIAN_POINT('',(169.847643268213,0.,-75.4534629444941));
#11817=CARTESIAN_POINT('',(167.366559135707,0.,-69.6779940113082));
#11818=CARTESIAN_POINT('',(164.8854750032,0.,-63.9025250781224));
#11819=CARTESIAN_POINT('',(162.404390870693,0.,-58.1270561449365));
#11820=CARTESIAN_POINT('',(162.404382694044,0.,-58.1270596803255));
#11821=CARTESIAN_POINT('',(162.404374517394,0.,-58.1270632157145));
#11822=CARTESIAN_POINT('',(160.57342647608,0.,-53.8924457048639));
#11823=CARTESIAN_POINT('',(158.418311701538,0.,-49.8286931943278));
#11824=CARTESIAN_POINT('',(155.939030193769,0.,-45.9358056841062));
#11825=CARTESIAN_POINT('',(170.292986861601,0.453287641555476,-75.262852513863));
#11826=CARTESIAN_POINT('',(171.364594121564,0.453287641555476,-77.7573404505705));
#11827=CARTESIAN_POINT('',(172.240885616621,0.453287641555476,-80.3357047746511));
#11828=CARTESIAN_POINT('',(173.58151527993,0.453287641555476,-85.5974498112474));
#11829=CARTESIAN_POINT('',(174.045840142999,0.453287641555476,-88.2807783036634));
#11830=CARTESIAN_POINT('',(174.551212045976,0.453287641555476,-93.6870568725953));
#11831=CARTESIAN_POINT('',(174.592254070461,0.453287641555476,-96.4099532953258));
#11832=CARTESIAN_POINT('',(174.402519524605,0.453287641555476,-99.4145542167126));
#11833=CARTESIAN_POINT('',(174.381370274863,0.453287641555476,-99.7094689441466));
#11834=CARTESIAN_POINT('',(174.357711126089,0.453287641555476,-100.004182112273));
#11835=CARTESIAN_POINT('',(170.274946306235,0.988048446229322,-75.2628807865745));
#11836=CARTESIAN_POINT('',(171.346553566198,0.988048446229322,-77.7573687232821));
#11837=CARTESIAN_POINT('',(172.222845061255,0.988048446229322,-80.3357330473626));
#11838=CARTESIAN_POINT('',(173.563474724564,0.988048446229322,-85.5974780839589));
#11839=CARTESIAN_POINT('',(174.027799587633,0.988048446229322,-88.280806576375));
#11840=CARTESIAN_POINT('',(174.53317149061,0.988048446229322,-93.6870851453068));
#11841=CARTESIAN_POINT('',(174.574213515095,0.988048446229322,-96.4099815680373));
#11842=CARTESIAN_POINT('',(174.384478969239,0.988048446229322,-99.4145824894241));
#11843=CARTESIAN_POINT('',(174.363329719497,0.988048446229322,-99.7094972168582));
#11844=CARTESIAN_POINT('',(174.339670570723,0.988048446229322,-100.004210384984));
#11845=CARTESIAN_POINT('',(170.224938885246,1.52019434708198,-75.262959156966));
#11846=CARTESIAN_POINT('',(171.29654614521,1.52019434708198,-77.7574470936736));
#11847=CARTESIAN_POINT('',(172.172837640266,1.52019434708198,-80.3358114177541));
#11848=CARTESIAN_POINT('',(173.513467303575,1.52019434708198,-85.5975564543504));
#11849=CARTESIAN_POINT('',(173.977792166645,1.52019434708198,-88.2808849467665));
#11850=CARTESIAN_POINT('',(174.483164069622,1.52019434708198,-93.6871635156983));
#11851=CARTESIAN_POINT('',(174.524206094106,1.52019434708198,-96.4100599384289));
#11852=CARTESIAN_POINT('',(174.33447154825,1.52019434708198,-99.4146608598156));
#11853=CARTESIAN_POINT('',(174.313322298509,1.52019434708198,-99.7095755872496));
#11854=CARTESIAN_POINT('',(174.289663149734,1.52019434708198,-100.004288755376));
#11855=CARTESIAN_POINT('',(170.091341218223,2.38524269901375,-75.2631685279206));
#11856=CARTESIAN_POINT('',(171.162948478187,2.38524269901375,-77.7576564646282));
#11857=CARTESIAN_POINT('',(172.039239973243,2.38524269901375,-80.3360207887087));
#11858=CARTESIAN_POINT('',(173.379869636552,2.38524269901375,-85.597765825305));
#11859=CARTESIAN_POINT('',(173.844194499622,2.38524269901375,-88.281094317721));
#11860=CARTESIAN_POINT('',(174.349566402599,2.38524269901375,-93.6873728866529));
#11861=CARTESIAN_POINT('',(174.390608427083,2.38524269901375,-96.4102693093834));
#11862=CARTESIAN_POINT('',(174.200873881227,2.38524269901375,-99.4148702307702));
#11863=CARTESIAN_POINT('',(174.179724631486,2.38524269901375,-99.7097849582042));
#11864=CARTESIAN_POINT('',(174.156065482711,2.38524269901375,-100.00449812633));
#11865=CARTESIAN_POINT('',(170.026045395671,2.72233597131861,-75.2632708579163));
#11866=CARTESIAN_POINT('',(171.097652655635,2.72233597131861,-77.7577587946239));
#11867=CARTESIAN_POINT('',(171.973944150691,2.72233597131861,-80.3361231187045));
#11868=CARTESIAN_POINT('',(173.314573814,2.72233597131861,-85.5978681553008));
#11869=CARTESIAN_POINT('',(173.778898677069,2.72233597131861,-88.2811966477168));
#11870=CARTESIAN_POINT('',(174.284270580047,2.72233597131861,-93.6874752166486));
#11871=CARTESIAN_POINT('',(174.325312604531,2.72233597131861,-96.4103716393792));
#11872=CARTESIAN_POINT('',(174.135578058675,2.72233597131861,-99.4149725607659));
#11873=CARTESIAN_POINT('',(174.114428808933,2.72233597131861,-99.7098872882));
#11874=CARTESIAN_POINT('',(174.090769660159,2.72233597131861,-100.004600456326));
#11875=CARTESIAN_POINT('',(169.86877524255,3.39383037774066,-75.2635173278048));
#11876=CARTESIAN_POINT('',(170.940382502513,3.39383037774066,-77.7580052645123));
#11877=CARTESIAN_POINT('',(171.81667399757,3.39383037774066,-80.3363695885929));
#11878=CARTESIAN_POINT('',(173.157303660879,3.39383037774066,-85.5981146251892));
#11879=CARTESIAN_POINT('',(173.621628523948,3.39383037774066,-88.2814431176052));
#11880=CARTESIAN_POINT('',(174.127000426925,3.39383037774066,-93.6877216865371));
#11881=CARTESIAN_POINT('',(174.16804245141,3.39383037774066,-96.4106181092676));
#11882=CARTESIAN_POINT('',(173.978307905554,3.39383037774066,-99.4152190306543));
#11883=CARTESIAN_POINT('',(173.957158655812,3.39383037774066,-99.7101337580884));
#11884=CARTESIAN_POINT('',(173.933499507038,3.39383037774066,-100.004846926215));
#11885=CARTESIAN_POINT('',(169.776857449205,3.72771844433282,-75.2636613790937));
#11886=CARTESIAN_POINT('',(170.848464709168,3.72771844433282,-77.7581493158013));
#11887=CARTESIAN_POINT('',(171.724756204225,3.72771844433282,-80.3365136398819));
#11888=CARTESIAN_POINT('',(173.065385867534,3.72771844433282,-85.5982586764782));
#11889=CARTESIAN_POINT('',(173.529710730603,3.72771844433282,-88.2815871688942));
#11890=CARTESIAN_POINT('',(174.03508263358,3.72771844433282,-93.687865737826));
#11891=CARTESIAN_POINT('',(174.076124658065,3.72771844433282,-96.4107621605566));
#11892=CARTESIAN_POINT('',(173.886390112209,3.72771844433282,-99.4153630819433));
#11893=CARTESIAN_POINT('',(173.865240862467,3.72771844433282,-99.7102778093773));
#11894=CARTESIAN_POINT('',(173.841581713693,3.72771844433282,-100.004990977503));
#11895=CARTESIAN_POINT('',(169.256585811695,5.36833013859687,-75.264476735917));
#11896=CARTESIAN_POINT('',(170.328193071658,5.36833013859687,-77.7589646726246));
#11897=CARTESIAN_POINT('',(171.204484566715,5.36833013859687,-80.3373289967052));
#11898=CARTESIAN_POINT('',(172.545114230024,5.36833013859687,-85.5990740333015));
#11899=CARTESIAN_POINT('',(173.009439093093,5.36833013859687,-88.2824025257175));
#11900=CARTESIAN_POINT('',(173.51481099607,5.36833013859687,-93.6886810946493));
#11901=CARTESIAN_POINT('',(173.555853020555,5.36833013859687,-96.4115775173799));
#11902=CARTESIAN_POINT('',(173.366118474699,5.36833013859687,-99.4161784387666));
#11903=CARTESIAN_POINT('',(173.344969224957,5.36833013859687,-99.7110931662007));
#11904=CARTESIAN_POINT('',(173.321310076183,5.36833013859687,-100.005806334327));
#11905=CARTESIAN_POINT('',(168.640101806489,6.61097890280864,-75.2654428743799));
#11906=CARTESIAN_POINT('',(169.711709066452,6.61097890280864,-77.7599308110875));
#11907=CARTESIAN_POINT('',(170.588000561509,6.61097890280864,-80.338295135168));
#11908=CARTESIAN_POINT('',(171.928630224818,6.61097890280864,-85.6000401717643));
#11909=CARTESIAN_POINT('',(172.392955087887,6.61097890280864,-88.2833686641803));
#11910=CARTESIAN_POINT('',(172.898326990864,6.61097890280864,-93.6896472331122));
#11911=CARTESIAN_POINT('',(172.939369015349,6.61097890280864,-96.4125436558427));
#11912=CARTESIAN_POINT('',(172.749634469493,6.61097890280864,-99.4171445772295));
#11913=CARTESIAN_POINT('',(172.728485219751,6.61097890280864,-99.7120593046635));
#11914=CARTESIAN_POINT('',(172.704826070977,6.61097890280864,-100.00677247279));
#11915=CARTESIAN_POINT('',(167.833926116065,7.74074495600593,-75.2667062929532));
#11916=CARTESIAN_POINT('',(168.905533376028,7.74074495600593,-77.7611942296608));
#11917=CARTESIAN_POINT('',(169.781824871085,7.74074495600593,-80.3395585537413));
#11918=CARTESIAN_POINT('',(171.122454534394,7.74074495600593,-85.6013035903376));
#11919=CARTESIAN_POINT('',(171.586779397463,7.74074495600593,-88.2846320827536));
#11920=CARTESIAN_POINT('',(172.09215130044,7.74074495600593,-93.6909106516855));
#11921=CARTESIAN_POINT('',(172.133193324924,7.74074495600593,-96.413807074416));
#11922=CARTESIAN_POINT('',(171.943458779068,7.74074495600593,-99.4184079958028));
#11923=CARTESIAN_POINT('',(171.922309529327,7.74074495600593,-99.7133227232368));
#11924=CARTESIAN_POINT('',(171.898650380553,7.74074495600593,-100.008035891363));
#11925=CARTESIAN_POINT('',(167.824834947534,7.75348522306174,-75.2667205404073));
#11926=CARTESIAN_POINT('',(168.896442207497,7.75348522306174,-77.7612084771149));
#11927=CARTESIAN_POINT('',(169.772733702554,7.75348522306174,-80.3395728011954));
#11928=CARTESIAN_POINT('',(171.113363365863,7.75348522306174,-85.6013178377917));
#11929=CARTESIAN_POINT('',(171.577688228932,7.75348522306174,-88.2846463302078));
#11930=CARTESIAN_POINT('',(172.083060131909,7.75348522306174,-93.6909248991396));
#11931=CARTESIAN_POINT('',(172.124102156394,7.75348522306174,-96.4138213218702));
#11932=CARTESIAN_POINT('',(171.934367610538,7.75348522306174,-99.4184222432569));
#11933=CARTESIAN_POINT('',(171.913218360796,7.75348522306174,-99.7133369706909));
#11934=CARTESIAN_POINT('',(171.889559212022,7.75348522306174,-100.008050138817));
#11935=CARTESIAN_POINT('',(167.815743779003,7.76622549011754,-75.2667347878614));
#11936=CARTESIAN_POINT('',(168.887351038967,7.76622549011754,-77.761222724569));
#11937=CARTESIAN_POINT('',(169.763642534023,7.76622549011754,-80.3395870486496));
#11938=CARTESIAN_POINT('',(171.104272197332,7.76622549011754,-85.6013320852459));
#11939=CARTESIAN_POINT('',(171.568597060401,7.76622549011754,-88.2846605776619));
#11940=CARTESIAN_POINT('',(172.073968963379,7.76622549011754,-93.6909391465937));
#11941=CARTESIAN_POINT('',(172.115010987863,7.76622549011754,-96.4138355693243));
#11942=CARTESIAN_POINT('',(171.925276442007,7.76622549011754,-99.418436490711));
#11943=CARTESIAN_POINT('',(171.904127192265,7.76622549011754,-99.7133512181451));
#11944=CARTESIAN_POINT('',(171.880468043491,7.76622549011754,-100.008064386271));
#11945=CARTESIAN_POINT('',(167.806652610472,7.77896575717335,-75.2667490353156));
#11946=CARTESIAN_POINT('',(168.878259870436,7.77896575717335,-77.7612369720232));
#11947=CARTESIAN_POINT('',(169.754551365492,7.77896575717335,-80.3396012961037));
#11948=CARTESIAN_POINT('',(171.095181028802,7.77896575717335,-85.6013463327));
#11949=CARTESIAN_POINT('',(171.559505891871,7.77896575717335,-88.2846748251161));
#11950=CARTESIAN_POINT('',(172.064877794848,7.77896575717335,-93.6909533940479));
#11951=CARTESIAN_POINT('',(172.105919819332,7.77896575717335,-96.4138498167784));
#11952=CARTESIAN_POINT('',(171.916185273476,7.77896575717335,-99.4184507381651));
#11953=CARTESIAN_POINT('',(171.895036023735,7.77896575717335,-99.7133654655992));
#11954=CARTESIAN_POINT('',(171.87137687496,7.77896575717335,-100.008078633725));
#11955=CARTESIAN_POINT('',(170.291340321008,0.499707717607004,-75.2628550942806));
#11956=CARTESIAN_POINT('',(173.242268872452,0.499690014098691,-82.1320265757922));
#11957=CARTESIAN_POINT('',(174.690853426647,0.499672310587434,-89.6418681130142));
#11958=CARTESIAN_POINT('',(174.50732624457,0.499654607073233,-97.1158017950891));
#11959=CARTESIAN_POINT('',(174.507339375152,0.49977412956194,-97.1152499957395));
#11960=CARTESIAN_POINT('',(174.507322652494,0.499748190594048,-97.1158062927636));
#11961=CARTESIAN_POINT('',(174.481286945869,1.1779866433259,-97.1484056980097));
#11962=CARTESIAN_POINT('',(174.364691259791,2.19755337999695,-97.2914269887019));
#11963=CARTESIAN_POINT('',(174.067683272722,3.41556204077182,-97.6307355266736));
#11964=CARTESIAN_POINT('',(173.88463851834,4.00536332045813,-97.8356792436189));
#11965=CARTESIAN_POINT('',(173.759272984912,4.36505801655555,-97.975116733886));
#11966=CARTESIAN_POINT('',(173.661279956619,4.62910640873976,-98.0834053450322));
#11967=CARTESIAN_POINT('',(173.516201445152,4.99261792788742,-98.2421848184897));
#11968=CARTESIAN_POINT('',(173.265165729079,5.55743644719881,-98.5117560229172));
#11969=CARTESIAN_POINT('',(172.890149628238,6.28903457269802,-98.906988456287));
#11970=CARTESIAN_POINT('',(172.363661298902,7.1326479937702,-99.4226114402424));
#11971=CARTESIAN_POINT('',(172.055295503778,7.55311205043104,-99.7165286257247));
#11972=CARTESIAN_POINT('',(171.910505436025,7.74076112630253,-99.8574814000718));
#11973=CARTESIAN_POINT('',(147.879452092142,7.99999999999979,-59.1867543080809));
#11974=CARTESIAN_POINT('',(147.529464437566,7.99999999999979,-58.249999995764));
#11975=CARTESIAN_POINT('',(146.916986042058,7.9999999999998,-56.6106799492094));
#11976=CARTESIAN_POINT('',(150.923903607172,7.99999999999978,-58.0492944307083));
#11977=CARTESIAN_POINT('',(150.923903607172,7.99999999999978,-58.0492944307083));
#11978=CARTESIAN_POINT('',(150.22392829802,7.99999999999978,-56.1757858060746));
#11979=CARTESIAN_POINT('',(147.413665361069,7.9999999999998,-57.225748769803));
#11980=CARTESIAN_POINT('',(144.603402424119,7.99999999999981,-58.2757117335315));
#11981=CARTESIAN_POINT('',(144.603402424119,7.99999999999981,-58.2757117335315));
#11982=CARTESIAN_POINT('',(145.303377733271,7.99999999999981,-60.1492203581653));
#11983=CARTESIAN_POINT('',(148.113640670222,7.99999999999979,-59.0992573944368));
#11984=CARTESIAN_POINT('',(150.923903607172,7.99999999999978,-58.0492944307083));
#11985=CARTESIAN_POINT('',(150.22392829802,7.99999999999978,-56.1757858060746));
#11986=CARTESIAN_POINT('',(150.22392829802,9.99999999999978,-56.1757858060746));
#11987=CARTESIAN_POINT('',(150.923903607172,7.99999999999978,-58.0492944307083));
#11988=CARTESIAN_POINT('',(150.923903607172,9.99999999999978,-58.0492944307083));
#11989=CARTESIAN_POINT('',(150.923903607172,9.99999999999978,-58.0492944307083));
#11990=CARTESIAN_POINT('',(155.41090843621,6.00000000000009,-84.4666151432569));
#11991=CARTESIAN_POINT('',(153.372556646065,6.00000000000009,-44.3395337529421));
#11992=CARTESIAN_POINT('',(153.15234698838,6.00000000000009,-43.9944985809655));
#11993=CARTESIAN_POINT('',(152.71159315472,6.00000000000009,-43.2989755978493));
#11994=CARTESIAN_POINT('',(152.050472269875,6.00000000000009,-42.2896834561581));
#11995=CARTESIAN_POINT('',(151.386320989125,6.00000000000009,-41.1633328960342));
#11996=CARTESIAN_POINT('',(150.872967156134,6.00000000000009,-40.0232970978591));
#11997=CARTESIAN_POINT('',(150.450915435821,6.00000000000009,-38.7973924539261));
#11998=CARTESIAN_POINT('',(150.159890326283,6.00000000000009,-37.5662885115911));
#11999=CARTESIAN_POINT('',(149.989211197664,6.00000000000009,-36.3103698728105));
#12000=CARTESIAN_POINT('',(149.941876071291,6.00000000000009,-35.0274285824032));
#12001=CARTESIAN_POINT('',(150.016573491709,6.00000000000009,-33.745911859137));
#12002=CARTESIAN_POINT('',(150.213830792847,6.00000000000009,-32.4939025394036));
#12003=CARTESIAN_POINT('',(150.478254522701,6.00000000000009,-31.4734691955817));
#12004=CARTESIAN_POINT('',(150.720033049491,6.00000000000009,-30.7624378545366));
#12005=CARTESIAN_POINT('',(150.86832102363,6.00000000000009,-30.3712046661507));
#12006=CARTESIAN_POINT('',(151.00161102736,6.00000000000009,-30.0454095646581));
#12007=CARTESIAN_POINT('',(151.087310733376,6.00000000000009,-29.8507440544702));
#12008=CARTESIAN_POINT('',(151.240808941287,6.00000000000009,-29.5199550874035));
#12009=CARTESIAN_POINT('',(151.415185600157,6.00000000000009,-29.1733604347735));
#12010=CARTESIAN_POINT('',(151.618320047385,6.00000000000009,-28.7918918860572));
#12011=CARTESIAN_POINT('',(151.784336157929,6.00000000000009,-28.4905006804539));
#12012=CARTESIAN_POINT('',(151.932270194017,6.00000000000009,-28.2294396861025));
#12013=CARTESIAN_POINT('',(152.044950497332,6.00000000000009,-28.0345955793252));
#12014=CARTESIAN_POINT('',(152.10591980434,6.00000000000009,-27.9300072161962));
#12015=CARTESIAN_POINT('',(152.166848600864,6.00000000000009,-27.8262877874057));
#12016=CARTESIAN_POINT('',(152.173713896651,6.00000000000009,-27.8146505391657));
#12017=CARTESIAN_POINT('',(152.203898700789,6.00000000000009,-27.7632282594338));
#12018=CARTESIAN_POINT('',(152.252247448095,6.00000000000009,-27.6806912873537));
#12019=CARTESIAN_POINT('',(152.338939185486,6.00000000000009,-27.5322553159271));
#12020=CARTESIAN_POINT('',(152.461626043378,6.00000000000009,-27.3215456076653));
#12021=CARTESIAN_POINT('',(152.653472012098,6.00000000000009,-26.9913773337532));
#12022=CARTESIAN_POINT('',(152.944711524356,6.00000000000009,-26.489037605782));
#12023=CARTESIAN_POINT('',(153.232897214599,6.00000000000009,-25.9909932825507));
#12024=CARTESIAN_POINT('',(153.390760811026,6.00000000000009,-25.71797530763));
#12025=CARTESIAN_POINT('',(153.390680359195,6.00068855173589,-25.7179689048038));
#12026=CARTESIAN_POINT('',(153.39076084687,6.00000000000009,-25.7179744582963));
#12027=CARTESIAN_POINT('',(153.394325220134,6.00000000000009,-25.6335158799796));
#12028=CARTESIAN_POINT('',(153.397889593398,6.00000000000009,-25.5490573016629));
#12029=CARTESIAN_POINT('',(153.401453966663,6.00000000000009,-25.4645987233462));
#12030=CARTESIAN_POINT('',(153.401453966602,6.00000000000009,-25.4645987233439));
#12031=CARTESIAN_POINT('',(179.963669740519,6.00000000000009,-69.7349583677182));
#12032=CARTESIAN_POINT('',(151.775630931985,6.00000000000009,-22.7548936643537));
#12033=CARTESIAN_POINT('',(151.875514993543,6.00000000000009,-22.3500212207172));
#12034=CARTESIAN_POINT('',(148.598497138931,6.00000000000009,-35.6331637556309));
#12035=CARTESIAN_POINT('',(152.786110571145,6.00000000000009,-50.7796848095329));
#12036=CARTESIAN_POINT('',(152.388959960259,6.00000000000009,-49.5303357096728));
#12037=CARTESIAN_POINT('',(151.599793594106,6.00000000000009,-47.0303413477978));
#12038=CARTESIAN_POINT('',(150.385234911013,6.00000000000009,-43.2881267779591));
#12039=CARTESIAN_POINT('',(149.344448136698,6.00000000000009,-39.4994853877138));
#12040=CARTESIAN_POINT('',(148.785817918186,6.00000000000009,-36.9239577716895));
#12041=CARTESIAN_POINT('',(148.598497138931,6.00000000000009,-35.6331637556309));
#12042=CARTESIAN_POINT('',(152.786110571145,6.00000000000008,-50.7796848095329));
#12043=CARTESIAN_POINT('',(164.151968090786,6.00000000000009,-81.2008036847017));
#12044=CARTESIAN_POINT('',(163.034950006428,6.00000000000009,-78.2110653502863));
#12045=CARTESIAN_POINT('',(119.268104962496,6.00000000000009,-96.7888600083904));
#12046=CARTESIAN_POINT('',(166.4071495379,6.00000000000009,-90.5774466445677));
#12047=CARTESIAN_POINT('',(119.389620777244,6.00000000000009,-96.7640446988078));
#12048=CARTESIAN_POINT('',(166.541968263299,6.00000000000009,-101.821527550793));
#12049=CARTESIAN_POINT('',(155.286545225489,6.00000000000009,-84.2459014860656));
#12050=CARTESIAN_POINT('',(160.901101170835,6.00000000000009,-104.347243253813));
#12051=CARTESIAN_POINT('',(155.563170965806,6.00000000000009,-84.425816521414));
#12052=CARTESIAN_POINT('',(161.572623541924,6.00000000000009,-106.853398861133));
#12053=CARTESIAN_POINT('',(154.779499297891,6.00000000000009,-82.9670398665566));
#12054=CARTESIAN_POINT('',(167.362872504625,12.812024716534,-103.275180304098));
#12055=CARTESIAN_POINT('',(167.27941208195,12.8113602678978,-103.85167860847));
#12056=CARTESIAN_POINT('',(167.186967623784,12.8106251589123,-104.423176928494));
#12057=CARTESIAN_POINT('',(167.084524411538,12.8098106973415,-104.994648302533));
#12058=CARTESIAN_POINT('',(166.602183928149,13.2103903851355,-103.163722884649));
#12059=CARTESIAN_POINT('',(166.520301321901,13.2099487471326,-103.731630009419));
#12060=CARTESIAN_POINT('',(166.42960335712,13.2094601434293,-104.294626789276));
#12061=CARTESIAN_POINT('',(166.329095329759,13.2089187965711,-104.857611803751));
#12062=CARTESIAN_POINT('',(165.841495351673,13.608756053737,-103.052265465201));
#12063=CARTESIAN_POINT('',(165.761190561852,13.6085372263674,-103.611581410368));
#12064=CARTESIAN_POINT('',(165.672239090456,13.6082951279463,-104.166076650059));
#12065=CARTESIAN_POINT('',(165.57366624798,13.6080268958008,-104.720575304969));
#12066=CARTESIAN_POINT('',(165.080806775197,14.0071217223386,-102.940808045752));
#12067=CARTESIAN_POINT('',(165.002079801802,14.0071257056022,-103.491532811318));
#12068=CARTESIAN_POINT('',(164.914874823792,14.0071301124633,-104.037526510841));
#12069=CARTESIAN_POINT('',(164.818237166201,14.0071349950305,-104.583538806187));
#12070=CARTESIAN_POINT('',(167.34934220949,12.8191102698368,-103.273199664002));
#12071=CARTESIAN_POINT('',(166.529783872536,13.2012490485299,-103.777558122613));
#12072=CARTESIAN_POINT('',(165.71510861934,13.5817906702272,-104.210793692146));
#12073=CARTESIAN_POINT('',(164.908559491193,13.9607976122771,-104.584675360147));
#12074=CARTESIAN_POINT('',(167.34886586664,12.8193179609902,-103.273128193634));
#12075=CARTESIAN_POINT('',(164.90857841413,13.9608019577291,-104.58452036778));
#12076=CARTESIAN_POINT('',(164.908597337067,13.960806303181,-104.584365375413));
#12077=CARTESIAN_POINT('',(164.883529506909,13.9738818892503,-104.581671449746));
#12078=CARTESIAN_POINT('',(164.858466092898,13.9869585336888,-104.578942042384));
#12079=CARTESIAN_POINT('',(164.833407091977,14.0000362339277,-104.576177169101));
#12080=CARTESIAN_POINT('',(164.833429119188,14.,-104.57620894409));
#12081=CARTESIAN_POINT('',(164.833387286898,14.,-104.576201549897));
#12082=CARTESIAN_POINT('',(164.929285614359,14.,-104.03366143189));
#12083=CARTESIAN_POINT('',(165.016291809006,14.,-103.489194451594));
#12084=CARTESIAN_POINT('',(165.094405870839,14.,-102.942800609008));
#12085=CARTESIAN_POINT('',(165.094764853859,14.,-102.940288697837));
#12086=CARTESIAN_POINT('',(167.348834112002,12.8193764946945,-103.27312337428));
#12087=CARTESIAN_POINT('',(166.597358031614,13.2129176631297,-103.163015785856));
#12088=CARTESIAN_POINT('',(165.845881951227,13.6064588315649,-103.052908197432));
#12089=CARTESIAN_POINT('',(165.094405870839,14.,-102.942800609008));
#12090=CARTESIAN_POINT('',(165.094405871963,14.,-102.942800605182));
#12091=CARTESIAN_POINT('',(165.731158898136,14.,-98.4888274663635));
#12092=CARTESIAN_POINT('',(165.765217820783,14.,-93.9493991383674));
#12093=CARTESIAN_POINT('',(164.908575907111,14.,-87.2522910737324));
#12094=CARTESIAN_POINT('',(164.473543670542,14.,-85.0425435750904));
#12095=CARTESIAN_POINT('',(163.308012377154,14.,-80.6926972149192));
#12096=CARTESIAN_POINT('',(162.571489065386,14.,-78.541859942606));
#12097=CARTESIAN_POINT('',(161.715077831854,14.,-76.4942977510745));
#12098=CARTESIAN_POINT('',(168.21445254028,12.3660600203572,-103.399955294725));
#12099=CARTESIAN_POINT('',(168.903550837929,12.3734491837129,-98.6609329946613));
#12100=CARTESIAN_POINT('',(168.940559737959,12.3739261665712,-93.825898338895));
#12101=CARTESIAN_POINT('',(168.013778806945,12.3642045837765,-86.6991951003683));
#12102=CARTESIAN_POINT('',(167.543138997076,12.359247524077,-84.3487883935685));
#12103=CARTESIAN_POINT('',(166.282525709437,12.345933782833,-79.7258711335972));
#12104=CARTESIAN_POINT('',(165.486362542987,12.3375516100003,-77.4427873053215));
#12105=CARTESIAN_POINT('',(164.560724994987,12.3277742553041,-75.2718359726739));
#12106=CARTESIAN_POINT('',(168.318786140461,12.3671794606565,-102.643657178087));
#12107=CARTESIAN_POINT('',(167.996412158827,12.5179141271432,-102.857921199288));
#12108=CARTESIAN_POINT('',(167.672891003516,12.6687274316857,-103.067720093162));
#12109=CARTESIAN_POINT('',(167.348339270831,12.8196356390243,-103.273050865114));
#12110=CARTESIAN_POINT('',(165.094764916631,14.,-102.940288706807));
#12111=CARTESIAN_POINT('',(165.414992330497,14.,-100.69956084951));
#12112=CARTESIAN_POINT('',(165.75257908372,14.,-96.2221803337554));
#12113=CARTESIAN_POINT('',(165.342916966965,14.,-89.4628792328946));
#12114=CARTESIAN_POINT('',(164.039527380813,14.,-82.8267211107747));
#12115=CARTESIAN_POINT('',(162.587755928007,14.,-78.5807517875219));
#12116=CARTESIAN_POINT('',(161.715077831854,14.,-76.4942977510745));
#12117=CARTESIAN_POINT('',(161.715077833342,13.9999999998328,-76.4942977538283));
#12118=CARTESIAN_POINT('',(161.715077831854,14.,-76.4942977510748));
#12119=CARTESIAN_POINT('',(162.663626886232,13.4425914184347,-76.0868104916078));
#12120=CARTESIAN_POINT('',(163.612175940609,12.8851828368694,-75.6793232321408));
#12121=CARTESIAN_POINT('',(164.560724994987,12.3277742553041,-75.2718359726739));
#12122=CARTESIAN_POINT('',(141.353865063088,14.,-29.0974560852573));
#12123=CARTESIAN_POINT('',(157.117121672797,12.3279818145093,-57.9455862175505));
#12124=CARTESIAN_POINT('',(156.165805416533,12.8853212077232,-58.3463073315261));
#12125=CARTESIAN_POINT('',(155.214489160269,13.4426606009372,-58.7470284455018));
#12126=CARTESIAN_POINT('',(154.263172904006,13.9999999941511,-59.1477495594774));
#12127=CARTESIAN_POINT('',(154.263172452178,13.9999999986629,-59.1477485144437));
#12128=CARTESIAN_POINT('',(141.353865063088,14.,-29.0974560852573));
#12129=CARTESIAN_POINT('',(154.324630377517,14.,-59.2890779013426));
#12130=CARTESIAN_POINT('',(153.737956378074,14.,-57.9389383405655));
#12131=CARTESIAN_POINT('',(153.160252012612,14.,-56.6374240554751));
#12132=CARTESIAN_POINT('',(151.783615032055,14.,-53.8005542752081));
#12133=CARTESIAN_POINT('',(150.988633900051,14.,-52.2803881963172));
#12134=CARTESIAN_POINT('',(149.309143142434,14.,-49.2913282432689));
#12135=CARTESIAN_POINT('',(148.423565121988,14.,-47.8206139622249));
#12136=CARTESIAN_POINT('',(147.0328000944,14.,-45.660635408846));
#12137=CARTESIAN_POINT('',(146.558854959156,14.,-44.9483799825323));
#12138=CARTESIAN_POINT('',(145.745112843827,14.,-43.7643105807908));
#12139=CARTESIAN_POINT('',(145.403675777191,14.,-43.2838232621408));
#12140=CARTESIAN_POINT('',(145.056228431571,14.,-42.7967104546341));
#12141=CARTESIAN_POINT('',(157.16267997129,12.3268281516383,-58.0528195827439));
#12142=CARTESIAN_POINT('',(156.563877526895,12.3252547906108,-56.6812794411984));
#12143=CARTESIAN_POINT('',(155.950607909726,12.319958663968,-55.3203255699972));
#12144=CARTESIAN_POINT('',(154.510412454755,12.3109545108205,-52.3863380374362));
#12145=CARTESIAN_POINT('',(153.678906400565,12.305771865274,-50.814962756178));
#12146=CARTESIAN_POINT('',(151.922582135528,12.2948542854232,-47.7268976066489));
#12147=CARTESIAN_POINT('',(150.996646267845,12.2891123015694,-46.2083272505572));
#12148=CARTESIAN_POINT('',(149.542702450933,12.2801159317283,-43.979394675748));
#12149=CARTESIAN_POINT('',(149.047259208497,12.2770535385179,-43.2446282579481));
#12150=CARTESIAN_POINT('',(148.196654859441,12.2718014548154,-42.0235250729124));
#12151=CARTESIAN_POINT('',(147.852307689496,12.2714553403104,-41.5400063602378));
#12152=CARTESIAN_POINT('',(147.504843462384,12.2714491192856,-41.0529409250767));
#12153=CARTESIAN_POINT('',(157.180062409805,12.3165803367859,-58.0452477685449));
#12154=CARTESIAN_POINT('',(156.581185681313,12.3149973392631,-56.6735765530815));
#12155=CARTESIAN_POINT('',(155.967698234688,12.3096687749928,-55.312258627301));
#12156=CARTESIAN_POINT('',(154.52711349784,12.3006094733592,-52.3776762695609));
#12157=CARTESIAN_POINT('',(153.695383736419,12.2953950852323,-50.8059873430396));
#12158=CARTESIAN_POINT('',(151.938588882806,12.2844106375717,-47.7173158081449));
#12159=CARTESIAN_POINT('',(151.012405832058,12.2786334853115,-46.1984523439681));
#12160=CARTESIAN_POINT('',(149.558075058758,12.2695820146555,-43.9690974407257));
#12161=CARTESIAN_POINT('',(149.062500145075,12.2665008649505,-43.2341931479831));
#12162=CARTESIAN_POINT('',(148.211670022829,12.2612166133739,-42.0128631390531));
#12163=CARTESIAN_POINT('',(147.867305029131,12.2608683789926,-41.5293258597472));
#12164=CARTESIAN_POINT('',(147.519840698625,12.2608621198654,-41.0422607147314));
#12165=CARTESIAN_POINT('',(148.143164705917,12.2760887892476,-41.9627249211697));
#12166=CARTESIAN_POINT('',(147.941933851176,12.3937382473589,-42.0330591366928));
#12167=CARTESIAN_POINT('',(147.578375320413,12.6063661500166,-42.1601915485479));
#12168=CARTESIAN_POINT('',(147.150809505873,12.8562274049961,-42.3089313298734));
#12169=CARTESIAN_POINT('',(146.888292127223,13.0091865826453,-42.3988526999843));
#12170=CARTESIAN_POINT('',(146.761652103869,13.0826793977779,-42.4413379913399));
#12171=CARTESIAN_POINT('',(146.694061086842,13.1217015942376,-42.4634031954849));
#12172=CARTESIAN_POINT('',(146.678116329982,13.1309176030543,-42.4686404241772));
#12173=CARTESIAN_POINT('',(146.56438061328,13.1961104487902,-42.5043568410291));
#12174=CARTESIAN_POINT('',(146.446191400158,13.2635790996447,-42.5406394446559));
#12175=CARTESIAN_POINT('',(146.222199219282,13.3908677053629,-42.6076681700738));
#12176=CARTESIAN_POINT('',(145.780041481794,13.6395308733797,-42.7321898774441));
#12177=CARTESIAN_POINT('',(145.387682990463,13.8558576821854,-42.8297962156615));
#12178=CARTESIAN_POINT('',(145.122625334742,14.,-42.8898229063574));
#12179=CARTESIAN_POINT('',(145.122623594576,14.,-42.8898200345658));
#12180=CARTESIAN_POINT('',(154.263172452578,14.,-59.1477485142696));
#12181=CARTESIAN_POINT('',(153.897991846799,14.,-58.3086325473984));
#12182=CARTESIAN_POINT('',(153.379002125019,14.,-57.1449667847371));
#12183=CARTESIAN_POINT('',(152.831969290988,14.,-55.9700530504063));
#12184=CARTESIAN_POINT('',(152.526837038421,14.,-55.3320933014157));
#12185=CARTESIAN_POINT('',(152.327136553649,14.,-54.9219766624178));
#12186=CARTESIAN_POINT('',(152.052594613977,14.,-54.3689440300967));
#12187=CARTESIAN_POINT('',(151.706544557025,14.,-53.6842324237793));
#12188=CARTESIAN_POINT('',(151.078013964707,14.,-52.4707062096786));
#12189=CARTESIAN_POINT('',(150.14140279778,14.,-50.7509349487665));
#12190=CARTESIAN_POINT('',(148.999172002026,14.,-48.7842816502847));
#12191=CARTESIAN_POINT('',(147.368842227146,14.,-46.1455103576752));
#12192=CARTESIAN_POINT('',(146.048652270365,14.,-44.1888556513506));
#12193=CARTESIAN_POINT('',(145.122625334736,14.,-42.8898229063492));
#12194=CARTESIAN_POINT('',(152.23153913787,12.2841432311126,-21.3202333241126));
#12195=CARTESIAN_POINT('',(151.392665387141,12.2841432311071,-22.7710276669492));
#12196=CARTESIAN_POINT('',(150.553791636407,12.2841432311132,-24.2218220097796));
#12197=CARTESIAN_POINT('',(149.160087843852,12.2841432311278,-26.6321699030679));
#12198=CARTESIAN_POINT('',(148.611949972824,12.2841432311144,-27.5801496457872));
#12199=CARTESIAN_POINT('',(147.983258667968,12.284143231123,-28.6674429216478));
#12200=CARTESIAN_POINT('',(147.904339414989,12.2825039694446,-28.8053305054021));
#12201=CARTESIAN_POINT('',(147.788714423276,12.2874226338782,-29.0007592959815));
#12202=CARTESIAN_POINT('',(147.731729786949,12.2898460003358,-29.1000707540309));
#12203=CARTESIAN_POINT('',(147.559231890686,12.2971803103918,-29.41107797136));
#12204=CARTESIAN_POINT('',(147.44336654364,12.3021045918923,-29.6343638012516));
#12205=CARTESIAN_POINT('',(147.112987413699,12.3161513766672,-30.3241003477593));
#12206=CARTESIAN_POINT('',(146.916984251859,12.3244955112941,-30.8073648600218));
#12207=CARTESIAN_POINT('',(146.102037501049,12.3593883492885,-33.2484183506259));
#12208=CARTESIAN_POINT('',(145.953526021843,12.3658878650871,-35.3491075566485));
#12209=CARTESIAN_POINT('',(146.505383591188,12.3426071184246,-38.3770487899531));
#12210=CARTESIAN_POINT('',(146.815837783246,12.3293170003533,-39.3620698588889));
#12211=CARTESIAN_POINT('',(147.356288958844,12.3064941241532,-40.5380937418885));
#12212=CARTESIAN_POINT('',(147.471629081779,12.3016300960894,-40.7699325227149));
#12213=CARTESIAN_POINT('',(147.720157278516,12.2911552097104,-41.2322096661799));
#12214=CARTESIAN_POINT('',(147.852023572146,12.2855998958736,-41.4584407471684));
#12215=CARTESIAN_POINT('',(148.027044824084,12.2782256567243,-41.7419894122362));
#12216=CARTESIAN_POINT('',(148.083208411626,12.2758592019009,-41.8303631447438));
#12217=CARTESIAN_POINT('',(148.170173496248,12.27219457573,-41.9633482594153));
#12218=CARTESIAN_POINT('',(148.201681680461,12.2719206082333,-42.012459135309));
#12219=CARTESIAN_POINT('',(148.234998236428,12.2719653805783,-42.0646867824308));
#12220=CARTESIAN_POINT('',(152.209957976897,12.2980521822231,-21.3077547329598));
#12221=CARTESIAN_POINT('',(151.371084226168,12.2980521822176,-22.7585490757964));
#12222=CARTESIAN_POINT('',(150.532210475434,12.2980521822237,-24.2093434186268));
#12223=CARTESIAN_POINT('',(149.138506682878,12.2980521822382,-26.6196913119151));
#12224=CARTESIAN_POINT('',(148.590368811851,12.2980521822249,-27.5676710546344));
#12225=CARTESIAN_POINT('',(147.961677506994,12.2980521822334,-28.654964330495));
#12226=CARTESIAN_POINT('',(147.88285137828,12.2964262086167,-28.7927326600287));
#12227=CARTESIAN_POINT('',(147.766946970247,12.3013050017368,-28.9885185371642));
#12228=CARTESIAN_POINT('',(147.709824611414,12.3037087240806,-29.0880124897774));
#12229=CARTESIAN_POINT('',(147.536909688252,12.3109835812954,-29.3995946091969));
#12230=CARTESIAN_POINT('',(147.42076405177,12.3158679459498,-29.6232977252141));
#12231=CARTESIAN_POINT('',(147.089584367886,12.3298008657178,-30.3143386333684));
#12232=CARTESIAN_POINT('',(146.893104217831,12.3380773617384,-30.7985367121271));
#12233=CARTESIAN_POINT('',(146.076158804123,12.3726873539927,-33.2444077049292));
#12234=CARTESIAN_POINT('',(145.927271908075,12.3791341838975,-35.3495082472948));
#12235=CARTESIAN_POINT('',(146.48048577666,12.3560421539,-38.3835751060289));
#12236=CARTESIAN_POINT('',(146.791710019724,12.3428597671999,-39.3705755593054));
#12237=CARTESIAN_POINT('',(147.333469971061,12.3202218961093,-40.5488370386795));
#12238=CARTESIAN_POINT('',(147.449088548823,12.3153972964697,-40.7811114671173));
#12239=CARTESIAN_POINT('',(147.698215387839,12.3050073208391,-41.2442458021094));
#12240=CARTESIAN_POINT('',(147.830398647959,12.2994970390761,-41.470890031839));
#12241=CARTESIAN_POINT('',(148.005840227572,12.2921825764382,-41.7549503282925));
#12242=CARTESIAN_POINT('',(148.062138636546,12.2898353043957,-41.8434824949652));
#12243=CARTESIAN_POINT('',(148.14931241946,12.2862003841462,-41.9767044300794));
#12244=CARTESIAN_POINT('',(148.180836205689,12.2859286374645,-42.025832982445));
#12245=CARTESIAN_POINT('',(148.214150211594,12.2859730468792,-42.0780577044364));
#12246=CARTESIAN_POINT('',(149.56921177452,14.,-19.7808307533777));
#12247=CARTESIAN_POINT('',(148.730338023796,14.,-21.2316250962161));
#12248=CARTESIAN_POINT('',(147.891464273066,14.,-22.6824194390392));
#12249=CARTESIAN_POINT('',(146.497760480487,14.,-25.0927673323283));
#12250=CARTESIAN_POINT('',(145.949622609494,14.,-26.0407470750546));
#12251=CARTESIAN_POINT('',(145.320931304609,14.,-27.128040350907));
#12252=CARTESIAN_POINT('',(145.253500186039,14.,-27.2512163176698));
#12253=CARTESIAN_POINT('',(145.103405421646,14.,-27.4906965524884));
#12254=CARTESIAN_POINT('',(145.029430856131,14.,-27.6125211770673));
#12255=CARTESIAN_POINT('',(144.805487065654,14.,-27.9944503234099));
#12256=CARTESIAN_POINT('',(144.655044235268,14.,-28.2692140266153));
#12257=CARTESIAN_POINT('',(144.225905975886,14.,-29.1198611797249));
#12258=CARTESIAN_POINT('',(143.971059882465,14.,-29.7182937142958));
#12259=CARTESIAN_POINT('',(142.909551098817,14.,-32.7536510952378));
#12260=CARTESIAN_POINT('',(142.714726887227,14.,-35.3985381536994));
#12261=CARTESIAN_POINT('',(143.433902265992,14.,-39.1821579261932));
#12262=CARTESIAN_POINT('',(143.839352638708,14.,-40.4113627579551));
#12263=CARTESIAN_POINT('',(144.541258958719,14.,-41.8634243417743));
#12264=CARTESIAN_POINT('',(144.690950241228,14.,-42.1490061329042));
#12265=CARTESIAN_POINT('',(145.013329039563,14.,-42.7170294158391));
#12266=CARTESIAN_POINT('',(145.184297426075,14.,-42.994227967943));
#12267=CARTESIAN_POINT('',(145.411171767425,14.,-43.3408932669824));
#12268=CARTESIAN_POINT('',(145.483967397498,14.,-43.4488119912381));
#12269=CARTESIAN_POINT('',(145.596678231981,14.,-43.6110121025196));
#12270=CARTESIAN_POINT('',(145.630111135463,14.,-43.6623036097021));
#12271=CARTESIAN_POINT('',(145.663113106809,14.,-43.7141704025256));
#12272=CARTESIAN_POINT('',(145.122623573396,14.,-42.8898200476156));
#12273=CARTESIAN_POINT('',(144.532675098084,14.,-41.9323007099217));
#12274=CARTESIAN_POINT('',(143.591626688208,14.,-39.9459535375195));
#12275=CARTESIAN_POINT('',(142.893096408369,14.,-36.7009601080647));
#12276=CARTESIAN_POINT('',(142.913948005824,14.,-33.904439640663));
#12277=CARTESIAN_POINT('',(143.301976653321,14.,-31.7636127311021));
#12278=CARTESIAN_POINT('',(143.69961512566,14.,-30.4406277185208));
#12279=CARTESIAN_POINT('',(144.106665210558,14.,-29.4069605124754));
#12280=CARTESIAN_POINT('',(144.390821332135,14.,-28.7879881912429));
#12281=CARTESIAN_POINT('',(144.643230198348,14.,-28.2950974028257));
#12282=CARTESIAN_POINT('',(144.794794585144,14.,-28.0176180017759));
#12283=CARTESIAN_POINT('',(144.929029915435,14.,-27.783085887897));
#12284=CARTESIAN_POINT('',(144.999767762334,14.,-27.6634803367713));
#12285=CARTESIAN_POINT('',(145.116794828159,14.,-27.4675072348536));
#12286=CARTESIAN_POINT('',(145.206716579831,14.,-27.3167124459065));
#12287=CARTESIAN_POINT('',(145.300129451117,14.,-27.1599617980051));
#12288=CARTESIAN_POINT('',(145.356648049234,14.,-27.0649862650501));
#12289=CARTESIAN_POINT('',(145.388214086717,14.,-27.0115267796206));
#12290=CARTESIAN_POINT('',(145.386931788317,14.,-27.0139358893508));
#12291=CARTESIAN_POINT('',(145.443613114396,14.,-26.9158571213172));
#12292=CARTESIAN_POINT('',(145.498969985116,14.,-26.8201365012896));
#12293=CARTESIAN_POINT('',(145.605263245744,14.,-26.6362967462339));
#12294=CARTESIAN_POINT('',(145.752197095829,14.,-26.3821870382953));
#12295=CARTESIAN_POINT('',(145.990033990706,14.,-25.9708565844858));
#12296=CARTESIAN_POINT('',(146.286414259137,14.,-25.4582813712541));
#12297=CARTESIAN_POINT('',(146.760998660203,14.,-24.6375086065053));
#12298=CARTESIAN_POINT('',(147.35507277537,14.,-23.6100844112842));
#12299=CARTESIAN_POINT('',(148.305826899988,14.,-21.9657979198793));
#12300=CARTESIAN_POINT('',(149.018839496873,14.,-20.7326748016122));
#12301=CARTESIAN_POINT('',(149.494193005147,14.,-19.9105723338148));
#12302=CARTESIAN_POINT('',(149.501096002989,13.994838369288,-19.9170442085402));
#12303=CARTESIAN_POINT('',(149.498241770705,14.,-19.9035701762728));
#12304=CARTESIAN_POINT('',(150.096372642639,13.4326840607559,-20.9004549633511));
#12305=CARTESIAN_POINT('',(150.694503514571,12.8653681215103,-21.8973397504276));
#12306=CARTESIAN_POINT('',(151.292634386501,12.2980521822663,-22.894224537505));
#12307=CARTESIAN_POINT('',(148.499688802909,12.0000000000001,-17.2949901132808));
#12308=CARTESIAN_POINT('',(151.398561460178,11.9049596001798,-22.1264445443739));
#12309=CARTESIAN_POINT('',(150.838002023544,12.4366397360802,-21.1921788162039));
#12310=CARTESIAN_POINT('',(150.27744258691,12.9683198719806,-20.2579130880339));
#12311=CARTESIAN_POINT('',(149.716883150276,13.500000007881,-19.323647359864));
#12312=CARTESIAN_POINT('',(151.39856146017,11.9049596001686,-22.1264445443601));
#12313=CARTESIAN_POINT('',(149.716883150276,13.500000007881,-19.323647359864));
#12314=CARTESIAN_POINT('',(148.652309871827,13.5,-17.5493585615995));
#12315=CARTESIAN_POINT('',(148.652307306131,13.5,-17.5493542854396));
#12316=CARTESIAN_POINT('',(148.652307306131,12.0000000000001,-17.5493542854396));
#12317=CARTESIAN_POINT('',(148.652309871827,11.1461366814406,-17.5493585615995));
#12318=CARTESIAN_POINT('',(148.499688802909,11.1461366814406,-17.2949901132809));
#12319=CARTESIAN_POINT('',(148.310555340978,11.5542491991768,-16.979767676579));
#12320=CARTESIAN_POINT('',(153.401453966602,6.00000000054258,-25.4645987233438));
#12321=CARTESIAN_POINT('',(153.385744617093,6.13852781593804,-25.4384164741509));
#12322=CARTESIAN_POINT('',(153.370035267585,6.2770556313335,-25.412234224958));
#12323=CARTESIAN_POINT('',(153.354325918077,6.41558344672895,-25.3860519757651));
#12324=CARTESIAN_POINT('',(153.354325918077,6.41558344672895,-25.3860519757651));
#12325=CARTESIAN_POINT('',(153.354325918077,6.41558344672879,-25.3860519757659));
#12326=CARTESIAN_POINT('',(153.262536178582,6.72932787852507,-25.233069076534));
#12327=CARTESIAN_POINT('',(153.163842002526,7.03531231783574,-25.0685787830282));
#12328=CARTESIAN_POINT('',(153.058243389909,7.33353676466077,-24.8925810952487));
#12329=CARTESIAN_POINT('',(153.058243389909,7.33353676466077,-24.8925810952487));
#12330=CARTESIAN_POINT('',(153.058243389892,7.33353676469074,-24.8925810952213));
#12331=CARTESIAN_POINT('',(152.505016079985,8.85734437651668,-23.9705355782676));
#12332=CARTESIAN_POINT('',(151.951788770077,10.3811519883426,-23.0484900613138));
#12333=CARTESIAN_POINT('',(151.39856146017,11.9049596001686,-22.1264445443601));
#12334=CARTESIAN_POINT('',(137.181714273354,11.1461366814406,-24.0857748277651));
#12335=CARTESIAN_POINT('',(147.79481438031,11.1461366814406,-18.0638500406861));
#12336=CARTESIAN_POINT('',(148.560951081467,11.1461366814406,-17.4211723958745));
#12337=CARTESIAN_POINT('',(146.358245683154,11.1461366814406,-26.3496711304872));
#12338=CARTESIAN_POINT('',(147.72378373394,12.2,-17.0538158268225));
#12339=CARTESIAN_POINT('',(142.829846348006,11.9999999999997,-37.60472614433));
#12340=CARTESIAN_POINT('',(144.752694136887,10.0004756395327,-36.9459864893299));
#12341=CARTESIAN_POINT('',(146.674871780496,8.00985283061587,-36.2581976971752));
#12342=CARTESIAN_POINT('',(148.598497138947,5.99999999998323,-35.6331637556256));
#12343=CARTESIAN_POINT('',(147.79481438031,11.8362791327639,-18.0638500406861));
#12344=CARTESIAN_POINT('',(147.188182607761,11.9999999999998,-52.8361942293624));
#12345=CARTESIAN_POINT('',(146.586133960583,11.9999999999998,-50.9422806489563));
#12346=CARTESIAN_POINT('',(145.984085313406,11.9999999999998,-49.0483670685501));
#12347=CARTESIAN_POINT('',(145.382036666228,11.9999999999998,-47.154453488144));
#12348=CARTESIAN_POINT('',(145.233058843249,11.9999999999998,-46.6858017879157));
#12349=CARTESIAN_POINT('',(145.084081020215,11.9999999999998,-46.2171500877006));
#12350=CARTESIAN_POINT('',(144.860614285721,11.9999999999998,-45.5141725373667));
#12351=CARTESIAN_POINT('',(144.786125374212,11.9999999999998,-45.2798466872563));
#12352=CARTESIAN_POINT('',(144.674392006965,11.9999999999998,-44.9283579120894));
#12353=CARTESIAN_POINT('',(144.637147551215,11.9999999999998,-44.8111949870342));
#12354=CARTESIAN_POINT('',(144.581280867586,11.9999999999998,-44.6354505994507));
#12355=CARTESIAN_POINT('',(144.56265863971,11.9999999999998,-44.5768691369231));
#12356=CARTESIAN_POINT('',(144.525414183961,11.9999999999998,-44.4597062118675));
#12357=CARTESIAN_POINT('',(144.506665607613,11.9999999999998,-44.4026690828096));
#12358=CARTESIAN_POINT('',(144.467004587655,11.9999999999998,-44.2737403445173));
#12359=CARTESIAN_POINT('',(144.446303382423,11.9999999999997,-44.2016631246299));
#12360=CARTESIAN_POINT('',(144.404959683537,11.9999999999999,-44.0615414683855));
#12361=CARTESIAN_POINT('',(144.384460936744,11.9999999999999,-43.9917285812411));
#12362=CARTESIAN_POINT('',(144.323473965335,11.9999999999996,-43.7829902947065));
#12363=CARTESIAN_POINT('',(144.283495022966,11.9999999999998,-43.6447650554436));
#12364=CARTESIAN_POINT('',(144.165514640057,11.9999999999998,-43.2325502011834));
#12365=CARTESIAN_POINT('',(144.089470020534,11.9999999999998,-42.9610177695939));
#12366=CARTESIAN_POINT('',(143.868507650758,11.9999999999998,-42.1536613780255));
#12367=CARTESIAN_POINT('',(143.730773057903,11.9999999999998,-41.6250246150988));
#12368=CARTESIAN_POINT('',(143.340739846774,11.9999999999998,-40.0492352105288));
#12369=CARTESIAN_POINT('',(143.111818696695,11.9999999999998,-39.0122908805926));
#12370=CARTESIAN_POINT('',(142.651697095079,11.9999999999998,-36.7278837126892));
#12371=CARTESIAN_POINT('',(142.437025204546,11.9999999999998,-35.3759800309973));
#12372=CARTESIAN_POINT('',(142.347478123374,11.9999999999998,-33.922708933786));
#12373=CARTESIAN_POINT('',(153.415956382989,6.17787337491511,-53.3440627542366));
#12374=CARTESIAN_POINT('',(152.813907735811,6.17787337491511,-51.4501491738303));
#12375=CARTESIAN_POINT('',(152.211859088634,6.17787337491511,-49.556235593424));
#12376=CARTESIAN_POINT('',(151.609810441456,6.17787337491511,-47.6623220130178));
#12377=CARTESIAN_POINT('',(151.460832618476,6.17787337491511,-47.1936703127895));
#12378=CARTESIAN_POINT('',(151.311854795443,6.17787337491511,-46.7250186125743));
#12379=CARTESIAN_POINT('',(151.088388060949,6.17787337491511,-46.0220410622405));
#12380=CARTESIAN_POINT('',(151.01389914944,6.17787337491511,-45.7877152121301));
#12381=CARTESIAN_POINT('',(150.902165782193,6.17787337491511,-45.4362264369632));
#12382=CARTESIAN_POINT('',(150.864921326442,6.17787337491511,-45.3190635119079));
#12383=CARTESIAN_POINT('',(150.809054642814,6.17787337491511,-45.1433191243245));
#12384=CARTESIAN_POINT('',(150.790432414938,6.17787337491511,-45.0847376617969));
#12385=CARTESIAN_POINT('',(150.753187959189,6.17787337491511,-44.9675747367412));
#12386=CARTESIAN_POINT('',(150.734565383704,6.17787337491511,-44.9089925901417));
#12387=CARTESIAN_POINT('',(150.694634178013,6.17787337491511,-44.7833768585046));
#12388=CARTESIAN_POINT('',(150.673491942159,6.17787337491511,-44.7166707403297));
#12389=CARTESIAN_POINT('',(150.631536702034,6.17787337491511,-44.5838908106923));
#12390=CARTESIAN_POINT('',(150.610723300133,6.17787337491523,-44.517816217011));
#12391=CARTESIAN_POINT('',(150.548764747305,6.17787337491488,-44.3204934582233));
#12392=CARTESIAN_POINT('',(150.508101249812,6.17787337491511,-44.190146317476));
#12393=CARTESIAN_POINT('',(150.387949360912,6.17787337491511,-43.802348273736));
#12394=CARTESIAN_POINT('',(150.310299574143,6.17787337491512,-43.5481407535909));
#12395=CARTESIAN_POINT('',(150.084000561147,6.17787337491512,-42.7956060106323));
#12396=CARTESIAN_POINT('',(149.942001684468,6.17787337491511,-42.3073666146714));
#12397=CARTESIAN_POINT('',(149.536973901149,6.17787337491511,-40.8599141010139));
#12398=CARTESIAN_POINT('',(149.294913845126,6.17787337491511,-39.917966676027));
#12399=CARTESIAN_POINT('',(148.804732020433,6.17787337491511,-37.8203153322756));
#12400=CARTESIAN_POINT('',(148.560468732995,6.17787337491511,-36.6531177774419));
#12401=CARTESIAN_POINT('',(148.398607749928,6.17787337491511,-35.4805704043782));
#12402=CARTESIAN_POINT('',(153.606222794378,6.00000000000008,-53.3595787837477));
#12403=CARTESIAN_POINT('',(153.0041741472,6.00000000000009,-51.4656652033414));
#12404=CARTESIAN_POINT('',(152.402125500023,6.00000000000009,-49.5717516229352));
#12405=CARTESIAN_POINT('',(151.800076852845,6.00000000000009,-47.6778380425289));
#12406=CARTESIAN_POINT('',(151.651099029865,6.00000000000009,-47.2091863423006));
#12407=CARTESIAN_POINT('',(151.502121206832,6.00000000000009,-46.7405346420855));
#12408=CARTESIAN_POINT('',(151.278654472338,6.00000000000009,-46.0375570917517));
#12409=CARTESIAN_POINT('',(151.204165560829,6.00000000000009,-45.8032312416412));
#12410=CARTESIAN_POINT('',(151.092432193582,6.00000000000009,-45.4517424664743));
#12411=CARTESIAN_POINT('',(151.055187737831,6.00000000000009,-45.3345795414191));
#12412=CARTESIAN_POINT('',(150.999321054203,6.00000000000009,-45.1588351538356));
#12413=CARTESIAN_POINT('',(150.980698826327,6.00000000000009,-45.100253691308));
#12414=CARTESIAN_POINT('',(150.943454370578,6.00000000000009,-44.9830907662524));
#12415=CARTESIAN_POINT('',(150.924835644579,6.00000000000009,-44.9244614174014));
#12416=CARTESIAN_POINT('',(150.88489618437,6.00000000000009,-44.7989469023323));
#12417=CARTESIAN_POINT('',(150.863740474471,6.00000000000009,-44.7324048781475));
#12418=CARTESIAN_POINT('',(150.821766550982,6.00000000000008,-44.5998492475976));
#12419=CARTESIAN_POINT('',(150.800943535968,6.00000000000021,-44.5338888635371));
#12420=CARTESIAN_POINT('',(150.738955300091,5.99999999999985,-44.3369148636442));
#12421=CARTESIAN_POINT('',(150.698270888568,6.00000000000009,-44.2068084088286));
#12422=CARTESIAN_POINT('',(150.578052657398,6.00000000000009,-43.8197563297113));
#12423=CARTESIAN_POINT('',(150.500353830727,6.00000000000009,-43.5660781076505));
#12424=CARTESIAN_POINT('',(150.273891776493,6.00000000000009,-42.8152182357973));
#12425=CARTESIAN_POINT('',(150.131762620518,6.00000000000009,-42.3282130307881));
#12426=CARTESIAN_POINT('',(149.726276733943,6.00000000000009,-40.8846813724094));
#12427=CARTESIAN_POINT('',(149.483815267629,6.00000000000009,-39.9456362237175));
#12428=CARTESIAN_POINT('',(148.992715064881,6.00000000000009,-37.8536905079722));
#12429=CARTESIAN_POINT('',(148.747547722623,6.00000000000009,-36.6921359602847));
#12430=CARTESIAN_POINT('',(148.583477457861,6.00000000000009,-35.5281650541116));
#12431=CARTESIAN_POINT('',(152.786110571145,6.00000000000009,-50.779684809532));
#12432=CARTESIAN_POINT('',(150.908452378863,7.99999999999998,-51.4284382850904));
#12433=CARTESIAN_POINT('',(149.030794186582,9.99999999999992,-52.0771917606511));
#12434=CARTESIAN_POINT('',(147.1531359943,11.9999999999998,-52.7259452362092));
#12435=CARTESIAN_POINT('',(159.909573021845,12.261731057153,-88.8618861985298));
#12436=CARTESIAN_POINT('',(159.19287618971,12.261731057153,-85.1873929921547));
#12437=CARTESIAN_POINT('',(157.987422374318,12.261731057153,-81.6430403330865));
#12438=CARTESIAN_POINT('',(156.315214210801,12.261731057153,-78.2935217810022));
#12439=CARTESIAN_POINT('',(159.973905462598,12.1997337199534,-88.8788719455203));
#12440=CARTESIAN_POINT('',(159.25874435284,12.1997337199534,-85.1985622879247));
#12441=CARTESIAN_POINT('',(158.05402822462,12.1997337199534,-81.6482392548603));
#12442=CARTESIAN_POINT('',(156.381746248381,12.1997337199534,-78.2927053806981));
#12443=CARTESIAN_POINT('',(160.181162068861,11.9999999999998,-88.933594076919));
#12444=CARTESIAN_POINT('',(159.470948519062,11.9999999999998,-85.2345458493835));
#12445=CARTESIAN_POINT('',(158.268608960704,11.9999999999998,-81.6649883610725));
#12446=CARTESIAN_POINT('',(156.596089185712,11.9999999999998,-78.2900752246773));
#12447=CARTESIAN_POINT('',(166.4071495379,6.00000000000009,-90.5774466445677));
#12448=CARTESIAN_POINT('',(165.845560665815,6.00000000000009,-86.3154918649226));
#12449=CARTESIAN_POINT('',(164.714613254836,6.00000000000009,-82.168131432239));
#12450=CARTESIAN_POINT('',(163.034950006428,6.00000000000009,-78.2110653502866));
#12451=CARTESIAN_POINT('',(157.089584558186,11.9999999999998,-79.3212005820202));
#12452=CARTESIAN_POINT('',(159.137314515197,10.0243367917937,-79.196698192298));
#12453=CARTESIAN_POINT('',(161.169152122084,8.02242486774902,-78.9551868785397));
#12454=CARTESIAN_POINT('',(163.034950006426,6.00000000000193,-78.2110653502867));
#12455=CARTESIAN_POINT('',(160.181162125304,11.9999999456057,-88.9335940918216));
#12456=CARTESIAN_POINT('',(162.256491262836,9.99999996373714,-89.481544942737));
#12457=CARTESIAN_POINT('',(164.331820400368,7.99999998186861,-90.0294957936523));
#12458=CARTESIAN_POINT('',(166.4071495379,6.00000000000009,-90.5774466445677));
#12459=CARTESIAN_POINT('',(160.420076835894,12.2000000000044,-104.547253929008));
#12460=CARTESIAN_POINT('',(160.422446792789,12.2000000000044,-104.495486417242));
#12461=CARTESIAN_POINT('',(160.424816749685,12.2000000000044,-104.443718905476));
#12462=CARTESIAN_POINT('',(160.42718670658,12.2000000000044,-104.39195139371));
#12463=CARTESIAN_POINT('',(160.43973678292,12.2000000000044,-104.117817199212));
#12464=CARTESIAN_POINT('',(160.45228685926,12.2000000000044,-103.843683004713));
#12465=CARTESIAN_POINT('',(160.464836935599,12.2000000000044,-103.569548810215));
#12466=CARTESIAN_POINT('',(160.539837263906,12.2000000000044,-101.931299445749));
#12467=CARTESIAN_POINT('',(160.614837592212,12.2000000000044,-100.293050081283));
#12468=CARTESIAN_POINT('',(160.689837920518,12.2000000000044,-98.6548007168178));
#12469=CARTESIAN_POINT('',(160.839989227215,12.2000000000044,-95.375011303547));
#12470=CARTESIAN_POINT('',(160.600229852487,12.2000000000044,-92.1005526532451));
#12471=CARTESIAN_POINT('',(159.973941891597,12.2000000000044,-88.8776149559959));
#12472=CARTESIAN_POINT('',(160.542019586887,12.0599999999998,-104.637614257703));
#12473=CARTESIAN_POINT('',(160.544479173474,12.0599999999998,-104.585681109724));
#12474=CARTESIAN_POINT('',(160.546938760062,12.0599999999998,-104.533747961745));
#12475=CARTESIAN_POINT('',(160.54939834665,12.0599999999998,-104.481814813766));
#12476=CARTESIAN_POINT('',(160.562423055874,12.0599999999998,-104.206803494826));
#12477=CARTESIAN_POINT('',(160.575447765098,12.0599999999998,-103.931792175887));
#12478=CARTESIAN_POINT('',(160.588472474322,12.0599999999998,-103.656780856947));
#12479=CARTESIAN_POINT('',(160.666309249291,12.0599999999998,-102.013289721892));
#12480=CARTESIAN_POINT('',(160.744146024261,12.0599999999998,-100.369798586836));
#12481=CARTESIAN_POINT('',(160.82198279923,12.0599999999998,-98.7263074517808));
#12482=CARTESIAN_POINT('',(160.977812696708,12.0599999999998,-95.436023968401));
#12483=CARTESIAN_POINT('',(160.74244768471,12.0599999999998,-92.1504720103463));
#12484=CARTESIAN_POINT('',(160.119207870712,12.0599999999998,-88.9159982521907));
#12485=CARTESIAN_POINT('',(160.594280765882,11.9999999999998,-104.676340112856));
#12486=CARTESIAN_POINT('',(160.596778765195,11.9999999999998,-104.624335977929));
#12487=CARTESIAN_POINT('',(160.599276764508,11.9999999999998,-104.572331843001));
#12488=CARTESIAN_POINT('',(160.60177476382,11.9999999999998,-104.520327708074));
#12489=CARTESIAN_POINT('',(160.615002887138,11.9999999999998,-104.24494047866));
#12490=CARTESIAN_POINT('',(160.628231010455,11.9999999999998,-103.969553249245));
#12491=CARTESIAN_POINT('',(160.641459133772,11.9999999999998,-103.694166019831));
#12492=CARTESIAN_POINT('',(160.72051152874,11.9999999999998,-102.048428411666));
#12493=CARTESIAN_POINT('',(160.799563923708,11.9999999999998,-100.402690803501));
#12494=CARTESIAN_POINT('',(160.878616318676,11.9999999999998,-98.7569531953354));
#12495=CARTESIAN_POINT('',(161.036879897918,11.9999999999998,-95.4621722533376));
#12496=CARTESIAN_POINT('',(160.803398184232,11.9999999999998,-92.1718660205318));
#12497=CARTESIAN_POINT('',(160.181464718902,11.9999999999998,-88.9324482362736));
#12498=CARTESIAN_POINT('',(165.820398665411,6.00000000000009,-108.548925628209));
#12499=CARTESIAN_POINT('',(165.826737937239,6.00000000000009,-108.48982279844));
#12500=CARTESIAN_POINT('',(165.833077209068,6.00000000000009,-108.43071996867));
#12501=CARTESIAN_POINT('',(165.839416480896,6.00000000000009,-108.3716171389));
#12502=CARTESIAN_POINT('',(165.872986013546,6.00000000000009,-108.058638862007));
#12503=CARTESIAN_POINT('',(165.906555546195,6.00000000000009,-107.745660585114));
#12504=CARTESIAN_POINT('',(165.940125078845,6.00000000000009,-107.432682308222));
#12505=CARTESIAN_POINT('',(166.140739473663,6.00000000000009,-105.562297389079));
#12506=CARTESIAN_POINT('',(166.341353868481,6.00000000000009,-103.691912469936));
#12507=CARTESIAN_POINT('',(166.5419682633,6.00000000000009,-101.821527550794));
#12508=CARTESIAN_POINT('',(166.943600018847,6.00000000000009,-98.0770007469964));
#12509=CARTESIAN_POINT('',(166.898448136454,6.00000000000009,-94.3112670390803));
#12510=CARTESIAN_POINT('',(166.4071495379,6.00000000000009,-90.5774466445677));
#12511=CARTESIAN_POINT('',(160.606244345091,12.0000000000051,-104.427278560094));
#12512=CARTESIAN_POINT('',(162.570852269564,9.85621460790051,-103.909418802168));
#12513=CARTESIAN_POINT('',(164.584729454722,7.82521706528647,-103.074942404719));
#12514=CARTESIAN_POINT('',(166.5419682633,6.00000000000009,-101.821527550794));
#12515=CARTESIAN_POINT('',(155.286545225489,6.00000000000009,-84.2459014860656));
#12516=CARTESIAN_POINT('',(155.286545225489,6.22063450914015,-84.2459014860656));
#12517=CARTESIAN_POINT('',(158.949883811269,8.00000000000009,-104.792607541615));
#12518=CARTESIAN_POINT('',(158.949883811269,9.49999999999974,-104.792607541615));
#12519=CARTESIAN_POINT('',(158.949883811269,10.1644637715251,-104.792607541615));
#12520=CARTESIAN_POINT('',(158.406149976165,11.4666044066436,-104.899610908749));
#12521=CARTESIAN_POINT('',(157.10323070608,11.9999999999998,-105.048019143233));
#12522=CARTESIAN_POINT('',(156.439967482301,11.9999999999997,-105.084730542054));
#12523=CARTESIAN_POINT('',(158.949883811269,9.49999999999974,-104.792607541615));
#12524=CARTESIAN_POINT('',(158.949883811269,6.00000000000009,-104.792607541615));
#12525=CARTESIAN_POINT('',(133.506419619549,9.49999999999988,-19.4955647205574));
#12526=CARTESIAN_POINT('',(156.202236352969,9.49999999999976,-94.538247625967));
#12527=CARTESIAN_POINT('',(156.202236352969,12.0000000000001,-94.538247625967));
#12528=CARTESIAN_POINT('',(156.202236352969,8.00000000000009,-94.538247625967));
#12529=CARTESIAN_POINT('',(156.202236352969,8.00000000000009,-94.538247625967));
#12530=CARTESIAN_POINT('',(154.779499297891,6.37940952254121,-82.9670398665566));
#12531=CARTESIAN_POINT('',(154.779499297891,51.4257255443649,-82.9670398665566));
#12532=CARTESIAN_POINT('',(171.644372545434,6.58551334697615,-101.195609019317));
#12533=CARTESIAN_POINT('',(171.701218444448,6.51321317069299,-101.143015813922));
#12534=CARTESIAN_POINT('',(171.830690130206,6.33579058527962,-101.022163574256));
#12535=CARTESIAN_POINT('',(172.020818290598,6.04831245481923,-100.840784433345));
#12536=CARTESIAN_POINT('',(172.207124701426,5.74946978107148,-100.658625274933));
#12537=CARTESIAN_POINT('',(172.3352644252,5.53596069462665,-100.53156305668));
#12538=CARTESIAN_POINT('',(172.56934835732,5.12459323241727,-100.295935312479));
#12539=CARTESIAN_POINT('',(172.876155529449,4.507779266902,-99.9756700459965));
#12540=CARTESIAN_POINT('',(173.279234196244,3.53281568396716,-99.5383337683061));
#12541=CARTESIAN_POINT('',(173.681730903749,2.14023575821291,-99.0761790537373));
#12542=CARTESIAN_POINT('',(173.813847106047,1.04973325001481,-98.916959876579));
#12543=CARTESIAN_POINT('',(173.839978096376,0.499896682196216,-98.8856714341626));
#12544=CARTESIAN_POINT('',(171.644425727546,6.58559292100109,-101.195559815519));
#12545=CARTESIAN_POINT('',(173.840250859064,0.499927540319582,-98.8853471385236));
#12546=CARTESIAN_POINT('',(154.779499297891,0.5,-82.9670398665566));
#12547=CARTESIAN_POINT('',(160.228285600362,13.5590939039937,-107.195440780415));
#12548=CARTESIAN_POINT('',(160.657426214016,13.3727292684768,-107.098930263447));
#12549=CARTESIAN_POINT('',(161.084002033206,13.1863646329599,-106.991015478833));
#12550=CARTESIAN_POINT('',(161.507411088299,12.999999997443,-106.871848712334));
#12551=CARTESIAN_POINT('',(161.507452397124,12.9999775831786,-106.871860373818));
#12552=CARTESIAN_POINT('',(154.779499297891,13.,-82.9670398665566));
#12553=CARTESIAN_POINT('',(164.425891311773,12.9998979085457,-105.850590203831));
#12554=CARTESIAN_POINT('',(164.425654355028,13.0000000548641,-105.850579269943));
#12555=CARTESIAN_POINT('',(165.447239168471,12.5268926054377,-105.419948092625));
#12556=CARTESIAN_POINT('',(166.44971148775,12.0675389102677,-104.916685921254));
#12557=CARTESIAN_POINT('',(167.422024278077,11.6219389693543,-104.341586531645));
#12558=CARTESIAN_POINT('',(167.422321671008,11.622502355746,-104.341654271818));
#12559=CARTESIAN_POINT('',(167.42240554436,11.6230657421378,-104.341361017313));
#12560=CARTESIAN_POINT('',(167.499136222762,11.5881395442283,-104.295974837961));
#12561=CARTESIAN_POINT('',(167.575622504193,11.5532133463189,-104.250175476802));
#12562=CARTESIAN_POINT('',(167.651859953159,11.5182871484094,-104.203965589772));
#12563=CARTESIAN_POINT('',(167.651661541069,11.5185533147094,-104.203948014568));
#12564=CARTESIAN_POINT('',(167.651902699612,11.5183345928683,-104.20393967976));
#12565=CARTESIAN_POINT('',(169.088206211088,9.740285156209,-103.333347532617));
#12566=CARTESIAN_POINT('',(170.426836417774,8.09606445692824,-102.322073343568));
#12567=CARTESIAN_POINT('',(171.644478909658,6.58567249502604,-101.195510611722));
#12568=CARTESIAN_POINT('',(147.413665361069,7.9999999999998,-57.225748769803));
#12569=CARTESIAN_POINT('',(144.603402424119,7.99999999999981,-58.2757117335315));
#12570=CARTESIAN_POINT('',(147.413665361069,9.9999999999998,-57.225748769803));
#12571=CARTESIAN_POINT('',(144.603402424119,7.99999999999981,-58.2757117335315));
#12572=CARTESIAN_POINT('',(145.303377733271,7.99999999999981,-60.1492203581653));
#12573=CARTESIAN_POINT('',(148.113640670222,7.99999999999979,-59.0992573944368));
#12574=CARTESIAN_POINT('',(148.113640670222,9.99999999999979,-59.0992573944368));
#12575=CARTESIAN_POINT('',(147.529464437566,9.99999999999979,-58.249999995764));
#12576=CARTESIAN_POINT('',(160.340118267935,9.99999999999972,-82.3469968925659));
#12577=CARTESIAN_POINT('',(164.060831673413,6.00000000000009,-80.9568738464146));
#12578=CARTESIAN_POINT('',(152.841439669317,6.00000000000012,-50.9277750939513));
#12579=CARTESIAN_POINT('',(156.341316215079,6.0000000000001,-60.2953182171202));
#12580=CARTESIAN_POINT('',(149.279402710447,9.99999999999978,-62.9337715573484));
#12581=CARTESIAN_POINT('',(154.334940579014,16.,-75.2878615687209));
#12582=CARTESIAN_POINT('',(155.406547309155,16.,-77.782348272107));
#12583=CARTESIAN_POINT('',(156.282838724391,15.9999999999953,-80.3607119146749));
#12584=CARTESIAN_POINT('',(157.623468490615,16.0000000000047,-85.6224563993709));
#12585=CARTESIAN_POINT('',(158.087793538048,16.0000000000047,-88.3057850374041));
#12586=CARTESIAN_POINT('',(158.593165711679,15.9999999999953,-93.7120642468595));
#12587=CARTESIAN_POINT('',(158.634207822233,15.9999999999953,-96.4349611812453));
#12588=CARTESIAN_POINT('',(158.313410873639,16.0000000000041,-101.515043067487));
#12589=CARTESIAN_POINT('',(158.001334122012,16.000000000001,-103.875322776472));
#12590=CARTESIAN_POINT('',(157.52999889021,16.0000000000002,-106.20336155945));
#12591=CARTESIAN_POINT('',(158.627032739821,14.,-75.2811351082003));
#12592=CARTESIAN_POINT('',(159.698639469962,14.,-77.7756218115865));
#12593=CARTESIAN_POINT('',(160.574930885199,13.9999999999953,-80.3539854541544));
#12594=CARTESIAN_POINT('',(161.915560651422,14.0000000000047,-85.6157299388504));
#12595=CARTESIAN_POINT('',(162.379885698855,14.0000000000047,-88.2990585768836));
#12596=CARTESIAN_POINT('',(162.885257872486,13.9999999999953,-93.705337786339));
#12597=CARTESIAN_POINT('',(162.926299983041,13.9999999999953,-96.4282347207247));
#12598=CARTESIAN_POINT('',(162.605503034446,14.0000000000041,-101.508316606967));
#12599=CARTESIAN_POINT('',(162.293426282819,14.0000000000011,-103.868596315952));
#12600=CARTESIAN_POINT('',(161.822091051017,14.0000000000002,-106.19663509893));
#12601=CARTESIAN_POINT('',(158.678759455259,13.9758967359041,-75.2810540433731));
#12602=CARTESIAN_POINT('',(159.7503661854,13.9758967359041,-77.7755407467593));
#12603=CARTESIAN_POINT('',(160.626657600637,13.9758967358994,-80.3539043893272));
#12604=CARTESIAN_POINT('',(161.96728736686,13.9758967359089,-85.6156488740232));
#12605=CARTESIAN_POINT('',(162.431612414293,13.9758967359089,-88.2989775120564));
#12606=CARTESIAN_POINT('',(162.936984587924,13.9758967358994,-93.7052567215118));
#12607=CARTESIAN_POINT('',(162.978026698479,13.9758967358994,-96.4281536558976));
#12608=CARTESIAN_POINT('',(162.657229749884,13.9758967359083,-101.50823554214));
#12609=CARTESIAN_POINT('',(162.345152998257,13.9758967359052,-103.868515251125));
#12610=CARTESIAN_POINT('',(161.873817766455,13.9758967359043,-106.196554034103));
#12611=CARTESIAN_POINT('',(161.913802348673,14.0000000206594,-105.73283877027));
#12612=CARTESIAN_POINT('',(161.342060098396,14.2505237809012,-105.910372503886));
#12613=CARTESIAN_POINT('',(160.765737507518,14.5047367629622,-106.065789032144));
#12614=CARTESIAN_POINT('',(160.185432685463,14.7626389668424,-106.199200029381));
#12615=CARTESIAN_POINT('',(161.91380239224,14.,-105.73283877868));
#12616=CARTESIAN_POINT('',(160.185432685463,14.7626389668424,-106.199200029381));
#12617=CARTESIAN_POINT('',(160.185432685456,14.7626389668502,-106.199200029331));
#12618=CARTESIAN_POINT('',(159.300288087353,15.1750926444227,-106.200587206022));
#12619=CARTESIAN_POINT('',(158.41514348925,15.5875463219952,-106.201974382713));
#12620=CARTESIAN_POINT('',(157.529998891147,15.9999999995678,-106.203361559404));
#12621=CARTESIAN_POINT('',(158.627032739821,14.,-75.2811351082003));
#12622=CARTESIAN_POINT('',(159.698639999785,14.,-77.775623044908));
#12623=CARTESIAN_POINT('',(160.574931494841,14.,-80.3539873689885));
#12624=CARTESIAN_POINT('',(161.915561158151,14.,-85.6157324055848));
#12625=CARTESIAN_POINT('',(162.37988602122,14.,-88.2990608980008));
#12626=CARTESIAN_POINT('',(162.885257924197,14.,-93.7053394669326));
#12627=CARTESIAN_POINT('',(162.926299948681,14.,-96.4282358896632));
#12628=CARTESIAN_POINT('',(162.584097514507,14.,-101.847289886299));
#12629=CARTESIAN_POINT('',(162.200856426896,14.,-104.543393672339));
#12630=CARTESIAN_POINT('',(161.597672384319,14.,-107.249192794569));
#12631=CARTESIAN_POINT('',(161.585114536132,14.,-107.305091372023));
#12632=CARTESIAN_POINT('',(161.57246455348,14.,-107.360969091342));
#12633=CARTESIAN_POINT('',(161.918952487085,14.,-105.706121031276));
#12634=CARTESIAN_POINT('',(161.918952487085,14.,-105.706121031276));
#12635=CARTESIAN_POINT('',(161.935572797698,13.9919656938046,-105.709323712323));
#12636=CARTESIAN_POINT('',(161.952196010365,13.9839312710657,-105.712510963823));
#12637=CARTESIAN_POINT('',(161.96882212793,13.9758967358925,-105.7156827813));
#12638=CARTESIAN_POINT('',(161.968822139062,13.9758967512016,-105.715682761726));
#12639=CARTESIAN_POINT('',(161.968822131941,13.9758967359045,-105.71568276035));
#12640=CARTESIAN_POINT('',(161.950483153893,13.9839311641562,-105.721401613438));
#12641=CARTESIAN_POINT('',(161.932143226122,13.9919655924078,-105.727120283518));
#12642=CARTESIAN_POINT('',(161.913802348673,14.0000000206594,-105.73283877027));
#12643=CARTESIAN_POINT('',(142.768521683526,16.,-19.9306388241445));
#12644=CARTESIAN_POINT('',(142.744219684426,16.,-19.9726680362691));
#12645=CARTESIAN_POINT('',(142.719917685325,16.,-20.0146972483938));
#12646=CARTESIAN_POINT('',(142.695615686224,16.,-20.0567264605185));
#12647=CARTESIAN_POINT('',(141.695848027428,16.,-21.7857795656788));
#12648=CARTESIAN_POINT('',(140.696080368584,15.9999999999965,-23.5148326708348));
#12649=CARTESIAN_POINT('',(139.196428880424,16.0000000000017,-26.1084123285906));
#12650=CARTESIAN_POINT('',(138.696545050977,16.,-26.9729388811632));
#12651=CARTESIAN_POINT('',(138.071690264261,16.,-28.0535970718952));
#12652=CARTESIAN_POINT('',(137.946719306909,16.,-28.26972871004));
#12653=CARTESIAN_POINT('',(137.696777392195,16.,-28.7019919863293));
#12654=CARTESIAN_POINT('',(137.569726631723,16.,-28.9169728409693));
#12655=CARTESIAN_POINT('',(137.21043930003,16.,-29.5741343007968));
#12656=CARTESIAN_POINT('',(136.997015294029,16.,-30.0264861562712));
#12657=CARTESIAN_POINT('',(136.439011494006,16.,-31.4165509610253));
#12658=CARTESIAN_POINT('',(136.177503175925,16.,-32.3875489387743));
#12659=CARTESIAN_POINT('',(135.890532469675,16.,-34.3640187065863));
#12660=CARTESIAN_POINT('',(135.86454044502,16.0000000000017,-35.3692988537282));
#12661=CARTESIAN_POINT('',(136.050655789638,15.9999999999983,-37.3577919445817));
#12662=CARTESIAN_POINT('',(136.261793247155,16.,-38.3410171076721));
#12663=CARTESIAN_POINT('',(136.910376093608,16.,-40.2299314860107));
#12664=CARTESIAN_POINT('',(137.347002679107,16.,-41.135784423111));
#12665=CARTESIAN_POINT('',(137.884264292991,16.,-41.9775919781714));
#12666=CARTESIAN_POINT('',(147.060613844334,14.,-19.9239123636239));
#12667=CARTESIAN_POINT('',(147.036311845233,14.,-19.9659415757486));
#12668=CARTESIAN_POINT('',(147.012009846132,14.,-20.0079707878733));
#12669=CARTESIAN_POINT('',(146.987707847031,14.,-20.0499999999979));
#12670=CARTESIAN_POINT('',(145.987940188236,14.,-21.7790531051582));
#12671=CARTESIAN_POINT('',(144.988172529391,13.9999999999966,-23.5081062103143));
#12672=CARTESIAN_POINT('',(143.488521041231,14.0000000000018,-26.1016858680701));
#12673=CARTESIAN_POINT('',(142.988637211784,14.,-26.9662124206427));
#12674=CARTESIAN_POINT('',(142.363782425068,14.,-28.0468706113746));
#12675=CARTESIAN_POINT('',(142.238811467717,14.,-28.2630022495194));
#12676=CARTESIAN_POINT('',(141.988869553002,14.,-28.6952655258088));
#12677=CARTESIAN_POINT('',(141.86181879253,14.,-28.9102463804488));
#12678=CARTESIAN_POINT('',(141.502531460837,14.,-29.5674078402762));
#12679=CARTESIAN_POINT('',(141.289107454836,14.,-30.0197596957507));
#12680=CARTESIAN_POINT('',(140.731103654813,14.,-31.4098245005048));
#12681=CARTESIAN_POINT('',(140.469595336732,14.,-32.3808224782538));
#12682=CARTESIAN_POINT('',(140.182624630482,14.,-34.3572922460657));
#12683=CARTESIAN_POINT('',(140.156632605827,14.0000000000009,-35.3625723932077));
#12684=CARTESIAN_POINT('',(140.342747950445,13.9999999999992,-37.3510654840612));
#12685=CARTESIAN_POINT('',(140.553885407962,14.,-38.3342906471516));
#12686=CARTESIAN_POINT('',(141.202468254415,14.,-40.2232050254902));
#12687=CARTESIAN_POINT('',(141.639094839914,14.,-41.1290579625904));
#12688=CARTESIAN_POINT('',(142.176356453798,14.,-41.9708655176509));
#12689=CARTESIAN_POINT('',(146.987707847031,14.,-20.0499999999979));
#12690=CARTESIAN_POINT('',(146.49311534128,14.,-20.905375446818));
#12691=CARTESIAN_POINT('',(145.504261218755,13.9999999999965,-22.6164795586726));
#12692=CARTESIAN_POINT('',(144.018994700995,14.0000000000007,-25.1810164171208));
#12693=CARTESIAN_POINT('',(142.540676852291,13.9999999999999,-27.7529708582948));
#12694=CARTESIAN_POINT('',(141.036549661275,14.0000000000001,-30.2973742778871));
#12695=CARTESIAN_POINT('',(140.227330615196,14.,-33.2307631591272));
#12696=CARTESIAN_POINT('',(140.118636919104,14.0000000000002,-36.2755178834481));
#12697=CARTESIAN_POINT('',(140.748382035322,14.,-39.2761214158299));
#12698=CARTESIAN_POINT('',(141.627025732582,14.,-41.1101474998427));
#12699=CARTESIAN_POINT('',(142.176356453798,14.,-41.9708655176509));
#12700=CARTESIAN_POINT('',(105.26006321334,4.49927123267501,-25.25));
#12701=CARTESIAN_POINT('',(96.8554238945631,1.65187062597912,-25.25));
#12702=CARTESIAN_POINT('',(97.2358631863697,2.40327627409744,-25.25));
#12703=CARTESIAN_POINT('',(97.6163024781764,3.15468192221576,-25.25));
#12704=CARTESIAN_POINT('',(97.996741769983,3.90608757033407,-25.25));
#12705=CARTESIAN_POINT('',(98.289387379065,4.48409191504047,-25.25));
#12706=CARTESIAN_POINT('',(98.582032988147,5.06209625974687,-25.25));
#12707=CARTESIAN_POINT('',(98.874678597229,5.64010060445326,-25.25));
#12708=CARTESIAN_POINT('',(99.0997906042152,6.08471933115049,-25.25));
#12709=CARTESIAN_POINT('',(99.3249026112014,6.52933805784772,-25.25));
#12710=CARTESIAN_POINT('',(99.5500146181875,6.97395678454495,-25.25));
#12711=CARTESIAN_POINT('',(99.7231777004846,7.31597118969666,-25.25));
#12712=CARTESIAN_POINT('',(99.8963407827816,7.65798559484838,-25.25));
#12713=CARTESIAN_POINT('',(100.069503865079,8.00000000000009,-25.25));
#12714=CARTESIAN_POINT('',(100.35810900224,8.57002400858628,-25.25));
#12715=CARTESIAN_POINT('',(101.077033438288,9.63824552909815,-25.25));
#12716=CARTESIAN_POINT('',(102.514944192589,10.9277934624767,-25.25));
#12717=CARTESIAN_POINT('',(104.224658297934,11.8263472381923,-25.25));
#12718=CARTESIAN_POINT('',(105.476422496727,12.1280688850647,-25.25));
#12719=CARTESIAN_POINT('',(106.111281701813,12.2,-25.25));
#12720=CARTESIAN_POINT('',(106.492197224865,12.2431586689612,-25.25));
#12721=CARTESIAN_POINT('',(106.873112747916,12.2863173379224,-25.25));
#12722=CARTESIAN_POINT('',(107.254028270967,12.3294760068836,-25.25));
#12723=CARTESIAN_POINT('',(107.749218450934,12.3855822765332,-25.25));
#12724=CARTESIAN_POINT('',(108.244408630901,12.4416885461828,-25.25));
#12725=CARTESIAN_POINT('',(108.739598810868,12.4977948158323,-25.25));
#12726=CARTESIAN_POINT('',(109.383346044825,12.5707329663767,-25.25));
#12727=CARTESIAN_POINT('',(110.027093278782,12.6436711169212,-25.25));
#12728=CARTESIAN_POINT('',(110.670840512739,12.7166092674656,-25.25));
#12729=CARTESIAN_POINT('',(111.507711916883,12.8114288631733,-25.25));
#12730=CARTESIAN_POINT('',(112.344583321027,12.9062484588811,-25.25));
#12731=CARTESIAN_POINT('',(113.181454725171,13.0010680545888,-25.25));
#12732=CARTESIAN_POINT('',(100.069503865079,8.00000000000009,-25.25));
#12733=CARTESIAN_POINT('',(100.564186928508,8.97704852231352,-25.25));
#12734=CARTESIAN_POINT('',(101.26892350647,9.84696268768007,-25.25));
#12735=CARTESIAN_POINT('',(102.974405083437,11.2212393757689,-25.25));
#12736=CARTESIAN_POINT('',(103.974490088165,11.724541133904,-25.25));
#12737=CARTESIAN_POINT('',(105.034410966117,12.0000000000027,-25.25));
#12738=CARTESIAN_POINT('',(99.4914744187959,8.00000000000009,-23.9086543732273));
#12739=CARTESIAN_POINT('',(99.9861574822256,8.97704852231352,-23.9086543732273));
#12740=CARTESIAN_POINT('',(100.690894060188,9.84696268768007,-23.9086543732273));
#12741=CARTESIAN_POINT('',(102.396375637154,11.2212393757689,-23.9086543732273));
#12742=CARTESIAN_POINT('',(103.396460641882,11.724541133904,-23.9086543732273));
#12743=CARTESIAN_POINT('',(104.456381519834,12.0000000000027,-23.9086543732273));
#12744=CARTESIAN_POINT('',(98.9134449725131,8.00000000000009,-22.5673087464545));
#12745=CARTESIAN_POINT('',(99.4081280359428,8.97704852231352,-22.5673087464545));
#12746=CARTESIAN_POINT('',(100.112864613905,9.84696268768007,-22.5673087464545));
#12747=CARTESIAN_POINT('',(101.818346190871,11.2212393757689,-22.5673087464545));
#12748=CARTESIAN_POINT('',(102.818431195599,11.724541133904,-22.5673087464546));
#12749=CARTESIAN_POINT('',(103.878352073552,12.0000000000027,-22.5673087464546));
#12750=CARTESIAN_POINT('',(98.3354155262303,8.00000000000009,-21.2259631196818));
#12751=CARTESIAN_POINT('',(98.8300985896601,8.97704852231352,-21.2259631196818));
#12752=CARTESIAN_POINT('',(99.534835167622,9.84696268768007,-21.2259631196818));
#12753=CARTESIAN_POINT('',(101.240316744588,11.2212393757689,-21.2259631196818));
#12754=CARTESIAN_POINT('',(102.240401749317,11.724541133904,-21.2259631196818));
#12755=CARTESIAN_POINT('',(103.300322627269,12.0000000000027,-21.2259631196818));
#12756=CARTESIAN_POINT('',(145.975501020375,25.3372431142293,-19.5484328266942));
#12757=CARTESIAN_POINT('',(145.97164615365,13.6874384352568,-17.08867807125));
#12758=CARTESIAN_POINT('',(145.97319511876,13.6661927779992,-18.0770583623867));
#12759=CARTESIAN_POINT('',(145.97474207508,13.617756091319,-19.0641568626189));
#12760=CARTESIAN_POINT('',(145.976287064025,13.5426890017263,-20.0499999999994));
#12761=CARTESIAN_POINT('',(145.97164615365,13.6874384352568,-17.08867807125));
#12762=CARTESIAN_POINT('',(145.982709762293,20.7191965304854,-24.1482642803686));
#12763=CARTESIAN_POINT('',(145.972137930924,14.,-17.4024765953175));
#12764=CARTESIAN_POINT('',(145.971351242268,14.,-16.9004978502068));
#12765=CARTESIAN_POINT('',(141.889321563394,14.,-28.8674292871));
#12766=CARTESIAN_POINT('',(147.529464437566,14.,-58.249999995764));
#12767=CARTESIAN_POINT('',(147.838392251684,14.,-17.5657526916403));
#12768=CARTESIAN_POINT('',(147.838392251684,14.,-17.5657526916403));
#12769=CARTESIAN_POINT('',(147.79481438031,14.,-18.0638500406861));
#12770=CARTESIAN_POINT('',(148.22356084322,14.,-17.8066021630629));
#12771=CARTESIAN_POINT('',(149.347555174609,14.,-19.6799260496064));
#12772=CARTESIAN_POINT('',(154.779499297891,14.,-82.9670398665566));
#12773=CARTESIAN_POINT('',(147.79481438031,12.0000000000001,-18.0638500406861));
#12774=CARTESIAN_POINT('',(147.79481438031,13.5,-18.0638500406861));
#12775=CARTESIAN_POINT('',(130.963587490289,12.0000000000001,-14.5836688194899));
#12776=CARTESIAN_POINT('',(130.963587490289,13.5,-14.5836688194899));
#12777=CARTESIAN_POINT('',(129.963587490289,13.5,-14.5836688194899));
#12778=CARTESIAN_POINT('',(129.963587490289,12.0000000000001,-14.5836688194899));
#12779=CARTESIAN_POINT('',(129.963587490289,12.0000000000001,-9.99999999999999));
#12780=CARTESIAN_POINT('',(129.963587490289,12.9156074204783,-9.98907380093047));
#12781=CARTESIAN_POINT('',(129.963587490289,13.5,-14.5836688194899));
#12782=CARTESIAN_POINT('',(129.963587490289,13.5,-14.8191618516466));
#12783=CARTESIAN_POINT('',(129.963587490289,13.5866077208686,-15.0418594262872));
#12784=CARTESIAN_POINT('',(129.963587490289,13.7000000000003,-15.2469937775615));
#12785=CARTESIAN_POINT('',(147.428218836467,13.5407679669804,-18.1634201570951));
#12786=CARTESIAN_POINT('',(146.429453066984,13.7,-17.4046076165801));
#12787=CARTESIAN_POINT('',(145.42267170535,13.7,-16.639705227945));
#12788=CARTESIAN_POINT('',(147.212309006908,13.540767966999,-18.4476054274774));
#12789=CARTESIAN_POINT('',(146.213543237434,13.7000000000119,-17.6887928869511));
#12790=CARTESIAN_POINT('',(145.206761875815,13.7,-16.9238904983046));
#12791=CARTESIAN_POINT('',(146.78221755255,13.5407624952286,-19.0143755463612));
#12792=CARTESIAN_POINT('',(145.782752635138,13.6999999999944,-18.2564550789197));
#12793=CARTESIAN_POINT('',(144.775266217531,13.7,-17.4924517362154));
#12794=CARTESIAN_POINT('',(146.126712183075,13.5407871180428,-19.8741318926188));
#12795=CARTESIAN_POINT('',(145.130393065918,13.700000000002,-19.1121975755078));
#12796=CARTESIAN_POINT('',(144.126078726157,13.7000000000002,-18.3441494102595));
#12797=CARTESIAN_POINT('',(145.513762862469,13.5408180493925,-20.6897147552305));
#12798=CARTESIAN_POINT('',(144.502592800752,13.6999999999986,-19.9476467341041));
#12799=CARTESIAN_POINT('',(143.483310198432,13.7000000000001,-19.1996250951617));
#12800=CARTESIAN_POINT('',(145.125516997296,13.5407889971722,-21.233427382111));
#12801=CARTESIAN_POINT('',(144.10161569537,13.7000000000024,-20.5089178410273));
#12802=CARTESIAN_POINT('',(143.069498235806,13.7000000000001,-19.7785944298047));
#12803=CARTESIAN_POINT('',(144.937904389115,13.5407777327718,-21.5045439193015));
#12804=CARTESIAN_POINT('',(143.906683528525,13.7000000000001,-20.7905286950208));
#12805=CARTESIAN_POINT('',(142.86718711918,13.7000000000001,-20.0707834976324));
#12806=CARTESIAN_POINT('',(145.128057325518,13.7000000000001,-17.0274831599929));
#12807=CARTESIAN_POINT('',(145.409012577339,13.7000000000001,-17.0520635594853));
#12808=CARTESIAN_POINT('',(145.690213384436,13.6957340961595,-17.072383243367));
#12809=CARTESIAN_POINT('',(145.971646153651,13.687438435257,-17.0886780712385));
#12810=CARTESIAN_POINT('',(152.841439669313,9.99999999999976,-50.927775093953));
#12811=CARTESIAN_POINT('',(32.2501977006458,12.,-10.));
#12812=CARTESIAN_POINT('',(97.829037467684,11.5000000002933,-9.50000000029332));
#12813=CARTESIAN_POINT('',(97.8155349558346,11.6656206533144,-9.66562065331443));
#12814=CARTESIAN_POINT('',(97.802032443985,11.8312413063355,-9.83124130633553));
#12815=CARTESIAN_POINT('',(97.7885299321356,11.9968619593566,-9.99686195935663));
#12816=CARTESIAN_POINT('',(97.5724601151554,11.8409349706445,-9.99457438495255));
#12817=CARTESIAN_POINT('',(98.0871203896508,12.2071661413556,-9.99458775857729));
#12818=CARTESIAN_POINT('',(98.6019554875663,12.5699957724578,-9.99475142336114));
#12819=CARTESIAN_POINT('',(99.1243758827388,12.9255241887707,-9.99489290849668));
#12820=CARTESIAN_POINT('',(97.8198869745047,11.4934909571086,-9.49999999999999));
#12821=CARTESIAN_POINT('',(98.334368408334,11.8594865253867,-9.49999999999999));
#12822=CARTESIAN_POINT('',(98.8453902940485,12.2182764960679,-9.49999999999999));
#12823=CARTESIAN_POINT('',(99.3654588008194,12.5710124840026,-9.49999999999999));
#12824=CARTESIAN_POINT('',(99.1184575886728,12.9142414097759,-9.9879676272734));
#12825=CARTESIAN_POINT('',(99.0743435500489,12.7133781313799,-9.82531175141794));
#12826=CARTESIAN_POINT('',(99.0302295114251,12.5125148529839,-9.66265587556249));
#12827=CARTESIAN_POINT('',(98.9861154728013,12.3116515745879,-9.49999999970703));
#12828=CARTESIAN_POINT('',(112.963587489721,12.9156074204783,-9.98907380093047));
#12829=CARTESIAN_POINT('',(153.23439246907,6.93588211444564,-26.6003786323938));
#12830=CARTESIAN_POINT('',(153.275046230293,6.63791082772443,-26.6667325998618));
#12831=CARTESIAN_POINT('',(153.311041478298,6.33749222872577,-26.7254493770727));
#12832=CARTESIAN_POINT('',(153.34225683114,6.03516171397013,-26.7763506664255));
#12833=CARTESIAN_POINT('',(153.343610667874,6.02204937919214,-26.7785582991785));
#12834=CARTESIAN_POINT('',(153.344964504608,6.00893704441416,-26.7807659319316));
#12835=CARTESIAN_POINT('',(153.346318341341,5.99582470963618,-26.7829735646847));
#12836=CARTESIAN_POINT('',(153.266395865682,6.83805939095604,-26.1416053391043));
#12837=CARTESIAN_POINT('',(153.305496566012,6.54744593256442,-26.2058786695994));
#12838=CARTESIAN_POINT('',(153.340098376311,6.25453165872892,-26.2627348601209));
#12839=CARTESIAN_POINT('',(153.370095409619,5.9598244802254,-26.312012745182));
#12840=CARTESIAN_POINT('',(153.371396406785,5.94704277610554,-26.3141499694929));
#12841=CARTESIAN_POINT('',(153.372697403952,5.93426107198568,-26.3162871938038));
#12842=CARTESIAN_POINT('',(153.373998401118,5.92147936786582,-26.3184244181148));
#12843=CARTESIAN_POINT('',(153.32277095219,6.66574129091205,-25.3334603659276));
#12844=CARTESIAN_POINT('',(153.359135882212,6.38808890079757,-25.3940685826613));
#12845=CARTESIAN_POINT('',(153.39128310395,6.10839375446232,-25.4476472855822));
#12846=CARTESIAN_POINT('',(153.419134025395,5.82711534559534,-25.4940654880136));
#12847=CARTESIAN_POINT('',(153.420341943842,5.81491605877885,-25.4960786854263));
#12848=CARTESIAN_POINT('',(153.421549862289,5.80271677196236,-25.498091882839));
#12849=CARTESIAN_POINT('',(153.422757780736,5.79051748514587,-25.5001050802516));
#12850=CARTESIAN_POINT('',(153.390754454045,5.9999938265163,-25.7179785186731));
#12851=CARTESIAN_POINT('',(153.364417343251,6.14759307580552,-25.9496095023324));
#12852=CARTESIAN_POINT('',(153.336536724252,6.29804579850687,-26.1875073605621));
#12853=CARTESIAN_POINT('',(153.307094169402,6.45132926522813,-26.4316753076088));
#12854=CARTESIAN_POINT('',(153.272378403442,6.79507399875125,-26.1451120065489));
#12855=CARTESIAN_POINT('',(153.300639428349,6.66545639817111,-25.8934456330292));
#12856=CARTESIAN_POINT('',(153.327937760268,6.53894126244963,-25.6404016715361));
#12857=CARTESIAN_POINT('',(153.354325918077,6.41558344672857,-25.3860519757651));
#12858=CARTESIAN_POINT('',(152.963338519748,7.74614386868769,-25.6314142647739));
#12859=CARTESIAN_POINT('',(153.078726467868,7.43098225762435,-25.8205656997625));
#12860=CARTESIAN_POINT('',(153.185769184002,7.1098471972989,-25.9959935538377));
#12861=CARTESIAN_POINT('',(153.286892771012,6.77466135431235,-26.1616993909468));
#12862=CARTESIAN_POINT('',(152.96458033818,7.74074495600593,-25.621746724565));
#12863=CARTESIAN_POINT('',(153.079848751343,7.42578079873834,-25.8107403065412));
#12864=CARTESIAN_POINT('',(153.186779532175,7.10485302134581,-25.9860205511746));
#12865=CARTESIAN_POINT('',(153.287796907983,6.76988836552841,-26.1515864452777));
#12866=CARTESIAN_POINT('',(153.058243389909,7.33353676466077,-24.8925810952487));
#12867=CARTESIAN_POINT('',(153.164495985131,7.03346538447282,-25.0696687540377));
#12868=CARTESIAN_POINT('',(153.262984145279,6.72817173809619,-25.2338156876953));
#12869=CARTESIAN_POINT('',(153.355990635574,6.40988992795698,-25.3888265049289));
#12870=CARTESIAN_POINT('',(152.96458033818,7.74074495600593,-25.621746724565));
#12871=CARTESIAN_POINT('',(152.995801355423,7.60500889222421,-25.3786915147929));
#12872=CARTESIAN_POINT('',(153.027022372666,7.46927282844249,-25.1356363050208));
#12873=CARTESIAN_POINT('',(153.058243389909,7.33353676466077,-24.8925810952487));
#12874=CARTESIAN_POINT('',(153.058243389892,7.33353676469074,-24.8925810952213));
#12875=CARTESIAN_POINT('',(152.50169671614,8.86648722220708,-23.9650033051897));
#12876=CARTESIAN_POINT('',(151.945150042427,10.3994376797788,-23.037425515225));
#12877=CARTESIAN_POINT('',(151.38860336859,11.9323881371798,-22.1098477250529));
#12878=CARTESIAN_POINT('',(152.964580338182,7.74074495600593,-25.6217467245623));
#12879=CARTESIAN_POINT('',(152.408033664393,9.27369541350163,-24.6941689345181));
#12880=CARTESIAN_POINT('',(151.851486990467,10.8066458710516,-23.7665911446452));
#12881=CARTESIAN_POINT('',(151.294940316832,12.3395963284871,-22.8390133544091));
#12882=CARTESIAN_POINT('',(152.962446975397,7.75001993461503,-25.6383549258678));
#12883=CARTESIAN_POINT('',(152.405900301607,9.28297039211025,-24.7107771358234));
#12884=CARTESIAN_POINT('',(151.849353627676,10.8159208496597,-23.7831993459526));
#12885=CARTESIAN_POINT('',(151.292806954046,12.3488713070961,-22.855621555715));
#12886=CARTESIAN_POINT('',(151.309901298862,12.3008764266699,-22.8787119245386));
#12887=CARTESIAN_POINT('',(151.339454685965,12.1689041511723,-22.6279561311503));
#12888=CARTESIAN_POINT('',(151.369008073067,12.0369318756745,-22.3772003377622));
#12889=CARTESIAN_POINT('',(151.398561460168,11.9049596001766,-22.1264445443744));
#12890=CARTESIAN_POINT('',(149.428632751804,14.0660228518382,-19.7875551447116));
#12891=CARTESIAN_POINT('',(150.052864728278,13.4739505033626,-20.8279417727277));
#12892=CARTESIAN_POINT('',(150.677096704388,12.8818781549828,-21.8683284010156));
#12893=CARTESIAN_POINT('',(151.301328681245,12.2898058064009,-22.90871502874));
#12894=CARTESIAN_POINT('',(149.705780209983,13.5105309389801,-19.3051424593659));
#12895=CARTESIAN_POINT('',(150.330012186487,12.9184585905177,-20.34552908737));
#12896=CARTESIAN_POINT('',(150.954244163023,12.326386242184,-21.3859157154279));
#12897=CARTESIAN_POINT('',(151.578476139484,11.7343138935497,-22.4263023433605));
#12898=CARTESIAN_POINT('',(149.716883161206,13.4999999937513,-19.3236473659341));
#12899=CARTESIAN_POINT('',(149.648981808149,13.6619344566264,-19.5252224652768));
#12900=CARTESIAN_POINT('',(149.581080455092,13.8238689195016,-19.7267975646195));
#12901=CARTESIAN_POINT('',(149.513179102035,13.9858033823767,-19.9283726639621));
#12902=CARTESIAN_POINT('',(151.42662711807,14.,-23.145045957032));
#12903=CARTESIAN_POINT('',(148.652307306131,13.5,-17.5493542854396));
#12904=CARTESIAN_POINT('',(147.79481438031,14.,-18.0638500406861));
#12905=CARTESIAN_POINT('',(147.881970123057,13.5,-17.0676553425944));
#12906=CARTESIAN_POINT('',(142.915769211707,14.,-17.1350789808308));
#12907=CARTESIAN_POINT('',(130.876431747541,13.5,-15.5798635175817));
#12908=CARTESIAN_POINT('',(130.963587490289,14.,-14.5836688194899));
#12909=CARTESIAN_POINT('',(140.756364728133,15.,-107.25));
#12910=CARTESIAN_POINT('',(130.14683499815,15.0000000001789,-107.24387557165));
#12911=CARTESIAN_POINT('',(130.166173397497,15.3323732570362,-106.911513422647));
#12912=CARTESIAN_POINT('',(130.185511796844,15.6647465138934,-106.579151273643));
#12913=CARTESIAN_POINT('',(130.204850196191,15.9971197707507,-106.24678912464));
#12914=CARTESIAN_POINT('',(130.331435926068,16.0344978855298,-106.245395995714));
#12915=CARTESIAN_POINT('',(129.667024633892,15.8467595480219,-106.245281986937));
#12916=CARTESIAN_POINT('',(129.019042439741,15.6464852038782,-106.245411992651));
#12917=CARTESIAN_POINT('',(127.460219421814,15.0185386660093,-106.246329108358));
#12918=CARTESIAN_POINT('',(126.568222600438,14.5600555017146,-106.247263280604));
#12919=CARTESIAN_POINT('',(124.047965100817,12.958234726111,-106.251448408332));
#12920=CARTESIAN_POINT('',(122.574161870604,11.5859233290689,-106.256259970666));
#12921=CARTESIAN_POINT('',(120.208852147963,8.42139600113922,-106.268221721562));
#12922=CARTESIAN_POINT('',(119.31781760643,6.63044653683214,-106.275263859951));
#12923=CARTESIAN_POINT('',(118.297416556047,3.16385911601962,-106.284393943964));
#12924=CARTESIAN_POINT('',(118.068122230554,1.5180525940671,-106.286849703388));
#12925=CARTESIAN_POINT('',(118.080466046684,-0.12840836256603,-106.286773083365));
#12926=CARTESIAN_POINT('',(130.582811502765,15.1219553648622,-107.244127242436));
#12927=CARTESIAN_POINT('',(129.935218130235,14.9444017104849,-107.243753414453));
#12928=CARTESIAN_POINT('',(129.331382823408,14.7664748076353,-107.243404846132));
#12929=CARTESIAN_POINT('',(127.851918519926,14.1960550695204,-107.242550814607));
#12930=CARTESIAN_POINT('',(127.002411372915,13.7764235736864,-107.24206043043));
#12931=CARTESIAN_POINT('',(124.593060528493,12.3000101949655,-107.240669615139));
#12932=CARTESIAN_POINT('',(123.170507848284,11.0229487643681,-107.239848436262));
#12933=CARTESIAN_POINT('',(120.869374437303,8.04554724707885,-107.23852009027));
#12934=CARTESIAN_POINT('',(119.992013797874,6.34575869554491,-107.238013627462));
#12935=CARTESIAN_POINT('',(118.983913662891,3.03504403835159,-107.23743169433));
#12936=CARTESIAN_POINT('',(118.755984113027,1.45630744004039,-107.23730012034));
#12937=CARTESIAN_POINT('',(118.768065013127,-0.123137060437957,-107.237307094128));
#12938=CARTESIAN_POINT('',(174.513277712156,0.448223805464803,-97.1017083071198));
#12939=CARTESIAN_POINT('',(174.501018835841,0.806131964848945,-97.1162866138091));
#12940=CARTESIAN_POINT('',(174.474205414779,1.15966122318145,-97.148160408356));
#12941=CARTESIAN_POINT('',(174.341586626354,2.29343810185267,-97.3047442258795));
#12942=CARTESIAN_POINT('',(174.179859575277,3.04844669215982,-97.4947539549081));
#12943=CARTESIAN_POINT('',(173.54288251337,5.14905759691272,-98.2167555761678));
#12944=CARTESIAN_POINT('',(172.92064859468,6.34939243903255,-98.8904457290504));
#12945=CARTESIAN_POINT('',(172.090868719007,7.51110563774027,-99.6819053981864));
#12946=CARTESIAN_POINT('',(171.994077690452,7.64108931259132,-99.7692894645668));
#12947=CARTESIAN_POINT('',(171.912098741959,7.74777379581824,-99.8493439838907));
#12948=CARTESIAN_POINT('',(174.509246466861,0.447643857759345,-97.1124457085596));
#12949=CARTESIAN_POINT('',(174.497005880304,0.805088904141774,-97.1270028083302));
#12950=CARTESIAN_POINT('',(174.470232393451,1.1581652499693,-97.1588303224525));
#12951=CARTESIAN_POINT('',(174.337803411182,2.29053904275588,-97.315195161607));
#12952=CARTESIAN_POINT('',(174.17629912132,3.04469661112144,-97.5049494676202));
#12953=CARTESIAN_POINT('',(173.540055603073,5.14329112553842,-98.2261271380168));
#12954=CARTESIAN_POINT('',(172.918394672199,6.34290452583611,-98.8992104164574));
#12955=CARTESIAN_POINT('',(172.089144803864,7.50416150994905,-99.6901472316203));
#12956=CARTESIAN_POINT('',(171.992475192696,7.63405807067903,-99.7774382871403));
#12957=CARTESIAN_POINT('',(171.910480359385,7.74074809761336,-99.8574820033632));
#12958=CARTESIAN_POINT('',(173.846391082732,0.352283384506572,-98.8779905553899));
#12959=CARTESIAN_POINT('',(173.837157870771,0.633579021904003,-98.889060613514));
#12960=CARTESIAN_POINT('',(173.816950743256,0.912183220656762,-98.9132782636004));
#12961=CARTESIAN_POINT('',(173.715731479848,1.81384839486491,-99.0336366133541));
#12962=CARTESIAN_POINT('',(173.59085569064,2.42807290662142,-99.181391857392));
#12963=CARTESIAN_POINT('',(173.075228341471,4.19511349835486,-99.7670877533006));
#12964=CARTESIAN_POINT('',(172.547783473191,5.27610062780765,-100.340383010422));
#12965=CARTESIAN_POINT('',(171.805682411715,6.36234250408666,-101.045347242461));
#12966=CARTESIAN_POINT('',(171.72897739279,6.47791493915261,-101.117344574814));
#12967=CARTESIAN_POINT('',(171.644370627998,6.58551651476099,-101.195611943243));
#12968=CARTESIAN_POINT('',(174.507352186696,0.499902320410075,-97.1146983494251));
#12969=CARTESIAN_POINT('',(174.284829583625,0.509525846750084,-97.7050856173692));
#12970=CARTESIAN_POINT('',(174.062499039698,0.509479261331001,-98.2952566674665));
#12971=CARTESIAN_POINT('',(173.84052864038,0.499856645310341,-98.8850164362661));
#12972=CARTESIAN_POINT('',(171.644399321184,6.58564107719005,-101.195467659864));
#12973=CARTESIAN_POINT('',(171.73310019879,6.97070799940795,-100.749436244929));
#12974=CARTESIAN_POINT('',(171.821801076398,7.35577492162581,-100.303404829994));
#12975=CARTESIAN_POINT('',(171.910501954003,7.74084184384374,-99.8573734150598));
#12976=CARTESIAN_POINT('',(171.910228402378,7.74113744096397,-99.857591746123));
#12977=CARTESIAN_POINT('',(170.75817351346,9.23192336212298,-101.000169870346));
#12978=CARTESIAN_POINT('',(169.452081142291,10.8937791494763,-102.046792967805));
#12979=CARTESIAN_POINT('',(168.141010240629,12.5671987323929,-102.905173213678));
#12980=CARTESIAN_POINT('',(171.644494744068,6.58565285365603,-101.195495961714));
#12981=CARTESIAN_POINT('',(170.405086509184,8.12304361199643,-102.342198355387));
#12982=CARTESIAN_POINT('',(169.01268700596,9.8323997634221,-103.379278804654));
#12983=CARTESIAN_POINT('',(167.626621239398,11.5494985558552,-104.218997231425));
#12984=CARTESIAN_POINT('',(167.651422328055,11.5187758987515,-104.203951365942));
#12985=CARTESIAN_POINT('',(167.904258844243,11.739632240123,-103.726670252175));
#12986=CARTESIAN_POINT('',(168.177123746323,11.9500632224908,-103.222125806266));
#12987=CARTESIAN_POINT('',(168.466019290471,12.1524543959607,-102.688454049062));
#12988=CARTESIAN_POINT('',(168.447863435239,12.3139204453577,-102.548126978545));
#12989=CARTESIAN_POINT('',(168.420752758287,12.3265641145452,-102.566760641594));
#12990=CARTESIAN_POINT('',(168.393642081335,12.3392077837327,-102.585394304643));
#12991=CARTESIAN_POINT('',(168.366531404383,12.3518514529202,-102.604027967692));
#12992=CARTESIAN_POINT('',(168.024954370967,12.5111535249498,-102.838800096669));
#12993=CARTESIAN_POINT('',(167.684775316984,12.6697245877073,-103.059490783613));
#12994=CARTESIAN_POINT('',(167.348143908805,12.8267265000291,-103.266461740192));
#12995=CARTESIAN_POINT('',(168.44868943363,12.3066051788708,-102.554480585921));
#12996=CARTESIAN_POINT('',(168.421569042879,12.3192516052202,-102.573116712165));
#12997=CARTESIAN_POINT('',(168.394448652128,12.3318980315696,-102.591752838408));
#12998=CARTESIAN_POINT('',(168.367328261377,12.344544457919,-102.610388964651));
#12999=CARTESIAN_POINT('',(168.025628840359,12.5038812684095,-102.845192128284));
#13000=CARTESIAN_POINT('',(167.68532966722,12.6624868473962,-103.065909154505));
#13001=CARTESIAN_POINT('',(167.34858106361,12.8195228838861,-103.272902239644));
#13002=CARTESIAN_POINT('',(168.585814932711,11.0921844504055,-103.609254531992));
#13003=CARTESIAN_POINT('',(168.557081936438,11.1052885982331,-103.628299577571));
#13004=CARTESIAN_POINT('',(168.528348940166,11.1183927460608,-103.647344623151));
#13005=CARTESIAN_POINT('',(168.499615943893,11.1314968938884,-103.666389668731));
#13006=CARTESIAN_POINT('',(168.137598734016,11.2966006996092,-103.906344952102));
#13007=CARTESIAN_POINT('',(167.777358360739,11.4609363807443,-104.131434609731));
#13008=CARTESIAN_POINT('',(167.421153929902,11.623637432605,-104.342101297523));
#13009=CARTESIAN_POINT('',(167.422412152066,11.6230627239756,-104.341357108781));
#13010=CARTESIAN_POINT('',(167.397963867468,12.0216168421047,-103.985280337719));
#13011=CARTESIAN_POINT('',(167.373529024635,12.4201670462571,-103.629201021102));
#13012=CARTESIAN_POINT('',(167.349107622871,12.8187133365257,-103.273119159931));
#13013=CARTESIAN_POINT('',(167.349165517194,12.8187656048185,-103.273173690857));
#13014=CARTESIAN_POINT('',(166.422133343865,13.2495329388135,-103.843203821952));
#13015=CARTESIAN_POINT('',(165.484789232158,13.6889224620876,-104.335175260032));
#13016=CARTESIAN_POINT('',(164.493008860924,14.1562041099226,-104.772547556583));
#13017=CARTESIAN_POINT('',(167.422237797658,11.621938969354,-104.341947526322));
#13018=CARTESIAN_POINT('',(166.440887554611,12.0719578864732,-104.923772805392));
#13019=CARTESIAN_POINT('',(165.452451945181,12.5246171586911,-105.419876195354));
#13020=CARTESIAN_POINT('',(164.407437451345,13.0084680438562,-105.858437150488));
#13021=CARTESIAN_POINT('',(164.908458645112,13.9606006007647,-104.584657524049));
#13022=CARTESIAN_POINT('',(164.748633170715,13.6491376712268,-105.003501142977));
#13023=CARTESIAN_POINT('',(164.587651971958,13.3288693917144,-105.425392434401));
#13024=CARTESIAN_POINT('',(164.426128268518,12.9997957622274,-105.850601137718));
#13025=CARTESIAN_POINT('',(154.779499297891,14.,-82.9670398665566));
#13026=CARTESIAN_POINT('',(161.507493705949,12.9999551663571,-106.871872035302));
#13027=CARTESIAN_POINT('',(161.661823706476,13.3353178587534,-106.480043763467));
#13028=CARTESIAN_POINT('',(161.815665606423,13.6606317203682,-106.094719536273));
#13029=CARTESIAN_POINT('',(161.968822139062,13.9758967512016,-105.715682761726));
#13030=CARTESIAN_POINT('',(159.918127116126,13.6848633897564,-107.272327425748));
#13031=CARTESIAN_POINT('',(160.55672900358,13.4032467442911,-107.137379325159));
#13032=CARTESIAN_POINT('',(161.182517208422,13.1298500748647,-106.979115565186));
#13033=CARTESIAN_POINT('',(161.809498899031,12.8581770965871,-106.794098327525));
#13034=CARTESIAN_POINT('',(159.920448588469,13.6946633514185,-107.262635771377));
#13035=CARTESIAN_POINT('',(160.558794001836,13.4131406241104,-107.127641910929));
#13036=CARTESIAN_POINT('',(161.184322871427,13.1398352018225,-106.969344677351));
#13037=CARTESIAN_POINT('',(161.811037328682,12.8682528427641,-106.784306095651));
#13038=CARTESIAN_POINT('',(160.174579641995,14.7674629430619,-106.201692554523));
#13039=CARTESIAN_POINT('',(160.784848894872,14.4962214152256,-106.061689372609));
#13040=CARTESIAN_POINT('',(161.381988393143,14.2329047966031,-105.899727790995));
#13041=CARTESIAN_POINT('',(161.979448875497,13.971242503021,-105.712352682106));
#13042=CARTESIAN_POINT('',(160.229988517871,13.554663054756,-107.198267429092));
#13043=CARTESIAN_POINT('',(160.210993554678,13.9587454039565,-106.865074575356));
#13044=CARTESIAN_POINT('',(160.196168072061,14.3614026592354,-106.532014716841));
#13045=CARTESIAN_POINT('',(160.185432812277,14.7626391439077,-106.199200238698));
#13046=CARTESIAN_POINT('',(157.054621268588,15.0242544497936,-107.200412955791));
#13047=CARTESIAN_POINT('',(158.118099154095,14.5287022362296,-107.198746299591));
#13048=CARTESIAN_POINT('',(159.181577039646,14.0331500227614,-107.197079643391));
#13049=CARTESIAN_POINT('',(160.245054925142,13.5375978091716,-107.195412987191));
#13050=CARTESIAN_POINT('',(157.511702720504,16.0085255250959,-106.20339023271));
#13051=CARTESIAN_POINT('',(158.57518060602,15.5129733115502,-106.201723576506));
#13052=CARTESIAN_POINT('',(159.638658491536,15.0174210980052,-106.200056920296));
#13053=CARTESIAN_POINT('',(160.702136377051,14.5218688844583,-106.198390264108));
#13054=CARTESIAN_POINT('',(157.537977632519,15.9964194723529,-106.203234756505));
#13055=CARTESIAN_POINT('',(157.394209232912,15.6642796468497,-106.535600299887));
#13056=CARTESIAN_POINT('',(157.250440833305,15.3321398213466,-106.867965843269));
#13057=CARTESIAN_POINT('',(157.106672433698,14.9999999958435,-107.200331386651));
#13058=CARTESIAN_POINT('',(159.593986988601,15.,-107.196433324734));
#13059=CARTESIAN_POINT('',(2.7609471700562,10.6,-26.363618717206));
#13060=CARTESIAN_POINT('',(155.368981880159,0.499759860279743,-44.1728280883881));
#13061=CARTESIAN_POINT('',(158.266636830922,0.49974080853394,-48.524902255996));
#13062=CARTESIAN_POINT('',(160.774449372923,0.49972331926245,-53.1392554626068));
#13063=CARTESIAN_POINT('',(162.848087905819,0.499708280843877,-57.9364483023599));
#13064=CARTESIAN_POINT('',(154.965695620626,0.,-44.4413550342537));
#13065=CARTESIAN_POINT('',(157.847779313528,0.,-48.7689422508869));
#13066=CARTESIAN_POINT('',(160.342260966926,0.,-53.3576412880208));
#13067=CARTESIAN_POINT('',(162.404806177283,0.,-58.1280615761511));
#13068=CARTESIAN_POINT('',(155.426568314928,0.499682377502604,-44.2595657938036));
#13069=CARTESIAN_POINT('',(155.39402084385,0.461791703389856,-44.2769550763291));
#13070=CARTESIAN_POINT('',(155.361475576201,0.423901026363054,-44.2943482303103));
#13071=CARTESIAN_POINT('',(155.328932512689,0.386010346421712,-44.3117452554102));
#13072=CARTESIAN_POINT('',(162.404382414775,8.90303319414231E-6,-58.1270598010747));
#13073=CARTESIAN_POINT('',(162.55228347335,0.166575363352506,-58.0635207663185));
#13074=CARTESIAN_POINT('',(162.700185303709,0.333141822622722,-57.9999836000748));
#13075=CARTESIAN_POINT('',(162.848087905819,0.499708280843877,-57.9364483023599));
#13076=CARTESIAN_POINT('',(162.848087923488,0.499707717607003,-57.9364482947228));
#13077=CARTESIAN_POINT('',(165.329172055995,0.499707717598858,-63.7119172279091));
#13078=CARTESIAN_POINT('',(167.810256188502,0.499707717575306,-69.4873861610942));
#13079=CARTESIAN_POINT('',(170.291340321008,0.499707717607004,-75.2628550942806));
#13080=CARTESIAN_POINT('',(162.404390870693,0.,-58.1270561449365));
#13081=CARTESIAN_POINT('',(164.885475003109,0.,-63.9025250781614));
#13082=CARTESIAN_POINT('',(167.366559135863,0.,-69.677994011241));
#13083=CARTESIAN_POINT('',(169.847643268213,0.,-75.4534629444941));
#13084=CARTESIAN_POINT('',(169.847643268213,0.,-75.4534629444941));
#13085=CARTESIAN_POINT('',(169.995542285812,0.166569239202335,-75.3899269944229));
#13086=CARTESIAN_POINT('',(170.14344130341,0.333138478404669,-75.3263910443518));
#13087=CARTESIAN_POINT('',(170.291340321008,0.499707717607004,-75.2628550942806));
#13088=CARTESIAN_POINT('',(170.294116751431,0.502834634274586,-75.2616623673268));
#13089=CARTESIAN_POINT('',(173.247214716086,0.502798519541296,-82.1358988674587));
#13090=CARTESIAN_POINT('',(174.69399237737,0.502778591869063,-89.636767429064));
#13091=CARTESIAN_POINT('',(174.510337808543,0.502781191402117,-97.115875746218));
#13092=CARTESIAN_POINT('',(170.291340321008,0.499707717607004,-75.2628550942806));
#13093=CARTESIAN_POINT('',(173.244273163511,0.499671827456019,-82.1366905894166));
#13094=CARTESIAN_POINT('',(174.690970641357,0.499652023705581,-89.637125428736));
#13095=CARTESIAN_POINT('',(174.50732624457,0.499654607073234,-97.1158017950892));
#13096=CARTESIAN_POINT('',(169.847643268214,0.,-75.4534629444942));
#13097=CARTESIAN_POINT('',(172.774188194914,0.,-82.2632144512949));
#13098=CARTESIAN_POINT('',(174.208071681552,0.,-89.6943368027522));
#13099=CARTESIAN_POINT('',(174.026052862704,0.,-97.103983779531));
#13100=CARTESIAN_POINT('',(174.038879553957,0.00944259861942233,-96.9417679983848));
#13101=CARTESIAN_POINT('',(174.195174441931,0.172889213845551,-96.998921813662));
#13102=CARTESIAN_POINT('',(174.351374189995,0.336335845163697,-97.0565663766059));
#13103=CARTESIAN_POINT('',(174.507476512604,0.499782496042485,-97.1147013997136));
#13104=CARTESIAN_POINT('',(173.379566604052,0.,-98.7243382143579));
#13105=CARTESIAN_POINT('',(173.602617541158,0.,-98.1299749849732));
#13106=CARTESIAN_POINT('',(173.82550363584,0.,-97.5362904032583));
#13107=CARTESIAN_POINT('',(174.048677628351,0.,-96.9419774654771));
#13108=CARTESIAN_POINT('',(173.83623622502,0.499856258287804,-98.8964084640323));
#13109=CARTESIAN_POINT('',(174.060090687208,0.499876493038312,-98.3023039590034));
#13110=CARTESIAN_POINT('',(174.28362330779,0.499890787799153,-97.7088294939572));
#13111=CARTESIAN_POINT('',(174.507352186696,0.499902320410075,-97.1146983494251));
#13112=CARTESIAN_POINT('',(173.840739944392,0.499922735099214,-98.8846386337347));
#13113=CARTESIAN_POINT('',(173.702141371716,0.333281823399471,-98.7906288487971));
#13114=CARTESIAN_POINT('',(173.563745125606,0.166640911699729,-98.6963505615926));
#13115=CARTESIAN_POINT('',(173.425552005902,-1.38777878078138E-14,-98.6018043977097));
#13116=CARTESIAN_POINT('',(154.779499297891,0.,-82.9670398665566));
#13117=CARTESIAN_POINT('',(154.028378486706,4.66725229278093,-43.4142349300692));
#13118=CARTESIAN_POINT('',(154.836488574944,3.4544305103047,-43.9409263642158));
#13119=CARTESIAN_POINT('',(155.392013094693,1.95473300611469,-44.2669903757054));
#13120=CARTESIAN_POINT('',(155.431246325069,0.36048364046263,-44.2598173631705));
#13121=CARTESIAN_POINT('',(153.916922230462,4.61734196073873,-43.4724773187869));
#13122=CARTESIAN_POINT('',(154.730359655962,3.42243816557309,-43.9956318153922));
#13123=CARTESIAN_POINT('',(155.290914372855,1.93817409604633,-44.3186128228645));
#13124=CARTESIAN_POINT('',(155.32967630983,0.35791308363123,-44.3116566074984));
#13125=CARTESIAN_POINT('',(154.464786046245,3.93691984678396,-43.6949498669675));
#13126=CARTESIAN_POINT('',(154.438279450711,3.93208142809741,-43.7061866738703));
#13127=CARTESIAN_POINT('',(154.411759400619,3.92720498009981,-43.7174281113465));
#13128=CARTESIAN_POINT('',(154.385225878742,3.92229045226072,-43.7286742028668));
#13129=CARTESIAN_POINT('',(153.284035342019,5.13119945788806,-42.8042677572175));
#13130=CARTESIAN_POINT('',(152.943149785878,5.46196307827148,-42.5272492174247));
#13131=CARTESIAN_POINT('',(152.590335677795,5.7779619544473,-42.2545213785396));
#13132=CARTESIAN_POINT('',(152.226397625702,6.07847500185339,-41.975173862033));
#13133=CARTESIAN_POINT('',(152.11357545198,6.17163518404698,-41.8885750745338));
#13134=CARTESIAN_POINT('',(152.000753278258,6.26479536624057,-41.8019762870345));
#13135=CARTESIAN_POINT('',(151.887931104536,6.35795554843415,-41.7153774995352));
#13136=CARTESIAN_POINT('',(153.28447178339,5.1314262541221,-42.8040091866875));
#13137=CARTESIAN_POINT('',(152.943611697366,5.46222111844834,-42.5269762186643));
#13138=CARTESIAN_POINT('',(152.590827662302,5.77825834183094,-42.2542302691018));
#13139=CARTESIAN_POINT('',(152.226910873219,6.07880862984236,-41.9748729853515));
#13140=CARTESIAN_POINT('',(152.11409529111,6.17198035676456,-41.8882711699697));
#13141=CARTESIAN_POINT('',(152.001279709002,6.26515208368675,-41.8016693545879));
#13142=CARTESIAN_POINT('',(151.888464126893,6.35832381060895,-41.7150675392061));
#13143=CARTESIAN_POINT('',(153.371760057626,5.17678550092954,-42.752295080682));
#13144=CARTESIAN_POINT('',(153.03599399508,5.51382915382022,-42.4723764665845));
#13145=CARTESIAN_POINT('',(152.689224563634,5.83753581855942,-42.1960083815289));
#13146=CARTESIAN_POINT('',(152.329560376473,6.14553422763509,-41.9146976490446));
#13147=CARTESIAN_POINT('',(152.218063117057,6.24101490027972,-41.8274902571611));
#13148=CARTESIAN_POINT('',(152.106565857642,6.33649557292436,-41.7402828652776));
#13149=CARTESIAN_POINT('',(151.995068598226,6.43197624556899,-41.6530754733941));
#13150=CARTESIAN_POINT('',(153.372196498997,5.17701229716357,-42.752036510152));
#13151=CARTESIAN_POINT('',(153.036455906569,5.51408719399708,-42.4721034678241));
#13152=CARTESIAN_POINT('',(152.689716548141,5.83783220594307,-42.195717272091));
#13153=CARTESIAN_POINT('',(152.330073623989,6.14586785562405,-41.9143967723631));
#13154=CARTESIAN_POINT('',(152.218582956187,6.2413600729973,-41.8271863525971));
#13155=CARTESIAN_POINT('',(152.107092288385,6.33685229037055,-41.739975932831));
#13156=CARTESIAN_POINT('',(151.995601620583,6.43234450774379,-41.652765513065));
#13157=CARTESIAN_POINT('',(151.992556196419,6.43024044116657,-41.6545364719451));
#13158=CARTESIAN_POINT('',(151.982792857943,6.3849340997976,-41.6942069705499));
#13159=CARTESIAN_POINT('',(151.973317306368,6.34013179612743,-41.7337452731559));
#13160=CARTESIAN_POINT('',(151.964129541695,6.29583353015607,-41.7731513797628));
#13161=CARTESIAN_POINT('',(153.284460024763,5.13142014376557,-42.8040161531088));
#13162=CARTESIAN_POINT('',(153.313562062755,5.14654298283449,-42.7867745947109));
#13163=CARTESIAN_POINT('',(153.342664100746,5.16166582190337,-42.7695330363132));
#13164=CARTESIAN_POINT('',(153.371766138738,5.17678866097229,-42.7522914779153));
#13165=CARTESIAN_POINT('',(154.400584734049,3.90233525071368,-43.7417785926764));
#13166=CARTESIAN_POINT('',(154.079281155845,4.32109453222535,-43.4676651420948));
#13167=CARTESIAN_POINT('',(153.736301728771,4.68598705243892,-43.1732599521111));
#13168=CARTESIAN_POINT('',(153.349260959904,5.06827881885931,-42.856749422322));
#13169=CARTESIAN_POINT('',(153.316928017856,5.09995974121349,-42.8304266152735));
#13170=CARTESIAN_POINT('',(153.284482695605,5.13149849108583,-42.8041228319919));
#13171=CARTESIAN_POINT('',(154.472170893322,3.92909660138434,-43.6997312851391));
#13172=CARTESIAN_POINT('',(154.155424788289,4.3528687544108,-43.4227246114652));
#13173=CARTESIAN_POINT('',(153.816908635246,4.72310589034425,-43.1254672829877));
#13174=CARTESIAN_POINT('',(153.435591873229,5.11244408970486,-42.8055943810985));
#13175=CARTESIAN_POINT('',(153.403743041251,5.14472192897537,-42.7789875661279));
#13176=CARTESIAN_POINT('',(153.371787692432,5.17686713625558,-42.752396988386));
#13177=CARTESIAN_POINT('',(153.696284536066,6.45132926502659,-25.7585881094976));
#13178=CARTESIAN_POINT('',(153.390038268197,6.45132926502607,-26.288227226886));
#13179=CARTESIAN_POINT('',(153.083796214974,6.45132926503386,-26.8178590552285));
#13180=CARTESIAN_POINT('',(152.327158908909,6.45132926503534,-28.1264291735063));
#13181=CARTESIAN_POINT('',(151.84623378572,6.45087162656347,-28.8923216816426));
#13182=CARTESIAN_POINT('',(150.662914672946,6.44176480495351,-31.3759954265856));
#13183=CARTESIAN_POINT('',(150.241361264107,6.43834554659661,-33.1985969366707));
#13184=CARTESIAN_POINT('',(150.201321957458,6.43798171903576,-36.8623296569491));
#13185=CARTESIAN_POINT('',(150.586116929724,6.44107721608826,-38.6986863123762));
#13186=CARTESIAN_POINT('',(151.523912783039,6.44826278053021,-40.7815850036041));
#13187=CARTESIAN_POINT('',(151.736571445247,6.44988013113607,-41.1929489909194));
#13188=CARTESIAN_POINT('',(152.201876695702,6.45339167662274,-41.9835340684239));
#13189=CARTESIAN_POINT('',(152.44961875873,6.45332626716336,-42.3561330517467));
#13190=CARTESIAN_POINT('',(153.021790608131,6.45332626720839,-43.2526396564989));
#13191=CARTESIAN_POINT('',(153.350542437764,6.45332626742448,-43.7677439682426));
#13192=CARTESIAN_POINT('',(153.679553907098,6.45332626740673,-44.2832550958603));
#13193=CARTESIAN_POINT('',(153.44971467438,6.00000000000009,-25.6160172580796));
#13194=CARTESIAN_POINT('',(153.143468406513,6.00000000000009,-26.1456563754695));
#13195=CARTESIAN_POINT('',(152.837226353311,6.00000000000009,-26.6752882038249));
#13196=CARTESIAN_POINT('',(152.080589047225,6.00000000000009,-27.9838583220883));
#13197=CARTESIAN_POINT('',(151.598972014338,6.00000000000009,-28.7516589868349));
#13198=CARTESIAN_POINT('',(150.406083508949,6.00000000000009,-31.2978297128633));
#13199=CARTESIAN_POINT('',(149.982318277923,6.00000000000009,-33.1580363215311));
#13200=CARTESIAN_POINT('',(149.942112428135,6.00000000000009,-36.8971982286234));
#13201=CARTESIAN_POINT('',(150.328997748242,6.00000000000009,-38.7712303862338));
#13202=CARTESIAN_POINT('',(151.274265499262,6.00000000000009,-40.9053870818562));
#13203=CARTESIAN_POINT('',(151.48870237213,6.00000000000009,-41.327348693568));
#13204=CARTESIAN_POINT('',(151.958237450119,6.00000000000009,-42.1396201650238));
#13205=CARTESIAN_POINT('',(152.205954703915,6.00000000000009,-42.5116452500714));
#13206=CARTESIAN_POINT('',(152.778126553207,6.00000000000009,-43.4081518547989));
#13207=CARTESIAN_POINT('',(153.106878383869,6.00000000000009,-43.9232561659335));
#13208=CARTESIAN_POINT('',(153.435889853182,6.00000000000009,-44.4387672935804));
#13209=CARTESIAN_POINT('',(147.529464437567,29.5929150949363,-58.249999995764));
#13210=CARTESIAN_POINT('',(147.529464437566,12.,-58.249999995764));
#13211=CARTESIAN_POINT('',(147.529464437566,12.,-59.999999995764));
#13212=CARTESIAN_POINT('',(147.529464437566,12.,-58.249999995764));
#13213=CARTESIAN_POINT('',(147.529464437566,12.,-58.249999995764));
#13214=CARTESIAN_POINT('',(151.779464432097,12.,-58.249999995764));
#13215=CARTESIAN_POINT('',(147.27946442872,12.,-58.4999999999988));
#13216=CARTESIAN_POINT('',(0.,0.,0.));
#13217=MECHANICAL_DESIGN_GEOMETRIC_PRESENTATION_REPRESENTATION('',(#5272),
#13218);
#13218=(
GEOMETRIC_REPRESENTATION_CONTEXT(3)
GLOBAL_UNCERTAINTY_ASSIGNED_CONTEXT((#13220))
GLOBAL_UNIT_ASSIGNED_CONTEXT((#13224,#13223,#13222))
REPRESENTATION_CONTEXT('CZ82_standardGrip_34mm_001',
'TOP_LEVEL_ASSEMBLY_PART')
);
#13219=(
GEOMETRIC_REPRESENTATION_CONTEXT(3)
GLOBAL_UNCERTAINTY_ASSIGNED_CONTEXT((#13221))
GLOBAL_UNIT_ASSIGNED_CONTEXT((#13224,#13223,#13222))
REPRESENTATION_CONTEXT('CZ82_standardGripRight_NATO_bebop',
'COMPONENT_PART')
);
#13220=UNCERTAINTY_MEASURE_WITH_UNIT(LENGTH_MEASURE(0.005),#13224,
'DISTANCE_ACCURACY_VALUE','Maximum Tolerance applied to model');
#13221=UNCERTAINTY_MEASURE_WITH_UNIT(LENGTH_MEASURE(0.005),#13224,
'DISTANCE_ACCURACY_VALUE','Maximum Tolerance applied to model');
#13222=(
NAMED_UNIT(*)
SI_UNIT($,.STERADIAN.)
SOLID_ANGLE_UNIT()
);
#13223=(
NAMED_UNIT(*)
PLANE_ANGLE_UNIT()
SI_UNIT($,.RADIAN.)
);
#13224=(
LENGTH_UNIT()
NAMED_UNIT(*)
SI_UNIT(.MILLI.,.METRE.)
);
#13225=PRODUCT_DEFINITION_SHAPE('','',#13228);
#13226=PRODUCT_DEFINITION_SHAPE('','',#13229);
#13227=PRODUCT_DEFINITION_SHAPE(' ','NAUO PRDDFN',#19);
#13228=PRODUCT_DEFINITION('','',#13232,#13230);
#13229=PRODUCT_DEFINITION('','',#13233,#13231);
#13230=PRODUCT_DEFINITION_CONTEXT('',#13243,'design');
#13231=PRODUCT_DEFINITION_CONTEXT('',#13243,'design');
#13232=PRODUCT_DEFINITION_FORMATION_WITH_SPECIFIED_SOURCE('','',#13236,
 .NOT_KNOWN.);
#13233=PRODUCT_DEFINITION_FORMATION_WITH_SPECIFIED_SOURCE('','',#13237,
 .NOT_KNOWN.);
#13234=PRODUCT_RELATED_PRODUCT_CATEGORY('','',(#13236));
#13235=PRODUCT_RELATED_PRODUCT_CATEGORY('','',(#13237));
#13236=PRODUCT('CZ82_standardGrip_34mm_001',
'CZ82_standardGrip_34mm_001','CZ82_standardGrip_34mm_001',(#13240));
#13237=PRODUCT('CZ82_standardGripRight_NATO_bebop',
'CZ82_standardGripRight_NATO_bebop','CZ82_standardGripRight_NATO_bebop',
(#13241));
#13238=PRODUCT_CATEGORY('','');
#13239=PRODUCT_CATEGORY('','');
#13240=PRODUCT_CONTEXT('',#13243,'mechanical');
#13241=PRODUCT_CONTEXT('',#13243,'mechanical');
#13242=APPLICATION_PROTOCOL_DEFINITION('international standard',
'automotive_design',2010,#13243);
#13243=APPLICATION_CONTEXT(
'core data for automotive mechanical design processes');
ENDSEC;
END-ISO-10303-21;
